method,customer_count,vehicle_count,dynamic_rate,instance_id,cost,qos_percent,served_customers,unserved_customers,solve_time_s,planning_time_s,initial_planning_time_s,online_replanning_time_s,active_online_replanning_time_s,online_replanning_calls,active_online_replanning_calls,planning_calls,final_completion_minute,vehicles_used,vehicle_customer_counts,environment
OR-Tools,20,4,0.1,1,9.34966116315797,100.0,20,0,3.0419563,3.0410539,1.0198080999999999,2.0212458,2.0212151999999994,10,4,11,539.6824932455071,4,5;6;4;5,paper_multivehicle_v2
OR-Tools,20,4,0.1,2,9.95347427306931,100.0,20,0,3.0438663999999998,3.0427989999999974,1.0183503,2.0244486999999975,2.0244059999999977,10,6,11,578.1121806912882,4,6;5;5;4,paper_multivehicle_v2
OR-Tools,20,4,0.1,3,8.827412451091881,100.0,20,0,3.790451,3.789344700000001,1.0168576999999999,2.7724870000000013,2.77242,10,4,11,572.7631392310545,4,4;6;5;5,paper_multivehicle_v2
OR-Tools,20,4,0.1,4,8.620873640487357,100.0,20,0,4.0436168,4.0426021,1.0165327000000002,3.0260694,3.0260126000000005,10,4,11,580.568384694197,4,6;5;5;4,paper_multivehicle_v2
OR-Tools,20,4,0.1,5,8.670200934084722,100.0,20,0,3.0353993999999993,3.0344974,1.0179862000000002,2.0165111999999996,2.0164679,10,4,11,626.9131078577122,4,5;4;5;6,paper_multivehicle_v2
OR-Tools,20,4,0.1,6,10.06626979449904,100.0,20,0,4.0628171,4.061652400000001,1.0326188,3.029033600000001,3.028973100000001,10,5,11,574.9210198006742,4,6;4;5;5,paper_multivehicle_v2
OR-Tools,20,4,0.1,7,8.450978032176462,100.0,20,0,3.5427618,3.5416348000000015,1.0173685,2.5242663000000016,2.5241972000000006,10,4,11,552.691127381545,4,5;5;5;5,paper_multivehicle_v2
OR-Tools,20,4,0.1,8,7.82957523157695,100.0,20,0,2.5424814,2.5414386,1.0222817000000002,1.5191569,1.5190769,10,3,11,547.4166151627327,4,5;5;4;6,paper_multivehicle_v2
OR-Tools,20,4,0.1,9,9.068536955789417,100.0,20,0,3.2958941000000004,3.2947171999999996,1.0193911,2.2753260999999996,2.2752589000000003,10,4,11,548.5930025585701,4,5;5;5;5,paper_multivehicle_v2
OR-Tools,20,4,0.1,10,10.686535550954238,100.0,20,0,3.7930972,3.792034399999998,1.0170095000000001,2.7750248999999982,2.7749705999999996,10,5,11,570.4709898254683,4,5;5;5;5,paper_multivehicle_v2
OR-Tools,20,4,0.1,11,9.036333072168516,100.0,20,0,3.3172350999999995,3.3160469999999993,1.0451878,2.2708591999999994,2.2708078999999994,10,6,11,563.9827560572969,4,6;4;6;4,paper_multivehicle_v2
OR-Tools,20,4,0.1,12,9.655530341104184,100.0,20,0,3.7091201,3.707618299999999,1.0179488,2.689669499999999,2.6895446000000005,10,5,11,590.5350623105628,4,5;5;5;5,paper_multivehicle_v2
OR-Tools,20,4,0.1,13,8.989825207692206,100.0,20,0,3.8627086000000004,3.861720500000001,1.0083473,2.853373200000001,2.853330100000001,10,6,11,580.7756131686542,4,6;4;6;4,paper_multivehicle_v2
OR-Tools,20,4,0.1,14,8.855451409281521,100.0,20,0,3.0324160000000004,3.0314249999999987,1.0081935,2.0232314999999987,2.0231687000000003,10,5,11,578.6002028395479,4,5;5;5;5,paper_multivehicle_v2
OR-Tools,20,4,0.1,15,10.096535876151538,100.0,20,0,3.1943578000000006,3.1935022,1.0064997999999994,2.187002400000001,2.1869494000000005,10,5,11,578.488578017961,4,7;3;6;4,paper_multivehicle_v2
OR-Tools,20,4,0.1,16,10.026896711628698,100.0,20,0,3.1222664,3.1211822000000007,1.0093022000000005,2.11188,2.111806800000001,10,5,11,548.2495421230062,4,5;5;4;6,paper_multivehicle_v2
OR-Tools,20,4,0.1,17,7.69718973121323,100.0,20,0,2.7788923,2.7781607999999993,1.0081447,1.7700160999999994,1.7699844999999987,10,5,11,534.644304369257,4,6;5;4;5,paper_multivehicle_v2
OR-Tools,20,4,0.1,18,7.895132207662188,100.0,20,0,2.7779854999999998,2.7771562000000003,1.0082804000000003,1.7688758,1.7688425999999993,10,4,11,540.4152298679728,4,5;5;5;5,paper_multivehicle_v2
OR-Tools,20,4,0.1,19,10.074600793034131,100.0,20,0,2.7781785,2.777366200000002,1.0076007000000002,1.7697655000000019,1.7697432000000015,10,7,11,584.9231455295574,4,6;6;3;5,paper_multivehicle_v2
OR-Tools,20,4,0.1,20,9.110319206235873,100.0,20,0,3.2833303000000003,3.2825916,1.0115857000000004,2.2710058999999996,2.270976000000002,10,4,11,545.3069674690228,4,5;5;6;4,paper_multivehicle_v2
OR-Tools,20,4,0.25,1,10.666825730400005,100.0,20,0,3.0479317,3.0466886000000004,1.0168146,2.0298740000000004,2.0298449000000014,10,8,11,584.0096149401583,4,6;6;5;3,paper_multivehicle_v2
OR-Tools,20,4,0.25,2,9.92254804023635,100.0,20,0,2.7878914999999997,2.7866236,1.0154865999999998,1.771137,1.7710949999999999,10,7,11,633.883409056061,4,5;6;5;4,paper_multivehicle_v2
OR-Tools,20,4,0.25,3,8.876269096154953,100.0,20,0,2.70917,2.7079310999999997,1.0187654,1.6891656999999998,1.6891281999999999,10,7,11,563.0149227794317,4,6;5;6;3,paper_multivehicle_v2
OR-Tools,20,4,0.25,4,8.141541200127895,100.0,20,0,2.2865456999999996,2.2855697,1.0161715999999998,1.2693981,1.2693347000000004,10,5,11,559.5110055275369,4,6;4;5;5,paper_multivehicle_v2
OR-Tools,20,4,0.25,5,9.772110801470545,100.0,20,0,3.5411427,3.540123400000001,1.0159600000000002,2.524163400000001,2.5241286,10,6,11,568.9161256528644,4,7;5;4;4,paper_multivehicle_v2
OR-Tools,20,4,0.25,6,8.865333290675522,100.0,20,0,2.1201708999999997,2.1189454999999997,1.0143132,1.1046322999999996,1.1045648999999997,10,6,11,545.2597773317981,4,6;5;5;4,paper_multivehicle_v2
OR-Tools,20,4,0.25,7,8.768199954735678,100.0,20,0,3.3730493,3.3721974000000006,1.0162939,2.3559035000000006,2.3558741,10,6,11,588.3005078473781,4,5;5;5;5,paper_multivehicle_v2
OR-Tools,20,4,0.25,8,7.569800621867493,100.0,20,0,2.7882152,2.7871932999999998,1.0155314999999998,1.7716618,1.7716089,10,5,11,562.8424967760689,4,7;5;4;4,paper_multivehicle_v2
OR-Tools,20,4,0.25,9,8.635658104071311,100.0,20,0,2.8789805,2.8777692,1.0175043,1.8602648999999998,1.8601999,10,5,11,610.3024644158521,4,6;4;5;5,paper_multivehicle_v2
OR-Tools,20,4,0.25,10,10.16449149070782,100.0,20,0,2.8724472,2.8715784999999996,1.0176319000000003,1.8539465999999991,1.8539160999999993,10,6,11,582.8476347224546,4,6;5;5;4,paper_multivehicle_v2
OR-Tools,20,4,0.25,11,9.126904843196579,100.0,20,0,3.0369202,3.0361389000000014,1.0172861000000002,2.0188528000000012,2.018821,10,5,11,567.2009174263666,4,6;5;4;5,paper_multivehicle_v2
OR-Tools,20,4,0.25,12,9.74140850962701,100.0,20,0,2.7886172,2.7877705999999995,1.0151104,1.7726601999999998,1.7726349999999997,10,6,11,536.8858506133116,4,5;5;5;5,paper_multivehicle_v2
OR-Tools,20,4,0.25,13,10.96867277302978,100.0,20,0,2.5352311999999997,2.5340276000000013,1.0075971000000004,1.526430500000001,1.5263956000000007,10,8,11,620.9627110381722,4,6;6;4;4,paper_multivehicle_v2
OR-Tools,20,4,0.25,14,9.96922391639957,100.0,20,0,2.6167887999999997,2.615711299999999,1.0058093999999995,1.6099018999999997,1.6098192999999998,10,5,11,597.3612245507528,4,6;4;5;5,paper_multivehicle_v2
OR-Tools,20,4,0.25,15,10.291454948021757,100.0,20,0,3.1203986,3.1192814999999983,1.0084462999999997,2.1108351999999986,2.1107917999999994,10,6,11,582.0870194479278,4,5;4;5;6,paper_multivehicle_v2
OR-Tools,20,4,0.25,16,8.401496216448502,100.0,20,0,2.7807312,2.7795820999999994,1.0074260999999995,1.7721559999999998,1.7721019999999994,10,6,11,619.882724956778,4,8;4;4;4,paper_multivehicle_v2
OR-Tools,20,4,0.25,17,10.133985849835087,100.0,20,0,4.0360025,4.035043100000001,1.0071029,3.0279402000000015,3.027919100000001,10,6,11,573.6482781475453,4,5;6;5;4,paper_multivehicle_v2
OR-Tools,20,4,0.25,18,6.4675774320330985,100.0,20,0,2.2806867000000004,2.279824299999999,1.0094673999999997,1.2703568999999995,1.2702941,10,4,11,526.518813398452,4,5;4;6;5,paper_multivehicle_v2
OR-Tools,20,4,0.25,19,10.148076382894743,100.0,20,0,2.0305767999999995,2.0293928999999995,1.0062344000000003,1.0231584999999992,1.023093799999999,10,6,11,572.913938674453,4,5;7;4;4,paper_multivehicle_v2
OR-Tools,20,4,0.25,20,9.301677259244638,100.0,20,0,3.5305681,3.5296659999999997,1.0085954,2.5210706,2.5210387999999995,10,5,11,553.5527021937331,4,5;6;5;4,paper_multivehicle_v2
OR-Tools,20,4,0.5,1,11.702566543253052,100.0,20,0,1.0527422,1.0511802000000003,1.0143925,0.03678770000000031,0.036768400000000145,10,9,11,668.5913314867136,4,5;7;6;2,paper_multivehicle_v2
OR-Tools,20,4,0.5,2,11.072771661615684,100.0,20,0,1.9615168,1.9603069999999996,1.0168199000000002,0.9434870999999994,0.9434394999999995,10,7,11,584.7377677822093,4,5;6;4;5,paper_multivehicle_v2
OR-Tools,20,4,0.5,3,11.386140485686006,100.0,20,0,0.5463142,0.5446709999999997,0.5144526,0.030218399999999646,0.030201999999999618,10,9,11,624.4470598345904,4,6;6;4;4,paper_multivehicle_v2
OR-Tools,20,4,0.5,4,15.157121999586227,100.0,20,0,2.0407958,2.0394788000000004,1.0155205999999999,1.0239582000000003,1.0239261000000004,10,8,11,666.5550593604108,4,6;6;4;4,paper_multivehicle_v2
OR-Tools,20,4,0.5,5,10.104113487476951,100.0,20,0,2.2918982999999997,2.2907122,1.0148510000000002,1.2758612,1.2758165,10,7,11,556.6875291525814,4,6;5;4;5,paper_multivehicle_v2
OR-Tools,20,4,0.5,6,13.932958546631735,100.0,20,0,1.0492501,1.0478734999999992,0.7656948,0.28217869999999934,0.28216159999999935,10,9,11,675.5841274507474,4,6;5;4;5,paper_multivehicle_v2
OR-Tools,20,4,0.5,7,11.992689202495301,100.0,20,0,3.0423980999999998,3.0414455,1.0151980999999999,2.0262474,2.0262263,10,7,11,636.2138305535568,4,6;6;4;4,paper_multivehicle_v2
OR-Tools,20,4,0.5,8,10.189611277891697,100.0,20,0,2.2972704,2.2960455000000004,1.0179833,1.2780622000000001,1.2780198000000003,10,7,11,561.344944526381,4,5;6;5;4,paper_multivehicle_v2
OR-Tools,20,4,0.5,9,11.795837957326771,100.0,20,0,2.294357,2.2932175000000004,1.0174744,1.2757431000000004,1.2756985000000005,10,7,11,592.0714058089752,4,6;6;4;4,paper_multivehicle_v2
OR-Tools,20,4,0.5,10,9.754293909446343,100.0,20,0,1.5382991000000001,1.5370662,1.0152734,0.5217927999999998,0.5217593999999999,10,7,11,598.8026083800489,4,5;6;6;3,paper_multivehicle_v2
OR-Tools,20,4,0.5,11,8.883535748830425,100.0,20,0,2.4579528,2.4565895,1.0165926,1.4399969000000004,1.4399594000000009,10,8,11,565.4045294630758,4,7;4;5;4,paper_multivehicle_v2
OR-Tools,20,4,0.5,12,12.675707788111326,100.0,20,0,1.0453826999999998,1.0438709999999998,1.0164127,0.027458299999999713,0.027438799999999652,10,9,11,645.7789115320743,4,6;6;4;4,paper_multivehicle_v2
OR-Tools,20,4,0.5,13,10.07177014586819,100.0,20,0,1.7797235000000002,1.7788682999999998,1.0093161000000002,0.7695521999999997,0.7695273999999994,10,7,11,609.62629450682,4,6;5;5;4,paper_multivehicle_v2
OR-Tools,20,4,0.5,14,10.399151118897857,100.0,20,0,2.2793037000000003,2.2783726000000004,1.0090868999999998,1.2692857000000006,1.2692676999999999,10,8,11,595.2415260584041,4,7;6;4;3,paper_multivehicle_v2
OR-Tools,20,4,0.5,15,9.912004724925502,100.0,20,0,1.3660476000000001,1.3649391999999991,1.007753,0.35718619999999923,0.35715519999999934,10,8,11,585.2821849170116,4,6;5;5;4,paper_multivehicle_v2
OR-Tools,20,4,0.5,16,10.884309074428508,100.0,20,0,1.0291348999999999,1.0279425000000006,1.0076323000000003,0.02031020000000039,0.020276799999999984,10,8,11,599.0774886491761,4,6;5;5;4,paper_multivehicle_v2
OR-Tools,20,4,0.5,17,10.6826302218329,100.0,20,0,2.7810629000000002,2.7801362,1.0079460999999998,1.7721901,1.7721629999999995,10,7,11,659.9404631016228,4,6;4;5;5,paper_multivehicle_v2
OR-Tools,20,4,0.5,18,12.02005495810264,100.0,20,0,1.2772373000000004,1.2763117999999993,1.0048532999999997,0.2714584999999996,0.2714477999999989,10,9,11,643.4240926127619,4,7;5;4;4,paper_multivehicle_v2
OR-Tools,20,4,0.5,19,9.425146884812388,100.0,20,0,1.3602705999999998,1.3593073999999987,1.0057323,0.3535750999999987,0.3535485999999999,10,8,11,564.546739506193,4,6;6;5;3,paper_multivehicle_v2
OR-Tools,20,4,0.5,20,9.087321491177459,100.0,20,0,1.0200980999999998,1.0194525999999997,1.0069766000000002,0.012475999999999487,0.012456199999999473,10,8,11,547.6017751246222,4,5;7;5;3,paper_multivehicle_v2
OR-Tools,20,4,0.75,1,11.118095704206725,100.0,20,0,1.2971262000000001,1.2959037,1.0225874000000001,0.27331629999999985,0.27328829999999993,10,8,11,584.2120425165625,4,6;6;6;2,paper_multivehicle_v2
OR-Tools,20,4,0.75,2,12.034253939977804,95.0,19,1,0.7921729,0.7909652,0.7687881000000001,0.02217709999999995,0.022157699999999947,10,9,11,575.0668417949756,4,6;5;5;3,paper_multivehicle_v2
OR-Tools,20,4,0.75,3,10.270496494946864,95.0,19,1,0.30301730000000004,0.3015865000000004,0.26762620000000004,0.03396030000000039,0.03390060000000017,10,7,11,617.1266398731761,4,7;5;4;3,paper_multivehicle_v2
OR-Tools,20,4,0.75,4,14.119206793508543,95.0,19,1,0.7885998000000001,0.7874669999999997,0.7673375,0.02012949999999969,0.020097999999999727,10,8,11,611.3940065038724,4,5;6;4;4,paper_multivehicle_v2
OR-Tools,20,4,0.75,5,11.392436049632003,100.0,20,0,0.5423632,0.5412474000000005,0.5184000000000002,0.022847400000000295,0.022812800000000077,10,8,11,649.5133347644793,4,6;6;5;3,paper_multivehicle_v2
OR-Tools,20,4,0.75,6,11.762860693121906,90.0,18,2,0.04187760000000007,0.04060430000000026,0.009289600000000009,0.03131470000000025,0.03127650000000015,10,8,11,640.9817255717135,4,5;5;4;4,paper_multivehicle_v2
OR-Tools,20,4,0.75,7,12.29421518400494,100.0,20,0,0.29966139999999997,0.2983650999999998,0.2671683,0.031196799999999802,0.031177699999999753,10,9,11,618.5376850439363,4,6;5;5;4,paper_multivehicle_v2
OR-Tools,20,4,0.75,8,10.389071778167938,85.0,17,3,0.5451490999999999,0.5432581999999997,0.011376199999999947,0.5318819999999997,0.5318617999999999,10,9,11,602.3957506732074,4,6;4;4;3,paper_multivehicle_v2
OR-Tools,20,4,0.75,9,12.85301329287859,100.0,20,0,0.7916959000000001,0.7887203000000003,0.7669311000000001,0.021789200000000175,0.02177680000000004,10,9,11,656.4191122070256,4,6;5;5;4,paper_multivehicle_v2
OR-Tools,20,4,0.75,10,12.093836523659878,95.0,19,1,0.7803939,0.7793443000000002,0.7575959000000001,0.021748400000000112,0.021718899999999985,10,8,11,629.505579689687,4,7;4;4;4,paper_multivehicle_v2
OR-Tools,20,4,0.75,11,11.639038360992634,95.0,19,1,0.3170343,0.3157367000000004,0.29277450000000016,0.022962200000000266,0.022943500000000228,10,9,11,578.7107845209058,4,5;5;4;5,paper_multivehicle_v2
OR-Tools,20,4,0.75,12,12.330419607718422,100.0,20,0,0.30403990000000003,0.29841260000000003,0.2727733000000001,0.02563929999999992,0.02560870000000004,10,8,11,704.6861737541241,4,7;5;4;4,paper_multivehicle_v2
OR-Tools,20,4,0.75,13,10.696097958226433,100.0,20,0,1.8056999,1.8048482000000008,1.0379236,0.7669246000000007,0.7669022000000005,10,7,11,643.4652303255468,4,7;6;3;4,paper_multivehicle_v2
OR-Tools,20,4,0.75,14,11.321135831306986,95.0,19,1,0.039149199999999995,0.03760600000000003,0.00815850000000018,0.02944749999999985,0.029426299999999905,10,9,11,662.7615372607792,4,6;5;5;3,paper_multivehicle_v2
OR-Tools,20,4,0.75,15,11.964729512273244,100.0,20,0,0.8703118000000003,0.8692452999999989,0.5088804,0.3603648999999989,0.3603317999999993,10,8,11,605.3178163883717,4,6;6;4;4,paper_multivehicle_v2
OR-Tools,20,4,0.75,16,10.819573352063566,95.0,19,1,0.5382748000000002,0.5369139999999997,0.010154200000000113,0.5267597999999996,0.5267397999999996,10,9,11,663.7021715173266,4,7;5;4;3,paper_multivehicle_v2
OR-Tools,20,4,0.75,17,13.22299541279034,100.0,20,0,0.5305455000000001,0.5293876000000004,0.507674,0.021713600000000444,0.021664200000000022,10,7,11,671.465984064218,4,6;5;4;5,paper_multivehicle_v2
OR-Tools,20,4,0.75,18,11.67836934815046,95.0,19,1,0.28540960000000015,0.2841524999999998,0.2573729,0.026779599999999792,0.026727399999999957,10,7,11,596.6728603825254,4,5;6;4;4,paper_multivehicle_v2
OR-Tools,20,4,0.75,19,11.888612940008908,100.0,20,0,0.5296363,0.5287861999999997,0.5069855000000001,0.021800699999999562,0.021774199999999855,10,8,11,633.1834290210345,4,5;5;6;4,paper_multivehicle_v2
OR-Tools,20,4,0.75,20,10.86031837178094,95.0,19,1,0.03354630000000003,0.03233240000000026,0.005518899999999993,0.026813500000000268,0.026796800000000287,10,9,11,590.245334904527,4,6;6;4;3,paper_multivehicle_v2
OR-Tools,35,7,0.1,1,16.471522546149334,100.0,35,0,3.3421864999999995,3.340132600000001,1.019238,2.320894600000001,2.3208159000000004,10,6,11,618.4172919190307,7,7;5;5;5;4;4;5,paper_multivehicle_v2
OR-Tools,35,7,0.1,2,18.054895755955602,100.0,35,0,3.2261432,3.2247443000000016,1.0238281,2.2009162000000013,2.2008549,10,4,11,596.1034021895999,7,6;4;5;5;5;5;5,paper_multivehicle_v2
OR-Tools,35,7,0.1,3,15.017169234216222,100.0,35,0,2.9409532,2.9395092,1.0200616999999998,1.9194475,1.9194082,10,8,11,612.0418401619456,7,8;4;6;4;4;4;5,paper_multivehicle_v2
OR-Tools,35,7,0.1,4,14.970638580570037,100.0,35,0,3.1197381999999996,3.1183958999999994,1.0201469,2.098248999999999,2.098198,10,6,11,589.3942082227862,7,6;5;4;5;5;5;5,paper_multivehicle_v2
OR-Tools,35,7,0.1,5,17.361126349067245,100.0,35,0,3.1141755000000004,3.1128023000000002,1.0245231,2.0882792,2.0882136999999994,10,5,11,579.0050503762308,7,8;4;4;5;5;4;5,paper_multivehicle_v2
OR-Tools,35,7,0.1,6,16.451979922245858,100.0,35,0,3.2025832999999997,3.1993805000000006,1.0205191,2.1788614000000006,2.1788204,10,6,11,583.8000247248863,7,7;4;5;4;5;5;5,paper_multivehicle_v2
OR-Tools,35,7,0.1,7,14.551117665896992,100.0,35,0,3.5581,3.5567348999999995,1.0227570000000001,2.533977899999999,2.5339292999999996,10,6,11,568.2326470191165,7,6;5;6;4;4;5;5,paper_multivehicle_v2
OR-Tools,35,7,0.1,8,15.951460569714943,100.0,35,0,2.4903607,2.4889153999999993,1.0280482,1.4608671999999996,1.4608117999999997,10,6,11,583.5857133006284,7,6;5;4;5;6;5;4,paper_multivehicle_v2
OR-Tools,35,7,0.1,9,19.07181486144628,100.0,35,0,3.5912344000000003,3.5897448,1.0197630999999998,2.5699817,2.5699194000000003,10,6,11,600.4325537385968,7,5;5;5;5;5;6;4,paper_multivehicle_v2
OR-Tools,35,7,0.1,10,15.202735806867757,100.0,35,0,3.0630529,3.0613684999999995,1.0191969,2.042171599999999,2.0421215,10,7,11,637.1861861667452,7,6;5;6;4;5;4;5,paper_multivehicle_v2
OR-Tools,35,7,0.1,11,14.160529762307895,100.0,35,0,3.0619746,3.0605563,1.0191693000000002,2.041387,2.041336399999999,10,6,11,554.3303437365926,7,6;5;6;4;5;5;4,paper_multivehicle_v2
OR-Tools,35,7,0.1,12,15.049790232053741,100.0,35,0,2.7768974,2.7753127,1.0217197999999998,1.7535929000000001,1.7535571000000005,10,8,11,599.5533353779809,7,7;6;5;5;4;4;4,paper_multivehicle_v2
OR-Tools,35,7,0.1,13,12.791991864650269,100.0,35,0,3.1811501,3.180092300000003,1.0125185,2.167573800000003,2.1675111000000014,10,4,11,560.2620707432844,7,6;5;4;4;6;5;5,paper_multivehicle_v2
OR-Tools,35,7,0.1,14,16.997353321505766,100.0,35,0,3.704492,3.703441300000001,1.0130928999999997,2.6903484000000013,2.690311600000001,10,6,11,611.7526012310299,7,6;5;5;4;5;5;5,paper_multivehicle_v2
OR-Tools,35,7,0.1,15,15.584593921702321,100.0,35,0,3.1789147,3.1779743000000007,1.0103850999999997,2.167589200000001,2.167547400000001,10,5,11,587.2007462660592,7,8;4;5;4;5;5;4,paper_multivehicle_v2
OR-Tools,35,7,0.1,16,14.349121072928014,100.0,35,0,2.8924323000000003,2.8915006000000014,1.0146283,1.8768723000000014,1.8768380000000011,10,4,11,576.2548700066651,7,5;6;5;4;5;5;5,paper_multivehicle_v2
OR-Tools,35,7,0.1,17,12.11478492380702,100.0,35,0,2.4683687,2.4671127000000004,1.0113766000000002,1.4557361000000002,1.455666100000001,10,5,11,536.0357029044876,7,5;5;5;5;6;6;3,paper_multivehicle_v2
OR-Tools,35,7,0.1,18,12.181327762350914,100.0,35,0,2.7492469,2.7482398999999997,1.0113604999999994,1.7368794000000003,1.7368034000000003,10,3,11,559.5110055275369,7,4;6;4;5;5;5;6,paper_multivehicle_v2
OR-Tools,35,7,0.1,19,13.837719201662393,100.0,35,0,3.4592877,3.4583923999999993,1.0119448999999996,2.4464474999999997,2.4464159,10,4,11,544.4049687524184,7,5;5;5;4;5;5;6,paper_multivehicle_v2
OR-Tools,35,7,0.1,20,13.50618697355823,100.0,35,0,2.5602259,2.5590919999999997,1.0103042999999996,1.5487877,1.5487376,10,5,11,599.5323485337929,7,6;5;6;4;6;4;4,paper_multivehicle_v2
OR-Tools,35,7,0.25,1,15.008365804394966,100.0,35,0,2.6221788,2.6211126999999994,1.0241564000000003,1.596956299999999,1.5969248999999994,10,5,11,561.5843122174846,7,6;5;5;5;5;4;5,paper_multivehicle_v2
OR-Tools,35,7,0.25,2,16.975593272032405,100.0,35,0,2.3872786,2.3858374000000007,1.0217714999999998,1.3640659000000008,1.3640515000000009,10,9,11,594.5357987687175,7,6;5;5;6;5;4;4,paper_multivehicle_v2
OR-Tools,35,7,0.25,3,15.995712839420424,100.0,35,0,2.1658565000000003,2.1643568000000006,1.0206774,1.1436794000000003,1.1436633000000005,10,9,11,608.2437683004262,7,6;7;5;6;5;3;3,paper_multivehicle_v2
OR-Tools,35,7,0.25,4,16.253682156747253,100.0,35,0,2.7714518000000004,2.7701371999999997,1.0263143,1.7438228999999996,1.7438067999999989,10,8,11,596.5169847853721,7,7;5;5;5;4;5;4,paper_multivehicle_v2
OR-Tools,35,7,0.25,5,13.358725821712586,100.0,35,0,2.9528551000000007,2.9515659,1.0228180999999998,1.9287478,1.9287101,10,6,11,575.524865872714,7,6;5;5;6;4;4;5,paper_multivehicle_v2
OR-Tools,35,7,0.25,6,21.201259623930625,100.0,35,0,3.2332098,3.231648300000002,1.0207507999999998,2.210897500000002,2.2108827000000013,10,9,11,639.1004097620632,7,5;5;7;6;3;6;3,paper_multivehicle_v2
OR-Tools,35,7,0.25,7,12.079736453770684,100.0,35,0,2.8258056000000003,2.8246920000000006,1.0267535999999997,1.797938400000001,1.7979016000000008,10,5,11,553.8173421358423,7,7;5;6;4;4;5;4,paper_multivehicle_v2
OR-Tools,35,7,0.25,8,16.51551865108632,100.0,35,0,3.2107859000000003,3.209183600000001,1.0304270999999998,2.1787565000000013,2.1787014000000013,10,6,11,575.4148835350125,7,5;4;5;5;5;6;5,paper_multivehicle_v2
OR-Tools,35,7,0.25,9,18.05182787287645,100.0,35,0,2.817627,2.815963,1.017184,1.7987789999999997,1.7987789999999997,10,10,11,608.2652557276222,7,6;7;5;5;4;5;3,paper_multivehicle_v2
OR-Tools,35,7,0.25,10,18.120852429529513,100.0,35,0,2.9085525999999997,2.9070265000000015,1.0196522,1.8873743000000016,1.8873581000000015,10,9,11,662.6411563413608,7,7;5;5;6;5;4;3,paper_multivehicle_v2
OR-Tools,35,7,0.25,11,13.268144329087159,100.0,35,0,2.620469,2.6192488999999997,1.0228435999999999,1.5964052999999998,1.5963707000000005,10,6,11,568.3179611251823,7,8;5;3;5;5;5;4,paper_multivehicle_v2
OR-Tools,35,7,0.25,12,18.159455084006378,100.0,35,0,3.2472503,3.2456417999999996,1.021191,2.2244507999999996,2.2244332,10,9,11,635.9113186284003,7,7;7;4;5;4;4;4,paper_multivehicle_v2
OR-Tools,35,7,0.25,13,16.266099836311135,100.0,35,0,2.7327291,2.7315880999999993,1.0096405000000002,1.7219475999999991,1.7219243999999998,10,8,11,626.9068093476717,7,7;5;6;4;4;5;4,paper_multivehicle_v2
OR-Tools,35,7,0.25,14,17.32447121454792,100.0,35,0,3.3526245,3.3513310000000023,1.0091152000000005,2.3422158000000017,2.3421900000000013,10,8,11,606.5124282826546,7,7;6;4;4;5;5;4,paper_multivehicle_v2
OR-Tools,35,7,0.25,15,11.962329834281702,100.0,35,0,2.6019165999999996,2.601095099999998,1.0131222999999996,1.5879727999999984,1.5879359999999991,10,6,11,555.891022603486,7,7;5;6;4;4;4;5,paper_multivehicle_v2
OR-Tools,35,7,0.25,16,15.825478430912648,100.0,35,0,1.9140884000000002,1.9128670000000003,1.0068796999999998,0.9059873000000005,0.9059774000000003,10,9,11,594.6154342431555,7,8;7;5;3;4;4;4,paper_multivehicle_v2
OR-Tools,35,7,0.25,17,17.127847397466148,100.0,35,0,2.4599322,2.4588925,1.0073350000000003,1.4515574999999998,1.4515367999999995,10,8,11,664.0075683396334,7,6;5;6;6;4;4;4,paper_multivehicle_v2
OR-Tools,35,7,0.25,18,14.73136388362565,100.0,35,0,2.8929364,2.8919762999999996,1.0130121,1.8789641999999995,1.8789303999999998,10,6,11,598.562219952226,7,7;5;5;3;5;5;5,paper_multivehicle_v2
OR-Tools,35,7,0.25,19,13.966963504367493,100.0,35,0,2.8925253,2.8912229000000007,1.0100271999999997,1.881195700000001,1.8811305999999997,10,5,11,593.5757496949665,7,5;5;6;6;5;4;4,paper_multivehicle_v2
OR-Tools,35,7,0.25,20,16.208562748624583,100.0,35,0,2.7523859999999996,2.7513512,1.0107362000000002,1.740615,1.7405762999999999,10,6,11,567.3212459828649,7,6;6;5;4;4;5;5,paper_multivehicle_v2
OR-Tools,35,7,0.5,1,19.105176391760466,100.0,35,0,0.9456447000000001,0.9440176999999992,0.8900738999999998,0.05394379999999943,0.05394379999999943,10,10,11,601.742124653512,7,6;6;5;5;5;5;3,paper_multivehicle_v2
OR-Tools,35,7,0.5,2,17.332630139436915,100.0,35,0,1.297641,1.2957340999999993,1.0439643000000003,0.25176979999999904,0.25172829999999946,10,8,11,638.3741711285603,7,7;7;6;5;4;3;3,paper_multivehicle_v2
OR-Tools,35,7,0.5,3,16.013174082245687,100.0,35,0,2.0621191999999997,2.0605377000000002,1.0224021,1.0381356,1.0381009999999997,10,8,11,622.7308492477241,7,5;5;6;5;5;5;4,paper_multivehicle_v2
OR-Tools,35,7,0.5,4,19.962045726023945,100.0,35,0,1.9617837,1.959878,1.0523204,0.9075576000000001,0.9075362999999999,10,9,11,651.0316938207976,7,8;6;5;5;5;3;3,paper_multivehicle_v2
OR-Tools,35,7,0.5,5,18.700432959179558,100.0,35,0,1.8160642,1.8109012999999987,1.0256117999999999,0.7852894999999989,0.7852593999999988,10,9,11,609.0840481761406,7,6;5;6;5;5;4;4,paper_multivehicle_v2
OR-Tools,35,7,0.5,6,18.61890631252999,97.14285714285714,34,1,1.3651422,1.3633273999999997,1.0316646,0.3316627999999997,0.3316068999999997,10,7,11,641.2391771595213,7,5;6;5;5;5;4;4,paper_multivehicle_v2
OR-Tools,35,7,0.5,7,18.199678838336034,100.0,35,0,1.8315654000000001,1.8297775999999997,1.0222578999999998,0.8075196999999998,0.8074631999999999,10,7,11,639.8940012640526,7,7;6;5;6;4;4;3,paper_multivehicle_v2
OR-Tools,35,7,0.5,8,20.368580901227954,100.0,35,0,1.9687374,1.967148900000001,1.0241886,0.9429603000000011,0.9429315000000011,10,8,11,700.4956607617114,7,6;7;4;5;5;4;4,paper_multivehicle_v2
OR-Tools,35,7,0.5,9,14.59303617380129,100.0,35,0,1.5867916000000002,1.5850252,1.0374157,0.5476095000000001,0.5475879000000003,10,9,11,658.5434850926291,7,8;6;7;4;3;3;4,paper_multivehicle_v2
OR-Tools,35,7,0.5,10,21.965766429374955,100.0,35,0,1.3104135000000001,1.3087036999999992,1.0596512000000002,0.249052499999999,0.249052499999999,10,10,11,654.4891776380841,7,8;7;6;5;4;3;2,paper_multivehicle_v2
OR-Tools,35,7,0.5,11,16.998839519176162,100.0,35,0,2.5202939,2.518880399999999,1.0739685999999997,1.4449117999999994,1.4448675999999994,10,7,11,606.7865473630708,7,6;5;6;4;5;5;4,paper_multivehicle_v2
OR-Tools,35,7,0.5,12,17.132354603871743,100.0,35,0,1.5984746,1.5968566000000002,1.0167286,0.5801280000000002,0.5801115000000001,10,9,11,573.9414711402796,7,8;6;6;5;4;3;3,paper_multivehicle_v2
OR-Tools,35,7,0.5,13,20.83553518236772,100.0,35,0,1.9109964000000002,1.909605700000002,1.0088431,0.900762600000002,0.9007229000000017,10,8,11,707.0603255848515,7,7;6;4;5;5;4;4,paper_multivehicle_v2
OR-Tools,35,7,0.5,14,22.458444998122193,100.0,35,0,0.9841978999999998,0.9824927999999988,0.7333216,0.24917119999999882,0.24917119999999882,10,10,11,677.5110873064676,7,6;5;7;5;5;5;2,paper_multivehicle_v2
OR-Tools,35,7,0.5,15,20.121505463755565,100.0,35,0,1.2025349000000003,1.2014714999999998,1.0095112999999998,0.19196020000000003,0.19194639999999996,10,9,11,664.6707981837229,7,7;6;6;5;4;4;3,paper_multivehicle_v2
OR-Tools,35,7,0.5,16,18.977210692808853,100.0,35,0,1.2107223,1.2095273999999994,1.0114459999999998,0.19808139999999952,0.19808139999999952,10,10,11,635.0351524177923,7,6;6;6;6;4;4;3,paper_multivehicle_v2
OR-Tools,35,7,0.5,17,18.244240595504206,100.0,35,0,1.3267308,1.3256613000000002,1.0088507,0.31681060000000016,0.3167965000000006,10,9,11,550.8378429936994,7,6;7;5;5;6;4;2,paper_multivehicle_v2
OR-Tools,35,7,0.5,18,19.225267007213315,100.0,35,0,1.8782047000000004,1.8767072999999983,1.0095424,0.8671648999999984,0.8671648999999984,10,10,11,665.0970784247618,7,5;7;5;5;5;4;4,paper_multivehicle_v2
OR-Tools,35,7,0.5,19,18.396632954907176,100.0,35,0,1.9392793,1.9382837,1.008193,0.9300907,0.9300794000000003,10,9,11,639.5356428280364,7,8;7;6;4;4;3;3,paper_multivehicle_v2
OR-Tools,35,7,0.5,20,15.99725506499262,100.0,35,0,2.3140949,2.313191800000002,1.0102134999999999,1.3029783000000021,1.3029693000000027,10,9,11,558.644770964127,7,6;7;6;5;3;4;4,paper_multivehicle_v2
OR-Tools,35,7,0.75,1,20.2273397582003,100.0,35,0,1.2535736999999998,1.2517580999999993,0.8784127999999998,0.37334529999999955,0.37334529999999955,10,10,11,582.1410608098678,7,7;6;7;5;5;3;2,paper_multivehicle_v2
OR-Tools,35,7,0.75,2,18.912688226828415,100.0,35,0,0.360009,0.35829179999999994,0.3100282999999999,0.048263500000000015,0.048263500000000015,10,10,11,638.5959543101577,7,7;6;5;5;6;4;2,paper_multivehicle_v2
OR-Tools,35,7,0.75,3,17.466256811516132,100.0,35,0,1.0586812,1.0570397999999983,1.0216067999999998,0.035432999999998493,0.035412199999998784,10,9,11,568.9149728569656,7,6;6;6;5;5;5;2,paper_multivehicle_v2
OR-Tools,35,7,0.75,4,18.782544116522086,100.0,35,0,0.07762520000000017,0.0758348999999996,0.022052599999999867,0.05378229999999973,0.05378229999999973,10,10,11,659.913278638865,7,5;6;6;5;5;4;4,paper_multivehicle_v2
OR-Tools,35,7,0.75,5,19.157655002837135,100.0,35,0,0.07538139999999993,0.07336389999999993,0.021000499999999978,0.05236339999999995,0.05236339999999995,10,10,11,618.2227056949674,7,7;6;6;5;5;3;3,paper_multivehicle_v2
OR-Tools,35,7,0.75,6,22.020292344024554,100.0,35,0,0.37407349999999995,0.3720398000000005,0.3112501000000001,0.06078970000000039,0.06078970000000039,10,10,11,655.6952078306304,7,7;5;6;6;5;4;2,paper_multivehicle_v2
OR-Tools,35,7,0.75,7,24.85402314588442,100.0,35,0,0.21731919999999993,0.2154785000000008,0.1698681000000002,0.045610400000000606,0.045610400000000606,10,10,11,632.9499343974267,7,6;5;6;6;5;3;4,paper_multivehicle_v2
OR-Tools,35,7,0.75,8,23.973610617785234,97.14285714285714,34,1,0.3542368,0.35253809999999985,0.30548969999999986,0.04704839999999999,0.04704839999999999,10,10,11,662.9296276589043,7,5;6;6;5;6;3;3,paper_multivehicle_v2
OR-Tools,35,7,0.75,9,18.044498412095173,100.0,35,0,0.0904258,0.0883607000000004,0.02579750000000014,0.06256320000000026,0.06256320000000026,10,10,11,651.1225717389518,7,6;6;6;6;5;3;3,paper_multivehicle_v2
OR-Tools,35,7,0.75,10,18.869457925033753,97.14285714285714,34,1,0.5003361,0.4985794000000001,0.4499204000000001,0.04865900000000001,0.04865900000000001,10,10,11,579.4749641524393,7,6;6;5;6;4;4;3,paper_multivehicle_v2
OR-Tools,35,7,0.75,11,17.737553571363705,100.0,35,0,1.3096663,1.3080807000000003,0.8739315000000001,0.43414920000000023,0.43414920000000023,10,10,11,595.8638391619006,7,6;7;5;6;4;3;4,paper_multivehicle_v2
OR-Tools,35,7,0.75,12,19.082670669419013,100.0,35,0,0.20630110000000013,0.20435119999999984,0.15308029999999984,0.05127090000000001,0.05127090000000001,10,10,11,605.8305472383058,7,8;6;6;5;4;3;3,paper_multivehicle_v2
OR-Tools,35,7,0.75,13,18.70274560342715,100.0,35,0,0.06488289999999997,0.0630776000000004,0.0130131,0.0500645000000004,0.0500645000000004,10,10,11,647.2450502263081,7,8;8;5;6;3;3;2,paper_multivehicle_v2
OR-Tools,35,7,0.75,14,21.572616980235402,100.0,35,0,0.4949741000000001,0.4935194000000003,0.45341739999999997,0.040102000000000304,0.040102000000000304,10,10,11,678.7577718382545,7,7;6;7;6;5;3;1,paper_multivehicle_v2
OR-Tools,35,7,0.75,15,19.816600899069037,100.0,35,0,0.4742717999999999,0.47305299999999995,0.4370094,0.03604359999999995,0.03604359999999995,10,10,11,696.1887527603368,7,7;6;6;6;4;3;3,paper_multivehicle_v2
OR-Tools,35,7,0.75,16,18.417975627212854,100.0,35,0,0.9114998000000001,0.9101000000000001,0.7245603999999999,0.18553960000000025,0.18552360000000023,10,9,11,598.5395715286063,7,7;6;6;5;4;3;4,paper_multivehicle_v2
OR-Tools,35,7,0.75,17,17.21895147866807,100.0,35,0,1.2321456000000002,1.2311862999999998,1.007242,0.22394429999999987,0.22393269999999976,10,9,11,598.3713852516984,7,7;6;7;5;5;3;2,paper_multivehicle_v2
OR-Tools,35,7,0.75,18,20.51279728907307,100.0,35,0,0.05173300000000003,0.050106500000000276,0.009274700000000191,0.040831800000000085,0.040831800000000085,10,10,11,663.5978284974193,7,6;6;6;4;6;4;3,paper_multivehicle_v2
OR-Tools,35,7,0.75,19,21.518135048075138,100.0,35,0,0.202183,0.20063050000000016,0.1543907,0.046239800000000164,0.046239800000000164,10,10,11,627.1160801342764,7,6;6;6;5;5;5;2,paper_multivehicle_v2
OR-Tools,35,7,0.75,20,21.378923329369126,100.0,35,0,0.3242636000000001,0.32307660000000027,0.2960741,0.027002500000000262,0.027002500000000262,10,10,11,681.7514044797217,7,7;6;6;6;5;3;2,paper_multivehicle_v2
OR-Tools,50,10,0.1,1,21.881321638370768,100.0,50,0,2.8839532000000005,2.881909700000001,1.0365355,1.8453742000000006,1.8453154,10,7,11,626.3001470327813,10,6;7;6;5;5;4;4;4;4;5,paper_multivehicle_v2
OR-Tools,50,10,0.1,2,23.609092378889407,100.0,50,0,3.3247812999999997,3.3226126000000016,1.0452719000000001,2.2773407000000017,2.2772641,10,6,11,590.7519751516875,10,7;5;5;4;6;5;5;4;4;5,paper_multivehicle_v2
OR-Tools,50,10,0.1,3,21.221951053078833,100.0,50,0,2.7414984,2.739586399999999,1.0422852999999999,1.6973010999999993,1.6972061999999997,10,6,11,565.5862138431185,10,5;5;6;5;5;4;5;5;4;6,paper_multivehicle_v2
OR-Tools,50,10,0.1,4,21.533851095411485,100.0,50,0,3.0172204,3.0152567000000006,1.0468208,1.9684359000000007,1.9683821,10,7,11,581.6716026189124,10,7;6;4;5;5;4;4;5;5;5,paper_multivehicle_v2
OR-Tools,50,10,0.1,5,19.926449255737545,100.0,50,0,2.6985583,2.696505300000001,1.0345589,1.661946400000001,1.6618844000000013,10,7,11,567.7604949147649,10,5;6;5;6;5;5;5;5;4;4,paper_multivehicle_v2
OR-Tools,50,10,0.1,6,20.910256976526124,100.0,50,0,2.8590199,2.857024099999999,1.0363152000000002,1.8207088999999987,1.8206284999999998,10,6,11,596.5526770835828,10,7;6;4;4;4;6;3;5;5;6,paper_multivehicle_v2
OR-Tools,50,10,0.1,7,17.208555525672516,100.0,50,0,2.693318,2.6915769000000003,1.0340857,1.6574912000000004,1.6574105000000006,10,6,11,623.092909756155,10,6;7;5;5;5;5;5;4;4;4,paper_multivehicle_v2
OR-Tools,50,10,0.1,8,18.498461693358642,100.0,50,0,3.224074,3.222367900000001,1.0449078000000003,2.1774601000000007,2.1773682000000005,10,4,11,573.4719209174606,10,6;6;5;5;5;4;5;5;5;4,paper_multivehicle_v2
OR-Tools,50,10,0.1,9,21.071556163717396,100.0,50,0,3.3481616999999995,3.3459953000000002,1.0409439,2.3050514,2.3049572000000005,10,5,11,583.0776406404415,10,6;5;4;7;5;5;4;5;5;4,paper_multivehicle_v2
OR-Tools,50,10,0.1,10,17.82478021902983,100.0,50,0,2.7169235999999994,2.7151633999999993,1.0431849000000002,1.671978499999999,1.6718956999999994,10,4,11,552.8010988928052,10,5;5;6;5;5;4;5;4;6;5,paper_multivehicle_v2
OR-Tools,50,10,0.1,11,16.66904883051432,100.0,50,0,2.7999205999999996,2.798023000000001,1.0462331,1.7517899000000008,1.7517257000000002,10,5,11,662.853846667269,10,5;5;5;6;4;4;5;6;4;6,paper_multivehicle_v2
OR-Tools,50,10,0.1,12,20.312469362462004,100.0,50,0,2.7500708,2.7480133000000007,1.0425041,1.7055092000000007,1.7054332000000008,10,7,11,577.9438614717635,10,6;7;6;5;4;4;5;4;4;5,paper_multivehicle_v2
OR-Tools,50,10,0.1,13,17.006138501127747,100.0,50,0,3.0216909000000003,3.0203608000000015,1.0361388000000007,1.9842220000000008,1.9841904000000001,10,5,11,554.060785845142,10,6;6;6;5;5;5;4;4;5;4,paper_multivehicle_v2
OR-Tools,50,10,0.1,14,23.94560948752808,100.0,50,0,3.2269923,3.2257524,1.0278420000000006,2.1979103999999996,2.1978959,10,8,11,592.538882169675,10,7;6;6;5;3;4;4;5;5;5,paper_multivehicle_v2
OR-Tools,50,10,0.1,15,17.98485742038914,100.0,50,0,3.0355346,3.0340270999999994,1.0301501000000002,2.0038769999999992,2.0038060999999994,10,5,11,555.1664818918646,10,6;4;5;5;5;5;5;5;5;5,paper_multivehicle_v2
OR-Tools,50,10,0.1,16,22.048883638215955,100.0,50,0,3.5342284,3.53306,1.0294657999999997,2.5035942,2.5035581999999996,10,5,11,594.2365965879586,10,5;6;5;4;5;5;5;6;5;4,paper_multivehicle_v2
OR-Tools,50,10,0.1,17,17.932219191471923,100.0,50,0,2.9310961000000004,2.9298836999999995,1.0346427999999994,1.8952409000000001,1.8951911,10,4,11,555.4320886625844,10,7;5;5;4;4;5;6;5;4;5,paper_multivehicle_v2
OR-Tools,50,10,0.1,18,20.912130718566118,100.0,50,0,2.9806454000000002,2.9792736999999994,1.0328062999999998,1.9464673999999995,1.9464366999999996,10,5,11,627.9661135415195,10,6;5;6;5;5;4;4;4;5;6,paper_multivehicle_v2
OR-Tools,50,10,0.1,19,17.04705476719905,100.0,50,0,3.2120308,3.2108759000000022,1.0324391000000004,2.178436800000002,2.1783927000000016,10,4,11,569.0,10,6;5;4;5;6;5;3;5;6;5,paper_multivehicle_v2
OR-Tools,50,10,0.1,20,19.4995825049471,100.0,50,0,2.5982835,2.5965210999999995,1.0360477999999995,1.5604733,1.5604183999999997,10,6,11,604.6392152136447,10,5;5;5;6;4;6;6;5;3;5,paper_multivehicle_v2
OR-Tools,50,10,0.25,1,25.139087380193477,100.0,50,0,2.8123183000000003,2.8103451999999987,1.0469478,1.7633973999999988,1.7633573999999994,10,8,11,663.6116573452977,10,6;5;5;7;5;5;5;4;4;4,paper_multivehicle_v2
OR-Tools,50,10,0.25,2,26.202438373509,100.0,50,0,2.3914637,2.3901131,1.0431513,1.3469618000000003,1.3469384000000004,10,8,11,682.2415454169551,10,6;6;5;6;4;5;5;5;4;4,paper_multivehicle_v2
OR-Tools,50,10,0.25,3,19.880333304611067,100.0,50,0,2.8232897999999995,2.8217272999999983,1.0464134,1.7753138999999982,1.775291999999999,10,8,11,600.0827484871616,10,7;7;6;5;4;5;4;4;4;4,paper_multivehicle_v2
OR-Tools,50,10,0.25,4,19.893034038291084,100.0,50,0,2.4845943999999998,2.4827983999999996,1.0355989,1.4471994999999995,1.4471491999999997,10,7,11,576.5194280961092,10,5;8;5;6;5;5;4;5;4;3,paper_multivehicle_v2
OR-Tools,50,10,0.25,5,25.470612800581222,100.0,50,0,2.3896873000000003,2.3877589000000006,1.0329850000000003,1.3547739,1.3547551000000002,10,9,11,640.8256987061131,10,7;6;6;6;5;4;6;3;4;3,paper_multivehicle_v2
OR-Tools,50,10,0.25,6,24.520913095951794,100.0,50,0,2.5421087,2.540619900000001,1.0361279,1.5044920000000008,1.5044920000000008,10,10,11,619.6418562936893,10,6;6;6;5;5;5;5;4;4;4,paper_multivehicle_v2
OR-Tools,50,10,0.25,7,21.307179346685054,100.0,50,0,2.4929527,2.4913971999999984,1.0419629,1.4494342999999987,1.4493842999999993,10,7,11,568.5437744847146,10,7;6;6;5;5;4;4;5;4;4,paper_multivehicle_v2
OR-Tools,50,10,0.25,8,22.495911453893477,100.0,50,0,2.0146401999999997,2.013359,1.0358559000000003,0.9775030999999998,0.9774593999999999,10,7,11,562.9120049700812,10,5;5;5;5;6;6;6;5;3;4,paper_multivehicle_v2
OR-Tools,50,10,0.25,9,21.62529509416586,100.0,50,0,2.6243271,2.623071,1.0405004,1.5825706,1.5825499,10,8,11,555.0066663703967,10,7;5;6;6;5;4;4;5;4;4,paper_multivehicle_v2
OR-Tools,50,10,0.25,10,22.31266544865781,100.0,50,0,2.6556976,2.6543188000000004,1.0441861000000001,1.6101327000000003,1.6101155000000005,10,9,11,573.407708461347,10,6;7;6;6;4;4;3;5;5;4,paper_multivehicle_v2
OR-Tools,50,10,0.25,11,26.447046125197716,100.0,50,0,2.2445255,2.2427881,1.0368875,1.2059005999999997,1.2059005999999997,10,10,11,613.4288819374182,10,7;6;6;5;5;4;4;5;4;4,paper_multivehicle_v2
OR-Tools,50,10,0.25,12,21.018587434343377,100.0,50,0,2.1896524,2.1883584,1.0354560000000002,1.1529023999999994,1.1529023999999994,10,10,11,610.0651289877217,10,6;7;5;7;5;5;4;4;3;4,paper_multivehicle_v2
OR-Tools,50,10,0.25,13,24.830544150114523,100.0,50,0,2.3628008000000005,2.3616807,1.0227136000000003,1.3389670999999996,1.3389534999999997,10,9,11,644.7058773961701,10,6;7;5;4;6;5;5;4;4;4,paper_multivehicle_v2
OR-Tools,50,10,0.25,14,23.67785124741918,100.0,50,0,2.9630604,2.962022500000002,1.0170654000000003,1.9449571000000017,1.9449381000000017,10,8,11,671.7007285316247,10,6;6;6;5;4;4;5;4;5;5,paper_multivehicle_v2
OR-Tools,50,10,0.25,15,19.832691308849498,100.0,50,0,2.6811635000000003,2.6802690999999994,1.0191632999999998,1.6611057999999996,1.6610747999999997,10,6,11,574.1336230081068,10,6;6;6;5;5;5;4;4;4;5,paper_multivehicle_v2
OR-Tools,50,10,0.25,16,21.936850717212764,100.0,50,0,2.6518416999999994,2.6509207,1.0154194000000003,1.6355012999999996,1.6355012999999996,10,10,11,611.772410923605,10,4;6;6;6;5;4;5;4;4;6,paper_multivehicle_v2
OR-Tools,50,10,0.25,17,19.48814791155712,100.0,50,0,2.0944616999999996,2.0933166000000005,1.0222686000000003,1.0710480000000002,1.0710335000000004,10,9,11,602.236480953752,10,7;6;5;6;5;5;5;5;3;3,paper_multivehicle_v2
OR-Tools,50,10,0.25,18,23.04814607767457,100.0,50,0,3.2621556000000003,3.2612550999999996,1.0227808999999999,2.2384741999999997,2.2384432999999992,10,7,11,581.9117265087782,10,6;7;5;5;5;6;4;4;4;4,paper_multivehicle_v2
OR-Tools,50,10,0.25,19,21.618676076293543,100.0,50,0,2.5095191999999997,2.5085804999999994,1.0195604999999994,1.48902,1.4889975999999994,10,8,11,581.1969100453102,10,7;6;6;5;4;4;4;5;5;4,paper_multivehicle_v2
OR-Tools,50,10,0.25,20,24.484855778278245,100.0,50,0,2.9590663999999998,2.9578933,1.0174793999999996,1.9404139000000002,1.9404049000000008,10,9,11,630.6154363855662,10,6;6;5;5;5;5;5;5;4;4,paper_multivehicle_v2
OR-Tools,50,10,0.5,1,28.236835390756884,100.0,50,0,1.3597791000000001,1.3580320999999986,1.0242076999999998,0.3338243999999988,0.3338243999999988,10,10,11,664.6250435082095,10,6;7;6;6;4;6;5;5;2;3,paper_multivehicle_v2
OR-Tools,50,10,0.5,2,26.244705385701444,100.0,50,0,1.7912934999999999,1.7900026000000004,1.0226814000000002,0.7673212000000003,0.7673212000000003,10,10,11,660.6546388873761,10,8;7;7;5;4;4;4;4;3;4,paper_multivehicle_v2
OR-Tools,50,10,0.5,3,27.289310447211555,100.0,50,0,1.2745891,1.2727709999999999,1.0191458999999998,0.25362510000000005,0.25362510000000005,10,10,11,656.6372934279702,10,7;7;6;5;5;5;5;5;3;2,paper_multivehicle_v2
OR-Tools,50,10,0.5,4,21.146497480203937,100.0,50,0,1.0602983,1.0590768000000004,1.0225608,0.03651600000000044,0.03651600000000044,10,10,11,591.9661524392282,10,7;7;7;5;5;4;5;4;3;3,paper_multivehicle_v2
OR-Tools,50,10,0.5,5,26.974164507641994,100.0,50,0,1.8080816999999998,1.8068474999999995,1.025096,0.7817514999999995,0.7817514999999995,10,10,11,646.9594537751269,10,8;6;4;6;5;5;5;5;3;3,paper_multivehicle_v2
OR-Tools,50,10,0.5,6,23.158144913026092,100.0,50,0,1.4966587000000002,1.4952068999999997,1.022542,0.4726648999999996,0.4726648999999996,10,10,11,597.3881386638959,10,7;6;7;5;6;5;4;4;3;3,paper_multivehicle_v2
OR-Tools,50,10,0.5,7,25.299159523832273,100.0,50,0,1.8046523000000003,1.8029972999999995,1.0232686,0.7797286999999995,0.7797286999999995,10,10,11,675.5485128819093,10,7;8;6;5;5;5;4;3;4;3,paper_multivehicle_v2
OR-Tools,50,10,0.5,8,22.524095237483852,100.0,50,0,1.3940885,1.3925927999999999,1.0192499000000002,0.3733428999999997,0.37332339999999964,10,9,11,577.94024344522,10,7;7;5;5;5;4;6;4;4;3,paper_multivehicle_v2
OR-Tools,50,10,0.5,9,26.234495078656675,100.0,50,0,1.1941115999999998,1.1925082999999999,1.0242231999999998,0.16828510000000008,0.16828510000000008,10,10,11,650.2825727376843,10,7;6;7;7;6;5;4;3;2;3,paper_multivehicle_v2
OR-Tools,50,10,0.5,10,24.423747056333248,100.0,50,0,2.0508942,2.049581899999999,1.0308578000000002,1.0187240999999987,1.0187240999999987,10,10,11,605.9612038642432,10,7;6;7;5;5;6;3;3;4;4,paper_multivehicle_v2
OR-Tools,50,10,0.5,11,25.92586305522748,100.0,50,0,1.7294532999999999,1.7281220000000004,1.0255692,0.7025528000000003,0.7025528000000003,10,10,11,596.4071747258109,10,6;6;6;6;5;4;4;4;5;4,paper_multivehicle_v2
OR-Tools,50,10,0.5,12,23.278402236516065,100.0,50,0,1.3958537999999998,1.3943884999999994,1.0290173999999999,0.3653710999999995,0.3653710999999995,10,10,11,575.8081017366653,10,7;6;8;7;6;4;3;3;3;3,paper_multivehicle_v2
OR-Tools,50,10,0.5,13,20.400250903753744,100.0,50,0,1.3897690999999999,1.3887028999999997,1.0168659,0.37183699999999975,0.3718239999999997,10,9,11,541.606712402908,10,6;8;6;6;5;5;4;4;3;3,paper_multivehicle_v2
OR-Tools,50,10,0.5,14,24.55157785168937,100.0,50,0,1.4188073,1.4178527999999997,1.0188719,0.39898089999999975,0.3989669,10,9,11,655.0508473866988,10,7;6;6;6;5;4;6;4;3;3,paper_multivehicle_v2
OR-Tools,50,10,0.5,15,23.706635873819337,100.0,50,0,1.1723525000000001,1.1712868999999997,1.0181668999999998,0.15311999999999992,0.15311999999999992,10,10,11,558.7337200174886,10,7;7;7;6;5;6;4;2;3;3,paper_multivehicle_v2
OR-Tools,50,10,0.5,16,29.171763366792497,100.0,50,0,0.5514326,0.5503499999999999,0.5149607,0.035389299999999846,0.035389299999999846,10,10,11,704.4686165666826,10,7;7;6;6;6;5;4;3;3;3,paper_multivehicle_v2
OR-Tools,50,10,0.5,17,23.374937618955865,100.0,50,0,1.6845799000000001,1.683729800000001,1.0151598000000002,0.6685700000000008,0.6685606000000006,10,9,11,630.2930584629831,10,7;6;6;6;5;4;5;4;4;3,paper_multivehicle_v2
OR-Tools,50,10,0.5,18,22.400351137663236,100.0,50,0,1.3455759999999999,1.344628399999999,1.0153984,0.329229999999999,0.32921749999999905,10,9,11,626.4937866266336,10,8;6;5;6;5;5;5;3;3;4,paper_multivehicle_v2
OR-Tools,50,10,0.5,19,23.26418444419678,100.0,50,0,1.2680398,1.2671386999999998,1.0161113,0.2510273999999999,0.2510026000000001,10,8,11,586.8950488438857,10,7;6;7;6;4;5;4;5;3;3,paper_multivehicle_v2
OR-Tools,50,10,0.5,20,24.38171893676178,100.0,50,0,1.4941658000000002,1.4931495999999997,1.0138696,0.4792799999999997,0.47926060000000037,10,9,11,613.645218986409,10,7;8;6;5;6;4;4;4;3;3,paper_multivehicle_v2
OR-Tools,50,10,0.75,1,27.104372881396337,98.0,49,1,0.0650748000000001,0.06378560000000011,0.01847489999999996,0.04531070000000015,0.04531070000000015,10,10,11,657.1283914552946,10,6;6;7;6;5;6;4;3;3;3,paper_multivehicle_v2
OR-Tools,50,10,0.75,2,25.49582916699903,100.0,50,0,0.25858330000000007,0.25739220000000007,0.21695150000000007,0.040440699999999996,0.040440699999999996,10,10,11,644.4649504369717,10,8;6;7;6;5;5;5;4;3;1,paper_multivehicle_v2
OR-Tools,50,10,0.75,3,26.069055622575533,100.0,50,0,0.7526780000000001,0.7516157,0.7211066,0.030509099999999956,0.030509099999999956,10,10,11,607.6802216990743,10,7;6;6;6;5;5;6;4;3;2,paper_multivehicle_v2
OR-Tools,50,10,0.75,4,24.516165559662046,100.0,50,0,0.07279279999999999,0.07121580000000027,0.014963500000000018,0.056252300000000255,0.056252300000000255,10,10,11,600.0380630018662,10,7;6;8;6;6;6;4;2;3;2,paper_multivehicle_v2
OR-Tools,50,10,0.75,5,23.814952938945723,100.0,50,0,0.5609476,0.5598363999999998,0.5198848999999999,0.03995149999999992,0.03995149999999992,10,10,11,595.2478487638276,10,7;6;6;6;6;4;4;3;4;4,paper_multivehicle_v2
OR-Tools,50,10,0.75,6,23.58899054680242,100.0,50,0,0.06741810000000004,0.06615999999999989,0.01851130000000001,0.04764869999999988,0.04764869999999988,10,10,11,609.1855106545198,10,9;7;8;7;6;4;4;3;1;1,paper_multivehicle_v2
OR-Tools,50,10,0.75,7,21.038739363330773,100.0,50,0,0.45950459999999993,0.4582584000000005,0.4222496,0.03600880000000051,0.03600880000000051,10,10,11,621.7905457970011,10,7;7;8;7;5;5;4;2;3;2,paper_multivehicle_v2
OR-Tools,50,10,0.75,8,28.488387687633793,100.0,50,0,0.06932640000000001,0.06806160000000017,0.01790030000000009,0.050161300000000075,0.050161300000000075,10,10,11,645.9101470863134,10,7;6;7;6;6;6;5;4;2;1,paper_multivehicle_v2
OR-Tools,50,10,0.75,9,25.412783984973466,100.0,50,0,0.07591479999999995,0.07417849999999993,0.020000000000000018,0.05417849999999991,0.05417849999999991,10,10,11,625.531646600077,10,7;6;7;6;6;5;4;4;3;2,paper_multivehicle_v2
OR-Tools,50,10,0.75,10,25.522233953464827,100.0,50,0,0.5640452000000001,0.5629078999999998,0.5224984,0.040409499999999765,0.040409499999999765,10,10,11,636.2088452827264,10,8;7;6;6;5;5;4;3;3;3,paper_multivehicle_v2
OR-Tools,50,10,0.75,11,23.582091470606542,100.0,50,0,0.16293270000000004,0.1617000999999999,0.12051079999999992,0.041189299999999984,0.041189299999999984,10,10,11,617.2287598064192,10,8;7;6;6;5;4;5;4;3;2,paper_multivehicle_v2
OR-Tools,50,10,0.75,12,28.294941599622575,100.0,50,0,0.2523605000000001,0.2510334999999999,0.21005779999999996,0.04097569999999995,0.04097569999999995,10,10,11,683.5872056312975,10,5;7;6;6;6;5;5;5;3;2,paper_multivehicle_v2
OR-Tools,50,10,0.75,13,25.15385421871606,100.0,50,0,0.9182646000000001,0.9172500000000001,0.7227824999999999,0.19446750000000024,0.19446750000000024,10,10,11,611.4809221227014,10,7;6;6;6;6;6;5;3;3;2,paper_multivehicle_v2
OR-Tools,50,10,0.75,14,26.286981585131276,98.0,49,1,0.26191200000000003,0.26040529999999984,0.21455499999999994,0.0458502999999999,0.0458502999999999,10,10,11,604.429273651524,10,6;7;6;6;5;5;5;4;3;2,paper_multivehicle_v2
OR-Tools,50,10,0.75,15,21.356789452702998,100.0,50,0,0.06092500000000001,0.0597662000000001,0.011457200000000056,0.048309000000000046,0.048309000000000046,10,10,11,639.0715074000877,10,6;8;6;7;5;5;5;5;2;1,paper_multivehicle_v2
OR-Tools,50,10,0.75,16,28.086721885744854,100.0,50,0,0.8451559,0.8442829999999993,0.7118901999999999,0.13239279999999942,0.13239279999999942,10,10,11,611.788060601049,10,6;7;6;5;4;6;4;4;5;3,paper_multivehicle_v2
OR-Tools,50,10,0.75,17,24.355477482371256,98.0,49,1,0.05735810000000008,0.055831400000000087,0.00712439999999992,0.04870700000000017,0.04870700000000017,10,10,11,662.7240096853468,10,8;6;6;7;6;5;5;2;2;2,paper_multivehicle_v2
OR-Tools,50,10,0.75,18,22.325156461366394,100.0,50,0,0.07262590000000002,0.07108150000000002,0.012352400000000041,0.05872909999999998,0.05872909999999998,10,10,11,594.8828036752044,10,7;7;7;5;5;5;5;3;4;2,paper_multivehicle_v2
OR-Tools,50,10,0.75,19,31.145021144719898,100.0,50,0,0.4430503,0.4419626,0.41174980000000005,0.03021279999999993,0.03021279999999993,10,10,11,670.0416121154703,10,4;7;6;5;5;5;5;6;5;2,paper_multivehicle_v2
OR-Tools,50,10,0.75,20,29.531658903000746,100.0,50,0,0.7511464999999999,0.7499501000000002,0.5139901,0.23596000000000017,0.23596000000000017,10,10,11,647.310696308984,10,5;5;6;5;6;7;5;4;4;3,paper_multivehicle_v2
Tabu Search,20,4,0.1,1,9.34966116315797,100.0,20,0,0.5765746,0.5757408999999998,0.4577313999999999,0.11800949999999988,0.11796479999999998,10,4,11,539.6824932455071,4,5;6;4;5,paper_multivehicle_v2
Tabu Search,20,4,0.1,2,9.95347427306931,100.0,20,0,0.27284109999999995,0.27188659999999976,0.2559639,0.015922699999999734,0.015886500000000137,10,6,11,578.1121806912882,4,6;5;5;4,paper_multivehicle_v2
Tabu Search,20,4,0.1,3,8.827412451091881,100.0,20,0,0.4184405,0.41759149999999967,0.3620101,0.05558139999999967,0.0555353999999999,10,4,11,572.7631392310545,4,4;6;5;5,paper_multivehicle_v2
Tabu Search,20,4,0.1,4,8.620873640487357,100.0,20,0,0.49713760000000007,0.4962569000000001,0.4135641000000001,0.08269280000000001,0.08264739999999993,10,4,11,580.568384694197,4,6;5;5;4,paper_multivehicle_v2
Tabu Search,20,4,0.1,5,8.670200934084722,100.0,20,0,0.4096127999999999,0.40881429999999996,0.35560349999999996,0.0532108,0.05316670000000001,10,4,11,626.9131078577122,4,5;4;5;6,paper_multivehicle_v2
Tabu Search,20,4,0.1,6,10.06626979449904,100.0,20,0,0.37934329999999994,0.37848819999999983,0.24955090000000002,0.1289372999999998,0.1288977,10,5,11,574.9210198006742,4,6;4;5;5,paper_multivehicle_v2
Tabu Search,20,4,0.1,7,8.450978032176462,100.0,20,0,0.5100646,0.5092044999999998,0.4646488,0.044555699999999865,0.04450850000000006,10,4,11,552.691127381545,4,5;5;5;5,paper_multivehicle_v2
Tabu Search,20,4,0.1,8,7.255923849992271,100.0,20,0,0.5915059,0.5906054000000001,0.5393276,0.05127780000000004,0.05122059999999995,10,4,11,544.7610994347688,4,6;5;4;5,paper_multivehicle_v2
Tabu Search,20,4,0.1,9,9.068536955789417,100.0,20,0,0.5994997999999998,0.5987106000000002,0.5321495,0.06656110000000015,0.0665171,10,4,11,548.5930025585701,4,5;5;5;5,paper_multivehicle_v2
Tabu Search,20,4,0.1,10,9.118685105700257,100.0,20,0,0.41309830000000014,0.41213120000000036,0.3029481999999999,0.10918300000000047,0.10913150000000038,10,5,11,570.4709898254683,4,5;5;4;6,paper_multivehicle_v2
Tabu Search,20,4,0.1,11,9.036333072168516,100.0,20,0,0.25823189999999996,0.25534840000000014,0.2034182,0.05193020000000015,0.05189840000000001,10,6,11,563.9827560572969,4,6;4;6;4,paper_multivehicle_v2
Tabu Search,20,4,0.1,12,9.136322823823233,100.0,20,0,0.4661328,0.4651101000000002,0.3026312,0.1624789000000002,0.16242800000000024,10,5,11,601.7538500417954,4,6;4;6;4,paper_multivehicle_v2
Tabu Search,20,4,0.1,13,8.989825207692206,100.0,20,0,0.3177622,0.31722580000000056,0.25998129999999997,0.05724450000000059,0.05722750000000043,10,6,11,580.7756131686542,4,6;4;6;4,paper_multivehicle_v2
Tabu Search,20,4,0.1,14,9.783670127300233,100.0,20,0,0.32524890000000006,0.3247321999999999,0.24312309999999981,0.0816091000000001,0.08158639999999995,10,5,11,562.2009732302483,4,6;4;5;5,paper_multivehicle_v2
Tabu Search,20,4,0.1,15,10.096535876151538,100.0,20,0,0.42883419999999983,0.42804589999999965,0.317623,0.11042289999999966,0.11038020000000026,10,5,11,578.488578017961,4,7;3;6;4,paper_multivehicle_v2
Tabu Search,20,4,0.1,16,10.026896711628698,100.0,20,0,0.3099578999999999,0.3094258000000001,0.25327009999999994,0.05615570000000014,0.0561334,10,5,11,548.2495421230062,4,5;5;4;6,paper_multivehicle_v2
Tabu Search,20,4,0.1,17,7.69718973121323,100.0,20,0,0.24853440000000004,0.24810279999999985,0.2243835999999999,0.02371919999999994,0.02369829999999995,10,5,11,534.644304369257,4,6;5;4;5,paper_multivehicle_v2
Tabu Search,20,4,0.1,18,7.895132207662188,100.0,20,0,0.2898617000000001,0.2894172000000004,0.2657688,0.023648400000000347,0.02362339999999996,10,4,11,540.4152298679728,4,5;5;5;5,paper_multivehicle_v2
Tabu Search,20,4,0.1,19,10.074600793034131,100.0,20,0,0.1298261999999999,0.12933870000000014,0.11843409999999999,0.010904600000000153,0.010888900000000312,10,7,11,584.9231455295574,4,6;6;3;5,paper_multivehicle_v2
Tabu Search,20,4,0.1,20,9.110319206235873,100.0,20,0,0.30180450000000003,0.30115539999999963,0.2505759000000001,0.050579499999999555,0.05055399999999999,10,4,11,545.3069674690228,4,5;5;6;4,paper_multivehicle_v2
Tabu Search,20,4,0.25,1,10.666825730400005,100.0,20,0,0.18471060000000006,0.18372940000000026,0.17950470000000007,0.004224700000000192,0.004201800000000366,10,8,11,584.0096149401583,4,6;6;5;3,paper_multivehicle_v2
Tabu Search,20,4,0.25,2,9.92254804023635,100.0,20,0,0.08945199999999986,0.08869339999999992,0.08638769999999996,0.002305699999999966,0.002280899999999919,10,7,11,633.883409056061,4,5;6;5;4,paper_multivehicle_v2
Tabu Search,20,4,0.25,3,8.876269096154953,100.0,20,0,0.148196,0.14742310000000014,0.14141779999999993,0.006005300000000213,0.005983099999999908,10,7,11,563.0149227794317,4,6;5;6;3,paper_multivehicle_v2
Tabu Search,20,4,0.25,4,8.141541200127895,100.0,20,0,0.30870149999999996,0.30809560000000036,0.2770650000000001,0.03103060000000024,0.031009000000000286,10,5,11,559.5110055275369,4,6;4;5;5,paper_multivehicle_v2
Tabu Search,20,4,0.25,5,8.233753840889154,100.0,20,0,0.23268219999999995,0.2320002000000001,0.1790349,0.052965300000000104,0.05294080000000001,10,5,11,568.9161256528644,4,7;5;4;4,paper_multivehicle_v2
Tabu Search,20,4,0.25,6,9.907243639467206,100.0,20,0,0.15119510000000003,0.15036130000000036,0.12925769999999992,0.021103600000000444,0.021068200000000203,10,6,11,545.2597773317981,4,6;5;5;4,paper_multivehicle_v2
Tabu Search,20,4,0.25,7,8.768199954735678,100.0,20,0,0.2877345,0.2869279,0.26747759999999987,0.019450300000000142,0.019419400000000087,10,6,11,588.3005078473781,4,5;5;5;5,paper_multivehicle_v2
Tabu Search,20,4,0.25,8,8.247855041122664,100.0,20,0,0.24485440000000014,0.24406449999999968,0.23132399999999986,0.012740499999999821,0.012701799999999874,10,5,11,603.7133086052264,4,6;6;4;4,paper_multivehicle_v2
Tabu Search,20,4,0.25,9,8.635658104071311,100.0,20,0,0.2522666,0.2514569000000004,0.1922026000000001,0.059254300000000315,0.05921759999999998,10,5,11,610.3024644158521,4,6;4;5;5,paper_multivehicle_v2
Tabu Search,20,4,0.25,10,10.16449149070782,100.0,20,0,0.1553481000000001,0.1545288000000007,0.14875359999999982,0.0057752000000008685,0.005741900000000522,10,6,11,582.8476347224546,4,6;5;5;4,paper_multivehicle_v2
Tabu Search,20,4,0.25,11,8.98264842548924,100.0,20,0,0.26835180000000003,0.2675790999999996,0.24297039999999992,0.024608699999999706,0.024562699999999937,10,5,11,567.2009174263666,4,6;5;4;5,paper_multivehicle_v2
Tabu Search,20,4,0.25,12,9.74140850962701,100.0,20,0,0.24204899999999996,0.2414155,0.18399909999999986,0.057416400000000145,0.057396900000000084,10,6,11,536.8858506133116,4,5;5;5;5,paper_multivehicle_v2
Tabu Search,20,4,0.25,13,10.96867277302978,100.0,20,0,0.10564060000000008,0.10497679999999998,0.09238709999999983,0.012589700000000148,0.012573700000000132,10,8,11,620.9627110381722,4,6;6;4;4,paper_multivehicle_v2
Tabu Search,20,4,0.25,14,10.608890471864607,100.0,20,0,0.11712429999999996,0.11662940000000055,0.11245400000000005,0.004175400000000495,0.0041501000000001564,10,5,11,630.157717188939,4,5;5;5;5,paper_multivehicle_v2
Tabu Search,20,4,0.25,15,10.291454948021757,100.0,20,0,0.18362699999999998,0.18316439999999967,0.16720559999999995,0.015958799999999718,0.015941299999999936,10,6,11,582.0870194479278,4,5;4;5;6,paper_multivehicle_v2
Tabu Search,20,4,0.25,16,8.401496216448502,100.0,20,0,0.13656899999999994,0.13577120000000042,0.13218470000000004,0.003586500000000381,0.003544300000000389,10,6,11,619.882724956778,4,8;4;4;4,paper_multivehicle_v2
Tabu Search,20,4,0.25,17,10.133985849835087,100.0,20,0,0.2863148999999998,0.2857543,0.15975319999999993,0.1260011000000001,0.12598240000000005,10,6,11,573.6482781475453,4,5;6;5;4,paper_multivehicle_v2
Tabu Search,20,4,0.25,18,6.4675774320330985,100.0,20,0,0.17892010000000003,0.17846640000000003,0.15847260000000007,0.01999379999999995,0.019967899999999927,10,4,11,526.518813398452,4,5;4;6;5,paper_multivehicle_v2
Tabu Search,20,4,0.25,19,10.468017280852,100.0,20,0,0.06353220000000004,0.06315420000000005,0.06205710000000009,0.001097099999999962,0.001078199999999807,10,6,11,568.0056816347671,4,6;6;4;4,paper_multivehicle_v2
Tabu Search,20,4,0.25,20,9.301677259244638,100.0,20,0,0.2765419,0.2760438999999999,0.24673089999999998,0.029312999999999922,0.029291600000000084,10,5,11,553.5527021937331,4,5;6;5;4,paper_multivehicle_v2
Tabu Search,20,4,0.5,1,11.702566543253052,100.0,20,0,0.0041567999999998495,0.002962500000000201,0.0015815000000001245,0.0013810000000000766,0.0013616000000000739,10,9,11,668.5913314867136,4,5;7;6;2,paper_multivehicle_v2
Tabu Search,20,4,0.5,2,12.606461883034147,100.0,20,0,0.03257789999999994,0.03155099999999966,0.028486400000000023,0.00306459999999964,0.003042999999999685,10,8,11,584.7377677822093,4,6;6;5;3,paper_multivehicle_v2
Tabu Search,20,4,0.5,3,11.386140485686006,100.0,20,0,0.0028321999999998404,0.00201559999999934,0.001171499999999881,0.0008440999999994592,0.0008342999999995104,10,9,11,624.4470598345904,4,6;6;4;4,paper_multivehicle_v2
Tabu Search,20,4,0.5,4,15.157121999586227,100.0,20,0,0.016387199999999824,0.01568650000000038,0.014323099999999922,0.0013634000000004587,0.0013482000000004657,10,8,11,666.5550593604108,4,6;6;4;4,paper_multivehicle_v2
Tabu Search,20,4,0.5,5,10.104113487476951,100.0,20,0,0.036528399999999905,0.035676700000000006,0.0341342,0.0015425000000000022,0.001524300000000034,10,7,11,556.6875291525814,4,6;5;4;5,paper_multivehicle_v2
Tabu Search,20,4,0.5,6,13.932958546631735,100.0,20,0,0.004082300000000094,0.0030357999999997,0.0012631999999999088,0.001772599999999791,0.0017608999999998431,10,9,11,675.5841274507474,4,6;5;4;5,paper_multivehicle_v2
Tabu Search,20,4,0.5,7,11.042192339139946,100.0,20,0,0.02336040000000006,0.022870200000000285,0.018985600000000158,0.003884600000000127,0.0038701000000000985,10,7,11,636.2138305535568,4,7;5;4;4,paper_multivehicle_v2
Tabu Search,20,4,0.5,8,10.189611277891697,100.0,20,0,0.044914700000000085,0.04437869999999977,0.04323180000000004,0.0011468999999997287,0.00113339999999984,10,7,11,561.344944526381,4,5;6;5;4,paper_multivehicle_v2
Tabu Search,20,4,0.5,9,11.795837957326771,100.0,20,0,0.01641720000000002,0.01598730000000015,0.014840399999999976,0.0011469000000001728,0.0011329999999998286,10,7,11,592.0714058089752,4,6;6;4;4,paper_multivehicle_v2
Tabu Search,20,4,0.5,10,9.754293909446343,100.0,20,0,0.03172869999999994,0.03131340000000038,0.03067310000000001,0.0006403000000003711,0.0006279000000002366,10,7,11,598.8026083800489,4,5;6;6;3,paper_multivehicle_v2
Tabu Search,20,4,0.5,11,8.883535748830425,100.0,20,0,0.024080199999999996,0.023510500000000434,0.02230690000000002,0.0012036000000004154,0.0011924000000003154,10,8,11,565.4045294630758,4,7;4;5;4,paper_multivehicle_v2
Tabu Search,20,4,0.5,12,12.675707788111326,100.0,20,0,0.007052300000000011,0.0066901999999997575,0.006313000000000013,0.0003771999999997444,0.00037249999999966477,10,9,11,645.7789115320743,4,6;6;4;4,paper_multivehicle_v2
Tabu Search,20,4,0.5,13,10.776513178423777,100.0,20,0,0.02903010000000017,0.028499999999999748,0.025454100000000146,0.0030458999999996017,0.00303209999999976,10,7,11,609.62629450682,4,7;5;4;4,paper_multivehicle_v2
Tabu Search,20,4,0.5,14,10.399151118897857,100.0,20,0,0.01414610000000005,0.013620200000000304,0.012396199999999968,0.001224000000000336,0.0012145000000003403,10,8,11,595.2415260584041,4,7;6;4;3,paper_multivehicle_v2
Tabu Search,20,4,0.5,15,9.912004724925502,100.0,20,0,0.01223440000000009,0.01186430000000005,0.011252700000000004,0.0006116000000000454,0.0006013000000000268,10,8,11,585.2821849170116,4,6;5;5;4,paper_multivehicle_v2
Tabu Search,20,4,0.5,16,10.884309074428508,100.0,20,0,0.0066510000000001845,0.006292199999999859,0.005924599999999947,0.00036759999999991244,0.0003583000000000336,10,8,11,599.0774886491761,4,6;5;5;4,paper_multivehicle_v2
Tabu Search,20,4,0.5,17,10.6826302218329,100.0,20,0,0.0467997,0.046136899999999814,0.02902350000000009,0.017113399999999723,0.017098899999999917,10,7,11,659.9404631016228,4,6;4;5;5,paper_multivehicle_v2
Tabu Search,20,4,0.5,18,12.02005495810264,100.0,20,0,0.004615499999999884,0.003641700000000414,0.002121400000000051,0.001520300000000363,0.0015087000000004736,10,9,11,643.4240926127619,4,7;5;4;4,paper_multivehicle_v2
Tabu Search,20,4,0.5,19,9.425146884812388,100.0,20,0,0.00434050000000008,0.003435899999999714,0.0021107999999998572,0.001325099999999857,0.0013046999999999365,10,8,11,564.546739506193,4,6;6;5;3,paper_multivehicle_v2
Tabu Search,20,4,0.5,20,9.087321491177459,100.0,20,0,0.007678199999999968,0.007304000000000421,0.00689519999999999,0.00040880000000043104,0.00039920000000037703,10,8,11,547.6017751246222,4,5;7;5;3,paper_multivehicle_v2
Tabu Search,20,4,0.75,1,11.118095704206725,100.0,20,0,0.003027000000000113,0.002300599999999653,0.001413899999999968,0.000886699999999685,0.000872299999999715,10,8,11,584.2120425165625,4,6;6;6;2,paper_multivehicle_v2
Tabu Search,20,4,0.75,2,12.034253939977804,95.0,19,1,0.002016100000000076,0.001477399999999962,0.000933899999999932,0.0005435000000000301,0.0005346000000001627,10,9,11,575.0668417949756,4,6;5;5;3,paper_multivehicle_v2
Tabu Search,20,4,0.75,3,10.270496494946864,95.0,19,1,0.0018500999999999657,0.0011465999999999976,0.0005246999999999336,0.0006219000000000641,0.0005926999999998905,10,7,11,617.1266398731761,4,7;5;4;3,paper_multivehicle_v2
Tabu Search,20,4,0.75,4,14.119206793508543,95.0,19,1,0.002782700000000027,0.0019700999999996416,0.0010265999999998776,0.000943499999999764,0.0009222999999998205,10,8,11,611.3940065038724,4,5;6;4;4,paper_multivehicle_v2
Tabu Search,20,4,0.75,5,11.392436049632003,100.0,20,0,0.0017359000000001235,0.0012589000000000627,0.0007467000000001001,0.0005121999999999627,0.0004971999999998644,10,8,11,649.5133347644793,4,6;6;5;3,paper_multivehicle_v2
Tabu Search,20,4,0.75,6,11.762860693121906,90.0,18,2,0.0013628000000001084,0.0008292000000000854,6.599999999989947e-05,0.000763200000000186,0.0007459000000000771,10,8,11,640.9817255717135,4,5;5;4;4,paper_multivehicle_v2
Tabu Search,20,4,0.75,7,12.29421518400494,100.0,20,0,0.0027543999999999347,0.0018007999999993807,0.000791499999999834,0.0010092999999995467,0.000995799999999658,10,9,11,618.5376850439363,4,6;5;5;4,paper_multivehicle_v2
Tabu Search,20,4,0.75,8,10.389071778167938,85.0,17,3,0.0013452000000000464,0.0008882999999995089,8.529999999984383e-05,0.0008029999999996651,0.0007974999999997845,10,9,11,602.3957506732074,4,6;4;4;3,paper_multivehicle_v2
Tabu Search,20,4,0.75,9,12.85301329287859,100.0,20,0,0.0023857999999998825,0.001738699999999982,0.0010145999999999766,0.0007241000000000053,0.0007156999999999858,10,9,11,656.4191122070256,4,6;5;5;4,paper_multivehicle_v2
Tabu Search,20,4,0.75,10,12.093836523659878,95.0,19,1,0.0027850000000000374,0.0021690000000003096,0.0014343000000001105,0.0007347000000001991,0.0007185000000000663,10,8,11,629.505579689687,4,7;4;4;4,paper_multivehicle_v2
Tabu Search,20,4,0.75,11,11.639038360992634,95.0,19,1,0.002901700000000007,0.0014835999999995853,0.0005908999999999498,0.0008926999999996355,0.0008846999999996275,10,9,11,578.7107845209058,4,5;5;4;5,paper_multivehicle_v2
Tabu Search,20,4,0.75,12,12.330419607718422,100.0,20,0,0.002114200000000066,0.0014953999999998135,0.0007748999999999118,0.0007204999999999018,0.0007043999999998274,10,8,11,704.6861737541241,4,7;5;4;4,paper_multivehicle_v2
Tabu Search,20,4,0.75,13,10.696097958226433,100.0,20,0,0.017479500000000092,0.01663329999999963,0.013260599999999956,0.003372699999999673,0.003344899999999873,10,7,11,643.4652303255468,4,7;6;3;4,paper_multivehicle_v2
Tabu Search,20,4,0.75,14,11.321135831306986,95.0,19,1,0.0014032999999999962,0.0008569000000002713,0.00018399999999996197,0.0006729000000003094,0.0006633000000002554,10,9,11,662.7615372607792,4,6;5;5;3,paper_multivehicle_v2
Tabu Search,20,4,0.75,15,11.964729512273244,100.0,20,0,0.002434499999999895,0.0018127000000003335,0.000763200000000186,0.0010495000000001475,0.0010309000000003898,10,8,11,605.3178163883717,4,6;6;4;4,paper_multivehicle_v2
Tabu Search,20,4,0.75,16,10.819573352063566,95.0,19,1,0.002520399999999867,0.001544299999999721,9.030000000009863e-05,0.0014539999999996223,0.0014367999999997938,10,9,11,663.7021715173266,4,7;5;4;3,paper_multivehicle_v2
Tabu Search,20,4,0.75,17,13.22299541279034,100.0,20,0,0.00235530000000006,0.0015734999999996724,0.0008878999999999415,0.0006855999999997309,0.0006604999999997307,10,7,11,671.465984064218,4,6;5;4;5,paper_multivehicle_v2
Tabu Search,20,4,0.75,18,11.67836934815046,95.0,19,1,0.0017882000000000176,0.001207499999999584,0.0005041999999999547,0.0007032999999996292,0.000679499999999722,10,7,11,596.6728603825254,4,5;6;4;4,paper_multivehicle_v2
Tabu Search,20,4,0.75,19,11.888612940008908,100.0,20,0,0.0021489999999999565,0.0015346999999996669,0.0008048999999998863,0.0007297999999997806,0.0007128999999999053,10,8,11,633.1834290210345,4,5;5;6;4,paper_multivehicle_v2
Tabu Search,20,4,0.75,20,10.86031837178094,95.0,19,1,0.0014759000000001965,0.0008791000000001326,0.0001516000000001405,0.000727499999999992,0.0007199999999998319,10,9,11,590.245334904527,4,6;6;4;3,paper_multivehicle_v2
Tabu Search,35,7,0.1,1,16.471522546149334,100.0,35,0,0.7597341,0.7585984000000003,0.6755374000000001,0.08306100000000027,0.08302350000000014,10,6,11,618.4172919190307,7,7;5;5;5;4;4;5,paper_multivehicle_v2
Tabu Search,35,7,0.1,2,18.054895755955602,100.0,35,0,0.894147,0.8933066999999999,0.7976837000000001,0.09562299999999979,0.09559580000000012,10,4,11,596.1034021895999,7,6;4;5;5;5;5;5,paper_multivehicle_v2
Tabu Search,35,7,0.1,3,15.490777484155279,100.0,35,0,0.5117528999999998,0.5107022999999999,0.43636129999999995,0.07434099999999999,0.07432209999999984,10,8,11,631.9869891494094,7,7;4;6;5;4;4;5,paper_multivehicle_v2
Tabu Search,35,7,0.1,4,17.08143203892771,100.0,35,0,0.6215569999999999,0.6204980999999998,0.5416300999999999,0.07886799999999994,0.07882730000000016,10,6,11,589.3942082227862,7,7;4;4;5;4;6;5,paper_multivehicle_v2
Tabu Search,35,7,0.1,5,17.361126349067245,100.0,35,0,0.7103381,0.7090965,0.5518233000000001,0.1572731999999999,0.15721509999999994,10,5,11,579.0050503762308,7,8;4;4;5;5;4;5,paper_multivehicle_v2
Tabu Search,35,7,0.1,6,14.601263468493176,100.0,35,0,0.5480369999999999,0.5456602000000002,0.3706578999999999,0.17500230000000028,0.17495700000000003,10,6,11,627.0974266253056,7,6;6;4;5;5;4;5,paper_multivehicle_v2
Tabu Search,35,7,0.1,7,14.551117665896992,100.0,35,0,0.7633656000000002,0.7622535999999998,0.5554292999999999,0.20682429999999985,0.2067889999999999,10,6,11,568.2326470191165,7,6;5;6;4;4;5;5,paper_multivehicle_v2
Tabu Search,35,7,0.1,8,15.951460569714943,100.0,35,0,0.8130944,0.8119735999999995,0.6651834000000001,0.14679019999999943,0.14674919999999947,10,6,11,583.5857133006284,7,6;5;4;5;6;5;4,paper_multivehicle_v2
Tabu Search,35,7,0.1,9,19.07181486144628,100.0,35,0,0.7675080999999999,0.7665205999999998,0.5400765999999999,0.22644399999999987,0.2264084999999998,10,6,11,600.4325537385968,7,5;5;5;5;5;6;4,paper_multivehicle_v2
Tabu Search,35,7,0.1,10,15.184933490846637,100.0,35,0,0.5065255,0.505331,0.40213600000000005,0.10319499999999993,0.10315969999999997,10,7,11,610.49558706803,7,5;6;6;5;5;4;4,paper_multivehicle_v2
Tabu Search,35,7,0.1,11,14.160529762307895,100.0,35,0,0.6287556000000001,0.6276516000000001,0.5452755,0.08237610000000006,0.08233899999999994,10,6,11,554.3303437365926,7,6;5;6;4;5;5;4,paper_multivehicle_v2
Tabu Search,35,7,0.1,12,15.049790232053741,100.0,35,0,0.451292,0.4500269999999993,0.32250959999999984,0.12751739999999945,0.12749349999999948,10,8,11,599.5533353779809,7,7;6;5;5;4;4;4,paper_multivehicle_v2
Tabu Search,35,7,0.1,13,12.760974006898689,100.0,35,0,0.5189396999999998,0.5182998000000008,0.4554640999999999,0.06283570000000083,0.06280490000000016,10,4,11,560.2620707432844,7,6;5;4;4;6;5;5,paper_multivehicle_v2
Tabu Search,35,7,0.1,14,16.997353321505766,100.0,35,0,0.4896925000000001,0.4891253000000009,0.4134032000000001,0.07572210000000079,0.07570270000000012,10,6,11,611.7526012310299,7,6;5;5;4;5;5;5,paper_multivehicle_v2
Tabu Search,35,7,0.1,15,15.584593921702321,100.0,35,0,0.4384783000000001,0.4377264000000005,0.37769640000000004,0.06003000000000047,0.0599746000000001,10,5,11,587.2007462660592,7,8;4;5;4;5;5;4,paper_multivehicle_v2
Tabu Search,35,7,0.1,16,14.349121072928014,100.0,35,0,0.4862462999999999,0.48533639999999934,0.4354013999999997,0.04993499999999962,0.049886499999999945,10,4,11,576.2548700066651,7,5;6;5;4;5;5;5,paper_multivehicle_v2
Tabu Search,35,7,0.1,17,12.11478492380702,100.0,35,0,0.35113720000000015,0.3506232,0.3230321999999999,0.027591000000000143,0.027567499999999523,10,5,11,536.0357029044876,7,5;5;5;5;6;6;3,paper_multivehicle_v2
Tabu Search,35,7,0.1,18,12.181327762350914,100.0,35,0,0.5548849999999999,0.5542151,0.4914014999999998,0.06281360000000014,0.06278220000000001,10,3,11,559.5110055275369,7,4;6;4;5;5;5;6,paper_multivehicle_v2
Tabu Search,35,7,0.1,19,14.014783383447973,100.0,35,0,0.5495653999999999,0.5489776000000002,0.4604295999999999,0.0885480000000003,0.08852190000000038,10,4,11,569.0505474435728,7,6;5;5;5;4;6;4,paper_multivehicle_v2
Tabu Search,35,7,0.1,20,13.50618697355823,100.0,35,0,0.4556201,0.4550529000000003,0.3869836,0.06806930000000033,0.0680483999999999,10,5,11,599.5323485337929,7,6;5;6;4;6;4;4,paper_multivehicle_v2
Tabu Search,35,7,0.25,1,15.008365804394966,100.0,35,0,0.3276490999999999,0.3264091,0.2885945999999999,0.037814500000000084,0.037746100000000116,10,5,11,561.5843122174846,7,6;5;5;5;5;4;5,paper_multivehicle_v2
Tabu Search,35,7,0.25,2,16.975593272032405,100.0,35,0,0.17741459999999987,0.1767748,0.1740199,0.0027549000000000046,0.002749700000000077,10,9,11,594.5357987687175,7,6;5;5;6;5;4;4,paper_multivehicle_v2
Tabu Search,35,7,0.25,3,18.68093209468617,100.0,35,0,0.2024151999999999,0.20145270000000015,0.19380819999999988,0.007644500000000276,0.007634900000000222,10,9,11,682.8023405796315,7,7;6;5;5;5;4;3,paper_multivehicle_v2
Tabu Search,35,7,0.25,4,15.098701633135112,100.0,35,0,0.29177540000000013,0.2910775999999997,0.23064909999999994,0.060428499999999774,0.060418699999999825,10,8,11,593.0311512723355,7,6;5;6;5;5;5;3,paper_multivehicle_v2
Tabu Search,35,7,0.25,5,13.900532548060195,100.0,35,0,0.3476076000000001,0.34653759999999956,0.2928253999999999,0.053712199999999655,0.05366919999999986,10,6,11,572.0217365626187,7,5;5;6;6;4;4;5,paper_multivehicle_v2
Tabu Search,35,7,0.25,6,21.201259623930625,100.0,35,0,0.16526050000000003,0.16400250000000005,0.11949229999999988,0.044510200000000166,0.044498700000000335,10,9,11,639.1004097620632,7,5;5;7;6;3;6;3,paper_multivehicle_v2
Tabu Search,35,7,0.25,7,11.317117140901528,100.0,35,0,0.29095890000000013,0.28993160000000007,0.23998319999999995,0.049948400000000115,0.0499042999999999,10,5,11,550.7106781186548,7,7;5;6;5;4;4;4,paper_multivehicle_v2
Tabu Search,35,7,0.25,8,16.51551865108632,100.0,35,0,0.42644379999999993,0.4253577000000004,0.31167389999999995,0.11368380000000045,0.11365010000000009,10,6,11,575.4148835350125,7,5;4;5;5;5;6;5,paper_multivehicle_v2
Tabu Search,35,7,0.25,9,17.53980895751891,100.0,35,0,0.2483228999999998,0.24716740000000037,0.19439719999999983,0.052770200000000544,0.052770200000000544,10,10,11,604.4095373926779,7,7;6;5;4;5;5;3,paper_multivehicle_v2
Tabu Search,35,7,0.25,10,19.344932216180553,100.0,35,0,0.25145339999999994,0.2503519000000003,0.20509409999999995,0.04525780000000035,0.04524700000000026,10,9,11,678.3975864182518,7,8;5;4;5;6;4;3,paper_multivehicle_v2
Tabu Search,35,7,0.25,11,13.268144329087159,100.0,35,0,0.3717697000000002,0.37075499999999995,0.3078366000000001,0.06291839999999982,0.06288239999999967,10,6,11,568.3179611251823,7,8;5;3;5;5;5;4,paper_multivehicle_v2
Tabu Search,35,7,0.25,12,17.465059132952774,100.0,35,0,0.2281493000000001,0.2270283000000004,0.20233659999999998,0.024691700000000427,0.0246641000000003,10,8,11,719.5546004084632,7,8;6;5;4;4;4;4,paper_multivehicle_v2
Tabu Search,35,7,0.25,13,16.266099836311135,100.0,35,0,0.2397168999999999,0.23873950000000033,0.17409909999999984,0.06464040000000049,0.06461890000000059,10,8,11,626.9068093476717,7,7;5;6;4;4;5;4,paper_multivehicle_v2
Tabu Search,35,7,0.25,14,17.32447121454792,100.0,35,0,0.2826352000000001,0.28169920000000026,0.18586269999999994,0.09583650000000032,0.09581430000000024,10,8,11,606.5124282826546,7,7;6;4;4;5;5;4,paper_multivehicle_v2
Tabu Search,35,7,0.25,15,13.951757923993489,100.0,35,0,0.3199592,0.3192071999999999,0.2939784999999999,0.025228699999999993,0.025202999999999864,10,6,11,549.4046107978426,7,7;5;5;4;5;5;4,paper_multivehicle_v2
Tabu Search,35,7,0.25,16,15.825478430912648,100.0,35,0,0.11435580000000001,0.11335419999999963,0.10073330000000014,0.01262089999999949,0.012613199999999436,10,9,11,594.6154342431555,7,8;7;5;3;4;4;4,paper_multivehicle_v2
Tabu Search,35,7,0.25,17,18.366239440243838,100.0,35,0,0.1754633000000001,0.17468389999999978,0.1442992999999999,0.030384599999999873,0.030372599999999972,10,8,11,642.9699910540847,7,7;6;6;5;4;3;4,paper_multivehicle_v2
Tabu Search,35,7,0.25,18,15.277726667864526,100.0,35,0,0.3326134999999999,0.3319226000000004,0.27431890000000014,0.05760370000000026,0.05757290000000026,10,6,11,641.1001449823824,7,6;5;5;4;6;5;4,paper_multivehicle_v2
Tabu Search,35,7,0.25,19,13.966963504367493,100.0,35,0,0.2994313000000002,0.29880130000000027,0.2831380000000001,0.015663300000000158,0.015640800000000343,10,5,11,593.5757496949665,7,5;5;6;6;5;4;4,paper_multivehicle_v2
Tabu Search,35,7,0.25,20,13.59572936744033,100.0,35,0,0.22582079999999993,0.22524369999999982,0.2055298000000001,0.01971389999999973,0.01969379999999976,10,6,11,561.3203541556479,7,7;6;4;4;5;5;4,paper_multivehicle_v2
Tabu Search,35,7,0.5,1,19.105176391760466,100.0,35,0,0.006610800000000028,0.005622499999999864,0.004440900000000081,0.0011815999999997828,0.0011815999999997828,10,10,11,601.742124653512,7,6;6;5;5;5;5;3,paper_multivehicle_v2
Tabu Search,35,7,0.5,2,17.332630139436915,100.0,35,0,0.04025829999999986,0.03888619999999987,0.03299169999999996,0.005894499999999914,0.0058757999999996535,10,8,11,638.3741711285603,7,7;7;6;5;4;3;3,paper_multivehicle_v2
Tabu Search,35,7,0.5,3,16.013174082245687,100.0,35,0,0.046148600000000206,0.04526259999999982,0.03764410000000007,0.0076184999999997505,0.007599999999999829,10,8,11,622.7308492477241,7,5;5;6;5;5;5;4,paper_multivehicle_v2
Tabu Search,35,7,0.5,4,19.962045726023945,100.0,35,0,0.06201049999999997,0.06099870000000007,0.0577569,0.0032418000000000724,0.0032322000000002404,10,9,11,651.0316938207976,7,8;6;5;5;5;3;3,paper_multivehicle_v2
Tabu Search,35,7,0.5,5,18.757262821502167,100.0,35,0,0.04835070000000008,0.04766280000000034,0.040917800000000115,0.006745000000000223,0.0067398000000000735,10,9,11,615.2369625653831,7,6;6;6;4;5;4;4,paper_multivehicle_v2
Tabu Search,35,7,0.5,6,18.61890631252999,97.14285714285714,34,1,0.07263129999999984,0.0716325999999996,0.06951719999999995,0.0021153999999996564,0.002088299999999821,10,7,11,641.2391771595213,7,5;6;5;5;5;4;4,paper_multivehicle_v2
Tabu Search,35,7,0.5,7,18.199678838336034,100.0,35,0,0.10175289999999992,0.1009171999999996,0.0886266,0.012290599999999596,0.012274299999999627,10,7,11,639.8940012640526,7,7;6;5;6;4;4;3,paper_multivehicle_v2
Tabu Search,35,7,0.5,8,20.972072758613304,100.0,35,0,0.02366009999999985,0.023123600000000133,0.021663599999999894,0.0014600000000002389,0.001449900000000115,10,8,11,670.3725290369164,7,7;6;4;6;4;5;3,paper_multivehicle_v2
Tabu Search,35,7,0.5,9,14.644843046529386,100.0,35,0,0.04167579999999993,0.04073739999999959,0.03834920000000008,0.0023881999999995074,0.002378999999999465,10,9,11,639.1615702621546,7,8;7;5;3;4;4;4,paper_multivehicle_v2
Tabu Search,35,7,0.5,10,21.965766429374955,100.0,35,0,0.006513800000000014,0.005759000000000292,0.004190600000000044,0.0015684000000002474,0.0015684000000002474,10,10,11,654.4891776380841,7,8;7;6;5;4;3;2,paper_multivehicle_v2
Tabu Search,35,7,0.5,11,16.998839519176162,100.0,35,0,0.13320050000000005,0.132546099999999,0.10511650000000006,0.027429599999998944,0.027413099999999302,10,7,11,606.7865473630708,7,6;5;6;4;5;5;4,paper_multivehicle_v2
Tabu Search,35,7,0.5,12,17.132354603871743,100.0,35,0,0.009539699999999929,0.008656400000000009,0.006907999999999914,0.0017484000000000943,0.0016944000000000958,10,9,11,573.9414711402796,7,8;6;6;5;4;3;3,paper_multivehicle_v2
Tabu Search,35,7,0.5,13,20.126934378211377,100.0,35,0,0.01555480000000009,0.015049399999999657,0.013090400000000058,0.0019589999999996,0.0019478999999997804,10,8,11,710.3027204040741,7,8;7;5;4;3;4;4,paper_multivehicle_v2
Tabu Search,35,7,0.5,14,22.458444998122193,100.0,35,0,0.00419959999999997,0.003457699999999786,0.001861099999999949,0.001596599999999837,0.001596599999999837,10,10,11,677.5110873064676,7,6;5;7;5;5;5;2,paper_multivehicle_v2
Tabu Search,35,7,0.5,15,18.771099876451036,100.0,35,0,0.04444340000000002,0.043122900000000186,0.040307300000000046,0.00281560000000014,0.0027991000000000543,10,9,11,661.6733773488402,7,5;5;5;7;6;3;4,paper_multivehicle_v2
Tabu Search,35,7,0.5,16,18.977210692808853,100.0,35,0,0.013389300000000048,0.01288180000000061,0.011935500000000099,0.0009463000000005106,0.0009463000000005106,10,10,11,635.0351524177923,7,6;6;6;6;4;4;3,paper_multivehicle_v2
Tabu Search,35,7,0.5,17,18.244240595504206,100.0,35,0,0.00529399999999991,0.004520799999999436,0.0025711999999999957,0.0019495999999994407,0.0019394999999995388,10,9,11,550.8378429936994,7,6;7;5;5;6;4;2,paper_multivehicle_v2
Tabu Search,35,7,0.5,18,20.386676397872144,100.0,35,0,0.03463439999999984,0.03411260000000005,0.03264050000000007,0.0014720999999999762,0.0014720999999999762,10,10,11,665.0970784247618,7,6;7;5;5;5;4;3,paper_multivehicle_v2
Tabu Search,35,7,0.5,19,18.396632954907176,100.0,35,0,0.03390709999999997,0.03310159999999951,0.030735500000000027,0.0023660999999994825,0.0023566999999995453,10,9,11,639.5356428280364,7,8;7;6;4;4;3;3,paper_multivehicle_v2
Tabu Search,35,7,0.5,20,15.99725506499262,100.0,35,0,0.0787483,0.0781774000000004,0.07207240000000015,0.006105000000000249,0.0060995000000001465,10,9,11,558.644770964127,7,6;7;6;5;3;4;4,paper_multivehicle_v2
Tabu Search,35,7,0.75,1,20.2273397582003,100.0,35,0,0.006154500000000063,0.00509409999999999,0.0035965000000000025,0.0014975999999999878,0.0014975999999999878,10,10,11,582.1410608098678,7,7;6;7;5;5;3;2,paper_multivehicle_v2
Tabu Search,35,7,0.75,2,18.912688226828415,100.0,35,0,0.005062399999999911,0.0036428999999997824,0.0016446999999999434,0.001998199999999839,0.001998199999999839,10,10,11,638.5959543101577,7,7;6;5;5;6;4;2,paper_multivehicle_v2
Tabu Search,35,7,0.75,3,17.466256811516132,100.0,35,0,0.007897199999999938,0.006697799999999754,0.004521400000000009,0.002176399999999745,0.0021609999999996354,10,9,11,568.9149728569656,7,6;6;6;5;5;5;2,paper_multivehicle_v2
Tabu Search,35,7,0.75,4,18.782544116522086,100.0,35,0,0.004369999999999985,0.0027906000000008646,0.0005829000000001638,0.0022077000000007008,0.0022077000000007008,10,10,11,659.913278638865,7,5;6;6;5;5;4;4,paper_multivehicle_v2
Tabu Search,35,7,0.75,5,19.157655002837135,100.0,35,0,0.0026088000000001887,0.0016850000000001586,0.00029300000000009874,0.0013920000000000599,0.0013920000000000599,10,10,11,618.2227056949674,7,7;6;6;5;5;3;3,paper_multivehicle_v2
Tabu Search,35,7,0.75,6,22.020292344024554,100.0,35,0,0.0038970000000000393,0.0028341000000002836,0.001197899999999974,0.0016362000000003096,0.0016362000000003096,10,10,11,655.6952078306304,7,7;5;6;6;5;4;2,paper_multivehicle_v2
Tabu Search,35,7,0.75,7,24.85402314588442,100.0,35,0,0.0032655999999999796,0.0023852999999995905,0.0010596999999998857,0.0013255999999997048,0.0013255999999997048,10,10,11,632.9499343974267,7,6;5;6;6;5;3;4,paper_multivehicle_v2
Tabu Search,35,7,0.75,8,23.973610617785234,97.14285714285714,34,1,0.004202999999999957,0.0033495000000001163,0.001961400000000113,0.0013881000000000032,0.0013881000000000032,10,10,11,662.9296276589043,7,5;6;6;5;6;3;3,paper_multivehicle_v2
Tabu Search,35,7,0.75,9,18.044498412095173,100.0,35,0,0.00313500000000011,0.002088899999999727,0.0005030999999999786,0.0015857999999997485,0.0015857999999997485,10,10,11,651.1225717389518,7,6;6;6;6;5;3;3,paper_multivehicle_v2
Tabu Search,35,7,0.75,10,18.869457925033753,97.14285714285714,34,1,0.004715000000000025,0.003709200000000079,0.0016254999999998354,0.0020837000000002437,0.0020837000000002437,10,10,11,579.4749641524393,7,6;6;5;6;4;4;3,paper_multivehicle_v2
Tabu Search,35,7,0.75,11,17.737553571363705,100.0,35,0,0.005718899999999971,0.0046514999999998086,0.0025354000000001875,0.002116099999999621,0.002116099999999621,10,10,11,595.8638391619006,7,6;7;5;6;4;3;4,paper_multivehicle_v2
Tabu Search,35,7,0.75,12,19.082670669419013,100.0,35,0,0.005775099999999922,0.004423300000000019,0.002165099999999809,0.00225820000000021,0.00225820000000021,10,10,11,605.8305472383058,7,8;6;6;5;4;3;3,paper_multivehicle_v2
Tabu Search,35,7,0.75,13,18.70274560342715,100.0,35,0,0.002798200000000195,0.0018871000000000304,0.00046400000000001995,0.0014231000000000105,0.0014231000000000105,10,10,11,647.2450502263081,7,8;8;5;6;3;3;2,paper_multivehicle_v2
Tabu Search,35,7,0.75,14,21.572616980235402,100.0,35,0,0.00501129999999983,0.003989200000000137,0.0017996000000000123,0.0021896000000001248,0.0021896000000001248,10,10,11,678.7577718382545,7,7;6;7;6;5;3;1,paper_multivehicle_v2
Tabu Search,35,7,0.75,15,19.816600899069037,100.0,35,0,0.003706500000000057,0.0029183999999997656,0.0014655999999999558,0.0014527999999998098,0.0014527999999998098,10,10,11,696.1887527603368,7,7;6;6;6;4;3;3,paper_multivehicle_v2
Tabu Search,35,7,0.75,16,18.417975627212854,100.0,35,0,0.006237899999999907,0.005242100000000471,0.0029814999999999703,0.002260600000000501,0.002248800000000717,10,9,11,598.5395715286063,7,7;6;6;5;4;3;4,paper_multivehicle_v2
Tabu Search,35,7,0.75,17,17.21895147866807,100.0,35,0,0.019822400000000018,0.01869239999999972,0.016697900000000043,0.001994499999999677,0.00198089999999973,10,9,11,598.3713852516984,7,7;6;7;5;5;3;2,paper_multivehicle_v2
Tabu Search,35,7,0.75,18,20.51279728907307,100.0,35,0,0.0033019000000000798,0.0021537999999996504,0.00033549999999982205,0.0018182999999998284,0.0018182999999998284,10,10,11,663.5978284974193,7,6;6;6;4;6;4;3,paper_multivehicle_v2
Tabu Search,35,7,0.75,19,21.518135048075138,100.0,35,0,0.004072499999999923,0.00268759999999979,0.0010031999999999819,0.0016843999999998083,0.0016843999999998083,10,10,11,627.1160801342764,7,6;6;6;5;5;5;2,paper_multivehicle_v2
Tabu Search,35,7,0.75,20,21.378923329369126,100.0,35,0,0.003104400000000007,0.0023468000000002043,0.0011015999999999249,0.0012452000000002794,0.0012452000000002794,10,10,11,681.7514044797217,7,7;6;6;6;5;3;2,paper_multivehicle_v2
Tabu Search,50,10,0.1,1,21.881321638370768,100.0,50,0,0.6914016000000001,0.6898520000000001,0.5537524,0.1360996000000001,0.13606170000000017,10,7,11,626.3001470327813,10,6;7;6;5;5;4;4;4;4;5,paper_multivehicle_v2
Tabu Search,50,10,0.1,2,23.609092378889407,100.0,50,0,0.9474003999999998,0.9460932,0.7569423,0.1891509,0.1891111999999997,10,6,11,590.7519751516875,10,7;5;5;4;6;5;5;4;4;5,paper_multivehicle_v2
Tabu Search,50,10,0.1,3,21.221951053078833,100.0,50,0,0.8395512,0.8384006000000004,0.7592124,0.07918820000000037,0.07914850000000029,10,6,11,565.5862138431185,10,5;5;6;5;5;4;5;5;4;6,paper_multivehicle_v2
Tabu Search,50,10,0.1,4,21.533851095411485,100.0,50,0,0.8922606999999998,0.8908505000000004,0.6975538000000001,0.19329670000000032,0.1932611000000004,10,7,11,581.6716026189124,10,7;6;4;5;5;4;4;5;5;5,paper_multivehicle_v2
Tabu Search,50,10,0.1,5,19.926449255737545,100.0,50,0,0.5575379,0.5561823000000001,0.4534172000000001,0.10276510000000005,0.10267670000000018,10,7,11,567.7604949147649,10,5;6;5;6;5;5;5;5;4;4,paper_multivehicle_v2
Tabu Search,50,10,0.1,6,20.910256976526124,100.0,50,0,0.8193835,0.8181101000000008,0.6364481,0.18166200000000088,0.1816184000000005,10,6,11,596.5526770835828,10,7;6;4;4;4;6;3;5;5;6,paper_multivehicle_v2
Tabu Search,50,10,0.1,7,17.208555525672516,100.0,50,0,0.6841491,0.6829298999999995,0.5545186,0.12841129999999956,0.12837019999999977,10,6,11,623.092909756155,10,6;7;5;5;5;5;5;4;4;4,paper_multivehicle_v2
Tabu Search,50,10,0.1,8,16.865095209466183,100.0,50,0,1.0308730000000002,1.0295393000000004,0.8112955,0.21824380000000043,0.21818230000000072,10,4,11,567.1687578272266,10,6;6;5;4;4;5;5;5;6;4,paper_multivehicle_v2
Tabu Search,50,10,0.1,9,19.907779662793114,100.0,50,0,1.1470463999999998,1.1461904999999992,0.8019548000000001,0.34423569999999915,0.3442073999999997,10,5,11,580.498756211209,10,6;6;6;6;5;4;3;6;4;4,paper_multivehicle_v2
Tabu Search,50,10,0.1,10,17.82478021902983,100.0,50,0,0.9119141000000002,0.9108977000000007,0.715225,0.1956727000000007,0.19564169999999992,10,4,11,552.8010988928052,10,5;5;6;5;5;4;5;4;6;5,paper_multivehicle_v2
Tabu Search,50,10,0.1,11,16.009416644399035,100.0,50,0,0.7935033,0.7923070999999999,0.7198726,0.07243449999999996,0.07238710000000004,10,5,11,610.2668919286275,10,5;7;5;5;4;4;5;6;4;5,paper_multivehicle_v2
Tabu Search,50,10,0.1,12,19.560057021642777,100.0,50,0,0.7899130000000001,0.7884703999999989,0.6774792000000001,0.11099119999999885,0.11095619999999884,10,7,11,577.9438614717635,10,6;7;5;5;5;4;5;5;4;4,paper_multivehicle_v2
Tabu Search,50,10,0.1,13,18.411066442928842,100.0,50,0,0.7660922999999997,0.7649042000000004,0.6414981,0.12340610000000041,0.12336789999999986,10,5,11,556.4198926981712,10,5;6;4;5;6;5;5;4;5;5,paper_multivehicle_v2
Tabu Search,50,10,0.1,14,23.94560948752808,100.0,50,0,0.5455774999999998,0.5449173000000003,0.4943295999999999,0.050587700000000346,0.05057720000000021,10,8,11,592.538882169675,10,7;6;6;5;3;4;4;5;5;5,paper_multivehicle_v2
Tabu Search,50,10,0.1,15,17.98485742038914,100.0,50,0,0.7687126000000002,0.7675211000000011,0.6338658000000001,0.13365530000000092,0.13362940000000068,10,5,11,555.1664818918646,10,6;4;5;5;5;5;5;5;5;5,paper_multivehicle_v2
Tabu Search,50,10,0.1,16,22.28070452457904,100.0,50,0,0.7720948999999999,0.7711676999999999,0.5758947000000001,0.1952729999999998,0.1952474999999998,10,5,11,601.8236430254817,10,6;6;6;5;5;4;4;5;5;4,paper_multivehicle_v2
Tabu Search,50,10,0.1,17,18.259000027434233,100.0,50,0,0.7485214,0.7478314000000006,0.6226737000000002,0.12515770000000037,0.12512709999999982,10,4,11,559.3095202355934,10,7;5;4;5;5;5;6;4;4;5,paper_multivehicle_v2
Tabu Search,50,10,0.1,18,20.82080721150821,100.0,50,0,0.5641581,0.5632731999999996,0.49694870000000013,0.06632449999999945,0.0662988999999996,10,5,11,645.8875083079372,10,6;6;5;5;4;4;5;4;5;6,paper_multivehicle_v2
Tabu Search,50,10,0.1,19,17.05963593979563,100.0,50,0,0.6411172,0.6402417000000002,0.5605461000000003,0.07969559999999998,0.07966089999999992,10,3,11,565.8661749468322,10,5;5;4;5;5;5;5;5;6;5,paper_multivehicle_v2
Tabu Search,50,10,0.1,20,19.4995825049471,100.0,50,0,0.6920994999999999,0.6911861000000008,0.5708478000000001,0.12033830000000068,0.1203167000000005,10,6,11,604.6392152136447,10,5;5;5;6;4;6;6;5;3;5,paper_multivehicle_v2
Tabu Search,50,10,0.25,1,25.139087380193477,100.0,50,0,0.36544280000000007,0.364452,0.33056890000000005,0.033883099999999944,0.03387129999999994,10,8,11,663.6116573452977,10,6;5;5;7;5;5;5;4;4;4,paper_multivehicle_v2
Tabu Search,50,10,0.25,2,28.2510723088437,100.0,50,0,0.2668627000000001,0.26573310000000006,0.24526530000000002,0.020467800000000036,0.02044580000000007,10,8,11,625.1352923832178,10,6;5;7;7;5;5;4;4;3;4,paper_multivehicle_v2
Tabu Search,50,10,0.25,3,19.880333304611067,100.0,50,0,0.4906997000000002,0.48943150000000024,0.4542869999999999,0.035144500000000356,0.035123600000000144,10,8,11,600.0827484871616,10,7;7;6;5;4;5;4;4;4;4,paper_multivehicle_v2
Tabu Search,50,10,0.25,4,19.88662877497395,100.0,50,0,0.2737425,0.27298129999999987,0.26277930000000005,0.010201999999999822,0.01018259999999982,10,7,11,589.0008283163228,10,5;7;5;5;5;5;5;5;4;4,paper_multivehicle_v2
Tabu Search,50,10,0.25,5,25.847423533729692,100.0,50,0,0.16535579999999994,0.16389149999999986,0.15301429999999994,0.01087719999999992,0.010855899999999918,10,9,11,653.2956698873783,10,7;6;5;6;5;5;5;4;4;3,paper_multivehicle_v2
Tabu Search,50,10,0.25,6,24.520913095951794,100.0,50,0,0.2674288,0.2663225,0.24949660000000007,0.01682589999999995,0.01682589999999995,10,10,11,619.6418562936893,10,6;6;6;5;5;5;5;4;4;4,paper_multivehicle_v2
Tabu Search,50,10,0.25,7,20.481365266137647,100.0,50,0,0.2809252999999998,0.2801309999999999,0.2594147,0.02071629999999991,0.020698399999999895,10,7,11,568.5437744847146,10,6;7;6;5;5;4;4;5;4;4,paper_multivehicle_v2
Tabu Search,50,10,0.25,8,22.117833649911393,100.0,50,0,0.21678999999999982,0.21559740000000027,0.19807640000000015,0.01752100000000012,0.017489700000000052,10,7,11,572.5666998022083,10,5;5;5;5;6;7;5;5;3;4,paper_multivehicle_v2
Tabu Search,50,10,0.25,9,21.62529509416586,100.0,50,0,0.35234659999999995,0.3511171999999998,0.32456189999999996,0.026555299999999837,0.026535399999999765,10,8,11,555.0066663703967,10,7;5;6;6;5;4;4;5;4;4,paper_multivehicle_v2
Tabu Search,50,10,0.25,10,22.31266544865781,100.0,50,0,0.41661480000000006,0.4151622000000006,0.3731947,0.0419675000000006,0.041954400000000724,10,9,11,573.407708461347,10,6;7;6;6;4;4;3;5;5;4,paper_multivehicle_v2
Tabu Search,50,10,0.25,11,24.591982774108153,100.0,50,0,0.2327028000000002,0.23194280000000012,0.20390430000000004,0.028038500000000077,0.028038500000000077,10,10,11,638.2163638101389,10,7;6;6;6;7;4;3;4;3;4,paper_multivehicle_v2
Tabu Search,50,10,0.25,12,22.22510336364592,100.0,50,0,0.2886253000000001,0.2878694999999998,0.2710515,0.016817999999999778,0.016817999999999778,10,10,11,626.1145842372969,10,6;6;6;5;5;5;5;5;4;3,paper_multivehicle_v2
Tabu Search,50,10,0.25,13,26.03469797032583,100.0,50,0,0.22371810000000014,0.22299089999999988,0.1995243,0.023466599999999893,0.023460999999999954,10,9,11,654.7962400541714,10,7;7;5;6;5;4;5;4;4;3,paper_multivehicle_v2
Tabu Search,50,10,0.25,14,24.961155983722065,100.0,50,0,0.41925219999999985,0.4185507999999998,0.32650350000000006,0.09204729999999972,0.09203589999999973,10,8,11,675.8473717772854,10,6;5;6;6;5;4;5;4;5;4,paper_multivehicle_v2
Tabu Search,50,10,0.25,15,19.78787196938857,100.0,50,0,0.34588869999999994,0.34519719999999987,0.322276,0.022921199999999864,0.022899199999999897,10,6,11,564.3800924389159,10,6;5;5;5;5;5;5;5;4;5,paper_multivehicle_v2
Tabu Search,50,10,0.25,16,22.26597278561113,100.0,50,0,0.3688547,0.36809930000000013,0.30369650000000004,0.0644028000000001,0.0644028000000001,10,10,11,579.1001872641382,10,5;5;7;5;6;6;5;3;4;4,paper_multivehicle_v2
Tabu Search,50,10,0.25,17,18.722179499557434,100.0,50,0,0.24432929999999997,0.2433052999999996,0.21372250000000004,0.029582799999999576,0.029574199999999662,10,9,11,587.8240399607266,10,6;6;5;6;5;5;5;6;3;3,paper_multivehicle_v2
Tabu Search,50,10,0.25,18,24.02154723103524,100.0,50,0,0.46325879999999997,0.4625459999999997,0.36904709999999996,0.09349889999999972,0.09347809999999979,10,7,11,605.8729518204765,10,7;7;5;5;5;5;4;4;3;5,paper_multivehicle_v2
Tabu Search,50,10,0.25,19,21.118244727690076,100.0,50,0,0.33975140000000015,0.3387946999999998,0.29982529999999996,0.03896939999999982,0.03894579999999981,10,8,11,579.6393496566492,10,7;6;5;5;5;5;4;5;4;4,paper_multivehicle_v2
Tabu Search,50,10,0.25,20,24.169336901946775,100.0,50,0,0.19901720000000012,0.19788359999999994,0.144177,0.05370659999999994,0.053697899999999965,10,9,11,694.8484671675006,10,5;7;6;5;5;5;4;4;4;5,paper_multivehicle_v2
Tabu Search,50,10,0.5,1,28.50314121700225,100.0,50,0,0.022386799999999818,0.020881100000000874,0.01726250000000018,0.0036186000000006935,0.0036186000000006935,10,10,11,650.7855540421928,10,6;8;5;6;5;5;4;5;3;3,paper_multivehicle_v2
Tabu Search,50,10,0.5,2,26.244705385701444,100.0,50,0,0.05706290000000003,0.05585089999999959,0.050874399999999875,0.004976499999999717,0.004976499999999717,10,10,11,660.6546388873761,10,8;7;7;5;4;4;4;4;3;4,paper_multivehicle_v2
Tabu Search,50,10,0.5,3,27.289310447211555,100.0,50,0,0.009220899999999865,0.007804100000000425,0.00438840000000007,0.0034157000000003546,0.0034157000000003546,10,10,11,656.6372934279702,10,7;7;6;5;5;5;5;5;3;2,paper_multivehicle_v2
Tabu Search,50,10,0.5,4,21.146497480203937,100.0,50,0,0.04458999999999991,0.04307350000000043,0.0407204000000001,0.00235310000000033,0.00235310000000033,10,10,11,591.9661524392282,10,7;7;7;5;5;4;5;4;3;3,paper_multivehicle_v2
Tabu Search,50,10,0.5,5,26.974164507641994,100.0,50,0,0.057614000000000054,0.05638450000000117,0.051212100000000094,0.005172400000001076,0.005172400000001076,10,10,11,646.9594537751269,10,8;6;4;6;5;5;5;5;3;3,paper_multivehicle_v2
Tabu Search,50,10,0.5,6,23.158144913026092,100.0,50,0,0.04480670000000009,0.043755999999999906,0.0407921,0.0029638999999999083,0.0029638999999999083,10,10,11,597.3881386638959,10,7;6;7;5;6;5;4;4;3;3,paper_multivehicle_v2
Tabu Search,50,10,0.5,7,25.299159523832273,100.0,50,0,0.055136000000000074,0.053650700000000384,0.04684529999999998,0.006805400000000406,0.006805400000000406,10,10,11,675.5485128819093,10,7;8;6;5;5;5;4;3;4;3,paper_multivehicle_v2
Tabu Search,50,10,0.5,8,22.524095237483852,100.0,50,0,0.020463699999999863,0.0193009000000004,0.016011200000000114,0.003289700000000284,0.003279300000000207,10,9,11,577.94024344522,10,7;7;5;5;5;4;6;4;4;3,paper_multivehicle_v2
Tabu Search,50,10,0.5,9,26.234495078656675,100.0,50,0,0.010831100000000093,0.009598299999999949,0.006918800000000003,0.002679499999999946,0.002679499999999946,10,10,11,650.2825727376843,10,7;6;7;7;6;5;4;3;2;3,paper_multivehicle_v2
Tabu Search,50,10,0.5,10,25.936066843473146,100.0,50,0,0.07711950000000001,0.07607760000000008,0.0722265000000002,0.003851099999999885,0.003851099999999885,10,10,11,654.9697366077146,10,7;6;7;5;5;6;4;3;3;4,paper_multivehicle_v2
Tabu Search,50,10,0.5,11,26.005389188955625,100.0,50,0,0.05206109999999997,0.05055410000000027,0.03264149999999999,0.01791260000000028,0.01791260000000028,10,10,11,624.6342790772248,10,6;6;6;5;5;4;5;5;5;3,paper_multivehicle_v2
Tabu Search,50,10,0.5,12,23.278402236516065,100.0,50,0,0.05761710000000009,0.05552489999999999,0.05279950000000011,0.002725399999999878,0.002725399999999878,10,10,11,575.8081017366653,10,7;6;8;7;6;4;3;3;3;3,paper_multivehicle_v2
Tabu Search,50,10,0.5,13,18.38539388902429,100.0,50,0,0.07637530000000003,0.0752507,0.07219259999999994,0.0030581000000000635,0.003046700000000069,10,9,11,542.1603651914407,10,5;8;6;5;6;5;4;4;3;4,paper_multivehicle_v2
Tabu Search,50,10,0.5,14,24.55157785168937,100.0,50,0,0.0760943999999999,0.0748856,0.06821729999999993,0.006668300000000071,0.006658800000000076,10,9,11,655.0508473866988,10,7;6;6;6;5;4;6;4;3;3,paper_multivehicle_v2
Tabu Search,50,10,0.5,15,23.706635873819337,100.0,50,0,0.0526373,0.05168240000000002,0.04977100000000001,0.0019114000000000075,0.0019114000000000075,10,10,11,558.7337200174886,10,7;7;7;6;5;6;4;2;3;3,paper_multivehicle_v2
Tabu Search,50,10,0.5,16,29.171763366792497,100.0,50,0,0.005691900000000194,0.004702699999999949,0.0024686999999998793,0.0022340000000000693,0.0022340000000000693,10,10,11,704.4686165666826,10,7;7;6;6;6;5;4;3;3;3,paper_multivehicle_v2
Tabu Search,50,10,0.5,17,23.374937618955865,100.0,50,0,0.02547009999999994,0.024216300000000412,0.01984230000000009,0.004374000000000322,0.0043629000000005025,10,9,11,630.2930584629831,10,7;6;6;6;5;4;5;4;4;3,paper_multivehicle_v2
Tabu Search,50,10,0.5,18,22.400351137663236,100.0,50,0,0.08058889999999996,0.0797717,0.07011729999999994,0.009654400000000063,0.009647500000000031,10,9,11,626.4937866266336,10,8;6;5;6;5;5;5;3;3;4,paper_multivehicle_v2
Tabu Search,50,10,0.5,19,23.26418444419678,100.0,50,0,0.045272699999999944,0.04462129999999975,0.042977400000000054,0.0016438999999996984,0.0016302999999999734,10,8,11,586.8950488438857,10,7;6;7;6;4;5;4;5;3;3,paper_multivehicle_v2
Tabu Search,50,10,0.5,20,24.38171893676178,100.0,50,0,0.02463090000000001,0.022814999999999586,0.019191199999999853,0.003623799999999733,0.0036025999999997893,10,9,11,613.645218986409,10,7;8;6;5;6;4;4;4;3;3,paper_multivehicle_v2
Tabu Search,50,10,0.75,1,27.104372881396337,98.0,49,1,0.0044847999999999555,0.003177200000000324,0.0007984000000000879,0.0023788000000002363,0.0023788000000002363,10,10,11,657.1283914552946,10,6;6;7;6;5;6;4;3;3;3,paper_multivehicle_v2
Tabu Search,50,10,0.75,2,25.49582916699903,100.0,50,0,0.007384000000000057,0.005493500000000706,0.0023999000000001214,0.0030936000000005848,0.0030936000000005848,10,10,11,644.4649504369717,10,8;6;7;6;5;5;5;4;3;1,paper_multivehicle_v2
Tabu Search,50,10,0.75,3,26.069055622575533,100.0,50,0,0.009283799999999953,0.006555900000000392,0.003562800000000088,0.002993100000000304,0.002993100000000304,10,10,11,607.6802216990743,10,7;6;6;6;5;5;6;4;3;2,paper_multivehicle_v2
Tabu Search,50,10,0.75,4,24.516165559662046,100.0,50,0,0.006082600000000049,0.0044066999999996526,0.0012472999999999512,0.0031593999999997013,0.0031593999999997013,10,10,11,600.0380630018662,10,7;6;8;6;6;6;4;2;3;2,paper_multivehicle_v2
Tabu Search,50,10,0.75,5,23.814952938945723,100.0,50,0,0.0082568999999999,0.006670600000000082,0.003783599999999998,0.002887000000000084,0.002887000000000084,10,10,11,595.2478487638276,10,7;6;6;6;6;4;4;3;4;4,paper_multivehicle_v2
Tabu Search,50,10,0.75,6,23.58899054680242,100.0,50,0,0.006516299999999919,0.004741499999999732,0.0009580999999998507,0.0037833999999998813,0.0037833999999998813,10,10,11,609.1855106545198,10,9;7;8;7;6;4;4;3;1;1,paper_multivehicle_v2
Tabu Search,50,10,0.75,7,21.038739363330773,100.0,50,0,0.0064910000000000245,0.0052602999999997735,0.002237400000000056,0.0030228999999997175,0.0030228999999997175,10,10,11,621.7905457970011,10,7;7;8;7;5;5;4;2;3;2,paper_multivehicle_v2
Tabu Search,50,10,0.75,8,28.488387687633793,100.0,50,0,0.00553249999999994,0.0039381000000000554,0.001006400000000074,0.0029316999999999815,0.0029316999999999815,10,10,11,645.9101470863134,10,7;6;7;6;6;6;5;4;2;1,paper_multivehicle_v2
Tabu Search,50,10,0.75,9,25.412783984973466,100.0,50,0,0.005385300000000148,0.0035508999999998014,0.0005702000000000762,0.0029806999999997252,0.0029806999999997252,10,10,11,625.531646600077,10,7;6;7;6;6;5;4;4;3;2,paper_multivehicle_v2
Tabu Search,50,10,0.75,10,25.522233953464827,100.0,50,0,0.00871619999999984,0.007215400000000205,0.00377559999999999,0.003439800000000215,0.003439800000000215,10,10,11,636.2088452827264,10,8;7;6;6;5;5;4;3;3;3,paper_multivehicle_v2
Tabu Search,50,10,0.75,11,23.582091470606542,100.0,50,0,0.0043992000000001585,0.003235800000000122,0.0012191000000001395,0.0020166999999999824,0.0020166999999999824,10,10,11,617.2287598064192,10,8;7;6;6;5;4;5;4;3;2,paper_multivehicle_v2
Tabu Search,50,10,0.75,12,28.294941599622575,100.0,50,0,0.0058986999999999234,0.004549399999999482,0.001958999999999822,0.0025903999999996596,0.0025903999999996596,10,10,11,683.5872056312975,10,5;7;6;6;6;5;5;5;3;2,paper_multivehicle_v2
Tabu Search,50,10,0.75,13,25.15385421871606,100.0,50,0,0.009197300000000075,0.0077249000000001455,0.005079800000000079,0.002645100000000067,0.002645100000000067,10,10,11,611.4809221227014,10,7;6;6;6;6;6;5;3;3;2,paper_multivehicle_v2
Tabu Search,50,10,0.75,14,26.286981585131276,98.0,49,1,0.006804100000000091,0.00531640000000011,0.002174499999999968,0.003141900000000142,0.003141900000000142,10,10,11,604.429273651524,10,6;7;6;6;5;5;5;4;3;2,paper_multivehicle_v2
Tabu Search,50,10,0.75,15,21.356789452702998,100.0,50,0,0.003907099999999941,0.0029034999999995037,0.0007376999999999523,0.0021657999999995514,0.0021657999999995514,10,10,11,639.0715074000877,10,6;8;6;7;5;5;5;5;2;1,paper_multivehicle_v2
Tabu Search,50,10,0.75,16,28.086721885744854,100.0,50,0,0.009284400000000081,0.007895899999999845,0.004516999999999882,0.0033788999999999625,0.0033788999999999625,10,10,11,611.788060601049,10,6;7;6;5;4;6;4;4;5;3,paper_multivehicle_v2
Tabu Search,50,10,0.75,17,24.355477482371256,98.0,49,1,0.0037807000000000812,0.002754700000000332,0.0005446000000000062,0.0022101000000003257,0.0022101000000003257,10,10,11,662.7240096853468,10,8;6;6;7;6;5;5;2;2;2,paper_multivehicle_v2
Tabu Search,50,10,0.75,18,22.325156461366394,100.0,50,0,0.0038058000000000813,0.0028383999999996856,0.00043199999999998795,0.0024063999999996977,0.0024063999999996977,10,10,11,594.8828036752044,10,7;7;7;5;5;5;5;3;4;2,paper_multivehicle_v2
Tabu Search,50,10,0.75,19,31.145021144719898,100.0,50,0,0.007535000000000069,0.0058779000000002135,0.0031871999999999456,0.002690700000000268,0.002690700000000268,10,10,11,670.0416121154703,10,4;7;6;5;5;5;5;6;5;2,paper_multivehicle_v2
Tabu Search,50,10,0.75,20,29.531658903000746,100.0,50,0,0.006310700000000002,0.005053100000000255,0.0027142,0.0023389000000002547,0.0023389000000002547,10,10,11,647.310696308984,10,5;5;6;5;6;7;5;4;4;3,paper_multivehicle_v2
