method,customer_count,vehicle_count,dynamic_rate,instance_id,cost,qos_percent,served_customers,unserved_customers,solve_time_s,planning_time_s,initial_planning_time_s,online_replanning_time_s,active_online_replanning_time_s,online_replanning_calls,active_online_replanning_calls,planning_calls,final_completion_minute,vehicles_used,vehicle_customer_counts,environment
OR-Tools,20,4,0.1,1,9.34966116315797,100.0,20,0,3.0489649,3.0477742000000005,1.0196101,2.0281641000000006,2.0281014000000006,10,4,11,539.6824932455071,4,5;6;4;5,paper_multivehicle_v2
OR-Tools,20,4,0.1,2,9.95347427306931,100.0,20,0,3.0764725000000004,3.0750172999999985,1.0271655,2.047851799999999,2.0477854999999994,10,6,11,578.1121806912882,4,6;5;5;4,paper_multivehicle_v2
OR-Tools,20,4,0.1,3,8.827412451091881,100.0,20,0,3.8024423999999994,3.8010901000000006,1.0231376,2.7779525000000005,2.7778609999999997,10,4,11,572.7631392310545,4,4;6;5;5,paper_multivehicle_v2
OR-Tools,20,4,0.1,4,8.620873640487357,100.0,20,0,4.0488726999999995,4.0476911,1.0175340000000002,3.0301570999999994,3.0300835,10,4,11,580.568384694197,4,6;5;5;4,paper_multivehicle_v2
OR-Tools,20,4,0.1,5,8.670200934084722,100.0,20,0,3.0478669999999997,3.0467618,1.0238396,2.0229222,2.0228501000000003,10,4,11,626.9131078577122,4,5;4;5;6,paper_multivehicle_v2
OR-Tools,20,4,0.1,6,10.06626979449904,100.0,20,0,4.0684386,4.0671216999999995,1.032373,3.0347486999999997,3.0346830999999996,10,5,11,574.9210198006742,4,6;4;5;5,paper_multivehicle_v2
OR-Tools,20,4,0.1,7,8.450978032176462,100.0,20,0,3.5717558999999994,3.5705434000000005,1.019757,2.5507864000000002,2.550709700000001,10,4,11,552.691127381545,4,5;5;5;5,paper_multivehicle_v2
OR-Tools,20,4,0.1,8,7.82957523157695,100.0,20,0,2.5648213,2.5585784,1.0238225,1.5347559,1.5346565,10,3,11,547.4166151627327,4,5;5;4;6,paper_multivehicle_v2
OR-Tools,20,4,0.1,9,9.068536955789417,100.0,20,0,3.326393,3.325026100000001,1.0250000000000001,2.3000261000000006,2.299941000000001,10,4,11,548.5930025585701,4,5;5;5;5,paper_multivehicle_v2
OR-Tools,20,4,0.1,10,10.686535550954238,100.0,20,0,3.8089385,3.8077441000000007,1.019397,2.7883471000000006,2.7882863000000007,10,5,11,570.4709898254683,4,5;5;5;5,paper_multivehicle_v2
OR-Tools,20,4,0.1,11,9.036333072168516,100.0,20,0,3.3085698,3.3071380000000015,1.0228552,2.2842828000000015,2.2842333000000012,10,6,11,563.9827560572969,4,6;4;6;4,paper_multivehicle_v2
OR-Tools,20,4,0.1,12,9.655530341104184,100.0,20,0,3.7472069999999995,3.745939299999999,1.0205617,2.725377599999999,2.725308599999999,10,5,11,590.5350623105628,4,5;5;5;5,paper_multivehicle_v2
OR-Tools,20,4,0.1,13,8.989825207692206,100.0,20,0,3.89541,3.8940934,1.0129786999999997,2.8811147000000004,2.8810551,10,6,11,580.7756131686542,4,6;4;6;4,paper_multivehicle_v2
OR-Tools,20,4,0.1,14,8.855451409281521,100.0,20,0,3.0358946000000007,3.034908700000001,1.0079035000000003,2.0270052000000005,2.0269490999999995,10,5,11,578.6002028395479,4,5;5;5;5,paper_multivehicle_v2
OR-Tools,20,4,0.1,15,10.096535876151538,100.0,20,0,3.2072607,3.201151000000001,1.0090466999999999,2.1921043000000013,2.1920403000000013,10,5,11,578.488578017961,4,7;3;6;4,paper_multivehicle_v2
OR-Tools,20,4,0.1,16,10.026896711628698,100.0,20,0,3.138432999999999,3.1371572999999993,1.0193781999999993,2.1177791,2.1176988000000003,10,5,11,548.2495421230062,4,5;5;4;6,paper_multivehicle_v2
OR-Tools,20,4,0.1,17,7.69718973121323,100.0,20,0,2.7919734,2.786887700000002,1.0102284999999993,1.7766592000000028,1.776583200000002,10,5,11,534.644304369257,4,6;5;4;5,paper_multivehicle_v2
OR-Tools,20,4,0.1,18,7.895132207662188,100.0,20,0,2.7964233,2.795394000000001,1.0122368999999996,1.7831571000000013,1.7830801000000003,10,4,11,540.4152298679728,4,5;5;5;5,paper_multivehicle_v2
OR-Tools,20,4,0.1,19,10.074600793034131,100.0,20,0,2.7920800000000003,2.7908545000000027,1.0108223,1.7800322000000026,1.7798941000000017,10,7,11,584.9231455295574,4,6;6;3;5,paper_multivehicle_v2
OR-Tools,20,4,0.1,20,9.110319206235873,100.0,20,0,3.299160100000001,3.2959508,1.0104955000000002,2.2854552999999997,2.2853728,10,4,11,545.3069674690228,4,5;5;6;4,paper_multivehicle_v2
OR-Tools,20,4,0.1,21,10.370485838933972,100.0,20,0,3.6227334000000004,3.6215091,1.0114561000000002,2.6100529999999997,2.609981600000002,10,5,11,565.2115015710907,4,5;5;5;5,paper_multivehicle_v2
OR-Tools,20,4,0.1,22,7.877972015645353,100.0,20,0,3.2839925999999995,3.282801300000001,1.0088241,2.273977200000001,2.273905600000001,10,4,11,568.0567998510053,4,5;5;5;5,paper_multivehicle_v2
OR-Tools,20,4,0.1,23,6.705782588013695,100.0,20,0,3.2845122,3.2835187999999995,1.0112236000000001,2.2722951999999994,2.2722203999999993,10,4,11,532.0096144957834,4,5;5;6;4,paper_multivehicle_v2
OR-Tools,20,4,0.1,24,9.141412157879037,100.0,20,0,3.2889243000000006,3.2878810000000005,1.0087774000000005,2.2791036,2.2790493000000014,10,5,11,645.8997856991361,4,5;4;5;6,paper_multivehicle_v2
OR-Tools,20,4,0.1,25,9.778033012251111,100.0,20,0,3.2851874,3.2837461999999977,1.0081410999999996,2.275605099999998,2.275541499999999,10,5,11,599.9020327570383,4,6;4;5;5,paper_multivehicle_v2
OR-Tools,20,4,0.1,26,10.560797058105996,100.0,20,0,3.0664137999999994,3.0653136999999973,1.0116326000000004,2.053681099999997,2.053625099999998,10,5,11,559.7119815335185,4,5;6;5;4,paper_multivehicle_v2
OR-Tools,20,4,0.1,27,8.227938719962355,100.0,20,0,3.5404374,3.539202800000001,1.0119706000000006,2.5272322000000003,2.5271405000000016,10,4,11,581.6070863670443,4,6;4;5;5,paper_multivehicle_v2
OR-Tools,20,4,0.1,28,9.567323135908646,100.0,20,0,2.7945078,2.7932623999999997,1.0123729000000008,1.780889499999999,1.780820199999999,10,5,11,624.9087434763161,4,6;6;4;4,paper_multivehicle_v2
OR-Tools,20,4,0.1,29,7.214808515859216,100.0,20,0,3.114864,3.113910699999999,1.0091679999999998,2.104742699999999,2.1046840999999983,10,4,11,555.1664818918646,4,6;5;4;5,paper_multivehicle_v2
OR-Tools,20,4,0.1,30,8.996056057321345,100.0,20,0,2.5367711999999996,2.5355350000000003,1.0109093000000007,1.5246256999999996,1.5245400000000018,10,4,11,613.8606602279006,4,5;5;6;4,paper_multivehicle_v2
OR-Tools,20,4,0.1,31,9.078218894278006,100.0,20,0,3.305907099999999,3.3047366999999985,1.0259775000000007,2.278759199999998,2.2787200999999975,10,7,11,551.7166933545344,4,6;5;5;4,paper_multivehicle_v2
OR-Tools,20,4,0.1,32,8.887263489313991,95.0,19,1,4.2888628,4.2878367000000015,1.0112929000000008,3.2765438000000007,3.276498300000002,10,6,11,553.7631344236402,4,6;4;4;5,paper_multivehicle_v2
OR-Tools,20,4,0.1,33,7.6630064320707865,100.0,20,0,3.0429805000000005,3.0419503999999975,1.0181369999999994,2.023813399999998,2.023753599999999,10,4,11,570.5538513813742,4,6;5;4;5,paper_multivehicle_v2
OR-Tools,20,4,0.1,34,7.868305272368687,100.0,20,0,3.2851630000000007,3.2840822000000003,1.0088710999999986,2.2752111000000017,2.2751441000000003,10,5,11,556.2167960491649,4,5;6;4;5,paper_multivehicle_v2
OR-Tools,20,4,0.1,35,7.252569515933177,100.0,20,0,2.7955784,2.7943204000000073,1.0196564000000006,1.7746640000000067,1.774593300000003,10,5,11,564.8680526150154,4,5;5;5;5,paper_multivehicle_v2
OR-Tools,20,4,0.1,36,6.489697378614806,100.0,20,0,2.807530100000001,2.8064724000000023,1.032258500000001,1.7742139000000012,1.7741354000000022,10,4,11,521.1096095821889,4,5;5;5;5,paper_multivehicle_v2
OR-Tools,20,4,0.1,37,8.545978310145523,100.0,20,0,2.7860911,2.7848658000000004,1.0110684999999986,1.7737973000000018,1.7737171000000007,10,5,11,610.8807239110762,4,5;6;5;4,paper_multivehicle_v2
OR-Tools,20,4,0.1,38,6.933036382062284,100.0,20,0,2.7982119,2.7971465000000038,1.024328800000001,1.7728177000000027,1.772738600000002,10,4,11,548.1542368455549,4,5;6;5;4,paper_multivehicle_v2
OR-Tools,20,4,0.1,39,11.959258150126367,100.0,20,0,2.2880123999999995,2.2869117000000028,1.0069993000000004,1.2799124000000024,1.2798830000000017,10,8,11,637.542147870686,4,6;5;6;3,paper_multivehicle_v2
OR-Tools,20,4,0.1,40,8.069664913889369,100.0,20,0,2.7850202999999993,2.7840111999999984,1.0099029000000002,1.7741082999999982,1.774050299999999,10,6,11,582.7277956543408,4,7;5;4;4,paper_multivehicle_v2
OR-Tools,20,4,0.1,41,8.280972340388356,100.0,20,0,3.2856445,3.284615900000002,1.0101134999999992,2.274502400000003,2.2744447999999995,10,4,11,580.4390362359178,4,5;4;5;6,paper_multivehicle_v2
OR-Tools,20,4,0.1,42,8.37072109066325,100.0,20,0,2.7869633999999994,2.785720099999997,1.0114961000000005,1.7742239999999967,1.774144999999999,10,5,11,572.4553946506097,4,6;5;4;5,paper_multivehicle_v2
OR-Tools,20,4,0.1,43,11.045835793548333,100.0,20,0,3.2858549000000004,3.2848211000000003,1.0094106000000007,2.2754104999999996,2.2753598999999998,10,5,11,684.7082743846607,4,5;5;5;5,paper_multivehicle_v2
OR-Tools,20,4,0.1,44,10.254246389499711,100.0,20,0,3.1189685999999988,3.1178725999999983,1.0106146999999996,2.1072578999999987,2.1072106999999978,10,6,11,656.0618218799459,4,7;5;4;4,paper_multivehicle_v2
OR-Tools,20,4,0.1,45,7.078787189065367,100.0,20,0,3.0289629,3.0279466000000017,1.0091236000000006,2.018823000000001,2.0187499000000013,10,3,11,572.3958873543622,4,5;5;5;5,paper_multivehicle_v2
OR-Tools,20,4,0.1,46,8.24223523702454,100.0,20,0,3.2842424999999995,3.2832530999999996,1.0102712999999994,2.2729818,2.272920899999999,10,4,11,542.2414652783817,4,6;5;4;5,paper_multivehicle_v2
OR-Tools,20,4,0.1,47,10.216172771337106,100.0,20,0,3.7893226,3.7881476000000003,1.0090333999999999,2.7791142000000004,2.7790277999999997,10,4,11,599.7539143410352,4,6;4;5;5,paper_multivehicle_v2
OR-Tools,20,4,0.1,48,8.130725911782697,100.0,20,0,3.536856200000001,3.5358586000000027,1.0087819000000007,2.527076700000002,2.527010800000003,10,4,11,580.4390362359177,4,5;5;5;5,paper_multivehicle_v2
OR-Tools,20,4,0.1,49,8.38901742747008,100.0,20,0,2.7825527999999995,2.7813789,1.0076045999999987,1.7737743000000012,1.7736989000000012,10,5,11,608.4810358040809,4,5;6;6;3,paper_multivehicle_v2
OR-Tools,20,4,0.1,50,8.514297466888106,100.0,20,0,2.5352976,2.5329421000000014,1.0090076000000003,1.523934500000001,1.5238540000000018,10,5,11,578.7876361526288,4,6;5;5;4,paper_multivehicle_v2
OR-Tools,20,4,0.1,51,8.542559626290416,100.0,20,0,3.5345831999999984,3.533517600000005,1.0087086999999997,2.5248089000000054,2.5247430000000026,10,5,11,575.8592718520227,4,5;7;4;4,paper_multivehicle_v2
OR-Tools,20,4,0.1,52,9.431643722653872,100.0,20,0,2.788802800000001,2.7875949,1.0088631999999986,1.7787317000000016,1.7786437,10,5,11,561.2711510931155,4,5;5;5;5,paper_multivehicle_v2
OR-Tools,20,4,0.1,53,8.191858818802519,100.0,20,0,3.790120400000001,3.7889313,1.0109093999999992,2.7780219000000006,2.777940100000004,10,4,11,575.775779819326,4,5;5;6;4,paper_multivehicle_v2
OR-Tools,20,4,0.1,54,8.109587172390968,100.0,20,0,3.2823270000000004,3.28124720000001,1.0087506000000008,2.272496600000009,2.272300600000003,10,4,11,556.5571681816929,4,5;5;5;5,paper_multivehicle_v2
OR-Tools,20,4,0.1,55,9.608208419820022,100.0,20,0,4.121746100000001,4.120533199999999,1.0089407000000001,3.1115924999999987,3.1115219000000014,10,5,11,560.0562302385017,4,6;4;6;4,paper_multivehicle_v2
OR-Tools,20,4,0.1,56,8.959897130805425,100.0,20,0,3.2903983000000014,3.288827999999997,1.009841100000001,2.278986899999996,2.2789055000000005,10,5,11,580.4091629284898,4,6;4;5;5,paper_multivehicle_v2
OR-Tools,20,4,0.1,57,8.365375545532686,100.0,20,0,3.6965853999999982,3.695585499999993,1.0099210999999997,2.685664399999993,2.685583300000001,10,3,11,583.1746092796091,4,4;6;6;4,paper_multivehicle_v2
OR-Tools,20,4,0.1,58,8.816544861334922,100.0,20,0,2.533482899999999,2.5324309000000067,1.0101978000000003,1.5222331000000064,1.5221646999999994,10,5,11,603.8106014706303,4,6;5;4;5,paper_multivehicle_v2
OR-Tools,20,4,0.1,59,6.861970539462677,100.0,20,0,2.533610900000001,2.5323936000000025,1.0085292999999993,1.5238643000000032,1.5237834000000063,10,5,11,538.2408791142441,4,6;6;4;4,paper_multivehicle_v2
OR-Tools,20,4,0.1,60,6.665184134054263,100.0,20,0,3.117787,3.1167394,1.0111291000000016,2.1056102999999986,2.1055270999999998,10,3,11,544.4748012792595,4,5;5;5;5,paper_multivehicle_v2
OR-Tools,20,4,0.1,61,8.956696483771893,100.0,20,0,3.2882303999999998,3.2871301999999947,1.0110013999999996,2.276128799999995,2.2760608999999974,10,5,11,554.3236167042481,4,7;5;4;4,paper_multivehicle_v2
OR-Tools,20,4,0.1,62,9.51796112379915,100.0,20,0,3.2901998,3.2891439999999967,1.0084148999999982,2.2807290999999985,2.280663899999997,10,5,11,609.145900750919,4,5;5;4;6,paper_multivehicle_v2
OR-Tools,20,4,0.1,63,9.262428185149199,100.0,20,0,3.035969099999999,3.0348798999999964,1.0108527999999986,2.024027099999998,2.023958099999998,10,5,11,589.4768426962239,4,6;5;4;5,paper_multivehicle_v2
OR-Tools,20,4,0.1,64,8.578677872851497,100.0,20,0,3.2863669999999985,3.2853722000000047,1.0083622999999982,2.2770099000000066,2.2769450000000013,10,4,11,588.8944443027283,4,4;5;6;5,paper_multivehicle_v2
OR-Tools,20,4,0.1,65,7.7710822367363255,100.0,20,0,3.7833872,3.7825923999999986,1.010243599999999,2.7723487999999996,2.7723162000000023,10,4,11,521.0121933088197,4,5;5;5;5,paper_multivehicle_v2
OR-Tools,20,4,0.1,66,10.640347910955745,100.0,20,0,3.6990450000000017,3.6981132999999957,1.0089499999999987,2.689163299999997,2.689126400000003,10,5,11,598.1397477566293,4,5;5;5;5,paper_multivehicle_v2
OR-Tools,20,4,0.1,67,8.536711366775023,100.0,20,0,2.280528999999998,2.279428700000004,1.0097619000000009,1.269666800000003,1.269599300000003,10,5,11,635.3283925721654,4,4;6;5;5,paper_multivehicle_v2
OR-Tools,20,4,0.1,68,7.8219155626397265,100.0,20,0,2.533127199999999,2.5320003000000035,1.0114222999999996,1.520578000000004,1.5205008000000007,10,4,11,539.3632883186233,4,6;5;5;4,paper_multivehicle_v2
OR-Tools,20,4,0.1,69,9.480678768845756,100.0,20,0,3.4487162,3.4472443000000013,1.0109575,2.4362868000000013,2.436220600000002,10,5,11,581.7103731189695,4,5;6;5;4,paper_multivehicle_v2
OR-Tools,20,4,0.1,70,10.05648051570309,100.0,20,0,3.037190599999999,3.036033800000002,1.0086052999999993,2.0274285000000027,2.027382300000003,10,7,11,592.4884167226319,4,6;5;5;4,paper_multivehicle_v2
OR-Tools,20,4,0.1,71,11.359897801789318,100.0,20,0,3.285191000000001,3.2843145000000007,1.0080130000000018,2.276301499999999,2.276277999999998,10,6,11,559.8498591107085,4,6;5;5;4,paper_multivehicle_v2
OR-Tools,20,4,0.1,72,9.912730804912107,100.0,20,0,2.777039300000002,2.776251800000008,1.0082687000000021,1.7679831000000057,1.7679522000000034,10,6,11,576.7724920005007,4,6;5;4;5,paper_multivehicle_v2
OR-Tools,20,4,0.1,73,9.357139045357833,100.0,20,0,3.2884654000000033,3.287368400000009,1.0095910000000003,2.2777774000000086,2.277719100000006,10,5,11,560.529497701153,4,6;5;4;5,paper_multivehicle_v2
OR-Tools,20,4,0.1,74,8.944933950354232,100.0,20,0,3.5423551000000018,3.541261900000009,1.011987099999999,2.5292748000000103,2.5292120000000047,10,5,11,575.8018788959799,4,5;5;5;5,paper_multivehicle_v2
OR-Tools,20,4,0.1,75,9.453591045337117,100.0,20,0,3.537608800000001,3.536415600000005,1.0083666999999998,2.5280489000000053,2.5279790999999996,10,5,11,553.027392121039,4,5;4;6;5,paper_multivehicle_v2
OR-Tools,20,4,0.1,76,7.394556581842049,100.0,20,0,2.7802684999999983,2.778977400000006,1.0081868999999983,1.7707905000000075,1.7705003000000055,10,4,11,546.2193325245732,4,6;5;5;4,paper_multivehicle_v2
OR-Tools,20,4,0.1,77,8.022570334502138,100.0,20,0,2.7827243000000017,2.7814932000000034,1.0077292,1.7737640000000034,1.7736948999999989,10,5,11,594.0342359482494,4,7;4;5;4,paper_multivehicle_v2
OR-Tools,20,4,0.1,78,7.716835358748927,100.0,20,0,2.778710399999998,2.777701499999999,1.0088170000000005,1.7688844999999986,1.7688153999999976,10,4,11,529.3963561409139,4,6;4;5;5,paper_multivehicle_v2
OR-Tools,20,4,0.1,79,8.765981382046613,100.0,20,0,2.7842404999999992,2.783204099999999,1.0079061000000031,1.7752979999999958,1.7752316000000015,10,5,11,596.0935742006434,4,7;5;4;4,paper_multivehicle_v2
OR-Tools,20,4,0.1,80,5.7847840709974285,100.0,20,0,2.2772550000000003,2.2763231000000026,1.009704499999998,1.2666186000000046,1.2665423000000011,10,3,11,643.4743945031693,4,6;5;5;4,paper_multivehicle_v2
OR-Tools,20,4,0.1,81,8.15142145818089,100.0,20,0,3.537108400000001,3.5359616000000003,1.0104422,2.5255194000000003,2.5254376,10,4,11,566.9770084562581,4,5;5;6;4,paper_multivehicle_v2
OR-Tools,20,4,0.1,82,7.29268971940413,100.0,20,0,2.5350389999999976,2.5338714000000024,1.009227899999999,1.5246435000000034,1.5245513000000024,10,4,11,565.237370526621,4,4;5;6;5,paper_multivehicle_v2
OR-Tools,20,4,0.1,83,7.653316985301745,100.0,20,0,3.2780084999999985,3.276831399999999,1.0080759000000015,2.2687554999999975,2.2686690000000027,10,5,11,551.5891053163817,4,6;6;4;4,paper_multivehicle_v2
OR-Tools,20,4,0.1,84,7.9762626186926,100.0,20,0,3.535118100000002,3.5340050999999946,1.0091985,2.5248065999999945,2.524738299999999,10,4,11,568.5268320906154,4,5;5;6;4,paper_multivehicle_v2
OR-Tools,20,4,0.1,85,9.397033207934541,100.0,20,0,4.5418948000000015,4.540673100000003,1.0110027000000024,3.5296704000000005,3.5295156,10,6,11,567.8179936004005,4,7;5;4;4,paper_multivehicle_v2
OR-Tools,20,4,0.1,86,10.059907564971569,100.0,20,0,2.6178071000000003,2.6167147000000064,1.0099461000000005,1.6067686000000059,1.6067100000000067,10,6,11,530.9313263129874,4,5;5;5;5,paper_multivehicle_v2
OR-Tools,20,4,0.1,87,7.9008076590378,100.0,20,0,3.541990600000002,3.540747600000003,1.0153984999999999,2.5253491000000032,2.5252621999999967,10,4,11,576.0416576283437,4,5;4;6;5,paper_multivehicle_v2
OR-Tools,20,4,0.1,88,8.816534600967161,100.0,20,0,3.5396138000000015,3.5385626000000023,1.0090214999999993,2.529541100000003,2.5294845000000024,10,5,11,585.4465849225008,4,5;5;5;5,paper_multivehicle_v2
OR-Tools,20,4,0.1,89,7.772071592598284,100.0,20,0,3.0350113000000007,3.0340007000000035,1.0122548999999985,2.021745800000005,2.021682000000002,10,5,11,575.8981460265259,4,5;6;5;4,paper_multivehicle_v2
OR-Tools,20,4,0.1,90,6.718595235879476,100.0,20,0,2.7806149,2.779632799999991,1.0097251000000007,1.7699076999999903,1.7698335999999983,10,4,11,550.4556598152342,4,5;4;5;6,paper_multivehicle_v2
OR-Tools,20,4,0.1,91,11.048349062904853,100.0,20,0,2.287151599999998,2.2857933000000052,1.0088133,1.2769800000000053,1.2769143000000014,10,7,11,600.2187177563152,4,7;6;4;3,paper_multivehicle_v2
OR-Tools,20,4,0.1,92,8.839361917157849,100.0,20,0,2.8674010999999986,2.8661512000000045,1.008298100000001,1.8578531000000034,1.8577720000000006,10,5,11,580.7670581092849,4,4;6;5;5,paper_multivehicle_v2
OR-Tools,20,4,0.1,93,8.484170620029975,100.0,20,0,3.2849644000000033,3.284141700000003,1.0097273000000015,2.2744144000000013,2.2743730000000006,10,5,11,674.5210563625733,4,6;4;6;4,paper_multivehicle_v2
OR-Tools,20,4,0.1,94,8.869225912403884,100.0,20,0,3.2895564999999998,3.288397300000007,1.0101736999999993,2.2782236000000076,2.278148000000005,10,5,11,561.0431983574192,4,6;4;5;5,paper_multivehicle_v2
OR-Tools,20,4,0.1,95,8.872851694264705,100.0,20,0,3.7888661,3.787794100000003,1.0096896999999991,2.7781044000000037,2.778035599999999,10,4,11,568.2779700718135,4,5;6;4;5,paper_multivehicle_v2
OR-Tools,20,4,0.1,96,10.483774873700405,100.0,20,0,3.5349150000000016,3.5337160999999995,1.0093923000000018,2.5243237999999977,2.5242551000000013,10,4,11,589.288608738514,4,6;5;5;4,paper_multivehicle_v2
OR-Tools,20,4,0.1,97,8.243294952200678,100.0,20,0,3.0316052000000013,3.030592399999996,1.0086264999999983,2.021965899999998,2.0219069999999952,10,4,11,541.983868869247,4,6;5;4;5,paper_multivehicle_v2
OR-Tools,20,4,0.1,98,11.047890636039591,100.0,20,0,4.038157099999999,4.037200299999995,1.0103308999999996,3.0268693999999954,3.0268329999999963,10,6,11,648.0837320554319,4,6;5;4;5,paper_multivehicle_v2
OR-Tools,20,4,0.1,99,6.569081443532723,100.0,20,0,3.278519599999999,3.2776994000000066,1.0095419999999997,2.268157400000007,2.2681093000000025,10,3,11,535.0726792520575,4,7;4;4;5,paper_multivehicle_v2
OR-Tools,20,4,0.1,100,8.101881993206028,100.0,20,0,2.5330394,2.532002300000002,1.0111817999999992,1.5208205000000028,1.5207292000000017,10,4,11,559.8122797569397,4,5;6;5;4,paper_multivehicle_v2
OR-Tools,20,4,0.25,1,10.666825730400005,100.0,20,0,3.0570302,3.0557527999999996,1.0266385,2.0291142999999994,2.0290838,10,8,11,584.0096149401583,4,6;6;5;3,paper_multivehicle_v2
OR-Tools,20,4,0.25,2,9.92254804023635,100.0,20,0,2.8379504000000004,2.8366814000000002,1.0632886999999998,1.7733927000000005,1.7733489999999987,10,7,11,633.883409056061,4,5;6;5;4,paper_multivehicle_v2
OR-Tools,20,4,0.25,3,8.876269096154953,100.0,20,0,2.7127261000000003,2.7110931000000003,1.0208292,1.6902639000000002,1.6902198,10,7,11,563.0149227794317,4,6;5;6;3,paper_multivehicle_v2
OR-Tools,20,4,0.25,4,8.141541200127895,100.0,20,0,2.3285147000000004,2.3273209999999986,1.0528168999999998,1.2745040999999988,1.2744458999999995,10,5,11,559.5110055275369,4,6;4;5;5,paper_multivehicle_v2
OR-Tools,20,4,0.25,5,9.772110801470545,100.0,20,0,3.5790325000000003,3.577597599999999,1.0348292999999997,2.542768299999999,2.5426992,10,6,11,568.9161256528644,4,7;5;4;4,paper_multivehicle_v2
OR-Tools,20,4,0.25,6,8.865333290675522,100.0,20,0,2.1391021,2.137741100000001,1.0252528,1.1124883000000008,1.1124079000000004,10,6,11,545.2597773317981,4,6;5;5;4,paper_multivehicle_v2
OR-Tools,20,4,0.25,7,8.768199954735678,100.0,20,0,3.3821458,3.3809269000000013,1.0221417,2.3587852000000016,2.3587373000000005,10,6,11,588.3005078473781,4,5;5;5;5,paper_multivehicle_v2
OR-Tools,20,4,0.25,8,7.569800621867493,100.0,20,0,2.8089712,2.8078353999999983,1.0339639999999999,1.7738713999999987,1.7738101,10,5,11,562.8424967760689,4,7;5;4;4,paper_multivehicle_v2
OR-Tools,20,4,0.25,9,8.635658104071311,100.0,20,0,2.8908541000000003,2.8894410999999987,1.0271327000000001,1.8623083999999985,1.8622367999999994,10,5,11,610.3024644158521,4,6;4;5;5,paper_multivehicle_v2
OR-Tools,20,4,0.25,10,10.16449149070782,100.0,20,0,2.9001177,2.898696900000001,1.0337082000000002,1.8649887000000005,1.8649186000000002,10,6,11,582.8476347224546,4,6;5;5;4,paper_multivehicle_v2
OR-Tools,20,4,0.25,11,9.126904843196579,100.0,20,0,3.0894678,3.0881418000000003,1.0587558,2.029386,2.0293230999999996,10,5,11,567.2009174263666,4,6;5;4;5,paper_multivehicle_v2
OR-Tools,20,4,0.25,12,9.74140850962701,100.0,20,0,2.8019523,2.8007130999999994,1.0221911,1.7785219999999993,1.7784720000000003,10,6,11,536.8858506133116,4,5;5;5;5,paper_multivehicle_v2
OR-Tools,20,4,0.25,13,10.96867277302978,100.0,20,0,2.5486407,2.5472722999999995,1.0191327999999995,1.5281395,1.5280959000000003,10,8,11,620.9627110381722,4,6;6;4;4,paper_multivehicle_v2
OR-Tools,20,4,0.25,14,9.96922391639957,100.0,20,0,2.6378634,2.6367901999999996,1.0088066999999996,1.6279835,1.627902100000001,10,5,11,597.3612245507528,4,6;4;5;5,paper_multivehicle_v2
OR-Tools,20,4,0.25,15,10.291454948021757,100.0,20,0,3.1293466,3.1280533000000004,1.0111835999999998,2.1168697000000005,2.1168056,10,6,11,582.0870194479278,4,5;4;5;6,paper_multivehicle_v2
OR-Tools,20,4,0.25,16,8.401496216448502,100.0,20,0,2.8245347,2.8231709999999985,1.0228542999999997,1.8003166999999989,1.800233399999998,10,6,11,619.882724956778,4,8;4;4;4,paper_multivehicle_v2
OR-Tools,20,4,0.25,17,10.133985849835087,100.0,20,0,4.0424027,4.041232100000002,1.0094626999999994,3.0317694000000026,3.031724100000001,10,6,11,573.6482781475453,4,5;6;5;4,paper_multivehicle_v2
OR-Tools,20,4,0.25,18,6.4675774320330985,100.0,20,0,2.2867698,2.2855535000000007,1.0091487,1.2764048000000008,1.2763187,10,4,11,526.518813398452,4,5;4;6;5,paper_multivehicle_v2
OR-Tools,20,4,0.25,19,10.148076382894743,100.0,20,0,2.0320204000000004,2.030903399999999,1.0082535999999998,1.022649799999999,1.0225725999999993,10,6,11,572.913938674453,4,5;7;4;4,paper_multivehicle_v2
OR-Tools,20,4,0.25,20,9.301677259244638,100.0,20,0,3.5705801,3.5693513999999995,1.0120636000000003,2.5572877999999992,2.5572131000000002,10,5,11,553.5527021937331,4,5;6;5;4,paper_multivehicle_v2
OR-Tools,20,4,0.25,21,9.716260945467855,100.0,20,0,1.3047529999999998,1.303696200000001,1.0333536000000008,0.2703426000000002,0.2703066000000005,10,8,11,600.6280159740487,4,6;5;5;4,paper_multivehicle_v2
OR-Tools,20,4,0.25,22,9.47490861831843,100.0,20,0,2.2889755000000003,2.2873210999999998,1.0091603000000005,1.2781607999999993,1.2781000999999996,10,7,11,632.9534289383093,4,7;4;5;4,paper_multivehicle_v2
OR-Tools,20,4,0.25,23,9.72922251414956,100.0,20,0,2.7840771,2.783050000000001,1.0074088999999997,1.7756411000000014,1.7755819000000006,10,6,11,586.9525865511664,4,6;5;4;5,paper_multivehicle_v2
OR-Tools,20,4,0.25,24,8.176887600473789,100.0,20,0,2.5370596999999995,2.535692400000001,1.0101078000000001,1.525584600000001,1.5255207000000004,10,7,11,562.7649764354527,4,6;5;5;4,paper_multivehicle_v2
OR-Tools,20,4,0.25,25,11.025987287829524,100.0,20,0,2.0406481999999997,2.039402300000001,1.0113463000000005,1.0280560000000003,1.0279959000000005,10,7,11,582.8001582548167,4,6;6;3;5,paper_multivehicle_v2
OR-Tools,20,4,0.25,26,8.609102197117082,100.0,20,0,2.7939268000000004,2.792840700000003,1.0105018999999995,1.7823388000000033,1.7822823999999997,10,5,11,599.7278042689034,4,5;5;5;5,paper_multivehicle_v2
OR-Tools,20,4,0.25,27,9.49116927056302,100.0,20,0,1.781270300000001,1.7802040000000021,1.0078522000000003,0.7723518000000018,0.7723047999999997,10,6,11,533.084837759948,4,6;5;4;5,paper_multivehicle_v2
OR-Tools,20,4,0.25,28,8.161317789342608,100.0,20,0,2.2778250999999994,2.2768501999999993,1.0084523999999995,1.2683977999999998,1.2683395999999982,10,5,11,620.5795673315888,4,6;4;6;4,paper_multivehicle_v2
OR-Tools,20,4,0.25,29,8.62916655289621,100.0,20,0,3.0376816999999994,3.0366291000000025,1.0131848999999997,2.023444200000003,2.023374200000002,10,4,11,559.0759128938769,4,6;5;4;5,paper_multivehicle_v2
OR-Tools,20,4,0.25,30,8.286601674116117,100.0,20,0,1.7967041000000004,1.7956190999999952,1.0089216999999993,0.786697399999996,0.7865766999999995,10,5,11,549.8140387028283,4,7;4;5;4,paper_multivehicle_v2
OR-Tools,20,4,0.25,31,9.542861876864876,100.0,20,0,3.2943888999999995,3.2932064999999993,1.0158318,2.2773746999999993,2.2772979999999983,10,5,11,609.775602759986,4,5;6;4;5,paper_multivehicle_v2
OR-Tools,20,4,0.25,32,9.682326710142547,100.0,20,0,2.0409046,2.0395716000000013,1.0129744999999994,1.0265971000000018,1.0265325000000036,10,6,11,615.1934955049953,4,6;6;3;5,paper_multivehicle_v2
OR-Tools,20,4,0.25,33,10.899058123598973,100.0,20,0,2.5620902999999995,2.560816799999998,1.0362489999999998,1.524567799999998,1.5245125999999978,10,7,11,543.9061812346819,4,5;5;6;4,paper_multivehicle_v2
OR-Tools,20,4,0.25,34,9.130928207919617,100.0,20,0,2.7820115000000003,2.7809244000000026,1.0078708,1.7730536000000026,1.7729955999999998,10,6,11,560.4300938703916,4,7;5;4;4,paper_multivehicle_v2
OR-Tools,20,4,0.25,35,8.614722520567048,100.0,20,0,2.4485897999999997,2.4474975999999957,1.0109795999999998,1.436517999999996,1.436468299999996,10,6,11,532.2015325445527,4,7;5;5;3,paper_multivehicle_v2
OR-Tools,20,4,0.25,36,8.608138876397758,100.0,20,0,3.302158499999999,3.301063199999998,1.0264978000000013,2.2745653999999966,2.274502199999999,10,4,11,567.0517087712815,4,5;6;4;5,paper_multivehicle_v2
OR-Tools,20,4,0.25,37,7.957989380411499,100.0,20,0,2.5312792999999996,2.5302833000000025,1.0080502000000013,1.5222331000000011,1.5221918000000016,10,6,11,608.4804723638557,4,5;6;5;4,paper_multivehicle_v2
OR-Tools,20,4,0.25,38,9.920467472661564,100.0,20,0,2.4504894999999998,2.449386200000001,1.0122543000000004,1.4371319000000007,1.4371058000000012,10,8,11,569.2019854085528,4,4;6;6;4,paper_multivehicle_v2
OR-Tools,20,4,0.25,39,7.0440450024119095,95.0,19,1,2.537229400000001,2.5360211000000046,1.0126356000000012,1.5233855000000034,1.523318500000002,10,6,11,563.7979030195484,4,5;5;5;4,paper_multivehicle_v2
OR-Tools,20,4,0.25,40,8.159335818744507,100.0,20,0,3.0360020999999993,3.035154499999999,1.0113921999999995,2.0237622999999996,2.0237330999999994,10,5,11,604.4504162122256,4,6;6;3;5,paper_multivehicle_v2
OR-Tools,20,4,0.25,41,7.83988589710975,100.0,20,0,2.782116199999999,2.7812565000000014,1.0084298,1.7728267000000013,1.7727917000000009,10,4,11,552.4499827467198,4,5;4;6;5,paper_multivehicle_v2
OR-Tools,20,4,0.25,42,8.579266492414948,100.0,20,0,2.5332337000000003,2.532118699999998,1.0100943999999998,1.5220242999999982,1.521953899999998,10,5,11,557.0778826901726,4,6;4;4;6,paper_multivehicle_v2
OR-Tools,20,4,0.25,43,7.655240376450913,100.0,20,0,2.4450266999999997,2.4439582999999967,1.0100834999999986,1.4338747999999981,1.433831099999999,10,6,11,542.0301055209914,4,6;5;4;5,paper_multivehicle_v2
OR-Tools,20,4,0.25,44,9.172652440471559,100.0,20,0,3.055363099999999,3.0542437999999983,1.0085680999999997,2.0456756999999985,2.0455889999999997,10,4,11,553.0616178304314,4,5;4;5;6,paper_multivehicle_v2
OR-Tools,20,4,0.25,45,9.421547093028064,100.0,20,0,2.7891943999999995,2.787713,1.0089833000000006,1.7787296999999995,1.7786709999999992,10,7,11,566.0523096726636,4,5;7;5;3,paper_multivehicle_v2
OR-Tools,20,4,0.25,46,9.552410952710419,100.0,20,0,2.039344100000001,2.037946299999996,1.0088013999999994,1.0291448999999968,1.0290896999999966,10,7,11,648.7939360629881,4,6;6;4;4,paper_multivehicle_v2
OR-Tools,20,4,0.25,47,8.616333112940387,100.0,20,0,1.5288939999999993,1.5277191999999982,1.0074278999999997,0.5202912999999985,0.5202571999999996,10,8,11,577.4299395571014,4,5;6;5;4,paper_multivehicle_v2
OR-Tools,20,4,0.25,48,10.233483386153857,100.0,20,0,2.7925628000000007,2.7911002000000025,1.0098461000000007,1.7812541000000017,1.7811827999999998,10,6,11,605.0624459536909,4,6;6;4;4,paper_multivehicle_v2
OR-Tools,20,4,0.25,49,8.59369278928198,100.0,20,0,2.5343324000000003,2.5331752000000005,1.0093989000000008,1.5237762999999998,1.5237333,10,7,11,569.2020179143948,4,7;4;5;4,paper_multivehicle_v2
OR-Tools,20,4,0.25,50,8.724771976242149,100.0,20,0,3.0394219000000007,3.0382598999999963,1.0089995999999992,2.029260299999997,2.029217799999998,10,6,11,544.6606526413088,4,5;6;5;4,paper_multivehicle_v2
OR-Tools,20,4,0.25,51,10.049408698409758,100.0,20,0,2.539034899999999,2.537903100000001,1.0093531999999996,1.5285499000000016,1.5284963000000005,10,6,11,595.1941931359444,4,5;6;5;4,paper_multivehicle_v2
OR-Tools,20,4,0.25,52,9.740153011656549,100.0,20,0,2.2852344,2.2840138000000003,1.0084523,1.2755615000000002,1.2754846999999998,10,6,11,583.596740275731,4,7;5;5;3,paper_multivehicle_v2
OR-Tools,20,4,0.25,53,9.033518085341115,100.0,20,0,2.785620099999999,2.7845560999999996,1.0118428999999995,1.7727132,1.7726564999999983,10,5,11,637.2372118248679,4,5;6;4;5,paper_multivehicle_v2
OR-Tools,20,4,0.25,54,9.10330885380974,100.0,20,0,2.0312646,2.0301983999999997,1.0074117999999999,1.0227865999999999,1.0227181000000005,10,6,11,595.4609614599872,4,7;5;4;4,paper_multivehicle_v2
OR-Tools,20,4,0.25,55,11.191794333605936,100.0,20,0,3.0546386000000005,3.053517000000001,1.010955599999999,2.042561400000002,2.042493300000002,10,5,11,586.1037228376083,4,5;6;4;5,paper_multivehicle_v2
OR-Tools,20,4,0.25,56,8.50832786091713,100.0,20,0,2.7951157999999996,2.7940065,1.0094177999999996,1.7845887000000005,1.7845352000000005,10,6,11,573.8452874316654,4,6;6;4;4,paper_multivehicle_v2
OR-Tools,20,4,0.25,57,9.083735917938911,100.0,20,0,3.700868999999999,3.6997450999999923,1.0092920999999997,2.6904529999999927,2.6904048999999954,10,6,11,591.3168453943865,4,5;5;5;5,paper_multivehicle_v2
OR-Tools,20,4,0.25,58,7.523078074790866,100.0,20,0,2.0384428999999997,2.037031100000002,1.0110173000000007,1.0260138000000012,1.0259011000000005,10,5,11,550.6045324324155,4,5;4;6;5,paper_multivehicle_v2
OR-Tools,20,4,0.25,59,9.822885250140995,100.0,20,0,2.1460664000000005,2.144838399999996,1.0088372999999997,1.136001099999996,1.1359533999999964,10,7,11,582.734255586866,4,6;5;5;4,paper_multivehicle_v2
OR-Tools,20,4,0.25,60,9.503575755628116,100.0,20,0,2.898535700000002,2.8971475999999985,1.0127489,1.8843986999999984,1.884309199999997,10,6,11,621.8525113577377,4,7;3;5;5,paper_multivehicle_v2
OR-Tools,20,4,0.25,61,7.606598641301953,100.0,20,0,2.2834655,2.282360100000002,1.0099727000000005,1.2723874000000013,1.2723382999999995,10,6,11,558.1024967590665,4,7;4;4;5,paper_multivehicle_v2
OR-Tools,20,4,0.25,62,9.079907062302494,100.0,20,0,2.669050099999998,2.667300299999999,1.0080691999999996,1.6592310999999995,1.6591285000000013,10,5,11,579.2471662063961,4,6;5;5;4,paper_multivehicle_v2
OR-Tools,20,4,0.25,63,9.862927863799385,100.0,20,0,3.8442970999999986,3.8431204000000037,1.0666817000000002,2.7764387000000035,2.7763843,10,6,11,573.6785812487043,4,5;4;6;5,paper_multivehicle_v2
OR-Tools,20,4,0.25,64,10.810773849548118,100.0,20,0,1.5493124999999992,1.5480796999999988,1.0133066999999993,0.5347729999999995,0.5347174999999975,10,7,11,582.5657628553075,4,7;5;4;4,paper_multivehicle_v2
OR-Tools,20,4,0.25,65,9.121087646988896,100.0,20,0,3.049840099999999,3.048684899999998,1.0166161000000002,2.0320687999999976,2.032009800000001,10,6,11,538.7962583843564,4,6;6;4;4,paper_multivehicle_v2
OR-Tools,20,4,0.25,66,8.86473439208642,100.0,20,0,2.0345698000000016,2.033444799999998,1.0077499000000003,1.0256948999999977,1.0256492999999978,10,7,11,586.860755950859,4,6;5;5;4,paper_multivehicle_v2
OR-Tools,20,4,0.25,67,8.529517512007095,100.0,20,0,2.3888008000000003,2.3875960999999997,1.0142796,1.3733164999999996,1.373224200000001,10,5,11,550.2716039387461,4,6;5;5;4,paper_multivehicle_v2
OR-Tools,20,4,0.25,68,8.567080165888258,100.0,20,0,3.3470192,3.3458126000000057,1.0141328000000005,2.331679800000005,2.331597700000005,10,4,11,568.3911760301899,4,6;4;5;5,paper_multivehicle_v2
OR-Tools,20,4,0.25,69,8.137283430007583,100.0,20,0,3.3098443999999994,3.3087630000000114,1.0336398000000013,2.27512320000001,2.275064100000005,10,5,11,547.1192967781993,4,5;6;5;4,paper_multivehicle_v2
OR-Tools,20,4,0.25,70,9.445855305141722,100.0,20,0,2.546586099999999,2.545472099999998,1.0077947999999992,1.5376772999999986,1.5376166999999974,10,6,11,565.158675424175,4,6;5;5;4,paper_multivehicle_v2
OR-Tools,20,4,0.25,71,11.145691796862723,100.0,20,0,1.8891902999999992,1.8878997000000037,1.0096878,0.8782119000000037,0.8781599,10,7,11,654.3397887236281,4,7;5;5;3,paper_multivehicle_v2
OR-Tools,20,4,0.25,72,8.884003732303151,100.0,20,0,1.5365412999999997,1.5354688999999997,1.0089950000000005,0.5264738999999992,0.5264476999999985,10,8,11,601.1699165134609,4,7;6;4;3,paper_multivehicle_v2
OR-Tools,20,4,0.25,73,8.580404748753512,100.0,20,0,2.5453553000000007,2.543906,1.0089241000000015,1.5349818999999982,1.5348955999999951,10,5,11,558.3541635375989,4,7;5;4;4,paper_multivehicle_v2
OR-Tools,20,4,0.25,74,11.657045095204241,100.0,20,0,2.714945499999999,2.7135481000000077,1.0100331000000011,1.7035150000000066,1.7034839000000055,10,8,11,579.8599018625595,4,7;5;4;4,paper_multivehicle_v2
OR-Tools,20,4,0.25,75,10.862861548889589,100.0,20,0,2.531991399999999,2.5309442999999945,1.0084091999999991,1.5225350999999954,1.5224673999999965,10,5,11,573.9201788754685,4,4;6;6;4,paper_multivehicle_v2
OR-Tools,20,4,0.25,76,9.92675987287283,100.0,20,0,2.5369779,2.53592999999999,1.0080773999999977,1.5278525999999921,1.5277998999999944,10,5,11,600.546131032297,4,6;5;5;4,paper_multivehicle_v2
OR-Tools,20,4,0.25,77,8.06916246089736,100.0,20,0,2.5347252000000005,2.533162200000003,1.0094859000000014,1.5236763000000018,1.523620300000001,10,6,11,558.8542960148653,4,8;5;4;3,paper_multivehicle_v2
OR-Tools,20,4,0.25,78,11.242769658669477,100.0,20,0,1.7894161000000004,1.7882603000000046,1.0082868000000005,0.7799735000000041,0.7799119000000019,10,7,11,647.9439679347429,4,6;6;5;3,paper_multivehicle_v2
OR-Tools,20,4,0.25,79,8.67665584087649,100.0,20,0,3.5524936999999994,3.5513096000000033,1.0088201999999988,2.5424894000000045,2.5424172000000027,10,5,11,581.7875368135941,4,4;6;6;4,paper_multivehicle_v2
OR-Tools,20,4,0.25,80,7.878797530879368,100.0,20,0,2.794659199999998,2.793637599999993,1.0143498999999991,1.779287699999994,1.7792285999999926,10,4,11,554.2024258363566,4,6;4;5;5,paper_multivehicle_v2
OR-Tools,20,4,0.25,81,10.967725583625707,100.0,20,0,2.5377322000000007,2.5366601000000024,1.0077426000000003,1.5289175000000021,1.5288784999999976,10,7,11,607.0776843055926,4,4;6;5;5,paper_multivehicle_v2
OR-Tools,20,4,0.25,82,10.811246769747287,100.0,20,0,3.536906199999997,3.5358120000000035,1.0079776000000003,2.5278344000000033,2.527789000000002,10,7,11,571.8313671900838,4,5;6;5;4,paper_multivehicle_v2
OR-Tools,20,4,0.25,83,10.55170527314842,100.0,20,0,3.462474799999999,3.459819999999997,1.0125937999999977,2.4472261999999994,2.447179499999997,10,7,11,580.4341264594289,4,6;6;3;5,paper_multivehicle_v2
OR-Tools,20,4,0.25,84,6.389292300427749,90.0,18,2,1.9402203,1.9392254999999992,1.007390100000002,0.9318353999999971,0.9318146999999968,10,9,11,514.2052627529741,4,5;4;4;5,paper_multivehicle_v2
OR-Tools,20,4,0.25,85,7.9754697766083105,100.0,20,0,2.029850800000002,2.028554800000002,1.0086391,1.019915700000002,1.0198748000000002,10,8,11,677.7445913558283,4,7;6;4;3,paper_multivehicle_v2
OR-Tools,20,4,0.25,86,7.9674182742318855,100.0,20,0,2.871711600000001,2.8706618000000006,1.0095436000000007,1.8611182,1.8610477000000039,10,4,11,672.1132563024213,4,5;5;5;5,paper_multivehicle_v2
OR-Tools,20,4,0.25,87,11.175106995596636,100.0,20,0,3.2986100999999977,3.297392700000003,1.0086309,2.288761800000003,2.288681299999997,10,5,11,588.7060255919606,4,6;5;4;5,paper_multivehicle_v2
OR-Tools,20,4,0.25,88,13.017368014027419,100.0,20,0,2.534882999999997,2.533582400000004,1.0087294,1.5248530000000038,1.5248042999999996,10,7,11,671.2330982564914,4,6;5;5;4,paper_multivehicle_v2
OR-Tools,20,4,0.25,89,10.002737673362567,100.0,20,0,2.0315169999999974,2.0304639000000044,1.0088275000000024,1.021636400000002,1.0215756999999996,10,6,11,628.67657127529,4,7;4;5;4,paper_multivehicle_v2
OR-Tools,20,4,0.25,90,9.287237237346666,100.0,20,0,2.7865540000000024,2.785452100000004,1.0083183000000027,1.7771338000000014,1.7770822000000024,10,5,11,571.3892772703668,4,6;5;4;5,paper_multivehicle_v2
OR-Tools,20,4,0.25,91,10.494391706017105,100.0,20,0,2.785195299999998,2.784324699999992,1.0099512999999973,1.7743733999999947,1.774327599999996,10,5,11,696.2031136649883,4,6;4;4;6,paper_multivehicle_v2
OR-Tools,20,4,0.25,92,8.610985729352507,95.0,19,1,4.1248921,4.1236669999999975,1.0109873,3.1126796999999975,3.1126796999999975,10,10,11,571.7605579756357,4,5;4;5;5,paper_multivehicle_v2
OR-Tools,20,4,0.25,93,8.140431202618291,95.0,19,1,2.692961799999999,2.6917814999999976,1.007866,1.6839154999999977,1.683859899999998,10,6,11,555.1332150250473,4,6;4;4;5,paper_multivehicle_v2
OR-Tools,20,4,0.25,94,10.063034600914726,100.0,20,0,3.2830638999999984,3.2821335000000005,1.0094929000000015,2.272640599999999,2.2726113000000012,10,6,11,575.2942810456116,4,5;6;5;4,paper_multivehicle_v2
OR-Tools,20,4,0.25,95,9.72219542518393,95.0,19,1,2.284092300000001,2.282958899999997,1.0082999999999984,1.2746588999999986,1.2746192999999977,10,8,11,587.2253712363937,4,6;4;4;5,paper_multivehicle_v2
OR-Tools,20,4,0.25,96,8.118447760297297,100.0,20,0,3.3676090000000016,3.366492300000001,1.0095612000000003,2.3569311000000006,2.3568781000000065,10,6,11,614.6473206536539,4,6;5;5;4,paper_multivehicle_v2
OR-Tools,20,4,0.25,97,8.808457456346561,100.0,20,0,2.5301203999999977,2.5293554,1.0109445000000008,1.5184108999999992,1.5183615999999986,10,4,11,575.4620343382645,4,5;7;4;4,paper_multivehicle_v2
OR-Tools,20,4,0.25,98,9.552004407133932,100.0,20,0,1.787701000000002,1.7865228999999943,1.0104970999999985,0.7760257999999958,0.7759798999999994,10,7,11,609.7664356309335,4,6;5;5;4,paper_multivehicle_v2
OR-Tools,20,4,0.25,99,8.824847154939844,100.0,20,0,2.530284599999998,2.5292248999999956,1.0069555000000001,1.5222693999999954,1.5222178999999976,10,6,11,607.8982736974649,4,6;6;4;4,paper_multivehicle_v2
OR-Tools,20,4,0.25,100,8.951555284085282,100.0,20,0,3.031009300000001,3.030169499999996,1.0090958999999984,2.0210735999999976,2.021027699999994,10,5,11,564.646323015238,4,5;5;6;4,paper_multivehicle_v2
OR-Tools,20,4,0.5,1,11.702566543253052,100.0,20,0,1.0348662000000002,1.0339202,1.0151026,0.01881759999999999,0.018807500000000088,10,9,11,668.5913314867136,4,5;7;6;2,paper_multivehicle_v2
OR-Tools,20,4,0.5,2,11.072771661615684,100.0,20,0,1.9649622,1.9630231000000014,1.0128542,0.9501689000000013,0.9500954000000008,10,7,11,584.7377677822093,4,5;6;4;5,paper_multivehicle_v2
OR-Tools,20,4,0.5,3,11.386140485686006,100.0,20,0,0.5391035,0.5377919000000004,0.5135638,0.02422810000000042,0.024212100000000403,10,9,11,624.4470598345904,4,6;6;4;4,paper_multivehicle_v2
OR-Tools,20,4,0.5,4,15.157121999586227,100.0,20,0,2.0443253,2.0428363000000007,1.013515,1.0293213000000008,1.0292771000000007,10,8,11,666.5550593604108,4,6;6;4;4,paper_multivehicle_v2
OR-Tools,20,4,0.5,5,10.104113487476951,100.0,20,0,2.3006368999999998,2.2990478000000008,1.0172628000000001,1.2817850000000006,1.2817066000000006,10,7,11,556.6875291525814,4,6;5;4;5,paper_multivehicle_v2
OR-Tools,20,4,0.5,6,13.932958546631735,100.0,20,0,1.042538,1.0413636,0.762471,0.2788925999999998,0.27887419999999974,10,9,11,675.5841274507474,4,6;5;4;5,paper_multivehicle_v2
OR-Tools,20,4,0.5,7,11.992689202495301,100.0,20,0,3.0491554,3.0477653999999985,1.0140868,2.0336785999999982,2.033627499999999,10,7,11,636.2138305535568,4,6;6;4;4,paper_multivehicle_v2
OR-Tools,20,4,0.5,8,10.189611277891697,100.0,20,0,2.2985868,2.2972436999999997,1.0157241,1.2815195999999998,1.2814693,10,7,11,561.344944526381,4,5;6;5;4,paper_multivehicle_v2
OR-Tools,20,4,0.5,9,11.795837957326771,100.0,20,0,2.3082365,2.3067420000000003,1.0132679,1.2934741000000003,1.2934162,10,7,11,592.0714058089752,4,6;6;4;4,paper_multivehicle_v2
OR-Tools,20,4,0.5,10,9.754293909446343,100.0,20,0,1.5390677,1.5378273999999996,1.0124048,0.5254225999999995,0.5253860999999993,10,7,11,598.8026083800489,4,5;6;6;3,paper_multivehicle_v2
OR-Tools,20,4,0.5,11,8.883535748830425,100.0,20,0,2.4635480000000003,2.4620626999999997,1.0145869,1.4474757999999999,1.4474364,10,8,11,565.4045294630758,4,7;4;5;4,paper_multivehicle_v2
OR-Tools,20,4,0.5,12,12.675707788111326,100.0,20,0,1.0391377,1.0379736000000002,1.0146365,0.02333710000000022,0.02332270000000003,10,9,11,645.7789115320743,4,6;6;4;4,paper_multivehicle_v2
OR-Tools,20,4,0.5,13,10.07177014586819,100.0,20,0,1.7929631999999998,1.7907147000000003,1.0084290000000002,0.7822857000000001,0.7822322000000002,10,7,11,609.62629450682,4,6;5;5;4,paper_multivehicle_v2
OR-Tools,20,4,0.5,14,10.399151118897857,100.0,20,0,2.2863970999999994,2.2852749000000014,1.0089948999999998,1.2762800000000016,1.2762489000000015,10,8,11,595.2415260584041,4,7;6;4;3,paper_multivehicle_v2
OR-Tools,20,4,0.5,15,9.912004724925502,100.0,20,0,1.3752882999999998,1.3740267000000006,1.0088640000000002,0.3651627000000004,0.36512540000000016,10,8,11,585.2821849170116,4,6;5;5;4,paper_multivehicle_v2
OR-Tools,20,4,0.5,16,10.884309074428508,100.0,20,0,1.0402419000000003,1.0389325999999985,1.0107035,0.028229099999998564,0.028190799999998628,10,8,11,599.0774886491761,4,6;5;5;4,paper_multivehicle_v2
OR-Tools,20,4,0.5,17,10.6826302218329,100.0,20,0,2.7910641,2.7897269,1.0094767999999998,1.7802501,1.7801887,10,7,11,659.9404631016228,4,6;4;5;5,paper_multivehicle_v2
OR-Tools,20,4,0.5,18,12.02005495810264,100.0,20,0,1.2844136000000002,1.283252,1.0083598,0.27489220000000003,0.27487260000000013,10,9,11,643.4240926127619,4,7;5;4;4,paper_multivehicle_v2
OR-Tools,20,4,0.5,19,9.425146884812388,100.0,20,0,1.3673981,1.3662479999999992,1.0073931000000003,0.358854899999999,0.35881779999999974,10,8,11,564.546739506193,4,6;6;5;3,paper_multivehicle_v2
OR-Tools,20,4,0.5,20,9.087321491177459,100.0,20,0,1.0464541,1.0450670000000026,1.0111764000000005,0.0338906000000021,0.03384850000000128,10,8,11,547.6017751246222,4,5;7;5;3,paper_multivehicle_v2
OR-Tools,20,4,0.5,21,8.343520535953228,100.0,20,0,1.8638405000000002,1.8627848999999999,1.0084829000000002,0.8543019999999997,0.8542572000000002,10,7,11,543.0317380372777,4,6;5;5;4,paper_multivehicle_v2
OR-Tools,20,4,0.5,22,10.881588552110893,100.0,20,0,1.5360106,1.5345960999999981,1.0087973999999997,0.5257986999999984,0.5257601999999988,10,8,11,626.6274788303376,4,6;5;5;4,paper_multivehicle_v2
OR-Tools,20,4,0.5,23,12.79314575032562,100.0,20,0,2.2842554,2.2828357999999995,0.7619579000000001,1.5208778999999994,1.5208438999999991,10,8,11,672.8960472326521,4,6;5;5;4,paper_multivehicle_v2
OR-Tools,20,4,0.5,24,9.202118403228445,100.0,20,0,2.0402509,2.0389955000000004,1.0076245999999998,1.0313709000000006,1.0313005000000004,10,6,11,578.5810048923523,4,6;6;4;4,paper_multivehicle_v2
OR-Tools,20,4,0.5,25,12.612170696909375,100.0,20,0,1.1116277,1.110550299999999,0.7567817000000003,0.35376859999999866,0.35373529999999853,10,8,11,608.4026471837324,4,5;5;5;5,paper_multivehicle_v2
OR-Tools,20,4,0.5,26,11.968285858028889,100.0,20,0,1.0331967999999998,1.0319174000000002,1.0080337999999998,0.02388360000000045,0.02385079999999995,10,8,11,650.8817874803003,4,7;5;4;4,paper_multivehicle_v2
OR-Tools,20,4,0.5,27,10.779468834300424,100.0,20,0,1.0344831999999995,1.0330897000000006,1.0089237000000004,0.024166000000000132,0.02414510000000014,10,9,11,588.5891053163817,4,7;6;5;2,paper_multivehicle_v2
OR-Tools,20,4,0.5,28,10.80322454959183,100.0,20,0,1.3695459000000003,1.3681602000000002,1.0084533000000002,0.35970689999999994,0.3596661000000001,10,8,11,620.907667244544,4,5;5;5;5,paper_multivehicle_v2
OR-Tools,20,4,0.5,29,11.984883995530105,100.0,20,0,1.0326364999999997,1.0315645,0.7571915000000002,0.27437299999999976,0.27434460000000005,10,8,11,617.9214636465574,4,7;5;4;4,paper_multivehicle_v2
OR-Tools,20,4,0.5,30,10.424177056002847,100.0,20,0,0.28270450000000036,0.2815606999999991,0.2564422000000004,0.02511849999999871,0.02511849999999871,10,10,11,589.9480579734134,4,6;6;5;3,paper_multivehicle_v2
OR-Tools,20,4,0.5,31,10.142239908523278,100.0,20,0,1.7913328000000002,1.7902343999999983,1.0107222999999994,0.7795120999999989,0.7794673999999988,10,7,11,631.855484428284,4,5;6;5;4,paper_multivehicle_v2
OR-Tools,20,4,0.5,32,11.833599487867723,100.0,20,0,1.0338137000000005,1.0326235000000015,1.0075777000000006,0.025045800000000895,0.025029700000001043,10,9,11,643.5374200387625,4,7;5;4;4,paper_multivehicle_v2
OR-Tools,20,4,0.5,33,10.274679860557958,100.0,20,0,1.8615684000000003,1.8604725999999987,1.0071224,0.8533501999999986,0.8533167999999991,10,8,11,570.2551937563707,4,7;5;5;3,paper_multivehicle_v2
OR-Tools,20,4,0.5,34,10.83071006873083,100.0,20,0,0.7804199999999994,0.7790583,0.7571284,0.021929899999999947,0.02188839999999992,10,9,11,617.776465938675,4,6;6;4;4,paper_multivehicle_v2
OR-Tools,20,4,0.5,35,12.125338859014327,100.0,20,0,1.6149018000000002,1.6135720000000005,1.0081824999999993,0.6053895000000011,0.6053731000000013,10,9,11,628.4538753485992,4,6;7;3;4,paper_multivehicle_v2
OR-Tools,20,4,0.5,36,10.5043988454543,100.0,20,0,2.3086972999999995,2.3075703,1.0350304999999995,1.2725398000000006,1.2724949000000008,10,7,11,572.7846970141089,4,6;6;5;3,paper_multivehicle_v2
OR-Tools,20,4,0.5,37,11.542870778924886,100.0,20,0,2.1141195999999995,2.113124199999999,1.0070873999999996,1.1060367999999992,1.105992099999999,10,7,11,608.0911635327894,4,6;6;4;4,paper_multivehicle_v2
OR-Tools,20,4,0.5,38,10.91977171309948,100.0,20,0,1.6978341000000006,1.6967477000000013,1.0093489,0.6873988000000013,0.6873847000000008,10,9,11,593.276242278996,4,7;6;5;2,paper_multivehicle_v2
OR-Tools,20,4,0.5,39,14.441208896539148,100.0,20,0,1.0350262,1.0337993,1.0067140000000006,0.027085299999999535,0.027060599999999546,10,9,11,600.5556170521269,4,6;5;5;4,paper_multivehicle_v2
OR-Tools,20,4,0.5,40,8.502554885204855,100.0,20,0,2.2010942,2.1998398000000003,1.0131315999999995,1.1867082000000009,1.1866737,10,8,11,593.0878987196817,4,5;6;5;4,paper_multivehicle_v2
OR-Tools,20,4,0.5,41,11.767537667324172,100.0,20,0,1.7871354999999998,1.785848099999999,1.0121503999999995,0.7736976999999996,0.7736521000000005,10,7,11,673.0924292228823,4,5;5;6;4,paper_multivehicle_v2
OR-Tools,20,4,0.5,42,13.844097611577828,100.0,20,0,2.5488039999999996,2.5474634000000016,1.0095084000000005,1.537955000000001,1.5379124000000006,10,8,11,681.922710374976,4,6;5;5;4,paper_multivehicle_v2
OR-Tools,20,4,0.5,43,10.520525344822147,100.0,20,0,1.7871037999999997,1.7858660999999998,1.0075333999999998,0.7783327,0.7782981000000007,10,8,11,599.4338445170346,4,6;6;5;3,paper_multivehicle_v2
OR-Tools,20,4,0.5,44,12.300689309368728,100.0,20,0,3.0389164000000006,3.0374710999999976,1.0094968,2.0279742999999977,2.0279204,10,7,11,624.481973149034,4,6;7;4;3,paper_multivehicle_v2
OR-Tools,20,4,0.5,45,11.503152488759138,100.0,20,0,1.5410082999999997,1.5394058999999993,1.0080434,0.5313624999999993,0.5313385999999998,10,9,11,651.7393985581547,4,7;5;5;3,paper_multivehicle_v2
OR-Tools,20,4,0.5,46,12.864523021442844,100.0,20,0,1.0264449000000004,1.0255399,1.0073132000000005,0.018226699999999596,0.018226699999999596,10,10,11,602.3720805759743,4,6;6;5;3,paper_multivehicle_v2
OR-Tools,20,4,0.5,47,11.83413143318215,100.0,20,0,2.7866429000000004,2.785396399999999,1.0081587,1.7772376999999988,1.7772107999999989,10,8,11,637.9247156451224,4,5;5;5;5,paper_multivehicle_v2
OR-Tools,20,4,0.5,48,10.917412901129744,100.0,20,0,2.2869116,2.285661700000002,1.0072549999999998,1.2784067000000023,1.2783696000000004,10,8,11,625.5686396469596,4,5;5;5;5,paper_multivehicle_v2
OR-Tools,20,4,0.5,49,10.078298247812825,100.0,20,0,1.533781199999999,1.532313600000001,1.0062800000000003,0.5260336000000008,0.5259755999999998,10,7,11,545.924198895398,4,5;6;4;5,paper_multivehicle_v2
OR-Tools,20,4,0.5,50,11.573411017045107,100.0,20,0,0.7862600000000004,0.7848140999999984,0.7570712999999998,0.027742799999998624,0.027720899999999382,10,9,11,600.0293863659264,4,6;6;5;3,paper_multivehicle_v2
OR-Tools,20,4,0.5,51,9.266868100567482,100.0,20,0,0.2702246000000006,0.26946720000000113,0.2544529999999998,0.01501420000000131,0.01501420000000131,10,10,11,565.6256837191246,4,6;5;6;3,paper_multivehicle_v2
OR-Tools,20,4,0.5,52,11.94979149424103,100.0,20,0,1.5397530000000001,1.5382099000000027,1.0078112,0.5303987000000028,0.5303794000000028,10,9,11,603.7517946086224,4,6;6;4;4,paper_multivehicle_v2
OR-Tools,20,4,0.5,53,12.330096045575088,100.0,20,0,1.7890866,1.7876482000000022,1.0085681000000006,0.7790801000000016,0.7790220000000012,10,7,11,641.7383470751114,4,5;6;5;4,paper_multivehicle_v2
OR-Tools,20,4,0.5,54,10.13617753515265,100.0,20,0,1.5354254999999988,1.5342668999999995,1.0075417999999994,0.5267251000000002,0.5266789999999997,10,7,11,599.1053752208569,4,6;6;4;4,paper_multivehicle_v2
OR-Tools,20,4,0.5,55,8.15333828761764,100.0,20,0,1.0308718000000008,1.0294537999999989,1.006818599999999,0.022635199999999855,0.02259489999999964,10,8,11,579.6184823842033,4,7;4;5;4,paper_multivehicle_v2
OR-Tools,20,4,0.5,56,12.10143540661301,100.0,20,0,0.2839291999999993,0.28245310000000057,0.25737200000000016,0.02508110000000041,0.02508110000000041,10,10,11,577.4525525576421,4,7;4;4;5,paper_multivehicle_v2
OR-Tools,20,4,0.5,57,9.09924981005472,100.0,20,0,2.368203200000001,2.3669639999999985,1.0105999999999993,1.3563639999999992,1.3563434,10,9,11,582.1851073239935,4,5;6;5;4,paper_multivehicle_v2
OR-Tools,20,4,0.5,58,11.008561037924997,100.0,20,0,2.0402864999999997,2.0387441999999982,1.009243399999999,1.0295007999999992,1.0294623999999999,10,8,11,611.4117359748565,4,7;5;4;4,paper_multivehicle_v2
OR-Tools,20,4,0.5,59,8.67075794303496,100.0,20,0,1.2838752999999992,1.2827100000000007,1.0091586000000001,0.27355140000000056,0.2735138000000017,10,8,11,633.3276349033081,4,8;5;4;3,paper_multivehicle_v2
OR-Tools,20,4,0.5,60,13.847538983554008,100.0,20,0,2.2918686999999984,2.2904464999999963,1.0083640999999997,1.2820823999999966,1.2820465999999957,10,8,11,673.6063317026869,4,5;5;5;5,paper_multivehicle_v2
OR-Tools,20,4,0.5,61,10.13469205162464,100.0,20,0,1.8667968999999989,1.8655480000000004,1.007309600000001,0.8582383999999994,0.8581984000000009,10,7,11,596.7941444197525,4,7;5;4;4,paper_multivehicle_v2
OR-Tools,20,4,0.5,62,10.927509752803859,100.0,20,0,1.5303687999999998,1.5291890000000006,1.0084841999999998,0.5207048000000007,0.5206745999999995,10,8,11,598.0,4,7;5;4;4,paper_multivehicle_v2
OR-Tools,20,4,0.5,63,9.79180566216573,100.0,20,0,1.5318497999999998,1.5304794999999967,1.0076035,0.5228759999999966,0.5228153999999989,10,7,11,549.6347614342147,4,6;6;5;3,paper_multivehicle_v2
OR-Tools,20,4,0.5,64,10.983227237812464,100.0,20,0,2.0423173000000006,2.0411491999999996,1.0108166,1.0303325999999995,1.0302816000000004,10,7,11,618.8472991312144,4,6;5;5;4,paper_multivehicle_v2
OR-Tools,20,4,0.5,65,10.583894895572948,100.0,20,0,2.0304619000000006,2.029374500000001,1.007325699999999,1.022048800000002,1.021995200000001,10,6,11,689.5039233121079,4,6;6;4;4,paper_multivehicle_v2
OR-Tools,20,4,0.5,66,9.79335577205617,100.0,20,0,1.3621952000000004,1.3611086000000014,1.007432999999999,0.35367560000000253,0.3536304000000019,10,7,11,610.9158856518136,4,6;6;4;4,paper_multivehicle_v2
OR-Tools,20,4,0.5,67,11.915205586560903,95.0,19,1,3.4486419,3.447480999999998,1.0071440999999997,2.4403368999999984,2.440285799999998,10,7,11,677.6771672319314,4,5;5;4;5,paper_multivehicle_v2
OR-Tools,20,4,0.5,68,11.753838100210407,100.0,20,0,1.7873419999999989,1.7858690000000017,1.0089675000000007,0.776901500000001,0.7768636000000004,10,8,11,583.8171469459645,4,6;6;5;3,paper_multivehicle_v2
OR-Tools,20,4,0.5,69,9.6180724463255,100.0,20,0,1.5311377000000004,1.5300166000000015,1.0071902000000001,0.5228264000000014,0.5227948999999992,10,8,11,647.2040074391562,4,6;5;5;4,paper_multivehicle_v2
OR-Tools,20,4,0.5,70,9.939877963667646,100.0,20,0,1.7847644000000003,1.7834434999999953,1.0086139999999997,0.7748294999999956,0.7747777999999954,10,7,11,653.8375540918329,4,7;4;4;5,paper_multivehicle_v2
OR-Tools,20,4,0.5,71,10.318187383027384,100.0,20,0,1.7301474,1.7288809999999977,1.027876599999999,0.7010043999999986,0.7009728999999982,10,8,11,557.3886296557835,4,5;8;4;3,paper_multivehicle_v2
OR-Tools,20,4,0.5,72,10.008388161524767,100.0,20,0,1.7816837999999997,1.7802892999999997,1.0070951000000008,0.7731941999999989,0.7731641999999983,10,8,11,562.7647267862343,4,5;6;5;4,paper_multivehicle_v2
OR-Tools,20,4,0.5,73,10.058464546592779,100.0,20,0,2.2789415999999996,2.2778378999999997,1.0067981999999986,1.271039700000001,1.2709984000000016,10,7,11,542.00806399171,4,5;5;5;5,paper_multivehicle_v2
OR-Tools,20,4,0.5,74,9.024279802821384,100.0,20,0,1.0289415999999996,1.0278297999999957,1.006930800000001,0.020898999999994672,0.020859399999993755,10,8,11,592.164828143504,4,7;6;4;3,paper_multivehicle_v2
OR-Tools,20,4,0.5,75,9.537052943603916,100.0,20,0,1.8028807999999987,1.8017216999999999,1.0079176999999984,0.7938040000000015,0.7937650000000005,10,8,11,611.9759601554497,4,4;5;6;5,paper_multivehicle_v2
OR-Tools,20,4,0.5,76,11.747418236605574,100.0,20,0,1.3664451,1.3651322999999937,1.0077885000000002,0.35734379999999355,0.35731129999999567,10,8,11,609.7943499890711,4,6;5;5;4,paper_multivehicle_v2
OR-Tools,20,4,0.5,77,13.15175604241251,100.0,20,0,2.0383701999999992,2.037184699999999,1.0084809000000003,1.0287037999999988,1.0286466999999995,10,7,11,611.8188497897037,4,7;5;4;4,paper_multivehicle_v2
OR-Tools,20,4,0.5,78,7.871880476081807,100.0,20,0,2.789108200000001,2.7880695000000006,1.0090776000000012,1.7789918999999994,1.7789321999999999,10,5,11,562.4924238945614,4,6;4;5;5,paper_multivehicle_v2
OR-Tools,20,4,0.5,79,12.472739376136772,100.0,20,0,2.5356357000000003,2.534506799999999,1.0073989,1.527107899999999,1.5270759999999974,10,8,11,638.361276197925,4,5;5;5;5,paper_multivehicle_v2
OR-Tools,20,4,0.5,80,10.529716945564076,100.0,20,0,2.063872400000001,2.0626190000000033,1.0425817000000013,1.020037300000002,1.0200045000000024,10,8,11,619.2958189781103,4,6;6;4;4,paper_multivehicle_v2
OR-Tools,20,4,0.5,81,10.123228187105285,95.0,19,1,1.3622986000000008,1.3612170999999975,1.0079028,0.3533142999999974,0.3532795999999987,10,8,11,591.2760554090684,4,4;6;5;4,paper_multivehicle_v2
OR-Tools,20,4,0.5,82,9.149182747349727,100.0,20,0,1.3078410000000016,1.3066617999999988,1.0122125000000004,0.29444929999999836,0.29439870000000035,10,7,11,557.6659513557904,4,5;6;5;4,paper_multivehicle_v2
OR-Tools,20,4,0.5,83,13.001888192515985,100.0,20,0,0.5466400999999994,0.5447352000000016,0.5071056000000009,0.03762960000000071,0.03762960000000071,10,10,11,573.3353015105783,4,7;5;4;4,paper_multivehicle_v2
OR-Tools,20,4,0.5,84,11.631297823413265,100.0,20,0,1.548730599999999,1.5476278000000043,1.0194209999999995,0.5282068000000049,0.5281759000000044,10,8,11,628.1280451288449,4,7;5;5;3,paper_multivehicle_v2
OR-Tools,20,4,0.5,85,9.267536583407978,100.0,20,0,1.0253196000000013,1.0242564000000005,1.0070452000000003,0.017211200000000204,0.017155000000000697,10,7,11,589.5054323398762,4,4;5;7;4,paper_multivehicle_v2
OR-Tools,20,4,0.5,86,10.346725058864221,100.0,20,0,2.2858505000000005,2.284607699999995,1.008106699999999,1.276500999999996,1.276436399999998,10,6,11,638.3517138566167,4,6;6;5;3,paper_multivehicle_v2
OR-Tools,20,4,0.5,87,10.81627201148845,100.0,20,0,1.0290549999999996,1.027919200000003,1.0081372000000002,0.019782000000002853,0.01974670000000245,10,8,11,679.8302669096189,4,6;5;5;4,paper_multivehicle_v2
OR-Tools,20,4,0.5,88,11.046411723950053,100.0,20,0,2.1978349999999995,2.196676499999997,1.0072837999999997,1.1893926999999973,1.1893535999999987,10,8,11,571.087869664407,4,6;6;5;3,paper_multivehicle_v2
OR-Tools,20,4,0.5,89,11.507353418396725,100.0,20,0,1.8622186000000003,1.8611270000000015,1.0075690000000002,0.8535580000000014,0.8535208999999995,10,7,11,557.3886296557835,4,6;4;5;5,paper_multivehicle_v2
OR-Tools,20,4,0.5,90,9.730498123713087,100.0,20,0,2.3606183000000005,2.3597012,1.0073922,1.352309,1.3522838999999998,10,8,11,567.6584000989218,4,5;5;5;5,paper_multivehicle_v2
OR-Tools,20,4,0.5,91,7.99276103234877,100.0,20,0,1.5319573999999996,1.5307261999999984,1.0083175000000004,0.522408699999998,0.5223762000000001,10,8,11,543.1347764706584,4,7;6;4;3,paper_multivehicle_v2
OR-Tools,20,4,0.5,92,10.735208098484286,100.0,20,0,1.7802199000000005,1.779105300000003,1.0069215000000007,0.7721838000000023,0.7721487000000025,10,8,11,631.0917434764484,4,7;5;5;3,paper_multivehicle_v2
OR-Tools,20,4,0.5,93,13.042884936243418,100.0,20,0,2.2951064,2.294026299999997,1.0146834999999985,1.2793427999999984,1.279294499999999,10,7,11,610.9779943094227,4,6;5;5;4,paper_multivehicle_v2
OR-Tools,20,4,0.5,94,11.886212087637919,100.0,20,0,1.7858462999999993,1.7844579000000014,1.0070829999999997,0.7773749000000016,0.7773548000000012,10,9,11,646.8046544497153,4,6;5;5;4,paper_multivehicle_v2
OR-Tools,20,4,0.5,95,12.040082451765151,100.0,20,0,3.0478099999999984,3.046651899999997,1.0221757,2.024476199999997,2.0244024999999954,10,6,11,609.6717957992972,4,5;6;4;5,paper_multivehicle_v2
OR-Tools,20,4,0.5,96,10.751876876903433,100.0,20,0,1.2821225999999992,1.2807545000000005,0.7571543999999992,0.5236001000000012,0.5235576000000002,10,8,11,612.7396666712709,4,7;6;4;3,paper_multivehicle_v2
OR-Tools,20,4,0.5,97,11.305611962299935,100.0,20,0,0.2799341000000002,0.27886529999999965,0.2566296000000001,0.022235699999999525,0.022214100000001125,10,9,11,577.3441629501173,4,7;6;4;3,paper_multivehicle_v2
OR-Tools,20,4,0.5,98,8.997680874846397,100.0,20,0,1.0277445000000007,1.0265287,1.0068850000000005,0.019643699999999598,0.01960089999999859,10,8,11,620.1307015400205,4,6;6;4;4,paper_multivehicle_v2
OR-Tools,20,4,0.5,99,12.207453346697537,100.0,20,0,0.5304004000000013,0.5292139999999996,0.5061678999999994,0.02304610000000018,0.02302710000000019,10,9,11,590.8461727402448,4,7;6;4;3,paper_multivehicle_v2
OR-Tools,20,4,0.5,100,10.727025219180927,100.0,20,0,1.8585889000000009,1.8578482999999988,1.008322999999999,0.8495252999999998,0.8494959000000044,10,7,11,571.761440721984,4,6;4;6;4,paper_multivehicle_v2
OR-Tools,20,4,0.75,1,11.118095704206725,100.0,20,0,1.3062402,1.3049707000000006,1.0283338,0.27663690000000063,0.27660520000000055,10,8,11,584.2120425165625,4,6;6;6;2,paper_multivehicle_v2
OR-Tools,20,4,0.75,2,12.034253939977804,95.0,19,1,0.7906552,0.7892257000000007,0.7661078000000001,0.02311790000000058,0.023099800000000448,10,9,11,575.0668417949756,4,6;5;5;3,paper_multivehicle_v2
OR-Tools,20,4,0.75,3,10.270496494946864,95.0,19,1,0.2972086999999999,0.2959272999999991,0.2729617999999998,0.022965499999999306,0.02290589999999959,10,7,11,617.1266398731761,4,7;5;4;3,paper_multivehicle_v2
OR-Tools,20,4,0.75,4,14.119206793508543,95.0,19,1,0.8031435,0.8016732000000006,0.7713847,0.030288500000000607,0.030249800000000437,10,8,11,611.3940065038724,4,5;6;4;4,paper_multivehicle_v2
OR-Tools,20,4,0.75,5,11.392436049632003,100.0,20,0,0.5483445,0.5470687000000005,0.5214094,0.025659300000000496,0.025619900000000362,10,8,11,649.5133347644793,4,6;6;5;3,paper_multivehicle_v2
OR-Tools,20,4,0.75,6,11.762860693121906,90.0,18,2,0.05328810000000006,0.051724199999999776,0.01326499999999986,0.038459199999999916,0.03841519999999998,10,8,11,640.9817255717135,4,5;5;4;4,paper_multivehicle_v2
OR-Tools,20,4,0.75,7,12.29421518400494,100.0,20,0,0.3090229,0.30716330000000025,0.2685502000000002,0.03861310000000007,0.038593200000000216,10,9,11,618.5376850439363,4,6;5;5;4,paper_multivehicle_v2
OR-Tools,20,4,0.75,8,10.389071778167938,85.0,17,3,0.5750519999999999,0.5735762000000002,0.032259999999999955,0.5413162000000002,0.5412937000000002,10,9,11,602.3957506732074,4,6;4;4;3,paper_multivehicle_v2
OR-Tools,20,4,0.75,9,12.85301329287859,100.0,20,0,0.8102595000000001,0.8084220000000004,0.7661719,0.0422501000000004,0.042228600000000505,10,9,11,656.4191122070256,4,6;5;5;4,paper_multivehicle_v2
OR-Tools,20,4,0.75,10,12.093836523659878,95.0,19,1,0.8107504999999999,0.8091967000000007,0.7719626000000002,0.03723410000000049,0.03720100000000004,10,8,11,629.505579689687,4,7;4;4;4,paper_multivehicle_v2
OR-Tools,20,4,0.75,11,11.639038360992634,95.0,19,1,0.31584100000000004,0.3144102999999998,0.2824244,0.03198589999999979,0.031966199999999834,10,9,11,578.7107845209058,4,5;5;4;5,paper_multivehicle_v2
OR-Tools,20,4,0.75,12,12.330419607718422,100.0,20,0,0.2915443,0.2902123999999999,0.25846119999999995,0.03175119999999998,0.03171429999999997,10,8,11,704.6861737541241,4,7;5;4;4,paper_multivehicle_v2
OR-Tools,20,4,0.75,13,10.696097958226433,100.0,20,0,1.8407402000000002,1.8370658999999994,1.0547549000000003,0.7823109999999991,0.7822465999999997,10,7,11,643.4652303255468,4,7;6;3;4,paper_multivehicle_v2
OR-Tools,20,4,0.75,14,11.321135831306986,95.0,19,1,0.031222300000000036,0.030017400000000194,0.006068200000000079,0.023949200000000115,0.02392800000000017,10,9,11,662.7615372607792,4,6;5;5;3,paper_multivehicle_v2
OR-Tools,20,4,0.75,15,11.964729512273244,100.0,20,0,0.8666396000000001,0.8655363999999994,0.5065483,0.3589880999999995,0.3589551999999996,10,8,11,605.3178163883717,4,6;6;4;4,paper_multivehicle_v2
OR-Tools,20,4,0.75,16,10.819573352063566,95.0,19,1,0.5333456999999997,0.5321999,0.0034700999999999205,0.5287298,0.5287094000000001,10,9,11,663.7021715173266,4,7;5;4;3,paper_multivehicle_v2
OR-Tools,20,4,0.75,17,13.22299541279034,100.0,20,0,0.5579486,0.5557817999999999,0.5166244000000002,0.039157399999999676,0.039034599999999475,10,7,11,671.465984064218,4,6;5;4;5,paper_multivehicle_v2
OR-Tools,20,4,0.75,18,11.67836934815046,95.0,19,1,0.285585,0.28435840000000057,0.25897459999999994,0.025383800000000623,0.02529630000000016,10,7,11,596.6728603825254,4,5;6;4;4,paper_multivehicle_v2
OR-Tools,20,4,0.75,19,11.888612940008908,100.0,20,0,0.542972,0.5415722999999999,0.5074111000000001,0.03416119999999978,0.03411859999999978,10,8,11,633.1834290210345,4,5;5;6;4,paper_multivehicle_v2
OR-Tools,20,4,0.75,20,10.86031837178094,95.0,19,1,0.03877140000000012,0.03760469999999949,0.005044499999999896,0.032560199999999595,0.03254459999999959,10,9,11,590.245334904527,4,6;6;4;3,paper_multivehicle_v2
OR-Tools,20,4,0.75,21,10.507815502605563,100.0,20,0,0.05400460000000007,0.05274500000000071,0.004517899999999964,0.048227100000000744,0.048207500000000625,10,9,11,649.8830055025143,4,6;6;5;3,paper_multivehicle_v2
OR-Tools,20,4,0.75,22,13.17320649171612,90.0,18,2,0.5337118000000001,0.5326221000000002,0.0059975000000001,0.5266246000000001,0.5265879000000002,10,8,11,652.1853215195222,4,6;5;3;4,paper_multivehicle_v2
OR-Tools,20,4,0.75,23,10.901182428376119,95.0,19,1,0.7922140999999998,0.7910501000000003,0.2709807000000002,0.5200694000000001,0.5200345,10,8,11,623.1786416350257,4,6;6;5;2,paper_multivehicle_v2
OR-Tools,20,4,0.75,24,8.805876772301149,95.0,19,1,0.0347436000000001,0.03364670000000025,0.006733700000000287,0.026912999999999965,0.026879000000000097,10,8,11,595.0058137569781,4,7;5;4;3,paper_multivehicle_v2
OR-Tools,20,4,0.75,25,12.844345019983056,100.0,20,0,0.5341089000000001,0.5327861,0.5081951999999998,0.024590900000000193,0.024566100000000368,10,9,11,611.5124337165521,4,6;5;5;4,paper_multivehicle_v2
OR-Tools,20,4,0.75,26,12.7062692870896,95.0,19,1,2.0548787000000006,2.0537731,0.7574926999999998,1.2962804,1.2962471,10,8,11,658.1171992676302,4,6;5;4;4,paper_multivehicle_v2
OR-Tools,20,4,0.75,27,12.279041817308167,95.0,19,1,0.03796540000000004,0.03657789999999883,0.007926100000000158,0.028651799999998673,0.028610599999999042,10,8,11,630.7532117170791,4,5;5;5;4,paper_multivehicle_v2
OR-Tools,20,4,0.75,28,13.981664716393459,100.0,20,0,1.0430701,1.0416615000000005,0.5081033000000001,0.5335582000000003,0.5335196000000004,10,8,11,660.2697703925824,4,6;6;4;4,paper_multivehicle_v2
OR-Tools,20,4,0.75,29,13.40394277962428,100.0,20,0,0.7900619000000004,0.7887747999999988,0.7614104999999998,0.02736429999999901,0.027324199999999355,10,8,11,619.2617958187664,4,5;5;5;5,paper_multivehicle_v2
OR-Tools,20,4,0.75,30,8.572682536452502,100.0,20,0,0.052656499999999884,0.05071720000000157,0.005157900000000382,0.04555930000000119,0.04553890000000127,10,9,11,581.4484483058384,4,8;5;4;3,paper_multivehicle_v2
OR-Tools,20,4,0.75,31,10.117184406106126,100.0,20,0,0.04188689999999973,0.040531299999999604,0.009411200000000175,0.03112009999999943,0.031066399999999383,10,7,11,620.5178198526129,4,6;6;4;4,paper_multivehicle_v2
OR-Tools,20,4,0.75,32,9.95067175139729,100.0,20,0,0.2838387,0.2823544,0.26040730000000023,0.021947099999999775,0.021927599999999714,10,9,11,643.6005648272334,4,7;6;5;2,paper_multivehicle_v2
OR-Tools,20,4,0.75,33,10.53271521700036,100.0,20,0,0.038405299999999976,0.03712440000000017,0.0038058000000003034,0.033318599999999865,0.03327689999999972,10,8,11,660.8851311464155,4,6;6;4;4,paper_multivehicle_v2
OR-Tools,20,4,0.75,34,14.56491235244775,100.0,20,0,0.28967680000000007,0.28828549999999975,0.25900120000000015,0.029284299999999597,0.029264299999999466,10,9,11,647.6688301129501,4,5;6;6;3,paper_multivehicle_v2
OR-Tools,20,4,0.75,35,9.95001947309875,100.0,20,0,0.7923442999999999,0.7909697000000011,0.2579450000000003,0.5330247000000008,0.5329872000000004,10,8,11,610.3746447309405,4,6;6;4;4,paper_multivehicle_v2
OR-Tools,20,4,0.75,36,13.414674849267097,100.0,20,0,1.0410817999999997,1.0399228999999997,1.0107488,0.029174099999999648,0.029138099999999945,10,8,11,679.7843820364423,4,6;5;4;5,paper_multivehicle_v2
OR-Tools,20,4,0.75,37,8.678594748188623,100.0,20,0,1.5283339999999996,1.5273184000000009,1.008152,0.5191664000000009,0.519122900000001,10,7,11,617.8788146257641,4,7;5;4;4,paper_multivehicle_v2
OR-Tools,20,4,0.75,38,13.80920646273951,90.0,18,2,0.5348847999999999,0.5337857000000006,0.006466800000000106,0.5273189000000005,0.5272805000000003,10,8,11,651.2978035124389,4,5;5;4;4,paper_multivehicle_v2
OR-Tools,20,4,0.75,39,12.571722295596256,100.0,20,0,0.8745113,0.8733817999999989,0.5099624999999999,0.363419299999999,0.3634004999999991,10,9,11,605.96223866424,4,6;6;4;4,paper_multivehicle_v2
OR-Tools,20,4,0.75,40,11.305704953174256,100.0,20,0,0.28465870000000004,0.2833954999999997,0.25707389999999997,0.026321599999999723,0.026266199999999795,10,7,11,614.9561929212073,4,6;6;5;3,paper_multivehicle_v2
OR-Tools,20,4,0.75,41,9.998467123766922,90.0,18,2,0.5373019000000001,0.5359934000000015,0.5129689000000002,0.023024500000001336,0.02298760000000133,10,8,11,573.6268902974191,4,5;4;5;4,paper_multivehicle_v2
OR-Tools,20,4,0.75,42,9.544004606052074,100.0,20,0,0.03567940000000025,0.0341958,0.0037876999999997274,0.03040810000000027,0.030369500000000382,10,8,11,582.9627675323586,4,7;5;5;3,paper_multivehicle_v2
OR-Tools,20,4,0.75,43,10.646299976447533,95.0,19,1,1.6998950000000002,1.6985773999999996,1.0085495,0.6900278999999996,0.6899632000000002,10,7,11,633.0705368884958,4,6;5;5;3,paper_multivehicle_v2
OR-Tools,20,4,0.75,44,11.172648273088631,95.0,19,1,0.034345599999999976,0.03302380000000049,0.006469000000000058,0.026554800000000434,0.026515200000000405,10,8,11,578.2450156354284,4,5;5;5;4,paper_multivehicle_v2
OR-Tools,20,4,0.75,45,10.687748876341553,100.0,20,0,0.03153019999999973,0.030433199999998717,0.002936300000000003,0.027496899999998714,0.0274770999999987,10,9,11,651.3477272062272,4,7;6;4;3,paper_multivehicle_v2
OR-Tools,20,4,0.75,46,12.796899554302993,100.0,20,0,0.5358830000000001,0.5347495000000002,0.5131562000000001,0.02159330000000015,0.021562800000000326,10,8,11,698.3438873979229,4,7;5;4;4,paper_multivehicle_v2
OR-Tools,20,4,0.75,47,11.147548206852719,100.0,20,0,0.2903831000000001,0.28908429999999896,0.2580675000000001,0.031016799999998845,0.030980699999998862,10,8,11,613.3800802361662,4,6;5;6;3,paper_multivehicle_v2
OR-Tools,20,4,0.75,48,12.558968114978075,100.0,20,0,0.28657819999999967,0.28444159999999963,0.25727999999999973,0.027161599999999897,0.02712199999999987,10,8,11,635.6497501070905,4,6;6;5;3,paper_multivehicle_v2
OR-Tools,20,4,0.75,49,12.12370170386287,90.0,18,2,0.5400153999999997,0.5389658000000006,0.5098966000000003,0.02906920000000035,0.02902590000000016,10,7,11,618.1210992210767,4,5;4;5;4,paper_multivehicle_v2
OR-Tools,20,4,0.75,50,11.650239425565596,100.0,20,0,0.03778550000000003,0.03641429999999968,0.0057555000000002465,0.03065879999999943,0.030639199999999533,10,9,11,695.1080255733436,4,6;7;5;2,paper_multivehicle_v2
OR-Tools,20,4,0.75,51,13.322329437075766,90.0,18,2,0.5374414000000001,0.5360719000000009,0.0077161000000001145,0.5283558000000008,0.5283355000000007,10,9,11,615.9129851677309,4,6;5;5;2,paper_multivehicle_v2
OR-Tools,20,4,0.75,52,10.583553826109302,100.0,20,0,0.7836221000000001,0.7807833000000004,0.7581471999999998,0.022636100000000603,0.022603900000000454,10,8,11,632.8010282708397,4,6;6;4;4,paper_multivehicle_v2
OR-Tools,20,4,0.75,53,10.479004448061113,100.0,20,0,0.2817168999999997,0.28061040000000004,0.2569481999999996,0.02366220000000041,0.023627100000000567,10,8,11,619.5283620238698,4,6;6;6;2,paper_multivehicle_v2
OR-Tools,20,4,0.75,54,9.898758825021545,100.0,20,0,0.05134369999999988,0.05013970000000034,0.02119239999999989,0.028947300000000453,0.02892960000000011,10,9,11,631.6208154155437,4,7;6;4;3,paper_multivehicle_v2
OR-Tools,20,4,0.75,55,9.772364420854938,95.0,19,1,0.7822346999999996,0.7810969999999995,0.25789059999999964,0.5232063999999998,0.5231712999999996,10,8,11,623.2629707585107,4,6;6;3;4,paper_multivehicle_v2
OR-Tools,20,4,0.75,56,10.962442806798363,95.0,19,1,0.0373726999999997,0.035930499999998755,0.0062525999999998305,0.029677899999998925,0.029659199999998886,10,9,11,593.8232592203381,4,6;5;4;4,paper_multivehicle_v2
OR-Tools,20,4,0.75,57,11.676747739848818,95.0,19,1,0.7870699000000001,0.7858744000000009,0.7578095999999999,0.028064800000001,0.028000400000000703,10,7,11,597.6240124717211,4,5;7;4;3,paper_multivehicle_v2
OR-Tools,20,4,0.75,58,15.157899233379545,100.0,20,0,0.038629900000000106,0.037490799999998714,0.005008899999999983,0.03248189999999873,0.03246269999999907,10,9,11,707.0096545820468,4,6;5;4;5,paper_multivehicle_v2
OR-Tools,20,4,0.75,59,9.388907445826224,95.0,19,1,0.032932699999999926,0.031109300000000673,0.00600770000000006,0.025101600000000612,0.025062300000000537,10,8,11,604.6102470848117,4,6;5;5;3,paper_multivehicle_v2
OR-Tools,20,4,0.75,60,8.659862894286146,95.0,19,1,0.03333839999999988,0.03234590000000104,0.006662799999999969,0.02568310000000107,0.025646900000000805,10,7,11,570.388647164088,4,7;5;5;2,paper_multivehicle_v2
OR-Tools,20,4,0.75,61,11.158636465423013,95.0,19,1,0.5306937999999999,0.5295679999999989,0.004432500000000061,0.5251354999999989,0.5251161999999989,10,9,11,609.7763296360015,4,6;6;5;2,paper_multivehicle_v2
OR-Tools,20,4,0.75,62,9.147905941067707,90.0,18,2,1.2808895000000002,1.2797232999999997,0.2603565000000003,1.0193667999999994,1.0193323999999997,10,8,11,614.1489039508432,4,5;5;5;3,paper_multivehicle_v2
OR-Tools,20,4,0.75,63,12.15006350636013,100.0,20,0,1.0335805000000002,1.0324675,0.5074416999999998,0.5250258000000003,0.5249894000000004,10,8,11,664.7385993872987,4,6;6;5;3,paper_multivehicle_v2
OR-Tools,20,4,0.75,64,12.25811695928223,100.0,20,0,0.7853493999999999,0.7841932000000007,0.7573194999999995,0.02687370000000122,0.02683290000000138,10,8,11,622.4661862886486,4,5;6;5;4,paper_multivehicle_v2
OR-Tools,20,4,0.75,65,11.061878072075963,100.0,20,0,0.7806971999999996,0.7795615000000002,0.25619619999999976,0.5233653000000005,0.5233463999999999,10,9,11,641.4155192997436,4,6;5;5;4,paper_multivehicle_v2
OR-Tools,20,4,0.75,66,9.014681384265383,100.0,20,0,0.0350290000000002,0.03370959999999945,0.0038402999999997967,0.029869299999999654,0.029851700000000037,10,9,11,596.4225012668326,4,7;5;5;3,paper_multivehicle_v2
OR-Tools,20,4,0.75,67,12.626505127141535,100.0,20,0,0.5370628000000002,0.5356953999999994,0.5073782999999996,0.028317099999999762,0.0282960000000001,10,9,11,573.8399351804043,4,6;5;5;4,paper_multivehicle_v2
OR-Tools,20,4,0.75,68,9.426125149659354,100.0,20,0,1.6151524000000004,1.6139984000000003,1.0069354000000001,0.6070630000000001,0.6070279999999997,10,8,11,614.2290163502205,4,7;5;5;3,paper_multivehicle_v2
OR-Tools,20,4,0.75,69,10.642741223823105,100.0,20,0,1.2773445000000003,1.2762841999999992,0.7565663000000002,0.519717899999999,0.5196853999999984,10,8,11,574.8789920167051,4,5;7;4;4,paper_multivehicle_v2
OR-Tools,20,4,0.75,70,14.243690864191807,100.0,20,0,0.2851910000000002,0.2838628999999999,0.25637810000000005,0.027484799999999865,0.02746639999999978,10,9,11,651.8661426367745,4,6;5;5;4,paper_multivehicle_v2
OR-Tools,20,4,0.75,71,8.0276150495316,95.0,19,1,1.5286093000000003,1.5275061999999995,1.0066854000000003,0.5208207999999992,0.5207648999999996,10,7,11,577.6823820179843,4,6;4;6;3,paper_multivehicle_v2
OR-Tools,20,4,0.75,72,12.429346741994422,100.0,20,0,1.0358407000000005,1.0347486000000012,0.5078430000000003,0.526905600000001,0.5268778000000012,10,8,11,630.0950038637676,4,5;5;5;5,paper_multivehicle_v2
OR-Tools,20,4,0.75,73,13.312308421850004,100.0,20,0,0.034101099999999995,0.0329991000000005,0.00973899999999972,0.023260100000000783,0.02323990000000098,10,9,11,669.6566725662999,4,7;5;5;3,paper_multivehicle_v2
OR-Tools,20,4,0.75,74,11.447691430940596,100.0,20,0,0.03109010000000012,0.030049800000001348,0.00585020000000025,0.024199600000001098,0.024165700000001067,10,8,11,662.7970770514721,4,6;5;5;4,paper_multivehicle_v2
OR-Tools,20,4,0.75,75,9.52797749579582,90.0,18,2,0.2832359999999996,0.2821427000000023,0.25791700000000084,0.02422570000000146,0.024210600000001747,10,9,11,561.1006897874512,4,5;6;4;3,paper_multivehicle_v2
OR-Tools,20,4,0.75,76,11.791782727689576,95.0,19,1,0.5315177000000002,0.5304767000000021,0.5072870999999992,0.02318960000000292,0.02315780000000167,10,8,11,607.2916949081608,4,5;5;5;4,paper_multivehicle_v2
OR-Tools,20,4,0.75,77,9.210706473368102,100.0,20,0,0.03693219999999986,0.03483970000000092,0.0032868999999999815,0.031552800000000936,0.03153440000000085,10,9,11,642.4598734296544,4,7;4;6;3,paper_multivehicle_v2
OR-Tools,20,4,0.75,78,12.161110335839496,95.0,19,1,0.037791099999999744,0.036167700000000025,0.004764600000000563,0.03140309999999946,0.03136439999999929,10,8,11,621.0627283122888,4,6;6;4;3,paper_multivehicle_v2
OR-Tools,20,4,0.75,79,13.122947078506552,100.0,20,0,0.28256820000000005,0.28130529999999965,0.25700880000000037,0.024296499999999277,0.024255499999998875,10,8,11,652.2131552381007,4,5;6;5;4,paper_multivehicle_v2
OR-Tools,20,4,0.75,80,10.820017356064888,95.0,19,1,0.5308796999999998,0.5295759000000002,0.5069526,0.022623300000000235,0.02258320000000058,10,8,11,620.5800794924094,4,6;5;4;4,paper_multivehicle_v2
OR-Tools,20,4,0.75,81,11.54858854066484,100.0,20,0,1.026948,1.025870600000002,1.0070784999999995,0.01879210000000242,0.018758900000002576,10,8,11,613.7726532691394,4,7;6;4;3,paper_multivehicle_v2
OR-Tools,20,4,0.75,82,12.21475635521438,95.0,19,1,0.042691299999999544,0.0415711000000023,0.004357800000000189,0.037213300000002114,0.03719920000000165,10,9,11,621.6661741146979,4,6;5;5;3,paper_multivehicle_v2
OR-Tools,20,4,0.75,83,10.598185775378465,100.0,20,0,1.0326931000000004,1.0313752000000003,0.5074266999999999,0.5239485000000004,0.5239112000000006,10,8,11,626.4092453780657,4,6;6;4;4,paper_multivehicle_v2
OR-Tools,20,4,0.75,84,11.23802651075754,100.0,20,0,1.0300887000000003,1.028873599999999,0.5074293000000001,0.5214442999999989,0.5214019999999993,10,8,11,588.1472768437108,4,7;5;4;4,paper_multivehicle_v2
OR-Tools,20,4,0.75,85,10.395006260187307,95.0,19,1,0.03806789999999971,0.0369521000000006,0.004320300000000721,0.03263179999999988,0.03261230000000026,10,9,11,625.9464029227975,4,6;5;5;3,paper_multivehicle_v2
OR-Tools,20,4,0.75,86,11.032631715951602,100.0,20,0,1.9430455999999996,1.9420222000000003,1.0068503,0.9351719000000003,0.9351433,10,8,11,591.2507658881484,4,6;5;5;4,paper_multivehicle_v2
OR-Tools,20,4,0.75,87,12.986916538973572,100.0,20,0,0.27894610000000064,0.27783799999999914,0.2562305,0.021607499999999114,0.021591999999999167,10,9,11,647.4799003420356,4,6;5;6;3,paper_multivehicle_v2
OR-Tools,20,4,0.75,88,10.38753863456386,100.0,20,0,1.0316748000000002,1.0303037000000002,1.0079327999999999,0.022370900000000304,0.022334500000000368,10,8,11,587.493361703169,4,7;6;4;3,paper_multivehicle_v2
OR-Tools,20,4,0.75,89,14.139277451751715,100.0,20,0,0.5354214000000006,0.5343833000000027,0.5074329999999998,0.02695030000000287,0.02691640000000195,10,8,11,653.6502714857796,4,6;5;5;4,paper_multivehicle_v2
OR-Tools,20,4,0.75,90,13.514461807637542,95.0,19,1,1.1986791000000006,1.197458600000001,0.5075598000000001,0.6898988000000008,0.6898815000000003,10,9,11,629.7070479726744,4,5;5;5;4,paper_multivehicle_v2
OR-Tools,20,4,0.75,91,11.282295782611108,95.0,19,1,1.5309892000000005,1.5297589,0.5070573999999999,1.0227015000000002,1.0226485000000007,10,7,11,598.731349066933,4,6;5;4;4,paper_multivehicle_v2
OR-Tools,20,4,0.75,92,8.808353461681184,95.0,19,1,1.3572761,1.3563444999999987,1.0066007,0.34974379999999883,0.34968879999999913,10,6,11,571.3275357934735,4,6;5;4;4,paper_multivehicle_v2
OR-Tools,20,4,0.75,93,9.573031823501793,95.0,19,1,0.02909010000000034,0.028041300000001712,0.004283900000000784,0.023757400000000928,0.023738100000000983,10,9,11,572.9512287501077,4,6;5;4;4,paper_multivehicle_v2
OR-Tools,20,4,0.75,94,14.445909756411986,100.0,20,0,0.5311700000000004,0.5300481999999995,0.5073435000000002,0.022704699999999356,0.022665699999999234,10,8,11,649.0762211575109,4,6;6;4;4,paper_multivehicle_v2
OR-Tools,20,4,0.75,95,10.680338472732819,95.0,19,1,0.035160300000000255,0.03412790000000232,0.006247000000000114,0.027880900000002207,0.027850100000001987,10,8,11,590.7334602715442,4,6;6;4;3,paper_multivehicle_v2
OR-Tools,20,4,0.75,96,11.593255134393985,95.0,19,1,0.5335635000000005,0.5324374999999995,0.5073639999999999,0.025073499999999527,0.025019900000000206,10,7,11,668.474791994612,4,5;6;4;4,paper_multivehicle_v2
OR-Tools,20,4,0.75,97,12.772662938975403,100.0,20,0,0.3640890999999993,0.36297669999999727,0.005560699999999308,0.35741599999999796,0.35737499999999844,10,8,11,671.9314832624061,4,6;6;5;3,paper_multivehicle_v2
OR-Tools,20,4,0.75,98,14.928312280689664,100.0,20,0,0.28247920000000004,0.2811481999999996,0.25686930000000086,0.02427889999999877,0.024260699999999247,10,9,11,679.6047545469211,4,6;5;5;4,paper_multivehicle_v2
OR-Tools,20,4,0.75,99,10.63903194564293,100.0,20,0,1.2840373999999999,1.282916900000001,1.0073756999999999,0.27554120000000104,0.27550530000000073,10,8,11,593.4372003679282,4,6;5;5;4,paper_multivehicle_v2
OR-Tools,20,4,0.75,100,13.485367944052907,95.0,19,1,0.5321377000000007,0.5310229999999994,0.002967799999999521,0.5280551999999998,0.5280342999999998,10,9,11,693.3404073630707,4,6;6;4;3,paper_multivehicle_v2
OR-Tools,35,7,0.1,1,16.471522546149334,100.0,35,0,3.3524224999999994,3.3508540999999985,1.0301845,2.3206695999999987,2.3206014999999995,10,6,11,618.4172919190307,7,7;5;5;5;4;4;5,paper_multivehicle_v2
OR-Tools,35,7,0.1,2,18.054895755955602,100.0,35,0,3.238391,3.2369310999999987,1.0348952999999999,2.202035799999999,2.2019700999999996,10,4,11,596.1034021895999,7,6;4;5;5;5;5;5,paper_multivehicle_v2
OR-Tools,35,7,0.1,3,15.017169234216222,100.0,35,0,2.9437514,2.9422781,1.0290447999999999,1.9132333,1.9131996999999998,10,8,11,612.0418401619456,7,8;4;6;4;4;4;5,paper_multivehicle_v2
OR-Tools,35,7,0.1,4,14.970638580570037,100.0,35,0,3.1259316999999998,3.124184199999998,1.0253810999999997,2.0988030999999983,2.098735899999999,10,6,11,589.3942082227862,7,6;5;4;5;5;5;5,paper_multivehicle_v2
OR-Tools,35,7,0.1,5,17.361126349067245,100.0,35,0,3.1139601999999997,3.1125613999999997,1.0247464999999998,2.0878149,2.0877470000000007,10,5,11,579.0050503762308,7,8;4;4;5;5;4;5,paper_multivehicle_v2
OR-Tools,35,7,0.1,6,16.451979922245858,100.0,35,0,3.2025452999999997,3.2011354000000005,1.0229261000000003,2.1782093000000002,2.1781625000000004,10,6,11,583.8000247248863,7,7;4;5;4;5;5;5,paper_multivehicle_v2
OR-Tools,35,7,0.1,7,14.551117665896992,100.0,35,0,3.5619436,3.5601537999999997,1.0246661000000001,2.5354876999999996,2.5354113000000003,10,6,11,568.2326470191165,7,6;5;6;4;4;5;5,paper_multivehicle_v2
OR-Tools,35,7,0.1,8,15.951460569714943,100.0,35,0,2.4856552,2.484269299999999,1.0250574,1.4592118999999988,1.4591539999999994,10,6,11,583.5857133006284,7,6;5;4;5;6;5;4,paper_multivehicle_v2
OR-Tools,35,7,0.1,9,19.07181486144628,100.0,35,0,3.6027370000000003,3.6008679,1.0275696,2.5732983,2.5732261000000007,10,6,11,600.4325537385968,7,5;5;5;5;5;6;4,paper_multivehicle_v2
OR-Tools,35,7,0.1,10,15.202735806867757,100.0,35,0,3.0631023999999996,3.0615639,1.0279021,2.0336618,2.0336201000000003,10,7,11,637.1861861667452,7,6;5;6;4;5;4;5,paper_multivehicle_v2
OR-Tools,35,7,0.1,11,14.160529762307895,100.0,35,0,3.0822946,3.0803476999999972,1.0273183999999997,2.0530292999999977,2.052970599999999,10,6,11,554.3303437365926,7,6;5;6;4;5;5;4,paper_multivehicle_v2
OR-Tools,35,7,0.1,12,15.049790232053741,100.0,35,0,2.8021711,2.8005986999999983,1.0226267,1.7779719999999983,1.7779314999999984,10,8,11,599.5533353779809,7,7;6;5;5;4;4;4,paper_multivehicle_v2
OR-Tools,35,7,0.1,13,12.791991864650269,100.0,35,0,3.1842265999999997,3.1829730000000005,1.0123126000000005,2.1706604,2.1705799,10,4,11,560.2620707432844,7,6;5;4;4;6;5;5,paper_multivehicle_v2
OR-Tools,35,7,0.1,14,16.997353321505766,100.0,35,0,3.7146185000000003,3.713150299999999,1.0118492999999997,2.701300999999999,2.7012354,10,6,11,611.7526012310299,7,6;5;5;4;5;5;5,paper_multivehicle_v2
OR-Tools,35,7,0.1,15,15.584593921702321,100.0,35,0,3.1832445,3.1819649000000023,1.0123655999999999,2.1695993000000025,2.169530100000001,10,5,11,587.2007462660592,7,8;4;5;4;5;5;4,paper_multivehicle_v2
OR-Tools,35,7,0.1,16,14.349121072928014,100.0,35,0,2.8970512,2.895873199999998,1.0121785999999995,1.8836945999999983,1.8836205999999995,10,4,11,576.2548700066651,7,5;6;5;4;5;5;5,paper_multivehicle_v2
OR-Tools,35,7,0.1,17,12.11478492380702,100.0,35,0,2.4682509,2.4669010999999985,1.0127074999999994,1.454193599999999,1.4541107000000002,10,5,11,536.0357029044876,7,5;5;5;5;6;6;3,paper_multivehicle_v2
OR-Tools,35,7,0.1,18,12.181327762350914,100.0,35,0,2.7580197999999996,2.756569599999999,1.0168014000000003,1.7397681999999985,1.7396674999999986,10,3,11,559.5110055275369,7,4;6;4;5;5;5;6,paper_multivehicle_v2
OR-Tools,35,7,0.1,19,13.837719201662393,100.0,35,0,3.4793934,3.478122299999999,1.0221649,2.455957399999999,2.455896,10,4,11,544.4049687524184,7,5;5;5;4;5;5;6,paper_multivehicle_v2
OR-Tools,35,7,0.1,20,13.50618697355823,100.0,35,0,2.5672673,2.566141700000001,1.0145261000000003,1.5516156000000008,1.551585000000001,10,5,11,599.5323485337929,7,6;5;6;4;6;4;4,paper_multivehicle_v2
OR-Tools,35,7,0.1,21,13.658822754894489,100.0,35,0,3.1526952999999995,3.151717299999998,1.0176590999999995,2.1340581999999984,2.1340202,10,5,11,545.4904573201318,7,6;5;5;4;4;6;5,paper_multivehicle_v2
OR-Tools,35,7,0.1,22,12.180664819627014,100.0,35,0,2.6158802000000003,2.614858299999999,1.0217947999999994,1.5930634999999995,1.5930210000000002,10,5,11,585.4626276242014,7,5;4;5;5;6;5;5,paper_multivehicle_v2
OR-Tools,35,7,0.1,23,14.920648123027625,100.0,35,0,3.3335538000000007,3.332474299999997,1.0239504000000004,2.3085238999999964,2.3084865999999993,10,4,11,575.1892851112981,7,5;6;4;5;5;4;6,paper_multivehicle_v2
OR-Tools,35,7,0.1,24,10.626973184885477,100.0,35,0,3.0435027000000003,3.0424118999999994,1.0170034000000001,2.0254084999999993,2.0253441,10,4,11,536.7274184147313,7,6;4;5;6;5;4;5,paper_multivehicle_v2
OR-Tools,35,7,0.1,25,12.07989326158961,100.0,35,0,2.71526,2.7137520000000013,1.0161643999999992,1.697587600000002,1.6974978000000007,10,4,11,534.1202365109392,7,5;5;4;5;6;5;5,paper_multivehicle_v2
OR-Tools,35,7,0.1,26,14.675811195004846,100.0,35,0,3.481750699999999,3.4802946000000006,1.0112323000000005,2.4690623,2.4689889999999997,10,4,11,567.7097486029917,7,4;4;5;6;5;6;5,paper_multivehicle_v2
OR-Tools,35,7,0.1,27,13.587616593552845,100.0,35,0,2.7103371000000003,2.7087809999999974,1.0074241000000006,1.7013568999999968,1.7012675999999995,10,4,11,558.4920378127616,7,5;6;6;5;5;4;4,paper_multivehicle_v2
OR-Tools,35,7,0.1,28,16.87596732727548,100.0,35,0,2.8723412,2.870926299999999,1.0114458000000006,1.8594804999999983,1.859441499999999,10,8,11,608.6112149010428,7,5;6;7;4;5;4;4,paper_multivehicle_v2
OR-Tools,35,7,0.1,29,13.885778874723211,100.0,35,0,3.0424751999999993,3.0413331,1.0077500000000006,2.0335830999999995,2.0335163000000005,10,4,11,574.4933860119321,7,5;5;5;6;4;5;5,paper_multivehicle_v2
OR-Tools,35,7,0.1,30,14.17523770109378,100.0,35,0,2.7588953000000007,2.7577137999999968,1.012306099999999,1.7454076999999977,1.7453359000000006,10,4,11,550.178344238091,7,4;6;6;6;5;4;4,paper_multivehicle_v2
OR-Tools,35,7,0.1,31,13.678985960499071,100.0,35,0,2.7634121,2.761815299999996,1.0133985999999995,1.7484166999999964,1.7483457999999974,10,6,11,555.7429864739964,7,6;6;4;4;5;5;5,paper_multivehicle_v2
OR-Tools,35,7,0.1,32,13.246246811908275,100.0,35,0,3.061370899999999,3.0601290999999993,1.0096302999999995,2.0504987999999997,2.0504371999999993,10,5,11,555.5049667240506,7,6;5;5;5;5;4;5,paper_multivehicle_v2
OR-Tools,35,7,0.1,33,14.363083782187045,100.0,35,0,3.5446556000000005,3.543357600000003,1.0120867000000002,2.5312709000000027,2.5312110000000008,10,5,11,608.7927337143082,7,5;6;5;6;4;5;4,paper_multivehicle_v2
OR-Tools,35,7,0.1,34,12.000090120422307,100.0,35,0,2.9029122999999997,2.901560500000004,1.0143239000000008,1.8872366000000032,1.8871316000000018,10,3,11,565.2115015710907,7,6;4;5;4;6;5;5,paper_multivehicle_v2
OR-Tools,35,7,0.1,35,16.23112894536347,100.0,35,0,2.6197159,2.618048299999997,1.0105601999999996,1.6074880999999976,1.6074197999999988,10,6,11,578.4123975929862,7,5;5;5;5;5;5;5,paper_multivehicle_v2
OR-Tools,35,7,0.1,36,11.636565342426678,100.0,35,0,2.617605600000001,2.6160461999999978,1.0112851999999997,1.604760999999998,1.604447699999998,10,5,11,538.1377674149945,7,5;4;5;6;5;5;5,paper_multivehicle_v2
OR-Tools,35,7,0.1,37,13.133208875229254,100.0,35,0,2.4039924,2.4024944999999995,1.0129275999999994,1.3895669000000002,1.389517399999999,10,7,11,562.0243866176395,7,7;5;4;4;5;5;5,paper_multivehicle_v2
OR-Tools,35,7,0.1,38,12.61589846176699,100.0,35,0,2.9047011000000005,2.9031951000000014,1.0137833,1.8894118000000013,1.8893136999999989,10,4,11,567.8179936004005,7,5;7;5;4;5;4;5,paper_multivehicle_v2
OR-Tools,35,7,0.1,39,14.211352900755566,100.0,35,0,3.0439138999999997,3.0426311000000013,1.0112891000000008,2.0313420000000004,2.0312880000000018,10,6,11,585.1903037356581,7,5;6;5;6;5;4;4,paper_multivehicle_v2
OR-Tools,35,7,0.1,40,14.860517024520535,100.0,35,0,3.3321778999999996,3.3307167000000018,1.0131484000000004,2.3175683000000014,2.3175124999999994,10,5,11,607.8178898917179,7,6;5;5;5;5;4;5,paper_multivehicle_v2
OR-Tools,35,7,0.1,41,18.053525005861122,100.0,35,0,3.310296599999999,3.3084529000000007,1.0150020000000008,2.2934509,2.293379400000001,10,6,11,619.0441134674271,7,7;5;5;4;5;4;5,paper_multivehicle_v2
OR-Tools,35,7,0.1,42,11.56747073035938,100.0,35,0,2.7683502000000004,2.7671068999999964,1.0109020999999991,1.7562047999999972,1.756147799999999,10,5,11,557.1556867638413,7,6;6;6;5;4;4;4,paper_multivehicle_v2
OR-Tools,35,7,0.1,43,14.846245656012972,100.0,35,0,2.861646499999999,2.860343699999998,1.0128772999999995,1.8474663999999983,1.847409299999999,10,6,11,714.5922554537069,7,6;5;5;5;5;5;4,paper_multivehicle_v2
OR-Tools,35,7,0.1,44,15.757026706160884,100.0,35,0,3.4812735000000004,3.479730099999996,1.0135759999999987,2.466154099999997,2.4660867999999994,10,6,11,563.4326075344646,7,6;6;5;3;5;5;5,paper_multivehicle_v2
OR-Tools,35,7,0.1,45,14.49314305887366,100.0,35,0,2.6233264000000016,2.621941999999997,1.0134390999999994,1.6085028999999977,1.6084490999999979,10,7,11,592.4759216313494,7,7;5;4;5;5;5;4,paper_multivehicle_v2
OR-Tools,35,7,0.1,46,14.891746879052402,100.0,35,0,3.0563734,3.0547544,1.0158135000000001,2.0389409,2.0388687999999995,10,6,11,557.0584193972339,7,5;5;5;4;6;6;4,paper_multivehicle_v2
OR-Tools,35,7,0.1,47,15.5111194663675,100.0,35,0,2.9161272,2.9145653000000014,1.0170899000000002,1.8974754000000011,1.8973995000000006,10,5,11,584.6374693883602,7,5;5;5;6;5;4;5,paper_multivehicle_v2
OR-Tools,35,7,0.1,48,12.676695153794782,100.0,35,0,2.6118597999999995,2.610646599999999,1.0132069000000001,1.597439699999999,1.5973711999999978,10,5,11,562.0365772079747,7,5;5;6;4;5;6;4,paper_multivehicle_v2
OR-Tools,35,7,0.1,49,13.293728408530036,100.0,35,0,3.0661325999999995,3.0644870999999974,1.0118782999999993,2.052608799999998,2.0525423999999983,10,5,11,601.339720149789,7,6;5;6;4;4;5;5,paper_multivehicle_v2
OR-Tools,35,7,0.1,50,11.050635752191415,100.0,35,0,2.3277762000000006,2.326455799999998,1.0151249,1.311330899999998,1.3112651,10,5,11,602.932966528421,7,7;5;4;5;5;5;4,paper_multivehicle_v2
OR-Tools,35,7,0.1,51,12.786666948185522,100.0,35,0,2.8166442000000007,2.8154547,1.0143038000000004,1.8011508999999997,1.8010891999999998,10,4,11,557.6208734813001,7,5;6;4;5;5;6;4,paper_multivehicle_v2
OR-Tools,35,7,0.1,52,15.085913791181568,100.0,35,0,2.7589124,2.7576293000000014,1.0120263000000005,1.745603000000001,1.7455622000000002,10,7,11,568.1419309976812,7,7;6;5;4;4;4;5,paper_multivehicle_v2
OR-Tools,35,7,0.1,53,16.712470269262408,100.0,35,0,3.184625799999999,3.1833324000000083,1.0120933,2.171239100000008,2.1711709000000035,10,5,11,637.4165866921849,7,6;5;5;5;5;4;5,paper_multivehicle_v2
OR-Tools,35,7,0.1,54,13.558388740442034,100.0,35,0,3.0648770999999986,3.0636281999999913,1.0137061000000003,2.049922099999991,2.0498540999999957,10,4,11,580.2646498024104,7,5;5;5;5;5;6;4,paper_multivehicle_v2
OR-Tools,35,7,0.1,55,15.941317049614682,100.0,35,0,2.4692366999999997,2.4679128000000006,1.0113594,1.4565534000000007,1.4565261000000014,10,8,11,637.0556665276011,7,5;6;5;5;5;5;4,paper_multivehicle_v2
OR-Tools,35,7,0.1,56,18.00278009139579,100.0,35,0,3.1951817999999985,3.1936221999999965,1.0121801000000001,2.1814420999999964,2.181373599999999,10,6,11,654.0548731631877,7,6;6;5;5;5;5;3,paper_multivehicle_v2
OR-Tools,35,7,0.1,57,15.235644456305204,100.0,35,0,2.7601479000000015,2.7587759000000034,1.012758400000001,1.7460175000000024,1.7459684000000042,10,7,11,682.4685918132707,7,6;5;5;5;5;5;4,paper_multivehicle_v2
OR-Tools,35,7,0.1,58,11.631762223023273,100.0,35,0,2.9029457999999995,2.901536899999998,1.0158033999999994,1.8857334999999988,1.8856538999999994,10,4,11,549.656299069072,7,5;5;6;4;6;5;4,paper_multivehicle_v2
OR-Tools,35,7,0.1,59,13.394667714271616,100.0,35,0,2.7576997,2.7564937999999977,1.0132189,1.7432748999999976,1.7432054999999966,10,5,11,557.3886296557835,7,5;7;5;5;5;4;4,paper_multivehicle_v2
OR-Tools,35,7,0.1,60,12.139057403851366,100.0,35,0,2.473502700000001,2.471983500000002,1.0124554000000003,1.4595281000000018,1.4594424999999998,10,5,11,643.5205832509386,7,6;5;5;5;5;5;4,paper_multivehicle_v2
OR-Tools,35,7,0.1,61,16.010974266787485,100.0,35,0,2.7837823000000004,2.782428600000003,1.0136021,1.768826500000003,1.768768399999999,10,6,11,546.3098786004016,7,5;6;5;5;5;4;5,paper_multivehicle_v2
OR-Tools,35,7,0.1,62,19.006256528376788,100.0,35,0,3.1992805000000004,3.197744100000003,1.0121006999999995,2.1856434000000036,2.1855910000000023,10,7,11,593.5693620656557,7,6;5;6;5;5;4;4,paper_multivehicle_v2
OR-Tools,35,7,0.1,63,17.056469106269546,100.0,35,0,3.7623402000000006,3.7611099999999986,1.0132188000000006,2.747891199999998,2.7478203999999984,10,4,11,592.8007092176285,7,6;4;5;5;4;6;5,paper_multivehicle_v2
OR-Tools,35,7,0.1,64,13.728651710339001,100.0,35,0,3.3279529000000014,3.326559300000003,1.011269200000001,2.315290100000002,2.315218599999998,10,5,11,586.1404607968111,7,7;6;5;5;4;4;4,paper_multivehicle_v2
OR-Tools,35,7,0.1,65,11.66289338756347,100.0,35,0,2.674395399999998,2.6729051000000013,1.0141600000000004,1.6587451000000009,1.6586478000000042,10,4,11,564.0773453434396,7,6;4;6;5;5;4;5,paper_multivehicle_v2
OR-Tools,35,7,0.1,66,15.266926641569967,100.0,35,0,2.907503900000002,2.9061439,1.019452900000001,1.886690999999999,1.8866305000000025,10,6,11,582.2483973164705,7,6;6;4;5;4;5;5,paper_multivehicle_v2
OR-Tools,35,7,0.1,67,14.203302754811167,100.0,35,0,2.973873700000002,2.9725004999999953,1.012665799999997,1.9598346999999983,1.9597718999999998,10,6,11,583.9983374467693,7,7;7;4;4;6;4;3,paper_multivehicle_v2
OR-Tools,35,7,0.1,68,15.091956522655565,100.0,35,0,3.1855271999999992,3.1840853999999936,1.0104419999999976,2.173643399999996,2.1735413,10,4,11,589.8772041872198,7,6;6;6;5;5;3;4,paper_multivehicle_v2
OR-Tools,35,7,0.1,69,16.67028429583667,100.0,35,0,2.7886628999999985,2.787209499999996,1.0143126000000002,1.7728968999999957,1.7728513999999969,10,7,11,567.0229854693574,7,6;6;6;4;5;4;4,paper_multivehicle_v2
OR-Tools,35,7,0.1,70,14.926495172604383,100.0,35,0,3.48142,3.479879700000005,1.0188764999999975,2.4610032000000075,2.4609111000000112,10,5,11,585.3612832116238,7,6;4;6;5;4;5;5,paper_multivehicle_v2
OR-Tools,35,7,0.1,71,10.933037229366919,100.0,35,0,3.0405589999999982,3.0389354999999973,1.014227499999997,2.0247080000000004,2.0245995000000008,10,4,11,560.5393959107272,7,5;5;5;6;5;5;4,paper_multivehicle_v2
OR-Tools,35,7,0.1,72,14.375752130531177,100.0,35,0,2.764007399999997,2.7625640000000047,1.0110597000000006,1.7515043000000041,1.7514357000000054,10,6,11,553.4370478709486,7,5;6;5;5;5;5;4,paper_multivehicle_v2
OR-Tools,35,7,0.1,73,13.755531899634033,100.0,35,0,2.7794307000000025,2.7778750999999957,1.0124970999999974,1.7653779999999983,1.7653223000000011,10,5,11,550.0071424927486,7,6;6;4;6;5;4;4,paper_multivehicle_v2
OR-Tools,35,7,0.1,74,12.725916379497127,100.0,35,0,3.220945499999999,3.2195342999999994,1.0141921000000025,2.205342199999997,2.205238999999999,10,3,11,539.2030404624627,7,6;5;5;5;5;4;5,paper_multivehicle_v2
OR-Tools,35,7,0.1,75,12.693930582927477,100.0,35,0,3.3369633999999984,3.3354756999999964,1.0134230999999971,2.3220525999999992,2.3219658999999986,10,5,11,564.0238061504,7,5;6;5;5;5;4;5,paper_multivehicle_v2
OR-Tools,35,7,0.1,76,14.687538449030345,100.0,35,0,2.1909056999999983,2.189390899999996,1.0118664000000024,1.1775244999999934,1.1774723999999956,10,7,11,551.1969100453102,7,7;6;6;5;4;4;3,paper_multivehicle_v2
OR-Tools,35,7,0.1,77,14.22989940794626,100.0,35,0,3.1912780000000005,3.1900647999999983,1.0112378999999976,2.1788269000000007,2.1787677999999993,10,5,11,606.7611846005284,7,7;6;4;5;4;5;4,paper_multivehicle_v2
OR-Tools,35,7,0.1,78,12.31620591869236,100.0,35,0,2.483646799999999,2.4823751000000023,1.0244573999999993,1.457917700000003,1.4578510999999992,10,5,11,550.1507728442675,7,6;6;5;5;5;4;4,paper_multivehicle_v2
OR-Tools,35,7,0.1,79,12.979805375540623,100.0,35,0,3.0434243000000016,3.0421488000000103,1.013232300000002,2.0289165000000082,2.028857200000008,10,6,11,618.950060428693,7,6;5;4;5;5;5;5,paper_multivehicle_v2
OR-Tools,35,7,0.1,80,14.003795791180547,100.0,35,0,3.0401306000000012,3.0389185000000047,1.0134430000000023,2.0254755000000024,2.0253943999999997,10,4,11,606.7202007806832,7,5;6;5;4;5;6;4,paper_multivehicle_v2
OR-Tools,35,7,0.1,81,14.10158732418317,100.0,35,0,3.1834468000000022,3.182107600000002,1.012166699999998,2.169940900000004,2.169864100000005,10,5,11,579.4635611668916,7,7;5;5;4;5;5;4,paper_multivehicle_v2
OR-Tools,35,7,0.1,82,15.280914264560943,100.0,35,0,2.624904800000003,2.6232225000000042,1.020703600000001,1.6025189000000033,1.602466100000001,10,7,11,623.7968329706925,7,6;5;5;4;5;5;5,paper_multivehicle_v2
OR-Tools,35,7,0.1,83,12.333020535872775,100.0,35,0,3.1905909,3.1891425000000027,1.015865599999998,2.1732769000000047,2.173186000000001,10,5,11,553.348483283569,7,6;6;5;5;4;5;4,paper_multivehicle_v2
OR-Tools,35,7,0.1,84,17.732822068673848,100.0,35,0,3.922590699999997,3.9212722000000007,1.0175747999999984,2.903697400000002,2.9036392999999983,10,5,11,586.075444849409,7,5;6;5;5;5;4;5,paper_multivehicle_v2
OR-Tools,35,7,0.1,85,16.13206216168711,100.0,35,0,2.4713704000000014,2.470044399999999,1.0127044000000005,1.4573399999999985,1.4572760999999979,10,6,11,613.221671984461,7,5;7;6;3;4;5;5,paper_multivehicle_v2
OR-Tools,35,7,0.1,86,18.178781253737313,100.0,35,0,2.9136202000000004,2.9117089000000043,1.0133343000000004,1.898374600000004,1.8982812999999972,10,5,11,644.7723385587054,7,6;6;5;5;3;5;5,paper_multivehicle_v2
OR-Tools,35,7,0.1,87,16.240848788167277,100.0,35,0,2.4797382,2.4781325000000045,1.0140487,1.4640838000000045,1.4640161999999997,10,6,11,622.0413455098033,7,6;5;6;7;4;4;3,paper_multivehicle_v2
OR-Tools,35,7,0.1,88,14.636661086671676,100.0,35,0,3.4807261999999994,3.479202899999997,1.0128656000000014,2.4663372999999957,2.466269899999997,10,6,11,592.4873951358991,7,5;5;5;5;4;5;6,paper_multivehicle_v2
OR-Tools,35,7,0.1,89,15.374299147483184,100.0,35,0,3.1991102,3.197737299999993,1.0162362999999992,2.1815009999999937,2.181447099999996,10,6,11,635.6693235918714,7,7;4;5;5;5;5;4,paper_multivehicle_v2
OR-Tools,35,7,0.1,90,14.763743946477302,100.0,35,0,3.2364141999999987,3.2349098000000076,1.0136243,2.2212855000000076,2.221213600000006,10,6,11,560.2246844805263,7,7;5;6;4;5;4;4,paper_multivehicle_v2
OR-Tools,35,7,0.1,91,13.714766690158934,100.0,35,0,2.6133752999999977,2.612051499999996,1.0124423,1.5996091999999962,1.5995404999999998,10,5,11,630.6790572716911,7,6;6;4;4;5;5;5,paper_multivehicle_v2
OR-Tools,35,7,0.1,92,14.503846888439032,100.0,35,0,2.9005139,2.8992858000000012,1.0132082000000011,1.8860776000000001,1.8860217000000006,10,5,11,626.575179505626,7,6;4;5;5;4;5;6,paper_multivehicle_v2
OR-Tools,35,7,0.1,93,13.871725968143169,100.0,35,0,2.7598339000000003,2.7585122000000055,1.0117241000000021,1.7467881000000034,1.746729700000003,10,6,11,572.4175308044962,7,7;5;5;5;4;5;4,paper_multivehicle_v2
OR-Tools,35,7,0.1,94,18.236645308023217,100.0,35,0,3.186473200000002,3.1853455000000004,1.012247200000001,2.1730982999999995,2.173063599999999,10,7,11,588.5771615027764,7,6;5;7;4;4;4;5,paper_multivehicle_v2
OR-Tools,35,7,0.1,95,17.407330764202698,100.0,35,0,2.9091516000000013,2.9075731999999945,1.0136423999999984,1.8939307999999961,1.8938750999999918,10,7,11,619.374097871047,7,6;5;6;4;5;5;4,paper_multivehicle_v2
OR-Tools,35,7,0.1,96,16.85135957453669,100.0,35,0,2.814813899999997,2.813272800000007,1.0109942000000025,1.8022786000000046,1.8022149000000063,10,7,11,603.6009605387509,7,6;5;6;6;5;4;3,paper_multivehicle_v2
OR-Tools,35,7,0.1,97,12.430734456505196,100.0,35,0,2.7565123000000007,2.7551321999999985,1.0149955000000013,1.7401366999999972,1.7400854999999993,10,6,11,566.5416377429642,7,6;6;4;4;5;5;5,paper_multivehicle_v2
OR-Tools,35,7,0.1,98,14.62872848592067,100.0,35,0,2.8964174999999983,2.8954860999999994,1.0139403000000016,1.8815457999999978,1.8815168,10,6,11,699.3571576570912,7,5;6;5;4;5;4;6,paper_multivehicle_v2
OR-Tools,35,7,0.1,99,14.691016236545455,100.0,35,0,2.472199400000001,2.4708040999999987,1.0143034000000029,1.4565006999999959,1.4564415999999945,10,6,11,643.5240846020477,7,6;5;4;5;6;5;4,paper_multivehicle_v2
OR-Tools,35,7,0.1,100,16.357093182186055,100.0,35,0,3.4658814000000007,3.4645370000000106,1.013224000000001,2.4513130000000096,2.4512483000000067,10,6,11,576.4002074686564,7,6;6;5;4;5;4;5,paper_multivehicle_v2
OR-Tools,35,7,0.25,1,15.008365804394966,100.0,35,0,2.6240407,2.622443200000001,1.0205307000000001,1.601912500000001,1.6018364000000007,10,5,11,561.5843122174846,7,6;5;5;5;5;4;5,paper_multivehicle_v2
OR-Tools,35,7,0.25,2,16.975593272032405,100.0,35,0,2.3950717,2.3935004000000006,1.0228812,1.3706192000000006,1.3706031000000003,10,9,11,594.5357987687175,7,6;5;5;6;5;4;4,paper_multivehicle_v2
OR-Tools,35,7,0.25,3,15.995712839420424,100.0,35,0,2.1669648,2.1654714999999993,1.0202725999999998,1.1451988999999996,1.1451831999999995,10,9,11,608.2437683004262,7,6;7;5;6;5;3;3,paper_multivehicle_v2
OR-Tools,35,7,0.25,4,16.253682156747253,100.0,35,0,2.7736919,2.7720697000000016,1.0226726,1.7493971000000017,1.7493622000000015,10,8,11,596.5169847853721,7,7;5;5;5;4;5;4,paper_multivehicle_v2
OR-Tools,35,7,0.25,5,13.358725821712586,100.0,35,0,2.9592222,2.9578041000000024,1.0267066,1.9310975000000026,1.9310310000000017,10,6,11,575.524865872714,7,6;5;5;6;4;4;5,paper_multivehicle_v2
OR-Tools,35,7,0.25,6,21.201259623930625,100.0,35,0,3.2484298999999996,3.2462977999999993,1.0279675,2.2183302999999994,2.2183154999999997,10,9,11,639.1004097620632,7,5;5;7;6;3;6;3,paper_multivehicle_v2
OR-Tools,35,7,0.25,7,12.079736453770684,100.0,35,0,2.8357045000000003,2.8335181999999994,1.0288662,1.8046519999999995,1.8045671000000003,10,5,11,553.8173421358423,7,7;5;6;4;4;5;4,paper_multivehicle_v2
OR-Tools,35,7,0.25,8,16.51551865108632,100.0,35,0,3.1937071,3.1922555999999997,1.0207134999999998,2.1715421,2.1714928000000002,10,6,11,575.4148835350125,7,5;4;5;5;5;6;5,paper_multivehicle_v2
OR-Tools,35,7,0.25,9,18.05182787287645,100.0,35,0,2.8380305999999997,2.836200300000001,1.0226700000000002,1.813530300000001,1.813530300000001,10,10,11,608.2652557276222,7,6;7;5;5;4;5;3,paper_multivehicle_v2
OR-Tools,35,7,0.25,10,18.120852429529513,100.0,35,0,2.9262189999999997,2.9244642000000014,1.0195803,1.904883900000001,1.904865500000001,10,9,11,662.6411563413608,7,7;5;5;6;5;4;3,paper_multivehicle_v2
OR-Tools,35,7,0.25,11,13.268144329087159,100.0,35,0,2.6312534000000003,2.629773899999999,1.0270546000000003,1.602719299999999,1.6026535999999996,10,6,11,568.3179611251823,7,8;5;3;5;5;5;4,paper_multivehicle_v2
OR-Tools,35,7,0.25,12,18.159455084006378,100.0,35,0,3.2598035000000003,3.2579790000000015,1.0209995,2.2369795000000012,2.2369603000000007,10,9,11,635.9113186284003,7,7;7;4;5;4;4;4,paper_multivehicle_v2
OR-Tools,35,7,0.25,13,16.266099836311135,100.0,35,0,2.743642,2.7419833000000007,1.0111976999999999,1.7307856000000008,1.730733700000001,10,8,11,626.9068093476717,7,7;5;6;4;4;5;4,paper_multivehicle_v2
OR-Tools,35,7,0.25,14,17.32447121454792,100.0,35,0,3.3702650999999997,3.3685930999999996,1.0156857999999995,2.3529073,2.3528675999999997,10,8,11,606.5124282826546,7,7;6;4;4;5;5;4,paper_multivehicle_v2
OR-Tools,35,7,0.25,15,11.962329834281702,100.0,35,0,2.6112730999999996,2.6099607999999974,1.0138599999999998,1.5961007999999977,1.5960288999999985,10,6,11,555.891022603486,7,7;5;6;4;4;4;5,paper_multivehicle_v2
OR-Tools,35,7,0.25,16,15.825478430912648,100.0,35,0,1.9248415999999997,1.9233554999999987,1.0108718999999997,0.912483599999999,0.9124678999999993,10,9,11,594.6154342431555,7,8;7;5;3;4;4;4,paper_multivehicle_v2
OR-Tools,35,7,0.25,17,17.127847397466148,100.0,35,0,2.4793772,2.4777075999999996,1.0119993000000003,1.4657082999999993,1.4656705999999993,10,8,11,664.0075683396334,7,6;5;6;6;4;4;4,paper_multivehicle_v2
OR-Tools,35,7,0.25,18,14.73136388362565,100.0,35,0,2.9084845999999995,2.906876799999999,1.0147955,1.8920812999999992,1.8920155000000003,10,6,11,598.562219952226,7,7;5;5;3;5;5;5,paper_multivehicle_v2
OR-Tools,35,7,0.25,19,13.966963504367493,100.0,35,0,2.9083035000000006,2.906789200000002,1.0145099000000002,1.892279300000002,1.8921991000000018,10,5,11,593.5757496949665,7,5;5;6;6;5;4;4,paper_multivehicle_v2
OR-Tools,35,7,0.25,20,16.208562748624583,100.0,35,0,2.7601649999999998,2.7585904999999995,1.0107765999999998,1.7478138999999997,1.7477401000000006,10,6,11,567.3212459828649,7,6;6;5;4;4;5;5,paper_multivehicle_v2
OR-Tools,35,7,0.25,21,13.140515412782031,100.0,35,0,2.1637025999999997,2.1620031999999982,1.0157312000000003,1.146271999999998,1.1461940999999989,10,7,11,574.0626673400701,7,6;6;5;5;4;5;4,paper_multivehicle_v2
OR-Tools,35,7,0.25,22,16.144250425449744,100.0,35,0,3.0429626999999995,3.041584900000001,1.0140255000000007,2.0275594000000003,2.0275224000000005,10,7,11,586.2155372054843,7,7;5;5;4;5;5;4,paper_multivehicle_v2
OR-Tools,35,7,0.25,23,16.701773046744485,100.0,35,0,1.9308413,1.9294589999999987,1.0116616999999994,0.9177972999999993,0.9177597999999989,10,8,11,658.6844919532926,7,5;7;5;6;4;4;4,paper_multivehicle_v2
OR-Tools,35,7,0.25,24,17.61316158490482,100.0,35,0,2.3384026,2.3368828000000015,1.0134925,1.3233903000000016,1.3233683000000012,10,9,11,680.6367417090491,7,6;7;6;4;4;4;4,paper_multivehicle_v2
OR-Tools,35,7,0.25,25,19.768414979659862,100.0,35,0,1.9212163000000002,1.9198897000000024,1.0084002000000005,0.9114895000000018,0.9114398000000019,10,7,11,619.726089421203,7,6;5;6;5;5;5;3,paper_multivehicle_v2
OR-Tools,35,7,0.25,26,19.704704179131223,100.0,35,0,3.223081999999999,3.2216583999999973,1.011292,2.210366399999997,2.2103405999999977,10,8,11,574.2598508049288,7,7;5;5;4;4;5;5,paper_multivehicle_v2
OR-Tools,35,7,0.25,27,14.6947061409595,100.0,35,0,2.7612211,2.7599342999999985,1.0152165999999996,1.744717699999999,1.7446541,10,5,11,595.2112841773073,7,5;6;6;5;5;4;4,paper_multivehicle_v2
OR-Tools,35,7,0.25,28,15.081642565051263,100.0,35,0,2.3230933,2.3217814000000008,1.0108151000000003,1.3109663000000005,1.3109107000000009,10,6,11,590.1816785293197,7,6;6;5;5;4;4;5,paper_multivehicle_v2
OR-Tools,35,7,0.25,29,16.41747396790289,100.0,35,0,2.088720900000001,2.0873874999999993,1.0093164999999997,1.0780709999999996,1.0780543999999992,10,9,11,616.0919562151737,7,7;7;5;4;4;4;4,paper_multivehicle_v2
OR-Tools,35,7,0.25,30,17.717797812883408,100.0,35,0,3.339367300000001,3.3379970000000023,1.0208751000000005,2.317121900000002,2.3170705,10,7,11,593.7013632284152,7,6;4;5;5;5;5;5,paper_multivehicle_v2
OR-Tools,35,7,0.25,31,18.11018525356284,100.0,35,0,2.2253502999999997,2.223687800000002,1.0135251000000007,1.2101627000000015,1.210142600000001,10,9,11,671.1651877807244,7,6;6;5;5;5;4;4,paper_multivehicle_v2
OR-Tools,35,7,0.25,32,15.551825071320877,100.0,35,0,2.621742200000001,2.620405499999997,1.0121040000000008,1.608301499999996,1.608264799999997,10,7,11,613.8018788959799,7,6;6;6;4;4;4;5,paper_multivehicle_v2
OR-Tools,35,7,0.25,33,17.37252667113904,100.0,35,0,3.493942400000001,3.492514100000001,1.013710999999999,2.478803100000002,2.4787623000000014,10,7,11,604.7138284788143,7,6;5;5;4;4;6;5,paper_multivehicle_v2
OR-Tools,35,7,0.25,34,16.028817976631448,100.0,35,0,2.5009757000000006,2.499282800000003,1.0235626999999994,1.4757201000000038,1.475662500000002,10,7,11,561.344944526381,7,6;5;6;4;5;5;4,paper_multivehicle_v2
OR-Tools,35,7,0.25,35,15.33727427021624,100.0,35,0,1.9114977000000009,1.9099778000000036,1.0146435,0.8953343000000036,0.8952551999999994,10,6,11,550.2671312728719,7,6;5;5;5;4;5;5,paper_multivehicle_v2
OR-Tools,35,7,0.25,36,15.281738282248726,100.0,35,0,2.1944676999999997,2.1929490000000023,1.0145151000000006,1.1784339000000017,1.178363000000001,10,6,11,601.8706384823281,7,6;6;4;5;5;5;4,paper_multivehicle_v2
OR-Tools,35,7,0.25,37,19.46016798563302,100.0,35,0,2.675775699999999,2.674111800000003,1.0130377000000008,1.6610741000000022,1.6610317000000023,10,8,11,649.4528229012328,7,6;6;5;5;4;5;4,paper_multivehicle_v2
OR-Tools,35,7,0.25,38,19.023835015363805,100.0,35,0,2.2214021000000006,2.2199795999999985,1.0133615000000002,1.2066180999999983,1.2066027999999989,10,9,11,571.9238815542512,7,6;6;7;4;5;3;4,paper_multivehicle_v2
OR-Tools,35,7,0.25,39,11.408331431389126,100.0,35,0,2.4725003,2.471172100000002,1.0154131,1.4557590000000022,1.4557327000000004,10,8,11,559.2861048652242,7,7;6;6;4;4;3;5,paper_multivehicle_v2
OR-Tools,35,7,0.25,40,14.708164622493248,100.0,35,0,3.1149720999999992,3.1135325000000016,1.0141958000000013,2.0993367000000003,2.0992500000000014,10,6,11,580.0162295821533,7,6;5;6;4;5;4;5,paper_multivehicle_v2
OR-Tools,35,7,0.25,41,16.181242890492694,100.0,35,0,2.0906212999999987,2.0892353999999997,1.0087068000000006,1.0805285999999992,1.0805078999999989,10,9,11,561.1739249654156,7,6;6;6;6;4;4;3,paper_multivehicle_v2
OR-Tools,35,7,0.25,42,18.625956006283644,100.0,35,0,2.6845023999999995,2.6827935999999983,1.0124002999999995,1.6703932999999989,1.6703513999999977,10,8,11,627.8752392583153,7,6;5;6;6;4;5;3,paper_multivehicle_v2
OR-Tools,35,7,0.25,43,13.52749973398984,100.0,35,0,2.1971074,2.1957561000000005,1.0230865999999992,1.1726695000000014,1.172621000000003,10,7,11,564.0661878106391,7,6;6;7;5;4;4;3,paper_multivehicle_v2
OR-Tools,35,7,0.25,44,16.587725737309874,100.0,35,0,2.4847927999999992,2.482952299999999,1.013796000000001,1.469156299999998,1.4691371999999987,10,9,11,679.131582972035,7,5;6;5;5;5;5;4,paper_multivehicle_v2
OR-Tools,35,7,0.25,45,16.694049587444173,100.0,35,0,2.1885329999999996,2.187171699999995,1.0101613999999994,1.1770102999999956,1.1769732999999967,10,8,11,576.1558969844006,7,7;6;4;4;4;5;5,paper_multivehicle_v2
OR-Tools,35,7,0.25,46,16.5826698639991,100.0,35,0,2.1991179999999986,2.197646699999998,1.0170896000000003,1.180557099999998,1.1804950000000005,10,6,11,641.621877631022,7,6;4;5;5;6;5;4,paper_multivehicle_v2
OR-Tools,35,7,0.25,47,16.38925190794601,100.0,35,0,2.6418853,2.6404591999999987,1.0098252999999993,1.6306338999999994,1.6305613,10,6,11,661.4409359381582,7,6;6;6;6;4;4;3,paper_multivehicle_v2
OR-Tools,35,7,0.25,48,17.85118822750843,100.0,35,0,2.2460759999999986,2.2445844999999984,1.0090103,1.2355741999999985,1.2355362999999997,10,8,11,594.3089677311115,7,8;5;6;6;4;3;3,paper_multivehicle_v2
OR-Tools,35,7,0.25,49,17.6186823356695,100.0,35,0,3.2378586999999985,3.2364896999999946,1.016312899999999,2.2201767999999955,2.2201251999999965,10,7,11,608.8010131415737,7,7;4;6;5;4;5;4,paper_multivehicle_v2
OR-Tools,35,7,0.25,50,14.157388602733494,100.0,35,0,2.4785672000000005,2.4771605999999995,1.0117382,1.4654223999999996,1.4653677999999992,10,7,11,537.8013840664737,7,5;6;7;5;4;4;4,paper_multivehicle_v2
OR-Tools,35,7,0.25,51,11.657027544064567,100.0,35,0,2.319218000000001,2.3182390000000037,1.0127702999999997,1.305468700000004,1.3054272000000005,10,5,11,552.6800932470703,7,6;4;6;5;4;5;5,paper_multivehicle_v2
OR-Tools,35,7,0.25,52,15.533005523346494,100.0,35,0,2.8076025,2.8061150999999978,1.0102609999999999,1.795854099999998,1.7957827999999978,10,6,11,572.200867674876,7,6;5;5;6;5;4;4,paper_multivehicle_v2
OR-Tools,35,7,0.25,53,17.895578244791228,100.0,35,0,2.9591101999999996,2.9572800999999984,1.0095656999999996,1.9477143999999988,1.9476680999999996,10,8,11,634.0775343829264,7,6;5;5;5;4;5;5,paper_multivehicle_v2
OR-Tools,35,7,0.25,54,14.812016181541608,100.0,35,0,2.6251318999999995,2.6236323000000006,1.0216301999999988,1.6020021000000018,1.6019573000000005,10,8,11,601.6404567504442,7,7;6;5;4;4;6;3,paper_multivehicle_v2
OR-Tools,35,7,0.25,55,17.517916477455746,100.0,35,0,3.4808099000000006,3.4792115999999993,1.0128445,2.4663670999999994,2.4663049999999984,10,7,11,598.8895909482195,7,6;5;4;5;5;5;5,paper_multivehicle_v2
OR-Tools,35,7,0.25,56,12.994474033248535,100.0,35,0,2.186027000000001,2.184557800000004,1.009025600000001,1.1755322000000028,1.1754859000000017,10,7,11,567.2727486372347,7,6;6;5;5;4;4;5,paper_multivehicle_v2
OR-Tools,35,7,0.25,57,16.215677798299197,100.0,35,0,2.430827800000001,2.4290619999999947,1.0111846999999994,1.4178772999999953,1.417807599999998,10,7,11,569.6270048590267,7,6;5;6;5;5;4;4,paper_multivehicle_v2
OR-Tools,35,7,0.25,58,14.496638095653047,100.0,35,0,2.5962879,2.5947219000000015,1.0141101,1.5806118000000016,1.5805611000000006,10,7,11,591.7014884550306,7,5;6;6;3;6;5;4,paper_multivehicle_v2
OR-Tools,35,7,0.25,59,14.97627089464856,100.0,35,0,2.852263299999999,2.8504542000000015,1.0134469999999993,1.8370072000000022,1.8369486000000013,10,7,11,603.8626848008436,7,6;6;5;5;4;4;5,paper_multivehicle_v2
OR-Tools,35,7,0.25,60,14.14185806107643,100.0,35,0,2.473848500000001,2.4725872000000013,1.0101733,1.4624139000000014,1.4623418000000008,10,5,11,596.2243100833679,7,5;6;5;6;4;5;4,paper_multivehicle_v2
OR-Tools,35,7,0.25,61,16.907393118059098,100.0,35,0,2.058088399999999,2.0565732000000008,1.0181137000000007,1.0384595,1.038419600000001,10,8,11,616.0813678119156,7,6;5;6;5;5;4;4,paper_multivehicle_v2
OR-Tools,35,7,0.25,62,13.893057234474137,100.0,35,0,2.6176139999999997,2.6159236000000092,1.0112921999999998,1.6046314000000095,1.604559800000004,10,6,11,561.0431983574192,7,5;6;6;5;5;4;4,paper_multivehicle_v2
OR-Tools,35,7,0.25,63,14.946917117478405,100.0,35,0,2.6290718999999996,2.6262773999999993,1.0143619000000008,1.6119154999999985,1.6118772999999997,10,7,11,593.0048978393177,7,6;5;5;5;5;4;5,paper_multivehicle_v2
OR-Tools,35,7,0.25,64,14.783906838602622,100.0,35,0,2.3420959999999997,2.340644999999993,1.0141490999999991,1.326495899999994,1.3264695999999958,10,8,11,598.8927750200262,7,7;6;5;5;4;4;4,paper_multivehicle_v2
OR-Tools,35,7,0.25,65,16.82496422769078,100.0,35,0,2.047727700000001,2.0462625000000028,1.0107192999999999,1.0355432000000029,1.0355164000000023,10,8,11,671.5334435888083,7,6;6;4;4;5;6;4,paper_multivehicle_v2
OR-Tools,35,7,0.25,66,16.539522968123336,100.0,35,0,1.9275339000000002,1.9260990999999894,1.0139686,0.9121304999999893,0.9120976999999897,10,8,11,664.4545290177191,7,6;6;6;6;5;3;3,paper_multivehicle_v2
OR-Tools,35,7,0.25,67,17.358793100909825,100.0,35,0,3.120652200000002,3.1189634,1.0098678999999997,2.1090955000000005,2.109047600000002,10,7,11,606.8362440337014,7,6;4;6;5;5;5;4,paper_multivehicle_v2
OR-Tools,35,7,0.25,68,13.939787760581952,100.0,35,0,2.408545199999999,2.406923599999999,1.0165372000000001,1.3903863999999988,1.3903449999999982,10,8,11,617.3484509336203,7,7;6;5;4;4;5;4,paper_multivehicle_v2
OR-Tools,35,7,0.25,69,15.0604313006557,100.0,35,0,3.1719983999999997,3.170556099999997,1.0134392000000005,2.1571168999999966,2.1570570999999976,10,6,11,626.3248748438707,7,6;7;5;4;5;5;3,paper_multivehicle_v2
OR-Tools,35,7,0.25,70,17.0826443061023,100.0,35,0,2.8078783000000005,2.806543199999993,1.0105147999999993,1.7960283999999938,1.7959803999999941,10,7,11,595.433963806152,7,7;6;5;4;4;4;5,paper_multivehicle_v2
OR-Tools,35,7,0.25,71,14.909024480658744,100.0,35,0,2.469391400000001,2.4681540999999942,1.0121072000000009,1.4560468999999934,1.455989799999994,10,6,11,632.1294038267472,7,6;5;5;5;5;5;4,paper_multivehicle_v2
OR-Tools,35,7,0.25,72,15.64553213974706,100.0,35,0,3.1221683000000002,3.1206425999999947,1.0139638999999985,2.1066786999999962,2.106630599999999,10,7,11,569.9648090268425,7,6;6;5;5;5;4;4,paper_multivehicle_v2
OR-Tools,35,7,0.25,73,15.682867449642615,100.0,35,0,3.1871515000000006,3.1857594999999996,1.0096646999999983,2.1760948000000013,2.1760444999999997,10,7,11,601.5797678385418,7,5;6;4;6;4;5;5,paper_multivehicle_v2
OR-Tools,35,7,0.25,74,15.782434612260005,100.0,35,0,2.910797800000001,2.9095791999999996,1.010237,1.8993421999999995,1.8993036000000032,10,7,11,583.2102461220227,7,6;6;5;5;5;4;4,paper_multivehicle_v2
OR-Tools,35,7,0.25,75,13.305702660589565,97.14285714285714,34,1,2.0387883,2.037443200000002,1.0090350999999984,1.0284081000000036,1.0283744000000006,10,8,11,614.7344779715066,7,6;6;5;4;4;5;4,paper_multivehicle_v2
OR-Tools,35,7,0.25,76,16.53249043593192,100.0,35,0,2.8754924000000024,2.873957199999996,1.0103076000000009,1.8636495999999951,1.863613099999995,10,8,11,633.4786048853712,7,5;7;6;5;4;4;4,paper_multivehicle_v2
OR-Tools,35,7,0.25,77,16.74366900124299,100.0,35,0,3.2516201000000002,3.250610400000003,1.010983300000003,2.2396271,2.2395877999999954,10,6,11,609.0226072083642,7,7;6;5;5;4;3;5,paper_multivehicle_v2
OR-Tools,35,7,0.25,78,16.472126031691104,100.0,35,0,2.351140700000002,2.3499605000000017,1.0097978000000012,1.3401627000000005,1.340115400000002,10,7,11,614.7711082426824,7,6;7;4;5;5;4;4,paper_multivehicle_v2
OR-Tools,35,7,0.25,79,15.970448734677277,100.0,35,0,2.9742603999999986,2.972505599999998,1.0142235,1.9582820999999981,1.958264799999995,10,8,11,584.3468775999013,7,6;6;5;4;5;6;3,paper_multivehicle_v2
OR-Tools,35,7,0.25,80,16.453336124181437,100.0,35,0,2.8101383999999996,2.8083640999999915,1.0148969999999977,1.7934670999999938,1.793383999999996,10,6,11,579.66855057526,7,7;5;6;5;4;4;4,paper_multivehicle_v2
OR-Tools,35,7,0.25,81,12.454232470482959,100.0,35,0,2.5340974000000003,2.5325244,1.0110144000000005,1.5215099999999993,1.521449699999998,10,7,11,551.7007670809734,7,6;6;5;4;5;4;5,paper_multivehicle_v2
OR-Tools,35,7,0.25,82,13.28779594388386,100.0,35,0,2.0839567999999993,2.082714499999991,1.012683299999999,1.0700311999999919,1.0699976999999912,10,8,11,598.2585691168221,7,7;6;6;4;3;5;4,paper_multivehicle_v2
OR-Tools,35,7,0.25,83,14.17227418136635,100.0,35,0,2.0390172,2.0375649999999936,1.009113799999998,1.0284511999999957,1.0283830999999957,10,7,11,548.9492567037528,7,5;5;6;5;5;4;5,paper_multivehicle_v2
OR-Tools,35,7,0.25,84,12.855477674522424,100.0,35,0,2.775958299999999,2.774547100000003,1.0092154999999998,1.7653316000000032,1.7652508000000005,10,5,11,570.1387818865998,7,6;6;6;5;4;4;4,paper_multivehicle_v2
OR-Tools,35,7,0.25,85,16.870813221238286,100.0,35,0,3.07892,3.071586800000002,1.0144993999999983,2.057087400000004,2.0570373000000046,10,7,11,656.177518248751,7,4;6;6;5;5;5;4,paper_multivehicle_v2
OR-Tools,35,7,0.25,86,16.21678542037425,100.0,35,0,2.0956203,2.0939753999999944,1.007783100000001,1.0861922999999933,1.086124899999998,10,7,11,601.6044004333053,7,6;5;5;5;4;5;5,paper_multivehicle_v2
OR-Tools,35,7,0.25,87,18.10486844359044,100.0,35,0,2.6704091000000005,2.6690607000000064,1.0045830000000002,1.6644777000000062,1.6644418000000059,10,8,11,584.7520882846734,7,6;5;6;6;5;4;3,paper_multivehicle_v2
OR-Tools,35,7,0.25,88,16.482857858456487,100.0,35,0,2.578214299999999,2.576846400000001,1.0078623000000029,1.568984099999998,1.5689487,10,8,11,642.3607901073335,7,8;6;6;5;4;3;3,paper_multivehicle_v2
OR-Tools,35,7,0.25,89,14.894498563489112,100.0,35,0,2.2850950999999995,2.283634099999997,1.0115109999999987,1.2721230999999982,1.272075799999996,10,7,11,655.5779096988053,7,5;6;6;4;5;5;4,paper_multivehicle_v2
OR-Tools,35,7,0.25,90,16.080146481589207,100.0,35,0,2.050996099999999,2.049354700000002,1.0103558999999969,1.0389988000000052,1.0389639000000024,10,8,11,597.3562004321481,7,6;6;6;5;4;5;3,paper_multivehicle_v2
OR-Tools,35,7,0.25,91,16.446455955275603,100.0,35,0,2.2371951999999986,2.235782099999991,1.0117909999999988,1.2239910999999921,1.2239603999999922,10,8,11,574.6611584865119,7,6;7;6;4;4;5;3,paper_multivehicle_v2
OR-Tools,35,7,0.25,92,16.268488006091236,100.0,35,0,3.8232321999999996,3.821928100000008,1.0138099999999994,2.8081181000000086,2.808071900000005,10,6,11,579.3680028983173,7,6;6;5;5;5;4;4,paper_multivehicle_v2
OR-Tools,35,7,0.25,93,15.559324817191134,100.0,35,0,1.9527962999999993,1.9511321000000024,1.0105676999999993,0.9405644000000031,0.9405251000000021,10,8,11,558.3134726595622,7,7;5;5;6;5;3;4,paper_multivehicle_v2
OR-Tools,35,7,0.25,94,18.244134356946635,100.0,35,0,3.048959400000001,3.047683299999999,1.0140344999999975,2.0336488000000017,2.033616099999996,10,6,11,567.4757109145162,7,5;4;6;5;5;4;6,paper_multivehicle_v2
OR-Tools,35,7,0.25,95,14.591108970728747,100.0,35,0,2.397842400000002,2.3964313999999938,1.0121464000000024,1.3842849999999913,1.3842342999999957,10,7,11,582.5841167215262,7,6;5;5;5;5;5;4,paper_multivehicle_v2
OR-Tools,35,7,0.25,96,16.95372254721058,100.0,35,0,2.1953445999999985,2.1938558000000086,1.0125261000000023,1.1813297000000063,1.1812708000000036,10,7,11,627.4147306999843,7,6;6;5;6;4;4;4,paper_multivehicle_v2
OR-Tools,35,7,0.25,97,16.45927733970359,100.0,35,0,2.810960999999999,2.8097679999999947,1.0110028999999976,1.7987650999999971,1.798733999999996,10,7,11,574.4933860119321,7,6;6;5;5;3;6;4,paper_multivehicle_v2
OR-Tools,35,7,0.25,98,15.493794840574335,100.0,35,0,2.9111009999999986,2.9101479999999924,1.011148500000001,1.8989994999999915,1.898951199999999,10,4,11,571.2852671574116,7,5;5;6;5;5;5;4,paper_multivehicle_v2
OR-Tools,35,7,0.25,99,13.90897032166138,100.0,35,0,2.1834550999999998,2.1822262999999964,1.0124667999999986,1.1697594999999978,1.1697286999999967,10,8,11,538.821764679411,7,6;7;5;4;4;5;4,paper_multivehicle_v2
OR-Tools,35,7,0.25,100,12.604697008786038,100.0,35,0,2.038647400000002,2.0373715000000026,1.0095102000000011,1.0278613000000014,1.0278245000000013,10,7,11,612.5635014403107,7,7;5;5;5;5;5;3,paper_multivehicle_v2
OR-Tools,35,7,0.5,1,19.105176391760466,100.0,35,0,0.9190414,0.9174574,0.8758694,0.04158799999999996,0.04158799999999996,10,10,11,601.742124653512,7,6;6;5;5;5;5;3,paper_multivehicle_v2
OR-Tools,35,7,0.5,2,17.332630139436915,100.0,35,0,1.268117,1.2666073999999994,1.0220707,0.24453669999999939,0.24450069999999968,10,8,11,638.3741711285603,7,7;7;6;5;4;3;3,paper_multivehicle_v2
OR-Tools,35,7,0.5,3,16.013174082245687,100.0,35,0,2.0683873000000004,2.066796200000001,1.0222889,1.0445073000000011,1.0444729000000006,10,8,11,622.7308492477241,7,5;5;6;5;5;5;4,paper_multivehicle_v2
OR-Tools,35,7,0.5,4,19.962045726023945,100.0,35,0,1.9376848,1.9359255999999996,1.0283967,0.9075288999999995,0.9075054999999996,10,9,11,651.0316938207976,7,8;6;5;5;5;3;3,paper_multivehicle_v2
OR-Tools,35,7,0.5,5,18.700432959179558,100.0,35,0,1.8093463000000003,1.8074829,1.0189133000000001,0.7885695999999998,0.7885492999999997,10,9,11,609.0840481761406,7,6;5;6;5;5;4;4,paper_multivehicle_v2
OR-Tools,35,7,0.5,6,18.61890631252999,97.14285714285714,34,1,1.3702630999999998,1.3686944999999995,1.0359711999999999,0.3327232999999996,0.3326701999999999,10,7,11,641.2391771595213,7,5;6;5;5;5;4;4,paper_multivehicle_v2
OR-Tools,35,7,0.5,7,18.199678838336034,100.0,35,0,1.8269814,1.8248339999999994,1.0221108999999997,0.8027230999999997,0.8026556999999999,10,7,11,639.8940012640526,7,7;6;5;6;4;4;3,paper_multivehicle_v2
OR-Tools,35,7,0.5,8,20.368580901227954,100.0,35,0,1.9767853999999998,1.974951300000001,1.0240059999999997,0.9509453000000012,0.9509095000000012,10,8,11,700.4956607617114,7,6;7;4;5;5;4;4,paper_multivehicle_v2
OR-Tools,35,7,0.5,9,14.59303617380129,100.0,35,0,1.5513081999999998,1.5498248000000001,1.0202065,0.5296183000000001,0.5295984000000002,10,9,11,658.5434850926291,7,8;6;7;4;3;3;4,paper_multivehicle_v2
OR-Tools,35,7,0.5,10,21.965766429374955,100.0,35,0,1.2671816999999999,1.2655775999999994,1.0200556,0.24552199999999935,0.24552199999999935,10,10,11,654.4891776380841,7,8;7;6;5;4;3;2,paper_multivehicle_v2
OR-Tools,35,7,0.5,11,16.998839519176162,100.0,35,0,2.4626187,2.4605896,1.019734,1.4408556000000003,1.4407940999999997,10,7,11,606.7865473630708,7,6;5;6;4;5;5;4,paper_multivehicle_v2
OR-Tools,35,7,0.5,12,17.132354603871743,100.0,35,0,1.6255168000000002,1.6237654999999995,1.0177384999999999,0.6060269999999996,0.6060101999999996,10,9,11,573.9414711402796,7,8;6;6;5;4;3;3,paper_multivehicle_v2
OR-Tools,35,7,0.5,13,20.83553518236772,100.0,35,0,1.9169163999999999,1.9151256000000005,1.0083577000000004,0.9067679000000002,0.9067208000000004,10,8,11,707.0603255848515,7,7;6;4;5;5;4;4,paper_multivehicle_v2
OR-Tools,35,7,0.5,14,22.458444998122193,100.0,35,0,0.9719217000000002,0.9701563000000002,0.7250812,0.2450751000000002,0.2450751000000002,10,10,11,677.5110873064676,7,6;5;7;5;5;5;2,paper_multivehicle_v2
OR-Tools,35,7,0.5,15,20.121505463755565,100.0,35,0,1.2234818,1.2209706000000007,1.0105949,0.2103757000000006,0.21035380000000048,10,9,11,664.6707981837229,7,7;6;6;5;4;4;3,paper_multivehicle_v2
OR-Tools,35,7,0.5,16,18.977210692808853,100.0,35,0,1.2253660000000002,1.2238922000000008,1.0141442,0.2097480000000007,0.2097480000000007,10,10,11,635.0351524177923,7,6;6;6;6;4;4;3,paper_multivehicle_v2
OR-Tools,35,7,0.5,17,18.244240595504206,100.0,35,0,1.3291297000000002,1.3277158000000004,1.0062908,0.3214250000000005,0.32140389999999996,10,9,11,550.8378429936994,7,6;7;5;5;6;4;2,paper_multivehicle_v2
OR-Tools,35,7,0.5,18,19.225267007213315,100.0,35,0,1.8927275999999997,1.8909492000000019,1.0148491000000002,0.8761001000000017,0.8761001000000017,10,10,11,665.0970784247618,7,5;7;5;5;5;4;4,paper_multivehicle_v2
OR-Tools,35,7,0.5,19,18.396632954907176,100.0,35,0,1.9637564999999997,1.9620968000000012,1.0113601,0.9507367000000011,0.9507174000000003,10,9,11,639.5356428280364,7,8;7;6;4;4;3;3,paper_multivehicle_v2
OR-Tools,35,7,0.5,20,15.99725506499262,100.0,35,0,2.3424919999999996,2.3408600999999987,1.0101103,1.3307497999999987,1.330730599999998,10,9,11,558.644770964127,7,6;7;6;5;3;4;4,paper_multivehicle_v2
OR-Tools,35,7,0.5,21,17.16637580286686,100.0,35,0,1.0618068000000003,1.0603517999999998,1.0067852,0.05356659999999991,0.05354480000000006,10,9,11,610.2590155766272,7,6;6;5;6;4;5;3,paper_multivehicle_v2
OR-Tools,35,7,0.5,22,18.118803416772742,100.0,35,0,1.5388028,1.5371314000000003,1.009713,0.5274184000000002,0.5273753999999995,10,8,11,634.3181148756207,7,6;7;7;4;5;4;2,paper_multivehicle_v2
OR-Tools,35,7,0.5,23,16.135104693308396,100.0,35,0,1.3848744000000002,1.3834098000000004,1.0087362,0.3746736000000004,0.3746736000000004,10,10,11,561.9265169708952,7,7;7;5;6;5;2;3,paper_multivehicle_v2
OR-Tools,35,7,0.5,24,16.347537787410417,100.0,35,0,1.1671530000000003,1.1653452000000004,0.8662585999999997,0.29908660000000076,0.29906700000000086,10,9,11,594.9194123368314,7,6;6;5;5;5;6;2,paper_multivehicle_v2
OR-Tools,35,7,0.5,25,17.13615295450839,100.0,35,0,1.8838848000000001,1.882356099999999,1.0135494000000005,0.8688066999999986,0.8687860999999986,10,9,11,638.6039235457579,7,6;6;7;5;4;3;4,paper_multivehicle_v2
OR-Tools,35,7,0.5,26,15.287602985690112,100.0,35,0,2.1454642,2.1438904999999995,1.0120449000000002,1.1318455999999992,1.1318041999999986,10,8,11,594.7814026791705,7,7;5;5;6;4;4;4,paper_multivehicle_v2
OR-Tools,35,7,0.5,27,19.019233197605505,100.0,35,0,2.0594360999999997,2.0578586,1.0124818000000002,1.0453767999999997,1.0453767999999997,10,10,11,617.3778785542445,7,6;6;6;5;4;5;3,paper_multivehicle_v2
OR-Tools,35,7,0.5,28,17.697849471744874,97.14285714285714,34,1,1.5495156999999997,1.5480466000000002,1.0102579999999994,0.5377886000000007,0.5377886000000007,10,10,11,599.1712789265673,7,5;5;5;6;5;4;4,paper_multivehicle_v2
OR-Tools,35,7,0.5,29,18.619269941268534,100.0,35,0,1.8782525999999997,1.8768701000000023,1.0065461000000004,0.8703240000000019,0.8703031000000019,10,9,11,625.5215330073512,7,6;5;6;5;5;5;3,paper_multivehicle_v2
OR-Tools,35,7,0.5,30,17.56454277246049,100.0,35,0,1.8619682000000006,1.8603158000000013,1.0091354000000008,0.8511804000000005,0.8511610000000003,10,9,11,634.0086876270077,7,7;6;7;4;4;3;4,paper_multivehicle_v2
OR-Tools,35,7,0.5,31,19.201433592768808,100.0,35,0,1.8907002000000004,1.888852,1.0091747,0.8796773,0.8792601000000007,10,9,11,616.1713422967156,7,6;5;5;5;5;5;4,paper_multivehicle_v2
OR-Tools,35,7,0.5,32,17.424849415039397,100.0,35,0,1.7599543000000004,1.7585923,1.0096552,0.7489371,0.7488956,10,8,11,593.2010374306517,7,7;5;6;5;4;5;3,paper_multivehicle_v2
OR-Tools,35,7,0.5,33,16.43278587785333,100.0,35,0,1.3800413000000002,1.3785133999999992,1.0099624,0.3685509999999992,0.36853609999999914,10,9,11,612.7704431884838,7,5;7;6;6;5;3;3,paper_multivehicle_v2
OR-Tools,35,7,0.5,34,14.920134393878167,100.0,35,0,1.6191101000000003,1.6177109000000014,1.0123805000000008,0.6053304000000006,0.6053024000000002,10,8,11,643.9713839106554,7,7;7;6;4;5;3;3,paper_multivehicle_v2
OR-Tools,35,7,0.5,35,15.942735232534325,100.0,35,0,1.5577442000000001,1.555869099999999,1.0107192000000005,0.5451498999999984,0.5451302999999985,10,9,11,647.8090170966452,7,6;7;5;5;5;4;3,paper_multivehicle_v2
OR-Tools,35,7,0.5,36,16.635342717086804,100.0,35,0,1.7977159,1.7957826999999993,1.0077358999999992,0.7880468,0.7880231999999996,10,9,11,595.7404162292286,7,6;5;6;6;5;4;3,paper_multivehicle_v2
OR-Tools,35,7,0.5,37,14.918714453267498,100.0,35,0,1.8265962,1.825117399999999,1.0077581000000002,0.8173592999999988,0.8173439999999994,10,9,11,600.3435122414828,7,4;6;6;7;5;3;4,paper_multivehicle_v2
OR-Tools,35,7,0.5,38,20.32096801499581,100.0,35,0,1.6421716000000002,1.640737399999999,1.0098772999999994,0.6308600999999996,0.6308369000000003,10,9,11,640.3328173672426,7,7;7;6;5;5;2;3,paper_multivehicle_v2
OR-Tools,35,7,0.5,39,14.936723194104339,100.0,35,0,1.3653002999999995,1.3637825999999995,1.0072033999999999,0.35657919999999965,0.35653630000000014,10,8,11,581.0195252275801,7,5;6;6;4;5;5;4,paper_multivehicle_v2
OR-Tools,35,7,0.5,40,17.482742474396566,100.0,35,0,1.6769402000000007,1.6754673000000002,1.0082572,0.6672101000000001,0.667174300000001,10,8,11,680.5281274090198,7,5;7;6;5;5;4;3,paper_multivehicle_v2
OR-Tools,35,7,0.5,41,20.16433913636731,100.0,35,0,2.7218272999999993,2.7204437999999973,1.0088595000000007,1.7115842999999966,1.7115465999999984,10,8,11,633.1669850652123,7,5;6;6;5;5;5;3,paper_multivehicle_v2
OR-Tools,35,7,0.5,42,18.07833678274538,100.0,35,0,1.4768966,1.4750871000000005,1.0101534,0.46493370000000045,0.4648916000000005,10,8,11,612.116093088356,7,6;5;5;6;5;5;3,paper_multivehicle_v2
OR-Tools,35,7,0.5,43,14.956451677459752,100.0,35,0,1.6139261999999999,1.6125900999999985,1.0107086999999995,0.601881399999999,0.6018432999999996,10,8,11,568.0406698530466,7,6;6;7;4;4;4;4,paper_multivehicle_v2
OR-Tools,35,7,0.5,44,17.098753464891853,100.0,35,0,1.8996413000000008,1.8979598999999974,1.0086320000000004,0.889327899999997,0.889312699999997,10,9,11,669.0169434820384,7,6;5;6;6;4;4;4,paper_multivehicle_v2
OR-Tools,35,7,0.5,45,18.41675899606527,100.0,35,0,2.092816,2.0913245,1.0097515000000001,1.0815729999999997,1.0815577000000003,10,9,11,597.5134390401229,7,6;6;6;5;5;4;3,paper_multivehicle_v2
OR-Tools,35,7,0.5,46,17.13365239693065,100.0,35,0,1.9287305000000003,1.9273396000000007,1.0092615,0.9180781000000007,0.9180374999999987,10,8,11,574.2199716019518,7,6;7;5;6;4;4;3,paper_multivehicle_v2
OR-Tools,35,7,0.5,47,16.87581458931284,100.0,35,0,1.5667386999999993,1.5650231000000003,1.0088488,0.5561743000000003,0.556151100000001,10,9,11,629.8743662051417,7,6;5;7;6;5;3;3,paper_multivehicle_v2
OR-Tools,35,7,0.5,48,17.473423596515552,100.0,35,0,3.206182300000001,3.2040466999999992,1.0104702000000003,2.193576499999999,2.1935120999999995,10,7,11,598.2285921425101,7,7;5;4;5;4;5;5,paper_multivehicle_v2
OR-Tools,35,7,0.5,49,19.19874590253113,100.0,35,0,1.7510465999999996,1.7489979999999958,1.0070328999999996,0.7419650999999963,0.7419650999999963,10,10,11,650.4463993042898,7,6;6;6;6;4;4;3,paper_multivehicle_v2
OR-Tools,35,7,0.5,50,19.45119227160632,100.0,35,0,1.8506270999999996,1.8489489,1.0096965999999998,0.8392523000000001,0.8392225999999994,10,8,11,592.5661003589074,7,7;6;5;6;5;3;3,paper_multivehicle_v2
OR-Tools,35,7,0.5,51,17.506141329091466,100.0,35,0,1.6424564000000004,1.6408841,1.0084012000000007,0.6324828999999994,0.6324593999999983,10,9,11,591.6632670124056,7,7;6;6;5;5;2;4,paper_multivehicle_v2
OR-Tools,35,7,0.5,52,17.76844265850242,100.0,35,0,1.7182440999999997,1.7165484000000015,1.0085319999999998,0.7080164000000018,0.7079739000000025,10,8,11,638.5530271519791,7,6;6;6;5;5;4;3,paper_multivehicle_v2
OR-Tools,35,7,0.5,53,15.840304920111874,100.0,35,0,2.2484227000000008,2.2464296999999975,1.0082297999999996,1.238199899999998,1.2381366999999983,10,7,11,604.0842849621807,7,7;6;5;5;4;4;4,paper_multivehicle_v2
OR-Tools,35,7,0.5,54,19.171183782065768,100.0,35,0,1.6189831999999997,1.6164189999999978,1.0062942000000001,0.6101247999999977,0.6100803999999975,10,8,11,677.8800824439074,7,5;5;6;6;5;4;4,paper_multivehicle_v2
OR-Tools,35,7,0.5,55,16.97328272395404,100.0,35,0,1.9265463,1.9249311000000038,1.0117466999999998,0.913184400000004,0.9131393000000028,10,8,11,623.2870150524662,7,6;6;5;5;5;4;4,paper_multivehicle_v2
OR-Tools,35,7,0.5,56,19.473895250359465,100.0,35,0,1.7834181999999998,1.7820139000000008,1.007996799999999,0.7740171000000018,0.7740171000000018,10,10,11,632.4140962760897,7,6;8;6;5;4;3;3,paper_multivehicle_v2
OR-Tools,35,7,0.5,57,17.042754589752136,100.0,35,0,1.2173817000000007,1.2158098000000006,1.0078005,0.2080093000000005,0.2080093000000005,10,10,11,600.3640918812122,7,8;5;6;6;4;3;3,paper_multivehicle_v2
OR-Tools,35,7,0.5,58,18.682509768755203,100.0,35,0,0.7367433999999999,0.7352158999999983,0.43714150000000096,0.2980743999999973,0.2980743999999973,10,10,11,608.9311953101826,7,6;6;6;5;5;5;2,paper_multivehicle_v2
OR-Tools,35,7,0.5,59,15.90033891530277,100.0,35,0,1.7574760999999999,1.755945200000001,1.0082439,0.747701300000001,0.747701300000001,10,10,11,699.8632716288603,7,7;7;5;5;3;4;4,paper_multivehicle_v2
OR-Tools,35,7,0.5,60,15.03485252633386,100.0,35,0,2.0195612999999994,2.0181581999999967,1.0115707999999994,1.0065873999999972,1.0065535999999984,10,8,11,653.213450051263,7,9;5;5;5;3;4;4,paper_multivehicle_v2
OR-Tools,35,7,0.5,61,18.210145139667148,97.14285714285714,34,1,1.2421238,1.2407609000000015,1.0379394000000008,0.20282150000000065,0.20280570000000075,10,9,11,620.2417667688579,7,5;5;6;6;4;4;4,paper_multivehicle_v2
OR-Tools,35,7,0.5,62,17.613934339977195,100.0,35,0,1.5600943999999988,1.5584184000000025,1.0173320000000015,0.5410864000000011,0.5410673000000017,10,9,11,688.2148843178198,7,5;6;5;6;5;4;4,paper_multivehicle_v2
OR-Tools,35,7,0.5,63,19.278285847166725,100.0,35,0,0.9259678999999998,0.9244523999999998,0.8806881999999998,0.04376420000000003,0.04376420000000003,10,10,11,625.0629711483629,7,6;6;6;6;5;3;3,paper_multivehicle_v2
OR-Tools,35,7,0.5,64,17.950407207337577,100.0,35,0,1.4830383999999999,1.4816373999999986,1.0168009999999992,0.4648363999999994,0.4648154000000009,10,9,11,626.553917421842,7,6;7;5;5;5;4;3,paper_multivehicle_v2
OR-Tools,35,7,0.5,65,22.992920234149697,97.14285714285714,34,1,0.9053947000000004,0.9040015000000015,0.8638481000000002,0.04015340000000123,0.04015340000000123,10,10,11,677.8367004385472,7,6;6;5;6;4;3;4,paper_multivehicle_v2
OR-Tools,35,7,0.5,66,22.488133392118257,100.0,35,0,0.7616237999999989,0.7601688000000006,0.5795841999999993,0.18058460000000132,0.18056360000000282,10,9,11,638.4173815528894,7,7;5;6;5;5;4;3,paper_multivehicle_v2
OR-Tools,35,7,0.5,67,21.414210717378275,100.0,35,0,1.7093599000000008,1.7079396999999954,1.006599099999999,0.7013405999999964,0.7013199999999973,10,9,11,626.0358719047333,7,5;6;5;6;4;5;4,paper_multivehicle_v2
OR-Tools,35,7,0.5,68,16.007452122505253,100.0,35,0,1.6291208000000008,1.6274320000000042,1.0084483000000013,0.6189837000000029,0.6189655000000016,10,9,11,577.0970984882183,7,6;6;6;5;5;4;3,paper_multivehicle_v2
OR-Tools,35,7,0.5,69,16.77858315043446,100.0,35,0,1.1865924000000003,1.185225299999999,1.0065120000000007,0.1787132999999983,0.17867109999999897,10,8,11,595.3663985945338,7,5;6;5;5;5;5;4,paper_multivehicle_v2
OR-Tools,35,7,0.5,70,18.844235562122076,100.0,35,0,1.224566900000001,1.2231423999999986,1.0060666999999999,0.21707569999999876,0.21707569999999876,10,10,11,639.8089273691663,7,6;6;6;5;5;4;3,paper_multivehicle_v2
OR-Tools,35,7,0.5,71,16.6052699269345,100.0,35,0,1.9082966999999993,1.9067074999999996,1.0092165000000008,0.8974909999999987,0.8974709999999977,10,9,11,589.2261105739366,7,5;6;5;4;5;5;5,paper_multivehicle_v2
OR-Tools,35,7,0.5,72,17.898756561779976,100.0,35,0,1.3350064999999987,1.3336301000000006,1.0098471,0.3237830000000006,0.32373900000000155,10,8,11,644.9582235984303,7,8;7;8;4;2;3;3,paper_multivehicle_v2
OR-Tools,35,7,0.5,73,13.92597669070152,100.0,35,0,1.3816173000000003,1.3799475,1.0092155999999992,0.3707319000000009,0.37071250000000155,10,9,11,587.9808057190942,7,8;5;6;5;4;3;4,paper_multivehicle_v2
OR-Tools,35,7,0.5,74,14.665648114549331,97.14285714285714,34,1,1.7474191000000001,1.7458735,1.0065864999999992,0.7392870000000009,0.7392870000000009,10,10,11,612.044995560292,7,5;6;5;5;5;4;4,paper_multivehicle_v2
OR-Tools,35,7,0.5,75,19.65505779956698,100.0,35,0,1.6209032000000008,1.619440100000002,1.0112018999999997,0.6082382000000024,0.6082175000000021,10,9,11,608.3099040717731,7,6;7;6;5;5;3;3,paper_multivehicle_v2
OR-Tools,35,7,0.5,76,18.434320492398374,100.0,35,0,1.226856399999999,1.225027100000002,1.0135836000000005,0.21144350000000145,0.21142299999999992,10,9,11,593.663645056906,7,7;6;6;6;5;3;2,paper_multivehicle_v2
OR-Tools,35,7,0.5,77,17.74888656060844,100.0,35,0,1.2185559999999995,1.2168517000000012,1.0092868,0.20756490000000127,0.2075438000000016,10,9,11,579.1370718066528,7,6;6;5;6;5;4;3,paper_multivehicle_v2
OR-Tools,35,7,0.5,78,18.38211385321004,100.0,35,0,1.5573868999999991,1.5559601999999995,1.0101249999999986,0.5458352000000009,0.5457882000000023,10,8,11,597.530440072409,7,7;6;7;5;4;3;3,paper_multivehicle_v2
OR-Tools,35,7,0.5,79,17.572000442353023,100.0,35,0,1.470344299999999,1.468989200000001,1.0072500000000009,0.46173920000000024,0.46171940000000156,10,9,11,591.8660651091382,7,8;5;5;6;5;3;3,paper_multivehicle_v2
OR-Tools,35,7,0.5,80,14.975390176428593,100.0,35,0,2.6437209,2.6421682999999963,1.0111061999999986,1.6310620999999976,1.6310052999999982,10,7,11,580.8083238233246,7,5;5;5;7;5;4;4,paper_multivehicle_v2
OR-Tools,35,7,0.5,81,15.978457687554332,100.0,35,0,1.7677385999999995,1.7662477999999986,1.008799699999999,0.7574480999999995,0.7574480999999995,10,10,11,668.6474847558387,7,7;6;5;5;5;3;4,paper_multivehicle_v2
OR-Tools,35,7,0.5,82,16.058180641703004,100.0,35,0,2.0388094999999993,2.037415999999995,1.0102924999999985,1.0271234999999965,1.0270799999999962,10,8,11,566.7225473303079,7,6;7;6;6;4;3;3,paper_multivehicle_v2
OR-Tools,35,7,0.5,83,19.245457399844735,100.0,35,0,1.3851432,1.3834174000000008,1.0086977000000008,0.3747197,0.3747197,10,10,11,675.158530467259,7,6;6;5;5;4;6;3,paper_multivehicle_v2
OR-Tools,35,7,0.5,84,18.358140641319274,100.0,35,0,2.3315818999999998,2.329967600000005,1.0086320999999998,1.3213355000000053,1.3213114000000044,10,9,11,587.0866768497195,7,6;6;5;5;4;5;4,paper_multivehicle_v2
OR-Tools,35,7,0.5,85,21.55953558412511,100.0,35,0,2.446021199999999,2.4443291000000027,1.006748,1.4375811000000027,1.4375811000000027,10,10,11,592.687340456519,7,5;6;6;5;5;5;3,paper_multivehicle_v2
OR-Tools,35,7,0.5,86,15.988754755674671,100.0,35,0,1.6367405000000002,1.6353173999999981,1.0138638999999987,0.6214534999999994,0.6213896000000005,10,7,11,548.183198506085,7,8;5;5;4;5;4;4,paper_multivehicle_v2
OR-Tools,35,7,0.5,87,15.209561326727334,100.0,35,0,1.1842130000000015,1.1827977000000054,1.0074995000000015,0.17529820000000385,0.1752550000000035,10,8,11,579.4904129571927,7,7;6;6;5;3;4;4,paper_multivehicle_v2
OR-Tools,35,7,0.5,88,21.17425474336699,100.0,35,0,1.7167957000000005,1.7152998000000022,1.0178705000000008,0.6974293000000014,0.6974084000000005,10,9,11,678.7466044759004,7,5;6;6;5;5;4;4,paper_multivehicle_v2
OR-Tools,35,7,0.5,89,15.933649868438895,100.0,35,0,1.4494037000000013,1.4476814999999998,1.0079220000000007,0.4397594999999992,0.43974000000000046,10,9,11,626.2022005752522,7,6;8;5;5;4;4;3,paper_multivehicle_v2
OR-Tools,35,7,0.5,90,16.923655373336626,100.0,35,0,1.9203113999999992,1.918790900000003,1.0168441000000001,0.9019468000000028,0.9018864000000022,10,7,11,676.1753773061045,7,5;7;5;5;4;4;5,paper_multivehicle_v2
OR-Tools,35,7,0.5,91,15.71791409375144,100.0,35,0,1.0434482999999997,1.0420568999999986,1.007956,0.034100899999998546,0.03405789999999875,10,8,11,615.1235178481295,7,7;6;6;4;5;3;4,paper_multivehicle_v2
OR-Tools,35,7,0.5,92,16.79675446274644,100.0,35,0,1.9117815999999994,1.9102005000000002,1.0109589999999997,0.8992415000000005,0.8992216000000006,10,9,11,651.6695568300233,7,7;6;5;5;5;4;3,paper_multivehicle_v2
OR-Tools,35,7,0.5,93,21.082719537860488,100.0,35,0,1.6232971999999997,1.621709300000001,1.0075807999999995,0.6141285000000014,0.6141285000000014,10,10,11,653.7058262687686,7,6;5;5;6;5;5;3,paper_multivehicle_v2
OR-Tools,35,7,0.5,94,17.63835770401377,100.0,35,0,1.3826064000000002,1.3808828999999996,1.0145396000000009,0.3663432999999987,0.3663432999999987,10,10,11,640.1653861884248,7,7;6;5;6;4;4;3,paper_multivehicle_v2
OR-Tools,35,7,0.5,95,17.894545112836465,100.0,35,0,1.0580545000000008,1.0565781000000012,1.0166059999999995,0.03997210000000173,0.03995070000000034,10,9,11,615.7833307905437,7,7;5;5;6;7;3;2,paper_multivehicle_v2
OR-Tools,35,7,0.5,96,17.564542185046623,100.0,35,0,1.549263400000001,1.5479876000000026,1.038930500000001,0.5090571000000015,0.5090409000000022,10,9,11,637.7928758017542,7,8;5;6;5;4;4;3,paper_multivehicle_v2
OR-Tools,35,7,0.5,97,15.693866026407717,100.0,35,0,1.7654663999999993,1.764159399999997,1.034166599999999,0.729992799999998,0.7299609999999976,10,8,11,615.2664303753943,7,6;6;5;4;4;5;5,paper_multivehicle_v2
OR-Tools,35,7,0.5,98,15.800984933781091,100.0,35,0,1.5532059,1.5521262,0.8643511999999998,0.6877750000000002,0.6877574000000006,10,8,11,608.5628865402969,7,5;6;6;6;5;3;4,paper_multivehicle_v2
OR-Tools,35,7,0.5,99,22.47794479529038,100.0,35,0,1.6840922000000003,1.6830134000000019,1.0257170999999996,0.6572963000000023,0.6572963000000023,10,10,11,661.9970767771813,7,7;6;6;5;5;3;3,paper_multivehicle_v2
OR-Tools,35,7,0.5,100,18.885227289556664,100.0,35,0,1.040794700000001,1.039432899999996,1.0088375999999997,0.030595299999996328,0.030595299999996328,10,10,11,638.8459792666771,7,6;6;6;6;5;4;2,paper_multivehicle_v2
OR-Tools,35,7,0.75,1,20.2273397582003,100.0,35,0,1.2450676999999999,1.2436330000000007,0.8744437000000003,0.3691893000000004,0.3691893000000004,10,10,11,582.1410608098678,7,7;6;7;5;5;3;2,paper_multivehicle_v2
OR-Tools,35,7,0.75,2,18.912688226828415,100.0,35,0,0.35107240000000006,0.3481029,0.3072017,0.04090119999999997,0.04090119999999997,10,10,11,638.5959543101577,7,7;6;5;5;6;4;2,paper_multivehicle_v2
OR-Tools,35,7,0.75,3,17.466256811516132,100.0,35,0,1.0531085000000002,1.0514546999999996,1.0173941,0.03406059999999966,0.034038299999999744,10,9,11,568.9149728569656,7,6;6;6;5;5;5;2,paper_multivehicle_v2
OR-Tools,35,7,0.75,4,18.782544116522086,100.0,35,0,0.07740150000000012,0.07518150000000001,0.02224949999999981,0.0529320000000002,0.0529320000000002,10,10,11,659.913278638865,7,5;6;6;5;5;4;4,paper_multivehicle_v2
OR-Tools,35,7,0.75,5,19.157655002837135,100.0,35,0,0.07113340000000012,0.06947329999999963,0.015586400000000111,0.053886899999999516,0.053886899999999516,10,10,11,618.2227056949674,7,7;6;6;5;5;3;3,paper_multivehicle_v2
OR-Tools,35,7,0.75,6,22.020292344024554,100.0,35,0,0.3563912,0.35469510000000093,0.303828,0.05086710000000094,0.05086710000000094,10,10,11,655.6952078306304,7,7;5;6;6;5;4;2,paper_multivehicle_v2
OR-Tools,35,7,0.75,7,24.85402314588442,100.0,35,0,0.21367159999999985,0.2120445999999998,0.16470570000000007,0.04733889999999974,0.04733889999999974,10,10,11,632.9499343974267,7,6;5;6;6;5;3;4,paper_multivehicle_v2
OR-Tools,35,7,0.75,8,23.973610617785234,97.14285714285714,34,1,0.35519579999999995,0.35352269999999986,0.30837009999999987,0.04515259999999999,0.04515259999999999,10,10,11,662.9296276589043,7,5;6;6;5;6;3;3,paper_multivehicle_v2
OR-Tools,35,7,0.75,9,18.044498412095173,100.0,35,0,0.07464779999999993,0.07300499999999999,0.021311800000000103,0.051693199999999884,0.051693199999999884,10,10,11,651.1225717389518,7,6;6;6;6;5;3;3,paper_multivehicle_v2
OR-Tools,35,7,0.75,10,18.869457925033753,97.14285714285714,34,1,0.4852546,0.48387180000000063,0.4480539000000001,0.03581790000000051,0.03581790000000051,10,10,11,579.4749641524393,7,6;6;5;6;4;4;3,paper_multivehicle_v2
OR-Tools,35,7,0.75,11,17.737553571363705,100.0,35,0,1.3230423999999998,1.3213669000000006,0.8802218000000002,0.4411451000000004,0.4411451000000004,10,10,11,595.8638391619006,7,6;7;5;6;4;3;4,paper_multivehicle_v2
OR-Tools,35,7,0.75,12,19.082670669419013,100.0,35,0,0.21525930000000004,0.21369060000000006,0.16714099999999998,0.04654960000000008,0.04654960000000008,10,10,11,605.8305472383058,7,8;6;6;5;4;3;3,paper_multivehicle_v2
OR-Tools,35,7,0.75,13,18.70274560342715,100.0,35,0,0.056395799999999996,0.05466100000000007,0.011284199999999966,0.043376800000000104,0.043376800000000104,10,10,11,647.2450502263081,7,8;8;5;6;3;3;2,paper_multivehicle_v2
OR-Tools,35,7,0.75,14,21.572616980235402,100.0,35,0,0.4831993000000001,0.48186040000000063,0.4397207000000001,0.04213970000000056,0.04213970000000056,10,10,11,678.7577718382545,7,7;6;7;6;5;3;1,paper_multivehicle_v2
OR-Tools,35,7,0.75,15,19.816600899069037,100.0,35,0,0.4898726,0.4882793000000001,0.43813060000000004,0.050148700000000046,0.050148700000000046,10,10,11,696.1887527603368,7,7;6;6;6;4;3;3,paper_multivehicle_v2
OR-Tools,35,7,0.75,16,18.417975627212854,100.0,35,0,0.9078276000000001,0.9062813999999999,0.7225699000000001,0.1837114999999998,0.18369309999999972,10,9,11,598.5395715286063,7,7;6;6;5;4;3;4,paper_multivehicle_v2
OR-Tools,35,7,0.75,17,17.21895147866807,100.0,35,0,1.2469693000000002,1.2454644000000001,1.0090693,0.2363951000000002,0.23637390000000025,10,9,11,598.3713852516984,7,7;6;7;5;5;3;2,paper_multivehicle_v2
OR-Tools,35,7,0.75,18,20.51279728907307,100.0,35,0,0.06531010000000004,0.06332959999999987,0.009936399999999956,0.05339319999999992,0.05339319999999992,10,10,11,663.5978284974193,7,6;6;6;4;6;4;3,paper_multivehicle_v2
OR-Tools,35,7,0.75,19,21.518135048075138,100.0,35,0,0.19131200000000015,0.18990280000000004,0.15269929999999987,0.03720350000000017,0.03720350000000017,10,10,11,627.1160801342764,7,6;6;6;5;5;5;2,paper_multivehicle_v2
OR-Tools,35,7,0.75,20,21.378923329369126,100.0,35,0,0.34044949999999985,0.3390326000000006,0.2982842000000001,0.04074840000000046,0.04074840000000046,10,10,11,681.7514044797217,7,7;6;6;6;5;3;2,paper_multivehicle_v2
OR-Tools,35,7,0.75,21,19.757828793157643,100.0,35,0,0.7649006000000003,0.7635139999999987,0.7231409999999998,0.04037299999999888,0.04037299999999888,10,10,11,580.0706544874886,7,8;6;6;5;4;3;3,paper_multivehicle_v2
OR-Tools,35,7,0.75,22,18.3364890489822,100.0,35,0,0.33381269999999996,0.3323866,0.296254,0.03613259999999996,0.03613259999999996,10,10,11,614.6141458269832,7,8;6;6;5;5;3;2,paper_multivehicle_v2
OR-Tools,35,7,0.75,23,18.179967011153597,97.14285714285714,34,1,0.3851879,0.3836920999999993,0.009729800000000122,0.3739622999999992,0.3739622999999992,10,10,11,599.1835160980222,7,6;6;6;6;4;4;2,paper_multivehicle_v2
OR-Tools,35,7,0.75,24,20.99982679666218,100.0,35,0,0.33212660000000005,0.3307122999999996,0.2939720000000001,0.036740299999999504,0.036740299999999504,10,10,11,649.9212074385908,7,6;6;6;5;5;4;3,paper_multivehicle_v2
OR-Tools,35,7,0.75,25,20.06292615754013,100.0,35,0,0.6296305000000002,0.6279770999999996,0.5822657,0.045711399999999625,0.045711399999999625,10,10,11,630.5733572661829,7,7;6;6;7;4;3;2,paper_multivehicle_v2
OR-Tools,35,7,0.75,26,19.240285720721012,100.0,35,0,0.5525795999999998,0.5511834000000004,0.012094300000000002,0.5390891000000004,0.5390891000000004,10,10,11,625.0147755556847,7,8;6;6;6;5;2;2,paper_multivehicle_v2
OR-Tools,35,7,0.75,27,19.598057233049943,100.0,35,0,0.05411199999999994,0.052651699999999746,0.009289299999999834,0.04336239999999991,0.04336239999999991,10,10,11,617.8028623677117,7,6;7;6;5;4;4;3,paper_multivehicle_v2
OR-Tools,35,7,0.75,28,16.572285599509158,94.28571428571429,33,2,0.48061789999999993,0.4792031000000001,0.43855789999999994,0.04064520000000016,0.040608100000000036,10,8,11,599.5711522503586,7,6;5;6;5;5;3;3,paper_multivehicle_v2
OR-Tools,35,7,0.75,29,18.34791653823681,100.0,35,0,0.47450799999999993,0.47326560000000084,0.4361339000000002,0.037131700000000656,0.037131700000000656,10,10,11,594.6805250361851,7,6;6;6;5;5;4;3,paper_multivehicle_v2
OR-Tools,35,7,0.75,30,19.88749247035693,91.42857142857143,32,3,0.05465339999999985,0.05314069999999971,0.007041300000000028,0.04609939999999968,0.04609939999999968,10,10,11,572.4944991889156,7,6;6;5;5;4;3;3,paper_multivehicle_v2
OR-Tools,35,7,0.75,31,15.966048790642402,100.0,35,0,0.055245800000000234,0.05363249999999997,0.005970599999999937,0.047661900000000035,0.047661900000000035,10,10,11,641.2408791142441,7,7;7;7;4;5;4;1,paper_multivehicle_v2
OR-Tools,35,7,0.75,32,19.857633416322127,94.28571428571429,33,2,1.0644658999999996,1.0632579,0.8648932999999999,0.1983646000000001,0.1983646000000001,10,10,11,601.6487125371686,7,6;5;5;5;4;4;4,paper_multivehicle_v2
OR-Tools,35,7,0.75,33,21.591347030368595,100.0,35,0,1.4045400000000003,1.4029106999999996,0.8651644999999997,0.5377462,0.5377247999999999,10,9,11,618.4711592811905,7,6;5;6;4;6;5;3,paper_multivehicle_v2
OR-Tools,35,7,0.75,34,21.358596260548243,100.0,35,0,0.3378857000000002,0.3363177000000004,0.2946679000000003,0.04164980000000007,0.04164980000000007,10,10,11,684.4264074500732,7,7;5;6;6;4;4;3,paper_multivehicle_v2
OR-Tools,35,7,0.75,35,24.26956801121322,100.0,35,0,0.5785038,0.5772312999999998,0.2950615999999999,0.28216969999999986,0.28216969999999986,10,10,11,635.9082091794365,7,7;7;6;5;3;4;3,paper_multivehicle_v2
OR-Tools,35,7,0.75,36,20.686907900580472,100.0,35,0,0.05363180000000023,0.05218769999999928,0.009998500000000021,0.04218919999999926,0.04218919999999926,10,10,11,646.6211628707471,7,6;7;6;6;5;3;2,paper_multivehicle_v2
OR-Tools,35,7,0.75,37,19.10696454038341,100.0,35,0,0.6187451999999998,0.6176100999999998,0.5817729000000003,0.03583719999999957,0.03583719999999957,10,10,11,612.0304784623708,7,6;7;6;5;4;3;4,paper_multivehicle_v2
OR-Tools,35,7,0.75,38,20.5670412809745,100.0,35,0,0.2028140999999999,0.20117669999999999,0.1527649000000002,0.04841179999999978,0.04841179999999978,10,10,11,644.0458546391541,7,7;7;6;6;5;2;2,paper_multivehicle_v2
OR-Tools,35,7,0.75,39,21.155287381636082,100.0,35,0,1.1090857,1.1073610000000005,0.8648376,0.2425234000000005,0.2424994000000007,10,9,11,646.7892775887001,7,6;6;5;5;4;5;4,paper_multivehicle_v2
OR-Tools,35,7,0.75,40,17.2737982901671,100.0,35,0,0.6223440999999998,0.620858300000001,0.5803976,0.040460700000001015,0.040460700000001015,10,10,11,601.6864922131374,7,7;5;6;5;5;4;3,paper_multivehicle_v2
OR-Tools,35,7,0.75,41,15.822105349167286,100.0,35,0,0.20161589999999974,0.20000319999999983,0.1547012999999997,0.04530190000000012,0.04530190000000012,10,10,11,612.5943941661897,7,6;8;6;4;5;4;2,paper_multivehicle_v2
OR-Tools,35,7,0.75,42,18.957393006627303,100.0,35,0,0.33828289999999983,0.33679530000000035,0.2962560999999999,0.04053920000000044,0.04053920000000044,10,10,11,627.582220953534,7,7;5;6;6;5;3;3,paper_multivehicle_v2
OR-Tools,35,7,0.75,43,17.947691117477536,100.0,35,0,0.19723699999999988,0.19584800000000024,0.1544979999999998,0.04135000000000044,0.04135000000000044,10,10,11,594.3449946810193,7,6;7;5;6;5;2;4,paper_multivehicle_v2
OR-Tools,35,7,0.75,44,24.770405558343313,100.0,35,0,0.19098710000000008,0.18953739999999986,0.15287929999999994,0.036658099999999916,0.036658099999999916,10,10,11,624.5083539928015,7,7;6;6;5;4;4;3,paper_multivehicle_v2
OR-Tools,35,7,0.75,45,21.235490206369693,100.0,35,0,0.48460110000000034,0.4831227999999994,0.4378226999999999,0.04530009999999951,0.04530009999999951,10,10,11,629.4869010146681,7,5;6;6;5;4;5;4,paper_multivehicle_v2
OR-Tools,35,7,0.75,46,23.86343657106962,100.0,35,0,0.05460180000000037,0.053138499999999755,0.012961699999999965,0.04017679999999979,0.04017679999999979,10,10,11,678.9913529378574,7,7;6;4;5;5;5;3,paper_multivehicle_v2
OR-Tools,35,7,0.75,47,20.271829615914367,100.0,35,0,0.6782542,0.6768870999999992,0.4368189,0.24006819999999918,0.24006819999999918,10,10,11,617.1835885286987,7,7;8;6;6;4;2;2,paper_multivehicle_v2
OR-Tools,35,7,0.75,48,18.695719434905374,100.0,35,0,0.33460860000000014,0.3332084999999996,0.29301220000000017,0.04019629999999941,0.04019629999999941,10,10,11,633.9142131038747,7,6;8;7;5;4;4;1,paper_multivehicle_v2
OR-Tools,35,7,0.75,49,21.932782223035215,100.0,35,0,0.330562,0.32954830000000124,0.2975994000000002,0.03194890000000106,0.03194890000000106,10,10,11,687.665521449398,7,8;6;5;4;5;5;2,paper_multivehicle_v2
OR-Tools,35,7,0.75,50,17.887651706665842,97.14285714285714,34,1,0.05086750000000029,0.049303399999999886,0.006750599999999718,0.04255280000000017,0.04255280000000017,10,10,11,592.2759796927113,7,6;6;6;6;5;3;2,paper_multivehicle_v2
OR-Tools,35,7,0.75,51,18.50720926563339,100.0,35,0,0.47321690000000016,0.47211800000000004,0.43820060000000005,0.033917399999999986,0.033917399999999986,10,10,11,615.2929542881598,7,6;5;5;6;5;5;3,paper_multivehicle_v2
OR-Tools,35,7,0.75,52,17.200251339486055,100.0,35,0,0.3355697000000002,0.33400689999999944,0.2951478999999999,0.03885899999999953,0.03885899999999953,10,10,11,566.1431512529839,7,6;5;6;5;5;5;3,paper_multivehicle_v2
OR-Tools,35,7,0.75,53,22.37396726426913,100.0,35,0,0.5933305999999998,0.5915230999999999,0.2933686,0.2981544999999999,0.2981544999999999,10,10,11,604.1286740868647,7,6;6;6;5;5;4;3,paper_multivehicle_v2
OR-Tools,35,7,0.75,54,15.729927233804748,100.0,35,0,1.0907675000000001,1.0888606000000012,0.8661769000000001,0.22268370000000104,0.22268370000000104,10,10,11,618.7770107180239,7,6;6;6;6;4;4;3,paper_multivehicle_v2
OR-Tools,35,7,0.75,55,22.48055555447668,100.0,35,0,0.18891819999999981,0.1876424999999995,0.15374070000000017,0.033901799999999316,0.033901799999999316,10,10,11,621.3967626523973,7,6;6;6;5;5;4;3,paper_multivehicle_v2
OR-Tools,35,7,0.75,56,24.33100853937422,100.0,35,0,0.056444700000000125,0.05503100000000005,0.008720700000000026,0.046310300000000026,0.046310300000000026,10,10,11,686.337353637471,7,6;6;6;5;5;4;3,paper_multivehicle_v2
OR-Tools,35,7,0.75,57,19.342409993065655,100.0,35,0,0.9449355000000002,0.9426073000000001,0.7238343999999999,0.21877290000000027,0.21877290000000027,10,10,11,659.2029986369455,7,7;6;6;5;4;3;4,paper_multivehicle_v2
OR-Tools,35,7,0.75,58,21.196346507405472,94.28571428571429,33,2,0.042308500000000304,0.04134410000000033,0.00795659999999998,0.03338750000000035,0.03338750000000035,10,10,11,679.0045529051425,7,6;6;6;5;4;4;2,paper_multivehicle_v2
OR-Tools,35,7,0.75,59,17.38212442551312,100.0,35,0,0.6403615,0.6384078000000004,0.5817088000000004,0.056699000000000055,0.056699000000000055,10,10,11,616.7303051770077,7,7;7;5;4;5;4;3,paper_multivehicle_v2
OR-Tools,35,7,0.75,60,15.99433248966514,97.14285714285714,34,1,0.041730400000000056,0.040717499999999074,0.004444200000000009,0.036273299999999065,0.036273299999999065,10,10,11,625.4025182556318,7,7;6;5;5;5;3;3,paper_multivehicle_v2
OR-Tools,35,7,0.75,61,17.52163395637691,100.0,35,0,0.48121899999999984,0.47949620000000026,0.4397221,0.039774100000000256,0.039774100000000256,10,10,11,642.5351735650206,7,7;6;7;4;5;4;2,paper_multivehicle_v2
OR-Tools,35,7,0.75,62,20.961641855546105,100.0,35,0,0.3575687000000003,0.35580679999999987,0.29913860000000003,0.056668199999999835,0.056668199999999835,10,10,11,661.6231962213599,7,6;6;6;5;5;4;3,paper_multivehicle_v2
OR-Tools,35,7,0.75,63,24.48555925260524,100.0,35,0,0.6911695999999998,0.6896075999999995,0.14887399999999973,0.5407335999999998,0.5407335999999998,10,10,11,659.9900316979056,7,6;6;5;5;5;4;4,paper_multivehicle_v2
OR-Tools,35,7,0.75,64,18.133246957504927,100.0,35,0,0.046905500000000266,0.04561400000000004,0.0031172999999999895,0.042496700000000054,0.042496700000000054,10,10,11,614.3629709700751,7,7;7;6;5;5;4;1,paper_multivehicle_v2
OR-Tools,35,7,0.75,65,16.4155838471809,97.14285714285714,34,1,1.2559536999999996,1.2544217000000004,1.0080966000000005,0.24632509999999996,0.24630550000000007,10,9,11,584.0141844010959,7,6;7;5;4;4;5;3,paper_multivehicle_v2
OR-Tools,35,7,0.75,66,21.270822326179626,100.0,35,0,0.04799560000000014,0.046487600000000295,0.006925700000000035,0.03956190000000026,0.03956190000000026,10,10,11,651.2615762288028,7,7;5;7;5;4;4;3,paper_multivehicle_v2
OR-Tools,35,7,0.75,67,18.522893963851725,100.0,35,0,0.6325909999999997,0.6308829000000009,0.5824517,0.048431200000000896,0.04841390000000079,10,9,11,617.1771662268393,7,6;5;6;5;5;3;5,paper_multivehicle_v2
OR-Tools,35,7,0.75,68,18.16135214318319,100.0,35,0,1.3968641000000002,1.3944939999999995,1.0106049000000001,0.3838890999999993,0.383870299999999,10,9,11,627.8710231726972,7,6;6;4;6;4;5;4,paper_multivehicle_v2
OR-Tools,35,7,0.75,69,21.827300671838433,100.0,35,0,0.48896879999999987,0.4870629000000002,0.4397382000000003,0.047324699999999886,0.047324699999999886,10,10,11,613.9104001746044,7,7;7;6;5;5;3;2,paper_multivehicle_v2
OR-Tools,35,7,0.75,70,15.635009431697142,97.14285714285714,34,1,0.0652355,0.06314949999999975,0.010706400000000116,0.05244309999999963,0.05244309999999963,10,10,11,564.7423130603355,7,6;7;6;5;4;4;2,paper_multivehicle_v2
OR-Tools,35,7,0.75,71,18.493061574343024,100.0,35,0,0.4871896000000002,0.48561549999999976,0.4433047000000001,0.04231079999999965,0.0422870999999998,10,9,11,634.706792863262,7,7;7;5;5;4;4;3,paper_multivehicle_v2
OR-Tools,35,7,0.75,72,19.135332062949146,100.0,35,0,0.6282389999999998,0.6267012999999988,0.5832592999999999,0.04344199999999887,0.043420599999999254,10,9,11,609.7174711148537,7,7;6;6;4;4;5;3,paper_multivehicle_v2
OR-Tools,35,7,0.75,73,17.32148812847174,100.0,35,0,0.21083030000000003,0.20903430000000034,0.1548917000000003,0.05414260000000004,0.05414260000000004,10,10,11,603.9664623197214,7,6;7;6;6;4;4;2,paper_multivehicle_v2
OR-Tools,35,7,0.75,74,20.847297362413816,97.14285714285714,34,1,0.20357769999999986,0.2018173000000001,0.15416919999999967,0.047648100000000415,0.0476293000000001,10,9,11,607.6872721716571,7,7;7;5;5;3;4;3,paper_multivehicle_v2
OR-Tools,35,7,0.75,75,19.747309785489843,100.0,35,0,0.6417117999999999,0.6397802000000006,0.5834900000000003,0.05629020000000029,0.05629020000000029,10,10,11,612.247292630626,7,6;8;5;4;5;4;3,paper_multivehicle_v2
OR-Tools,35,7,0.75,76,20.008866306634996,100.0,35,0,0.07100950000000017,0.06883250000000007,0.013513600000000014,0.05531890000000006,0.05531890000000006,10,10,11,602.0482085602415,7,8;6;5;6;4;4;2,paper_multivehicle_v2
OR-Tools,35,7,0.75,77,19.230215994058263,94.28571428571429,33,2,0.9073312999999996,0.9054552000000018,0.8656548000000002,0.03980040000000162,0.03980040000000162,10,10,11,602.4547718246919,7,5;6;5;5;5;4;3,paper_multivehicle_v2
OR-Tools,35,7,0.75,78,18.72829901514902,100.0,35,0,1.1514386999999995,1.1500303999999995,0.8658406999999997,0.28418969999999977,0.28418969999999977,10,10,11,629.8313606778798,7,6;6;5;5;5;5;3,paper_multivehicle_v2
OR-Tools,35,7,0.75,79,20.44058371065458,97.14285714285714,34,1,0.6383556000000006,0.6364403999999992,0.5816871999999997,0.0547531999999995,0.0547531999999995,10,10,11,606.3229023087492,7,6;6;5;5;5;4;3,paper_multivehicle_v2
OR-Tools,35,7,0.75,80,18.635287314549032,100.0,35,0,0.3483214000000001,0.3463462999999982,0.2984268000000001,0.047919499999998116,0.047919499999998116,10,10,11,689.6324382023331,7,6;6;6;5;6;3;3,paper_multivehicle_v2
OR-Tools,35,7,0.75,81,22.682443406545353,100.0,35,0,0.49380850000000054,0.4918163999999985,0.4411119999999995,0.050704399999998984,0.050704399999998984,10,10,11,649.1853898484746,7,6;7;7;5;5;3;2,paper_multivehicle_v2
OR-Tools,35,7,0.75,82,20.160062711476225,100.0,35,0,1.6029659000000005,1.6019965000000003,1.0091320999999995,0.5928644000000007,0.5928644000000007,10,10,11,621.1447131927561,7,6;5;4;6;5;6;3,paper_multivehicle_v2
OR-Tools,35,7,0.75,83,19.59679247494812,100.0,35,0,0.20347269999999984,0.20163889999999896,0.1546922000000004,0.046946699999998565,0.046946699999998565,10,10,11,659.9122360342847,7,7;5;6;6;4;4;3,paper_multivehicle_v2
OR-Tools,35,7,0.75,84,20.85319035481078,100.0,35,0,0.06942350000000008,0.0677190000000012,0.01601160000000057,0.051707400000000625,0.051685400000000215,10,9,11,612.8618138313466,7,7;6;6;5;5;4;2,paper_multivehicle_v2
OR-Tools,35,7,0.75,85,22.76102732908791,97.14285714285714,34,1,0.06610609999999983,0.06427490000000002,0.011085099999999848,0.053189800000000176,0.053189800000000176,10,10,11,661.3589203449951,7,7;7;5;5;4;3;3,paper_multivehicle_v2
OR-Tools,35,7,0.75,86,21.039272630807805,100.0,35,0,1.6468884999999993,1.6454084999999985,1.0105436,0.6348648999999984,0.634848299999998,10,9,11,605.4800550854985,7,4;6;6;5;5;4;5,paper_multivehicle_v2
OR-Tools,35,7,0.75,87,19.94527301046138,100.0,35,0,0.48842560000000024,0.48684420000000017,0.43922300000000014,0.04762120000000003,0.04762120000000003,10,10,11,612.3577287316317,7,6;6;6;6;4;4;3,paper_multivehicle_v2
OR-Tools,35,7,0.75,88,18.08826407863012,100.0,35,0,0.06751099999999965,0.06515890000000013,0.010908499999999322,0.05425040000000081,0.05425040000000081,10,10,11,611.0051594841113,7,7;6;6;6;5;3;2,paper_multivehicle_v2
OR-Tools,35,7,0.75,89,19.143143438924046,100.0,35,0,0.06199409999999972,0.060185199999999384,0.007500000000000284,0.0526851999999991,0.0526851999999991,10,10,11,652.500667171099,7,7;6;5;5;6;4;2,paper_multivehicle_v2
OR-Tools,35,7,0.75,90,19.143254373610695,100.0,35,0,0.05665470000000017,0.05499459999999967,0.009399200000000718,0.04559539999999895,0.04559539999999895,10,10,11,622.6332799139635,7,5;7;6;6;4;4;3,paper_multivehicle_v2
OR-Tools,35,7,0.75,91,24.69151927355273,100.0,35,0,0.4817362000000003,0.480153099999999,0.4387843,0.041368799999998984,0.041368799999998984,10,10,11,646.0978105794463,7,8;8;5;4;4;4;2,paper_multivehicle_v2
OR-Tools,35,7,0.75,92,18.63406956330296,100.0,35,0,0.30968899999999966,0.307920199999999,0.00961880000000015,0.29830139999999883,0.29830139999999883,10,10,11,640.2009938588363,7,8;6;5;6;5;3;2,paper_multivehicle_v2
OR-Tools,35,7,0.75,93,18.891446499504998,94.28571428571429,33,2,0.7113939999999994,0.7095051999999988,0.1576234000000003,0.5518817999999985,0.5518817999999985,10,10,11,586.9836148464581,7,6;5;5;5;5;4;3,paper_multivehicle_v2
OR-Tools,35,7,0.75,94,17.44891521912082,100.0,35,0,0.4869609000000006,0.48515400000000053,0.43996670000000027,0.04518730000000026,0.04516420000000032,10,9,11,609.7200182317245,7,6;7;6;6;4;4;2,paper_multivehicle_v2
OR-Tools,35,7,0.75,95,17.550685942013086,100.0,35,0,1.2977271999999997,1.2966556999999996,0.8658010999999997,0.4308546,0.4308546,10,10,11,571.9962191874331,7,7;6;5;5;6;3;3,paper_multivehicle_v2
OR-Tools,35,7,0.75,96,19.077000184170505,100.0,35,0,0.4755938999999998,0.47388100000000133,0.43743219999999994,0.03644880000000139,0.03644880000000139,10,10,11,591.0703499709356,7,6;5;7;4;5;5;3,paper_multivehicle_v2
OR-Tools,35,7,0.75,97,22.15121140705632,100.0,35,0,0.06583570000000005,0.06398819999999983,0.012576999999999394,0.051411200000000434,0.051411200000000434,10,10,11,631.8636382127347,7,6;8;6;4;4;3;4,paper_multivehicle_v2
OR-Tools,35,7,0.75,98,20.013319174281033,100.0,35,0,0.6156066000000004,0.6144059000000004,0.5803966000000003,0.03400930000000013,0.03400930000000013,10,10,11,675.2501043085505,7,6;6;5;5;7;4;2,paper_multivehicle_v2
OR-Tools,35,7,0.75,99,23.202186758677595,100.0,35,0,0.6159280000000003,0.6147971000000023,0.5805220000000002,0.03427510000000211,0.03427510000000211,10,10,11,721.9643818842868,7,6;5;6;6;5;4;3,paper_multivehicle_v2
OR-Tools,35,7,0.75,100,20.74783070339802,100.0,35,0,0.8153335000000004,0.8141027000000012,0.5814136000000003,0.23268910000000087,0.23268910000000087,10,10,11,656.1158051277206,7,6;6;7;5;4;4;3,paper_multivehicle_v2
OR-Tools,50,10,0.1,1,21.881321638370768,100.0,50,0,2.8980963000000006,2.8961909000000006,1.0392107,1.8569802000000006,1.8569243999999996,10,7,11,626.3001470327813,10,6;7;6;5;5;4;4;4;4;5,paper_multivehicle_v2
OR-Tools,50,10,0.1,2,23.609092378889407,100.0,50,0,3.3187002000000003,3.3167949999999995,1.0459091,2.2708858999999997,2.2708266999999998,10,6,11,590.7519751516875,10,7;5;5;4;6;5;5;4;4;5,paper_multivehicle_v2
OR-Tools,50,10,0.1,3,21.221951053078833,100.0,50,0,2.7525701000000002,2.7505588000000007,1.0462054,1.7043534000000005,1.7042937999999994,10,6,11,565.5862138431185,10,5;5;6;5;5;4;5;5;4;6,paper_multivehicle_v2
OR-Tools,50,10,0.1,4,21.533851095411485,100.0,50,0,3.0131723,3.010987800000002,1.0492650000000001,1.9617228000000018,1.9615043,10,7,11,581.6716026189124,10,7;6;4;5;5;4;4;5;5;5,paper_multivehicle_v2
OR-Tools,50,10,0.1,5,19.926449255737545,100.0,50,0,2.7201928,2.7185254999999984,1.0380565000000002,1.6804689999999982,1.6804228999999995,10,7,11,567.7604949147649,10,5;6;5;6;5;5;5;5;4;4,paper_multivehicle_v2
OR-Tools,50,10,0.1,6,20.910256976526124,100.0,50,0,2.9032431,2.9014838000000007,1.0552782,1.8462056000000007,1.846135700000001,10,6,11,596.5526770835828,10,7;6;4;4;4;6;3;5;5;6,paper_multivehicle_v2
OR-Tools,50,10,0.1,7,17.208555525672516,100.0,50,0,2.7024722000000003,2.7000208000000003,1.0393262,1.6606946000000002,1.6605721000000004,10,6,11,623.092909756155,10,6;7;5;5;5;5;5;4;4;4,paper_multivehicle_v2
OR-Tools,50,10,0.1,8,18.498461693358642,100.0,50,0,3.255692,3.2538614999999993,1.0638110000000003,2.190050499999999,2.1899461000000002,10,4,11,573.4719209174606,10,6;6;5;5;5;4;5;5;5;4,paper_multivehicle_v2
OR-Tools,50,10,0.1,9,21.071556163717396,100.0,50,0,3.376354,3.3746301999999986,1.0699679999999998,2.3046621999999988,2.3045749,10,5,11,583.0776406404415,10,6;5;4;7;5;5;4;5;5;4,paper_multivehicle_v2
OR-Tools,50,10,0.1,10,17.82478021902983,100.0,50,0,2.7124779000000006,2.7106093999999996,1.0425003,1.6681090999999997,1.6680207999999999,10,4,11,552.8010988928052,10,5;5;6;5;5;4;5;4;6;5,paper_multivehicle_v2
OR-Tools,50,10,0.1,11,16.66904883051432,100.0,50,0,2.7986351000000003,2.7964193000000006,1.038985,1.7574343000000008,1.7573559000000003,10,5,11,662.853846667269,10,5;5;5;6;4;4;5;6;4;6,paper_multivehicle_v2
OR-Tools,50,10,0.1,12,20.312469362462004,100.0,50,0,2.8063695000000006,2.804601999999998,1.0998284,1.704773599999998,1.7047224999999995,10,7,11,577.9438614717635,10,6;7;6;5;4;4;5;4;4;5,paper_multivehicle_v2
OR-Tools,50,10,0.1,13,17.006138501127747,100.0,50,0,3.0400214000000005,3.0381172000000003,1.0366879999999998,2.0014292000000005,2.001351400000001,10,5,11,554.060785845142,10,6;6;6;5;5;5;4;4;5;4,paper_multivehicle_v2
OR-Tools,50,10,0.1,14,23.94560948752808,100.0,50,0,3.2544177000000003,3.252789,1.0301733000000004,2.2226156999999995,2.2225878000000003,10,8,11,592.538882169675,10,7;6;6;5;3;4;4;5;5;5,paper_multivehicle_v2
OR-Tools,50,10,0.1,15,17.98485742038914,100.0,50,0,3.0382555,3.036726299999999,1.0317150000000002,2.0050112999999987,2.0049310999999994,10,5,11,555.1664818918646,10,6;4;5;5;5;5;5;5;5;5,paper_multivehicle_v2
OR-Tools,50,10,0.1,16,22.048883638215955,100.0,50,0,3.5663747,3.564392299999999,1.0369887999999996,2.5274034999999992,2.5273097999999994,10,5,11,594.2365965879586,10,5;6;5;4;5;5;5;6;5;4,paper_multivehicle_v2
OR-Tools,50,10,0.1,17,17.932219191471923,100.0,50,0,2.9476502999999994,2.9458951000000013,1.0348241000000007,1.9110710000000006,1.9109701000000001,10,4,11,555.4320886625844,10,7;5;5;4;4;5;6;5;4;5,paper_multivehicle_v2
OR-Tools,50,10,0.1,18,20.912130718566118,100.0,50,0,2.9941296,2.9923696999999994,1.0317008999999997,1.9606687999999997,1.9605901000000001,10,5,11,627.9661135415195,10,6;5;6;5;5;4;4;4;5;6,paper_multivehicle_v2
OR-Tools,50,10,0.1,19,17.04705476719905,100.0,50,0,3.2160009,3.2143556999999996,1.0313909999999993,2.1829647000000003,2.1828797,10,4,11,569.0,10,6;5;4;5;6;5;3;5;6;5,paper_multivehicle_v2
OR-Tools,50,10,0.1,20,19.4995825049471,100.0,50,0,2.6041413999999996,2.6022799999999986,1.0355992999999994,1.5666806999999991,1.566609999999999,10,6,11,604.6392152136447,10,5;5;5;6;4;6;6;5;3;5,paper_multivehicle_v2
OR-Tools,50,10,0.1,21,20.789327611358683,100.0,50,0,4.0065961,4.005069900000002,1.0320122999999999,2.9730576000000024,2.9729752000000005,10,4,11,583.9663407069808,10,5;4;5;4;6;6;5;5;6;4,paper_multivehicle_v2
OR-Tools,50,10,0.1,22,23.050636304985623,100.0,50,0,3.402569100000001,3.4009968000000015,1.0307465999999996,2.370250200000002,2.3701794000000005,10,6,11,564.3860177991592,10,5;6;4;5;5;4;4;6;6;5,paper_multivehicle_v2
OR-Tools,50,10,0.1,23,22.729941674975475,100.0,50,0,3.1299944999999996,3.1283472000000003,1.0304079999999995,2.097939200000001,2.0979097000000007,10,8,11,678.0267442163705,10,7;4;4;6;5;4;6;4;5;5,paper_multivehicle_v2
OR-Tools,50,10,0.1,24,20.75991179170287,100.0,50,0,3.3318645999999994,3.3300701000000013,1.0377096000000003,2.292360500000001,2.292268299999998,10,5,11,634.1027933122972,10,6;6;5;5;4;4;6;5;4;5,paper_multivehicle_v2
OR-Tools,50,10,0.1,25,23.15810806672352,100.0,50,0,3.516869099999999,3.515165599999998,1.0356233999999995,2.4795421999999983,2.4794732999999978,10,6,11,555.1368642304608,10,6;6;6;5;5;4;5;4;4;5,paper_multivehicle_v2
OR-Tools,50,10,0.1,26,19.921487888123238,100.0,50,0,3.005634699999999,3.003838000000002,1.031053,1.9727850000000018,1.972696299999999,10,5,11,587.2007462660591,10,6;6;5;5;5;4;4;6;4;5,paper_multivehicle_v2
OR-Tools,50,10,0.1,27,19.13232042683124,100.0,50,0,2.5136374000000004,2.5119798999999965,1.0312210999999998,1.4807587999999967,1.4806981999999973,10,7,11,559.9857225723321,10,7;5;5;4;5;5;6;5;5;3,paper_multivehicle_v2
OR-Tools,50,10,0.1,28,21.08645096533007,100.0,50,0,3.2320938999999997,3.230201400000001,1.0367865000000007,2.1934149000000005,2.1933338000000013,10,5,11,573.5360892917809,10,6;5;6;4;5;6;4;4;6;4,paper_multivehicle_v2
OR-Tools,50,10,0.1,29,23.083085845473004,100.0,50,0,2.6777223,2.675984100000001,1.0345844,1.641399700000001,1.641343400000002,10,7,11,566.6083136886984,10,6;6;4;5;6;7;4;4;4;4,paper_multivehicle_v2
OR-Tools,50,10,0.1,30,24.197584352495458,100.0,50,0,3.6354423000000002,3.633695100000005,1.0380565000000006,2.5956386000000045,2.5955571000000024,10,5,11,686.4010269240006,10,6;6;6;4;5;5;5;4;4;5,paper_multivehicle_v2
OR-Tools,50,10,0.1,31,15.813587110660226,100.0,50,0,2.7882331999999996,2.7866893999999984,1.0324538000000008,1.7542355999999977,1.754151799999999,10,5,11,537.0087712549569,10,7;5;4;5;5;5;6;5;4;4,paper_multivehicle_v2
OR-Tools,50,10,0.1,32,17.377122511531574,100.0,50,0,2.7073995999999996,2.7056109999999993,1.0401793000000001,1.6654316999999992,1.6653354,10,4,11,553.2461603089199,10,5;5;6;6;5;4;5;5;4;5,paper_multivehicle_v2
OR-Tools,50,10,0.1,33,21.113411683307625,100.0,50,0,3.1046321999999993,3.1029694000000037,1.0289498999999998,2.074019500000004,2.073955200000002,10,6,11,661.4098184147854,10,7;5;5;5;6;4;4;5;4;5,paper_multivehicle_v2
OR-Tools,50,10,0.1,34,24.226213835380218,100.0,50,0,3.026707,3.0228408000000027,1.0265389000000003,1.9963019000000024,1.9962625000000003,10,8,11,645.4784240328814,10,7;5;7;6;6;4;4;5;3;3,paper_multivehicle_v2
OR-Tools,50,10,0.1,35,19.395470071039053,100.0,50,0,3.0497987,3.047541800000001,1.0345922000000005,2.0129496000000007,2.0128532999999997,10,5,11,612.2937903374492,10,6;5;6;4;5;6;3;5;4;6,paper_multivehicle_v2
OR-Tools,50,10,0.1,36,21.368260823431328,100.0,50,0,2.6892250000000004,2.687594899999999,1.0282561999999995,1.6593386999999993,1.6592784999999992,10,7,11,613.9975423725779,10,5;7;7;5;5;4;4;4;5;4,paper_multivehicle_v2
OR-Tools,50,10,0.1,37,20.997060352280265,100.0,50,0,2.7878615,2.786254000000003,1.0276272000000013,1.7586268000000018,1.7585723000000009,10,7,11,576.8813707582628,10,7;5;6;6;5;4;5;4;4;4,paper_multivehicle_v2
OR-Tools,50,10,0.1,38,21.824097629534148,100.0,50,0,3.1264898,3.1246577999999996,1.0328058999999996,2.0918519,2.0918095999999995,10,8,11,685.431209146095,10,5;7;6;5;5;5;5;4;5;3,paper_multivehicle_v2
OR-Tools,50,10,0.1,39,21.122983365060684,100.0,50,0,3.2951341999999997,3.293515199999998,1.033401099999999,2.260114099999999,2.2600437000000007,10,5,11,590.3902169578446,10,5;5;4;5;5;6;7;4;4;5,paper_multivehicle_v2
OR-Tools,50,10,0.1,40,25.234841726211464,100.0,50,0,3.2985857999999997,3.2970244999999956,1.0312792999999996,2.265745199999996,2.265668799999995,10,6,11,645.0187862052541,10,8;6;4;4;4;6;4;5;5;4,paper_multivehicle_v2
OR-Tools,50,10,0.1,41,20.059503615708557,100.0,50,0,2.6989354999999993,2.6969375000000007,1.0336820000000007,1.6632555,1.6631727000000005,10,6,11,559.6492310069596,10,7;6;5;4;4;5;5;5;4;5,paper_multivehicle_v2
OR-Tools,50,10,0.1,42,21.258814838130757,100.0,50,0,3.3778819,3.3759804999999954,1.0340815999999986,2.341898899999997,2.3418633999999976,10,8,11,598.8463864359619,10,7;5;6;5;4;5;4;4;5;5,paper_multivehicle_v2
OR-Tools,50,10,0.1,43,21.682201098662176,100.0,50,0,2.6959934000000008,2.694362400000001,1.031315300000001,1.6630471,1.6629521,10,5,11,571.706052144883,10,7;5;5;5;5;6;4;4;5;4,paper_multivehicle_v2
OR-Tools,50,10,0.1,44,23.751110915753287,100.0,50,0,3.2132404999999995,3.2113084000000036,1.0323834000000005,2.178925000000003,2.1788383000000042,10,4,11,594.021927715681,10,5;5;5;4;5;5;5;5;5;6,paper_multivehicle_v2
OR-Tools,50,10,0.1,45,16.04100318422653,100.0,50,0,3.183358,3.1817206999999996,1.033714999999999,2.1480057000000006,2.1479063000000007,10,4,11,550.2353187506114,10,6;6;5;3;4;4;6;5;5;6,paper_multivehicle_v2
OR-Tools,50,10,0.1,46,23.896299513969495,100.0,50,0,3.2965663999999997,3.2949544999999993,1.029188399999999,2.2657661000000004,2.2656852999999995,10,6,11,595.6633044660233,10,5;5;6;6;5;5;6;4;4;4,paper_multivehicle_v2
OR-Tools,50,10,0.1,47,21.262278277402213,100.0,50,0,3.0226345000000006,3.020774699999997,1.030387900000001,1.990386799999996,1.990301299999997,10,6,11,584.2017274328981,10,5;5;6;5;5;5;5;4;5;5,paper_multivehicle_v2
OR-Tools,50,10,0.1,48,22.81507739437957,100.0,50,0,3.6222577000000005,3.620579600000001,1.0360311000000006,2.5845485000000004,2.5844869,10,6,11,587.5639344761988,10,5;5;6;4;5;5;5;5;5;5,paper_multivehicle_v2
OR-Tools,50,10,0.1,49,19.156598866139824,100.0,50,0,2.948829,2.947329,1.0619353999999994,1.8853936000000004,1.8852990999999992,10,4,11,543.953107821278,10,5;5;6;4;5;4;5;6;5;5,paper_multivehicle_v2
OR-Tools,50,10,0.1,50,23.91172718209523,100.0,50,0,3.3087977000000013,3.3075054999999978,1.041171199999999,2.2663342999999987,2.266294799999999,10,6,11,566.1220064791804,10,6;6;4;5;6;5;4;5;4;5,paper_multivehicle_v2
OR-Tools,50,10,0.1,51,22.746282624612473,100.0,50,0,2.9094762999999997,2.9077776999999987,1.0330885999999992,1.8746890999999994,1.874607899999999,10,6,11,703.4521411280439,10,6;6;5;4;5;6;5;5;4;4,paper_multivehicle_v2
OR-Tools,50,10,0.1,52,23.652808956542316,100.0,50,0,2.9089509999999983,2.907163399999998,1.0399152000000011,1.867248199999997,1.8672145999999987,10,8,11,600.8617308698696,10,5;6;6;6;4;5;5;4;4;5,paper_multivehicle_v2
OR-Tools,50,10,0.1,53,19.248776176777657,100.0,50,0,3.238635600000002,3.2372019000000023,1.0372746,2.1999273000000024,2.1998532999999973,10,5,11,565.0411665018772,10,5;6;5;6;4;4;5;5;5;5,paper_multivehicle_v2
OR-Tools,50,10,0.1,54,19.742558938859496,100.0,50,0,2.5366067,2.5348668999999937,1.059268900000001,1.4755979999999926,1.4755606999999973,10,8,11,610.9384113722973,10,7;6;6;4;4;6;5;5;4;3,paper_multivehicle_v2
OR-Tools,50,10,0.1,55,18.329612449394556,100.0,50,0,2.288343300000001,2.2864856000000007,1.0345236999999994,1.2519619000000013,1.251941500000001,10,9,11,599.175838597097,10,7;6;6;5;4;4;4;5;5;4,paper_multivehicle_v2
OR-Tools,50,10,0.1,56,17.68386952825218,100.0,50,0,2.785190000000002,2.784165200000002,1.0372599000000005,1.7469053000000017,1.7468511999999983,10,3,11,567.3212459828649,10,6;4;6;5;4;4;6;5;5;5,paper_multivehicle_v2
OR-Tools,50,10,0.1,57,16.97491928532298,100.0,50,0,2.7873348,2.786032800000001,1.0378895000000004,1.7481433000000006,1.7480758999999981,10,4,11,606.7289465863495,10,5;5;4;4;5;5;5;5;6;6,paper_multivehicle_v2
OR-Tools,50,10,0.1,58,19.181662962291092,100.0,50,0,2.6922275000000013,2.6906526000000017,1.0362414999999991,1.6544111000000026,1.6543442000000024,10,6,11,552.3671196055225,10,5;5;5;6;5;5;5;5;5;4,paper_multivehicle_v2
OR-Tools,50,10,0.1,59,21.25789176131009,100.0,50,0,3.309635,3.308195499999991,1.028179399999999,2.280016099999992,2.279973199999999,10,6,11,646.5496346611927,10,6;6;6;4;6;4;5;4;5;4,paper_multivehicle_v2
OR-Tools,50,10,0.1,60,20.864703500412812,100.0,50,0,2.7472678000000013,2.7457741,1.0275426000000003,1.7182315,1.7181595999999981,10,5,11,657.3120528199158,10,6;6;6;5;4;5;4;4;6;4,paper_multivehicle_v2
OR-Tools,50,10,0.1,61,14.67524830872977,100.0,50,0,3.174844199999999,3.173483900000001,1.0327041000000001,2.1407798000000007,2.1406953999999985,10,3,11,549.4046107978426,10,6;5;5;4;4;4;7;5;5;5,paper_multivehicle_v2
OR-Tools,50,10,0.1,62,18.402582165690703,100.0,50,0,2.9108133999999986,2.9090460999999923,1.0246580999999981,1.8843879999999942,1.884329099999995,10,7,11,551.5891053163817,10,7;5;6;6;4;5;4;5;3;5,paper_multivehicle_v2
OR-Tools,50,10,0.1,63,21.33933792442904,100.0,50,0,2.850616300000002,2.8490016999999987,1.0283636999999999,1.8206379999999989,1.8205683000000015,10,6,11,623.2685215374953,10,6;5;5;5;4;5;4;6;6;4,paper_multivehicle_v2
OR-Tools,50,10,0.1,64,23.794865606593252,100.0,50,0,3.1425717000000013,3.140833399999998,1.0296768999999983,2.1111565,2.1110849000000016,10,6,11,587.9351657246145,10,5;6;6;5;6;4;5;5;4;4,paper_multivehicle_v2
OR-Tools,50,10,0.1,65,19.621512922401585,100.0,50,0,3.3867198000000016,3.385029699999997,1.0276899999999998,2.357339699999997,2.357277200000002,10,6,11,577.200823041783,10,7;5;4;5;4;6;5;5;4;5,paper_multivehicle_v2
OR-Tools,50,10,0.1,66,20.954447780780704,100.0,50,0,3.1658001999999996,3.1645141000000017,1.0222757999999992,2.1422383000000025,2.142169599999999,10,4,11,540.8029604542411,10,5;5;6;4;6;5;4;6;5;4,paper_multivehicle_v2
OR-Tools,50,10,0.1,67,19.181799158215433,100.0,50,0,2.9310437,2.9291863000000014,1.0317235999999994,1.897462700000002,1.8974091000000008,10,7,11,590.8010616957222,10,6;6;5;5;6;3;5;4;6;4,paper_multivehicle_v2
OR-Tools,50,10,0.1,68,18.41379732817624,100.0,50,0,3.297992299999997,3.2964397000000076,1.0298103000000012,2.2666294000000065,2.2665669000000044,10,6,11,560.0062497558785,10,6;6;5;4;5;5;5;5;5;4,paper_multivehicle_v2
OR-Tools,50,10,0.1,69,23.475201752105487,100.0,50,0,3.3562733000000016,3.3543053,1.0225563000000015,2.3317489999999985,2.3316810000000032,10,6,11,579.4032192637643,10,6;7;5;4;4;4;6;5;5;4,paper_multivehicle_v2
OR-Tools,50,10,0.1,70,20.371136368753003,100.0,50,0,2.601909299999999,2.6001562999999983,1.0320284999999991,1.5681277999999992,1.568048700000002,10,6,11,622.2390903653167,10,7;6;6;4;4;6;5;4;4;4,paper_multivehicle_v2
OR-Tools,50,10,0.1,71,20.312921955478494,100.0,50,0,3.2262188999999992,3.224550400000002,1.0258865000000021,2.1986638999999997,2.1985963999999996,10,6,11,585.3802638068438,10,6;6;5;4;5;4;5;5;5;5,paper_multivehicle_v2
OR-Tools,50,10,0.1,72,21.250296172350794,100.0,50,0,3.206913,3.2054043000000014,1.0308574999999998,2.1745468000000017,2.1744586000000012,10,4,11,602.3805540108394,10,6;5;4;6;5;6;5;4;4;5,paper_multivehicle_v2
OR-Tools,50,10,0.1,73,20.505446764956165,100.0,50,0,3.555939900000002,3.5544027999999983,1.0354434999999995,2.518959299999999,2.518881799999999,10,5,11,605.7274170996296,10,6;5;5;5;5;5;5;5;5;4,paper_multivehicle_v2
OR-Tools,50,10,0.1,74,18.042510743926954,100.0,50,0,3.0281906999999997,3.026633999999998,1.0671040000000005,1.9595299999999973,1.9594624999999972,10,5,11,559.0253124005214,10,7;4;4;5;5;5;6;5;4;5,paper_multivehicle_v2
OR-Tools,50,10,0.1,75,21.936603788358962,100.0,50,0,2.4019064000000014,2.4002552,1.042030399999998,1.3582248000000021,1.3581792000000021,10,8,11,579.7363201593533,10,5;6;5;7;6;4;5;3;4;5,paper_multivehicle_v2
OR-Tools,50,10,0.1,76,22.03419743710708,100.0,50,0,3.3152048,3.3130695000000046,1.0380363000000017,2.275033200000003,2.274978300000001,10,7,11,582.6157882589224,10,6;6;4;5;5;5;4;6;5;4,paper_multivehicle_v2
OR-Tools,50,10,0.1,77,24.032811929418234,100.0,50,0,3.7172804999999975,3.715251300000009,1.0370291000000016,2.6782222000000075,2.6781657000000045,10,7,11,675.2599207004587,10,7;5;5;5;5;5;5;5;4;4,paper_multivehicle_v2
OR-Tools,50,10,0.1,78,20.197520626588748,100.0,50,0,2.803875599999998,2.8022512000000006,1.0292832999999995,1.7729679000000012,1.772909600000002,10,7,11,556.5506368360186,10,7;6;6;6;5;5;3;4;4;4,paper_multivehicle_v2
OR-Tools,50,10,0.1,79,21.750946605404017,100.0,50,0,3.493565399999998,3.492053399999996,1.0313072000000005,2.4607461999999956,2.460685099999999,10,5,11,605.8908122958456,10,5;5;6;4;5;4;6;5;4;6,paper_multivehicle_v2
OR-Tools,50,10,0.1,80,22.254539507465488,100.0,50,0,3.2403896000000003,3.238424399999996,1.0320321999999997,2.2063921999999963,2.206350299999997,10,8,11,614.1707848478401,10,6;5;5;5;4;4;6;5;5;5,paper_multivehicle_v2
OR-Tools,50,10,0.1,81,18.8825623465377,100.0,50,0,3.1573262,3.1558026000000012,1.0289462999999976,2.1268563000000036,2.126801400000005,10,6,11,557.9294552784761,10,5;4;5;6;4;4;7;5;5;5,paper_multivehicle_v2
OR-Tools,50,10,0.1,82,17.022491908642188,100.0,50,0,2.5829877000000003,2.5814731000000073,1.0284904000000026,1.5529827000000047,1.5529367,10,7,11,641.6307162224209,10,8;6;5;4;5;4;5;5;4;4,paper_multivehicle_v2
OR-Tools,50,10,0.1,83,22.981931899300175,100.0,50,0,3.2274825000000007,3.2252958000000014,1.0293209999999995,2.195974800000002,2.1959178000000037,10,7,11,598.5709140680061,10,6;6;5;5;5;4;5;5;5;4,paper_multivehicle_v2
OR-Tools,50,10,0.1,84,23.758665652558204,100.0,50,0,3.197493999999999,3.1959296999999935,1.0293420999999974,2.166587599999996,2.1665468999999966,10,7,11,635.4359919538823,10,6;5;5;6;5;4;4;6;5;4,paper_multivehicle_v2
OR-Tools,50,10,0.1,85,24.160888320407317,100.0,50,0,3.109323100000001,3.1077331000000044,1.0278928999999977,2.0798402000000067,2.0798065000000037,10,8,11,643.6556022768589,10,6;6;6;5;4;5;4;6;4;4,paper_multivehicle_v2
OR-Tools,50,10,0.1,86,22.828818195760874,100.0,50,0,3.3912508999999993,3.389753000000006,1.0283708000000011,2.361382200000005,2.3613070999999977,10,5,11,612.3629938116133,10,6;5;5;4;5;6;5;4;6;4,paper_multivehicle_v2
OR-Tools,50,10,0.1,87,22.758935025424055,100.0,50,0,3.553331,3.5516219000000007,1.0296018999999994,2.5220200000000013,2.5219434000000014,10,6,11,572.097774131626,10,5;6;5;6;6;4;5;5;4;4,paper_multivehicle_v2
OR-Tools,50,10,0.1,88,23.477759578537036,100.0,50,0,3.1131177,3.1113456999999975,1.0311361999999988,2.0802094999999987,2.080168299999997,10,8,11,590.3856874780422,10,6;6;6;6;4;5;4;5;4;4,paper_multivehicle_v2
OR-Tools,50,10,0.1,89,20.576189057543537,100.0,50,0,2.6452676000000004,2.6435405999999944,1.035287499999999,1.6082530999999953,1.6082182999999972,10,8,11,553.1149110848444,10,5;5;5;5;7;6;4;4;4;5,paper_multivehicle_v2
OR-Tools,50,10,0.1,90,18.174320400848295,100.0,50,0,2.6409895,2.6391468999999965,1.0306832999999997,1.6084635999999968,1.6082043999999946,10,7,11,605.7552017065938,10,7;5;5;6;4;4;4;5;4;6,paper_multivehicle_v2
OR-Tools,50,10,0.1,91,15.364983008334528,100.0,50,0,3.0819496000000015,3.080352699999999,1.0368467999999993,2.0435058999999995,2.0434343000000013,10,5,11,538.4123274660409,10,5;6;5;5;6;4;5;5;4;5,paper_multivehicle_v2
OR-Tools,50,10,0.1,92,20.4218179083568,100.0,50,0,3.3953792000000007,3.3939972999999917,1.0314483999999986,2.362548899999993,2.362508099999996,10,6,11,591.3642671596235,10,6;5;5;6;5;4;4;4;6;5,paper_multivehicle_v2
OR-Tools,50,10,0.1,93,19.210085514756205,100.0,50,0,3.3015896999999974,3.299818499999997,1.0349936,2.264824899999997,2.2647201999999993,10,4,11,581.237344888139,10,6;6;5;5;5;4;4;5;5;5,paper_multivehicle_v2
OR-Tools,50,10,0.1,94,17.85831797913147,100.0,50,0,2.881100199999999,2.8797990999999996,1.0316969,1.8481021999999996,1.848036399999998,10,4,11,563.868945385047,10,5;5;5;4;4;6;4;6;5;6,paper_multivehicle_v2
OR-Tools,50,10,0.1,95,21.480290477253988,100.0,50,0,3.3782216999999974,3.3765207000000004,1.037473000000002,2.3390476999999983,2.3390057000000013,10,7,11,587.6174325405967,10,7;6;6;4;4;5;5;3;5;5,paper_multivehicle_v2
OR-Tools,50,10,0.1,96,19.894270055372974,100.0,50,0,3.2499485999999997,3.2486214000000047,1.0380823000000028,2.210539100000002,2.210506500000001,10,6,11,568.5268320906154,10,7;6;5;5;3;5;5;4;5;5,paper_multivehicle_v2
OR-Tools,50,10,0.1,97,19.982029968204646,100.0,50,0,3.026775800000003,3.025226,1.0427621999999985,1.9824638000000014,1.9824003999999995,10,6,11,614.5167710752163,10,6;6;6;4;4;6;3;5;4;6,paper_multivehicle_v2
OR-Tools,50,10,0.1,98,20.985510992724706,100.0,50,0,3.2862125000000013,3.2847237999999948,1.0329973000000017,2.251726499999993,2.2516868999999957,10,7,11,561.8596359630312,10,6;5;4;4;5;6;4;6;5;5,paper_multivehicle_v2
OR-Tools,50,10,0.1,99,19.01722115403932,100.0,50,0,3.0061491999999994,3.0049522000000017,1.0326875000000015,1.9722647000000002,1.9722338000000015,10,5,11,585.3612832116238,10,6;4;5;6;4;4;6;5;5;5,paper_multivehicle_v2
OR-Tools,50,10,0.1,100,17.843834205303175,100.0,50,0,2.571564900000002,2.570349,1.025309,1.5450400000000002,1.5450187,10,7,11,589.4890109190085,10,5;7;7;4;5;5;4;5;3;5,paper_multivehicle_v2
OR-Tools,50,10,0.25,1,25.139087380193477,100.0,50,0,2.8159807,2.8139219000000004,1.0362089,1.7777130000000003,1.7776639000000003,10,8,11,663.6116573452977,10,6;5;5;7;5;5;5;4;4;4,paper_multivehicle_v2
OR-Tools,50,10,0.25,2,26.202438373509,100.0,50,0,2.4008217000000003,2.3988070999999995,1.0302090999999998,1.368598,1.3685484000000003,10,8,11,682.2415454169551,10,6;6;5;6;4;5;5;5;4;4,paper_multivehicle_v2
OR-Tools,50,10,0.25,3,19.880333304611067,100.0,50,0,2.8231852,2.8213429999999997,1.0360753000000003,1.7852676999999995,1.7852266999999995,10,8,11,600.0827484871616,10,7;7;6;5;4;5;4;4;4;4,paper_multivehicle_v2
OR-Tools,50,10,0.25,4,19.893034038291084,100.0,50,0,2.5142387999999998,2.5123373,1.038845,1.4734923000000002,1.4734313000000006,10,7,11,576.5194280961092,10,5;8;5;6;5;5;4;5;4;3,paper_multivehicle_v2
OR-Tools,50,10,0.25,5,25.470612800581222,100.0,50,0,2.4016969999999995,2.3997416,1.0330392999999998,1.3667023,1.3666788000000003,10,9,11,640.8256987061131,10,7;6;6;6;5;4;6;3;4;3,paper_multivehicle_v2
OR-Tools,50,10,0.25,6,24.520913095951794,100.0,50,0,2.5641283,2.5621021999999996,1.0344346,1.5276675999999996,1.5276675999999996,10,10,11,619.6418562936893,10,6;6;6;5;5;5;5;4;4;4,paper_multivehicle_v2
OR-Tools,50,10,0.25,7,21.307179346685054,100.0,50,0,2.4948585999999997,2.4929013000000007,1.0317309,1.4611704000000008,1.4611020000000003,10,7,11,568.5437744847146,10,7;6;6;5;5;4;4;5;4;4,paper_multivehicle_v2
OR-Tools,50,10,0.25,8,22.495911453893477,100.0,50,0,2.0318997000000003,2.0300373000000005,1.0317391999999999,0.9982981000000004,0.9982361000000011,10,7,11,562.9120049700812,10,5;5;5;5;6;6;6;5;3;4,paper_multivehicle_v2
OR-Tools,50,10,0.25,9,21.62529509416586,100.0,50,0,2.6450305,2.6429047,1.0370236,1.6058811,1.6058426999999997,10,8,11,555.0066663703967,10,7;5;6;6;5;4;4;5;4;4,paper_multivehicle_v2
OR-Tools,50,10,0.25,10,22.31266544865781,100.0,50,0,2.6597567,2.6577301999999987,1.0334549999999998,1.6242751999999991,1.624255199999999,10,9,11,573.407708461347,10,6;7;6;6;4;4;3;5;5;4,paper_multivehicle_v2
OR-Tools,50,10,0.25,11,26.447046125197716,100.0,50,0,2.2390359999999996,2.2368978000000004,1.0303141,1.2065837000000004,1.2065837000000004,10,10,11,613.4288819374182,10,7;6;6;5;5;4;4;5;4;4,paper_multivehicle_v2
OR-Tools,50,10,0.25,12,21.018587434343377,100.0,50,0,2.2043182999999997,2.202419999999999,1.0337569,1.1686630999999994,1.1686630999999994,10,10,11,610.0651289877217,10,6;7;5;7;5;5;4;4;3;4,paper_multivehicle_v2
OR-Tools,50,10,0.25,13,24.830544150114523,100.0,50,0,2.4097731999999996,2.4077895000000025,1.0304576,1.3773319000000024,1.377311800000002,10,9,11,644.7058773961701,10,6;7;5;4;6;5;5;4;4;4,paper_multivehicle_v2
OR-Tools,50,10,0.25,14,23.67785124741918,100.0,50,0,2.9959417999999998,2.9942042999999994,1.0296135999999998,1.9645906999999996,1.9645509999999993,10,8,11,671.7007285316247,10,6;6;6;5;4;4;5;4;5;5,paper_multivehicle_v2
OR-Tools,50,10,0.25,15,19.832691308849498,100.0,50,0,2.716831,2.7150356000000007,1.0283208,1.6867148000000007,1.6866423000000008,10,6,11,574.1336230081068,10,6;6;6;5;5;5;4;4;4;5,paper_multivehicle_v2
OR-Tools,50,10,0.25,16,21.936850717212764,100.0,50,0,2.6881954,2.686515599999998,1.0306746000000002,1.655840999999998,1.655840999999998,10,10,11,611.772410923605,10,4;6;6;6;5;4;5;4;4;6,paper_multivehicle_v2
OR-Tools,50,10,0.25,17,19.48814791155712,100.0,50,0,2.1163820999999996,2.1147652000000003,1.0262683999999997,1.0884968000000006,1.0884790000000004,10,9,11,602.236480953752,10,7;6;5;6;5;5;5;5;3;3,paper_multivehicle_v2
OR-Tools,50,10,0.25,18,23.04814607767457,100.0,50,0,3.3114258,3.3096099000000017,1.0335334000000005,2.276076500000001,2.276015,10,7,11,581.9117265087782,10,6;7;5;5;5;6;4;4;4;4,paper_multivehicle_v2
OR-Tools,50,10,0.25,19,21.618676076293543,100.0,50,0,2.5522468000000003,2.5502000999999987,1.0299544000000003,1.5202456999999985,1.5201994999999995,10,8,11,581.1969100453102,10,7;6;6;5;4;4;4;5;5;4,paper_multivehicle_v2
OR-Tools,50,10,0.25,20,24.484855778278245,100.0,50,0,3.0025234000000003,3.000278799999998,1.0312652999999998,1.9690134999999982,1.9689911999999987,10,9,11,630.6154363855662,10,6;6;5;5;5;5;5;5;4;4,paper_multivehicle_v2
OR-Tools,50,10,0.25,21,25.107060643829755,100.0,50,0,2.0327536000000004,2.0308469999999996,1.0333987999999996,0.9974482,0.9974482,10,10,11,579.9049548320803,10,7;6;6;6;5;5;4;4;3;4,paper_multivehicle_v2
OR-Tools,50,10,0.25,22,21.231562608777697,100.0,50,0,2.0845903,2.082908800000002,1.0289992000000003,1.0539096000000017,1.0538924000000014,10,9,11,599.8760247578664,10,8;5;5;5;6;4;5;4;3;5,paper_multivehicle_v2
OR-Tools,50,10,0.25,23,24.099875579242475,100.0,50,0,2.5936978000000006,2.592031599999999,1.0312302,1.560801399999999,1.5607838999999997,10,9,11,598.2243629714281,10,7;6;6;6;4;5;4;4;4;4,paper_multivehicle_v2
OR-Tools,50,10,0.25,24,22.838395651150645,100.0,50,0,2.5685443999999995,2.5669259999999987,1.0255922999999996,1.5413336999999991,1.5413336999999991,10,10,11,611.1136186047092,10,6;5;6;5;5;4;5;4;5;5,paper_multivehicle_v2
OR-Tools,50,10,0.25,25,21.18942175953822,100.0,50,0,2.5869159,2.585697699999998,1.0324314999999995,1.5532661999999986,1.5532554999999997,10,9,11,669.8076001574417,10,7;7;5;5;5;4;4;5;4;4,paper_multivehicle_v2
OR-Tools,50,10,0.25,26,19.331458679027158,100.0,50,0,2.3155896,2.3143914999999993,1.0300592000000002,1.284332299999999,1.2843156999999987,10,8,11,597.8117640698836,10,8;6;6;5;3;5;3;5;5;4,paper_multivehicle_v2
OR-Tools,50,10,0.25,27,24.071877337447223,100.0,50,0,3.1629416,3.1607692000000034,1.0307248000000007,2.1300444000000027,2.130020100000001,10,9,11,650.7972939293709,10,7;6;6;6;5;5;3;4;5;3,paper_multivehicle_v2
OR-Tools,50,10,0.25,28,21.89390071682239,100.0,50,0,2.6804826999999998,2.678746300000004,1.0247443,1.6540020000000037,1.6539503000000035,10,8,11,589.5803777055316,10,6;7;7;5;5;4;3;5;4;4,paper_multivehicle_v2
OR-Tools,50,10,0.25,29,21.999422308316284,100.0,50,0,2.8134832999999997,2.8121054999999977,1.0319393999999997,1.780166099999998,1.780118899999997,10,7,11,609.5020085680759,10,8;5;6;5;5;3;5;5;4;4,paper_multivehicle_v2
OR-Tools,50,10,0.25,30,17.664409221500346,100.0,50,0,2.5835210999999996,2.582138500000003,1.0286517999999996,1.5534867000000032,1.553446400000003,10,7,11,553.0804184476854,10,5;6;5;7;5;4;5;4;4;5,paper_multivehicle_v2
OR-Tools,50,10,0.25,31,20.265271763102945,100.0,50,0,2.4200453999999993,2.418449999999999,1.0255016000000001,1.392948399999999,1.3929166999999998,10,8,11,567.7097486029917,10,7;6;7;5;5;6;5;2;3;4,paper_multivehicle_v2
OR-Tools,50,10,0.25,32,20.09232165314549,100.0,50,0,2.591961900000001,2.590322700000006,1.0275097000000004,1.5628130000000056,1.5627781000000027,10,8,11,578.8838464878615,10,6;6;6;5;5;6;5;4;3;4,paper_multivehicle_v2
OR-Tools,50,10,0.25,33,22.247408184737587,100.0,50,0,2.8669298000000003,2.865567300000002,1.027653,1.8379143000000022,1.8378913000000017,10,7,11,663.1033116656056,10,5;5;5;6;5;5;6;4;5;4,paper_multivehicle_v2
OR-Tools,50,10,0.25,34,21.19799356543319,100.0,50,0,2.3209276999999995,2.3194627,1.0265709000000003,1.2928917999999996,1.2928545000000007,10,8,11,619.5532383681881,10,6;6;6;5;6;5;4;4;4;4,paper_multivehicle_v2
OR-Tools,50,10,0.25,35,17.260623722311564,100.0,50,0,1.8206192000000003,1.8186438000000003,1.0258577999999998,0.7927860000000004,0.7927581999999989,10,9,11,569.1404463080115,10,6;7;7;5;4;5;4;4;4;4,paper_multivehicle_v2
OR-Tools,50,10,0.25,36,21.233110035013144,100.0,50,0,2.286032800000001,2.284495800000001,1.0311793000000007,1.2533165000000004,1.253272899999999,10,7,11,574.0212741883453,10,7;5;6;4;4;6;4;5;6;3,paper_multivehicle_v2
OR-Tools,50,10,0.25,37,18.993055967922317,100.0,50,0,3.2934994999999994,3.2924138999999997,1.0232337999999999,2.2691801,2.2691336999999976,10,5,11,577.8365984690801,10,7;5;4;4;5;5;5;5;5;5,paper_multivehicle_v2
OR-Tools,50,10,0.25,38,21.364523070343097,100.0,50,0,2.569692999999999,2.5679941,1.0181079000000004,1.5498861999999995,1.5498539999999998,10,8,11,622.0354424500135,10,7;5;4;4;5;6;5;5;4;5,paper_multivehicle_v2
OR-Tools,50,10,0.25,39,20.2167467974909,100.0,50,0,2.1122467999999994,2.1109386000000008,1.0196556,1.0912830000000007,1.0912723000000017,10,9,11,650.2457257562073,10,6;7;8;7;6;3;3;3;4;3,paper_multivehicle_v2
OR-Tools,50,10,0.25,40,21.48741284018249,100.0,50,0,2.998946199999999,2.9977446000000008,1.0266915999999995,1.9710530000000013,1.9710336000000002,10,9,11,566.2480971750267,10,8;6;5;5;6;5;3;5;4;3,paper_multivehicle_v2
OR-Tools,50,10,0.25,41,20.266426242304906,100.0,50,0,2.4780852000000007,2.4767065000000006,1.0293092999999995,1.447397200000001,1.4473656000000013,10,8,11,616.4783008417625,10,7;6;5;5;5;5;5;4;4;4,paper_multivehicle_v2
OR-Tools,50,10,0.25,42,22.272307912740583,100.0,50,0,1.6605065999999997,1.6593159999999987,1.0203796,0.6389363999999986,0.6389144999999985,10,9,11,579.3649386937747,10,7;6;5;5;6;5;5;4;4;3,paper_multivehicle_v2
OR-Tools,50,10,0.25,43,25.100714108735442,100.0,50,0,2.2954381,2.2940871999999963,1.0181831999999993,1.275903999999997,1.2758902999999968,10,9,11,654.5732734498354,10,8;6;6;6;4;4;4;4;4;4,paper_multivehicle_v2
OR-Tools,50,10,0.25,44,22.596388234678283,100.0,50,0,2.793465900000001,2.7923015000000007,1.0201628000000014,1.7721386999999993,1.772110099999999,10,7,11,649.5056512403803,10,7;7;4;4;5;4;4;5;5;5,paper_multivehicle_v2
OR-Tools,50,10,0.25,45,22.511440683004654,100.0,50,0,2.7184397999999987,2.7169340999999996,1.0248922,1.6920418999999995,1.6920316999999994,10,9,11,589.3944515110966,10,6;6;6;7;4;4;6;3;4;4,paper_multivehicle_v2
OR-Tools,50,10,0.25,46,20.329023720962486,100.0,50,0,2.5166921,2.5155598,1.0214066000000006,1.4941531999999995,1.494133999999999,10,8,11,581.0146505524636,10,8;6;6;4;4;4;6;5;4;3,paper_multivehicle_v2
OR-Tools,50,10,0.25,47,19.90685666232415,100.0,50,0,2.4022529000000006,2.4009774999999998,1.0237800999999997,1.3771974,1.3771730000000009,10,8,11,634.882384478738,10,7;5;5;6;4;5;4;5;4;5,paper_multivehicle_v2
OR-Tools,50,10,0.25,48,22.429177176680547,100.0,50,0,3.094956699999999,3.0934458000000014,1.0176812999999996,2.075764500000002,2.0756973999999992,10,6,11,570.6972987469858,10,7;5;5;6;5;4;4;5;5;4,paper_multivehicle_v2
OR-Tools,50,10,0.25,49,25.24835112895281,100.0,50,0,2.0860878000000014,2.084321199999996,1.0178376,1.0664835999999962,1.0664835999999962,10,10,11,602.5907220202837,10,7;7;6;6;5;4;4;4;4;3,paper_multivehicle_v2
OR-Tools,50,10,0.25,50,25.39712643264346,100.0,50,0,1.9621519999999997,1.9610369999999975,1.0214557000000006,0.9395812999999968,0.9395680999999971,10,9,11,633.042762731425,10,7;6;6;5;5;5;4;4;4;4,paper_multivehicle_v2
OR-Tools,50,10,0.25,51,23.937723172421865,100.0,50,0,3.2072246999999994,3.2056243999999996,1.0269584999999992,2.1786659000000004,2.1786659000000004,10,10,11,616.9580968693854,10,7;6;5;5;6;4;4;4;4;5,paper_multivehicle_v2
OR-Tools,50,10,0.25,52,24.720674831460688,100.0,50,0,3.0672008,3.0661172000000025,1.0181547000000002,2.0479625000000024,2.047946800000002,10,8,11,636.5815797893854,10,7;7;5;6;4;3;5;3;5;5,paper_multivehicle_v2
OR-Tools,50,10,0.25,53,19.070963292255925,100.0,50,0,2.3632458000000014,2.3621852999999984,1.0240061999999988,1.3381790999999996,1.3381628999999986,10,8,11,618.3034818463284,10,7;6;5;6;4;5;5;4;4;4,paper_multivehicle_v2
OR-Tools,50,10,0.25,54,18.02226887958128,100.0,50,0,2.459894199999999,2.458276399999999,1.0188884999999992,1.4393878999999998,1.4393320000000003,10,7,11,570.5224520712844,10,7;7;6;4;4;5;4;4;5;4,paper_multivehicle_v2
OR-Tools,50,10,0.25,55,21.824961426763956,100.0,50,0,2.4147028000000006,2.4137400000000007,1.0192972000000005,1.3944428000000002,1.3944283000000013,10,9,11,660.4075840248487,10,5;7;5;5;4;5;5;4;5;5,paper_multivehicle_v2
OR-Tools,50,10,0.25,56,22.207589291048883,100.0,50,0,1.9892699999999994,1.9877446999999968,1.0229631000000001,0.9647815999999967,0.9647406999999966,10,8,11,613.5058298122533,10,7;5;7;6;5;5;3;5;4;3,paper_multivehicle_v2
OR-Tools,50,10,0.25,57,26.5417640052249,100.0,50,0,2.393612900000001,2.392247899999999,1.0216487,1.3705991999999991,1.3705991999999991,10,10,11,637.8497670240796,10,8;8;5;7;5;4;4;3;4;2,paper_multivehicle_v2
OR-Tools,50,10,0.25,58,24.275395526819732,100.0,50,0,2.9206483,2.919381800000002,1.0198853000000003,1.8994965000000015,1.8994755000000012,10,8,11,605.8112724680466,10,7;6;5;5;5;4;4;5;5;4,paper_multivehicle_v2
OR-Tools,50,10,0.25,59,21.377175206624052,100.0,50,0,2.4103765,2.4090168000000034,1.0218059000000004,1.387210900000003,1.3871929000000023,10,9,11,582.9028668210949,10,8;7;5;6;4;4;3;4;4;5,paper_multivehicle_v2
OR-Tools,50,10,0.25,60,21.383240250459863,100.0,50,0,2.810489499999999,2.808901200000003,1.0243739000000005,1.7845273000000024,1.7845089000000023,10,9,11,559.0569415042095,10,5;6;6;4;5;6;6;4;4;4,paper_multivehicle_v2
OR-Tools,50,10,0.25,61,24.047474412323737,100.0,50,0,3.3426863000000004,3.341553200000005,1.0280704000000007,2.3134828000000045,2.313464000000005,10,8,11,631.6281089484662,10,6;5;5;6;5;6;4;5;5;3,paper_multivehicle_v2
OR-Tools,50,10,0.25,62,17.188027963377124,100.0,50,0,2.9450993000000008,2.9437773999999965,1.0186542999999997,1.9251230999999969,1.925065,10,7,11,554.3303437365926,10,6;5;5;6;5;5;4;6;3;5,paper_multivehicle_v2
OR-Tools,50,10,0.25,63,22.657194732188312,100.0,50,0,2.9636122,2.962401,1.019960300000001,1.9424406999999988,1.9424217999999982,10,8,11,601.1108176348095,10,7;6;4;5;5;4;4;5;6;4,paper_multivehicle_v2
OR-Tools,50,10,0.25,64,22.58139455432565,100.0,50,0,2.5509705999999994,2.5498645999999976,1.0224867999999994,1.5273777999999982,1.527368300000001,10,9,11,595.3646392964499,10,6;6;5;5;5;4;4;5;5;5,paper_multivehicle_v2
OR-Tools,50,10,0.25,65,25.93160961376527,100.0,50,0,2.267573600000002,2.2662851000000117,1.0194448000000005,1.2468403000000112,1.2468294000000082,10,9,11,632.7199728436831,10,7;7;7;5;5;4;4;3;4;4,paper_multivehicle_v2
OR-Tools,50,10,0.25,66,26.144405668293793,100.0,50,0,2.9393559000000007,2.937933599999999,1.0175888000000004,1.9203447999999987,1.9203074999999963,10,8,11,627.8385527416108,10,5;6;6;6;6;5;5;3;4;4,paper_multivehicle_v2
OR-Tools,50,10,0.25,67,21.548708918806113,100.0,50,0,2.9793070999999998,2.9776887999999992,1.0256951999999995,1.9519935999999998,1.951940299999995,10,7,11,578.812954616285,10,6;8;5;5;5;5;3;4;4;5,paper_multivehicle_v2
OR-Tools,50,10,0.25,68,24.173495105045408,100.0,50,0,3.1963544000000006,3.194733800000005,1.0213780000000003,2.173355800000005,2.173338300000003,10,9,11,581.5600746146512,10,6;6;6;6;5;5;4;3;4;5,paper_multivehicle_v2
OR-Tools,50,10,0.25,69,23.338276182435578,100.0,50,0,2.2689578999999984,2.267572999999997,1.0223230999999995,1.2452498999999975,1.2452498999999975,10,10,11,624.0925603001499,10,6;8;7;5;3;4;4;4;4;5,paper_multivehicle_v2
OR-Tools,50,10,0.25,70,19.99919685119102,100.0,50,0,2.0968897999999996,2.0957066999999956,1.0193316999999986,1.076374999999997,1.0763642999999998,10,9,11,615.1838832234957,10,6;7;4;6;6;5;5;4;4;3,paper_multivehicle_v2
OR-Tools,50,10,0.25,71,23.302129379615568,100.0,50,0,2.343629999999999,2.3425465000000028,1.0195859999999985,1.3229605000000042,1.3229506000000022,10,9,11,649.9402718847182,10,6;6;5;6;5;5;4;4;5;4,paper_multivehicle_v2
OR-Tools,50,10,0.25,72,23.902740859003337,100.0,50,0,2.505509899999998,2.5044772999999925,1.0172498,1.4872274999999924,1.4872038999999937,10,8,11,632.7411741306686,10,7;6;4;6;5;4;5;4;5;4,paper_multivehicle_v2
OR-Tools,50,10,0.25,73,21.26906335913238,100.0,50,0,2.4712762,2.4698811000000056,1.0224325000000007,1.4474486000000049,1.4474189000000024,10,8,11,587.9120011861517,10,7;7;6;5;5;3;5;4;4;4,paper_multivehicle_v2
OR-Tools,50,10,0.25,74,24.138253383287424,100.0,50,0,2.6756581000000015,2.674484599999996,1.0259155,1.648569099999996,1.648533799999992,10,7,11,617.1126592446565,10,5;5;7;6;5;4;4;4;5;5,paper_multivehicle_v2
OR-Tools,50,10,0.25,75,19.322823358372528,100.0,50,0,2.6730964999999998,2.671679600000001,1.0217130999999995,1.6499665000000014,1.6499486000000019,10,9,11,560.8084154033477,10,6;5;5;6;6;5;6;4;4;3,paper_multivehicle_v2
OR-Tools,50,10,0.25,76,21.00655812671693,100.0,50,0,2.8645746999999986,2.8630254999999956,1.0169362,1.8460892999999956,1.8460410999999972,10,7,11,578.3347961360915,10,6;5;5;5;7;5;4;4;4;5,paper_multivehicle_v2
OR-Tools,50,10,0.25,77,21.962953779139138,100.0,50,0,2.3346266,2.3329460999999974,1.0224764999999998,1.3104695999999976,1.3104512999999969,10,9,11,643.2257948038323,10,6;8;6;6;5;4;4;4;4;3,paper_multivehicle_v2
OR-Tools,50,10,0.25,78,22.637407111564723,100.0,50,0,2.665970099999999,2.6649781000000026,1.0228680000000026,1.6421101,1.642078399999999,10,7,11,609.3211116708092,10,7;7;5;5;5;4;6;4;3;4,paper_multivehicle_v2
OR-Tools,50,10,0.25,79,20.100027235328636,100.0,50,0,2.4243976000000025,2.423106899999997,1.0198091000000034,1.4032977999999936,1.4032716999999941,10,7,11,570.6862723900371,10,6;6;6;5;6;5;4;4;4;4,paper_multivehicle_v2
OR-Tools,50,10,0.25,80,19.06558148448614,100.0,50,0,2.6245210000000014,2.623230600000003,1.0228094999999975,1.6004211000000055,1.6003832000000031,10,7,11,549.3397432934389,10,6;6;5;5;5;4;6;5;3;5,paper_multivehicle_v2
OR-Tools,50,10,0.25,81,22.569844305678952,100.0,50,0,2.4790731999999984,2.4779908000000077,1.0301465999999984,1.4478442000000094,1.4478343000000073,10,9,11,591.0930094362997,10,7;5;6;5;5;4;5;4;4;5,paper_multivehicle_v2
OR-Tools,50,10,0.25,82,24.295247981730842,100.0,50,0,2.7778031,2.776599000000001,1.0245131999999977,1.7520858000000032,1.7520671000000014,10,8,11,669.0452708063735,10,7;5;5;5;5;4;4;5;6;4,paper_multivehicle_v2
OR-Tools,50,10,0.25,83,22.333508681303684,100.0,50,0,1.6584979000000004,1.6572060000000057,1.0226420999999988,0.634563900000007,0.6345502000000067,10,9,11,581.3820448313925,10,6;5;6;4;7;4;4;6;4;4,paper_multivehicle_v2
OR-Tools,50,10,0.25,84,21.08529161184557,100.0,50,0,2.470780600000001,2.4691755999999963,1.0216804999999987,1.4474950999999976,1.4474322999999991,10,7,11,573.2308961664534,10,7;7;5;5;5;5;5;4;4;3,paper_multivehicle_v2
OR-Tools,50,10,0.25,85,21.36095648935858,100.0,50,0,2.6121461000000004,2.610714799999993,1.0193665000000003,1.5913482999999928,1.5912889999999962,10,7,11,567.1556145141082,10,7;6;7;5;5;6;4;3;3;4,paper_multivehicle_v2
OR-Tools,50,10,0.25,86,20.733046643828903,100.0,50,0,2.4010883000000014,2.400059500000001,1.0206435999999997,1.3794159000000015,1.3793805,10,7,11,593.4717902695795,10,6;5;6;5;5;4;6;4;4;5,paper_multivehicle_v2
OR-Tools,50,10,0.25,87,19.8603183794885,100.0,50,0,2.7041021,2.7029110000000003,1.0228804000000018,1.6800305999999985,1.6799764999999987,10,7,11,600.4608076927573,10,6;6;6;5;5;6;3;4;5;4,paper_multivehicle_v2
OR-Tools,50,10,0.25,88,21.39306960669654,100.0,50,0,2.1172628000000024,2.115762699999987,1.0198488999999995,1.0959137999999875,1.0958964999999878,10,9,11,627.1143998342666,10,8;6;7;6;4;5;3;4;4;3,paper_multivehicle_v2
OR-Tools,50,10,0.25,89,26.99186140782118,100.0,50,0,2.0569719000000006,2.055984600000002,1.015481600000001,1.040503000000001,1.040493399999999,10,9,11,657.8217370984988,10,8;6;6;6;4;4;5;3;4;4,paper_multivehicle_v2
OR-Tools,50,10,0.25,90,20.672800669325603,100.0,50,0,2.0669922000000014,2.0656214999999953,1.0190507999999987,1.0465706999999966,1.0465706999999966,10,10,11,560.8084154033477,10,6;7;6;6;4;4;4;5;4;4,paper_multivehicle_v2
OR-Tools,50,10,0.25,91,18.724522023529914,100.0,50,0,2.7113759,2.709937700000001,1.0201333000000012,1.6898043999999999,1.6897477000000016,10,6,11,596.8649983333413,10,5;7;6;6;4;5;5;3;4;5,paper_multivehicle_v2
OR-Tools,50,10,0.25,92,27.04694913921329,100.0,50,0,3.4257758000000003,3.4246629999999953,1.0224872000000005,2.402175799999995,2.402167399999996,10,9,11,602.2783387302335,10,7;6;6;5;4;5;3;3;4;7,paper_multivehicle_v2
OR-Tools,50,10,0.25,93,20.4843031635846,100.0,50,0,2.2619791000000014,2.260948899999992,1.0209001999999998,1.240048699999992,1.2400392999999923,10,9,11,585.1270487122899,10,7;6;7;5;5;5;4;4;3;4,paper_multivehicle_v2
OR-Tools,50,10,0.25,94,22.416089855746385,100.0,50,0,2.9997749999999996,2.9988630999999906,1.019049299999999,1.9798137999999916,1.9797867999999923,10,7,11,594.2350194956798,10,8;6;6;5;4;5;4;4;4;4,paper_multivehicle_v2
OR-Tools,50,10,0.25,95,24.174885053086943,100.0,50,0,2.514091799999999,2.5129794999999966,1.0186719999999987,1.494307499999998,1.494290399999997,10,9,11,658.3726076706212,10,5;7;6;7;5;3;4;5;3;5,paper_multivehicle_v2
OR-Tools,50,10,0.25,96,24.6376275167957,100.0,50,0,2.666056400000002,2.665046899999993,1.0248516000000016,1.6401952999999914,1.6401864999999916,10,9,11,637.8935480770269,10,7;8;5;6;5;5;5;3;3;3,paper_multivehicle_v2
OR-Tools,50,10,0.25,97,22.45501300937978,100.0,50,0,1.5555243999999995,1.5545658000000024,1.0189959000000002,0.5355699000000023,0.5355615000000036,10,9,11,630.2227780864591,10,6;7;5;5;6;5;4;4;5;3,paper_multivehicle_v2
OR-Tools,50,10,0.25,98,25.39780481388895,100.0,50,0,1.9384864999999998,1.9375312999999998,1.0187643000000008,0.918766999999999,0.9187538000000011,10,9,11,633.6306199656622,10,7;6;6;5;4;5;5;4;5;3,paper_multivehicle_v2
OR-Tools,50,10,0.25,99,23.119678712559953,100.0,50,0,2.248532000000001,2.2475985000000023,1.0169542000000007,1.2306443000000016,1.2306269000000007,10,8,11,566.1452262171271,10,6;6;6;5;6;5;4;4;5;3,paper_multivehicle_v2
OR-Tools,50,10,0.25,100,26.668969660501798,100.0,50,0,2.3027908000000004,2.3018907000000084,1.0236337000000013,1.278257000000007,1.278248700000006,10,9,11,710.5071352410297,10,7;5;6;4;5;5;5;5;3;5,paper_multivehicle_v2
OR-Tools,50,10,0.5,1,28.236835390756884,100.0,50,0,1.3559254999999997,1.3541192000000009,1.0234331,0.33068610000000076,0.33068610000000076,10,10,11,664.6250435082095,10,6;7;6;6;4;6;5;5;2;3,paper_multivehicle_v2
OR-Tools,50,10,0.5,2,26.244705385701444,100.0,50,0,1.8112491,1.8093967999999998,1.0259211000000001,0.7834756999999997,0.7834756999999997,10,10,11,660.6546388873761,10,8;7;7;5;4;4;4;4;3;4,paper_multivehicle_v2
OR-Tools,50,10,0.5,3,27.289310447211555,100.0,50,0,1.2774379,1.275858799999999,1.022052,0.2538067999999991,0.2538067999999991,10,10,11,656.6372934279702,10,7;7;6;5;5;5;5;5;3;2,paper_multivehicle_v2
OR-Tools,50,10,0.5,4,21.146497480203937,100.0,50,0,1.062211,1.0607839999999997,1.0233598,0.037424199999999797,0.037424199999999797,10,10,11,591.9661524392282,10,7;7;7;5;5;4;5;4;3;3,paper_multivehicle_v2
OR-Tools,50,10,0.5,5,26.974164507641994,100.0,50,0,1.8100125,1.8087775000000004,1.0245383,0.7842392000000005,0.7842392000000005,10,10,11,646.9594537751269,10,8;6;4;6;5;5;5;5;3;3,paper_multivehicle_v2
OR-Tools,50,10,0.5,6,23.158144913026092,100.0,50,0,1.497582,1.4959607000000004,1.0252488,0.4707119000000004,0.4707119000000004,10,10,11,597.3881386638959,10,7;6;7;5;6;5;4;4;3;3,paper_multivehicle_v2
OR-Tools,50,10,0.5,7,25.299159523832273,100.0,50,0,1.7939607,1.7928401000000003,1.0253247,0.7675154000000002,0.7675154000000002,10,10,11,675.5485128819093,10,7;8;6;5;5;5;4;3;4;3,paper_multivehicle_v2
OR-Tools,50,10,0.5,8,22.524095237483852,100.0,50,0,1.4076304,1.4057397999999992,1.0218902,0.3838495999999991,0.38383169999999955,10,9,11,577.94024344522,10,7;7;5;5;5;4;6;4;4;3,paper_multivehicle_v2
OR-Tools,50,10,0.5,9,26.234495078656675,100.0,50,0,1.1856697999999999,1.1839098999999997,1.0218956000000001,0.1620142999999996,0.1620142999999996,10,10,11,650.2825727376843,10,7;6;7;7;6;5;4;3;2;3,paper_multivehicle_v2
OR-Tools,50,10,0.5,10,24.423747056333248,100.0,50,0,2.0451173,2.0438894,1.0253485000000002,1.0185408999999996,1.0185408999999996,10,10,11,605.9612038642432,10,7;6;7;5;5;6;3;3;4;4,paper_multivehicle_v2
OR-Tools,50,10,0.5,11,25.92586305522748,100.0,50,0,1.745156,1.7433947,1.0277530000000001,0.7156416999999999,0.7156416999999999,10,10,11,596.4071747258109,10,6;6;6;6;5;4;4;4;5;4,paper_multivehicle_v2
OR-Tools,50,10,0.5,12,23.278402236516065,100.0,50,0,1.4062164999999998,1.4046769000000003,1.0257605,0.37891640000000026,0.37891640000000026,10,10,11,575.8081017366653,10,7;6;8;7;6;4;3;3;3;3,paper_multivehicle_v2
OR-Tools,50,10,0.5,13,20.400250903753744,100.0,50,0,1.4013113000000001,1.399644600000001,1.0187956,0.3808490000000009,0.38083030000000084,10,9,11,541.606712402908,10,6;8;6;6;5;5;4;4;3;3,paper_multivehicle_v2
OR-Tools,50,10,0.5,14,24.55157785168937,100.0,50,0,1.4244824,1.423433200000001,1.0215132,0.40192000000000094,0.40190860000000095,10,9,11,655.0508473866988,10,7;6;6;6;5;4;6;4;3;3,paper_multivehicle_v2
OR-Tools,50,10,0.5,15,23.706635873819337,100.0,50,0,1.1929286000000001,1.1909699000000007,1.0185882999999998,0.1723816000000009,0.1723816000000009,10,10,11,558.7337200174886,10,7;7;7;6;5;6;4;2;3;3,paper_multivehicle_v2
OR-Tools,50,10,0.5,16,29.171763366792497,100.0,50,0,0.5475147000000002,0.5464666,0.5128983000000003,0.03356829999999977,0.03356829999999977,10,10,11,704.4686165666826,10,7;7;6;6;6;5;4;3;3;3,paper_multivehicle_v2
OR-Tools,50,10,0.5,17,23.374937618955865,100.0,50,0,1.6967624,1.6957585000000002,1.01797,0.6777885000000001,0.6777772,10,9,11,630.2930584629831,10,7;6;6;6;5;4;5;4;4;3,paper_multivehicle_v2
OR-Tools,50,10,0.5,18,22.400351137663236,100.0,50,0,1.3675332,1.3660278999999997,1.0192482000000003,0.34677969999999947,0.34676519999999966,10,9,11,626.4937866266336,10,8;6;5;6;5;5;5;3;3;4,paper_multivehicle_v2
OR-Tools,50,10,0.5,19,23.26418444419678,100.0,50,0,1.2728842999999999,1.2717405000000004,1.0168331,0.25490740000000045,0.2548742000000006,10,8,11,586.8950488438857,10,7;6;7;6;4;5;4;5;3;3,paper_multivehicle_v2
OR-Tools,50,10,0.5,20,24.38171893676178,100.0,50,0,1.4971533,1.496126900000001,1.0172506000000001,0.4788763000000009,0.47886540000000055,10,9,11,613.645218986409,10,7;8;6;5;6;4;4;4;3;3,paper_multivehicle_v2
OR-Tools,50,10,0.5,21,23.80487882738742,100.0,50,0,1.8812833999999996,1.879719199999998,1.0251529000000001,0.8545662999999979,0.8545662999999979,10,10,11,635.7230635066164,10,8;6;5;5;6;5;3;4;4;4,paper_multivehicle_v2
OR-Tools,50,10,0.5,22,24.629931030317895,100.0,50,0,1.5484977,1.5472032999999992,1.0157746999999997,0.5314285999999995,0.5314285999999995,10,10,11,667.167594214551,10,7;6;5;5;5;5;5;4;4;4,paper_multivehicle_v2
OR-Tools,50,10,0.5,23,23.653012798375343,100.0,50,0,1.4893484999999997,1.488071399999999,1.0183543999999998,0.4697169999999993,0.4697169999999993,10,10,11,614.3343798829542,10,6;5;7;6;5;5;5;4;4;3,paper_multivehicle_v2
OR-Tools,50,10,0.5,24,25.634727331350724,96.0,48,2,1.4913415999999997,1.4899273999999996,1.0183366,0.47159079999999953,0.47159079999999953,10,10,11,564.0435429375508,10,5;6;6;5;5;5;4;4;4;4,paper_multivehicle_v2
OR-Tools,50,10,0.5,25,25.456666136179827,100.0,50,0,2.3415126,2.3402626000000017,1.016664,1.3235986000000017,1.3235885000000018,10,9,11,616.4217229992585,10,5;5;6;6;5;5;5;5;5;3,paper_multivehicle_v2
OR-Tools,50,10,0.5,26,21.500183077640067,100.0,50,0,1.6669299999999998,1.6653064999999998,1.0197254999999998,0.645581,0.6455405999999995,10,8,11,593.0432748743658,10,7;6;6;5;6;6;4;3;4;3,paper_multivehicle_v2
OR-Tools,50,10,0.5,27,22.68715268049218,100.0,50,0,1.5136488,1.5120264999999997,1.0189387,0.49308779999999963,0.49308779999999963,10,10,11,592.3090185422785,10,7;7;7;6;6;5;2;4;3;3,paper_multivehicle_v2
OR-Tools,50,10,0.5,28,24.383747568369454,100.0,50,0,1.6861500999999999,1.6846438999999993,1.0156960999999995,0.6689477999999998,0.6689257,10,9,11,602.0959696566008,10,7;7;6;7;6;4;4;3;3;3,paper_multivehicle_v2
OR-Tools,50,10,0.5,29,23.29080859131623,100.0,50,0,1.4699338000000006,1.4680835999999995,1.0162516,0.45183199999999957,0.45183199999999957,10,10,11,654.5599143440052,10,9;7;6;6;4;5;4;3;3;3,paper_multivehicle_v2
OR-Tools,50,10,0.5,30,26.453468076409955,100.0,50,0,1.8994716999999994,1.8980452000000008,1.0207541,0.8772911000000008,0.8772911000000008,10,10,11,629.3260317357156,10,8;7;4;5;5;6;6;4;3;2,paper_multivehicle_v2
OR-Tools,50,10,0.5,31,24.94306977056351,100.0,50,0,2.2682798,2.2669418999999995,1.0156443000000004,1.2512975999999991,1.2512975999999991,10,10,11,576.0382453297582,10,5;6;6;6;4;5;5;4;4;5,paper_multivehicle_v2
OR-Tools,50,10,0.5,32,22.940880732743242,100.0,50,0,1.7814940999999997,1.780399,1.0156771000000004,0.7647218999999996,0.7647218999999996,10,10,11,630.8164199679992,10,8;6;7;6;5;4;5;3;3;3,paper_multivehicle_v2
OR-Tools,50,10,0.5,33,23.71727221262611,100.0,50,0,2.5819156000000003,2.5801922999999993,1.0221177,1.5580745999999994,1.5580567999999992,10,9,11,574.0691235209513,10,5;7;6;6;5;5;5;3;4;4,paper_multivehicle_v2
OR-Tools,50,10,0.5,34,28.723665479836242,100.0,50,0,1.1511593000000007,1.1496083000000006,0.7124676999999995,0.4371406000000011,0.4371406000000011,10,10,11,611.7463996491383,10,6;6;7;6;4;6;4;5;3;3,paper_multivehicle_v2
OR-Tools,50,10,0.5,35,23.165806331089318,100.0,50,0,1.6237259000000002,1.6224188999999978,1.0144009,0.6080179999999977,0.6080179999999977,10,10,11,637.0983904085983,10,7;6;6;6;5;5;4;5;3;3,paper_multivehicle_v2
OR-Tools,50,10,0.5,36,22.19719157621089,100.0,50,0,1.8123980999999993,1.8107898000000002,1.0179615000000002,0.7928283,0.7928283,10,10,11,572.5167981524974,10,7;5;7;7;5;5;4;4;3;3,paper_multivehicle_v2
OR-Tools,50,10,0.5,37,24.880649602974458,100.0,50,0,1.6907839999999998,1.6893291000000001,1.0188823000000005,0.6704467999999997,0.6704467999999997,10,10,11,618.2975458052858,10,6;6;7;7;6;4;5;3;3;3,paper_multivehicle_v2
OR-Tools,50,10,0.5,38,27.783830020388027,100.0,50,0,1.0712310999999994,1.0694355999999985,1.0177766000000004,0.05165899999999812,0.05165899999999812,10,10,11,646.0591692475958,10,6;6;6;5;5;6;5;4;4;3,paper_multivehicle_v2
OR-Tools,50,10,0.5,39,27.642695081862367,100.0,50,0,1.4288775999999999,1.427227000000002,1.0141486000000004,0.4130784000000016,0.4130784000000016,10,10,11,620.2435622660674,10,7;5;6;5;6;5;5;4;4;3,paper_multivehicle_v2
OR-Tools,50,10,0.5,40,26.62762676211203,100.0,50,0,2.0095065000000005,2.008138399999999,1.0208499,0.9872884999999991,0.9872884999999991,10,10,11,608.6348735362636,10,7;4;7;6;5;5;5;5;3;3,paper_multivehicle_v2
OR-Tools,50,10,0.5,41,23.350899107301622,100.0,50,0,2.4661666,2.4649732999999996,1.0187802999999995,1.446193,1.4461789000000005,10,9,11,634.3994393810661,10,6;6;7;6;5;5;3;4;4;4,paper_multivehicle_v2
OR-Tools,50,10,0.5,42,21.94571588138377,100.0,50,0,1.4675982999999997,1.4659093000000016,1.0179786000000002,0.44793070000000146,0.44793070000000146,10,10,11,645.1476602822736,10,6;4;5;5;6;6;5;6;4;3,paper_multivehicle_v2
OR-Tools,50,10,0.5,43,21.773868728469584,100.0,50,0,1.8041127000000001,1.8025290999999983,1.0213079999999994,0.7812210999999989,0.781197399999999,10,9,11,605.9258350550716,10,7;5;6;6;5;5;4;4;4;4,paper_multivehicle_v2
OR-Tools,50,10,0.5,44,23.8761737852827,100.0,50,0,1.5085256000000005,1.5071154999999994,1.0156922000000002,0.49142329999999923,0.49142329999999923,10,10,11,607.163046083022,10,8;8;7;5;4;5;4;3;3;3,paper_multivehicle_v2
OR-Tools,50,10,0.5,45,26.57934942108572,100.0,50,0,2.1693540999999996,2.167847499999999,1.0158218000000003,1.1520256999999985,1.1520256999999985,10,10,11,666.8397791233756,10,7;6;8;5;5;5;4;3;3;4,paper_multivehicle_v2
OR-Tools,50,10,0.5,46,24.22459618618031,100.0,50,0,2.2708164,2.2694374999999996,1.0182595999999995,1.2511779,1.2511610000000015,10,9,11,591.0180165558726,10,8;5;6;6;6;4;4;4;3;4,paper_multivehicle_v2
OR-Tools,50,10,0.5,47,26.336834682477292,100.0,50,0,1.7133791,1.7119680000000006,1.0187716,0.6931964000000006,0.6931593000000005,10,8,11,633.7368242012963,10,7;7;6;6;6;5;4;3;3;3,paper_multivehicle_v2
OR-Tools,50,10,0.5,48,23.96203400725051,100.0,50,0,1.5628604,1.5615023999999993,1.0163456999999996,0.5451566999999997,0.5451566999999997,10,10,11,605.343542854804,10,7;7;6;6;6;5;4;4;3;2,paper_multivehicle_v2
OR-Tools,50,10,0.5,49,25.950658758192333,100.0,50,0,1.9518458999999995,1.9505935999999986,1.0176154999999998,0.9329780999999988,0.9329780999999988,10,10,11,639.8453585264767,10,6;6;7;5;6;4;5;5;3;3,paper_multivehicle_v2
OR-Tools,50,10,0.5,50,25.00895685669221,100.0,50,0,1.5260090999999996,1.5246062999999994,1.0218514,0.5027548999999993,0.5027548999999993,10,10,11,608.3429105112809,10,6;7;6;6;6;4;4;3;4;4,paper_multivehicle_v2
OR-Tools,50,10,0.5,51,23.812209494313056,100.0,50,0,1.574575600000001,1.572648100000002,1.0214210000000001,0.551227100000002,0.5512062000000029,10,9,11,592.3604466035642,10,6;5;5;4;6;6;4;4;4;6,paper_multivehicle_v2
OR-Tools,50,10,0.5,52,29.422837479896646,100.0,50,0,1.7268542999999994,1.7254315000000036,1.0170871000000004,0.7083444000000032,0.7083444000000032,10,10,11,625.1498576004118,10,7;6;7;6;5;5;5;3;3;3,paper_multivehicle_v2
OR-Tools,50,10,0.5,53,28.044827412769013,100.0,50,0,1.1991082000000004,1.1975605999999983,0.8143587999999999,0.38320179999999837,0.3831837,10,9,11,651.5649218140356,10,8;5;6;7;5;5;5;5;2;2,paper_multivehicle_v2
OR-Tools,50,10,0.5,54,32.08760827946441,100.0,50,0,2.113944300000001,2.1125709000000032,1.0195638999999996,1.0930070000000036,1.0930070000000036,10,10,11,688.3202276463962,10,6;7;6;7;6;4;4;3;4;3,paper_multivehicle_v2
OR-Tools,50,10,0.5,55,26.03747907039202,100.0,50,0,1.5759488,1.5742436,1.0200997999999997,0.5541438000000003,0.5541438000000003,10,10,11,620.6705054265507,10,7;8;5;5;6;5;4;3;4;3,paper_multivehicle_v2
OR-Tools,50,10,0.5,56,23.27027797349441,100.0,50,0,1.337476699999999,1.3362661999999972,1.0158658999999997,0.32040029999999753,0.32040029999999753,10,10,11,564.706152185014,10,8;8;6;5;5;5;4;3;4;2,paper_multivehicle_v2
OR-Tools,50,10,0.5,57,25.526984411294254,100.0,50,0,1.6763341999999994,1.6752506999999985,1.0133540000000005,0.661896699999998,0.661896699999998,10,10,11,615.4370478709486,10,8;7;5;6;4;4;5;5;3;3,paper_multivehicle_v2
OR-Tools,50,10,0.5,58,25.88609317325764,100.0,50,0,1.6959687999999993,1.6942134999999992,1.0186065999999991,0.6756069,0.6756069,10,10,11,624.8343086366962,10,8;6;6;5;5;5;4;4;3;4,paper_multivehicle_v2
OR-Tools,50,10,0.5,59,23.112388738839655,100.0,50,0,1.3602768000000003,1.3590260000000027,1.0192559,0.33977010000000263,0.3397556000000037,10,9,11,642.9289675253826,10,7;7;6;6;5;5;4;4;3;3,paper_multivehicle_v2
OR-Tools,50,10,0.5,60,25.738170289831736,100.0,50,0,1.4673401999999998,1.4660960000000003,1.0199485999999993,0.44614740000000097,0.44614740000000097,10,10,11,611.2372041597152,10,7;7;7;6;4;6;3;4;3;3,paper_multivehicle_v2
OR-Tools,50,10,0.5,61,22.925614042153647,100.0,50,0,1.2744395999999991,1.2733146999999985,1.0169938999999992,0.25632079999999924,0.25630939999999924,10,9,11,574.0375333167317,10,6;7;6;6;5;5;5;4;3;3,paper_multivehicle_v2
OR-Tools,50,10,0.5,62,25.573085471516887,100.0,50,0,2.086843,2.0855999,1.019454099999999,1.066145800000001,1.066145800000001,10,10,11,603.4341929936758,10,7;5;5;6;6;6;5;4;3;3,paper_multivehicle_v2
OR-Tools,50,10,0.5,63,28.29986821699706,100.0,50,0,1.2567315000000008,1.2556476999999973,1.0183514999999996,0.23729619999999763,0.2372822999999986,10,9,11,653.5587630891275,10,8;6;6;6;5;4;4;4;4;3,paper_multivehicle_v2
OR-Tools,50,10,0.5,64,24.328997225478457,100.0,50,0,1.558743400000001,1.5576731999999982,1.0231236999999993,0.5345494999999989,0.5345494999999989,10,10,11,585.3121545888781,10,7;7;6;6;5;5;5;2;3;4,paper_multivehicle_v2
OR-Tools,50,10,0.5,65,28.298545373603424,100.0,50,0,0.4590892000000011,0.4577398000000006,0.41491720000000143,0.042822599999999156,0.042822599999999156,10,10,11,640.0732736555904,10,8;6;6;5;5;7;4;3;3;3,paper_multivehicle_v2
OR-Tools,50,10,0.5,66,29.283657247182106,100.0,50,0,1.3730273000000004,1.371456700000003,1.0167689000000006,0.35468780000000244,0.35468780000000244,10,10,11,630.4862537912684,10,7;6;6;5;6;6;4;3;3;4,paper_multivehicle_v2
OR-Tools,50,10,0.5,67,26.19779367699238,100.0,50,0,2.077626799999999,2.0759607000000013,1.0199376000000004,1.0560231000000009,1.0560056000000007,10,9,11,601.9843151737289,10,6;7;6;5;6;5;5;4;3;3,paper_multivehicle_v2
OR-Tools,50,10,0.5,68,23.602897167222984,100.0,50,0,1.553815499999999,1.5528859000000033,1.0174569000000009,0.5354290000000024,0.5354057000000019,10,8,11,605.5594752721775,10,6;6;6;5;5;5;6;4;3;4,paper_multivehicle_v2
OR-Tools,50,10,0.5,69,21.7413300184612,100.0,50,0,2.1920427,2.1908563999999995,1.019628599999999,1.1712278000000005,1.171203199999999,10,8,11,604.0486359386748,10,5;5;6;5;5;6;5;6;4;3,paper_multivehicle_v2
OR-Tools,50,10,0.5,70,26.58823270658036,100.0,50,0,1.899152599999999,1.8978958999999964,1.0189728999999996,0.8789229999999968,0.8789229999999968,10,10,11,634.907943525196,10,7;6;7;5;7;5;4;3;3;3,paper_multivehicle_v2
OR-Tools,50,10,0.5,71,24.10915039194271,100.0,50,0,2.0943747000000013,2.0932005000000036,1.0199791000000005,1.073221400000003,1.0732085000000033,10,9,11,655.4947206742288,10,7;4;6;7;5;6;4;5;3;3,paper_multivehicle_v2
OR-Tools,50,10,0.5,72,24.953240698288017,100.0,50,0,2.3184328,2.3169235999999973,1.0161456999999992,1.3007778999999982,1.300756299999998,10,9,11,587.6735691832627,10,7;6;5;4;6;5;6;4;4;3,paper_multivehicle_v2
OR-Tools,50,10,0.5,73,25.257666323580022,100.0,50,0,1.8920953000000011,1.890639199999999,1.0169729000000007,0.8736662999999982,0.8736293999999969,10,8,11,639.8930269746952,10,7;5;5;7;6;5;5;4;3;3,paper_multivehicle_v2
OR-Tools,50,10,0.5,74,24.54881589633302,100.0,50,0,1.4611900999999996,1.4596961000000022,1.0159582,0.44373790000000213,0.44373790000000213,10,10,11,591.8757741863373,10,6;5;5;6;5;5;6;5;4;3,paper_multivehicle_v2
OR-Tools,50,10,0.5,75,24.17072052366223,100.0,50,0,1.4027417999999994,1.401584899999996,1.0173005999999987,0.38428429999999736,0.38427169999999755,10,9,11,684.377599116957,10,7;7;6;6;5;5;4;4;3;3,paper_multivehicle_v2
OR-Tools,50,10,0.5,76,24.600460900013097,100.0,50,0,1.6224963,1.6209640000000025,1.0185417,0.6024223000000024,0.6024223000000024,10,10,11,559.3656923677988,10,7;5;6;5;6;5;5;4;3;4,paper_multivehicle_v2
OR-Tools,50,10,0.5,77,25.733905705532884,100.0,50,0,2.4804416000000007,2.4792039,1.022877900000001,1.456325999999999,1.4562869999999997,10,8,11,693.8143501885761,10,6;5;7;5;5;6;5;4;4;3,paper_multivehicle_v2
OR-Tools,50,10,0.5,78,22.095064828627518,100.0,50,0,1.3313030999999995,1.3297931000000016,1.014618200000001,0.3151749000000006,0.3151749000000006,10,10,11,614.3883857649129,10,7;7;5;7;7;5;4;4;2;2,paper_multivehicle_v2
OR-Tools,50,10,0.5,79,25.650560401996273,100.0,50,0,2.3026792,2.3012815999999994,1.0174796000000015,1.283801999999998,1.283782099999998,10,9,11,592.8092629387662,10,7;5;6;6;6;5;3;5;4;3,paper_multivehicle_v2
OR-Tools,50,10,0.5,80,25.148631510303293,100.0,50,0,1.6285651999999988,1.627202900000004,1.0176099999999995,0.6095929000000044,0.6095929000000044,10,10,11,636.9994589389115,10,7;6;7;6;5;4;4;4;4;3,paper_multivehicle_v2
OR-Tools,50,10,0.5,81,29.90094130751259,100.0,50,0,1.6175890000000006,1.6158286999999998,1.0184896000000006,0.5973390999999992,0.5973390999999992,10,10,11,685.7899159554468,10,5;7;7;5;6;5;4;4;4;3,paper_multivehicle_v2
OR-Tools,50,10,0.5,82,27.227509157366626,100.0,50,0,2.0220804,2.0202381000000003,1.0230978999999998,0.9971402000000005,0.9971402000000005,10,10,11,640.6306222371173,10,6;5;7;5;6;5;5;4;3;4,paper_multivehicle_v2
OR-Tools,50,10,0.5,83,21.72635460298582,100.0,50,0,1.0685173,1.0666746000000007,1.0144678000000003,0.05220680000000044,0.05220680000000044,10,10,11,618.6007594131298,10,7;6;5;7;6;5;3;4;4;3,paper_multivehicle_v2
OR-Tools,50,10,0.5,84,28.45894848428302,100.0,50,0,1.3037299999999998,1.3024627000000049,1.0156625000000012,0.2868002000000036,0.2868002000000036,10,10,11,673.7784066584059,10,7;7;6;5;4;5;6;5;2;3,paper_multivehicle_v2
OR-Tools,50,10,0.5,85,24.27937872012402,100.0,50,0,0.8649699999999996,0.8634226000000016,0.8166974000000007,0.04672520000000091,0.04672520000000091,10,10,11,572.1857348677408,10,6;7;6;6;5;5;5;4;4;2,paper_multivehicle_v2
OR-Tools,50,10,0.5,86,28.71589224500758,100.0,50,0,1.3991816000000004,1.3974677999999976,1.0161477000000012,0.3813200999999964,0.38130029999999593,10,9,11,659.3646852614734,10,6;7;6;4;5;4;5;5;5;3,paper_multivehicle_v2
OR-Tools,50,10,0.5,87,27.213798673903263,100.0,50,0,1.7988909999999994,1.797678699999997,1.017157000000001,0.780521699999996,0.780521699999996,10,10,11,683.1270526555592,10,6;6;7;5;4;6;4;4;4;4,paper_multivehicle_v2
OR-Tools,50,10,0.5,88,25.15206689607558,100.0,50,0,2.0636004000000003,2.0621267999999997,1.018017799999999,1.0441090000000006,1.0441090000000006,10,10,11,612.6789013308154,10,6;6;7;5;6;6;4;3;4;3,paper_multivehicle_v2
OR-Tools,50,10,0.5,89,23.668193054952937,100.0,50,0,1.4064500000000013,1.4051491000000063,1.0205153000000013,0.3846338000000049,0.38461970000000356,10,9,11,603.2981479928925,10,7;6;5;6;6;5;5;3;3;4,paper_multivehicle_v2
OR-Tools,50,10,0.5,90,25.543062639109447,100.0,50,0,2.9828484999999993,2.981948400000002,1.0199739999999995,1.9619744000000026,1.961953400000004,10,8,11,580.657836257293,10,5;6;6;5;5;4;5;4;5;5,paper_multivehicle_v2
OR-Tools,50,10,0.5,91,21.597582070731207,100.0,50,0,1.5467469000000005,1.5457595000000008,1.0200907000000008,0.5256688,0.5256688,10,10,11,622.4979286516112,10,7;5;6;6;5;5;4;4;4;4,paper_multivehicle_v2
OR-Tools,50,10,0.5,92,25.184536370664514,100.0,50,0,1.7181546,1.7168281000000007,1.0188658000000004,0.6979623000000004,0.6979623000000004,10,10,11,601.5084415200937,10,7;6;6;6;5;5;4;4;4;3,paper_multivehicle_v2
OR-Tools,50,10,0.5,93,27.314303570085794,100.0,50,0,1.2233096999999997,1.2220251999999991,1.017472099999999,0.20455310000000004,0.20455310000000004,10,10,11,652.2662334114586,10,7;6;7;5;5;4;4;4;4;4,paper_multivehicle_v2
OR-Tools,50,10,0.5,94,25.557637663464277,100.0,50,0,1.8763041999999999,1.875207299999996,1.0131900999999992,0.8620171999999968,0.8620171999999968,10,10,11,629.7004860061538,10,6;6;6;5;5;5;5;4;4;4,paper_multivehicle_v2
OR-Tools,50,10,0.5,95,23.949185496355017,100.0,50,0,1.2821115999999986,1.2809655999999983,1.0186758999999999,0.2622896999999984,0.26227479999999836,10,9,11,598.2490571731017,10,6;6;6;5;6;6;5;4;3;3,paper_multivehicle_v2
OR-Tools,50,10,0.5,96,25.3501912579244,100.0,50,0,1.525622799999999,1.5246755999999948,1.0142190999999983,0.5104564999999965,0.5104427999999981,10,9,11,608.188249399258,10,6;6;5;6;6;4;5;3;5;4,paper_multivehicle_v2
OR-Tools,50,10,0.5,97,27.794150862620086,100.0,50,0,1.6976977999999985,1.696702100000003,1.0181395000000002,0.6785626000000029,0.6785626000000029,10,10,11,652.777566338745,10,7;5;6;5;5;6;5;5;3;3,paper_multivehicle_v2
OR-Tools,50,10,0.5,98,26.67432926827844,100.0,50,0,2.212333000000001,2.2114469000000003,1.0194390999999996,1.1920078000000007,1.1919993000000009,10,9,11,637.7352771959771,10,6;5;6;7;6;5;4;4;3;4,paper_multivehicle_v2
OR-Tools,50,10,0.5,99,22.573450638338176,100.0,50,0,1.3467395,1.3458295999999983,1.0148624000000002,0.33096719999999813,0.33095879999999944,10,9,11,662.0868297569918,10,6;6;6;5;6;6;6;3;3;3,paper_multivehicle_v2
OR-Tools,50,10,0.5,100,26.77694180348791,100.0,50,0,1.375520700000001,1.374638299999999,1.0160734999999992,0.3585647999999999,0.3585647999999999,10,10,11,647.8649630368302,10,7;5;8;6;5;3;4;4;5;3,paper_multivehicle_v2
OR-Tools,50,10,0.75,1,27.104372881396337,98.0,49,1,0.07591890000000001,0.07442550000000026,0.021155800000000058,0.0532697000000002,0.0532697000000002,10,10,11,657.1283914552946,10,6;6;7;6;5;6;4;3;3;3,paper_multivehicle_v2
OR-Tools,50,10,0.75,2,25.49582916699903,100.0,50,0,0.27130429999999994,0.2698442999999998,0.22289899999999996,0.04694529999999986,0.04694529999999986,10,10,11,644.4649504369717,10,8;6;7;6;5;5;5;4;3;1,paper_multivehicle_v2
OR-Tools,50,10,0.75,3,26.069055622575533,100.0,50,0,0.7567186,0.7556057999999992,0.7214282999999999,0.034177499999999306,0.034177499999999306,10,10,11,607.6802216990743,10,7;6;6;6;5;5;6;4;3;2,paper_multivehicle_v2
OR-Tools,50,10,0.75,4,24.516165559662046,100.0,50,0,0.06552179999999996,0.06412859999999998,0.01726609999999995,0.04686250000000003,0.04686250000000003,10,10,11,600.0380630018662,10,7;6;8;6;6;6;4;2;3;2,paper_multivehicle_v2
OR-Tools,50,10,0.75,5,23.814952938945723,100.0,50,0,0.5735106999999999,0.5717963,0.5231456,0.04865070000000005,0.04865070000000005,10,10,11,595.2478487638276,10,7;6;6;6;6;4;4;3;4;4,paper_multivehicle_v2
OR-Tools,50,10,0.75,6,23.58899054680242,100.0,50,0,0.07720610000000006,0.07574429999999988,0.02321249999999997,0.052531799999999906,0.052531799999999906,10,10,11,609.1855106545198,10,9;7;8;7;6;4;4;3;1;1,paper_multivehicle_v2
OR-Tools,50,10,0.75,7,21.038739363330773,100.0,50,0,0.4614659000000001,0.4602341000000001,0.4249134000000001,0.03532069999999998,0.03532069999999998,10,10,11,621.7905457970011,10,7;7;8;7;5;5;4;2;3;2,paper_multivehicle_v2
OR-Tools,50,10,0.75,8,28.488387687633793,100.0,50,0,0.06804049999999995,0.06659630000000016,0.022053800000000012,0.04454250000000015,0.04454250000000015,10,10,11,645.9101470863134,10,7;6;7;6;6;6;5;4;2;1,paper_multivehicle_v2
OR-Tools,50,10,0.75,9,25.412783984973466,100.0,50,0,0.07736790000000004,0.07581190000000015,0.023979700000000048,0.051832200000000106,0.051832200000000106,10,10,11,625.531646600077,10,7;6;7;6;6;5;4;4;3;2,paper_multivehicle_v2
OR-Tools,50,10,0.75,10,25.522233953464827,100.0,50,0,0.5672970999999999,0.5659803999999999,0.5253827,0.04059769999999996,0.04059769999999996,10,10,11,636.2088452827264,10,8;7;6;6;5;5;4;3;3;3,paper_multivehicle_v2
OR-Tools,50,10,0.75,11,23.582091470606542,100.0,50,0,0.18385989999999997,0.18193800000000004,0.12621269999999996,0.05572530000000009,0.05572530000000009,10,10,11,617.2287598064192,10,8;7;6;6;5;4;5;4;3;2,paper_multivehicle_v2
OR-Tools,50,10,0.75,12,28.294941599622575,100.0,50,0,0.25790859999999993,0.2565544000000002,0.21851579999999993,0.038038600000000256,0.038038600000000256,10,10,11,683.5872056312975,10,5;7;6;6;6;5;5;5;3;2,paper_multivehicle_v2
OR-Tools,50,10,0.75,13,25.15385421871606,100.0,50,0,0.9241325,0.9227581000000001,0.7172421999999999,0.2055159000000002,0.2055159000000002,10,10,11,611.4809221227014,10,7;6;6;6;6;6;5;3;3;2,paper_multivehicle_v2
OR-Tools,50,10,0.75,14,26.286981585131276,98.0,49,1,0.2682989,0.2667261000000004,0.21561489999999994,0.05111120000000047,0.05111120000000047,10,10,11,604.429273651524,10,6;7;6;6;5;5;5;4;3;2,paper_multivehicle_v2
OR-Tools,50,10,0.75,15,21.356789452702998,100.0,50,0,0.06265969999999998,0.06112470000000014,0.010807200000000017,0.050317500000000126,0.050317500000000126,10,10,11,639.0715074000877,10,6;8;6;7;5;5;5;5;2;1,paper_multivehicle_v2
OR-Tools,50,10,0.75,16,28.086721885744854,100.0,50,0,0.8720345999999999,0.8705993,0.7149785999999999,0.15562070000000006,0.15562070000000006,10,10,11,611.788060601049,10,6;7;6;5;4;6;4;4;5;3,paper_multivehicle_v2
OR-Tools,50,10,0.75,17,24.355477482371256,98.0,49,1,0.06929969999999996,0.0675304000000001,0.008181900000000075,0.059348500000000026,0.059348500000000026,10,10,11,662.7240096853468,10,8;6;6;7;6;5;5;2;2;2,paper_multivehicle_v2
OR-Tools,50,10,0.75,18,22.325156461366394,100.0,50,0,0.05692649999999999,0.05556489999999992,0.007470700000000052,0.048094199999999865,0.048094199999999865,10,10,11,594.8828036752044,10,7;7;7;5;5;5;5;3;4;2,paper_multivehicle_v2
OR-Tools,50,10,0.75,19,31.145021144719898,100.0,50,0,0.4600789999999999,0.4585136000000005,0.4137264999999999,0.044787100000000635,0.044787100000000635,10,10,11,670.0416121154703,10,4;7;6;5;5;5;5;6;5;2,paper_multivehicle_v2
OR-Tools,50,10,0.75,20,29.531658903000746,100.0,50,0,0.7499102999999999,0.7487689000000002,0.5149424,0.23382650000000016,0.23382650000000016,10,10,11,647.310696308984,10,5;5;6;5;6;7;5;4;4;3,paper_multivehicle_v2
OR-Tools,50,10,0.75,21,25.051095942718387,100.0,50,0,0.46304139999999994,0.46159929999999993,0.41501299999999997,0.04658629999999997,0.04658629999999997,10,10,11,636.2011080247388,10,7;7;5;6;7;6;4;4;2;2,paper_multivehicle_v2
OR-Tools,50,10,0.75,22,29.581045426238003,100.0,50,0,0.2784770000000001,0.2766557999999999,0.21649999999999991,0.06015579999999998,0.06015579999999998,10,10,11,635.2185177304187,10,6;7;5;6;6;5;5;4;3;3,paper_multivehicle_v2
OR-Tools,50,10,0.75,23,29.06784760133195,100.0,50,0,0.3113253,0.3096773000000006,0.008535800000000204,0.3011415000000004,0.3011415000000004,10,10,11,656.012174867481,10,7;7;7;7;5;5;4;3;3;2,paper_multivehicle_v2
OR-Tools,50,10,0.75,24,25.60631463782021,100.0,50,0,0.3533944,0.35213829999999957,0.3128656999999999,0.03927259999999966,0.03927259999999966,10,10,11,610.7088093488645,10,6;6;6;6;6;5;5;4;3;3,paper_multivehicle_v2
OR-Tools,50,10,0.75,25,22.69110994458695,100.0,50,0,0.04648390000000013,0.04549330000000018,0.008890000000000065,0.036603300000000116,0.036603300000000116,10,10,11,604.1645545763411,10,7;6;6;6;4;6;4;4;4;3,paper_multivehicle_v2
OR-Tools,50,10,0.75,26,29.83046706250692,100.0,50,0,1.0009258,0.9999111000000005,0.7120982,0.2878129000000005,0.2878129000000005,10,10,11,650.240615086627,10,7;7;5;6;7;6;3;4;3;2,paper_multivehicle_v2
OR-Tools,50,10,0.75,27,27.22904629050187,100.0,50,0,1.0320727,1.0310660000000005,0.7134756,0.3175904000000005,0.3175904000000005,10,10,11,640.3695764164208,10,6;7;7;6;6;5;6;3;2;2,paper_multivehicle_v2
OR-Tools,50,10,0.75,28,30.76751463506015,98.0,49,1,0.06868079999999988,0.06710269999999974,0.0143065,0.05279619999999974,0.05279619999999974,10,10,11,607.5699146582177,10,6;8;6;6;5;5;4;4;3;2,paper_multivehicle_v2
OR-Tools,50,10,0.75,29,30.52395456090694,100.0,50,0,0.5697147,0.5681742999999997,0.31756000000000006,0.2506142999999996,0.2506142999999996,10,10,11,639.8256971668642,10,7;6;6;7;6;4;5;4;3;2,paper_multivehicle_v2
OR-Tools,50,10,0.75,30,31.334089163763906,100.0,50,0,0.06351070000000014,0.061964200000000025,0.0142682999999999,0.047695900000000124,0.047695900000000124,10,10,11,655.4593311026064,10,7;7;6;7;5;6;4;4;2;2,paper_multivehicle_v2
OR-Tools,50,10,0.75,31,23.4417118905986,100.0,50,0,0.7446059,0.7435866999999994,0.7135748,0.030011899999999425,0.030011899999999425,10,10,11,600.1259176480967,10,6;7;5;6;5;5;5;5;3;3,paper_multivehicle_v2
OR-Tools,50,10,0.75,32,29.222726908102086,98.0,49,1,0.5083564999999999,0.5069143999999999,0.21207330000000013,0.29484109999999975,0.29484109999999975,10,10,11,667.7173822766732,10,6;5;6;6;5;6;6;4;3;2,paper_multivehicle_v2
OR-Tools,50,10,0.75,33,28.062847572061457,100.0,50,0,0.049308200000000024,0.04822760000000015,0.009416099999999927,0.03881150000000022,0.03881150000000022,10,10,11,646.2771476112075,10,8;6;6;5;6;5;4;4;4;2,paper_multivehicle_v2
OR-Tools,50,10,0.75,34,31.79310129342793,100.0,50,0,0.48129900000000014,0.48021930000000035,0.1106929000000001,0.36952640000000025,0.36952640000000025,10,10,11,666.9224101809888,10,7;8;6;5;4;5;5;4;3;3,paper_multivehicle_v2
OR-Tools,50,10,0.75,35,30.752085781921654,100.0,50,0,0.16036800000000007,0.1588193,0.11106869999999991,0.04775060000000009,0.04775060000000009,10,10,11,634.060512235132,10,6;6;7;5;6;5;4;4;4;3,paper_multivehicle_v2
OR-Tools,50,10,0.75,36,27.71831344472854,100.0,50,0,0.15698420000000013,0.15567989999999976,0.11312560000000005,0.04255429999999971,0.04255429999999971,10,10,11,652.8841236974245,10,7;5;5;5;6;6;5;5;3;3,paper_multivehicle_v2
OR-Tools,50,10,0.75,37,26.714319287471625,100.0,50,0,0.14856760000000002,0.1474666,0.10970579999999996,0.03776080000000004,0.03776080000000004,10,10,11,632.0282694069558,10,8;7;6;5;6;5;6;3;2;2,paper_multivehicle_v2
OR-Tools,50,10,0.75,38,26.981461138013536,100.0,50,0,0.4655574,0.4639131999999999,0.417011,0.046902199999999894,0.046902199999999894,10,10,11,640.7562802072896,10,6;7;6;8;5;5;5;4;2;2,paper_multivehicle_v2
OR-Tools,50,10,0.75,39,28.751045381736553,100.0,50,0,0.5589835999999999,0.5576425000000009,0.5145908000000001,0.0430517000000008,0.0430517000000008,10,10,11,691.067766040647,10,8;7;5;5;5;5;4;4;4;3,paper_multivehicle_v2
OR-Tools,50,10,0.75,40,29.22619460363639,100.0,50,0,0.35603129999999994,0.3547769999999999,0.3120039000000001,0.042773099999999786,0.042773099999999786,10,10,11,662.7837872694759,10,5;6;8;5;6;5;5;4;3;3,paper_multivehicle_v2
OR-Tools,50,10,0.75,41,30.798855517270905,100.0,50,0,0.05497899999999989,0.0536114999999997,0.00872420000000007,0.04488729999999963,0.04488729999999963,10,10,11,669.4146637373067,10,5;7;7;7;6;4;4;4;4;2,paper_multivehicle_v2
OR-Tools,50,10,0.75,42,27.169871707079935,100.0,50,0,0.15302170000000004,0.15195139999999974,0.11122759999999987,0.040723799999999866,0.040723799999999866,10,10,11,665.0725477522304,10,6;7;8;5;7;5;5;3;2;2,paper_multivehicle_v2
OR-Tools,50,10,0.75,43,29.896226970954466,100.0,50,0,0.24826839999999994,0.24721959999999998,0.21140439999999994,0.03581520000000005,0.03581520000000005,10,10,11,629.6109144448617,10,7;7;7;6;6;5;4;3;3;2,paper_multivehicle_v2
OR-Tools,50,10,0.75,44,29.10155254019534,100.0,50,0,0.4754187999999999,0.4736439000000008,0.21659439999999996,0.2570495000000008,0.2570495000000008,10,10,11,690.4430927245053,10,7;7;6;5;6;5;5;4;3;2,paper_multivehicle_v2
OR-Tools,50,10,0.75,45,29.3114315562712,100.0,50,0,0.37425189999999997,0.3723519000000006,0.31610839999999985,0.05624350000000078,0.05624350000000078,10,10,11,644.5693859491345,10,6;6;6;5;6;5;4;4;4;4,paper_multivehicle_v2
OR-Tools,50,10,0.75,46,23.521406690534942,100.0,50,0,0.06465359999999998,0.06302659999999993,0.008163400000000154,0.05486319999999978,0.05486319999999978,10,10,11,611.666154089755,10,7;6;6;6;7;5;4;4;3;2,paper_multivehicle_v2
OR-Tools,50,10,0.75,47,26.18414940553367,98.0,49,1,0.05199250000000011,0.05084590000000011,0.008751500000000023,0.04209440000000009,0.04209440000000009,10,10,11,607.318918428866,10,6;7;6;6;6;6;3;4;3;2,paper_multivehicle_v2
OR-Tools,50,10,0.75,48,26.21616941318182,100.0,50,0,0.5607315000000002,0.5592080999999993,0.5131212999999999,0.04608679999999943,0.04608679999999943,10,10,11,633.458286196413,10,9;7;7;5;5;5;3;3;4;2,paper_multivehicle_v2
OR-Tools,50,10,0.75,49,28.747028712562713,100.0,50,0,0.45241890000000007,0.4512354000000005,0.4121138,0.039121600000000534,0.039121600000000534,10,10,11,691.9993778671559,10,7;7;6;6;6;4;4;4;3;3,paper_multivehicle_v2
OR-Tools,50,10,0.75,50,22.8741420381273,100.0,50,0,0.45571640000000024,0.45433640000000053,0.4153971000000001,0.038939300000000454,0.038939300000000454,10,10,11,652.6178887930612,10,7;5;8;6;5;5;5;5;2;2,paper_multivehicle_v2
OR-Tools,50,10,0.75,51,27.535500378212,100.0,50,0,0.5463702000000001,0.5453919000000003,0.5134775,0.03191440000000023,0.03191440000000023,10,10,11,615.4374189010349,10,6;6;6;6;6;7;6;3;2;2,paper_multivehicle_v2
OR-Tools,50,10,0.75,52,28.191531819810503,100.0,50,0,0.05828750000000005,0.056919999999999416,0.010817899999999714,0.0461020999999997,0.0461020999999997,10,10,11,632.4860583666348,10,7;7;6;6;5;6;5;3;3;2,paper_multivehicle_v2
OR-Tools,50,10,0.75,53,28.05468468462207,100.0,50,0,0.06563700000000017,0.06396779999999991,0.006287899999999791,0.05767990000000012,0.05767990000000012,10,10,11,659.1056331769793,10,6;8;6;7;6;4;5;5;2;1,paper_multivehicle_v2
OR-Tools,50,10,0.75,54,27.163750695254322,100.0,50,0,1.1598522,1.1585366000000001,0.9177035,0.24083310000000013,0.24083310000000013,10,10,11,680.0173021381765,10,5;6;7;6;6;5;5;4;3;3,paper_multivehicle_v2
OR-Tools,50,10,0.75,55,24.726190368301346,100.0,50,0,0.7173944999999997,0.7157438999999997,0.4142994999999998,0.30144439999999983,0.30144439999999983,10,10,11,618.0840976469544,10,6;5;6;5;7;4;5;5;4;3,paper_multivehicle_v2
OR-Tools,50,10,0.75,56,31.31567219594463,100.0,50,0,0.3959304000000001,0.3944671999999998,0.00930730000000013,0.38515989999999967,0.38515989999999967,10,10,11,663.54020200616,10,8;7;5;6;6;4;4;3;4;3,paper_multivehicle_v2
OR-Tools,50,10,0.75,57,30.713288909572675,100.0,50,0,0.25995219999999986,0.25861609999999846,0.21462509999999968,0.04399099999999878,0.04399099999999878,10,10,11,682.8759599712248,10,6;6;6;6;6;5;4;4;4;3,paper_multivehicle_v2
OR-Tools,50,10,0.75,58,24.62320991383177,100.0,50,0,0.2548930999999999,0.25348390000000043,0.01511280000000026,0.23837110000000017,0.23837110000000017,10,10,11,576.8607592222701,10,7;8;6;5;6;5;5;3;3;2,paper_multivehicle_v2
OR-Tools,50,10,0.75,59,26.845481622630842,98.0,49,1,0.26518099999999967,0.26355729999999955,0.01352909999999996,0.2500281999999996,0.2500281999999996,10,10,11,641.5581982387539,10,6;7;7;7;5;4;4;4;3;2,paper_multivehicle_v2
OR-Tools,50,10,0.75,60,28.69021902097886,98.0,49,1,0.05240589999999967,0.051219299999999635,0.00838530000000004,0.042833999999999595,0.042833999999999595,10,10,11,626.3529614376049,10,6;7;6;5;6;5;4;5;3;2,paper_multivehicle_v2
OR-Tools,50,10,0.75,61,23.088722356321124,100.0,50,0,0.36821459999999995,0.3665328999999997,0.3146085999999997,0.051924300000000034,0.051924300000000034,10,10,11,662.3233937458439,10,6;5;7;7;7;5;4;4;3;2,paper_multivehicle_v2
OR-Tools,50,10,0.75,62,28.98320822039419,100.0,50,0,0.1983678999999996,0.1971071999999996,0.010229899999999681,0.1868772999999999,0.1868772999999999,10,10,11,659.3884504281566,10,8;6;6;6;6;5;4;4;3;2,paper_multivehicle_v2
OR-Tools,50,10,0.75,63,26.37551395745811,98.0,49,1,0.05419339999999995,0.05289290000000024,0.009154099999999943,0.0437388000000003,0.0437388000000003,10,10,11,634.9703293307275,10,7;6;7;6;5;4;4;5;3;2,paper_multivehicle_v2
OR-Tools,50,10,0.75,64,26.96717553753336,100.0,50,0,0.06123159999999972,0.05980099999999977,0.009648299999999832,0.05015269999999994,0.05015269999999994,10,10,11,711.7811277327708,10,6;6;7;6;6;4;4;4;4;3,paper_multivehicle_v2
OR-Tools,50,10,0.75,65,27.927428243035216,100.0,50,0,0.2627687999999999,0.2613037000000009,0.21169670000000007,0.049607000000000845,0.049607000000000845,10,10,11,632.3252330890385,10,7;6;5;6;6;6;5;4;3;2,paper_multivehicle_v2
OR-Tools,50,10,0.75,66,29.194562457919414,100.0,50,0,0.8615253999999997,0.8602266000000003,0.7165542999999999,0.14367230000000042,0.14367230000000042,10,10,11,676.9499159191879,10,6;7;7;6;6;4;4;5;3;2,paper_multivehicle_v2
OR-Tools,50,10,0.75,67,27.47241857222941,98.0,49,1,0.25512739999999967,0.2536307,0.21086019999999994,0.042770500000000045,0.042770500000000045,10,10,11,666.3391400550626,10,7;7;5;5;7;5;5;3;3;2,paper_multivehicle_v2
OR-Tools,50,10,0.75,68,24.106373332836217,100.0,50,0,0.04818829999999963,0.04696049999999996,0.01291510000000029,0.03404539999999967,0.03404539999999967,10,10,11,668.3374972439967,10,8;9;5;6;5;5;5;3;2;2,paper_multivehicle_v2
OR-Tools,50,10,0.75,69,24.818357785344933,100.0,50,0,0.16043450000000004,0.1591191000000003,0.1146752000000002,0.04444390000000009,0.04444390000000009,10,10,11,619.2610201859088,10,6;7;8;7;4;4;4;5;3;2,paper_multivehicle_v2
OR-Tools,50,10,0.75,70,28.799025051097956,100.0,50,0,0.3582964999999998,0.35678939999999937,0.31519450000000004,0.041594899999999324,0.041594899999999324,10,10,11,675.6894778609036,10,8;6;6;6;5;5;4;4;4;2,paper_multivehicle_v2
OR-Tools,50,10,0.75,71,27.942237106120132,100.0,50,0,0.3631156,0.3615512999999999,0.1126362000000003,0.2489150999999996,0.2489150999999996,10,10,11,649.1891889887287,10,6;6;7;6;5;6;5;3;4;2,paper_multivehicle_v2
OR-Tools,50,10,0.75,72,27.34291011598598,98.0,49,1,0.5589450999999999,0.5575693999999998,0.5158371000000002,0.04173229999999961,0.04173229999999961,10,10,11,620.3490753120892,10,7;7;6;6;6;4;4;3;3;3,paper_multivehicle_v2
OR-Tools,50,10,0.75,73,28.51361045072795,100.0,50,0,0.3124498,0.3109203999999992,0.008735099999999996,0.3021852999999992,0.3021852999999992,10,10,11,617.3372205364465,10,8;7;7;7;5;5;5;4;1;1,paper_multivehicle_v2
OR-Tools,50,10,0.75,74,31.967413937825413,100.0,50,0,0.5505028000000003,0.5490705,0.5092376999999999,0.03983280000000011,0.03983280000000011,10,10,11,691.4829827770373,10,7;7;5;6;5;5;5;3;3;4,paper_multivehicle_v2
OR-Tools,50,10,0.75,75,29.153882972161554,100.0,50,0,0.4734929000000001,0.47182040000000036,0.41587629999999987,0.055944100000000496,0.055944100000000496,10,10,11,615.377589989518,10,6;8;7;6;7;4;5;2;3;2,paper_multivehicle_v2
OR-Tools,50,10,0.75,76,24.970259882106518,100.0,50,0,0.15971329999999995,0.1583116000000011,0.11272420000000016,0.045587400000000944,0.045587400000000944,10,10,11,657.6115644148641,10,7;7;7;6;5;5;4;5;2;2,paper_multivehicle_v2
OR-Tools,50,10,0.75,77,28.406208044085876,94.0,47,3,0.6070017999999999,0.6056603999999997,0.3160471,0.28961329999999963,0.28961329999999963,10,10,11,602.6100096607769,10,7;6;5;5;6;4;4;4;2;4,paper_multivehicle_v2
OR-Tools,50,10,0.75,78,29.957070123438513,100.0,50,0,0.4541629999999999,0.4528065999999997,0.41219859999999997,0.040607999999999755,0.040607999999999755,10,10,11,639.0448816805314,10,6;6;6;5;5;5;4;5;5;3,paper_multivehicle_v2
OR-Tools,50,10,0.75,79,22.994493982868466,100.0,50,0,0.3666993999999999,0.36519140000000005,0.31580340000000007,0.04938799999999999,0.04938799999999999,10,10,11,628.3556474563068,10,7;7;7;5;6;5;5;4;2;2,paper_multivehicle_v2
OR-Tools,50,10,0.75,80,27.10047868845453,100.0,50,0,0.2604462999999999,0.25892430000000033,0.21476439999999997,0.04415990000000036,0.04415990000000036,10,10,11,666.1634666863037,10,6;7;7;6;6;5;5;4;3;1,paper_multivehicle_v2
OR-Tools,50,10,0.75,81,24.968590941462494,98.0,49,1,0.05784849999999997,0.05645800000000012,0.00960939999999999,0.04684860000000013,0.04684860000000013,10,10,11,666.7702686325607,10,7;6;6;6;5;5;4;4;4;2,paper_multivehicle_v2
OR-Tools,50,10,0.75,82,25.61774877051145,100.0,50,0,0.5718025,0.5700890000000003,0.3155334999999999,0.2545555000000004,0.2545555000000004,10,10,11,623.8863335378186,10,7;7;7;6;5;4;4;4;3;3,paper_multivehicle_v2
OR-Tools,50,10,0.75,83,29.367065094168442,100.0,50,0,1.1773425999999998,1.1764423999999973,0.8133022999999997,0.36314009999999763,0.36314009999999763,10,10,11,651.9182006181125,10,6;6;6;5;7;4;5;4;3;4,paper_multivehicle_v2
OR-Tools,50,10,0.75,84,23.24080821026649,100.0,50,0,0.3664213000000003,0.3648494000000002,0.3146563000000002,0.05019309999999999,0.05019309999999999,10,10,11,604.0595392904596,10,7;6;5;6;5;5;5;4;4;3,paper_multivehicle_v2
OR-Tools,50,10,0.75,85,25.13905373603987,100.0,50,0,0.2741711000000002,0.2723499999999994,0.21586159999999976,0.05648839999999966,0.05648839999999966,10,10,11,652.2608565986981,10,7;8;5;6;5;4;4;4;4;3,paper_multivehicle_v2
OR-Tools,50,10,0.75,86,24.030508659416256,100.0,50,0,0.041001500000000135,0.03995309999999952,0.011314099999999883,0.028638999999999637,0.028638999999999637,10,10,11,608.1860381771274,10,8;8;5;5;5;5;5;4;3;2,paper_multivehicle_v2
OR-Tools,50,10,0.75,87,27.505240024954986,100.0,50,0,0.2726660999999999,0.27081470000000074,0.21592240000000018,0.05489230000000056,0.05489230000000056,10,10,11,623.5919661918963,10,7;6;7;6;5;5;5;3;4;2,paper_multivehicle_v2
OR-Tools,50,10,0.75,88,23.84670294365112,100.0,50,0,0.16799319999999973,0.16618460000000024,0.11406500000000008,0.052119600000000155,0.052119600000000155,10,10,11,616.2385325190161,10,7;7;8;5;6;6;4;3;3;1,paper_multivehicle_v2
OR-Tools,50,10,0.75,89,26.791897085715696,100.0,50,0,0.0354000000000001,0.034469099999999475,0.0056099000000000565,0.02885919999999942,0.02885919999999942,10,10,11,625.6406193059267,10,6;8;6;6;5;5;5;4;3;2,paper_multivehicle_v2
OR-Tools,50,10,0.75,90,26.29061964888619,100.0,50,0,0.3409027,0.3397098999999999,0.3107099,0.028999999999999915,0.028999999999999915,10,10,11,635.584982174719,10,7;7;7;4;6;5;4;4;3;3,paper_multivehicle_v2
OR-Tools,50,10,0.75,91,27.34814723162787,100.0,50,0,0.5336240999999999,0.5327375000000005,0.5093559000000001,0.023381600000000446,0.023381600000000446,10,10,11,658.5289874356041,10,6;5;7;6;4;5;5;4;4;4,paper_multivehicle_v2
OR-Tools,50,10,0.75,92,29.018415184142455,100.0,50,0,0.4446097,0.4436148000000002,0.4100042000000004,0.033610599999999824,0.033610599999999824,10,10,11,608.2936538306756,10,6;6;5;6;7;5;6;5;2;2,paper_multivehicle_v2
OR-Tools,50,10,0.75,93,28.820533572618807,92.0,46,4,0.40059179999999994,0.3990382999999995,0.012816500000000008,0.3862217999999995,0.3862217999999995,10,10,11,635.770915502591,10,9;5;5;5;5;5;4;4;2;2,paper_multivehicle_v2
OR-Tools,50,10,0.75,94,25.317213786418744,96.0,48,2,0.25517350000000016,0.2538971999999995,0.012998300000000018,0.24089889999999947,0.24089889999999947,10,10,11,628.1063809178596,10,5;7;7;5;6;5;4;4;3;2,paper_multivehicle_v2
OR-Tools,50,10,0.75,95,26.767037869372604,98.0,49,1,0.25642180000000003,0.25494179999999966,0.21422810000000014,0.04071369999999952,0.04071369999999952,10,10,11,660.1747148121557,10,7;8;7;6;5;4;4;4;2;2,paper_multivehicle_v2
OR-Tools,50,10,0.75,96,26.833912509129682,100.0,50,0,0.5090181,0.5080972999999998,0.3109451000000001,0.19715219999999967,0.19715219999999967,10,10,11,618.3546493672101,10,5;8;6;7;5;5;5;4;3;2,paper_multivehicle_v2
OR-Tools,50,10,0.75,97,28.52764884489617,100.0,50,0,0.06388890000000025,0.06238319999999975,0.010227699999999729,0.05215550000000002,0.05215550000000002,10,10,11,652.4323971329763,10,7;6;6;5;6;5;5;4;4;2,paper_multivehicle_v2
OR-Tools,50,10,0.75,98,25.900995811927178,100.0,50,0,1.2690420000000002,1.2681266000000004,1.0139398999999996,0.2541867000000009,0.2541867000000009,10,10,11,614.1735506740936,10,7;6;6;6;7;5;4;4;3;2,paper_multivehicle_v2
OR-Tools,50,10,0.75,99,24.369063677465494,96.0,48,2,0.0545407,0.05335329999999994,0.007960800000000212,0.045392499999999725,0.045392499999999725,10,10,11,580.6120160926506,10,7;7;7;5;4;5;3;4;3;3,paper_multivehicle_v2
OR-Tools,50,10,0.75,100,30.514444743118815,100.0,50,0,0.5496289999999999,0.548646699999999,0.013151399999999924,0.5354952999999991,0.5354952999999991,10,10,11,621.6501633505732,10,6;7;7;6;6;5;5;3;3;2,paper_multivehicle_v2
Tabu Search,20,4,0.1,1,9.34966116315797,100.0,20,0,0.6401221000000001,0.6391095999999994,0.4412022,0.1979073999999994,0.1978392999999996,10,4,11,539.6824932455071,4,5;6;4;5,paper_multivehicle_v2
Tabu Search,20,4,0.1,2,9.95347427306931,100.0,20,0,0.27957999999999994,0.2784324,0.26052429999999993,0.017908100000000093,0.017857599999999918,10,6,11,578.1121806912882,4,6;5;5;4,paper_multivehicle_v2
Tabu Search,20,4,0.1,3,8.827412451091881,100.0,20,0,0.4311813,0.4303178000000001,0.3729804000000001,0.05733739999999998,0.05729200000000012,10,4,11,572.7631392310545,4,4;6;5;5,paper_multivehicle_v2
Tabu Search,20,4,0.1,4,8.620873640487357,100.0,20,0,0.5170341,0.5161531000000001,0.4267110999999999,0.08944200000000024,0.0893948,10,4,11,580.568384694197,4,6;5;5;4,paper_multivehicle_v2
Tabu Search,20,4,0.1,5,8.670200934084722,100.0,20,0,0.4321906,0.43131659999999994,0.376719,0.05459759999999991,0.05455129999999997,10,4,11,626.9131078577122,4,5;4;5;6,paper_multivehicle_v2
Tabu Search,20,4,0.1,6,10.06626979449904,100.0,20,0,0.5863726,0.5852844999999995,0.3804247999999999,0.20485969999999964,0.20480549999999975,10,5,11,574.9210198006742,4,6;4;5;5,paper_multivehicle_v2
Tabu Search,20,4,0.1,7,8.450978032176462,100.0,20,0,0.40192530000000004,0.40096719999999997,0.3603155,0.04065169999999996,0.040591400000000055,10,4,11,552.691127381545,4,5;5;5;5,paper_multivehicle_v2
Tabu Search,20,4,0.1,8,7.255923849992271,100.0,20,0,0.4817615000000002,0.4809604999999999,0.4347356,0.0462248999999999,0.04617939999999998,10,4,11,544.7610994347688,4,6;5;4;5,paper_multivehicle_v2
Tabu Search,20,4,0.1,9,9.068536955789417,100.0,20,0,0.5780091,0.5771276999999995,0.4805828999999999,0.09654479999999954,0.09649879999999977,10,4,11,548.5930025585701,4,5;5;5;5,paper_multivehicle_v2
Tabu Search,20,4,0.1,10,9.118685105700257,100.0,20,0,0.5924856000000001,0.5914717999999997,0.4675400999999999,0.12393169999999976,0.12387839999999972,10,5,11,570.4709898254683,4,5;5;4;6,paper_multivehicle_v2
Tabu Search,20,4,0.1,11,9.036333072168516,100.0,20,0,0.25114409999999987,0.2503774999999997,0.19764239999999988,0.05273509999999981,0.05270359999999985,10,6,11,563.9827560572969,4,6;4;6;4,paper_multivehicle_v2
Tabu Search,20,4,0.1,12,9.136322823823233,100.0,20,0,0.48609800000000014,0.4850730000000003,0.2966527000000001,0.1884203000000002,0.18836580000000014,10,5,11,601.7538500417954,4,6;4;6;4,paper_multivehicle_v2
Tabu Search,20,4,0.1,13,8.989825207692206,100.0,20,0,0.31727379999999994,0.31656289999999987,0.2704521,0.046110799999999896,0.046075499999999936,10,6,11,580.7756131686542,4,6;4;6;4,paper_multivehicle_v2
Tabu Search,20,4,0.1,14,9.783670127300233,100.0,20,0,0.5339104000000001,0.5330748000000003,0.38543190000000016,0.14764290000000013,0.14759210000000023,10,5,11,562.2009732302483,4,6;4;5;5,paper_multivehicle_v2
Tabu Search,20,4,0.1,15,10.096535876151538,100.0,20,0,0.6041657999999999,0.6033077999999992,0.45198190000000005,0.15132589999999913,0.15127249999999992,10,5,11,578.488578017961,4,7;3;6;4,paper_multivehicle_v2
Tabu Search,20,4,0.1,16,10.026896711628698,100.0,20,0,0.45142780000000005,0.450693,0.3330534999999999,0.11763950000000012,0.1175921000000002,10,5,11,548.2495421230062,4,5;5;4;6,paper_multivehicle_v2
Tabu Search,20,4,0.1,17,7.69718973121323,100.0,20,0,0.31027270000000007,0.30924279999999915,0.26111549999999983,0.04812729999999932,0.04808709999999983,10,5,11,534.644304369257,4,6;5;4;5,paper_multivehicle_v2
Tabu Search,20,4,0.1,18,7.895132207662188,100.0,20,0,0.42499259999999994,0.42406800000000056,0.3725824,0.051485600000000575,0.05143880000000034,10,4,11,540.4152298679728,4,5;5;5;5,paper_multivehicle_v2
Tabu Search,20,4,0.1,19,10.074600793034131,100.0,20,0,0.19258130000000007,0.19191799999999937,0.17892599999999992,0.012991999999999448,0.012967099999999565,10,7,11,584.9231455295574,4,6;6;3;5,paper_multivehicle_v2
Tabu Search,20,4,0.1,20,9.110319206235873,100.0,20,0,0.6819836000000001,0.6811256000000001,0.5893109999999999,0.09181460000000019,0.0917536999999995,10,4,11,545.3069674690228,4,5;5;6;4,paper_multivehicle_v2
Tabu Search,20,4,0.1,21,10.370485838933972,100.0,20,0,0.3643711999999999,0.36365250000000016,0.32112950000000007,0.04252300000000009,0.04248419999999964,10,5,11,565.2115015710907,4,5;5;5;5,paper_multivehicle_v2
Tabu Search,20,4,0.1,22,7.877972015645353,100.0,20,0,0.551072,0.5502092999999999,0.4049319,0.1452773999999999,0.14521169999999994,10,4,11,568.0567998510053,4,5;5;5;5,paper_multivehicle_v2
Tabu Search,20,4,0.1,23,6.353152337117592,100.0,20,0,0.3173986,0.3155443999999996,0.260475,0.0550693999999996,0.05500040000000017,10,4,11,533.4134814442946,4,6;4;5;5,paper_multivehicle_v2
Tabu Search,20,4,0.1,24,9.030693580789013,95.0,19,1,0.4731018,0.4723261000000001,0.36680579999999985,0.10552030000000023,0.10548970000000102,10,6,11,570.3382532485547,4,5;4;5;5,paper_multivehicle_v2
Tabu Search,20,4,0.1,25,9.778033012251111,100.0,20,0,0.5244823000000001,0.5235843999999992,0.3952137,0.12837069999999917,0.12831819999999938,10,5,11,599.9020327570383,4,6;4;5;5,paper_multivehicle_v2
Tabu Search,20,4,0.1,26,10.560797058105996,100.0,20,0,0.4325213000000001,0.4318306000000003,0.35845440000000006,0.07337620000000022,0.0733381999999998,10,5,11,559.7119815335185,4,5;6;5;4,paper_multivehicle_v2
Tabu Search,20,4,0.1,27,8.227938719962355,100.0,20,0,0.4172372999999998,0.4165216000000007,0.3135341999999999,0.10298740000000084,0.10293900000000011,10,4,11,581.6070863670443,4,6;4;5;5,paper_multivehicle_v2
Tabu Search,20,4,0.1,28,9.567323135908646,100.0,20,0,0.5961217000000001,0.5953032999999996,0.5090875999999998,0.0862156999999999,0.08616629999999992,10,5,11,624.9087434763161,4,6;6;4;4,paper_multivehicle_v2
Tabu Search,20,4,0.1,29,7.214808515859216,100.0,20,0,0.3706223999999998,0.3699288000000014,0.3104722000000002,0.05945660000000119,0.059392100000000614,10,4,11,555.1664818918646,4,6;5;4;5,paper_multivehicle_v2
Tabu Search,20,4,0.1,30,8.996056057321345,100.0,20,0,0.22750840000000006,0.22671560000000035,0.2234191000000001,0.0032965000000002576,0.0032352000000002157,10,4,11,613.8606602279006,4,5;5;6;4,paper_multivehicle_v2
Tabu Search,20,4,0.1,31,9.078218894278006,100.0,20,0,0.1143310999999998,0.11364910000000039,0.0835701000000002,0.03007900000000019,0.03005670000000027,10,7,11,551.7166933545344,4,6;5;5;4,paper_multivehicle_v2
Tabu Search,20,4,0.1,32,8.887263489313991,95.0,19,1,0.45489590000000035,0.45416290000000004,0.3572770000000003,0.09688589999999975,0.09685499999999969,10,6,11,553.7631344236402,4,6;4;4;5,paper_multivehicle_v2
Tabu Search,20,4,0.1,33,7.6630064320707865,100.0,20,0,0.4848079000000003,0.48394559999999975,0.3754103,0.10853529999999978,0.10847689999999943,10,4,11,570.5538513813742,4,6;5;4;5,paper_multivehicle_v2
Tabu Search,20,4,0.1,34,8.056764360446072,100.0,20,0,0.3548922000000001,0.35420010000000035,0.2573871999999997,0.09681290000000065,0.09677400000000036,10,5,11,556.2167960491649,4,6;5;4;5,paper_multivehicle_v2
Tabu Search,20,4,0.1,35,7.636642407906109,100.0,20,0,0.2816717999999998,0.28101459999999934,0.2628486999999997,0.018165899999999624,0.018128599999999828,10,5,11,549.7825483327922,4,5;5;4;6,paper_multivehicle_v2
Tabu Search,20,4,0.1,36,4.99420431563071,100.0,20,0,0.5945475,0.5935563000000013,0.5090883000000002,0.0844680000000011,0.0843999000000002,10,4,11,515.8468966578698,4,5;5;5;5,paper_multivehicle_v2
Tabu Search,20,4,0.1,37,8.545978310145523,100.0,20,0,0.36809020000000015,0.3672398000000001,0.3373797999999999,0.02986000000000022,0.029804900000000245,10,5,11,610.8807239110762,4,5;6;5;4,paper_multivehicle_v2
Tabu Search,20,4,0.1,38,6.933036382062284,100.0,20,0,0.4027579000000001,0.40210640000000053,0.36135839999999986,0.04074800000000067,0.040699900000000344,10,4,11,548.1542368455549,4,5;6;5;4,paper_multivehicle_v2
Tabu Search,20,4,0.1,39,11.959258150126367,100.0,20,0,0.12584790000000012,0.12502760000000013,0.10093700000000005,0.024090600000000073,0.024070000000000036,10,8,11,637.542147870686,4,6;5;6;3,paper_multivehicle_v2
Tabu Search,20,4,0.1,40,8.069664913889369,100.0,20,0,0.19488770000000022,0.19420110000000124,0.18061609999999995,0.01358500000000129,0.013549700000000442,10,6,11,582.7277956543408,4,7;5;4;4,paper_multivehicle_v2
Tabu Search,20,4,0.1,41,8.280972340388356,100.0,20,0,0.5536512,0.5527870000000008,0.4811928999999999,0.07159410000000088,0.0715353000000003,10,4,11,580.4390362359178,4,5;4;5;6,paper_multivehicle_v2
Tabu Search,20,4,0.1,42,8.37072109066325,100.0,20,0,0.3062623000000002,0.30560820000000044,0.2606949999999997,0.044913200000000764,0.0448732000000005,10,5,11,572.4553946506097,4,6;5;4;5,paper_multivehicle_v2
Tabu Search,20,4,0.1,43,11.045835793548333,100.0,20,0,0.4116979999999999,0.41082159999999934,0.3392968999999999,0.07152469999999944,0.07147359999999958,10,5,11,684.7082743846607,4,5;5;5;5,paper_multivehicle_v2
Tabu Search,20,4,0.1,44,10.098525286272938,100.0,20,0,0.2782019,0.2775006999999996,0.2004804,0.0770202999999996,0.07698920000000031,10,6,11,656.0618218799459,4,6;5;4;5,paper_multivehicle_v2
Tabu Search,20,4,0.1,45,8.796499881969641,100.0,20,0,0.3285089000000001,0.32781619999999956,0.2573312000000003,0.07048499999999924,0.07044719999999982,10,5,11,535.0817574156816,4,5;6;4;5,paper_multivehicle_v2
Tabu Search,20,4,0.1,46,8.203175710445397,100.0,20,0,0.5684988,0.5671763999999997,0.47682769999999985,0.09034869999999984,0.09029920000000002,10,4,11,542.2414652783817,4,6;6;4;4,paper_multivehicle_v2
Tabu Search,20,4,0.1,47,10.216172771337106,100.0,20,0,0.4761294999999999,0.4753326000000002,0.3628583999999999,0.1124742000000003,0.11242190000000019,10,4,11,599.7539143410352,4,6;4;5;5,paper_multivehicle_v2
Tabu Search,20,4,0.1,48,8.130725911782697,100.0,20,0,0.5645856,0.5638331000000001,0.4610772999999999,0.10275580000000017,0.10270979999999996,10,4,11,580.4390362359177,4,5;5;5;5,paper_multivehicle_v2
Tabu Search,20,4,0.1,49,8.38901742747008,100.0,20,0,0.3761254000000003,0.37527409999999994,0.35287749999999996,0.02239659999999999,0.02234449999999999,10,5,11,608.4810358040809,4,5;6;6;3,paper_multivehicle_v2
Tabu Search,20,4,0.1,50,8.514297466888106,100.0,20,0,0.32652789999999987,0.32565520000000037,0.2760720000000001,0.04958320000000027,0.049528800000000484,10,5,11,578.7876361526288,4,6;5;5;4,paper_multivehicle_v2
Tabu Search,20,4,0.1,51,8.542559626290416,100.0,20,0,0.36615739999999963,0.36543009999999887,0.2544863000000004,0.11094379999999848,0.1109021999999995,10,5,11,575.8592718520227,4,5;7;4;4,paper_multivehicle_v2
Tabu Search,20,4,0.1,52,9.431643722653872,100.0,20,0,0.2798199000000001,0.2790998,0.23254909999999995,0.046550700000000056,0.04651009999999989,10,5,11,561.2711510931155,4,5;5;5;5,paper_multivehicle_v2
Tabu Search,20,4,0.1,53,8.865141249086268,100.0,20,0,0.5755421999999997,0.574799500000001,0.46640749999999986,0.10839200000000115,0.10834580000000038,10,4,11,580.2646498024104,4,5;4;6;5,paper_multivehicle_v2
Tabu Search,20,4,0.1,54,8.109587172390968,100.0,20,0,0.6193295000000001,0.6184551000000007,0.5016883999999999,0.11676670000000078,0.11669750000000034,10,4,11,556.5571681816929,4,5;5;5;5,paper_multivehicle_v2
Tabu Search,20,4,0.1,55,8.01425875462359,100.0,20,0,0.5046923999999997,0.5038318000000013,0.39159049999999995,0.11224130000000132,0.11218030000000034,10,4,11,566.9770084562581,4,5;4;5;6,paper_multivehicle_v2
Tabu Search,20,4,0.1,56,8.959897130805425,100.0,20,0,0.49479110000000004,0.49387649999999983,0.4089843999999996,0.08489210000000025,0.08485080000000034,10,5,11,580.4091629284898,4,6;4;5;5,paper_multivehicle_v2
Tabu Search,20,4,0.1,57,8.393285700937579,100.0,20,0,0.5750120000000001,0.5741626000000011,0.4626655000000004,0.11149710000000068,0.11143690000000017,10,4,11,583.1746092796091,4,5;5;5;5,paper_multivehicle_v2
Tabu Search,20,4,0.1,58,8.997137220973903,100.0,20,0,0.24995089999999998,0.24925970000000008,0.2089704000000001,0.04028929999999997,0.04024869999999936,10,5,11,603.8106014706303,4,5;6;5;4,paper_multivehicle_v2
Tabu Search,20,4,0.1,59,6.861970539462677,100.0,20,0,0.4642192999999999,0.4635191999999999,0.37318510000000016,0.09033409999999975,0.0902942999999996,10,5,11,538.2408791142441,4,6;6;4;4,paper_multivehicle_v2
Tabu Search,20,4,0.1,60,7.9915881340386985,100.0,20,0,0.6578983000000003,0.6571940999999994,0.5552324999999998,0.10196159999999965,0.1019158999999994,10,4,11,556.2758153020995,4,5;5;5;5,paper_multivehicle_v2
Tabu Search,20,4,0.1,61,8.956696483771893,100.0,20,0,0.28111869999999994,0.2802184999999988,0.22307030000000028,0.05714819999999854,0.057090199999999314,10,5,11,554.3236167042481,4,7;5;4;4,paper_multivehicle_v2
Tabu Search,20,4,0.1,62,9.51796112379915,100.0,20,0,0.2712713,0.27055329999999955,0.2139025000000001,0.056650799999999446,0.05661229999999984,10,5,11,609.145900750919,4,5;5;4;6,paper_multivehicle_v2
Tabu Search,20,4,0.1,63,9.262428185149199,100.0,20,0,0.2897989000000001,0.28914459999999975,0.2564044999999999,0.03274009999999983,0.03269870000000008,10,5,11,589.4768426962239,4,6;5;4;5,paper_multivehicle_v2
Tabu Search,20,4,0.1,64,8.578677872851497,100.0,20,0,0.5051115999999998,0.5044242999999997,0.41737769999999985,0.08704659999999986,0.08700130000000028,10,4,11,588.8944443027283,4,4;5;6;5,paper_multivehicle_v2
Tabu Search,20,4,0.1,65,7.7710822367363255,100.0,20,0,0.30671329999999974,0.30599430000000005,0.20765920000000015,0.0983350999999999,0.09828930000000025,10,4,11,521.0121933088197,4,5;5;5;5,paper_multivehicle_v2
Tabu Search,20,4,0.1,66,10.640347910955745,100.0,20,0,0.3500612000000003,0.3492333000000003,0.29462520000000003,0.05460810000000027,0.05456059999999985,10,5,11,598.1397477566293,4,5;5;5;5,paper_multivehicle_v2
Tabu Search,20,4,0.1,67,8.06804276850683,100.0,20,0,0.15434800000000015,0.15372589999999908,0.15165169999999994,0.002074199999999138,0.0020345999999999975,10,5,11,635.7886264834684,4,6;5;5;4,paper_multivehicle_v2
Tabu Search,20,4,0.1,68,8.373805705220484,100.0,20,0,0.5365882999999996,0.5357159,0.39887510000000015,0.13684079999999987,0.13678770000000018,10,5,11,539.3632883186233,4,7;4;4;5,paper_multivehicle_v2
Tabu Search,20,4,0.1,69,8.940106359133251,100.0,20,0,0.35444999999999993,0.35374840000000063,0.2613333,0.09241510000000064,0.09237560000000045,10,5,11,581.7103731189695,4,5;5;5;5,paper_multivehicle_v2
Tabu Search,20,4,0.1,70,10.05648051570309,100.0,20,0,0.25534999999999997,0.25463929999999957,0.20832819999999996,0.046311099999999605,0.046285699999999874,10,7,11,592.4884167226319,4,6;5;5;4,paper_multivehicle_v2
Tabu Search,20,4,0.1,71,11.359897801789318,100.0,20,0,0.3903428,0.3896245000000005,0.25970460000000006,0.12991990000000042,0.12988840000000001,10,6,11,559.8498591107085,4,6;5;5;4,paper_multivehicle_v2
Tabu Search,20,4,0.1,72,9.912730804912107,100.0,20,0,0.27151369999999986,0.270849000000001,0.25867510000000005,0.012173900000000959,0.012142300000000272,10,6,11,576.7724920005007,4,6;5;4;5,paper_multivehicle_v2
Tabu Search,20,4,0.1,73,9.357139045357833,100.0,20,0,0.4063998999999998,0.40565649999999964,0.3784687999999998,0.027187699999999815,0.02714910000000037,10,5,11,560.529497701153,4,6;5;4;5,paper_multivehicle_v2
Tabu Search,20,4,0.1,74,8.99025576366341,100.0,20,0,0.4819376000000002,0.4811809999999994,0.3585417999999998,0.12263919999999962,0.12259559999999947,10,5,11,568.2326470191165,4,6;4;5;5,paper_multivehicle_v2
Tabu Search,20,4,0.1,75,9.453591045337117,100.0,20,0,0.6911575000000001,0.6903787000000015,0.5447302,0.1456485000000014,0.14559840000000035,10,5,11,553.027392121039,4,5;4;6;5,paper_multivehicle_v2
Tabu Search,20,4,0.1,76,7.394556581842049,100.0,20,0,0.33541339999999975,0.3347583999999997,0.2984673,0.03629109999999969,0.036243600000000153,10,4,11,546.2193325245732,4,6;5;5;4,paper_multivehicle_v2
Tabu Search,20,4,0.1,77,8.022570334502138,100.0,20,0,0.29456609999999994,0.2938873000000002,0.2594428,0.03444450000000021,0.03440529999999953,10,5,11,594.0342359482494,4,7;4;5;4,paper_multivehicle_v2
Tabu Search,20,4,0.1,78,7.522852989166591,100.0,20,0,0.2890174000000001,0.2883552000000007,0.2630965999999999,0.025258600000000797,0.025211400000000328,10,4,11,529.3963561409139,4,6;5;3;6,paper_multivehicle_v2
Tabu Search,20,4,0.1,79,8.765981382046613,100.0,20,0,0.23935030000000035,0.23865580000000008,0.21059599999999978,0.0280598000000003,0.028018100000000157,10,5,11,596.0935742006434,4,7;5;4;4,paper_multivehicle_v2
Tabu Search,20,4,0.1,80,5.7847840709974285,100.0,20,0,0.4908866999999999,0.4904263000000002,0.44610609999999973,0.044320200000000476,0.044290099999999555,10,3,11,643.4743945031693,4,6;5;5;4,paper_multivehicle_v2
Tabu Search,20,4,0.1,81,8.15142145818089,100.0,20,0,0.4670821000000003,0.4666342999999995,0.37526789999999943,0.09136640000000007,0.09133890000000022,10,4,11,566.9770084562581,4,5;5;6;4,paper_multivehicle_v2
Tabu Search,20,4,0.1,82,8.091722911536406,100.0,20,0,0.48045259999999956,0.47975959999999995,0.40489180000000013,0.07486779999999982,0.07482070000000096,10,4,11,571.7877987534291,4,6;5;4;5,paper_multivehicle_v2
Tabu Search,20,4,0.1,83,7.670454305542828,100.0,20,0,0.35642980000000035,0.3559599000000002,0.24776180000000014,0.10819810000000007,0.10817480000000046,10,5,11,551.5891053163817,4,6;5;5;4,paper_multivehicle_v2
Tabu Search,20,4,0.1,84,7.939081884836731,100.0,20,0,0.3409681,0.3402613999999997,0.2910444000000001,0.04921699999999962,0.0491722999999995,10,4,11,561.344944526381,4,5;5;5;5,paper_multivehicle_v2
Tabu Search,20,4,0.1,85,9.914486577258392,100.0,20,0,0.4528989999999995,0.4519670999999996,0.2827980000000001,0.16916909999999952,0.16911309999999968,10,5,11,555.2396172239067,4,6;5;5;4,paper_multivehicle_v2
Tabu Search,20,4,0.1,86,10.059907564971569,100.0,20,0,0.24868880000000004,0.2481873999999995,0.20812549999999996,0.04006189999999954,0.04004300000000072,10,6,11,530.9313263129874,4,5;5;5;5,paper_multivehicle_v2
Tabu Search,20,4,0.1,87,7.9008076590378,100.0,20,0,0.4129792000000001,0.4117628,0.2523280999999997,0.15943470000000026,0.15937489999999954,10,4,11,576.0416576283437,4,5;4;6;5,paper_multivehicle_v2
Tabu Search,20,4,0.1,88,8.816534600967161,100.0,20,0,0.3170582999999998,0.31654069999999956,0.2654584999999998,0.051082199999999744,0.051059700000000596,10,5,11,585.4465849225008,4,5;5;5;5,paper_multivehicle_v2
Tabu Search,20,4,0.1,89,7.309925032062943,100.0,20,0,0.2036937000000001,0.20307229999999876,0.18084089999999975,0.022231399999999013,0.022192199999999218,10,5,11,603.5613791335155,4,6;6;4;4,paper_multivehicle_v2
Tabu Search,20,4,0.1,90,6.718595235879476,100.0,20,0,0.3529238000000001,0.3521240999999993,0.24308189999999996,0.10904219999999931,0.10900409999999994,10,4,11,550.4556598152342,4,5;4;5;6,paper_multivehicle_v2
Tabu Search,20,4,0.1,91,11.048349062904853,100.0,20,0,0.14947400000000055,0.14877489999999938,0.1412053000000002,0.007569599999999177,0.007544499999999843,10,7,11,600.2187177563152,4,7;6;4;3,paper_multivehicle_v2
Tabu Search,20,4,0.1,92,9.94161610451065,100.0,20,0,0.2578262999999996,0.2569830999999976,0.15086449999999996,0.10611859999999762,0.10608689999999843,10,6,11,560.529497701153,4,5;5;6;4,paper_multivehicle_v2
Tabu Search,20,4,0.1,93,8.484170620029975,100.0,20,0,0.1537223000000001,0.15297889999999992,0.1391239999999998,0.013854900000000114,0.013816499999999898,10,5,11,674.5210563625733,4,6;4;6;4,paper_multivehicle_v2
Tabu Search,20,4,0.1,94,8.869225912403884,100.0,20,0,0.34689689999999995,0.3460928000000001,0.24659809999999993,0.09949470000000016,0.09945669999999929,10,5,11,561.0431983574192,4,6;4;5;5,paper_multivehicle_v2
Tabu Search,20,4,0.1,95,9.061206310647366,100.0,20,0,0.47396369999999965,0.47339200000000137,0.27390199999999965,0.19949000000000172,0.19946630000000098,10,4,11,568.2779700718135,4,4;7;4;5,paper_multivehicle_v2
Tabu Search,20,4,0.1,96,10.483774873700405,100.0,20,0,0.4377745000000006,0.4371521999999999,0.37901199999999946,0.05814020000000042,0.05811499999999992,10,4,11,589.288608738514,4,6;5;5;4,paper_multivehicle_v2
Tabu Search,20,4,0.1,97,8.243294952200678,100.0,20,0,0.3034203,0.30277080000000023,0.2759855,0.026785300000000234,0.026745299999999972,10,4,11,541.983868869247,4,6;5;4;5,paper_multivehicle_v2
Tabu Search,20,4,0.1,98,8.362444525729915,100.0,20,0,0.3823447,0.38186119999999857,0.3014764000000003,0.08038479999999826,0.08035369999999986,10,4,11,634.927958132313,4,5;6;5;4,paper_multivehicle_v2
Tabu Search,20,4,0.1,99,6.569081443532723,100.0,20,0,0.37624860000000027,0.37571580000000004,0.28608559999999983,0.08963020000000022,0.08960049999999953,10,3,11,535.0726792520575,4,7;4;4;5,paper_multivehicle_v2
Tabu Search,20,4,0.1,100,8.101881993206028,100.0,20,0,0.34188360000000007,0.3410486000000006,0.3047846000000005,0.036264000000000074,0.03619709999999987,10,4,11,559.8122797569397,4,5;6;5;4,paper_multivehicle_v2
Tabu Search,20,4,0.25,1,10.666825730400005,100.0,20,0,0.1322357999999999,0.13145640000000025,0.12843779999999994,0.0030186000000003155,0.0030010000000002535,10,8,11,584.0096149401583,4,6;6;5;3,paper_multivehicle_v2
Tabu Search,20,4,0.25,2,9.92254804023635,100.0,20,0,0.0753222,0.07453520000000013,0.07177319999999998,0.0027620000000001532,0.0027367999999998727,10,7,11,633.883409056061,4,5;6;5;4,paper_multivehicle_v2
Tabu Search,20,4,0.25,3,8.876269096154953,100.0,20,0,0.1850448,0.18408959999999985,0.1746106999999999,0.009478899999999957,0.009447899999999843,10,7,11,563.0149227794317,4,6;5;6;3,paper_multivehicle_v2
Tabu Search,20,4,0.25,4,8.141541200127895,100.0,20,0,0.37469640000000015,0.3738245,0.3022,0.07162449999999998,0.07158640000000016,10,5,11,559.5110055275369,4,6;4;5;5,paper_multivehicle_v2
Tabu Search,20,4,0.25,5,8.233753840889154,100.0,20,0,0.24856460000000014,0.24769019999999986,0.1951657,0.05252449999999986,0.05248150000000007,10,5,11,568.9161256528644,4,7;5;4;4,paper_multivehicle_v2
Tabu Search,20,4,0.25,6,9.907243639467206,100.0,20,0,0.14087950000000005,0.13988960000000006,0.10513670000000008,0.034752899999999975,0.03470189999999995,10,6,11,545.2597773317981,4,6;5;5;4,paper_multivehicle_v2
Tabu Search,20,4,0.25,7,8.768199954735678,100.0,20,0,0.44470579999999993,0.44369950000000036,0.41411980000000015,0.02957970000000021,0.029537200000000263,10,6,11,588.3005078473781,4,5;5;5;5,paper_multivehicle_v2
Tabu Search,20,4,0.25,8,8.247855041122664,100.0,20,0,0.30337020000000003,0.3024230999999997,0.28109269999999986,0.02133039999999986,0.02127599999999985,10,5,11,603.7133086052264,4,6;6;4;4,paper_multivehicle_v2
Tabu Search,20,4,0.25,9,8.635658104071311,100.0,20,0,0.3235933,0.32267960000000007,0.25524750000000007,0.0674321,0.06739400000000018,10,5,11,610.3024644158521,4,6;4;5;5,paper_multivehicle_v2
Tabu Search,20,4,0.25,10,10.16449149070782,100.0,20,0,0.1748683999999998,0.17389679999999985,0.1647517999999999,0.009144999999999959,0.009101000000000026,10,6,11,582.8476347224546,4,6;5;5;4,paper_multivehicle_v2
Tabu Search,20,4,0.25,11,8.98264842548924,100.0,20,0,0.2966556,0.29580059999999975,0.25847829999999994,0.03732229999999981,0.03728029999999993,10,5,11,567.2009174263666,4,6;5;4;5,paper_multivehicle_v2
Tabu Search,20,4,0.25,12,9.74140850962701,100.0,20,0,0.2534071,0.25272070000000024,0.19521390000000016,0.05750680000000008,0.05747399999999958,10,6,11,536.8858506133116,4,5;5;5;5,paper_multivehicle_v2
Tabu Search,20,4,0.25,13,10.96867277302978,100.0,20,0,0.11098009999999991,0.11018430000000001,0.094665,0.015519300000000014,0.015502399999999916,10,8,11,620.9627110381722,4,6;6;4;4,paper_multivehicle_v2
Tabu Search,20,4,0.25,14,10.608890471864607,100.0,20,0,0.13142399999999999,0.13078269999999992,0.1255621,0.005220599999999909,0.00517449999999986,10,5,11,630.157717188939,4,5;5;5;5,paper_multivehicle_v2
Tabu Search,20,4,0.25,15,10.291454948021757,100.0,20,0,0.3842186999999999,0.3833017999999999,0.3307568999999999,0.052544900000000005,0.052501099999999745,10,6,11,582.0870194479278,4,5;4;5;6,paper_multivehicle_v2
Tabu Search,20,4,0.25,16,8.401496216448502,100.0,20,0,0.2054053,0.20461199999999957,0.20094279999999998,0.003669199999999595,0.0036223999999995815,10,6,11,619.882724956778,4,8;4;4;4,paper_multivehicle_v2
Tabu Search,20,4,0.25,17,10.133985849835087,100.0,20,0,0.596185,0.5953185999999997,0.3323064,0.2630121999999997,0.26297259999999967,10,6,11,573.6482781475453,4,5;6;5;4,paper_multivehicle_v2
Tabu Search,20,4,0.25,18,6.4675774320330985,100.0,20,0,0.3088419,0.3077618,0.24833440000000007,0.05942739999999991,0.059366699999999994,10,4,11,526.518813398452,4,5;4;6;5,paper_multivehicle_v2
Tabu Search,20,4,0.25,19,10.468017280852,100.0,20,0,0.09781890000000004,0.0971513000000006,0.09461030000000004,0.0025410000000005706,0.0025077000000002236,10,6,11,568.0056816347671,4,6;6;4;4,paper_multivehicle_v2
Tabu Search,20,4,0.25,20,9.301677259244638,100.0,20,0,0.45668529999999996,0.4514893000000004,0.38894490000000004,0.06254440000000039,0.06250610000000001,10,5,11,553.5527021937331,4,5;6;5;4,paper_multivehicle_v2
Tabu Search,20,4,0.25,21,10.422033742555389,100.0,20,0,0.09610120000000011,0.09522789999999981,0.08565709999999993,0.00957079999999988,0.00954979999999983,10,8,11,600.6280159740487,4,5;6;6;3,paper_multivehicle_v2
Tabu Search,20,4,0.25,22,9.47490861831843,100.0,20,0,0.1576267,0.15574310000000025,0.1394883,0.016254800000000236,0.016233600000000292,10,7,11,632.9534289383093,4,7;4;5;4,paper_multivehicle_v2
Tabu Search,20,4,0.25,23,9.72922251414956,100.0,20,0,0.14154139999999993,0.14082720000000015,0.12524080000000004,0.015586400000000111,0.015524000000000093,10,6,11,586.9525865511664,4,6;5;4;5,paper_multivehicle_v2
Tabu Search,20,4,0.25,24,8.176887600473789,100.0,20,0,0.12656289999999992,0.12589840000000008,0.11344679999999996,0.012451600000000118,0.012425600000000259,10,7,11,562.7649764354527,4,6;5;5;4,paper_multivehicle_v2
Tabu Search,20,4,0.25,25,11.025987287829524,100.0,20,0,0.12133759999999993,0.12063909999999978,0.09609270000000003,0.024546399999999746,0.024519999999999653,10,7,11,582.8001582548167,4,6;6;3;5,paper_multivehicle_v2
Tabu Search,20,4,0.25,26,8.609102197117082,100.0,20,0,0.226561,0.22591260000000046,0.21289750000000018,0.01301510000000028,0.012977100000000297,10,5,11,599.7278042689034,4,5;5;5;5,paper_multivehicle_v2
Tabu Search,20,4,0.25,27,9.49116927056302,100.0,20,0,0.09636120000000004,0.09553099999999981,0.091024,0.004506999999999817,0.004462499999999814,10,6,11,533.084837759948,4,6;5;4;5,paper_multivehicle_v2
Tabu Search,20,4,0.25,28,8.161317789342608,100.0,20,0,0.4579158000000001,0.45702640000000017,0.3842220999999999,0.07280430000000027,0.07275140000000002,10,5,11,620.5795673315888,4,6;4;6;4,paper_multivehicle_v2
Tabu Search,20,4,0.25,29,10.252466723179083,100.0,20,0,0.4407106999999999,0.43978969999999995,0.33974910000000014,0.10004059999999981,0.09998399999999963,10,5,11,592.5381328411258,4,6;5;4;5,paper_multivehicle_v2
Tabu Search,20,4,0.25,30,8.286601674116117,100.0,20,0,0.09083730000000001,0.09021769999999996,0.0886629000000001,0.0015547999999998563,0.0015148999999998747,10,5,11,549.8140387028283,4,7;4;5;4,paper_multivehicle_v2
Tabu Search,20,4,0.25,31,9.542861876864876,100.0,20,0,0.20737800000000006,0.20670189999999988,0.1870738999999999,0.01962799999999998,0.01958890000000002,10,5,11,609.775602759986,4,5;6;4;5,paper_multivehicle_v2
Tabu Search,20,4,0.25,32,10.633449837587461,100.0,20,0,0.1484266999999999,0.14765640000000024,0.12244699999999997,0.02520940000000027,0.025173200000000007,10,6,11,608.0119030752,4,6;6;5;3,paper_multivehicle_v2
Tabu Search,20,4,0.25,33,10.899058123598973,100.0,20,0,0.13546060000000004,0.1344833999999997,0.12351329999999994,0.01097009999999976,0.010939899999999891,10,7,11,543.9061812346819,4,5;5;6;4,paper_multivehicle_v2
Tabu Search,20,4,0.25,34,9.130928207919617,100.0,20,0,0.14798789999999995,0.14718759999999986,0.14107369999999997,0.006113899999999894,0.006070599999999704,10,6,11,560.4300938703916,4,7;5;4;4,paper_multivehicle_v2
Tabu Search,20,4,0.25,35,8.64221361659625,100.0,20,0,0.12258179999999985,0.12175150000000023,0.11816749999999998,0.0035840000000002536,0.0035415000000000862,10,6,11,524.5982062419555,4,6;5;4;5,paper_multivehicle_v2
Tabu Search,20,4,0.25,36,8.761995180836808,100.0,20,0,0.39994569999999996,0.3991482999999998,0.3665128999999998,0.03263539999999998,0.032572299999999776,10,4,11,576.1769203083568,4,6;5;5;4,paper_multivehicle_v2
Tabu Search,20,4,0.25,37,8.713467013043513,100.0,20,0,0.13809420000000006,0.13708730000000036,0.12370590000000004,0.01338140000000032,0.013350800000000218,10,6,11,641.1959270219423,4,7;6;4;3,paper_multivehicle_v2
Tabu Search,20,4,0.25,38,9.920467472661564,100.0,20,0,0.0924064,0.09178599999999992,0.08980229999999989,0.0019837000000000327,0.0019682000000000865,10,8,11,569.2019854085528,4,4;6;6;4,paper_multivehicle_v2
Tabu Search,20,4,0.25,39,10.061528797320904,100.0,20,0,0.23782899999999985,0.23717319999999975,0.2262114999999998,0.010961699999999963,0.010919499999999749,10,5,11,582.3819053922596,4,5;5;5;5,paper_multivehicle_v2
Tabu Search,20,4,0.25,40,8.159335818744506,100.0,20,0,0.5708167000000002,0.570009600000001,0.44142800000000015,0.12858160000000085,0.12854460000000012,10,5,11,604.4504162122256,4,6;6;3;5,paper_multivehicle_v2
Tabu Search,20,4,0.25,41,7.83988589710975,100.0,20,0,0.3056588,0.3049875999999987,0.24431740000000013,0.060670199999998564,0.06062469999999931,10,4,11,552.4499827467198,4,5;4;6;5,paper_multivehicle_v2
Tabu Search,20,4,0.25,42,9.181593471201767,100.0,20,0,0.360938,0.3602211999999998,0.31085079999999987,0.049370399999999925,0.04932539999999985,10,5,11,557.0778826901726,4,6;4;5;5,paper_multivehicle_v2
Tabu Search,20,4,0.25,43,7.655240376450913,100.0,20,0,0.2673053000000003,0.26663139999999896,0.2447123,0.02191909999999897,0.02188459999999992,10,6,11,542.0301055209914,4,6;5;4;5,paper_multivehicle_v2
Tabu Search,20,4,0.25,44,9.172652440471559,100.0,20,0,0.3195530999999998,0.3188412999999999,0.27839979999999986,0.04044150000000002,0.040401099999999524,10,4,11,553.0616178304314,4,5;4;5;6,paper_multivehicle_v2
Tabu Search,20,4,0.25,45,9.421547093028064,100.0,20,0,0.19591819999999993,0.19526880000000046,0.1723439,0.02292490000000047,0.022898500000000155,10,7,11,566.0523096726636,4,5;7;5;3,paper_multivehicle_v2
Tabu Search,20,4,0.25,46,9.103599743276913,100.0,20,0,0.09207399999999999,0.09125010000000033,0.0718837000000001,0.019366400000000228,0.01933370000000001,10,7,11,648.7939360629881,4,6;6;4;4,paper_multivehicle_v2
Tabu Search,20,4,0.25,47,8.616333112940387,100.0,20,0,0.05144830000000011,0.05069500000000016,0.04914619999999981,0.00154880000000035,0.001528300000000371,10,8,11,577.4299395571014,4,5;6;5;4,paper_multivehicle_v2
Tabu Search,20,4,0.25,48,10.233483386153857,100.0,20,0,0.24907100000000026,0.24853309999999995,0.22763789999999995,0.020895200000000003,0.0208750000000002,10,6,11,605.0624459536909,4,6;6;4;4,paper_multivehicle_v2
Tabu Search,20,4,0.25,49,8.59369278928198,100.0,20,0,0.1641051,0.1634358000000009,0.1610912000000002,0.002344600000000696,0.0023199000000002634,10,7,11,569.2020179143948,4,7;4;5;4,paper_multivehicle_v2
Tabu Search,20,4,0.25,50,9.643445349458867,100.0,20,0,0.22451370000000015,0.2236889999999998,0.19049779999999972,0.03319120000000009,0.033139099999999644,10,5,11,536.859475903318,4,5;6;4;5,paper_multivehicle_v2
Tabu Search,20,4,0.25,51,10.049408698409758,100.0,20,0,0.16839800000000005,0.16795300000000046,0.16103930000000033,0.006913700000000134,0.006897100000000211,10,6,11,595.1941931359444,4,5;6;5;4,paper_multivehicle_v2
Tabu Search,20,4,0.25,52,9.740153011656549,100.0,20,0,0.10184389999999999,0.10141960000000094,0.10027770000000014,0.0011419000000008062,0.0011225000000005814,10,6,11,583.596740275731,4,7;5;5;3,paper_multivehicle_v2
Tabu Search,20,4,0.25,53,9.033518085341115,100.0,20,0,0.24385370000000006,0.24297179999999985,0.18799810000000017,0.05497369999999968,0.05492929999999996,10,5,11,637.2372118248679,4,5;6;4;5,paper_multivehicle_v2
Tabu Search,20,4,0.25,54,8.90851265199779,100.0,20,0,0.11231760000000013,0.11188479999999967,0.11072759999999993,0.0011571999999997473,0.0011344999999995942,10,6,11,595.4609614599872,4,7;5;4;4,paper_multivehicle_v2
Tabu Search,20,4,0.25,55,11.191794333605936,100.0,20,0,0.22913039999999985,0.22789530000000013,0.13363890000000023,0.0942563999999999,0.09422399999999964,10,5,11,586.1037228376083,4,5;6;4;5,paper_multivehicle_v2
Tabu Search,20,4,0.25,56,9.097938036048934,100.0,20,0,0.21479859999999995,0.21406639999999966,0.1827668,0.03129959999999965,0.031266899999999875,10,6,11,573.8452874316654,4,6;6;4;4,paper_multivehicle_v2
Tabu Search,20,4,0.25,57,9.083735917938911,100.0,20,0,0.1336824000000001,0.1326160000000005,0.12460740000000037,0.008008600000000143,0.007943500000000103,10,6,11,591.3168453943865,4,5;5;5;5,paper_multivehicle_v2
Tabu Search,20,4,0.25,58,7.523078074790866,100.0,20,0,0.2666390999999999,0.26518420000000065,0.19037620000000022,0.07480800000000043,0.07475350000000036,10,5,11,550.6045324324155,4,5;4;6;5,paper_multivehicle_v2
Tabu Search,20,4,0.25,59,9.822885250140995,100.0,20,0,0.10668820000000023,0.10601890000000003,0.09487790000000018,0.011140999999999845,0.011116599999999366,10,7,11,582.734255586866,4,6;5;5;4,paper_multivehicle_v2
Tabu Search,20,4,0.25,60,9.503575755628116,100.0,20,0,0.10634140000000025,0.10590249999999957,0.09737630000000008,0.008526199999999484,0.008506699999999423,10,6,11,621.8525113577377,4,7;3;5;5,paper_multivehicle_v2
Tabu Search,20,4,0.25,61,7.4429062147292475,100.0,20,0,0.12011450000000012,0.11901450000000047,0.0817597000000001,0.037254800000000365,0.037213500000000455,10,6,11,558.1024967590665,4,7;4;4;5,paper_multivehicle_v2
Tabu Search,20,4,0.25,62,9.079907062302494,100.0,20,0,0.08158650000000023,0.0808548,0.06965409999999972,0.011200700000000285,0.011160600000000187,10,5,11,579.2471662063961,4,6;5;5;4,paper_multivehicle_v2
Tabu Search,20,4,0.25,63,9.862927863799385,100.0,20,0,0.08229609999999976,0.08154969999999917,0.0709401999999999,0.010609499999999272,0.010583199999999682,10,6,11,573.6785812487043,4,5;4;6;5,paper_multivehicle_v2
Tabu Search,20,4,0.25,64,12.270276217547663,100.0,20,0,0.036847299999999805,0.03642840000000058,0.03555559999999991,0.000872800000000673,0.0008582000000001422,10,7,11,582.5657628553075,4,6;6;4;4,paper_multivehicle_v2
Tabu Search,20,4,0.25,65,9.121087646988896,100.0,20,0,0.2466390999999999,0.24587109999999912,0.20465490000000042,0.041216199999998704,0.0411823999999994,10,6,11,538.7962583843564,4,6;6;4;4,paper_multivehicle_v2
Tabu Search,20,4,0.25,66,8.914309968595191,100.0,20,0,0.11373819999999979,0.11299159999999997,0.09814589999999956,0.014845700000000406,0.014821799999999996,10,7,11,586.860755950859,4,6;5;6;3,paper_multivehicle_v2
Tabu Search,20,4,0.25,67,7.832099953670286,100.0,20,0,0.20656370000000024,0.20575670000000112,0.20130729999999986,0.004449400000001269,0.004390800000000805,10,6,11,550.238017341599,4,7;5;4;4,paper_multivehicle_v2
Tabu Search,20,4,0.25,68,8.567080165888258,100.0,20,0,0.49658800000000003,0.4958300999999987,0.4229786,0.07285149999999874,0.07280569999999909,10,4,11,568.3911760301899,4,6;4;5;5,paper_multivehicle_v2
Tabu Search,20,4,0.25,69,8.596834497304142,100.0,20,0,0.48072990000000004,0.4796217999999999,0.3348205000000002,0.1448012999999997,0.14474600000000004,10,5,11,573.8616002420586,4,5;6;5;4,paper_multivehicle_v2
Tabu Search,20,4,0.25,70,11.045211025687879,100.0,20,0,0.13089899999999988,0.13005829999999907,0.1209794999999998,0.009078799999999276,0.009054599999999358,10,7,11,565.158675424175,4,5;6;5;4,paper_multivehicle_v2
Tabu Search,20,4,0.25,71,11.145691796862723,100.0,20,0,0.07251079999999988,0.07161969999999984,0.05891629999999992,0.01270339999999992,0.012674000000000074,10,7,11,654.3397887236281,4,7;5;5;3,paper_multivehicle_v2
Tabu Search,20,4,0.25,72,8.853019877558443,100.0,20,0,0.04921590000000009,0.04854309999999851,0.04643549999999985,0.002107599999998655,0.0020921999999989893,10,8,11,624.8146149818152,4,5;6;4;5,paper_multivehicle_v2
Tabu Search,20,4,0.25,73,8.580404748753512,100.0,20,0,0.1872427000000001,0.18650889999999976,0.16398350000000006,0.022525399999999696,0.022487199999999596,10,5,11,558.3541635375989,4,7;5;4;4,paper_multivehicle_v2
Tabu Search,20,4,0.25,74,12.123683150446341,100.0,20,0,0.11652089999999982,0.11570159999999996,0.09764719999999993,0.018054400000000026,0.01803240000000006,10,8,11,579.8599018625595,4,6;6;4;4,paper_multivehicle_v2
Tabu Search,20,4,0.25,75,10.862861548889589,100.0,20,0,0.23984970000000017,0.23861740000000076,0.1842071999999999,0.05441020000000085,0.05434810000000034,10,5,11,573.9201788754685,4,4;6;6;4,paper_multivehicle_v2
Tabu Search,20,4,0.25,76,9.92675987287283,100.0,20,0,0.17073150000000004,0.16956999999999933,0.16328250000000022,0.006287499999999113,0.006228499999999748,10,5,11,600.546131032297,4,6;5;5;4,paper_multivehicle_v2
Tabu Search,20,4,0.25,77,8.06916246089736,100.0,20,0,0.14508009999999993,0.14428359999999962,0.1124972999999998,0.03178629999999982,0.031753800000000165,10,6,11,558.8542960148653,4,8;5;4;3,paper_multivehicle_v2
Tabu Search,20,4,0.25,78,11.242769658669477,100.0,20,0,0.009709400000000201,0.009035799999999927,0.007359099999999952,0.0016766999999999754,0.0016509000000000107,10,7,11,647.9439679347429,4,6;6;5;3,paper_multivehicle_v2
Tabu Search,20,4,0.25,79,8.67665584087649,100.0,20,0,0.12235249999999986,0.1215187999999996,0.08457770000000009,0.036941099999999505,0.03688749999999974,10,5,11,581.7875368135941,4,4;6;6;4,paper_multivehicle_v2
Tabu Search,20,4,0.25,80,7.878797530879368,100.0,20,0,0.3082830000000003,0.30746379999999984,0.2441563999999996,0.06330740000000024,0.06326259999999984,10,4,11,554.2024258363566,4,6;4;5;5,paper_multivehicle_v2
Tabu Search,20,4,0.25,81,10.967725583625707,100.0,20,0,0.1624083999999999,0.16120449999999975,0.1260074999999996,0.035197000000000145,0.035158299999999976,10,7,11,607.0776843055926,4,4;6;5;5,paper_multivehicle_v2
Tabu Search,20,4,0.25,82,10.811246769747287,100.0,20,0,0.12813600000000003,0.12741899999999928,0.10676489999999994,0.020654099999999342,0.020628899999999284,10,7,11,571.8313671900838,4,5;6;5;4,paper_multivehicle_v2
Tabu Search,20,4,0.25,83,11.10294350589382,100.0,20,0,0.3409779999999998,0.34001100000000006,0.21757250000000017,0.1224384999999999,0.12237130000000018,10,7,11,605.7859440827775,4,5;6;4;5,paper_multivehicle_v2
Tabu Search,20,4,0.25,84,6.389292300427749,90.0,18,2,0.02387169999999994,0.023206999999998867,0.021833599999999898,0.0013733999999989699,0.0013626999999991618,10,9,11,514.2052627529741,4,5;4;4;5,paper_multivehicle_v2
Tabu Search,20,4,0.25,85,7.9754697766083105,100.0,20,0,0.04146340000000004,0.0406023000000002,0.03818750000000026,0.0024147999999999392,0.0023922000000000665,10,8,11,677.7445913558283,4,7;6;4;3,paper_multivehicle_v2
Tabu Search,20,4,0.25,86,8.0793613261001,100.0,20,0,0.3812009999999999,0.3806046999999997,0.3172372000000001,0.06336749999999958,0.06334019999999985,10,4,11,613.7984836527361,4,6;4;5;5,paper_multivehicle_v2
Tabu Search,20,4,0.25,87,11.175106995596636,100.0,20,0,0.4238576000000003,0.4229575999999997,0.3255901999999997,0.09736739999999999,0.09731289999999992,10,5,11,588.7060255919606,4,6;5;4;5,paper_multivehicle_v2
Tabu Search,20,4,0.25,88,13.017368014027419,100.0,20,0,0.13166600000000006,0.1309689999999999,0.11832850000000006,0.012640499999999832,0.012616300000000358,10,7,11,671.2330982564914,4,6;5;5;4,paper_multivehicle_v2
Tabu Search,20,4,0.25,89,10.002737673362567,100.0,20,0,0.17573419999999995,0.1750131000000006,0.1564038000000001,0.018609300000000495,0.01857579999999981,10,6,11,628.67657127529,4,7;4;5;4,paper_multivehicle_v2
Tabu Search,20,4,0.25,90,9.287237237346666,100.0,20,0,0.26906010000000036,0.2682848999999998,0.22473410000000005,0.04355079999999978,0.04351649999999996,10,5,11,571.3892772703668,4,6;5;4;5,paper_multivehicle_v2
Tabu Search,20,4,0.25,91,10.173086491916175,100.0,20,0,0.2831171000000001,0.2823602000000016,0.2564436000000003,0.02591660000000129,0.02587040000000096,10,5,11,696.2031136649883,4,6;5;4;5,paper_multivehicle_v2
Tabu Search,20,4,0.25,92,8.610985729352507,95.0,19,1,0.3919161,0.3911099,0.26157280000000016,0.12953709999999985,0.12953709999999985,10,10,11,571.7605579756357,4,5;4;5;5,paper_multivehicle_v2
Tabu Search,20,4,0.25,93,8.140431202618291,95.0,19,1,0.16125770000000017,0.16037550000000023,0.10533870000000034,0.055036799999999886,0.05499590000000021,10,6,11,555.1332150250473,4,6;4;4;5,paper_multivehicle_v2
Tabu Search,20,4,0.25,94,10.34958322809084,100.0,20,0,0.3645589,0.3639105000000007,0.3247941999999999,0.03911630000000077,0.03903550000000022,10,6,11,584.9294552784761,4,5;6;5;4,paper_multivehicle_v2
Tabu Search,20,4,0.25,95,9.72219542518393,95.0,19,1,0.11014710000000028,0.10945780000000038,0.09547309999999998,0.013984700000000405,0.013967000000000507,10,8,11,587.2253712363937,4,6;4;4;5,paper_multivehicle_v2
Tabu Search,20,4,0.25,96,9.840444646480714,100.0,20,0,0.3181890000000003,0.3176462999999998,0.23957950000000006,0.07806679999999977,0.07804919999999971,10,6,11,633.7745765355138,4,5;6;5;4,paper_multivehicle_v2
Tabu Search,20,4,0.25,97,8.808457456346561,100.0,20,0,0.2773494999999997,0.27684379999999953,0.25805109999999987,0.018792699999999662,0.01876629999999979,10,4,11,575.4620343382645,4,5;7;4;4,paper_multivehicle_v2
Tabu Search,20,4,0.25,98,9.575514042378394,100.0,20,0,0.10686479999999987,0.10606259999999956,0.09368709999999991,0.01237549999999965,0.012351599999999685,10,7,11,609.7664356309335,4,7;5;4;4,paper_multivehicle_v2
Tabu Search,20,4,0.25,99,10.611069412579592,100.0,20,0,0.06327930000000004,0.062385799999999936,0.050601600000000246,0.01178419999999969,0.011741900000000083,10,6,11,603.4272700703194,4,7;5;5;3,paper_multivehicle_v2
Tabu Search,20,4,0.25,100,8.951555284085282,100.0,20,0,0.28167259999999983,0.28068320000000035,0.2224396999999998,0.05824350000000056,0.05817360000000038,10,5,11,564.646323015238,4,5;5;6;4,paper_multivehicle_v2
Tabu Search,20,4,0.5,1,11.702566543253052,100.0,20,0,0.0031695999999998836,0.002356299999999756,0.0014747999999999983,0.0008814999999997575,0.000872299999999715,10,9,11,668.5913314867136,4,5;7;6;2,paper_multivehicle_v2
Tabu Search,20,4,0.5,2,12.606461883034147,100.0,20,0,0.03469129999999998,0.03388739999999979,0.031119300000000072,0.002768099999999718,0.0027343999999995816,10,8,11,584.7377677822093,4,6;6;5;3,paper_multivehicle_v2
Tabu Search,20,4,0.5,3,11.386140485686006,100.0,20,0,0.003909900000000022,0.002524600000000321,0.0013393999999999906,0.0011852000000003304,0.001163200000000364,10,9,11,624.4470598345904,4,6;6;4;4,paper_multivehicle_v2
Tabu Search,20,4,0.5,4,15.157121999586227,100.0,20,0,0.012358199999999986,0.01154709999999981,0.00972379999999995,0.0018232999999998611,0.0018004999999998716,10,8,11,666.5550593604108,4,6;6;4;4,paper_multivehicle_v2
Tabu Search,20,4,0.5,5,10.104113487476951,100.0,20,0,0.05565429999999982,0.05475249999999998,0.05231010000000014,0.0024423999999998447,0.0024155999999999622,10,7,11,556.6875291525814,4,6;5;4;5,paper_multivehicle_v2
Tabu Search,20,4,0.5,6,13.932958546631735,100.0,20,0,0.004313199999999906,0.003267899999999768,0.0011537999999999826,0.0021140999999997856,0.00210459999999979,10,9,11,675.5841274507474,4,6;5;4;5,paper_multivehicle_v2
Tabu Search,20,4,0.5,7,11.042192339139946,100.0,20,0,0.036332299999999984,0.03543279999999993,0.025274100000000077,0.010158699999999854,0.010125799999999963,10,7,11,636.2138305535568,4,7;5;4;4,paper_multivehicle_v2
Tabu Search,20,4,0.5,8,10.189611277891697,100.0,20,0,0.09762559999999998,0.09656309999999979,0.09335130000000014,0.003211799999999654,0.003179799999999844,10,7,11,561.344944526381,4,5;6;5;4,paper_multivehicle_v2
Tabu Search,20,4,0.5,9,11.795837957326771,100.0,20,0,0.023541000000000034,0.022852100000000153,0.02062649999999988,0.002225600000000272,0.002201400000000131,10,7,11,592.0714058089752,4,6;6;4;4,paper_multivehicle_v2
Tabu Search,20,4,0.5,10,9.754293909446343,100.0,20,0,0.07715739999999993,0.07626750000000015,0.07500759999999995,0.0012599000000002025,0.0012330000000002617,10,7,11,598.8026083800489,4,5;6;6;3,paper_multivehicle_v2
Tabu Search,20,4,0.5,11,8.883535748830425,100.0,20,0,0.03863810000000001,0.03774480000000002,0.03523719999999986,0.0025076000000001653,0.0024877000000000926,10,8,11,565.4045294630758,4,7;4;5;4,paper_multivehicle_v2
Tabu Search,20,4,0.5,12,12.675707788111326,100.0,20,0,0.016083999999999987,0.015425199999999917,0.014657600000000048,0.0007675999999998684,0.0007589999999999542,10,9,11,645.7789115320743,4,6;6;4;4,paper_multivehicle_v2
Tabu Search,20,4,0.5,13,10.776513178423777,100.0,20,0,0.053389200000000026,0.05267780000000011,0.04514520000000011,0.0075326,0.007508199999999743,10,7,11,609.62629450682,4,7;5;4;4,paper_multivehicle_v2
Tabu Search,20,4,0.5,14,10.399151118897857,100.0,20,0,0.03550030000000004,0.03436600000000012,0.031776399999999816,0.0025896000000003028,0.0025647000000001974,10,8,11,595.2415260584041,4,7;6;4;3,paper_multivehicle_v2
Tabu Search,20,4,0.5,15,9.912004724925502,100.0,20,0,0.03338299999999994,0.032463300000000084,0.0309431,0.0015202000000000826,0.0014967999999999648,10,8,11,585.2821849170116,4,6;5;5;4,paper_multivehicle_v2
Tabu Search,20,4,0.5,16,10.884309074428508,100.0,20,0,0.020503200000000055,0.019519500000000356,0.0186805000000001,0.0008390000000002562,0.000817600000000196,10,8,11,599.0774886491761,4,6;5;5;4,paper_multivehicle_v2
Tabu Search,20,4,0.5,17,10.6826302218329,100.0,20,0,0.10843139999999996,0.10740179999999966,0.06331259999999994,0.04408919999999972,0.044055899999999815,10,7,11,659.9404631016228,4,6;4;5;5,paper_multivehicle_v2
Tabu Search,20,4,0.5,18,12.02005495810264,100.0,20,0,0.0030061000000001226,0.0023860000000002213,0.0013330000000000286,0.0010530000000001927,0.0010444000000000564,10,9,11,643.4240926127619,4,7;5;4;4,paper_multivehicle_v2
Tabu Search,20,4,0.5,19,9.425146884812388,100.0,20,0,0.0028108999999998385,0.002230799999999089,0.0013015999999999028,0.0009291999999991862,0.0009139999999991932,10,8,11,564.546739506193,4,6;6;5;3,paper_multivehicle_v2
Tabu Search,20,4,0.5,20,9.087321491177459,100.0,20,0,0.02043980000000012,0.019660900000000092,0.018924399999999952,0.0007365000000001398,0.0007191000000001946,10,8,11,547.6017751246222,4,5;7;5;3,paper_multivehicle_v2
Tabu Search,20,4,0.5,21,8.343520535953228,100.0,20,0,0.0759763,0.0753362999999998,0.0738163999999999,0.0015198999999999074,0.0014944999999997322,10,7,11,543.0317380372777,4,6;5;5;4,paper_multivehicle_v2
Tabu Search,20,4,0.5,22,10.881588552110893,100.0,20,0,0.026918599999999904,0.026245800000000097,0.024977999999999945,0.0012678000000001521,0.0012505000000002653,10,8,11,626.6274788303376,4,6;5;5;4,paper_multivehicle_v2
Tabu Search,20,4,0.5,23,12.79314575032562,100.0,20,0,0.004034599999999999,0.002936900000000131,0.0013913999999999316,0.0015455000000001995,0.0015237000000001277,10,8,11,672.8960472326521,4,6;5;5;4,paper_multivehicle_v2
Tabu Search,20,4,0.5,24,9.202118403228445,100.0,20,0,0.02626940000000011,0.02485369999999998,0.022079299999999913,0.0027744000000000657,0.0027366999999998143,10,6,11,578.5810048923523,4,6;6;4;4,paper_multivehicle_v2
Tabu Search,20,4,0.5,25,12.612170696909375,100.0,20,0,0.003917100000000007,0.0030069000000005897,0.0016919000000001905,0.0013150000000003992,0.0012911000000004336,10,8,11,608.4026471837324,4,5;5;5;5,paper_multivehicle_v2
Tabu Search,20,4,0.5,26,11.968285858028889,100.0,20,0,0.019026699999999952,0.01836839999999995,0.01765339999999993,0.0007150000000000212,0.0006980999999999238,10,8,11,650.8817874803003,4,7;5;4;4,paper_multivehicle_v2
Tabu Search,20,4,0.5,27,10.779468834300424,100.0,20,0,0.003570000000000073,0.002774500000000124,0.0019586000000000325,0.0008159000000000916,0.0008035000000001791,10,9,11,588.5891053163817,4,7;6;5;2,paper_multivehicle_v2
Tabu Search,20,4,0.5,28,10.816864122758204,100.0,20,0,0.041803500000000104,0.04096049999999973,0.03924710000000009,0.001713399999999643,0.0016899999999997473,10,8,11,665.112261039748,4,6;6;4;4,paper_multivehicle_v2
Tabu Search,20,4,0.5,29,11.984883995530105,100.0,20,0,0.004478199999999877,0.0034159000000002493,0.0018548000000000453,0.001561100000000204,0.001538700000000226,10,8,11,617.9214636465574,4,7;5;4;4,paper_multivehicle_v2
Tabu Search,20,4,0.5,30,10.424177056002847,100.0,20,0,0.002281100000000036,0.0015345999999998305,0.0006775000000001086,0.000857099999999722,0.000857099999999722,10,10,11,589.9480579734134,4,6;6;5;3,paper_multivehicle_v2
Tabu Search,20,4,0.5,31,10.142239908523278,100.0,20,0,0.03225449999999985,0.03144649999999993,0.029317099999999874,0.002129400000000059,0.002096299999999829,10,7,11,631.855484428284,4,5;6;5;4,paper_multivehicle_v2
Tabu Search,20,4,0.5,32,11.833599487867723,100.0,20,0,0.0030738999999999628,0.0023748999999999576,0.0016031000000000795,0.0007717999999998781,0.0007630999999999055,10,9,11,643.5374200387625,4,7;5;4;4,paper_multivehicle_v2
Tabu Search,20,4,0.5,33,10.274679860557958,100.0,20,0,0.01467609999999997,0.01384500000000033,0.011982700000000124,0.0018623000000002055,0.0018439999999999568,10,8,11,570.2551937563707,4,7;5;5;3,paper_multivehicle_v2
Tabu Search,20,4,0.5,34,10.83071006873083,100.0,20,0,0.0021229000000000386,0.0015618000000003907,0.0010273000000000643,0.0005345000000003264,0.0005265000000003184,10,9,11,617.776465938675,4,6;6;4;4,paper_multivehicle_v2
Tabu Search,20,4,0.5,35,12.125338859014327,100.0,20,0,0.01814159999999987,0.017492099999999677,0.016217099999999984,0.001274999999999693,0.001265899999999709,10,9,11,628.4538753485992,4,6;7;3;4,paper_multivehicle_v2
Tabu Search,20,4,0.5,36,10.5043988454543,100.0,20,0,0.03171120000000016,0.031024599999999625,0.022650999999999977,0.008373599999999648,0.008347299999999835,10,7,11,572.7846970141089,4,6;6;5;3,paper_multivehicle_v2
Tabu Search,20,4,0.5,37,11.542870778924886,100.0,20,0,0.034594400000000025,0.033936500000000036,0.032066600000000056,0.00186989999999998,0.0018431000000000974,10,7,11,608.0911635327894,4,6;6;4;4,paper_multivehicle_v2
Tabu Search,20,4,0.5,38,10.91977171309948,100.0,20,0,0.012239699999999853,0.011477099999999796,0.009415500000000021,0.0020615999999997747,0.0020511999999999198,10,9,11,593.276242278996,4,7;6;5;2,paper_multivehicle_v2
Tabu Search,20,4,0.5,39,14.441208896539148,100.0,20,0,0.003964999999999996,0.003080900000000053,0.002131000000000105,0.000949899999999948,0.0009372000000000824,10,9,11,600.5556170521269,4,6;5;5;4,paper_multivehicle_v2
Tabu Search,20,4,0.5,40,8.502554885204855,100.0,20,0,0.0034785999999999984,0.0028308000000003553,0.0013780999999999377,0.0014527000000004175,0.0014348000000001804,10,8,11,593.0878987196817,4,5;6;5;4,paper_multivehicle_v2
Tabu Search,20,4,0.5,41,11.767537667324172,100.0,20,0,0.05180680000000004,0.05049670000000028,0.04552679999999998,0.004969900000000305,0.004933000000000076,10,7,11,673.0924292228823,4,5;5;6;4,paper_multivehicle_v2
Tabu Search,20,4,0.5,42,13.844097611577828,100.0,20,0,0.020981899999999998,0.020094500000000126,0.017078499999999996,0.0030160000000001297,0.002997700000000103,10,8,11,681.922710374976,4,6;5;5;4,paper_multivehicle_v2
Tabu Search,20,4,0.5,43,10.520525344822147,100.0,20,0,0.056499100000000135,0.05585109999999949,0.05417000000000005,0.0016810999999994358,0.0016628999999992455,10,8,11,599.4338445170346,4,6;6;5;3,paper_multivehicle_v2
Tabu Search,20,4,0.5,44,12.300689309368728,100.0,20,0,0.09453880000000003,0.09363939999999982,0.07413249999999993,0.019506899999999883,0.019475700000000096,10,7,11,624.481973149034,4,6;7;4;3,paper_multivehicle_v2
Tabu Search,20,4,0.5,45,11.503152488759138,100.0,20,0,0.020448599999999928,0.019476499999999897,0.01816149999999994,0.001314999999999955,0.0013039999999999718,10,9,11,651.7393985581547,4,7;5;5;3,paper_multivehicle_v2
Tabu Search,20,4,0.5,46,12.864523021442844,100.0,20,0,0.014691199999999904,0.013933600000000101,0.013206199999999946,0.0007274000000001557,0.0007274000000001557,10,10,11,602.3720805759743,4,6;6;5;3,paper_multivehicle_v2
Tabu Search,20,4,0.5,47,11.83413143318215,100.0,20,0,0.04852630000000002,0.04769929999999967,0.04457320000000009,0.0031260999999995764,0.0031074999999995967,10,8,11,637.9247156451224,4,5;5;5;5,paper_multivehicle_v2
Tabu Search,20,4,0.5,48,10.917412901129744,100.0,20,0,0.04476710000000006,0.043935499999999905,0.04092779999999996,0.0030076999999999465,0.0029860999999999915,10,8,11,625.5686396469596,4,5;5;5;5,paper_multivehicle_v2
Tabu Search,20,4,0.5,49,10.078298247812825,100.0,20,0,0.01716570000000006,0.01651970000000036,0.01524290000000006,0.0012768000000003,0.0012514000000001246,10,7,11,545.924198895398,4,5;6;4;5,paper_multivehicle_v2
Tabu Search,20,4,0.5,50,11.573411017045107,100.0,20,0,0.0022389000000000436,0.0016636000000000983,0.0009989000000001358,0.0006646999999999625,0.0006560999999998263,10,9,11,600.0293863659264,4,6;6;5;3,paper_multivehicle_v2
Tabu Search,20,4,0.5,51,9.266868100567482,100.0,20,0,0.0019875999999998673,0.001188599999999207,0.0004925999999998432,0.0006959999999993638,0.0006959999999993638,10,10,11,565.6256837191246,4,6;5;6;3,paper_multivehicle_v2
Tabu Search,20,4,0.5,52,11.94979149424103,100.0,20,0,0.030807100000000087,0.029877199999999826,0.02750269999999988,0.002374499999999946,0.0023568000000000477,10,9,11,603.7517946086224,4,6;6;4;4,paper_multivehicle_v2
Tabu Search,20,4,0.5,53,12.330096045575088,100.0,20,0,0.06911800000000001,0.06845760000000034,0.05971100000000007,0.00874660000000027,0.008721100000000037,10,7,11,641.7383470751114,4,5;6;5;4,paper_multivehicle_v2
Tabu Search,20,4,0.5,54,10.13617753515265,100.0,20,0,0.01461519999999994,0.013978400000000057,0.012712000000000057,0.0012664000000000009,0.0012414999999998955,10,7,11,599.1053752208569,4,6;6;4;4,paper_multivehicle_v2
Tabu Search,20,4,0.5,55,8.15333828761764,100.0,20,0,0.012853999999999921,0.012132700000000218,0.011311500000000141,0.0008212000000000774,0.0007964000000000304,10,8,11,579.6184823842033,4,7;4;5;4,paper_multivehicle_v2
Tabu Search,20,4,0.5,56,12.10143540661301,100.0,20,0,0.0017415999999998988,0.001170199999999788,0.000495200000000029,0.0006749999999997591,0.0006749999999997591,10,10,11,577.4525525576421,4,7;4;4;5,paper_multivehicle_v2
Tabu Search,20,4,0.5,57,10.567615064076078,100.0,20,0,0.014310099999999881,0.013616399999999862,0.011754299999999995,0.0018620999999998666,0.0018548999999998816,10,9,11,579.4651185920206,4,6;5;6;3,paper_multivehicle_v2
Tabu Search,20,4,0.5,58,11.008561037924997,100.0,20,0,0.13290120000000005,0.13216339999999982,0.11143740000000002,0.0207259999999998,0.020707699999999774,10,8,11,611.4117359748565,4,7;5;4;4,paper_multivehicle_v2
Tabu Search,20,4,0.5,59,8.824964141716016,100.0,20,0,0.02865620000000013,0.02775580000000022,0.026469499999999924,0.0012863000000002955,0.0012630000000002362,10,8,11,590.0999375780032,4,8;6;4;2,paper_multivehicle_v2
Tabu Search,20,4,0.5,60,13.847538983554008,100.0,20,0,0.024355600000000033,0.02370479999999997,0.021527299999999805,0.0021775000000001654,0.0021606999999999044,10,8,11,673.6063317026869,4,5;5;5;5,paper_multivehicle_v2
Tabu Search,20,4,0.5,61,10.13469205162464,100.0,20,0,0.020520000000000094,0.019856000000000096,0.018169699999999844,0.0016863000000002515,0.0016638000000004372,10,7,11,596.7941444197525,4,7;5;4;4,paper_multivehicle_v2
Tabu Search,20,4,0.5,62,10.927509752803859,100.0,20,0,0.020299999999999985,0.019483199999999812,0.01776270000000002,0.0017204999999997916,0.0017004999999996606,10,8,11,598.0,4,7;5;4;4,paper_multivehicle_v2
Tabu Search,20,4,0.5,63,9.79180566216573,100.0,20,0,0.03983660000000011,0.03896119999999992,0.0366727,0.0022884999999999156,0.0022615999999997527,10,7,11,549.6347614342147,4,6;6;5;3,paper_multivehicle_v2
Tabu Search,20,4,0.5,64,10.983227237812464,100.0,20,0,0.053032200000000085,0.052367499999999456,0.038707499999999895,0.013659999999999561,0.013634399999999935,10,7,11,618.8472991312144,4,6;5;5;4,paper_multivehicle_v2
Tabu Search,20,4,0.5,65,10.583894895572948,100.0,20,0,0.020827600000000057,0.020049500000000053,0.018057800000000013,0.0019917000000000407,0.0019504000000001298,10,6,11,689.5039233121079,4,6;6;4;4,paper_multivehicle_v2
Tabu Search,20,4,0.5,66,9.79335577205617,100.0,20,0,0.0172874999999999,0.016659499999999605,0.015704199999999835,0.0009552999999997702,0.0009303999999996648,10,7,11,610.9158856518136,4,6;6;4;4,paper_multivehicle_v2
Tabu Search,20,4,0.5,67,12.64860703877261,95.0,19,1,0.03199519999999989,0.030512299999999604,0.02507159999999997,0.005440699999999632,0.005340099999999737,10,7,11,677.6771672319314,4,4;5;5;5,paper_multivehicle_v2
Tabu Search,20,4,0.5,68,12.281210687519536,100.0,20,0,0.059550699999999956,0.05825899999999984,0.04087200000000002,0.01738699999999982,0.01729639999999999,10,8,11,593.7083104143111,4,7;4;5;4,paper_multivehicle_v2
Tabu Search,20,4,0.5,69,9.6180724463255,100.0,20,0,0.029392900000000166,0.02876279999999931,0.027449499999999905,0.0013132999999994066,0.0012962999999992508,10,8,11,647.2040074391562,4,6;5;5;4,paper_multivehicle_v2
Tabu Search,20,4,0.5,70,9.793559825350668,100.0,20,0,0.02894899999999989,0.0281990999999997,0.02522369999999996,0.0029753999999997394,0.002950799999999809,10,7,11,660.7568951203548,4,7;5;4;4,paper_multivehicle_v2
Tabu Search,20,4,0.5,71,10.318187383027384,100.0,20,0,0.03553650000000008,0.03473020000000049,0.03307389999999999,0.001656300000000499,0.001635500000000345,10,8,11,557.3886296557835,4,5;8;4;3,paper_multivehicle_v2
Tabu Search,20,4,0.5,72,10.008388161524767,100.0,20,0,0.028494299999999972,0.027249599999999985,0.02381359999999999,0.0034359999999999946,0.0034031999999999396,10,8,11,562.7647267862343,4,5;6;5;4,paper_multivehicle_v2
Tabu Search,20,4,0.5,73,10.058464546592779,100.0,20,0,0.021782500000000038,0.02093270000000036,0.018370699999999962,0.0025620000000003973,0.002526500000000098,10,7,11,542.00806399171,4,5;5;5;5,paper_multivehicle_v2
Tabu Search,20,4,0.5,74,9.024279802821384,100.0,20,0,0.003712600000000066,0.0023167000000003934,0.0013080999999999232,0.0010086000000004702,0.0009735000000004046,10,8,11,592.164828143504,4,7;6;4;3,paper_multivehicle_v2
Tabu Search,20,4,0.5,75,9.537052943603916,100.0,20,0,0.02973709999999996,0.028622099999999984,0.025554900000000158,0.0030671999999998256,0.0030498999999999388,10,8,11,611.9759601554497,4,4;5;6;5,paper_multivehicle_v2
Tabu Search,20,4,0.5,76,11.747418236605574,100.0,20,0,0.014939299999999989,0.014078500000000771,0.01191629999999999,0.00216220000000078,0.0020735000000007275,10,8,11,609.7943499890711,4,6;5;5;4,paper_multivehicle_v2
Tabu Search,20,4,0.5,77,13.15175604241251,100.0,20,0,0.03103049999999996,0.030235799999999813,0.028620199999999985,0.0016155999999998283,0.0015895999999997468,10,7,11,611.8188497897037,4,7;5;4;4,paper_multivehicle_v2
Tabu Search,20,4,0.5,78,7.871880476081807,100.0,20,0,0.13231219999999988,0.1318733999999997,0.10195520000000013,0.029918199999999562,0.029896799999999724,10,5,11,562.4924238945614,4,6;4;5;5,paper_multivehicle_v2
Tabu Search,20,4,0.5,79,13.312847841047375,100.0,20,0,0.026541700000000112,0.025894699999999826,0.023478300000000063,0.002416399999999763,0.0024005000000000276,10,8,11,610.6655613756883,4,5;5;4;6,paper_multivehicle_v2
Tabu Search,20,4,0.5,80,9.937134423483265,100.0,20,0,0.02132489999999998,0.02052469999999995,0.01835600000000004,0.0021686999999999124,0.002157399999999976,10,9,11,565.5739928912886,4,7;5;4;4,paper_multivehicle_v2
Tabu Search,20,4,0.5,81,10.123228187105285,95.0,19,1,0.01662909999999984,0.015310200000000274,0.014029199999999964,0.0012810000000003097,0.0012447000000004316,10,8,11,591.2760554090684,4,4;6;5;4,paper_multivehicle_v2
Tabu Search,20,4,0.5,82,9.149182747349727,100.0,20,0,0.020312399999999897,0.019518200000000707,0.018298099999999984,0.0012201000000007234,0.0011874000000007268,10,7,11,557.6659513557904,4,5;6;5;4,paper_multivehicle_v2
Tabu Search,20,4,0.5,83,13.001888192515985,100.0,20,0,0.002684100000000189,0.001973199999999453,0.0012011999999999023,0.0007719999999995508,0.0007719999999995508,10,10,11,573.3353015105783,4,7;5;4;4,paper_multivehicle_v2
Tabu Search,20,4,0.5,84,11.631297823413265,100.0,20,0,0.01005199999999995,0.009405500000000178,0.008083099999999899,0.001322400000000279,0.0013061000000000877,10,8,11,628.1280451288449,4,7;5;5;3,paper_multivehicle_v2
Tabu Search,20,4,0.5,85,9.267536583407978,100.0,20,0,0.03383370000000019,0.03318690000000024,0.032593000000000094,0.0005939000000001471,0.0005671000000000426,10,7,11,589.5054323398762,4,4;5;7;4,paper_multivehicle_v2
Tabu Search,20,4,0.5,86,9.448612691702554,100.0,20,0,0.057413600000000065,0.05690369999999989,0.05130509999999999,0.005598599999999898,0.005579699999999743,10,6,11,638.3517138566167,4,6;6;4;4,paper_multivehicle_v2
Tabu Search,20,4,0.5,87,11.962381616753541,100.0,20,0,0.020247600000000032,0.019418200000000274,0.017755900000000047,0.0016623000000002275,0.0016404000000003194,10,8,11,616.135572142901,4,6;5;5;4,paper_multivehicle_v2
Tabu Search,20,4,0.5,88,10.72552926304268,100.0,20,0,0.03187640000000003,0.031065600000000027,0.022129999999999983,0.008935600000000044,0.008910899999999833,10,8,11,568.2043082847998,4,6;6;5;3,paper_multivehicle_v2
Tabu Search,20,4,0.5,89,10.14233822729842,100.0,20,0,0.05043370000000014,0.049736999999999476,0.04748459999999999,0.002252399999999488,0.0022375999999995067,10,7,11,557.3886296557835,4,5;5;5;5,paper_multivehicle_v2
Tabu Search,20,4,0.5,90,9.33906422826333,100.0,20,0,0.0413971999999998,0.04058509999999971,0.03798290000000004,0.002602199999999666,0.0025809999999997224,10,8,11,574.9161935908779,4,7;5;5;3,paper_multivehicle_v2
Tabu Search,20,4,0.5,91,7.99276103234877,100.0,20,0,0.040579199999999815,0.03976420000000003,0.03802189999999994,0.0017423000000000854,0.001719500000000096,10,8,11,543.1347764706584,4,7;6;4;3,paper_multivehicle_v2
Tabu Search,20,4,0.5,92,11.16384270744677,100.0,20,0,0.009758500000000003,0.009139800000000031,0.007711400000000035,0.0014283999999999963,0.00142029999999993,10,9,11,644.085811518273,4,7;5;5;3,paper_multivehicle_v2
Tabu Search,20,4,0.5,93,10.752506444815818,100.0,20,0,0.04353539999999989,0.042860099999999735,0.03775569999999995,0.005104399999999787,0.005074599999999929,10,7,11,636.0431570467963,4,6;5;5;4,paper_multivehicle_v2
Tabu Search,20,4,0.5,94,11.886212087637919,100.0,20,0,0.023151900000000003,0.022331699999999843,0.02009250000000007,0.0022391999999997747,0.0022284999999997446,10,9,11,646.8046544497153,4,6;5;5;4,paper_multivehicle_v2
Tabu Search,20,4,0.5,95,12.040082451765151,100.0,20,0,0.07983160000000011,0.07934629999999987,0.07284939999999995,0.006496899999999917,0.006476199999999821,10,6,11,609.6717957992972,4,5;6;4;5,paper_multivehicle_v2
Tabu Search,20,4,0.5,96,10.751876876903433,100.0,20,0,0.003461200000000053,0.0026711999999997627,0.0014882000000000506,0.001182999999999712,0.0011560999999997712,10,8,11,612.7396666712709,4,7;6;4;3,paper_multivehicle_v2
Tabu Search,20,4,0.5,97,11.305611962299935,100.0,20,0,0.0022398999999999614,0.001501100000000033,0.0006540999999999908,0.0008470000000000422,0.0008353000000000943,10,9,11,577.3441629501173,4,7;6;4;3,paper_multivehicle_v2
Tabu Search,20,4,0.5,98,8.997680874846397,100.0,20,0,0.004638999999999838,0.0040375999999995305,0.003430199999999939,0.0006073999999995916,0.0005904999999994942,10,8,11,620.1307015400205,4,6;6;4;4,paper_multivehicle_v2
Tabu Search,20,4,0.5,99,12.207453346697537,100.0,20,0,0.002693700000000021,0.0019573000000001617,0.001026699999999936,0.0009306000000002257,0.0009199000000004176,10,9,11,590.8461727402448,4,7;6;4;3,paper_multivehicle_v2
Tabu Search,20,4,0.5,100,10.727025219180927,100.0,20,0,0.024339099999999947,0.023856800000000344,0.022704899999999917,0.0011519000000004276,0.0011359000000001895,10,7,11,571.761440721984,4,6;4;6;4,paper_multivehicle_v2
Tabu Search,20,4,0.75,1,11.118095704206725,100.0,20,0,0.004664400000000013,0.0034836999999996454,0.0017563999999998803,0.0017272999999997651,0.00169549999999985,10,8,11,584.2120425165625,4,6;6;6;2,paper_multivehicle_v2
Tabu Search,20,4,0.75,2,12.034253939977804,95.0,19,1,0.002545900000000101,0.0017898999999996779,0.001195499999999905,0.0005943999999997729,0.0005864999999998233,10,9,11,575.0668417949756,4,6;5;5;3,paper_multivehicle_v2
Tabu Search,20,4,0.75,3,10.270496494946864,95.0,19,1,0.0033408000000001437,0.0024850000000005146,0.0016476000000000823,0.0008374000000004322,0.0007626000000005018,10,7,11,617.1266398731761,4,7;5;4;3,paper_multivehicle_v2
Tabu Search,20,4,0.75,4,14.119206793508543,95.0,19,1,0.002378500000000061,0.001768599999999898,0.0010782999999998655,0.0006903000000000326,0.0006734999999999935,10,8,11,611.3940065038724,4,5;6;4;4,paper_multivehicle_v2
Tabu Search,20,4,0.75,5,11.392436049632003,100.0,20,0,0.0035421000000002145,0.0024805000000001076,0.0013497000000000092,0.0011308000000000984,0.001102700000000123,10,8,11,649.5133347644793,4,6;6;5;3,paper_multivehicle_v2
Tabu Search,20,4,0.75,6,11.762860693121906,90.0,18,2,0.0014042000000000776,0.000852000000000297,6.700000000003925e-05,0.0007850000000002577,0.0007686000000002302,10,8,11,640.9817255717135,4,5;5;4;4,paper_multivehicle_v2
Tabu Search,20,4,0.75,7,12.29421518400494,100.0,20,0,0.001645899999999978,0.0010985000000003353,0.00048050000000010584,0.0006180000000002295,0.0006093000000002569,10,9,11,618.5376850439363,4,6;5;5;4,paper_multivehicle_v2
Tabu Search,20,4,0.75,8,10.389071778167938,85.0,17,3,0.0017719000000000484,0.0011519000000002055,0.00011019999999994923,0.0010417000000002563,0.001033900000000365,10,9,11,602.3957506732074,4,6;4;4;3,paper_multivehicle_v2
Tabu Search,20,4,0.75,9,12.85301329287859,100.0,20,0,0.00248169999999992,0.0017636999999999237,0.001042699999999952,0.0007209999999999717,0.0007125999999999522,10,9,11,656.4191122070256,4,6;5;5;4,paper_multivehicle_v2
Tabu Search,20,4,0.75,10,12.093836523659878,95.0,19,1,0.002234199999999964,0.001639799999999969,0.0010567999999999689,0.0005830000000000002,0.0005678000000000072,10,8,11,629.505579689687,4,7;4;4;4,paper_multivehicle_v2
Tabu Search,20,4,0.75,11,11.639038360992634,95.0,19,1,0.0032996999999999055,0.002069899999999736,0.0008534000000000042,0.0012164999999997317,0.0011971999999997873,10,9,11,578.7107845209058,4,5;5;4;5,paper_multivehicle_v2
Tabu Search,20,4,0.75,12,12.330419607718422,100.0,20,0,0.0025406999999999513,0.0018746999999996738,0.0009564000000001904,0.0009182999999994834,0.0009017999999996196,10,8,11,704.6861737541241,4,7;5;4;4,paper_multivehicle_v2
Tabu Search,20,4,0.75,13,10.696097958226433,100.0,20,0,0.020340100000000083,0.019641300000000417,0.017377000000000198,0.002264300000000219,0.0022381000000002427,10,7,11,643.4652303255468,4,7;6;3;4,paper_multivehicle_v2
Tabu Search,20,4,0.75,14,11.321135831306986,95.0,19,1,0.0013885000000000147,0.000828299999999782,0.00017809999999984782,0.0006501999999999342,0.0006421999999999262,10,9,11,662.7615372607792,4,6;5;5;3,paper_multivehicle_v2
Tabu Search,20,4,0.75,15,11.964729512273244,100.0,20,0,0.003983300000000023,0.002881699999999876,0.0007797000000000498,0.0021019999999998262,0.0020718999999997934,10,8,11,605.3178163883717,4,6;6;4;4,paper_multivehicle_v2
Tabu Search,20,4,0.75,16,10.819573352063566,95.0,19,1,0.0018991999999999898,0.0012127000000003996,0.00017640000000018752,0.001036300000000212,0.0010293000000001218,10,9,11,663.7021715173266,4,7;5;4;3,paper_multivehicle_v2
Tabu Search,20,4,0.75,17,13.22299541279034,100.0,20,0,0.0021943999999998187,0.001427000000000067,0.0007736000000000409,0.0006534000000000262,0.0006308999999999898,10,7,11,671.465984064218,4,6;5;4;5,paper_multivehicle_v2
Tabu Search,20,4,0.75,18,11.67836934815046,95.0,19,1,0.002449099999999982,0.0016631999999998648,0.0007576000000000249,0.0009055999999998399,0.0008715999999999724,10,7,11,596.6728603825254,4,5;6;4;4,paper_multivehicle_v2
Tabu Search,20,4,0.75,19,11.888612940008908,100.0,20,0,0.0027892999999998835,0.0021179999999998422,0.0013354000000000976,0.0007825999999997446,0.0007581999999997091,10,8,11,633.1834290210345,4,5;5;6;4,paper_multivehicle_v2
Tabu Search,20,4,0.75,20,10.86031837178094,95.0,19,1,0.002401100000000156,0.0014247000000005006,0.00022999999999995246,0.001194700000000548,0.0011814000000005542,10,9,11,590.245334904527,4,6;6;4;3,paper_multivehicle_v2
Tabu Search,20,4,0.75,21,10.507815502605563,100.0,20,0,0.00214190000000003,0.00121070000000012,0.00017259999999996722,0.0010381000000001528,0.0010205000000000908,10,9,11,649.8830055025143,4,6;6;5;3,paper_multivehicle_v2
Tabu Search,20,4,0.75,22,13.17320649171612,90.0,18,2,0.0032262999999999042,0.002203299999999242,0.0001938999999999691,0.002009399999999273,0.001978999999999509,10,8,11,652.1853215195222,4,6;5;3;4,paper_multivehicle_v2
Tabu Search,20,4,0.75,23,10.901182428376119,95.0,19,1,0.003253699999999915,0.0022921000000006853,0.0008447000000000315,0.0014474000000006537,0.0014190000000005032,10,8,11,623.1786416350257,4,6;6;5;2,paper_multivehicle_v2
Tabu Search,20,4,0.75,24,8.805876772301149,95.0,19,1,0.001909099999999997,0.0011677000000003268,0.0002500000000000835,0.0009177000000002433,0.0008952000000002069,10,8,11,595.0058137569781,4,7;5;4;3,paper_multivehicle_v2
Tabu Search,20,4,0.75,25,12.844345019983056,100.0,20,0,0.002270199999999889,0.0015458000000001526,0.0009027999999999814,0.0006430000000001712,0.0006357000000001278,10,9,11,611.5124337165521,4,6;5;5;4,paper_multivehicle_v2
Tabu Search,20,4,0.75,26,12.7062692870896,95.0,19,1,0.005022300000000035,0.004218899999999914,0.0015376999999998642,0.00268120000000005,0.00265979999999999,10,8,11,658.1171992676302,4,6;5;4;4,paper_multivehicle_v2
Tabu Search,20,4,0.75,27,12.279041817308167,95.0,19,1,0.0014928000000000718,0.0009004000000001344,0.00019320000000000448,0.00070720000000013,0.0006890000000001617,10,8,11,630.7532117170791,4,5;5;5;4,paper_multivehicle_v2
Tabu Search,20,4,0.75,28,13.981664716393459,100.0,20,0,0.0026512000000000757,0.0019086999999997634,0.0007744999999999003,0.001134199999999863,0.0011126999999997444,10,8,11,660.2697703925824,4,6;6;4;4,paper_multivehicle_v2
Tabu Search,20,4,0.75,29,13.40394277962428,100.0,20,0,0.002191500000000124,0.0016216999999996151,0.0010158999999998475,0.0006057999999997676,0.0005892999999999038,10,8,11,619.2617958187664,4,5;5;5;5,paper_multivehicle_v2
Tabu Search,20,4,0.75,30,8.572682536452502,100.0,20,0,0.001557900000000112,0.0009228000000001124,0.00017000000000000348,0.0007528000000001089,0.000743500000000008,10,9,11,581.4484483058384,4,8;5;4;3,paper_multivehicle_v2
Tabu Search,20,4,0.75,31,10.117184406106126,100.0,20,0,0.0014446999999999655,0.0008677000000003599,0.000182400000000138,0.0006853000000002218,0.0006603000000000581,10,7,11,620.5178198526129,4,6;6;4;4,paper_multivehicle_v2
Tabu Search,20,4,0.75,32,9.95067175139729,100.0,20,0,0.0019535999999999998,0.0013340999999997827,0.0005173999999998902,0.0008166999999998925,0.0008068999999997217,10,9,11,643.6005648272334,4,7;6;5;2,paper_multivehicle_v2
Tabu Search,20,4,0.75,33,10.53271521700036,100.0,20,0,0.0014501000000000097,0.0008893999999999291,9.449999999988634e-05,0.0007949000000000428,0.0007739000000002161,10,8,11,660.8851311464155,4,6;6;4;4,paper_multivehicle_v2
Tabu Search,20,4,0.75,34,14.56491235244775,100.0,20,0,0.001705899999999927,0.0011436000000002444,0.0004830000000000112,0.0006606000000002332,0.0006529000000001783,10,9,11,647.6688301129501,4,5;6;6;3,paper_multivehicle_v2
Tabu Search,20,4,0.75,35,9.95001947309875,100.0,20,0,0.0032012999999999625,0.002077400000000118,0.0006707999999999714,0.0014066000000001466,0.001386200000000004,10,8,11,610.3746447309405,4,6;6;4;4,paper_multivehicle_v2
Tabu Search,20,4,0.75,36,13.414674849267097,100.0,20,0,0.002601099999999912,0.0020009999999999195,0.0013060000000000294,0.0006949999999998902,0.0006792999999998273,10,8,11,679.7843820364423,4,6;5;4;5,paper_multivehicle_v2
Tabu Search,20,4,0.75,37,7.633837292416328,100.0,20,0,0.04546490000000003,0.04455089999999973,0.04170220000000002,0.0028486999999997042,0.0028143999999996616,10,7,11,593.092810867067,4,6;5;5;4,paper_multivehicle_v2
Tabu Search,20,4,0.75,38,13.80920646273951,90.0,18,2,0.0017181000000001667,0.0011679999999998358,0.00020419999999998772,0.0009637999999998481,0.0009471999999999259,10,8,11,651.2978035124389,4,5;5;4;4,paper_multivehicle_v2
Tabu Search,20,4,0.75,39,12.571722295596256,100.0,20,0,0.0026501000000000996,0.0018801999999997765,0.0008935999999999389,0.0009865999999998376,0.0009785999999998296,10,9,11,605.96223866424,4,6;6;4;4,paper_multivehicle_v2
Tabu Search,20,4,0.75,40,11.305704953174256,100.0,20,0,0.0016727999999999188,0.0011220999999999037,0.0004853000000000218,0.0006367999999998819,0.0006141999999997871,10,7,11,614.9561929212073,4,6;6;5;3,paper_multivehicle_v2
Tabu Search,20,4,0.75,41,9.998467123766922,90.0,18,2,0.002231800000000117,0.0016239999999998478,0.0008517999999999581,0.0007721999999998896,0.0007550999999998975,10,8,11,573.6268902974191,4,5;4;5;4,paper_multivehicle_v2
Tabu Search,20,4,0.75,42,9.544004606052074,100.0,20,0,0.0014126999999999335,0.0008367999999998599,9.499999999995623e-05,0.0007417999999999036,0.0007249000000000283,10,8,11,582.9627675323586,4,7;5;5;3,paper_multivehicle_v2
Tabu Search,20,4,0.75,43,10.646299976447533,95.0,19,1,0.005904799999999932,0.005233100000000324,0.004063900000000009,0.0011692000000003144,0.0011461999999999861,10,7,11,633.0705368884958,4,6;5;5;3,paper_multivehicle_v2
Tabu Search,20,4,0.75,44,11.172648273088631,95.0,19,1,0.0021650000000001945,0.001288099999999348,0.0003170999999999591,0.000970999999999389,0.0009469999999995871,10,8,11,578.2450156354284,4,5;5;5;4,paper_multivehicle_v2
Tabu Search,20,4,0.75,45,10.687748876341553,100.0,20,0,0.0015640999999999572,0.0009099999999999664,0.0001564000000000565,0.0007535999999999099,0.0007448999999999373,10,9,11,651.3477272062272,4,7;6;4;3,paper_multivehicle_v2
Tabu Search,20,4,0.75,46,12.796899554302993,100.0,20,0,0.0022151999999999727,0.001542999999999628,0.0008485000000000298,0.0006944999999995982,0.0006769999999995946,10,8,11,698.3438873979229,4,7;5;4;4,paper_multivehicle_v2
Tabu Search,20,4,0.75,47,11.147548206852719,100.0,20,0,0.00177179999999999,0.0011620999999992776,0.0005355000000000221,0.0006265999999992555,0.0006128999999994722,10,8,11,613.3800802361662,4,6;5;6;3,paper_multivehicle_v2
Tabu Search,20,4,0.75,48,12.558968114978075,100.0,20,0,0.00333770000000011,0.002260000000000373,0.001329899999999995,0.0009301000000003778,0.0009061000000001318,10,8,11,635.6497501070905,4,6;6;5;3,paper_multivehicle_v2
Tabu Search,20,4,0.75,49,12.12370170386287,90.0,18,2,0.0019892000000001353,0.0014253000000001848,0.0007496000000000169,0.0006757000000001678,0.0006533000000001898,10,7,11,618.1210992210767,4,5;4;5;4,paper_multivehicle_v2
Tabu Search,20,4,0.75,50,11.650239425565596,100.0,20,0,0.0019332000000000793,0.0011472999999999622,0.00018340000000005574,0.0009638999999999065,0.000951499999999994,10,9,11,695.1080255733436,4,6;7;5;2,paper_multivehicle_v2
Tabu Search,20,4,0.75,51,13.322329437075766,90.0,18,2,0.0019791000000000114,0.0012692999999992516,0.0002808999999999173,0.0009883999999993343,0.000980599999999443,10,9,11,615.9129851677309,4,6;5;5;2,paper_multivehicle_v2
Tabu Search,20,4,0.75,52,10.583553826109302,100.0,20,0,0.002911799999999909,0.0020934999999995263,0.0011630000000000251,0.0009304999999995012,0.0009037999999996771,10,8,11,632.8010282708397,4,6;6;4;4,paper_multivehicle_v2
Tabu Search,20,4,0.75,53,10.479004448061113,100.0,20,0,0.001998999999999862,0.0012839000000000045,0.0005855000000001276,0.0006983999999998769,0.0006757999999997821,10,8,11,619.5283620238698,4,6;6;6;2,paper_multivehicle_v2
Tabu Search,20,4,0.75,54,9.898758825021545,100.0,20,0,0.0018150999999999584,0.0010183000000001385,0.000249600000000072,0.0007687000000000666,0.0007589000000001178,10,9,11,631.6208154155437,4,7;6;4;3,paper_multivehicle_v2
Tabu Search,20,4,0.75,55,9.772364420854938,95.0,19,1,0.002664100000000058,0.0018985999999998615,0.0005895000000000206,0.001309099999999841,0.0012865999999998046,10,8,11,623.2629707585107,4,6;6;3;4,paper_multivehicle_v2
Tabu Search,20,4,0.75,56,10.962442806798363,95.0,19,1,0.0018420000000001213,0.0010539999999998884,0.00021969999999993384,0.0008342999999999545,0.0008245999999998421,10,9,11,593.8232592203381,4,6;5;4;4,paper_multivehicle_v2
Tabu Search,20,4,0.75,57,11.676747739848818,95.0,19,1,0.002508599999999861,0.0018162999999995488,0.0012030999999999015,0.0006131999999996474,0.0005875999999995773,10,7,11,597.6240124717211,4,5;7;4;3,paper_multivehicle_v2
Tabu Search,20,4,0.75,58,15.157899233379545,100.0,20,0,0.0017492000000001173,0.0009528999999999233,0.000266400000000111,0.0006864999999998123,0.0006795999999997804,10,9,11,707.0096545820468,4,6;5;4;5,paper_multivehicle_v2
Tabu Search,20,4,0.75,59,9.388907445826224,95.0,19,1,0.0014965000000000117,0.0008722999999994929,0.000204000000000093,0.0006682999999993999,0.0006518999999993724,10,8,11,604.6102470848117,4,6;5;5;3,paper_multivehicle_v2
Tabu Search,20,4,0.75,60,8.659862894286146,95.0,19,1,0.0015069000000000887,0.0008563000000003651,0.00026170000000003135,0.0005946000000003338,0.0005748000000003195,10,7,11,570.388647164088,4,7;5;5;2,paper_multivehicle_v2
Tabu Search,20,4,0.75,61,11.158636465423013,95.0,19,1,0.001704600000000056,0.0011200999999996242,0.00017219999999995572,0.0009478999999996685,0.0009396999999997657,10,9,11,609.7763296360015,4,6;6;5;2,paper_multivehicle_v2
Tabu Search,20,4,0.75,62,9.147905941067707,90.0,18,2,0.010695299999999852,0.009934200000000448,0.0007922000000000207,0.009142000000000428,0.009126100000000248,10,8,11,614.1489039508432,4,5;5;5;3,paper_multivehicle_v2
Tabu Search,20,4,0.75,63,12.15006350636013,100.0,20,0,0.0016601999999998895,0.0012010000000004517,0.0006057999999999897,0.000595200000000462,0.0005853000000002329,10,8,11,664.7385993872987,4,6;6;5;3,paper_multivehicle_v2
Tabu Search,20,4,0.75,64,12.25811695928223,100.0,20,0,0.002989099999999967,0.002277399999999652,0.0016332999999999487,0.0006440999999997032,0.0006264999999998633,10,8,11,622.4661862886486,4,5;6;5;4,paper_multivehicle_v2
Tabu Search,20,4,0.75,65,11.061878072075963,100.0,20,0,0.002719300000000091,0.0019907999999999593,0.0008532999999999458,0.0011375000000000135,0.0011284000000000294,10,9,11,641.4155192997436,4,6;5;5;4,paper_multivehicle_v2
Tabu Search,20,4,0.75,66,9.014681384265383,100.0,20,0,0.0020649999999999835,0.0012053000000000758,0.00017540000000004774,0.001029900000000028,0.0010187999999999864,10,9,11,596.4225012668326,4,7;5;5;3,paper_multivehicle_v2
Tabu Search,20,4,0.75,67,12.626505127141535,100.0,20,0,0.002026699999999826,0.001457900000000345,0.000848299999999913,0.000609600000000432,0.0006014000000003072,10,9,11,573.8399351804043,4,6;5;5;4,paper_multivehicle_v2
Tabu Search,20,4,0.75,68,9.426125149659354,100.0,20,0,0.003195000000000059,0.002513399999999777,0.0013167999999998958,0.001196599999999881,0.0011790999999996554,10,8,11,614.2290163502205,4,7;5;5;3,paper_multivehicle_v2
Tabu Search,20,4,0.75,69,10.642741223823105,100.0,20,0,0.0026756999999999476,0.00200969999999967,0.0010678999999997885,0.0009417999999998816,0.0009246999999998895,10,8,11,574.8789920167051,4,5;7;4;4,paper_multivehicle_v2
Tabu Search,20,4,0.75,70,14.243690864191807,100.0,20,0,0.0019505000000001882,0.0013111000000001205,0.0006411000000001721,0.0006699999999999484,0.0006604999999999528,10,9,11,651.8661426367745,4,6;5;5;4,paper_multivehicle_v2
Tabu Search,20,4,0.75,71,8.0276150495316,95.0,19,1,0.00303740000000019,0.002416600000000102,0.001717100000000027,0.0006995000000000751,0.0006778000000000617,10,7,11,577.6823820179843,4,6;4;6;3,paper_multivehicle_v2
Tabu Search,20,4,0.75,72,12.429346741994422,100.0,20,0,0.002067499999999889,0.001556600000000019,0.0008069000000001658,0.0007496999999998533,0.0007408999999998223,10,8,11,630.0950038637676,4,5;5;5;5,paper_multivehicle_v2
Tabu Search,20,4,0.75,73,13.312308421850004,100.0,20,0,0.001998200000000061,0.0011841000000001323,0.0002964000000000855,0.0008877000000000468,0.0008772999999999698,10,9,11,669.6566725662999,4,7;5;5;3,paper_multivehicle_v2
Tabu Search,20,4,0.75,74,11.447691430940596,100.0,20,0,0.0010223000000000315,0.000605099999999803,0.00014720000000001399,0.00045789999999978903,0.00044419999999978366,10,8,11,662.7970770514721,4,6;5;5;4,paper_multivehicle_v2
Tabu Search,20,4,0.75,75,9.52797749579582,90.0,18,2,0.0017784000000000688,0.0011798000000005082,0.0005281000000001423,0.0006517000000003659,0.0006369000000003844,10,9,11,561.1006897874512,4,5;6;4;3,paper_multivehicle_v2
Tabu Search,20,4,0.75,76,11.791782727689576,95.0,19,1,0.0021118999999998334,0.001521399999999673,0.0009491999999999834,0.0005721999999996896,0.0005561999999994516,10,8,11,607.2916949081608,4,5;5;5;4,paper_multivehicle_v2
Tabu Search,20,4,0.75,77,9.210706473368102,100.0,20,0,0.0009647000000001515,0.0005569000000005264,0.00010609999999999786,0.00045080000000052856,0.0004454000000004843,10,9,11,642.4598734296544,4,7;4;6;3,paper_multivehicle_v2
Tabu Search,20,4,0.75,78,12.161110335839496,95.0,19,1,0.001260299999999992,0.0007229999999998071,0.000159200000000137,0.0005637999999996701,0.0005499999999996064,10,8,11,621.0627283122888,4,6;6;4;3,paper_multivehicle_v2
Tabu Search,20,4,0.75,79,13.122947078506552,100.0,20,0,0.001259799999999922,0.0008426000000001377,0.0004593999999999987,0.000383200000000139,0.00037010000000003984,10,8,11,652.2131552381007,4,5;6;5;4,paper_multivehicle_v2
Tabu Search,20,4,0.75,80,10.820017356064888,95.0,19,1,0.0021478999999999804,0.0014997000000003258,0.0008567999999999909,0.0006429000000003349,0.0006253000000002729,10,8,11,620.5800794924094,4,6;5;4;4,paper_multivehicle_v2
Tabu Search,20,4,0.75,81,11.54858854066484,100.0,20,0,0.0036112000000001476,0.002969900000000081,0.002412300000000034,0.000557600000000047,0.0005420000000000424,10,8,11,613.7726532691394,4,7;6;4;3,paper_multivehicle_v2
Tabu Search,20,4,0.75,82,12.21475635521438,95.0,19,1,0.0014121000000000272,0.0008465999999993645,0.00018119999999988146,0.0006653999999994831,0.000657899999999545,10,9,11,621.6661741146979,4,6;5;5;3,paper_multivehicle_v2
Tabu Search,20,4,0.75,83,10.598185775378465,100.0,20,0,0.0027543000000000983,0.0020809999999999995,0.0012392999999999432,0.0008417000000000563,0.0008262000000001102,10,8,11,626.4092453780657,4,6;6;4;4,paper_multivehicle_v2
Tabu Search,20,4,0.75,84,11.23802651075754,100.0,20,0,0.002414200000000033,0.0018564000000003134,0.0009590999999999905,0.0008973000000003228,0.0008831000000002476,10,8,11,588.1472768437108,4,7;5;4;4,paper_multivehicle_v2
Tabu Search,20,4,0.75,85,10.395006260187307,95.0,19,1,0.0010069999999999801,0.0005828999999994977,0.00014889999999989634,0.00043399999999960137,0.0004284999999994987,10,9,11,625.9464029227975,4,6;5;5;3,paper_multivehicle_v2
Tabu Search,20,4,0.75,86,11.032631715951602,100.0,20,0,0.004785399999999829,0.004329700000000436,0.003437399999999924,0.0008923000000005121,0.0008818000000003767,10,8,11,591.2507658881484,4,6;5;5;4,paper_multivehicle_v2
Tabu Search,20,4,0.75,87,12.986916538973572,100.0,20,0,0.002615000000000034,0.001733399999999774,0.000759500000000024,0.00097389999999975,0.0009630999999998835,10,9,11,647.4799003420356,4,6;5;6;3,paper_multivehicle_v2
Tabu Search,20,4,0.75,88,10.38753863456386,100.0,20,0,0.0015864000000000988,0.0011705000000006294,0.0007776999999999923,0.0003928000000006371,0.00037930000000052644,10,8,11,587.493361703169,4,7;6;4;3,paper_multivehicle_v2
Tabu Search,20,4,0.75,89,14.139277451751715,100.0,20,0,0.0015768999999998812,0.0011499999999999844,0.0007169000000000203,0.00043309999999996407,0.0004231000000001206,10,8,11,653.6502714857796,4,6;5;5;4,paper_multivehicle_v2
Tabu Search,20,4,0.75,90,13.514461807637542,95.0,19,1,0.0032162999999998387,0.0026148999999999756,0.0012168000000001289,0.0013980999999998467,0.001393099999999814,10,9,11,629.7070479726744,4,5;5;5;4,paper_multivehicle_v2
Tabu Search,20,4,0.75,91,11.282295782611108,95.0,19,1,0.0022694999999999244,0.0016609999999996905,0.0008017000000000163,0.0008592999999996742,0.0008398999999998935,10,7,11,598.731349066933,4,6;5;4;4,paper_multivehicle_v2
Tabu Search,20,4,0.75,92,8.808353461681184,95.0,19,1,0.002378500000000061,0.0018729999999997915,0.00129709999999994,0.0005758999999998515,0.0005486999999997355,10,6,11,571.3275357934735,4,6;5;4;4,paper_multivehicle_v2
Tabu Search,20,4,0.75,93,9.573031823501793,95.0,19,1,0.0015305999999999376,0.000902699999999923,0.0001749999999998142,0.0007277000000001088,0.0007183000000001716,10,9,11,572.9512287501077,4,6;5;4;4,paper_multivehicle_v2
Tabu Search,20,4,0.75,94,14.445909756411986,100.0,20,0,0.0029725000000000446,0.0021303999999997547,0.0011976999999998572,0.0009326999999998975,0.0009083999999999204,10,8,11,649.0762211575109,4,6;6;4;4,paper_multivehicle_v2
Tabu Search,20,4,0.75,95,10.680338472732819,95.0,19,1,0.000903499999999946,0.0005315999999999654,0.00011870000000002712,0.0004128999999999383,0.0004029999999999312,10,8,11,590.7334602715442,4,6;6;4;3,paper_multivehicle_v2
Tabu Search,20,4,0.75,96,11.593255134393985,95.0,19,1,0.0015425000000000022,0.001011499999999943,0.0004903999999998909,0.0005211000000000521,0.0005036000000000485,10,7,11,668.474791994612,4,5;6;4;4,paper_multivehicle_v2
Tabu Search,20,4,0.75,97,12.772662938975403,100.0,20,0,0.002590199999999987,0.001727800000000057,0.00022749999999982506,0.001500300000000232,0.0014739999999999753,10,8,11,671.9314832624061,4,6;6;5;3,paper_multivehicle_v2
Tabu Search,20,4,0.75,98,14.928312280689664,100.0,20,0,0.001151499999999972,0.0007573000000000718,0.0003565999999999292,0.0004007000000001426,0.00039530000000009835,10,9,11,679.6047545469211,4,6;5;5;4,paper_multivehicle_v2
Tabu Search,20,4,0.75,99,10.63903194564293,100.0,20,0,0.002612099999999895,0.002093899999999982,0.0012204000000000104,0.0008734999999999715,0.0008606999999998255,10,8,11,593.4372003679282,4,6;5;5;4,paper_multivehicle_v2
Tabu Search,20,4,0.75,100,13.485367944052907,95.0,19,1,0.00178670000000003,0.0011760999999999022,0.00013100000000010326,0.001045099999999799,0.0010361999999999316,10,9,11,693.3404073630707,4,6;6;4;3,paper_multivehicle_v2
Tabu Search,35,7,0.1,1,16.471522546149334,100.0,35,0,0.6105824000000002,0.6095326000000001,0.5255858,0.0839468000000001,0.08390900000000001,10,6,11,618.4172919190307,7,7;5;5;5;4;4;5,paper_multivehicle_v2
Tabu Search,35,7,0.1,2,18.054895755955602,100.0,35,0,1.1295680999999997,1.1282911000000004,0.8928818000000001,0.23540930000000038,0.23534199999999994,10,4,11,596.1034021895999,7,6;4;5;5;5;5;5,paper_multivehicle_v2
Tabu Search,35,7,0.1,3,15.490777484155279,100.0,35,0,0.3931479,0.3921049999999999,0.31896750000000007,0.07313749999999986,0.0731185999999997,10,8,11,631.9869891494094,7,7;4;6;5;4;4;5,paper_multivehicle_v2
Tabu Search,35,7,0.1,4,17.08143203892771,100.0,35,0,0.7660813,0.7648696000000001,0.6369294000000001,0.12794020000000006,0.12790290000000004,10,6,11,589.3942082227862,7,7;4;4;5;4;6;5,paper_multivehicle_v2
Tabu Search,35,7,0.1,5,17.361126349067245,100.0,35,0,0.6955686000000001,0.6945038000000008,0.5539603000000002,0.1405435000000006,0.14049970000000034,10,5,11,579.0050503762308,7,8;4;4;5;5;4;5,paper_multivehicle_v2
Tabu Search,35,7,0.1,6,14.601263468493176,100.0,35,0,0.6873465000000001,0.6860403000000002,0.5079456,0.17809470000000016,0.17804920000000024,10,6,11,627.0974266253056,7,6;6;4;5;5;4;5,paper_multivehicle_v2
Tabu Search,35,7,0.1,7,14.551117665896992,100.0,35,0,0.6680542,0.6670075999999996,0.4941203999999999,0.17288719999999969,0.17285039999999996,10,6,11,568.2326470191165,7,6;5;6;4;4;5;5,paper_multivehicle_v2
Tabu Search,35,7,0.1,8,15.951460569714943,100.0,35,0,0.8605143000000002,0.8594961999999995,0.685727,0.1737691999999995,0.173732,10,6,11,583.5857133006284,7,6;5;4;5;6;5;4,paper_multivehicle_v2
Tabu Search,35,7,0.1,9,19.07181486144628,100.0,35,0,0.7484029999999999,0.7473216000000005,0.5019796000000001,0.2453420000000004,0.24530680000000027,10,6,11,600.4325537385968,7,5;5;5;5;5;6;4,paper_multivehicle_v2
Tabu Search,35,7,0.1,10,15.184933490846637,100.0,35,0,0.6216090999999999,0.6205435999999995,0.5094372999999999,0.11110629999999966,0.11107859999999992,10,7,11,610.49558706803,7,5;6;6;5;5;4;4,paper_multivehicle_v2
Tabu Search,35,7,0.1,11,14.160529762307895,100.0,35,0,0.6259368999999999,0.6249145999999999,0.5476607,0.07725389999999988,0.07721739999999988,10,6,11,554.3303437365926,7,6;5;6;4;5;5;4,paper_multivehicle_v2
Tabu Search,35,7,0.1,12,15.049790232053741,100.0,35,0,0.37641919999999995,0.375378,0.28472050000000015,0.09065749999999984,0.09063829999999995,10,8,11,599.5533353779809,7,7;6;5;5;4;4;4,paper_multivehicle_v2
Tabu Search,35,7,0.1,13,12.760974006898689,100.0,35,0,0.6540954000000001,0.6531608,0.5432102000000001,0.1099505999999999,0.10989429999999967,10,4,11,560.2620707432844,7,6;5;4;4;6;5;5,paper_multivehicle_v2
Tabu Search,35,7,0.1,14,16.997353321505766,100.0,35,0,0.6426920999999999,0.6415968000000001,0.46249070000000003,0.17910610000000005,0.17905959999999976,10,6,11,611.7526012310299,7,6;5;5;4;5;5;5,paper_multivehicle_v2
Tabu Search,35,7,0.1,15,15.584593921702321,100.0,35,0,0.5523314000000001,0.5514176000000002,0.4298576999999999,0.12155990000000028,0.12151289999999992,10,5,11,587.2007462660592,7,8;4;5;4;5;5;4,paper_multivehicle_v2
Tabu Search,35,7,0.1,16,14.349121072928014,100.0,35,0,0.6377605,0.6368503999999997,0.5554792000000002,0.08137119999999953,0.08131950000000021,10,4,11,576.2548700066651,7,5;6;5;4;5;5;5,paper_multivehicle_v2
Tabu Search,35,7,0.1,17,12.11478492380702,100.0,35,0,0.45335749999999986,0.4524722000000003,0.39623659999999994,0.056235600000000385,0.05618970000000045,10,5,11,536.0357029044876,7,5;5;5;5;6;6;3,paper_multivehicle_v2
Tabu Search,35,7,0.1,18,12.181327762350914,100.0,35,0,0.8485864999999997,0.8474640999999994,0.6892578999999999,0.15820619999999952,0.15812839999999984,10,3,11,559.5110055275369,7,4;6;4;5;5;5;6,paper_multivehicle_v2
Tabu Search,35,7,0.1,19,14.014783383447973,100.0,35,0,1.0469118,1.0457556000000006,0.8258999,0.21985570000000054,0.21978950000000008,10,4,11,569.0505474435728,7,6;5;5;5;4;6;4,paper_multivehicle_v2
Tabu Search,35,7,0.1,20,13.50618697355823,100.0,35,0,0.7648132999999999,0.7639144999999998,0.6383298000000002,0.12558469999999966,0.12554249999999945,10,5,11,599.5323485337929,7,6;5;6;4;6;4;4,paper_multivehicle_v2
Tabu Search,35,7,0.1,21,13.31079508224642,100.0,35,0,0.7554776000000001,0.7543231000000001,0.6448117999999998,0.10951130000000031,0.10945460000000029,10,5,11,548.1835757349231,7,5;6;4;5;4;5;6,paper_multivehicle_v2
Tabu Search,35,7,0.1,22,12.069579887361646,100.0,35,0,0.49674280000000026,0.49584800000000073,0.4287785000000002,0.06706950000000056,0.06701820000000014,10,5,11,573.8757388556688,7,5;5;5;6;5;4;5,paper_multivehicle_v2
Tabu Search,35,7,0.1,23,13.00887622038937,100.0,35,0,0.9479799000000002,0.9470571999999999,0.6424703,0.3045868999999999,0.30452499999999993,10,3,11,592.8007092176285,7,6;6;5;5;4;5;4,paper_multivehicle_v2
Tabu Search,35,7,0.1,24,11.35295305239506,100.0,35,0,0.7771637,0.7762404999999992,0.5881009000000001,0.18813959999999907,0.1880859999999993,10,4,11,542.2414652783817,7,6;5;5;6;4;4;5,paper_multivehicle_v2
Tabu Search,35,7,0.1,25,11.907535883893436,100.0,35,0,0.7758321000000001,0.774925099999999,0.6630890999999997,0.11183599999999938,0.11178329999999992,10,4,11,540.1664358259653,7,6;5;4;5;6;4;5,paper_multivehicle_v2
Tabu Search,35,7,0.1,26,15.090863187272031,100.0,35,0,1.1009532000000002,1.099747100000001,0.7459037,0.35384340000000103,0.35377680000000034,10,4,11,588.9770618066023,7,5;5;4;5;5;5;6,paper_multivehicle_v2
Tabu Search,35,7,0.1,27,14.14182720960935,100.0,35,0,0.6092371999999999,0.6083811999999997,0.4929931999999999,0.11538799999999982,0.11533840000000017,10,4,11,558.4920378127616,7,5;5;6;6;5;4;4,paper_multivehicle_v2
Tabu Search,35,7,0.1,28,16.87596732727548,100.0,35,0,0.41555240000000015,0.41464959999999973,0.3402270999999999,0.07442249999999984,0.07440390000000008,10,8,11,608.6112149010428,7,5;6;7;4;5;4;4,paper_multivehicle_v2
Tabu Search,35,7,0.1,29,13.885778874723211,100.0,35,0,0.6969401000000004,0.696038999999999,0.5967311,0.099307899999999,0.09925729999999922,10,4,11,574.4933860119321,7,5;5;5;6;4;5;5,paper_multivehicle_v2
Tabu Search,35,7,0.1,30,13.593951306844328,100.0,35,0,1.0265999,1.0254336000000008,0.7547616000000001,0.2706720000000007,0.27059500000000014,10,3,11,560.6039701255465,7,5;6;5;6;4;4;5,paper_multivehicle_v2
Tabu Search,35,7,0.1,31,13.678985960499071,100.0,35,0,0.6209563,0.6200655000000004,0.5236983999999998,0.0963671000000006,0.09633160000000052,10,6,11,555.7429864739964,7,6;6;4;4;5;5;5,paper_multivehicle_v2
Tabu Search,35,7,0.1,32,13.246246811908275,100.0,35,0,0.8984991999999998,0.8973987000000001,0.8345788000000001,0.06281990000000004,0.06276529999999969,10,5,11,555.5049667240506,7,6;5;5;5;5;4;5,paper_multivehicle_v2
Tabu Search,35,7,0.1,33,14.363083782187045,100.0,35,0,0.6835767000000001,0.6824250000000003,0.594824,0.08760100000000026,0.08754039999999996,10,5,11,608.7927337143082,7,5;6;5;6;4;5;4,paper_multivehicle_v2
Tabu Search,35,7,0.1,34,10.723903125836252,100.0,35,0,0.7928791,0.7920193000000002,0.6537729999999997,0.1382463000000005,0.13818870000000016,10,3,11,543.8905313798532,7,5;5;5;4;5;5;6,paper_multivehicle_v2
Tabu Search,35,7,0.1,35,16.23112894536347,100.0,35,0,0.43398590000000015,0.4330725000000002,0.3814099999999998,0.05166250000000039,0.05162410000000017,10,6,11,578.4123975929862,7,5;5;5;5;5;5;5,paper_multivehicle_v2
Tabu Search,35,7,0.1,36,11.242307410148598,100.0,35,0,0.7370576,0.7361491999999998,0.7033264999999997,0.03282270000000009,0.03277899999999967,10,5,11,543.8200595424354,7,5;4;5;5;6;5;5,paper_multivehicle_v2
Tabu Search,35,7,0.1,37,14.40783614751393,100.0,35,0,0.33803379999999983,0.3371453000000004,0.29437710000000017,0.042768200000000256,0.042738900000000246,10,7,11,562.0243866176395,7,6;6;4;5;5;5;4,paper_multivehicle_v2
Tabu Search,35,7,0.1,38,12.61589846176699,100.0,35,0,0.6723760000000003,0.6712787999999992,0.5524077999999997,0.1188709999999995,0.1187967999999997,10,4,11,567.8179936004005,7,5;7;5;4;5;4;5,paper_multivehicle_v2
Tabu Search,35,7,0.1,39,15.148262975083124,100.0,35,0,0.7425041000000001,0.7415494000000002,0.6526752,0.08887420000000024,0.08883710000000011,10,6,11,569.3588272080605,7,5;5;4;6;5;4;6,paper_multivehicle_v2
Tabu Search,35,7,0.1,40,14.860517024520535,100.0,35,0,0.6957176999999999,0.6948164999999995,0.5932979,0.10151859999999946,0.10147759999999995,10,5,11,607.8178898917179,7,6;5;5;5;5;4;5,paper_multivehicle_v2
Tabu Search,35,7,0.1,41,18.053525005861122,100.0,35,0,0.5793672000000001,0.5784001000000014,0.42578780000000016,0.15261230000000126,0.1525755000000002,10,6,11,619.0441134674271,7,7;5;5;4;5;4;5,paper_multivehicle_v2
Tabu Search,35,7,0.1,42,11.56747073035938,100.0,35,0,0.5063800999999999,0.5054897,0.40052049999999983,0.1049692000000002,0.10492649999999992,10,5,11,557.1556867638413,7,6;6;6;5;4;4;4,paper_multivehicle_v2
Tabu Search,35,7,0.1,43,14.183288124505344,100.0,35,0,0.47327530000000007,0.47239070000000005,0.4253262000000002,0.04706449999999984,0.047027400000000164,10,6,11,714.5922554537069,7,6;5;5;5;5;5;4,paper_multivehicle_v2
Tabu Search,35,7,0.1,44,15.871048741851858,100.0,35,0,0.7482755999999999,0.7473214000000015,0.5316006,0.2157208000000015,0.21569500000000108,10,7,11,577.082439194738,7,5;5;5;6;4;5;5,paper_multivehicle_v2
Tabu Search,35,7,0.1,45,14.49314305887366,100.0,35,0,0.6642351,0.6633034999999996,0.5696108,0.09369269999999963,0.09366329999999934,10,7,11,592.4759216313494,7,7;5;4;5;5;5;4,paper_multivehicle_v2
Tabu Search,35,7,0.1,46,14.891746879052402,100.0,35,0,0.9722577000000001,0.9712956999999993,0.7160414000000004,0.25525429999999893,0.25521809999999867,10,6,11,557.0584193972339,7,5;5;5;4;6;6;4,paper_multivehicle_v2
Tabu Search,35,7,0.1,47,16.604745589175238,100.0,35,0,0.7408547000000003,0.7398763000000015,0.5325148,0.20736150000000153,0.2073221000000003,10,6,11,584.6374693883602,7,6;5;5;4;5;5;5,paper_multivehicle_v2
Tabu Search,35,7,0.1,48,12.676695153794782,100.0,35,0,0.7877233000000001,0.7864020999999983,0.6893216999999998,0.09708039999999851,0.09702259999999896,10,5,11,562.0365772079747,7,5;5;6;4;5;6;4,paper_multivehicle_v2
Tabu Search,35,7,0.1,49,13.93827112809768,100.0,35,0,0.5955859999999995,0.5937036000000004,0.43646910000000005,0.1572345000000004,0.1571592000000006,10,5,11,601.4649038987493,7,7;6;5;5;4;4;4,paper_multivehicle_v2
Tabu Search,35,7,0.1,50,11.782992752543988,100.0,35,0,0.7026454999999996,0.7015498999999998,0.6717799000000007,0.029769999999999186,0.029712199999998745,10,5,11,557.4725757929863,7,7;6;5;4;5;4;4,paper_multivehicle_v2
Tabu Search,35,7,0.1,51,12.786666948185522,100.0,35,0,0.6698106000000004,0.6689177999999996,0.5776023999999995,0.09131540000000005,0.09126460000000058,10,4,11,557.6208734813001,7,5;6;4;5;5;6;4,paper_multivehicle_v2
Tabu Search,35,7,0.1,52,15.085913791181568,100.0,35,0,0.5594342999999999,0.558454499999999,0.44008109999999956,0.1183733999999994,0.11834109999999853,10,7,11,568.1419309976812,7,7;6;5;4;4;4;5,paper_multivehicle_v2
Tabu Search,35,7,0.1,53,16.712470269262408,100.0,35,0,0.6347257000000002,0.6338335999999996,0.5651810999999998,0.06865249999999978,0.06860999999999962,10,5,11,637.4165866921849,7,6;5;5;5;5;4;5,paper_multivehicle_v2
Tabu Search,35,7,0.1,54,13.811393134749434,100.0,35,0,1.0385099000000002,1.0374033000000011,0.8206765000000003,0.21672680000000089,0.21666139999999956,10,4,11,580.2646498024104,7,5;5;5;5;5;5;5,paper_multivehicle_v2
Tabu Search,35,7,0.1,55,15.941317049614682,100.0,35,0,0.49923450000000047,0.4983223000000008,0.4288768000000003,0.06944550000000049,0.0694265999999999,10,8,11,637.0556665276011,7,5;6;5;5;5;5;4,paper_multivehicle_v2
Tabu Search,35,7,0.1,56,18.00278009139579,100.0,35,0,0.4404518999999998,0.4394574000000002,0.3739733000000003,0.06548409999999993,0.06544379999999972,10,6,11,654.0548731631877,7,6;6;5;5;5;5;3,paper_multivehicle_v2
Tabu Search,35,7,0.1,57,15.158459865889698,100.0,35,0,0.6828390999999998,0.6817469999999988,0.6145294000000003,0.06721759999999843,0.06718339999999934,10,7,11,671.4234381845399,7,7;4;4;5;5;5;5,paper_multivehicle_v2
Tabu Search,35,7,0.1,58,12.08172356098835,100.0,35,0,0.8444681000000003,0.8433167999999993,0.6738149,0.16950189999999932,0.16942880000000038,10,4,11,566.9770084562581,7,6;5;5;4;5;5;5,paper_multivehicle_v2
Tabu Search,35,7,0.1,59,13.011747328519169,100.0,35,0,0.6686093,0.6677412000000009,0.5385278000000007,0.12921340000000026,0.12916799999999995,10,5,11,557.3886296557835,7,5;6;5;5;5;5;4,paper_multivehicle_v2
Tabu Search,35,7,0.1,60,12.139057403851366,100.0,35,0,0.2609608999999997,0.2600674000000005,0.23193419999999954,0.02813320000000097,0.02808760000000099,10,5,11,643.5205832509386,7,6;5;5;5;5;5;4,paper_multivehicle_v2
Tabu Search,35,7,0.1,61,16.010974266787485,100.0,35,0,0.9017993000000004,0.9006774999999987,0.7847907999999997,0.11588669999999901,0.11584099999999964,10,6,11,546.3098786004016,7,5;6;5;5;5;4;5,paper_multivehicle_v2
Tabu Search,35,7,0.1,62,19.006256528376788,100.0,35,0,0.34043190000000045,0.3394883000000011,0.28000369999999997,0.05948460000000111,0.05945680000000042,10,7,11,593.5693620656557,7,6;5;6;5;5;4;4,paper_multivehicle_v2
Tabu Search,35,7,0.1,63,17.056469106269546,100.0,35,0,0.7994351000000002,0.7984968000000014,0.5295646999999999,0.26893210000000156,0.2688801000000005,10,4,11,592.8007092176285,7,6;4;5;5;4;6;5,paper_multivehicle_v2
Tabu Search,35,7,0.1,64,13.728651710339001,100.0,35,0,0.6214518,0.6205046000000003,0.5441284999999993,0.07637610000000095,0.0763113000000013,10,5,11,586.1404607968111,7,7;6;5;5;4;4;4,paper_multivehicle_v2
Tabu Search,35,7,0.1,65,11.66289338756347,100.0,35,0,0.5298876000000003,0.528985099999999,0.48799939999999964,0.04098569999999935,0.04093109999999989,10,4,11,564.0773453434396,7,6;4;6;5;5;4;5,paper_multivehicle_v2
Tabu Search,35,7,0.1,66,15.266926641569967,100.0,35,0,0.5553137000000001,0.5543738999999999,0.4362699000000001,0.11810399999999976,0.11805570000000021,10,6,11,582.2483973164705,7,6;6;4;5;4;5;5,paper_multivehicle_v2
Tabu Search,35,7,0.1,67,14.203302754811167,100.0,35,0,0.7320383000000001,0.7310766000000006,0.5326116000000001,0.19846500000000056,0.1984268000000009,10,6,11,583.9983374467693,7,7;7;4;4;6;4;3,paper_multivehicle_v2
Tabu Search,35,7,0.1,68,16.0176696477637,100.0,35,0,0.4076703000000004,0.4067740000000004,0.2846277000000006,0.12214629999999982,0.12208560000000102,10,4,11,589.8772041872198,7,6;6;5;5;5;3;5,paper_multivehicle_v2
Tabu Search,35,7,0.1,69,16.67028429583667,100.0,35,0,0.4560259999999996,0.45446270000000055,0.3754003000000008,0.07906239999999976,0.07903380000000038,10,7,11,567.0229854693574,7,6;6;6;4;5;4;4,paper_multivehicle_v2
Tabu Search,35,7,0.1,70,14.926495172604383,100.0,35,0,0.858104,0.8570687999999986,0.6447327000000005,0.21233609999999814,0.21226379999999967,10,5,11,585.3612832116238,7,6;4;6;5;4;5;5,paper_multivehicle_v2
Tabu Search,35,7,0.1,71,11.90087148641195,100.0,35,0,0.7260973000000002,0.7253507999999984,0.6553832999999996,0.06996749999999885,0.06993799999999961,10,4,11,551.6937933157396,7,5;5;6;6;5;4;4,paper_multivehicle_v2
Tabu Search,35,7,0.1,72,14.375752130531177,100.0,35,0,0.4599668000000001,0.45892530000000065,0.41161760000000047,0.047307700000000175,0.047253999999999685,10,6,11,553.4370478709486,7,5;6;5;5;5;5;4,paper_multivehicle_v2
Tabu Search,35,7,0.1,73,13.668960399789182,100.0,35,0,0.5462386000000006,0.5451685,0.4279552999999998,0.11721320000000013,0.11715830000000071,10,5,11,553.824115301167,7,6;6;4;5;5;5;4,paper_multivehicle_v2
Tabu Search,35,7,0.1,74,12.817379874907349,100.0,35,0,0.7037041000000004,0.7030967999999991,0.6116916999999997,0.09140509999999935,0.09137139999999988,10,3,11,539.2030404624627,7,6;5;5;5;5;4;5,paper_multivehicle_v2
Tabu Search,35,7,0.1,75,12.651360588221431,100.0,35,0,0.6472484000000005,0.6465540000000018,0.5461160999999999,0.10043790000000197,0.10041280000000086,10,5,11,541.0737259384099,7,4;6;5;5;5;5;5,paper_multivehicle_v2
Tabu Search,35,7,0.1,76,14.687538449030345,100.0,35,0,0.4259757000000004,0.4251174999999989,0.4043865999999996,0.02073089999999933,0.02070299999999925,10,7,11,551.1969100453102,7,7;6;6;5;4;4;3,paper_multivehicle_v2
Tabu Search,35,7,0.1,77,15.239764650148615,100.0,35,0,0.6849838999999998,0.6839660000000007,0.5604035000000005,0.12356250000000024,0.1235097000000005,10,5,11,610.1954915888796,7,6;5;5;5;5;4;5,paper_multivehicle_v2
Tabu Search,35,7,0.1,78,11.68772624224879,100.0,35,0,0.4844710999999995,0.4835989999999999,0.4557197999999998,0.027879200000000104,0.027835499999999236,10,5,11,549.79325369929,7,6;6;5;5;4;4;5,paper_multivehicle_v2
Tabu Search,35,7,0.1,79,13.39428523791472,100.0,35,0,0.5828866999999995,0.5820312000000012,0.4419715000000002,0.140059700000001,0.14002240000000032,10,6,11,617.2245141071363,7,5;5;6;4;4;6;5,paper_multivehicle_v2
Tabu Search,35,7,0.1,80,12.30046963093752,100.0,35,0,0.5454561999999994,0.5444939000000018,0.44696780000000036,0.09752610000000139,0.09747130000000137,10,5,11,552.1248916810279,7,5;7;5;4;4;6;4,paper_multivehicle_v2
Tabu Search,35,7,0.1,81,14.10158732418317,100.0,35,0,0.5824727000000003,0.5819095000000001,0.4852856000000001,0.09662389999999998,0.09659680000000037,10,5,11,579.4635611668916,7,7;5;5;4;5;5;4,paper_multivehicle_v2
Tabu Search,35,7,0.1,82,15.250845748660108,100.0,35,0,0.3962267000000006,0.3955889999999975,0.34102439999999934,0.05456459999999819,0.05454889999999857,10,7,11,627.7229520665461,7,6;5;6;4;5;4;5,paper_multivehicle_v2
Tabu Search,35,7,0.1,83,12.85543302138518,100.0,35,0,0.46776199999999957,0.4667981999999995,0.3945888000000002,0.07220939999999931,0.07216109999999976,10,5,11,553.9797269527268,7,7;5;5;5;4;5;4,paper_multivehicle_v2
Tabu Search,35,7,0.1,84,17.732822068673848,100.0,35,0,0.7959972000000004,0.7949436999999993,0.5111825999999997,0.28376109999999954,0.2837223,10,5,11,586.075444849409,7,5;6;5;5;5;4;5,paper_multivehicle_v2
Tabu Search,35,7,0.1,85,16.13206216168711,100.0,35,0,0.38464350000000014,0.38379369999999824,0.2950248999999996,0.08876879999999865,0.08873129999999829,10,6,11,613.221671984461,7,5;7;6;3;4;5;5,paper_multivehicle_v2
Tabu Search,35,7,0.1,86,18.178781253737313,100.0,35,0,0.3840513000000003,0.3830890999999985,0.29799880000000023,0.08509029999999829,0.08504209999999901,10,5,11,644.7723385587054,7,6;6;5;5;3;5;5,paper_multivehicle_v2
Tabu Search,35,7,0.1,87,15.777929752491106,100.0,35,0,0.30795510000000004,0.30696119999999993,0.24652139999999978,0.060439800000000155,0.0604047999999997,10,6,11,658.8175325727017,7,6;6;5;6;4;4;4,paper_multivehicle_v2
Tabu Search,35,7,0.1,88,14.636661086671676,100.0,35,0,0.5439002999999998,0.5428697000000025,0.3998149,0.14305480000000248,0.14300840000000115,10,6,11,592.4873951358991,7,5;5;5;5;4;5;6,paper_multivehicle_v2
Tabu Search,35,7,0.1,89,15.374299147483184,100.0,35,0,0.5988951,0.5977760000000014,0.4830285999999999,0.1147474000000015,0.11470409999999998,10,6,11,635.6693235918714,7,7;4;5;5;5;5;4,paper_multivehicle_v2
Tabu Search,35,7,0.1,90,14.492840206351834,100.0,35,0,0.6628248999999995,0.6620846999999994,0.5559085000000001,0.10617619999999928,0.10614879999999971,10,5,11,569.7385090136893,7,6;5;6;4;5;4;5,paper_multivehicle_v2
Tabu Search,35,7,0.1,91,13.714766690158934,100.0,35,0,0.3313701,0.3306074999999993,0.28119549999999993,0.049411999999999345,0.04938249999999922,10,5,11,630.6790572716911,7,6;6;4;4;5;5;5,paper_multivehicle_v2
Tabu Search,35,7,0.1,92,14.543786987576901,100.0,35,0,0.5820398999999998,0.5810708000000009,0.46699550000000034,0.11407530000000055,0.11403509999999972,10,5,11,623.4025004884527,7,5;5;4;5;5;5;6,paper_multivehicle_v2
Tabu Search,35,7,0.1,93,14.148819896099015,100.0,35,0,0.6318904999999999,0.6306660999999991,0.4471885999999996,0.18347749999999952,0.18343050000000005,10,6,11,568.6002257333467,7,8;5;4;5;4;4;5,paper_multivehicle_v2
Tabu Search,35,7,0.1,94,18.236645308023217,100.0,35,0,0.4418280000000001,0.4408227000000009,0.2880921000000001,0.15273060000000083,0.15270280000000014,10,7,11,588.5771615027764,7,6;5;7;4;4;4;5,paper_multivehicle_v2
Tabu Search,35,7,0.1,95,17.407330764202698,100.0,35,0,0.4601500000000005,0.4591865000000013,0.4175697999999999,0.041616700000001394,0.04160110000000117,10,7,11,619.374097871047,7,6;5;6;4;5;5;4,paper_multivehicle_v2
Tabu Search,35,7,0.1,96,16.85135957453669,100.0,35,0,0.33231129999999975,0.3312177000000016,0.24045450000000024,0.09076320000000138,0.09072690000000172,10,7,11,603.6009605387509,7,6;5;6;6;5;4;3,paper_multivehicle_v2
Tabu Search,35,7,0.1,97,14.909838811376066,100.0,35,0,0.4654930000000004,0.4644473999999992,0.4301262999999995,0.03432109999999966,0.03427160000000029,10,6,11,588.6952225031014,7,5;6;6;5;4;5;4,paper_multivehicle_v2
Tabu Search,35,7,0.1,98,16.017209882503128,100.0,35,0,0.5956101999999994,0.5949527999999988,0.4952006999999998,0.09975209999999901,0.09973239999999972,10,6,11,658.4074774775158,7,6;5;6;5;5;4;4,paper_multivehicle_v2
Tabu Search,35,7,0.1,99,14.691016236545455,100.0,35,0,0.5469926000000003,0.5462456999999983,0.5028515999999996,0.04339409999999866,0.04337489999999988,10,6,11,643.5240846020477,7,6;5;4;5;6;5;4,paper_multivehicle_v2
Tabu Search,35,7,0.1,100,16.357093182186055,100.0,35,0,0.5385792,0.5379730999999994,0.45803870000000035,0.07993439999999907,0.07991480000000006,10,6,11,576.4002074686564,7,6;6;5;4;5;4;5,paper_multivehicle_v2
Tabu Search,35,7,0.25,1,15.008365804394966,100.0,35,0,0.34263699999999986,0.3416189000000003,0.2852039999999998,0.05641490000000049,0.05637219999999998,10,5,11,561.5843122174846,7,6;5;5;5;5;4;5,paper_multivehicle_v2
Tabu Search,35,7,0.25,2,16.975593272032405,100.0,35,0,0.2609556000000002,0.2597566000000002,0.2524554000000001,0.007301200000000119,0.007289900000000182,10,9,11,594.5357987687175,7,6;5;5;6;5;4;4,paper_multivehicle_v2
Tabu Search,35,7,0.25,3,18.68093209468617,100.0,35,0,0.18540990000000002,0.18444490000000036,0.17672690000000002,0.007718000000000336,0.00770850000000034,10,9,11,682.8023405796315,7,7;6;5;5;5;4;3,paper_multivehicle_v2
Tabu Search,35,7,0.25,4,15.098701633135112,100.0,35,0,0.3467644999999999,0.34567269999999994,0.2561397000000001,0.08953299999999986,0.08951419999999977,10,8,11,593.0311512723355,7,6;5;6;5;5;5;3,paper_multivehicle_v2
Tabu Search,35,7,0.25,5,13.900532548060195,100.0,35,0,0.2805698999999999,0.2795184000000004,0.21121849999999998,0.06829990000000041,0.06826220000000016,10,6,11,572.0217365626187,7,5;5;6;6;4;4;5,paper_multivehicle_v2
Tabu Search,35,7,0.25,6,21.201259623930625,100.0,35,0,0.15001360000000008,0.14888940000000028,0.10530550000000005,0.04358390000000023,0.043574400000000235,10,9,11,639.1004097620632,7,5;5;7;6;3;6;3,paper_multivehicle_v2
Tabu Search,35,7,0.25,7,11.317117140901528,100.0,35,0,0.3439827,0.34294210000000014,0.27702720000000003,0.06591490000000011,0.0658643000000001,10,5,11,550.7106781186548,7,7;5;6;5;4;4;4,paper_multivehicle_v2
Tabu Search,35,7,0.25,8,16.51551865108632,100.0,35,0,0.5432736,0.5420022,0.35711899999999996,0.18488320000000003,0.18483779999999994,10,6,11,575.4148835350125,7,5;4;5;5;5;6;5,paper_multivehicle_v2
Tabu Search,35,7,0.25,9,17.53980895751891,100.0,35,0,0.2641715,0.26093330000000026,0.18071710000000007,0.08021620000000018,0.08021620000000018,10,10,11,604.4095373926779,7,7;6;5;4;5;5;3,paper_multivehicle_v2
Tabu Search,35,7,0.25,10,19.344932216180553,100.0,35,0,0.2747150999999999,0.2736917000000003,0.21351239999999994,0.06017930000000038,0.060169800000000384,10,9,11,678.3975864182518,7,8;5;4;5;6;4;3,paper_multivehicle_v2
Tabu Search,35,7,0.25,11,13.268144329087159,100.0,35,0,0.409381,0.4083795000000001,0.3268835000000001,0.08149600000000001,0.0814592999999999,10,6,11,568.3179611251823,7,8;5;3;5;5;5;4,paper_multivehicle_v2
Tabu Search,35,7,0.25,12,17.465059132952774,100.0,35,0,0.26874850000000006,0.26772660000000026,0.23818919999999988,0.02953740000000038,0.029514500000000554,10,8,11,719.5546004084632,7,8;6;5;4;4;4;4,paper_multivehicle_v2
Tabu Search,35,7,0.25,13,16.266099836311135,100.0,35,0,0.2737658999999999,0.27288010000000007,0.20326600000000017,0.0696140999999999,0.06959479999999996,10,8,11,626.9068093476717,7,7;5;6;4;4;5;4,paper_multivehicle_v2
Tabu Search,35,7,0.25,14,17.32447121454792,100.0,35,0,0.36490449999999996,0.3637560000000004,0.22842220000000002,0.1353338000000004,0.13530960000000047,10,8,11,606.5124282826546,7,7;6;4;4;5;5;4,paper_multivehicle_v2
Tabu Search,35,7,0.25,15,13.951757923993489,100.0,35,0,0.38077000000000005,0.37984799999999974,0.3468726,0.032975399999999766,0.032936799999999655,10,6,11,549.4046107978426,7,7;5;5;4;5;5;4,paper_multivehicle_v2
Tabu Search,35,7,0.25,16,15.825478430912648,100.0,35,0,0.15503010000000006,0.1541182000000001,0.13879299999999994,0.01532520000000015,0.015315100000000248,10,9,11,594.6154342431555,7,8;7;5;3;4;4;4,paper_multivehicle_v2
Tabu Search,35,7,0.25,17,18.366239440243838,100.0,35,0,0.3579901000000001,0.35686270000000064,0.28993160000000007,0.06693110000000058,0.06690540000000045,10,8,11,642.9699910540847,7,7;6;6;5;4;3;4,paper_multivehicle_v2
Tabu Search,35,7,0.25,18,15.277726667864526,100.0,35,0,0.5603237999999999,0.5593864000000004,0.46271020000000007,0.09667620000000032,0.09664059999999997,10,6,11,641.1001449823824,7,6;5;5;4;6;5;4,paper_multivehicle_v2
Tabu Search,35,7,0.25,19,13.966963504367493,100.0,35,0,0.3941329,0.3932686000000001,0.3637393,0.02952930000000009,0.029481700000000055,10,5,11,593.5757496949665,7,5;5;6;6;5;4;4,paper_multivehicle_v2
Tabu Search,35,7,0.25,20,13.59572936744033,100.0,35,0,0.3951447000000001,0.39390999999999976,0.33075469999999996,0.0631552999999998,0.06310859999999985,10,6,11,561.3203541556479,7,7;6;4;4;5;5;4,paper_multivehicle_v2
Tabu Search,35,7,0.25,21,13.140515412782031,100.0,35,0,0.22936959999999984,0.22847109999999948,0.21437489999999992,0.014096199999999559,0.01406929999999984,10,7,11,574.0626673400701,7,6;6;5;5;4;5;4,paper_multivehicle_v2
Tabu Search,35,7,0.25,22,16.144250425449744,100.0,35,0,0.2884730999999998,0.2869424999999999,0.27621249999999997,0.010729999999999906,0.01069629999999977,10,7,11,586.2155372054843,7,7;5;5;4;5;5;4,paper_multivehicle_v2
Tabu Search,35,7,0.25,23,16.701773046744485,100.0,35,0,0.15870850000000014,0.1578548999999998,0.15407119999999996,0.0037836999999998344,0.0037637999999997618,10,8,11,658.6844919532926,7,5;7;5;6;4;4;4,paper_multivehicle_v2
Tabu Search,35,7,0.25,24,17.61316158490482,100.0,35,0,0.157238,0.15634649999999994,0.12523360000000006,0.031112899999999888,0.03110309999999994,10,9,11,680.6367417090491,7,6;7;6;4;4;4;4,paper_multivehicle_v2
Tabu Search,35,7,0.25,25,19.768414979659862,100.0,35,0,0.2016636999999999,0.20076269999999963,0.1792575999999999,0.02150509999999972,0.021476599999999735,10,7,11,619.726089421203,7,6;5;6;5;5;5;3,paper_multivehicle_v2
Tabu Search,35,7,0.25,26,19.704704179131223,100.0,35,0,0.36505870000000007,0.36398140000000034,0.30506919999999993,0.058912200000000414,0.05889060000000046,10,8,11,574.2598508049288,7,7;5;5;4;4;5;5,paper_multivehicle_v2
Tabu Search,35,7,0.25,27,14.6947061409595,100.0,35,0,0.6021250999999999,0.6007697999999995,0.5034536000000001,0.09731619999999941,0.09725769999999923,10,5,11,595.2112841773073,7,5;6;6;5;5;4;4,paper_multivehicle_v2
Tabu Search,35,7,0.25,28,15.081642565051263,100.0,35,0,0.37394709999999987,0.3730367999999995,0.2951349000000001,0.07790189999999941,0.07786589999999971,10,6,11,590.1816785293197,7,6;6;5;5;4;4;5,paper_multivehicle_v2
Tabu Search,35,7,0.25,29,16.41747396790289,100.0,35,0,0.14977010000000002,0.14859760000000022,0.14245520000000012,0.006142400000000103,0.006130200000000086,10,9,11,616.0919562151737,7,7;7;5;4;4;4;4,paper_multivehicle_v2
Tabu Search,35,7,0.25,30,17.717797812883408,100.0,35,0,0.3986485999999998,0.3977179999999989,0.32143010000000016,0.07628789999999874,0.07625869999999901,10,7,11,593.7013632284152,7,6;4;5;5;5;5;5,paper_multivehicle_v2
Tabu Search,35,7,0.25,31,18.141005392623594,100.0,35,0,0.09890620000000006,0.09785089999999985,0.09305889999999994,0.0047919999999999074,0.00477979999999989,10,9,11,642.4679788011781,7,6;6;5;6;4;5;3,paper_multivehicle_v2
Tabu Search,35,7,0.25,32,15.551825071320877,100.0,35,0,0.49268429999999985,0.4917809000000004,0.4244513999999999,0.06732950000000049,0.0673035000000004,10,7,11,613.8018788959799,7,6;6;6;4;4;4;5,paper_multivehicle_v2
Tabu Search,35,7,0.25,33,18.126159437036467,100.0,35,0,0.7524820999999999,0.7510915999999996,0.5127833000000002,0.23830829999999947,0.2382067999999995,10,7,11,605.2557383915005,7,6;6;5;5;4;5;4,paper_multivehicle_v2
Tabu Search,35,7,0.25,34,15.66399872061083,100.0,35,0,0.35862019999999983,0.35774090000000003,0.2962772,0.06146370000000001,0.06143680000000007,10,7,11,605.9816892555107,7,6;7;6;4;4;4;4,paper_multivehicle_v2
Tabu Search,35,7,0.25,35,13.32642981315966,100.0,35,0,0.14755220000000002,0.14670479999999997,0.14107150000000002,0.005633299999999952,0.005593399999999971,10,6,11,571.2852671574116,7,6;7;5;5;4;5;3,paper_multivehicle_v2
Tabu Search,35,7,0.25,36,15.281738282248726,100.0,35,0,0.2518237000000001,0.2508315000000001,0.2408566000000001,0.009974900000000009,0.009931200000000029,10,6,11,601.8706384823281,7,6;6;4;5;5;5;4,paper_multivehicle_v2
Tabu Search,35,7,0.25,37,18.112524345148312,100.0,35,0,0.2763108000000003,0.2752697000000004,0.25885219999999975,0.01641750000000064,0.01639380000000079,10,8,11,629.4296555024507,7,5;6;6;6;5;4;3,paper_multivehicle_v2
Tabu Search,35,7,0.25,38,18.300300620824405,100.0,35,0,0.10457329999999998,0.10370780000000046,0.08783170000000018,0.01587610000000028,0.015866200000000275,10,9,11,598.848922988498,7,6;6;6;5;5;3;4,paper_multivehicle_v2
Tabu Search,35,7,0.25,39,12.001757408163025,100.0,35,0,0.4822036999999997,0.4809508999999992,0.4162847999999999,0.06466609999999928,0.0646495999999992,10,8,11,559.2861048652242,7,7;7;5;4;4;4;4,paper_multivehicle_v2
Tabu Search,35,7,0.25,40,14.585721124064067,100.0,35,0,0.3888582999999999,0.3879248999999996,0.3146023,0.07332259999999957,0.07328339999999978,10,6,11,560.0624756049924,7,5;6;5;5;5;4;5,paper_multivehicle_v2
Tabu Search,35,7,0.25,41,16.181242890492694,100.0,35,0,0.13878600000000008,0.13696540000000068,0.12323430000000002,0.013731100000000662,0.013719600000000387,10,9,11,561.1739249654156,7,6;6;6;6;4;4;3,paper_multivehicle_v2
Tabu Search,35,7,0.25,42,18.613738378174546,100.0,35,0,0.3959170999999999,0.39460969999999973,0.26944789999999985,0.12516179999999988,0.12513549999999984,10,8,11,609.4024729284567,7,5;6;6;4;5;5;4,paper_multivehicle_v2
Tabu Search,35,7,0.25,43,13.52749973398984,100.0,35,0,0.18491659999999976,0.18406339999999943,0.17480079999999987,0.009262599999999566,0.009236899999999881,10,7,11,564.0661878106391,7,6;6;7;5;4;4;3,paper_multivehicle_v2
Tabu Search,35,7,0.25,44,16.587725737309874,100.0,35,0,0.18939670000000008,0.1874983999999995,0.1468742999999999,0.04062409999999961,0.04061459999999961,10,9,11,679.131582972035,7,5;6;5;5;5;5;4,paper_multivehicle_v2
Tabu Search,35,7,0.25,45,15.536459378730193,100.0,35,0,0.18221620000000005,0.18132530000000058,0.14633710000000022,0.03498820000000036,0.034969100000000086,10,8,11,576.1558969844006,7,7;6;6;4;4;5;3,paper_multivehicle_v2
Tabu Search,35,7,0.25,46,16.5826698639991,100.0,35,0,0.34229699999999985,0.3412442000000002,0.31090669999999987,0.03033750000000035,0.03029420000000016,10,6,11,641.621877631022,7,6;4;5;5;6;5;4,paper_multivehicle_v2
Tabu Search,35,7,0.25,47,16.38925190794601,100.0,35,0,0.3395490000000003,0.33861049999999926,0.3056392999999997,0.032971199999999534,0.03292830000000002,10,6,11,661.4409359381582,7,6;6;6;6;4;4;3,paper_multivehicle_v2
Tabu Search,35,7,0.25,48,17.85118822750843,100.0,35,0,0.23858140000000017,0.23771999999999993,0.17314730000000012,0.06457269999999982,0.06455359999999999,10,8,11,594.3089677311115,7,8;5;6;6;4;3;3,paper_multivehicle_v2
Tabu Search,35,7,0.25,49,17.6186823356695,100.0,35,0,0.33504449999999997,0.33416279999999876,0.26204859999999996,0.0721141999999988,0.07208379999999925,10,7,11,608.8010131415737,7,7;4;6;5;4;5;4,paper_multivehicle_v2
Tabu Search,35,7,0.25,50,14.157388602733494,100.0,35,0,0.16420689999999993,0.1633218999999997,0.14823839999999988,0.015083499999999805,0.015055199999999935,10,7,11,537.8013840664737,7,5;6;7;5;4;4;4,paper_multivehicle_v2
Tabu Search,35,7,0.25,51,11.657027544064567,100.0,35,0,0.36322220000000005,0.3621641999999996,0.3253412,0.036822999999999606,0.036763699999999844,10,5,11,552.6800932470703,7,6;4;6;5;4;5;5,paper_multivehicle_v2
Tabu Search,35,7,0.25,52,16.347320737598693,100.0,35,0,0.49247280000000027,0.4914718000000007,0.4362414000000001,0.05523040000000057,0.05519490000000049,10,6,11,598.3427226321924,7,7;4;4;5;5;4;6,paper_multivehicle_v2
Tabu Search,35,7,0.25,53,17.895578244791228,100.0,35,0,0.18154519999999996,0.18067300000000053,0.16373059999999962,0.016942400000000912,0.016921400000001086,10,8,11,634.0775343829264,7,6;5;5;5;4;5;5,paper_multivehicle_v2
Tabu Search,35,7,0.25,54,14.981037854938464,100.0,35,0,0.2397250999999998,0.23879190000000117,0.2094996,0.02929230000000116,0.029268300000000913,10,8,11,569.1051729617907,7,7;8;5;4;4;3;4,paper_multivehicle_v2
Tabu Search,35,7,0.25,55,17.517916477455746,100.0,35,0,0.5337696999999997,0.5328783999999986,0.4063698999999996,0.12650849999999902,0.12647979999999936,10,7,11,598.8895909482195,7,6;5;4;5;5;5;5,paper_multivehicle_v2
Tabu Search,35,7,0.25,56,12.994474033248535,100.0,35,0,0.3265011999999996,0.32495620000000036,0.27283820000000025,0.05211800000000011,0.052082799999999985,10,7,11,567.2727486372347,7,6;6;5;5;4;4;5,paper_multivehicle_v2
Tabu Search,35,7,0.25,57,14.995969930013466,100.0,35,0,0.15714469999999992,0.15628300000000062,0.15022910000000023,0.0060539000000003895,0.006024100000000754,10,7,11,562.7647267862343,7,7;5;5;5;5;4;4,paper_multivehicle_v2
Tabu Search,35,7,0.25,58,14.652828930339673,100.0,35,0,0.40380079999999996,0.40308080000000013,0.3266680000000002,0.07641279999999995,0.07639529999999972,10,7,11,578.0363707586521,7,5;6;6;4;6;5;3,paper_multivehicle_v2
Tabu Search,35,7,0.25,59,15.12111210813933,100.0,35,0,0.38758380000000026,0.3866269000000009,0.3526214999999997,0.034005400000001185,0.03397200000000078,10,7,11,617.3238671979236,7,7;6;5;5;4;4;4,paper_multivehicle_v2
Tabu Search,35,7,0.25,60,14.14185806107643,100.0,35,0,0.4032832000000002,0.40269429999999984,0.38556990000000013,0.017124399999999707,0.01709829999999979,10,5,11,596.2243100833679,7,5;6;5;6;4;5;4,paper_multivehicle_v2
Tabu Search,35,7,0.25,61,16.907393118059098,100.0,35,0,0.11465170000000002,0.11379689999999965,0.11002389999999984,0.0037729999999998043,0.0037538999999999767,10,8,11,616.0813678119156,7,6;5;6;5;5;4;4,paper_multivehicle_v2
Tabu Search,35,7,0.25,62,13.893057234474137,100.0,35,0,0.34093909999999994,0.3398448000000007,0.2699956000000001,0.06984920000000061,0.06980250000000021,10,6,11,561.0431983574192,7,5;6;6;5;5;4;4,paper_multivehicle_v2
Tabu Search,35,7,0.25,63,15.445095030386296,100.0,35,0,0.2984285,0.2978596999999996,0.21581889999999992,0.08204079999999969,0.08202459999999956,10,7,11,595.004081346666,7,6;5;6;5;5;4;4,paper_multivehicle_v2
Tabu Search,35,7,0.25,64,15.928009214076228,100.0,35,0,0.23975429999999998,0.23883969999999977,0.22233139999999985,0.01650829999999992,0.016490299999999625,10,8,11,592.696283522009,7,8;6;4;5;4;5;3,paper_multivehicle_v2
Tabu Search,35,7,0.25,65,16.82496422769078,100.0,35,0,0.10186159999999989,0.10082680000000055,0.08301610000000004,0.017810700000000512,0.017787800000000686,10,8,11,671.5334435888083,7,6;6;4;4;5;6;4,paper_multivehicle_v2
Tabu Search,35,7,0.25,66,16.539522968123336,100.0,35,0,0.11924899999999994,0.11827039999999966,0.11491689999999988,0.003353499999999787,0.0033303000000000083,10,8,11,664.4545290177191,7,6;6;6;6;5;3;3,paper_multivehicle_v2
Tabu Search,35,7,0.25,67,17.358793100909825,100.0,35,0,0.17023849999999996,0.1693614999999995,0.16355359999999974,0.005807899999999755,0.005781799999999837,10,7,11,606.8362440337014,7,6;4;6;5;5;5;4,paper_multivehicle_v2
Tabu Search,35,7,0.25,68,13.939787760581952,100.0,35,0,0.22252810000000034,0.22178819999999888,0.21421779999999968,0.0075703999999992,0.0075523999999993485,10,8,11,617.3484509336203,7,7;6;5;4;4;5;4,paper_multivehicle_v2
Tabu Search,35,7,0.25,69,15.0604313006557,100.0,35,0,0.32828290000000004,0.32754039999999973,0.26756519999999995,0.059975199999999784,0.05992929999999985,10,6,11,626.3248748438707,7,6;7;5;4;5;5;3,paper_multivehicle_v2
Tabu Search,35,7,0.25,70,18.552976662277906,100.0,35,0,0.21772639999999965,0.21696329999999886,0.19754669999999974,0.019416599999999118,0.01938609999999974,10,7,11,595.433963806152,7,7;6;5;4;5;3;5,paper_multivehicle_v2
Tabu Search,35,7,0.25,71,14.79311766228358,100.0,35,0,0.20384020000000014,0.20332400000000073,0.1939183,0.009405700000000738,0.009385700000000607,10,6,11,572.3806090245724,7,6;6;5;6;3;4;5,paper_multivehicle_v2
Tabu Search,35,7,0.25,72,15.877430357617069,100.0,35,0,0.3068835000000001,0.30590889999999993,0.23287030000000009,0.07303859999999984,0.07299659999999975,10,6,11,568.2779700718135,7,7;6;5;6;4;3;4,paper_multivehicle_v2
Tabu Search,35,7,0.25,73,17.129410089754252,100.0,35,0,0.22424430000000006,0.22343599999999997,0.19871630000000007,0.0247196999999999,0.02470080000000019,10,8,11,605.5665999294756,7,6;5;5;6;4;5;4,paper_multivehicle_v2
Tabu Search,35,7,0.25,74,15.782434612260005,100.0,35,0,0.28887719999999995,0.28769320000000054,0.26799300000000015,0.01970020000000039,0.019664700000000312,10,7,11,583.2102461220227,7,6;6;5;5;5;4;4,paper_multivehicle_v2
Tabu Search,35,7,0.25,75,14.146667940695384,100.0,35,0,0.18225409999999975,0.18160980000000082,0.15846630000000017,0.02314350000000065,0.02313210000000021,10,8,11,605.8361941699245,7,6;5;5;5;4;5;5,paper_multivehicle_v2
Tabu Search,35,7,0.25,76,16.241622347443684,100.0,35,0,0.25126409999999977,0.25013989999999975,0.18940579999999985,0.0607340999999999,0.06070989999999998,10,8,11,646.4993618354688,7,6;8;5;4;4;4;4,paper_multivehicle_v2
Tabu Search,35,7,0.25,77,16.74366900124299,100.0,35,0,0.27380130000000014,0.27285089999999945,0.22010459999999998,0.05274629999999947,0.052711199999999625,10,6,11,609.0226072083642,7,7;6;5;5;4;3;5,paper_multivehicle_v2
Tabu Search,35,7,0.25,78,16.46602353168093,100.0,35,0,0.12608249999999988,0.1255657999999995,0.11533110000000013,0.010234699999999375,0.010217999999999616,10,7,11,601.9084104312567,7,7;5;5;5;5;3;5,paper_multivehicle_v2
Tabu Search,35,7,0.25,79,16.19304433513858,100.0,35,0,0.3756490000000001,0.37468740000000045,0.28911469999999984,0.08557270000000061,0.08555430000000053,10,8,11,564.7584804016684,7,7;6;5;4;6;4;3,paper_multivehicle_v2
Tabu Search,35,7,0.25,80,15.836538553092792,100.0,35,0,0.26784929999999996,0.26691980000000015,0.22623930000000003,0.04068050000000012,0.04064660000000053,10,6,11,579.66855057526,7,6;5;6;5;5;4;4,paper_multivehicle_v2
Tabu Search,35,7,0.25,81,12.454232470482959,100.0,35,0,0.20973050000000004,0.2088176000000006,0.1842975,0.0245201000000006,0.02449360000000045,10,7,11,551.7007670809734,7,6;6;5;4;5;4;5,paper_multivehicle_v2
Tabu Search,35,7,0.25,82,13.28779594388386,100.0,35,0,0.09653360000000033,0.09565350000000095,0.09229779999999987,0.0033557000000010717,0.003336900000000753,10,8,11,598.2585691168221,7,7;6;6;4;3;5;4,paper_multivehicle_v2
Tabu Search,35,7,0.25,83,13.64787792925463,100.0,35,0,0.27732230000000024,0.2763173000000001,0.23255310000000007,0.04376420000000003,0.043727699999999814,10,7,11,556.8684002524328,7,5;5;5;6;5;4;5,paper_multivehicle_v2
Tabu Search,35,7,0.25,84,12.855477674522424,100.0,35,0,0.4612060000000002,0.4602768999999993,0.4239972000000001,0.03627969999999925,0.03623299999999974,10,5,11,570.1387818865998,7,6;6;6;5;4;4;4,paper_multivehicle_v2
Tabu Search,35,7,0.25,85,16.870813221238286,100.0,35,0,0.36682440000000005,0.36561869999999974,0.29688880000000006,0.06872989999999968,0.06868689999999988,10,7,11,656.177518248751,7,4;6;6;5;5;5;4,paper_multivehicle_v2
Tabu Search,35,7,0.25,86,16.944307752033083,100.0,35,0,0.2959803999999999,0.29512449999999957,0.20486650000000006,0.0902579999999995,0.09022659999999982,10,7,11,598.453097634866,7,7;6;5;5;4;4;4,paper_multivehicle_v2
Tabu Search,35,7,0.25,87,19.24079342486273,100.0,35,0,0.11161630000000011,0.11065639999999943,0.10407799999999989,0.00657839999999954,0.006561699999999782,10,8,11,589.1979096472475,7,6;6;5;6;5;4;3,paper_multivehicle_v2
Tabu Search,35,7,0.25,88,16.479150126684225,100.0,35,0,0.16184109999999974,0.16101799999999944,0.14581599999999995,0.015201999999999494,0.015183999999999198,10,8,11,642.3607901073335,7,7;6;6;5;4;4;3,paper_multivehicle_v2
Tabu Search,35,7,0.25,89,14.894498563489112,100.0,35,0,0.26291600000000015,0.2618389999999997,0.21456860000000022,0.04727039999999949,0.04723579999999972,10,7,11,655.5779096988053,7,5;6;6;4;5;5;4,paper_multivehicle_v2
Tabu Search,35,7,0.25,90,16.080146481589207,100.0,35,0,0.2717596999999996,0.27077430000000025,0.24122880000000002,0.029545500000000224,0.029510600000000053,10,8,11,597.3562004321481,7,6;6;6;5;4;5;3,paper_multivehicle_v2
Tabu Search,35,7,0.25,91,16.446455955275603,100.0,35,0,0.2794099000000001,0.27801359999999997,0.23251009999999983,0.04550350000000014,0.04547750000000006,10,8,11,574.6611584865119,7,6;7;6;4;4;5;3,paper_multivehicle_v2
Tabu Search,35,7,0.25,92,18.29833225978249,100.0,35,0,0.6058364999999997,0.6050936000000009,0.4283592999999999,0.176734300000001,0.17671680000000034,10,6,11,599.0821455623739,7,7;6;6;3;5;4;4,paper_multivehicle_v2
Tabu Search,35,7,0.25,93,15.48521607575495,100.0,35,0,0.1698126000000002,0.1686166,0.16470420000000008,0.003912399999999927,0.003888099999999728,10,8,11,558.3134726595622,7,7;6;5;5;5;3;4,paper_multivehicle_v2
Tabu Search,35,7,0.25,94,18.244134356946635,100.0,35,0,0.6216512999999999,0.6210251999999996,0.4579384000000002,0.16308679999999942,0.16306759999999976,10,6,11,567.4757109145162,7,5;4;6;5;5;4;6,paper_multivehicle_v2
Tabu Search,35,7,0.25,95,14.591108970728747,100.0,35,0,0.20184239999999987,0.20082530000000043,0.16917760000000026,0.03164770000000017,0.03161330000000051,10,7,11,582.5841167215262,7,6;5;5;5;5;5;4,paper_multivehicle_v2
Tabu Search,35,7,0.25,96,17.246251864730304,100.0,35,0,0.3286157000000003,0.32719060000000066,0.2868373000000002,0.04035330000000048,0.040320500000000425,10,7,11,627.4147306999843,7,6;6;5;6;4;4;4,paper_multivehicle_v2
Tabu Search,35,7,0.25,97,15.032390554917939,100.0,35,0,0.3538097000000002,0.3527300999999996,0.3088297,0.04390039999999962,0.04386399999999968,10,7,11,564.3076754884819,7,5;5;6;5;4;6;4,paper_multivehicle_v2
Tabu Search,35,7,0.25,98,14.945174262264713,100.0,35,0,0.42763170000000006,0.4267839999999996,0.36461520000000025,0.06216879999999936,0.06212069999999903,10,5,11,571.2852671574116,7,5;5;5;6;4;4;6,paper_multivehicle_v2
Tabu Search,35,7,0.25,99,13.23225222351845,100.0,35,0,0.28994620000000015,0.28896079999999946,0.2653612000000001,0.023599599999999388,0.023582099999999162,10,8,11,538.821764679411,7,6;6;5;6;4;4;4,paper_multivehicle_v2
Tabu Search,35,7,0.25,100,12.900325815937736,100.0,35,0,0.1759723000000002,0.17461219999999988,0.14882940000000033,0.02578279999999955,0.025757800000000053,10,7,11,618.3172890331812,7,7;5;5;5;5;4;4,paper_multivehicle_v2
Tabu Search,35,7,0.5,1,19.105176391760466,100.0,35,0,0.007339999999999902,0.005945199999999984,0.004037799999999869,0.0019074000000001146,0.0019074000000001146,10,10,11,601.742124653512,7,6;6;5;5;5;5;3,paper_multivehicle_v2
Tabu Search,35,7,0.5,2,17.332630139436915,100.0,35,0,0.03676860000000004,0.035284199999999766,0.028025500000000036,0.007258699999999729,0.007229599999999836,10,8,11,638.3741711285603,7,7;7;6;5;4;3;3,paper_multivehicle_v2
Tabu Search,35,7,0.5,3,16.013174082245687,100.0,35,0,0.07919069999999984,0.07787429999999973,0.06546699999999994,0.012407299999999788,0.012374499999999955,10,8,11,622.7308492477241,7,5;5;6;5;5;5;4,paper_multivehicle_v2
Tabu Search,35,7,0.5,4,19.962045726023945,100.0,35,0,0.11220439999999998,0.11037920000000034,0.10460270000000005,0.005776500000000295,0.005757300000000409,10,9,11,651.0316938207976,7,8;6;5;5;5;3;3,paper_multivehicle_v2
Tabu Search,35,7,0.5,5,18.757262821502167,100.0,35,0,0.07341200000000003,0.0721381000000001,0.04931889999999983,0.02281920000000026,0.022805900000000268,10,9,11,615.2369625653831,7,6;6;6;4;5;4;4,paper_multivehicle_v2
Tabu Search,35,7,0.5,6,18.61890631252999,97.14285714285714,34,1,0.08713379999999993,0.08559539999999988,0.08238480000000004,0.0032105999999998414,0.0031759999999998456,10,7,11,641.2391771595213,7,5;6;5;5;5;4;4,paper_multivehicle_v2
Tabu Search,35,7,0.5,7,18.199678838336034,100.0,35,0,0.1581847999999999,0.15706629999999988,0.14144059999999992,0.015625699999999965,0.015592799999999851,10,7,11,639.8940012640526,7,7;6;5;6;4;4;3,paper_multivehicle_v2
Tabu Search,35,7,0.5,8,20.972072758613304,100.0,35,0,0.04622640000000011,0.045126699999999964,0.041847600000000096,0.0032790999999998682,0.0032581000000000415,10,8,11,670.3725290369164,7,7;6;4;6;4;5;3,paper_multivehicle_v2
Tabu Search,35,7,0.5,9,14.644843046529386,100.0,35,0,0.08839029999999992,0.08697139999999992,0.08371360000000005,0.0032577999999998664,0.003243599999999791,10,9,11,639.1615702621546,7,8;7;5;3;4;4;4,paper_multivehicle_v2
Tabu Search,35,7,0.5,10,21.965766429374955,100.0,35,0,0.009189900000000195,0.007665199999999706,0.0054706999999998285,0.002194499999999877,0.002194499999999877,10,10,11,654.4891776380841,7,8;7;6;5;4;3;2,paper_multivehicle_v2
Tabu Search,35,7,0.5,11,16.998839519176162,100.0,35,0,0.3232706000000001,0.32186469999999945,0.23682159999999985,0.0850430999999996,0.08499069999999986,10,7,11,606.7865473630708,7,6;5;6;4;5;5;4,paper_multivehicle_v2
Tabu Search,35,7,0.5,12,17.132354603871743,100.0,35,0,0.027049300000000054,0.02576059999999991,0.022039299999999873,0.0037213000000000385,0.003706500000000057,10,9,11,573.9414711402796,7,8;6;6;5;4;3;3,paper_multivehicle_v2
Tabu Search,35,7,0.5,13,20.126934378211377,100.0,35,0,0.04942920000000006,0.047960900000000084,0.041396200000000105,0.006564699999999979,0.006534499999999888,10,8,11,710.3027204040741,7,8;7;5;4;3;4;4,paper_multivehicle_v2
Tabu Search,35,7,0.5,14,22.458444998122193,100.0,35,0,0.007805099999999898,0.005875799999999876,0.0030012999999999845,0.002874499999999891,0.002874499999999891,10,10,11,677.5110873064676,7,6;5;7;5;5;5;2,paper_multivehicle_v2
Tabu Search,35,7,0.5,15,18.771099876451036,100.0,35,0,0.07899429999999996,0.07749050000000035,0.07331940000000015,0.004171100000000205,0.004156400000000282,10,9,11,661.6733773488402,7,5;5;5;7;6;3;4,paper_multivehicle_v2
Tabu Search,35,7,0.5,16,18.977210692808853,100.0,35,0,0.019902499999999934,0.018686099999999817,0.016243999999999925,0.0024420999999998916,0.0024420999999998916,10,10,11,635.0351524177923,7,6;6;6;6;4;4;3,paper_multivehicle_v2
Tabu Search,35,7,0.5,17,18.244240595504206,100.0,35,0,0.006757700000000089,0.0058184000000005565,0.0035055999999999976,0.002312800000000559,0.0023018000000005756,10,9,11,550.8378429936994,7,6;7;5;5;6;4;2,paper_multivehicle_v2
Tabu Search,35,7,0.5,18,20.386676397872144,100.0,35,0,0.061986100000000155,0.06080400000000008,0.05731179999999991,0.0034922000000001674,0.0034922000000001674,10,10,11,665.0970784247618,7,6;7;5;5;5;4;3,paper_multivehicle_v2
Tabu Search,35,7,0.5,19,18.396632954907176,100.0,35,0,0.06745599999999996,0.06618909999999989,0.061335700000000104,0.004853399999999786,0.004841399999999663,10,9,11,639.5356428280364,7,8;7;6;4;4;3;3,paper_multivehicle_v2
Tabu Search,35,7,0.5,20,15.99725506499262,100.0,35,0,0.13201130000000005,0.1306648999999993,0.10985439999999991,0.0208104999999994,0.020796399999999382,10,9,11,558.644770964127,7,6;7;6;5;3;4;4,paper_multivehicle_v2
Tabu Search,35,7,0.5,21,17.16637580286686,100.0,35,0,0.008384399999999959,0.006794499999999815,0.0043168000000000095,0.002477699999999805,0.0024566999999997563,10,9,11,610.2590155766272,7,6;6;5;6;4;5;3,paper_multivehicle_v2
Tabu Search,35,7,0.5,22,18.118803416772742,100.0,35,0,0.07882189999999989,0.07753830000000006,0.05522820000000017,0.02231009999999989,0.02228129999999995,10,8,11,634.3181148756207,7,6;7;7;4;5;4;2,paper_multivehicle_v2
Tabu Search,35,7,0.5,23,16.135104693308396,100.0,35,0,0.02399820000000008,0.02302489999999957,0.020788199999999923,0.0022366999999996473,0.0022366999999996473,10,10,11,561.9265169708952,7,7;7;5;6;5;2;3,paper_multivehicle_v2
Tabu Search,35,7,0.5,24,16.347537787410417,100.0,35,0,0.006883100000000031,0.005728199999999628,0.003683600000000009,0.002044599999999619,0.0020313999999996835,10,9,11,594.9194123368314,7,6;6;5;5;5;6;2,paper_multivehicle_v2
Tabu Search,35,7,0.5,25,16.124323051116477,100.0,35,0,0.07896619999999999,0.0779620999999997,0.0748141,0.0031479999999997066,0.0031362999999997587,10,9,11,692.0749244028785,7,6;7;6;5;5;3;3,paper_multivehicle_v2
Tabu Search,35,7,0.5,26,15.543976738339648,100.0,35,0,0.2269414999999999,0.22585749999999982,0.1898051999999999,0.036052299999999926,0.0360290999999997,10,8,11,594.7814026791705,7,7;5;5;5;5;4;4,paper_multivehicle_v2
Tabu Search,35,7,0.5,27,19.019233197605505,100.0,35,0,0.049657900000000144,0.048404799999999026,0.04391519999999982,0.004489599999999205,0.004489599999999205,10,10,11,617.3778785542445,7,6;6;6;5;4;5;3,paper_multivehicle_v2
Tabu Search,35,7,0.5,28,17.697849471744874,97.14285714285714,34,1,0.02214230000000006,0.020988899999999866,0.017701899999999826,0.00328700000000004,0.00328700000000004,10,10,11,599.1712789265673,7,5;5;5;6;5;4;4,paper_multivehicle_v2
Tabu Search,35,7,0.5,29,19.22079882786479,100.0,35,0,0.061679099999999876,0.060382499999999784,0.05556009999999989,0.0048223999999998934,0.004807899999999865,10,9,11,644.5712620644427,7,6;5;6;5;5;5;3,paper_multivehicle_v2
Tabu Search,35,7,0.5,30,17.338626949814557,100.0,35,0,0.1060407000000001,0.10496309999999998,0.10091890000000014,0.004044199999999831,0.004030699999999721,10,9,11,636.0701018926629,7,7;6;7;4;4;4;3,paper_multivehicle_v2
Tabu Search,35,7,0.5,31,19.201433592768808,100.0,35,0,0.03713499999999992,0.03605780000000047,0.032444099999999976,0.003613700000000497,0.00360330000000042,10,9,11,616.1713422967156,7,6;5;5;5;5;5;4,paper_multivehicle_v2
Tabu Search,35,7,0.5,32,18.03299351687726,100.0,35,0,0.16014569999999995,0.15903679999999976,0.14047710000000002,0.018559699999999735,0.018535399999999758,10,8,11,590.4980619863884,7,7;5;5;5;5;5;3,paper_multivehicle_v2
Tabu Search,35,7,0.5,33,17.470265600724485,100.0,35,0,0.0866247,0.08561090000000049,0.08292260000000007,0.002688300000000421,0.0026772000000003793,10,9,11,607.3502552009207,7,5;7;5;6;5;4;3,paper_multivehicle_v2
Tabu Search,35,7,0.5,34,14.920134393878167,100.0,35,0,0.08154510000000004,0.08013000000000026,0.07616540000000005,0.003964600000000207,0.003925800000000201,10,8,11,643.9713839106554,7,7;7;6;4;5;3;3,paper_multivehicle_v2
Tabu Search,35,7,0.5,35,15.942735232534325,100.0,35,0,0.08465260000000008,0.08332629999999996,0.07502070000000005,0.008305599999999913,0.008295199999999836,10,9,11,647.8090170966452,7,6;7;5;5;5;4;3,paper_multivehicle_v2
Tabu Search,35,7,0.5,36,16.635342717086804,100.0,35,0,0.006371600000000033,0.005429000000000128,0.0031233999999999984,0.0023056000000001298,0.0022933000000000536,10,9,11,595.7404162292286,7,6;5;6;6;5;4;3,paper_multivehicle_v2
Tabu Search,35,7,0.5,37,14.668821420017213,100.0,35,0,0.08970980000000006,0.08869609999999994,0.08534370000000013,0.003352399999999811,0.0033410999999998747,10,9,11,599.7802870717958,7,5;6;5;6;6;3;4,paper_multivehicle_v2
Tabu Search,35,7,0.5,38,19.632008331652916,100.0,35,0,0.0365464000000002,0.03509950000000006,0.030518400000000057,0.004581100000000005,0.004569299999999998,10,9,11,637.1719899852839,7,7;6;6;6;4;3;3,paper_multivehicle_v2
Tabu Search,35,7,0.5,39,15.048894519941763,100.0,35,0,0.030654699999999924,0.029712599999999867,0.027276700000000043,0.0024358999999998243,0.002413199999999671,10,8,11,584.4583008086203,7,6;6;5;5;5;4;4,paper_multivehicle_v2
Tabu Search,35,7,0.5,40,17.355964023563953,100.0,35,0,0.03855990000000009,0.03710499999999972,0.03306829999999983,0.004036699999999893,0.004012499999999974,10,8,11,668.051613026193,7,5;6;6;5;6;4;3,paper_multivehicle_v2
Tabu Search,35,7,0.5,41,20.16433913636731,100.0,35,0,0.2568467000000001,0.25548349999999953,0.2286298,0.026853699999999536,0.026822999999999597,10,8,11,633.1669850652123,7,5;6;6;5;5;5;3,paper_multivehicle_v2
Tabu Search,35,7,0.5,42,18.07833678274538,100.0,35,0,0.07672239999999997,0.07545639999999931,0.07199389999999983,0.00346249999999948,0.0034348999999995744,10,8,11,612.116093088356,7,6;5;5;6;5;5;3,paper_multivehicle_v2
Tabu Search,35,7,0.5,43,14.956451677459752,100.0,35,0,0.13705180000000006,0.1357333999999999,0.1313010000000001,0.004432399999999781,0.004401899999999959,10,8,11,568.0406698530466,7,6;6;7;4;4;4;4,paper_multivehicle_v2
Tabu Search,35,7,0.5,44,16.227754564887228,100.0,35,0,0.1524337,0.15055140000000033,0.12557510000000005,0.024976300000000284,0.024923400000000262,10,9,11,665.6662968799412,7,6;6;5;4;5;5;4,paper_multivehicle_v2
Tabu Search,35,7,0.5,45,18.41675899606527,100.0,35,0,0.15433809999999992,0.15328390000000014,0.1308857000000001,0.022398200000000035,0.02238720000000005,10,9,11,597.5134390401229,7,6;6;6;5;5;4;3,paper_multivehicle_v2
Tabu Search,35,7,0.5,46,17.13365239693065,100.0,35,0,0.11315819999999999,0.11166920000000014,0.10604309999999995,0.005626100000000189,0.005595100000000075,10,8,11,574.2199716019518,7,6;7;5;6;4;4;3,paper_multivehicle_v2
Tabu Search,35,7,0.5,47,16.87581458931284,100.0,35,0,0.006725199999999987,0.005733700000000175,0.0030208000000000457,0.002712900000000129,0.0027004000000001582,10,9,11,629.8743662051417,7,6;5;7;6;5;3;3,paper_multivehicle_v2
Tabu Search,35,7,0.5,48,17.473423596515552,100.0,35,0,0.1835734,0.18251060000000052,0.15105370000000007,0.031456900000000454,0.031423800000000446,10,7,11,598.2285921425101,7,7;5;4;5;4;5;5,paper_multivehicle_v2
Tabu Search,35,7,0.5,49,20.507586141677315,100.0,35,0,0.0325761,0.03157029999999983,0.028501600000000016,0.0030686999999998132,0.0030686999999998132,10,10,11,656.8162621825443,7,6;6;5;6;4;4;4,paper_multivehicle_v2
Tabu Search,35,7,0.5,50,20.623673730416822,100.0,35,0,0.11482780000000004,0.11354559999999991,0.09433749999999996,0.01920809999999995,0.01917930000000001,10,8,11,645.658473638727,7,7;6;4;5;4;5;4,paper_multivehicle_v2
Tabu Search,35,7,0.5,51,17.506141329091466,100.0,35,0,0.06427929999999993,0.0630113000000001,0.059512200000000126,0.0034990999999999772,0.0034844999999998905,10,9,11,591.6632670124056,7,7;6;6;5;5;2;4,paper_multivehicle_v2
Tabu Search,35,7,0.5,52,19.495136439152724,100.0,35,0,0.04253119999999999,0.04107770000000044,0.036229100000000125,0.004848600000000314,0.004815800000000037,10,8,11,683.1787358986261,7,6;5;6;4;5;5;4,paper_multivehicle_v2
Tabu Search,35,7,0.5,53,16.58283308734912,100.0,35,0,0.08815519999999988,0.08713150000000014,0.0794798000000001,0.007651700000000039,0.0076177000000001716,10,7,11,592.5509888052547,7,6;7;5;5;4;4;4,paper_multivehicle_v2
Tabu Search,35,7,0.5,54,19.171183782065768,100.0,35,0,0.028500799999999993,0.027555599999999902,0.02441610000000005,0.0031394999999998507,0.0031170999999998728,10,8,11,677.8800824439074,7,5;5;6;6;5;4;4,paper_multivehicle_v2
Tabu Search,35,7,0.5,55,17.23100594872518,100.0,35,0,0.10271730000000012,0.1014041999999995,0.08878499999999989,0.012619199999999609,0.012588899999999903,10,8,11,623.2870150524662,7,6;6;5;5;6;3;4,paper_multivehicle_v2
Tabu Search,35,7,0.5,56,19.473895250359465,100.0,35,0,0.06340709999999983,0.06240549999999967,0.05889220000000006,0.0035132999999996084,0.0035132999999996084,10,10,11,632.4140962760897,7,6;8;6;5;4;3;3,paper_multivehicle_v2
Tabu Search,35,7,0.5,57,17.042754589752136,100.0,35,0,0.031505399999999906,0.030474600000000462,0.028483900000000117,0.001990700000000345,0.001990700000000345,10,10,11,600.3640918812122,7,8;5;6;6;4;3;3,paper_multivehicle_v2
Tabu Search,35,7,0.5,58,18.682509768755203,100.0,35,0,0.006373000000000184,0.005281900000000173,0.002792300000000081,0.0024896000000000917,0.0024896000000000917,10,10,11,608.9311953101826,7,6;6;6;5;5;5;2,paper_multivehicle_v2
Tabu Search,35,7,0.5,59,15.90033891530277,100.0,35,0,0.16053549999999994,0.15857420000000055,0.1474747999999999,0.011099400000000648,0.011099400000000648,10,10,11,699.8632716288603,7,7;7;5;5;3;4;4,paper_multivehicle_v2
Tabu Search,35,7,0.5,60,17.149317955803216,100.0,35,0,0.1319861,0.1309551,0.11456890000000008,0.016386199999999906,0.01636229999999994,10,8,11,713.687757556603,7,9;6;5;4;5;3;3,paper_multivehicle_v2
Tabu Search,35,7,0.5,61,19.016679388544468,97.14285714285714,34,1,0.0656059,0.06431039999999988,0.060313700000000026,0.003996699999999853,0.003982699999999895,10,9,11,635.229253629089,7,5;5;6;6;4;4;4,paper_multivehicle_v2
Tabu Search,35,7,0.5,62,17.613934339977195,100.0,35,0,0.02909699999999993,0.027813499999999935,0.02431519999999998,0.0034982999999999542,0.003484400000000054,10,9,11,688.2148843178198,7,5;6;5;6;5;4;4,paper_multivehicle_v2
Tabu Search,35,7,0.5,63,19.278285847166725,100.0,35,0,0.006793300000000002,0.005599299999999863,0.0038215999999999806,0.0017776999999998822,0.0017776999999998822,10,10,11,625.0629711483629,7,6;6;6;6;5;3;3,paper_multivehicle_v2
Tabu Search,35,7,0.5,64,17.950407207337577,100.0,35,0,0.06725590000000015,0.06593579999999966,0.06151019999999985,0.0044255999999998075,0.004408299999999921,10,9,11,626.553917421842,7,6;7;5;5;5;4;3,paper_multivehicle_v2
Tabu Search,35,7,0.5,65,22.992920234149697,97.14285714285714,34,1,0.005270500000000178,0.004360300000000317,0.0026687000000000793,0.0016916000000002374,0.0016916000000002374,10,10,11,677.8367004385472,7,6;6;5;6;4;3;4,paper_multivehicle_v2
Tabu Search,35,7,0.5,66,22.488133392118257,100.0,35,0,0.006496999999999975,0.005288900000000041,0.00268170000000012,0.0026071999999999207,0.0025930000000000675,10,9,11,638.4173815528894,7,7;5;6;5;5;4;3,paper_multivehicle_v2
Tabu Search,35,7,0.5,67,21.414210717378275,100.0,35,0,0.00655529999999982,0.005585500000000465,0.003024300000000091,0.0025612000000003743,0.002548800000000462,10,9,11,626.0358719047333,7,5;6;5;6;4;5;4,paper_multivehicle_v2
Tabu Search,35,7,0.5,68,16.03897870104096,100.0,35,0,0.038382499999999986,0.037426699999999924,0.03501360000000009,0.002413099999999835,0.0024020999999998516,10,9,11,577.0970984882183,7,6;6;6;5;5;4;3,paper_multivehicle_v2
Tabu Search,35,7,0.5,69,16.77858315043446,100.0,35,0,0.0690229,0.06804730000000014,0.06574000000000013,0.002307300000000012,0.002280399999999849,10,8,11,595.3663985945338,7,5;6;5;5;5;5;4,paper_multivehicle_v2
Tabu Search,35,7,0.5,70,18.844235562122076,100.0,35,0,0.005868800000000007,0.004934899999999631,0.003054200000000007,0.0018806999999996243,0.0018806999999996243,10,10,11,639.8089273691663,7,6;6;6;5;5;4;3,paper_multivehicle_v2
Tabu Search,35,7,0.5,71,17.98022110292791,100.0,35,0,0.042998800000000115,0.04170930000000017,0.0359094000000002,0.005799899999999969,0.005788200000000021,10,9,11,601.3747263795599,7,5;5;5;5;6;5;4,paper_multivehicle_v2
Tabu Search,35,7,0.5,72,17.898756561779976,100.0,35,0,0.05040639999999996,0.0494359000000002,0.04699830000000005,0.0024376000000001508,0.002413400000000232,10,8,11,644.9582235984303,7,8;7;8;4;2;3;3,paper_multivehicle_v2
Tabu Search,35,7,0.5,73,13.92597669070152,100.0,35,0,0.04154689999999994,0.0404795,0.03798860000000004,0.0024908999999999626,0.002457199999999826,10,9,11,587.9808057190942,7,8;5;6;5;4;3;4,paper_multivehicle_v2
Tabu Search,35,7,0.5,74,16.285701618615022,97.14285714285714,34,1,0.05541250000000009,0.05445360000000021,0.05231209999999997,0.0021415000000002404,0.0021415000000002404,10,10,11,612.044995560292,7,5;5;6;5;5;4;4,paper_multivehicle_v2
Tabu Search,35,7,0.5,75,21.07617312181414,100.0,35,0,0.05558859999999988,0.054373299999999736,0.05095589999999994,0.003417399999999793,0.0034050999999999387,10,9,11,605.2018911124813,7,6;7;5;5;4;4;4,paper_multivehicle_v2
Tabu Search,35,7,0.5,76,18.434320492398374,100.0,35,0,0.008223300000000044,0.006955700000000231,0.004386699999999966,0.0025690000000002655,0.002554700000000354,10,9,11,593.663645056906,7,7;6;6;6;5;3;2,paper_multivehicle_v2
Tabu Search,35,7,0.5,77,18.21041555574228,100.0,35,0,0.06190600000000002,0.06092110000000028,0.05846879999999999,0.002452300000000296,0.0024400000000002198,10,9,11,612.1324091122332,7,6;6;6;6;5;3;3,paper_multivehicle_v2
Tabu Search,35,7,0.5,78,18.661003267943453,100.0,35,0,0.0720094,0.07099979999999961,0.06759999999999988,0.003399799999999731,0.0033754999999997537,10,8,11,590.3172865347844,7,7;6;7;4;4;3;4,paper_multivehicle_v2
Tabu Search,35,7,0.5,79,17.572000442353023,100.0,35,0,0.05509760000000008,0.054137400000000335,0.05146190000000006,0.002675500000000275,0.0026636000000002102,10,9,11,591.8660651091382,7,8;5;5;6;5;3;3,paper_multivehicle_v2
Tabu Search,35,7,0.5,80,14.902180282009471,100.0,35,0,0.19896539999999985,0.19827979999999967,0.18058580000000002,0.017693999999999654,0.017675499999999733,10,7,11,592.1605991424797,7,5;6;6;6;5;4;3,paper_multivehicle_v2
Tabu Search,35,7,0.5,81,15.763617499632772,100.0,35,0,0.07549659999999991,0.07436690000000024,0.06919110000000006,0.005175800000000175,0.005175800000000175,10,10,11,668.6474847558387,7,7;7;5;4;5;4;3,paper_multivehicle_v2
Tabu Search,35,7,0.5,82,16.058180641703004,100.0,35,0,0.09179920000000008,0.09050679999999911,0.07664309999999985,0.013863699999999257,0.013834499999999306,10,8,11,566.7225473303079,7,6;7;6;6;4;3;3,paper_multivehicle_v2
Tabu Search,35,7,0.5,83,19.245457399844735,100.0,35,0,0.04859530000000012,0.047597599999999574,0.03181909999999988,0.015778499999999696,0.015778499999999696,10,10,11,675.158530467259,7,6;6;5;5;4;6;3,paper_multivehicle_v2
Tabu Search,35,7,0.5,84,16.87470025982554,100.0,35,0,0.13700770000000007,0.13603319999999974,0.12212730000000005,0.013905899999999694,0.013895499999999616,10,9,11,587.0866768497195,7,7;6;6;5;3;4;4,paper_multivehicle_v2
Tabu Search,35,7,0.5,85,21.55953558412511,100.0,35,0,0.03418509999999997,0.03291799999999934,0.02808709999999981,0.004830899999999527,0.004830899999999527,10,10,11,592.687340456519,7,5;6;6;5;5;5;3,paper_multivehicle_v2
Tabu Search,35,7,0.5,86,15.988754755674671,100.0,35,0,0.07145579999999985,0.06993599999999955,0.06573720000000005,0.004198799999999503,0.004154499999999839,10,7,11,548.183198506085,7,8;5;5;4;5;4;4,paper_multivehicle_v2
Tabu Search,35,7,0.5,87,15.209561326727334,100.0,35,0,0.0725247,0.07125740000000014,0.06921939999999993,0.0020380000000002063,0.002013600000000171,10,8,11,579.4904129571927,7,7;6;6;5;3;4;4,paper_multivehicle_v2
Tabu Search,35,7,0.5,88,20.10920061884548,100.0,35,0,0.017328800000000033,0.016335300000000386,0.012175000000000047,0.004160300000000339,0.004148600000000169,10,9,11,628.5488791592641,7,6;5;5;6;5;4;4,paper_multivehicle_v2
Tabu Search,35,7,0.5,89,17.197601839963024,100.0,35,0,0.031797600000000203,0.03085939999999998,0.028326699999999816,0.0025327000000001654,0.0025216000000001237,10,9,11,643.6431419737687,7,6;6;6;5;4;5;3,paper_multivehicle_v2
Tabu Search,35,7,0.5,90,16.923655373336626,100.0,35,0,0.1676915000000001,0.16704910000000028,0.1419568,0.02509230000000029,0.025073800000000146,10,7,11,676.1753773061045,7,5;7;5;5;4;4;5,paper_multivehicle_v2
Tabu Search,35,7,0.5,91,18.81765318483298,100.0,35,0,0.03799660000000005,0.037026000000000225,0.03501070000000017,0.002015300000000053,0.001991799999999877,10,8,11,637.8569048337479,7,7;6;5;4;5;4;4,paper_multivehicle_v2
Tabu Search,35,7,0.5,92,16.79675446274644,100.0,35,0,0.1153016,0.11467490000000025,0.11288850000000017,0.0017864000000000768,0.00177980000000022,10,9,11,651.6695568300233,7,7;6;5;5;5;4;3,paper_multivehicle_v2
Tabu Search,35,7,0.5,93,21.082719537860488,100.0,35,0,0.013273100000000149,0.01200899999999927,0.007518099999999972,0.004490899999999298,0.004490899999999298,10,10,11,653.7058262687686,7,6;5;5;6;5;5;3,paper_multivehicle_v2
Tabu Search,35,7,0.5,94,17.63835770401377,100.0,35,0,0.06269479999999983,0.062058500000000016,0.060888400000000065,0.0011700999999999517,0.0011700999999999517,10,10,11,640.1653861884248,7,7;6;5;6;4;4;3,paper_multivehicle_v2
Tabu Search,35,7,0.5,95,17.894545112836465,100.0,35,0,0.005527700000000024,0.004622300000000301,0.0030234000000000094,0.0015989000000002918,0.0015873000000004023,10,9,11,615.7833307905437,7,7;5;5;6;7;3;2,paper_multivehicle_v2
Tabu Search,35,7,0.5,96,17.564542185046623,100.0,35,0,0.03775550000000005,0.036642199999999514,0.03379489999999996,0.002847299999999553,0.002835599999999605,10,9,11,637.7928758017542,7,8;5;6;5;4;4;3,paper_multivehicle_v2
Tabu Search,35,7,0.5,97,15.693866026407717,100.0,35,0,0.04745319999999986,0.046349600000000324,0.04380150000000005,0.002548100000000275,0.0025210000000002175,10,8,11,615.2664303753943,7,6;6;5;4;4;5;5,paper_multivehicle_v2
Tabu Search,35,7,0.5,98,15.800984933781091,100.0,35,0,0.007169100000000039,0.005924400000000274,0.0026151000000000924,0.0033093000000001815,0.0032875000000001098,10,8,11,608.5628865402969,7,5;6;6;6;5;3;4,paper_multivehicle_v2
Tabu Search,35,7,0.5,99,22.47794479529038,100.0,35,0,0.03164300000000009,0.030681399999999304,0.027576499999999893,0.003104899999999411,0.003104899999999411,10,10,11,661.9970767771813,7,7;6;6;5;5;3;3,paper_multivehicle_v2
Tabu Search,35,7,0.5,100,18.885227289556664,100.0,35,0,0.007257999999999987,0.006056400000000073,0.004451399999999994,0.0016050000000000786,0.0016050000000000786,10,10,11,638.8459792666771,7,6;6;6;6;5;4;2,paper_multivehicle_v2
Tabu Search,35,7,0.75,1,20.2273397582003,100.0,35,0,0.00590310000000005,0.004746900000000442,0.002998999999999974,0.0017479000000004685,0.0017479000000004685,10,10,11,582.1410608098678,7,7;6;7;5;5;3;2,paper_multivehicle_v2
Tabu Search,35,7,0.75,2,18.912688226828415,100.0,35,0,0.0054106999999998795,0.003942800000000135,0.001988300000000054,0.001954500000000081,0.001954500000000081,10,10,11,638.5959543101577,7,7;6;5;5;6;4;2,paper_multivehicle_v2
Tabu Search,35,7,0.75,3,17.466256811516132,100.0,35,0,0.00696450000000004,0.005914499999999823,0.004776700000000078,0.0011377999999997446,0.0011273999999998896,10,9,11,568.9149728569656,7,6;6;6;5;5;5;2,paper_multivehicle_v2
Tabu Search,35,7,0.75,4,18.782544116522086,100.0,35,0,0.0043408000000000335,0.0028471000000005464,0.0006171999999999844,0.002229900000000562,0.002229900000000562,10,10,11,659.913278638865,7,5;6;6;5;5;4;4,paper_multivehicle_v2
Tabu Search,35,7,0.75,5,19.157655002837135,100.0,35,0,0.003821999999999992,0.0025924000000001612,0.00031860000000016875,0.0022737999999999925,0.0022737999999999925,10,10,11,618.2227056949674,7,7;6;6;5;5;3;3,paper_multivehicle_v2
Tabu Search,35,7,0.75,6,22.020292344024554,100.0,35,0,0.00374999999999992,0.002832899999999805,0.0012871000000000965,0.0015457999999997085,0.0015457999999997085,10,10,11,655.6952078306304,7,7;5;6;6;5;4;2,paper_multivehicle_v2
Tabu Search,35,7,0.75,7,24.85402314588442,100.0,35,0,0.004244399999999926,0.0031679999999998376,0.001205899999999982,0.0019620999999998556,0.0019620999999998556,10,10,11,632.9499343974267,7,6;5;6;6;5;3;4,paper_multivehicle_v2
Tabu Search,35,7,0.75,8,23.973610617785234,97.14285714285714,34,1,0.004391600000000162,0.0033417999999993953,0.0012912999999998842,0.002050499999999511,0.002050499999999511,10,10,11,662.9296276589043,7,5;6;6;5;6;3;3,paper_multivehicle_v2
Tabu Search,35,7,0.75,9,18.044498412095173,100.0,35,0,0.00298250000000011,0.002107299999999812,0.00028650000000007836,0.0018207999999997337,0.0018207999999997337,10,10,11,651.1225717389518,7,6;6;6;6;5;3;3,paper_multivehicle_v2
Tabu Search,35,7,0.75,10,18.869457925033753,97.14285714285714,34,1,0.005308199999999985,0.004278099999999618,0.002676300000000076,0.0016017999999995425,0.0016017999999995425,10,10,11,579.4749641524393,7,6;6;5;6;4;4;3,paper_multivehicle_v2
Tabu Search,35,7,0.75,11,17.737553571363705,100.0,35,0,0.007028800000000057,0.005568200000000134,0.0027352000000000487,0.0028330000000000854,0.0028330000000000854,10,10,11,595.8638391619006,7,6;7;5;6;4;3;4,paper_multivehicle_v2
Tabu Search,35,7,0.75,12,19.082670669419013,100.0,35,0,0.0034399999999998876,0.0025321999999994294,0.0009208999999998913,0.001611299999999538,0.001611299999999538,10,10,11,605.8305472383058,7,8;6;6;5;4;3;3,paper_multivehicle_v2
Tabu Search,35,7,0.75,13,18.70274560342715,100.0,35,0,0.004339400000000104,0.0029045000000000876,0.0007061000000001538,0.0021983999999999337,0.0021983999999999337,10,10,11,647.2450502263081,7,8;8;5;6;3;3;2,paper_multivehicle_v2
Tabu Search,35,7,0.75,14,21.572616980235402,100.0,35,0,0.004536099999999932,0.0033895999999999926,0.001726700000000081,0.0016628999999999117,0.0016628999999999117,10,10,11,678.7577718382545,7,7;6;7;6;5;3;1,paper_multivehicle_v2
Tabu Search,35,7,0.75,15,19.816600899069037,100.0,35,0,0.004310900000000117,0.0033834000000001474,0.001649899999999871,0.0017335000000002765,0.0017335000000002765,10,10,11,696.1887527603368,7,7;6;6;6;4;3;3,paper_multivehicle_v2
Tabu Search,35,7,0.75,16,18.417975627212854,100.0,35,0,0.005257199999999962,0.004335900000000059,0.0023716000000000292,0.00196430000000003,0.00195309999999993,10,9,11,598.5395715286063,7,7;6;6;5;4;3;4,paper_multivehicle_v2
Tabu Search,35,7,0.75,17,17.21895147866807,100.0,35,0,0.02896690000000013,0.027507500000000018,0.024636300000000055,0.0028711999999999627,0.0028534999999998423,10,9,11,598.3713852516984,7,7;6;7;5;5;3;2,paper_multivehicle_v2
Tabu Search,35,7,0.75,18,20.51279728907307,100.0,35,0,0.003745200000000004,0.0025544000000001787,0.0006041999999999437,0.001950200000000235,0.001950200000000235,10,10,11,663.5978284974193,7,6;6;6;4;6;4;3,paper_multivehicle_v2
Tabu Search,35,7,0.75,19,21.518135048075138,100.0,35,0,0.0033440000000000136,0.0024360000000001047,0.000901900000000122,0.0015340999999999827,0.0015340999999999827,10,10,11,627.1160801342764,7,6;6;6;5;5;5;2,paper_multivehicle_v2
Tabu Search,35,7,0.75,20,21.378923329369126,100.0,35,0,0.0039536000000000016,0.002906499999999701,0.0012424999999998132,0.0016639999999998878,0.0016639999999998878,10,10,11,681.7514044797217,7,7;6;6;6;5;3;2,paper_multivehicle_v2
Tabu Search,35,7,0.75,21,19.757828793157643,100.0,35,0,0.005170200000000014,0.004052700000000131,0.0025698000000000665,0.0014829000000000647,0.0014829000000000647,10,10,11,580.0706544874886,7,8;6;6;5;4;3;3,paper_multivehicle_v2
Tabu Search,35,7,0.75,22,18.3364890489822,100.0,35,0,0.004827700000000101,0.003603899999999882,0.0012410000000000476,0.0023628999999998346,0.0023628999999998346,10,10,11,614.6141458269832,7,8;6;6;5;5;3;2,paper_multivehicle_v2
Tabu Search,35,7,0.75,23,18.179967011153597,97.14285714285714,34,1,0.003792400000000029,0.0028414999999999413,0.00043239999999999945,0.002409099999999942,0.002409099999999942,10,10,11,599.1835160980222,7,6;6;6;6;4;4;2,paper_multivehicle_v2
Tabu Search,35,7,0.75,24,20.99982679666218,100.0,35,0,0.0032714999999998717,0.002445900000000112,0.0012366000000001431,0.0012092999999999687,0.0012092999999999687,10,10,11,649.9212074385908,7,6;6;6;5;5;4;3,paper_multivehicle_v2
Tabu Search,35,7,0.75,25,20.06292615754013,100.0,35,0,0.006254900000000063,0.004940500000000458,0.0029962000000001154,0.001944300000000343,0.001944300000000343,10,10,11,630.5733572661829,7,7;6;6;7;4;3;2,paper_multivehicle_v2
Tabu Search,35,7,0.75,26,19.240285720721012,100.0,35,0,0.0035655000000001102,0.002499000000000029,0.0004968999999999113,0.0020021000000001177,0.0020021000000001177,10,10,11,625.0147755556847,7,8;6;6;6;5;2;2,paper_multivehicle_v2
Tabu Search,35,7,0.75,27,19.598057233049943,100.0,35,0,0.004126899999999933,0.0031349000000000515,0.0005668000000000895,0.002568099999999962,0.002568099999999962,10,10,11,617.8028623677117,7,6;7;6;5;4;4;3,paper_multivehicle_v2
Tabu Search,35,7,0.75,28,16.572285599509158,94.28571428571429,33,2,0.004019299999999948,0.0031223000000000223,0.0016055999999999848,0.0015167000000000375,0.0014969000000000232,10,8,11,599.5711522503586,7,6;5;6;5;5;3;3,paper_multivehicle_v2
Tabu Search,35,7,0.75,29,18.34791653823681,100.0,35,0,0.004444500000000184,0.003514499999999643,0.002008299999999963,0.00150619999999968,0.00150619999999968,10,10,11,594.6805250361851,7,6;6;6;5;5;4;3,paper_multivehicle_v2
Tabu Search,35,7,0.75,30,19.88749247035693,91.42857142857143,32,3,0.002845900000000068,0.001955000000000151,0.00032300000000007323,0.0016320000000000778,0.0016320000000000778,10,10,11,572.4944991889156,7,6;6;5;5;4;3;3,paper_multivehicle_v2
Tabu Search,35,7,0.75,31,15.966048790642402,100.0,35,0,0.003937999999999997,0.002663599999999988,0.0004131000000000551,0.002250499999999933,0.002250499999999933,10,10,11,641.2408791142441,7,7;7;7;4;5;4;1,paper_multivehicle_v2
Tabu Search,35,7,0.75,32,19.857633416322127,94.28571428571429,33,2,0.005583899999999975,0.004656200000000332,0.002792100000000186,0.0018641000000001462,0.0018641000000001462,10,10,11,601.6487125371686,7,6;5;5;5;4;4;4,paper_multivehicle_v2
Tabu Search,35,7,0.75,33,21.591347030368595,100.0,35,0,0.006052600000000075,0.004938800000000132,0.0026063000000000613,0.0023325000000000706,0.0023201999999999945,10,9,11,618.4711592811905,7,6;5;6;4;6;5;3,paper_multivehicle_v2
Tabu Search,35,7,0.75,34,21.358596260548243,100.0,35,0,0.003540600000000005,0.0026648000000000227,0.0011744000000000199,0.0014904000000000028,0.0014904000000000028,10,10,11,684.4264074500732,7,7;5;6;6;4;4;3,paper_multivehicle_v2
Tabu Search,35,7,0.75,35,24.26956801121322,100.0,35,0,0.0038917000000000534,0.0030306000000002165,0.0012240999999999502,0.0018065000000002662,0.0018065000000002662,10,10,11,635.9082091794365,7,7;7;6;5;3;4;3,paper_multivehicle_v2
Tabu Search,35,7,0.75,36,20.686907900580472,100.0,35,0,0.003764100000000159,0.0025623000000005725,0.0005150000000000432,0.0020473000000005293,0.0020473000000005293,10,10,11,646.6211628707471,7,6;7;6;6;5;3;2,paper_multivehicle_v2
Tabu Search,35,7,0.75,37,19.10696454038341,100.0,35,0,0.004257999999999873,0.003375299999999637,0.0018507999999999303,0.0015244999999997066,0.0015244999999997066,10,10,11,612.0304784623708,7,6;7;6;5;4;3;4,paper_multivehicle_v2
Tabu Search,35,7,0.75,38,20.5670412809745,100.0,35,0,0.0031703999999999066,0.002274200000000226,0.0008118000000001402,0.0014624000000000859,0.0014624000000000859,10,10,11,644.0458546391541,7,7;7;6;6;5;2;2,paper_multivehicle_v2
Tabu Search,35,7,0.75,39,21.155287381636082,100.0,35,0,0.005242799999999992,0.004342400000000302,0.002549899999999994,0.0017925000000003077,0.0017823000000003475,10,9,11,646.7892775887001,7,6;6;5;5;4;5;4,paper_multivehicle_v2
Tabu Search,35,7,0.75,40,17.2737982901671,100.0,35,0,0.004231299999999827,0.003300300000000256,0.0018628000000000533,0.0014375000000002025,0.0014375000000002025,10,10,11,601.6864922131374,7,7;5;6;5;5;4;3,paper_multivehicle_v2
Tabu Search,35,7,0.75,41,15.822105349167286,100.0,35,0,0.004442200000000174,0.0032162000000002244,0.0012304000000000759,0.0019858000000001486,0.0019858000000001486,10,10,11,612.5943941661897,7,6;8;6;4;5;4;2,paper_multivehicle_v2
Tabu Search,35,7,0.75,42,18.957393006627303,100.0,35,0,0.005488999999999855,0.004142000000000756,0.0019852000000000203,0.002156800000000736,0.002156800000000736,10,10,11,627.582220953534,7,7;5;6;6;5;3;3,paper_multivehicle_v2
Tabu Search,35,7,0.75,43,17.947691117477536,100.0,35,0,0.0032048000000000076,0.002312800000000337,0.0008440999999999033,0.0014687000000004335,0.0014687000000004335,10,10,11,594.3449946810193,7,6;7;5;6;5;2;4,paper_multivehicle_v2
Tabu Search,35,7,0.75,44,24.770405558343313,100.0,35,0,0.0033466000000001994,0.0024460999999997846,0.0008855999999999309,0.0015604999999998537,0.0015604999999998537,10,10,11,624.5083539928015,7,7;6;6;5;4;4;3,paper_multivehicle_v2
Tabu Search,35,7,0.75,45,21.235490206369693,100.0,35,0,0.004007799999999895,0.0031058000000001584,0.001611500000000099,0.0014943000000000595,0.0014943000000000595,10,10,11,629.4869010146681,7,5;6;6;5;4;5;4,paper_multivehicle_v2
Tabu Search,35,7,0.75,46,23.86343657106962,100.0,35,0,0.004030699999999943,0.0027071000000000733,0.0005792000000000019,0.0021279000000000714,0.0021279000000000714,10,10,11,678.9913529378574,7,7;6;4;5;5;5;3,paper_multivehicle_v2
Tabu Search,35,7,0.75,47,20.271829615914367,100.0,35,0,0.0048719999999999875,0.0038402999999995746,0.001645099999999955,0.0021951999999996197,0.0021951999999996197,10,10,11,617.1835885286987,7,7;8;6;6;4;2;2,paper_multivehicle_v2
Tabu Search,35,7,0.75,48,18.695719434905374,100.0,35,0,0.00552599999999992,0.004303700000000132,0.0021067999999999643,0.002196900000000168,0.002196900000000168,10,10,11,633.9142131038747,7,6;8;7;5;4;4;1,paper_multivehicle_v2
Tabu Search,35,7,0.75,49,21.932782223035215,100.0,35,0,0.004310600000000164,0.003368400000000271,0.0018725000000001657,0.0014959000000001055,0.0014959000000001055,10,10,11,687.665521449398,7,8;6;5;4;5;5;2,paper_multivehicle_v2
Tabu Search,35,7,0.75,50,17.887651706665842,97.14285714285714,34,1,0.0033909000000000855,0.0024287000000000614,0.0008409000000000333,0.001587800000000028,0.001587800000000028,10,10,11,592.2759796927113,7,6;6;6;6;5;3;2,paper_multivehicle_v2
Tabu Search,35,7,0.75,51,18.50720926563339,100.0,35,0,0.0038555000000000117,0.0029338999999997117,0.0016281000000000212,0.0013057999999996905,0.0013057999999996905,10,10,11,615.2929542881598,7,6;5;5;6;5;5;3,paper_multivehicle_v2
Tabu Search,35,7,0.75,52,17.200251339486055,100.0,35,0,0.003683800000000126,0.002776600000000462,0.0013574000000000641,0.001419200000000398,0.001419200000000398,10,10,11,566.1431512529839,7,6;5;6;5;5;5;3,paper_multivehicle_v2
Tabu Search,35,7,0.75,53,22.37396726426913,100.0,35,0,0.0028919999999998947,0.0022079999999999878,0.0010883999999999894,0.0011195999999999984,0.0011195999999999984,10,10,11,604.1286740868647,7,6;6;6;5;5;4;3,paper_multivehicle_v2
Tabu Search,35,7,0.75,54,15.729927233804748,100.0,35,0,0.008761500000000089,0.007212499999999844,0.004527500000000018,0.0026849999999998264,0.0026849999999998264,10,10,11,618.7770107180239,7,6;6;6;6;4;4;3,paper_multivehicle_v2
Tabu Search,35,7,0.75,55,22.48055555447668,100.0,35,0,0.002959000000000156,0.00215260000000006,0.0009806000000001092,0.0011719999999999509,0.0011719999999999509,10,10,11,621.3967626523973,7,6;6;6;5;5;4;3,paper_multivehicle_v2
Tabu Search,35,7,0.75,56,24.33100853937422,100.0,35,0,0.0028004999999999836,0.001892299999999958,0.00036189999999991507,0.0015304000000000428,0.0015304000000000428,10,10,11,686.337353637471,7,6;6;6;5;5;4;3,paper_multivehicle_v2
Tabu Search,35,7,0.75,57,19.342409993065655,100.0,35,0,0.005517299999999947,0.0043999999999999595,0.00228969999999995,0.0021103000000000094,0.0021103000000000094,10,10,11,659.2029986369455,7,7;6;6;5;4;3;4,paper_multivehicle_v2
Tabu Search,35,7,0.75,58,21.196346507405472,94.28571428571429,33,2,0.0026086999999999083,0.0017010000000001746,0.0003263000000000016,0.001374700000000173,0.001374700000000173,10,10,11,679.0045529051425,7,6;6;6;5;4;4;2,paper_multivehicle_v2
Tabu Search,35,7,0.75,59,17.38212442551312,100.0,35,0,0.004657799999999934,0.003674500000000025,0.0022447999999999357,0.0014297000000000892,0.0014297000000000892,10,10,11,616.7303051770077,7,7;7;5;4;5;4;3,paper_multivehicle_v2
Tabu Search,35,7,0.75,60,15.99433248966514,97.14285714285714,34,1,0.001805400000000068,0.0011705000000004073,0.00021050000000011337,0.000960000000000294,0.000960000000000294,10,10,11,625.4025182556318,7,7;6;5;5;5;3;3,paper_multivehicle_v2
Tabu Search,35,7,0.75,61,17.52163395637691,100.0,35,0,0.003199799999999975,0.002289400000000219,0.0010135000000000005,0.0012759000000002185,0.0012759000000002185,10,10,11,642.5351735650206,7,7;6;7;4;5;4;2,paper_multivehicle_v2
Tabu Search,35,7,0.75,62,20.961641855546105,100.0,35,0,0.00342039999999999,0.0023953999999997144,0.0008524999999999228,0.0015428999999997917,0.0015428999999997917,10,10,11,661.6231962213599,7,6;6;6;5;5;4;3,paper_multivehicle_v2
Tabu Search,35,7,0.75,63,24.48555925260524,100.0,35,0,0.0033838999999999952,0.0024925000000000086,0.0008023999999999809,0.0016901000000000277,0.0016901000000000277,10,10,11,659.9900316979056,7,6;6;5;5;5;4;4,paper_multivehicle_v2
Tabu Search,35,7,0.75,64,18.133246957504927,100.0,35,0,0.002509899999999954,0.0016847999999993757,0.00022789999999983657,0.0014568999999995391,0.0014568999999995391,10,10,11,614.3629709700751,7,7;7;6;5;5;4;1,paper_multivehicle_v2
Tabu Search,35,7,0.75,65,16.4155838471809,97.14285714285714,34,1,0.004079500000000014,0.003423000000000398,0.002341900000000008,0.00108110000000039,0.0010749000000005449,10,9,11,584.0141844010959,7,6;7;5;4;4;5;3,paper_multivehicle_v2
Tabu Search,35,7,0.75,66,21.270822326179626,100.0,35,0,0.0033459000000000128,0.0022397000000000666,0.000577099999999886,0.0016626000000001806,0.0016626000000001806,10,10,11,651.2615762288028,7,7;5;7;5;4;4;3,paper_multivehicle_v2
Tabu Search,35,7,0.75,67,18.522893963851725,100.0,35,0,0.002672099999999844,0.002049699999999932,0.001137100000000002,0.0009125999999999301,0.000902699999999923,10,9,11,617.1771662268393,7,6;5;6;5;5;3;5,paper_multivehicle_v2
Tabu Search,35,7,0.75,68,18.16135214318319,100.0,35,0,0.004976799999999892,0.004108700000000187,0.002147799999999922,0.001960900000000265,0.0019501000000003987,10,9,11,627.8710231726972,7,6;6;4;6;4;5;4,paper_multivehicle_v2
Tabu Search,35,7,0.75,69,21.827300671838433,100.0,35,0,0.0025530000000000275,0.0019335000000002545,0.0010464999999999502,0.0008870000000003042,0.0008870000000003042,10,10,11,613.9104001746044,7,7;7;6;5;5;3;2,paper_multivehicle_v2
Tabu Search,35,7,0.75,70,15.635009431697142,97.14285714285714,34,1,0.0025366999999998363,0.0016653000000002027,0.0002397999999999012,0.0014255000000003015,0.0014255000000003015,10,10,11,564.7423130603355,7,6;7;6;5;4;4;2,paper_multivehicle_v2
Tabu Search,35,7,0.75,71,18.493061574343024,100.0,35,0,0.003053199999999867,0.002396099999999901,0.0014691999999998373,0.0009269000000000638,0.000920299999999985,10,9,11,634.706792863262,7,7;7;5;5;4;4;3,paper_multivehicle_v2
Tabu Search,35,7,0.75,72,19.135332062949146,100.0,35,0,0.0030335999999999697,0.0022916999999993415,0.001279799999999831,0.0010118999999995104,0.00100219999999962,10,9,11,609.7174711148537,7,7;6;6;4;4;5;3,paper_multivehicle_v2
Tabu Search,35,7,0.75,73,17.32148812847174,100.0,35,0,0.0022860000000000102,0.001610200000000006,0.000675499999999829,0.0009347000000001771,0.0009347000000001771,10,10,11,603.9664623197214,7,6;7;6;6;4;4;2,paper_multivehicle_v2
Tabu Search,35,7,0.75,74,20.847297362413816,97.14285714285714,34,1,0.004846800000000151,0.0034720000000003637,0.0014528999999998682,0.0020191000000004955,0.0020005000000005158,10,9,11,607.6872721716571,7,7;7;5;5;3;4;3,paper_multivehicle_v2
Tabu Search,35,7,0.75,75,19.747309785489843,100.0,35,0,0.0037023999999998836,0.002952399999999633,0.0016055999999999848,0.0013467999999996483,0.0013467999999996483,10,10,11,612.247292630626,7,6;8;5;4;5;4;3,paper_multivehicle_v2
Tabu Search,35,7,0.75,76,20.008866306634996,100.0,35,0,0.0028146999999998368,0.0019657999999997955,0.0007355,0.0012302999999997954,0.0012302999999997954,10,10,11,602.0482085602415,7,8;6;5;6;4;4;2,paper_multivehicle_v2
Tabu Search,35,7,0.75,77,19.230215994058263,94.28571428571429,33,2,0.002672400000000019,0.0021175000000002164,0.0014528000000000318,0.0006647000000001846,0.0006647000000001846,10,10,11,602.4547718246919,7,5;6;5;5;5;4;3,paper_multivehicle_v2
Tabu Search,35,7,0.75,78,18.72829901514902,100.0,35,0,0.0057266999999998625,0.004328899999999969,0.0025448000000001247,0.0017840999999998441,0.0017840999999998441,10,10,11,629.8313606778798,7,6;6;5;5;5;5;3,paper_multivehicle_v2
Tabu Search,35,7,0.75,79,20.44058371065458,97.14285714285714,34,1,0.003218000000000165,0.0026128000000000817,0.001742200000000027,0.0008706000000000547,0.0008706000000000547,10,10,11,606.3229023087492,7,6;6;5;5;5;4;3,paper_multivehicle_v2
Tabu Search,35,7,0.75,80,18.635287314549032,100.0,35,0,0.003036299999999992,0.002321900000000099,0.0012522000000001476,0.0010696999999999512,0.0010696999999999512,10,10,11,689.6324382023331,7,6;6;6;5;6;3;3,paper_multivehicle_v2
Tabu Search,35,7,0.75,81,22.682443406545353,100.0,35,0,0.0027018000000000875,0.0020701000000000747,0.0012273000000000422,0.0008428000000000324,0.0008428000000000324,10,10,11,649.1853898484746,7,6;7;7;5;5;3;2,paper_multivehicle_v2
Tabu Search,35,7,0.75,82,20.160062711476225,100.0,35,0,0.011521299999999846,0.01056480000000004,0.008140099999999872,0.0024247000000001684,0.0024247000000001684,10,10,11,621.1447131927561,7,6;5;4;6;5;6;3,paper_multivehicle_v2
Tabu Search,35,7,0.75,83,19.59679247494812,100.0,35,0,0.003148600000000057,0.0022548999999996155,0.0009406000000000692,0.0013142999999995464,0.0013142999999995464,10,10,11,659.9122360342847,7,7;5;6;6;4;4;3,paper_multivehicle_v2
Tabu Search,35,7,0.75,84,20.85319035481078,100.0,35,0,0.002085899999999974,0.0014068000000002634,0.00032359999999997946,0.001083200000000284,0.0010762000000001937,10,9,11,612.8618138313466,7,7;6;6;5;5;4;2,paper_multivehicle_v2
Tabu Search,35,7,0.75,85,22.76102732908791,97.14285714285714,34,1,0.00220330000000013,0.0014365000000000627,0.00036650000000015837,0.0010699999999999044,0.0010699999999999044,10,10,11,661.3589203449951,7,7;7;5;5;4;3;3,paper_multivehicle_v2
Tabu Search,35,7,0.75,86,21.039272630807805,100.0,35,0,0.010034500000000168,0.009361599999999859,0.007550200000000062,0.0018113999999997965,0.001805099999999893,10,9,11,605.4800550854985,7,4;6;6;5;5;4;5,paper_multivehicle_v2
Tabu Search,35,7,0.75,87,19.94527301046138,100.0,35,0,0.0036200000000001786,0.0027661000000005487,0.0014468999999999177,0.001319200000000631,0.001319200000000631,10,10,11,612.3577287316317,7,6;6;6;6;4;4;3,paper_multivehicle_v2
Tabu Search,35,7,0.75,88,18.08826407863012,100.0,35,0,0.0034389000000001335,0.002332000000000223,0.0005994000000000277,0.001732600000000195,0.001732600000000195,10,10,11,611.0051594841113,7,7;6;6;6;5;3;2,paper_multivehicle_v2
Tabu Search,35,7,0.75,89,19.143143438924046,100.0,35,0,0.002988599999999897,0.002019499999999841,0.0002035000000000231,0.0018159999999998178,0.0018159999999998178,10,10,11,652.500667171099,7,7;6;5;5;6;4;2,paper_multivehicle_v2
Tabu Search,35,7,0.75,90,19.143254373610695,100.0,35,0,0.0029759000000000313,0.0021032000000000828,0.0005412000000000194,0.0015620000000000633,0.0015620000000000633,10,10,11,622.6332799139635,7,5;7;6;6;4;4;3,paper_multivehicle_v2
Tabu Search,35,7,0.75,91,24.69151927355273,100.0,35,0,0.002488599999999952,0.0018700000000000383,0.0009584000000000259,0.0009116000000000124,0.0009116000000000124,10,10,11,646.0978105794463,7,8;8;5;4;4;4;2,paper_multivehicle_v2
Tabu Search,35,7,0.75,92,18.63406956330296,100.0,35,0,0.0019163999999998182,0.0013430000000000941,0.00027780000000010574,0.0010651999999999884,0.0010651999999999884,10,10,11,640.2009938588363,7,8;6;5;6;5;3;2,paper_multivehicle_v2
Tabu Search,35,7,0.75,93,18.891446499504998,94.28571428571429,33,2,0.0034195000000001308,0.0025666000000001965,0.0008774000000000282,0.0016892000000001683,0.0016892000000001683,10,10,11,586.9836148464581,7,6;5;5;5;5;4;3,paper_multivehicle_v2
Tabu Search,35,7,0.75,94,17.44891521912082,100.0,35,0,0.005735900000000127,0.004424400000000217,0.002529900000000085,0.0018945000000001322,0.0018772000000002453,10,9,11,609.7200182317245,7,6;7;6;6;4;4;2,paper_multivehicle_v2
Tabu Search,35,7,0.75,95,17.550685942013086,100.0,35,0,0.003749699999999967,0.0031037000000000425,0.001945899999999945,0.0011578000000000976,0.0011578000000000976,10,10,11,571.9962191874331,7,7;6;5;5;6;3;3,paper_multivehicle_v2
Tabu Search,35,7,0.75,96,19.077000184170505,100.0,35,0,0.0032517000000000795,0.002541399999999916,0.001629099999999939,0.000912299999999977,0.000912299999999977,10,10,11,591.0703499709356,7,6;5;7;4;5;5;3,paper_multivehicle_v2
Tabu Search,35,7,0.75,97,22.15121140705632,100.0,35,0,0.0024916999999999856,0.001671799999999779,0.00043949999999992606,0.001232299999999853,0.001232299999999853,10,10,11,631.8636382127347,7,6;8;6;4;4;3;4,paper_multivehicle_v2
Tabu Search,35,7,0.75,98,20.013319174281033,100.0,35,0,0.0028408000000001987,0.0021805000000001407,0.001305099999999948,0.0008754000000001927,0.0008754000000001927,10,10,11,675.2501043085505,7,6;6;5;5;7;4;2,paper_multivehicle_v2
Tabu Search,35,7,0.75,99,23.202186758677595,100.0,35,0,0.003845199999999993,0.003158200000000111,0.0020667999999999243,0.0010914000000001867,0.0010914000000001867,10,10,11,721.9643818842868,7,6;5;6;6;5;4;3,paper_multivehicle_v2
Tabu Search,35,7,0.75,100,20.74783070339802,100.0,35,0,0.0026352000000000597,0.0020420999999999356,0.001057899999999945,0.0009841999999999906,0.0009841999999999906,10,10,11,656.1158051277206,7,6;6;7;5;4;4;3,paper_multivehicle_v2
Tabu Search,50,10,0.1,1,21.881321638370768,100.0,50,0,0.6307258,0.6292441999999996,0.521387,0.10785719999999954,0.10782009999999986,10,7,11,626.3001470327813,10,6;7;6;5;5;4;4;4;4;5,paper_multivehicle_v2
Tabu Search,50,10,0.1,2,23.609092378889407,100.0,50,0,1.1504899999999998,1.1489316000000005,0.8208872999999999,0.3280443000000006,0.3279949000000002,10,6,11,590.7519751516875,10,7;5;5;4;6;5;5;4;4;5,paper_multivehicle_v2
Tabu Search,50,10,0.1,3,21.221951053078833,100.0,50,0,0.8529923000000001,0.8512197999999997,0.7427197000000001,0.10850009999999966,0.10845060000000029,10,6,11,565.5862138431185,10,5;5;6;5;5;4;5;5;4;6,paper_multivehicle_v2
Tabu Search,50,10,0.1,4,21.533851095411485,100.0,50,0,1.1156748,1.1133260000000005,0.8392343999999998,0.27409160000000066,0.2740449000000007,10,7,11,581.6716026189124,10,7;6;4;5;5;4;4;5;5;5,paper_multivehicle_v2
Tabu Search,50,10,0.1,5,19.926449255737545,100.0,50,0,0.6301587000000002,0.6287036999999998,0.5131661000000001,0.11553759999999968,0.11550159999999998,10,7,11,567.7604949147649,10,5;6;5;6;5;5;5;5;4;4,paper_multivehicle_v2
Tabu Search,50,10,0.1,6,20.910256976526124,100.0,50,0,0.9809899,0.9791559999999997,0.7288344,0.2503215999999997,0.23758509999999977,10,6,11,596.5526770835828,10,7;6;4;4;4;6;3;5;5;6,paper_multivehicle_v2
Tabu Search,50,10,0.1,7,17.208555525672516,100.0,50,0,0.8316846999999998,0.8302593000000005,0.6613462000000001,0.16891310000000037,0.16886480000000037,10,6,11,623.092909756155,10,6;7;5;5;5;5;5;4;4;4,paper_multivehicle_v2
Tabu Search,50,10,0.1,8,16.865095209466183,100.0,50,0,1.3043266,1.3027171000000004,0.9808291999999998,0.32188790000000056,0.3218118000000003,10,4,11,567.1687578272266,10,6;6;5;4;4;5;5;5;6;4,paper_multivehicle_v2
Tabu Search,50,10,0.1,9,19.907779662793114,100.0,50,0,1.6506248000000001,1.6487013000000006,0.887402,0.7612993000000006,0.7612239000000005,10,5,11,580.498756211209,10,6;6;6;6;5;4;3;6;4;4,paper_multivehicle_v2
Tabu Search,50,10,0.1,10,17.82478021902983,100.0,50,0,1.0160624000000003,1.0146165000000003,0.7644689,0.25014760000000025,0.2500783,10,4,11,552.8010988928052,10,5;5;6;5;5;4;5;4;6;5,paper_multivehicle_v2
Tabu Search,50,10,0.1,11,16.009416644399035,100.0,50,0,0.9816250000000002,0.9799061999999996,0.8177418999999999,0.1621642999999997,0.1620954000000001,10,5,11,610.2668919286275,10,5;7;5;5;4;4;5;6;4;5,paper_multivehicle_v2
Tabu Search,50,10,0.1,12,19.560057021642777,100.0,50,0,0.8279833000000001,0.8265402,0.717886,0.10865419999999992,0.10861870000000029,10,7,11,577.9438614717635,10,6;7;5;5;5;4;5;5;4;4,paper_multivehicle_v2
Tabu Search,50,10,0.1,13,18.411066442928842,100.0,50,0,1.0297389,1.0284604999999996,0.8085046,0.21995589999999954,0.21990180000000015,10,5,11,556.4198926981712,10,5;6;4;5;6;5;5;4;5;5,paper_multivehicle_v2
Tabu Search,50,10,0.1,14,23.94560948752808,100.0,50,0,0.7456130999999999,0.7442667000000014,0.621084,0.12318270000000142,0.12315860000000134,10,8,11,592.538882169675,10,7;6;6;5;3;4;4;5;5;5,paper_multivehicle_v2
Tabu Search,50,10,0.1,15,17.98485742038914,100.0,50,0,1.0089557,1.0076431999999995,0.8047624999999998,0.2028806999999997,0.20282359999999988,10,5,11,555.1664818918646,10,6;4;5;5;5;5;5;5;5;5,paper_multivehicle_v2
Tabu Search,50,10,0.1,16,22.28070452457904,100.0,50,0,1.2382331999999998,1.2366101999999999,0.8138436000000002,0.42276659999999966,0.4226936000000001,10,5,11,601.8236430254817,10,6;6;6;5;5;4;4;5;5;4,paper_multivehicle_v2
Tabu Search,50,10,0.1,17,18.259000027434233,100.0,50,0,1.1332844,1.131855299999999,0.8275807999999998,0.3042744999999991,0.30419620000000025,10,4,11,559.3095202355934,10,7;5;4;5;5;5;6;4;4;5,paper_multivehicle_v2
Tabu Search,50,10,0.1,18,20.82080721150821,100.0,50,0,0.9692734000000001,0.9679492999999995,0.8507846999999997,0.11716459999999973,0.11710849999999962,10,5,11,645.8875083079372,10,6;6;5;5;4;4;5;4;5;6,paper_multivehicle_v2
Tabu Search,50,10,0.1,19,17.05963593979563,100.0,50,0,1.0118880999999997,1.0105705000000005,0.8753834,0.13518710000000045,0.1351068999999998,10,3,11,565.8661749468322,10,5;5;4;5;5;5;5;5;6;5,paper_multivehicle_v2
Tabu Search,50,10,0.1,20,19.4995825049471,100.0,50,0,1.0394204999999999,1.0377865000000002,0.7878439999999998,0.2499425000000004,0.24988359999999998,10,6,11,604.6392152136447,10,5;5;5;6;4;6;6;5;3;5,paper_multivehicle_v2
Tabu Search,50,10,0.1,21,21.16043134381067,100.0,50,0,1.6895651000000003,1.687732299999999,0.9788697000000002,0.7088625999999989,0.7087748000000005,10,4,11,583.9663407069808,10,4;4;5;6;6;6;5;5;5;4,paper_multivehicle_v2
Tabu Search,50,10,0.1,22,23.050636304985623,100.0,50,0,1.2677210999999997,1.2662927000000002,0.8212355000000002,0.44505719999999993,0.4450069000000001,10,6,11,564.3860177991592,10,5;6;4;5;5;4;4;6;6;5,paper_multivehicle_v2
Tabu Search,50,10,0.1,23,22.729941674975475,100.0,50,0,0.8399869,0.8366464999999992,0.7157544000000002,0.12089209999999895,0.12086779999999919,10,8,11,678.0267442163705,10,7;4;4;6;5;4;6;4;5;5,paper_multivehicle_v2
Tabu Search,50,10,0.1,24,20.75991179170287,100.0,50,0,0.8561479999999997,0.8548449000000007,0.7364526000000002,0.11839230000000045,0.11833379999999982,10,5,11,634.1027933122972,10,6;6;5;5;4;4;6;5;4;5,paper_multivehicle_v2
Tabu Search,50,10,0.1,25,23.15810806672352,100.0,50,0,1.0314917000000001,1.0297524000000005,0.7869462999999999,0.24280610000000058,0.24275870000000044,10,6,11,555.1368642304608,10,6;6;6;5;5;4;5;4;4;5,paper_multivehicle_v2
Tabu Search,50,10,0.1,26,19.921487888123238,100.0,50,0,1.0421841,1.0405311,0.8250975999999999,0.21543350000000006,0.21535919999999997,10,5,11,587.2007462660591,10,6;6;5;5;5;4;4;6;4;5,paper_multivehicle_v2
Tabu Search,50,10,0.1,27,19.13232042683124,100.0,50,0,0.7110159,0.7094895000000001,0.6012458,0.10824370000000005,0.10820320000000017,10,7,11,559.9857225723321,10,7;5;5;4;5;5;6;5;5;3,paper_multivehicle_v2
Tabu Search,50,10,0.1,28,19.931763953130577,100.0,50,0,0.9942962000000004,0.9929580999999987,0.7307877,0.2621703999999987,0.2621139999999986,10,5,11,573.5360892917809,10,5;5;7;4;5;6;5;4;5;4,paper_multivehicle_v2
Tabu Search,50,10,0.1,29,23.083085845473004,100.0,50,0,0.8408592000000001,0.8395473,0.6420097,0.19753759999999998,0.19750069999999953,10,7,11,566.6083136886984,10,6;6;4;5;6;7;4;4;4;4,paper_multivehicle_v2
Tabu Search,50,10,0.1,30,24.197584352495458,100.0,50,0,1.1151621999999999,1.113734599999999,0.7857380999999997,0.32799649999999936,0.3279380999999999,10,5,11,686.4010269240006,10,6;6;6;4;5;5;5;4;4;5,paper_multivehicle_v2
Tabu Search,50,10,0.1,31,15.813587110660226,100.0,50,0,1.0363858000000006,1.034751599999999,0.8014283999999998,0.23332319999999918,0.2332508000000013,10,5,11,537.0087712549569,10,7;5;4;5;5;5;6;5;4;4,paper_multivehicle_v2
Tabu Search,50,10,0.1,32,17.377122511531574,100.0,50,0,1.2041065000000004,1.202048200000002,0.8810675000000003,0.32098070000000156,0.32091210000000103,10,4,11,553.2461603089199,10,5;5;6;6;5;4;5;5;4;5,paper_multivehicle_v2
Tabu Search,50,10,0.1,33,22.11793220515189,100.0,50,0,0.8977942000000003,0.8962775999999999,0.6775666,0.21871099999999988,0.21863720000000075,10,6,11,634.804316310786,10,6;6;5;4;5;5;5;5;4;5,paper_multivehicle_v2
Tabu Search,50,10,0.1,34,24.135954378267535,100.0,50,0,0.5740395999999999,0.5727275000000009,0.43150140000000015,0.1412261000000008,0.14119990000000104,10,8,11,674.577129324643,10,7;7;5;6;5;6;3;3;5;3,paper_multivehicle_v2
Tabu Search,50,10,0.1,35,19.049627798705107,100.0,50,0,1.1148360999999998,1.1123548000000008,0.8564237000000001,0.25593110000000063,0.25588000000000033,10,6,11,589.1227651996853,10,5;6;6;5;5;5;3;5;5;5,paper_multivehicle_v2
Tabu Search,50,10,0.1,36,21.753138484271886,100.0,50,0,0.6258048999999999,0.6245048,0.5301073999999999,0.09439740000000008,0.09437280000000037,10,8,11,670.0292095418462,10,6;7;7;5;4;5;4;4;4;4,paper_multivehicle_v2
Tabu Search,50,10,0.1,37,20.997060352280265,100.0,50,0,0.5892433000000001,0.5879723000000006,0.5267651999999998,0.061207100000000736,0.06117080000000108,10,7,11,576.8813707582628,10,7;5;6;6;5;4;5;4;4;4,paper_multivehicle_v2
Tabu Search,50,10,0.1,38,19.445988769027167,100.0,50,0,0.9545248000000002,0.9528456000000003,0.7817329999999996,0.17111260000000073,0.17108010000000018,10,8,11,601.6125413570435,10,5;6;6;5;5;5;5;4;5;4,paper_multivehicle_v2
Tabu Search,50,10,0.1,39,21.307300786708456,100.0,50,0,1.3086385999999992,1.3069414000000004,0.8782671999999998,0.42867420000000056,0.42858350000000023,10,4,11,571.2195154558497,10,5;6;4;5;5;5;6;5;5;4,paper_multivehicle_v2
Tabu Search,50,10,0.1,40,23.751342905310135,100.0,50,0,0.7509696000000003,0.7496213999999997,0.5608069000000002,0.18881449999999944,0.18876079999999984,10,6,11,631.9703193173771,10,8;6;4;4;4;5;4;5;5;5,paper_multivehicle_v2
Tabu Search,50,10,0.1,41,18.903211343768206,100.0,50,0,0.8908529999999999,0.889458799999999,0.7629073999999996,0.12655139999999943,0.12650130000000015,10,6,11,568.0786242782402,10,7;5;6;4;4;4;5;5;5;5,paper_multivehicle_v2
Tabu Search,50,10,0.1,42,24.10764490867783,100.0,50,0,0.8461299000000002,0.8434596999999995,0.6895454999999995,0.1539142,0.15388939999999973,10,8,11,641.3351773070831,10,8;4;7;4;5;5;4;4;5;4,paper_multivehicle_v2
Tabu Search,50,10,0.1,43,21.682201098662176,100.0,50,0,0.862215,0.8581414999999994,0.7513410999999994,0.10680040000000002,0.10671249999999954,10,5,11,571.706052144883,10,7;5;5;5;5;6;4;4;5;4,paper_multivehicle_v2
Tabu Search,50,10,0.1,44,21.052368853157823,100.0,50,0,1.2505746000000002,1.248161099999999,0.9651478999999998,0.2830131999999992,0.28294779999999964,10,4,11,594.021927715681,10,5;5;6;4;5;6;5;4;5;5,paper_multivehicle_v2
Tabu Search,50,10,0.1,45,14.806161282081547,100.0,50,0,0.9569523999999996,0.9556567000000005,0.8345232999999999,0.12113340000000061,0.12106200000000022,10,4,11,550.2353187506114,10,6;6;5;4;4;4;6;5;5;5,paper_multivehicle_v2
Tabu Search,50,10,0.1,46,23.86955114863861,100.0,50,0,0.9386555999999997,0.9372177999999982,0.6415033000000001,0.2957144999999981,0.2956777999999991,10,7,11,595.6633044660233,10,5;5;6;6;5;6;4;4;4;5,paper_multivehicle_v2
Tabu Search,50,10,0.1,47,21.09996771108263,100.0,50,0,0.8611518999999994,0.8598866999999988,0.6971647000000001,0.1627219999999987,0.16267439999999933,10,6,11,584.2017274328981,10,5;5;6;5;5;5;5;5;4;5,paper_multivehicle_v2
Tabu Search,50,10,0.1,48,23.09467146077013,100.0,50,0,1.0579185000000004,1.0565194000000018,0.7929689999999994,0.2635504000000024,0.2635006000000022,10,6,11,589.6038320497966,10,5;6;6;5;5;4;5;5;5;4,paper_multivehicle_v2
Tabu Search,50,10,0.1,49,19.676364203399388,100.0,50,0,0.9671421000000002,0.9656286000000005,0.7756585999999999,0.18997000000000064,0.1899115000000009,10,5,11,539.2283715798434,10,5;6;6;5;5;4;5;6;4;4,paper_multivehicle_v2
Tabu Search,50,10,0.1,50,23.91172718209523,100.0,50,0,0.9488392000000001,0.9474761999999988,0.6855731999999994,0.26190299999999933,0.26184530000000095,10,6,11,566.1220064791804,10,6;6;4;5;6;5;4;5;4;5,paper_multivehicle_v2
Tabu Search,50,10,0.1,51,22.746282624612473,100.0,50,0,0.8059879000000008,0.804689899999997,0.6607620000000001,0.1439278999999969,0.1438828999999986,10,6,11,703.4521411280439,10,6;6;5;4;5;6;5;5;4;4,paper_multivehicle_v2
Tabu Search,50,10,0.1,52,23.652808956542316,100.0,50,0,0.9344469000000002,0.9330931999999992,0.6743419000000008,0.25875129999999835,0.25872609999999874,10,8,11,600.8617308698696,10,5;6;6;6;4;5;5;4;4;5,paper_multivehicle_v2
Tabu Search,50,10,0.1,53,19.418101169292246,100.0,50,0,1.4075815999999994,1.4059472999999993,0.8729675000000006,0.5329797999999988,0.5328970999999996,10,5,11,577.3087868591526,10,5;6;5;6;5;5;5;4;5;4,paper_multivehicle_v2
Tabu Search,50,10,0.1,54,19.742558938859496,100.0,50,0,0.9426651999999995,0.9409622999999998,0.8054356999999994,0.13552660000000039,0.13549800000000012,10,8,11,610.9384113722973,10,7;6;6;4;4;6;5;5;4;3,paper_multivehicle_v2
Tabu Search,50,10,0.1,55,18.329612449394556,100.0,50,0,0.8753646000000002,0.8736657000000001,0.7736912,0.09997450000000008,0.09996159999999943,10,9,11,599.175838597097,10,7;6;6;5;4;4;4;5;5;4,paper_multivehicle_v2
Tabu Search,50,10,0.1,56,17.528445539402117,100.0,50,0,1.2751640000000002,1.2735549000000006,0.9301652999999996,0.34338960000000096,0.34329059999999956,10,3,11,567.3212459828649,10,5;4;6;5;4;4;6;5;6;5,paper_multivehicle_v2
Tabu Search,50,10,0.1,57,15.08015322610452,100.0,50,0,0.9624386000000005,0.9611413999999998,0.8025869999999999,0.15855439999999987,0.15848640000000014,10,4,11,606.7289465863495,10,5;5;5;5;5;5;5;4;5;6,paper_multivehicle_v2
Tabu Search,50,10,0.1,58,19.662979853660094,100.0,50,0,0.9409780999999997,0.9395513000000006,0.8234501999999999,0.11610110000000073,0.1160495000000008,10,6,11,571.8368117913509,10,6;4;5;5;5;5;5;5;5;5,paper_multivehicle_v2
Tabu Search,50,10,0.1,59,21.157881726480444,100.0,50,0,1.0341404,1.0327993000000006,0.6928871000000001,0.33991220000000055,0.3398666000000006,10,6,11,617.665925610135,10,6;6;5;4;6;4;5;5;5;4,paper_multivehicle_v2
Tabu Search,50,10,0.1,60,20.864703500412812,100.0,50,0,0.7138026999999996,0.7124816000000012,0.6008969999999998,0.11158460000000137,0.11152780000000106,10,5,11,657.3120528199158,10,6;6;6;5;4;5;4;4;6;4,paper_multivehicle_v2
Tabu Search,50,10,0.1,61,15.8165763200343,100.0,50,0,1.1912005999999993,1.1895480999999988,0.7549897999999997,0.43455829999999906,0.4344582999999993,10,3,11,549.4046107978426,10,5;5;5;5;4;4;7;5;5;5,paper_multivehicle_v2
Tabu Search,50,10,0.1,62,18.154027630453523,100.0,50,0,0.9672830000000001,0.9659574999999991,0.7726692999999996,0.19328819999999958,0.19325230000000015,10,7,11,555.8221603490695,10,7;4;7;6;4;4;4;5;4;5,paper_multivehicle_v2
Tabu Search,50,10,0.1,63,21.10513357839155,100.0,50,0,0.9466893999999995,0.9454105000000004,0.7479901,0.19742040000000038,0.19737580000000143,10,6,11,586.8055639098872,10,6;6;6;4;4;5;3;6;6;4,paper_multivehicle_v2
Tabu Search,50,10,0.1,64,24.390916035347363,100.0,50,0,1.1819179000000002,1.1802823000000036,0.7630612000000001,0.41722110000000345,0.41716270000000133,10,6,11,582.3914058893616,10,6;6;5;4;5;4;6;6;4;4,paper_multivehicle_v2
Tabu Search,50,10,0.1,65,19.621512922401585,100.0,50,0,1.1524985999999995,1.1509010000000002,0.8878801000000003,0.2630208999999999,0.2629609000000004,10,6,11,577.200823041783,10,7;5;4;5;4;6;5;5;4;5,paper_multivehicle_v2
Tabu Search,50,10,0.1,66,20.954447780780704,100.0,50,0,0.8729345999999998,0.8716410999999988,0.6966985999999995,0.17494249999999933,0.17487819999999843,10,4,11,540.8029604542411,10,5;5;6;4;6;5;4;6;5;4,paper_multivehicle_v2
Tabu Search,50,10,0.1,67,18.831809835892155,100.0,50,0,0.9141851999999995,0.9126163999999992,0.6798899999999994,0.23272639999999978,0.2326895999999996,10,7,11,594.8999462784263,10,8;5;5;5;5;3;6;4;5;4,paper_multivehicle_v2
Tabu Search,50,10,0.1,68,18.97243460532379,100.0,50,0,0.9367219999999996,0.9350512000000002,0.6809025999999996,0.2541486000000006,0.25409840000000017,10,6,11,575.7183368012629,10,7;5;5;4;5;5;5;5;5;4,paper_multivehicle_v2
Tabu Search,50,10,0.1,69,23.64783256439423,100.0,50,0,0.8909446000000001,0.8895987000000023,0.6709477000000001,0.21865100000000215,0.21860290000000138,10,6,11,603.0447073221762,10,5;7;5;5;5;4;6;4;4;5,paper_multivehicle_v2
Tabu Search,50,10,0.1,70,20.371136368753003,100.0,50,0,0.8788939999999998,0.8773070000000018,0.7966069999999998,0.08070000000000199,0.08064020000000216,10,6,11,622.2390903653167,10,7;6;6;4;4;6;5;4;4;4,paper_multivehicle_v2
Tabu Search,50,10,0.1,71,21.564795984505892,100.0,50,0,1.1955738,1.1941202000000004,0.7681809999999993,0.4259392000000011,0.425905600000001,10,7,11,580.4041831797858,10,4;6;5;5;4;6;5;5;5;5,paper_multivehicle_v2
Tabu Search,50,10,0.1,72,21.250296172350794,100.0,50,0,1.1525107000000006,1.1510185999999996,0.9137278000000002,0.23729079999999936,0.2372033,10,4,11,602.3805540108394,10,6;5;4;6;5;6;5;4;4;5,paper_multivehicle_v2
Tabu Search,50,10,0.1,73,20.505446764956165,100.0,50,0,1.1080472000000006,1.1069695,0.8642319,0.2427375999999999,0.24270619999999887,10,5,11,605.7274170996296,10,6;5;5;5;5;5;5;5;5;4,paper_multivehicle_v2
Tabu Search,50,10,0.1,74,16.843219703403662,100.0,50,0,0.9970224999999999,0.9957424000000001,0.7895611000000002,0.2061812999999999,0.2061238999999997,10,5,11,559.0253124005214,10,7;4;5;4;5;5;5;5;5;5,paper_multivehicle_v2
Tabu Search,50,10,0.1,75,21.936603788358962,100.0,50,0,0.7473029000000002,0.7456971999999977,0.6311679999999997,0.114529199999998,0.11449909999999885,10,8,11,579.7363201593533,10,5;6;5;7;6;4;5;3;4;5,paper_multivehicle_v2
Tabu Search,50,10,0.1,76,22.705678926021857,100.0,50,0,0.9816540000000007,0.9807132000000038,0.7244679999999999,0.25624520000000395,0.25621010000000055,10,6,11,600.6150902665169,10,6;7;4;5;4;5;4;5;5;5,paper_multivehicle_v2
Tabu Search,50,10,0.1,77,24.752230930366828,100.0,50,0,0.9650718000000005,0.963866399999997,0.76471,0.199156399999997,0.19912529999999773,10,7,11,675.2599207004587,10,7;5;5;5;4;5;5;5;4;5,paper_multivehicle_v2
Tabu Search,50,10,0.1,78,20.5053042328035,100.0,50,0,0.7563573999999997,0.7552964000000006,0.6143901999999999,0.14090620000000076,0.14086960000000115,10,7,11,553.1641988953613,10,6;5;6;5;5;4;4;5;5;5,paper_multivehicle_v2
Tabu Search,50,10,0.1,79,21.554912665268148,100.0,50,0,1.0137331000000005,1.0126830999999994,0.7986114999999998,0.21407159999999958,0.21404130000000077,10,5,11,592.8305205383972,10,5;6;6;4;4;4;6;6;4;5,paper_multivehicle_v2
Tabu Search,50,10,0.1,80,22.254539507465488,100.0,50,0,0.6822058999999996,0.6809685000000005,0.5944152999999996,0.08655320000000088,0.08652840000000062,10,8,11,614.1707848478401,10,6;5;5;5;4;4;6;5;5;5,paper_multivehicle_v2
Tabu Search,50,10,0.1,81,17.29674775281612,100.0,50,0,0.8453845999999992,0.8440136000000029,0.7292449000000003,0.11476870000000261,0.11469310000000199,10,5,11,562.8552955459095,10,6;6;5;5;4;4;6;5;5;4,paper_multivehicle_v2
Tabu Search,50,10,0.1,82,18.01312118032562,100.0,50,0,0.811086200000001,0.8099172000000001,0.7000815999999999,0.10983560000000026,0.10979959999999878,10,7,11,606.3028019354101,10,6;6;6;4;5;4;5;5;4;5,paper_multivehicle_v2
Tabu Search,50,10,0.1,83,25.144352011155416,100.0,50,0,0.8672768000000008,0.8659295999999985,0.669581,0.19634859999999854,0.19630860000000006,10,7,11,651.0506757260547,10,6;5;6;7;5;4;4;4;5;4,paper_multivehicle_v2
Tabu Search,50,10,0.1,84,23.758665652558204,100.0,50,0,0.7655345999999996,0.7643108999999999,0.5704299000000006,0.1938809999999993,0.19384720000000044,10,7,11,635.4359919538823,10,6;5;5;6;5;4;4;6;5;4,paper_multivehicle_v2
Tabu Search,50,10,0.1,85,24.160888320407317,100.0,50,0,0.5626919999999993,0.5612347,0.4644995999999999,0.09673510000000007,0.09670650000000158,10,8,11,643.6556022768589,10,6;6;6;5;4;5;4;6;4;4,paper_multivehicle_v2
Tabu Search,50,10,0.1,86,23.42347465155566,100.0,50,0,0.8442752000000011,0.8425313000000001,0.6050674000000003,0.23746389999999984,0.2374212,10,6,11,639.4521027415269,10,5;6;5;4;5;7;4;4;6;4,paper_multivehicle_v2
Tabu Search,50,10,0.1,87,22.758935025424055,100.0,50,0,0.8899042000000001,0.8884591000000004,0.5808949999999999,0.30756410000000045,0.30751590000000206,10,6,11,572.097774131626,10,5;6;5;6;6;4;5;5;4;4,paper_multivehicle_v2
Tabu Search,50,10,0.1,88,23.787344179977868,100.0,50,0,0.7318259000000005,0.7302876000000023,0.5313678,0.1989198000000023,0.19888700000000092,10,8,11,628.8246549320819,10,6;6;5;6;5;5;5;4;4;4,paper_multivehicle_v2
Tabu Search,50,10,0.1,89,20.576189057543537,100.0,50,0,0.5704529000000003,0.5689146000000003,0.4760321000000003,0.09288249999999998,0.0928489999999993,10,8,11,553.1149110848444,10,5;5;5;5;7;6;4;4;4;5,paper_multivehicle_v2
Tabu Search,50,10,0.1,90,18.174320400848295,100.0,50,0,0.6728112999999993,0.6715209000000026,0.5191020999999996,0.15241880000000307,0.15238070000000192,10,7,11,605.7552017065938,10,7;5;5;6;4;4;4;5;4;6,paper_multivehicle_v2
Tabu Search,50,10,0.1,91,17.100155749372785,100.0,50,0,0.9647397999999985,0.963157899999997,0.6904049999999984,0.27275289999999863,0.27265220000000134,10,4,11,538.6003412959344,10,5;5;5;6;5;5;5;4;5;5,paper_multivehicle_v2
Tabu Search,50,10,0.1,92,21.533754730664697,100.0,50,0,1.0509641999999992,1.0495589999999986,0.8109569000000008,0.23860209999999782,0.23856110000000008,10,6,11,591.3642671596235,10,5;6;5;5;5;5;4;4;5;6,paper_multivehicle_v2
Tabu Search,50,10,0.1,93,17.90840122944146,100.0,50,0,0.9823012999999996,0.9808309999999985,0.7648495000000004,0.21598149999999805,0.21590319999999963,10,4,11,581.237344888139,10,6;6;5;4;5;4;4;5;6;5,paper_multivehicle_v2
Tabu Search,50,10,0.1,94,17.972681768177665,100.0,50,0,0.9287454999999998,0.9276865000000019,0.7454818000000003,0.18220470000000155,0.18216430000000017,10,4,11,565.8661749468322,10,6;5;5;4;4;6;4;6;5;5,paper_multivehicle_v2
Tabu Search,50,10,0.1,95,21.527821539056486,100.0,50,0,0.9702400999999998,0.9690794,0.8217999000000002,0.14727949999999979,0.1472262999999998,10,6,11,590.7147463606881,10,6;5;5;6;5;5;4;4;5;5,paper_multivehicle_v2
Tabu Search,50,10,0.1,96,20.91374816795746,100.0,50,0,0.8459690999999996,0.8448908999999993,0.7394864999999999,0.1054043999999994,0.10536560000000073,10,6,11,578.7927122818278,10,7;5;5;5;4;5;5;5;4;5,paper_multivehicle_v2
Tabu Search,50,10,0.1,97,19.982029968204646,100.0,50,0,0.9687301000000001,0.9678868999999981,0.8526704000000009,0.11521649999999717,0.11518759999999872,10,6,11,614.5167710752163,10,6;6;6;4;4;6;3;5;4;6,paper_multivehicle_v2
Tabu Search,50,10,0.1,98,20.932059785388176,100.0,50,0,0.8479472999999995,0.8470270000000006,0.7704213000000006,0.0766057,0.07658750000000047,10,7,11,578.2344135219425,10,5;6;5;4;4;5;4;6;6;5,paper_multivehicle_v2
Tabu Search,50,10,0.1,99,19.34848780230289,100.0,50,0,1.0372632999999993,1.0363663000000045,0.7711123000000004,0.2652540000000041,0.26522550000000145,10,5,11,566.4002314811714,10,5;4;5;7;5;4;4;6;5;5,paper_multivehicle_v2
Tabu Search,50,10,0.1,100,16.277968849749303,100.0,50,0,0.6122683000000002,0.6110378000000001,0.517426200000001,0.09361159999999913,0.09357740000000092,10,7,11,600.8531755476193,10,6;5;6;6;5;5;5;4;4;4,paper_multivehicle_v2
Tabu Search,50,10,0.25,1,25.139087380193477,100.0,50,0,0.3921287,0.3907075999999996,0.3478287,0.04287889999999961,0.042854099999999784,10,8,11,663.6116573452977,10,6;5;5;7;5;5;5;4;4;4,paper_multivehicle_v2
Tabu Search,50,10,0.25,2,28.2510723088437,100.0,50,0,0.2773393000000002,0.27580859999999996,0.2507094999999999,0.02509910000000004,0.02506879999999989,10,8,11,625.1352923832178,10,6;5;7;7;5;5;4;4;3;4,paper_multivehicle_v2
Tabu Search,50,10,0.25,3,19.880333304611067,100.0,50,0,0.8035143,0.8017252999999993,0.7340181000000001,0.06770719999999919,0.06767629999999958,10,8,11,600.0827484871616,10,7;7;6;5;4;5;4;4;4;4,paper_multivehicle_v2
Tabu Search,50,10,0.25,4,19.88662877497395,100.0,50,0,0.3427188000000001,0.34129039999999966,0.31623279999999987,0.02505759999999979,0.02501909999999996,10,7,11,589.0008283163228,10,5;7;5;5;5;5;5;5;4;4,paper_multivehicle_v2
Tabu Search,50,10,0.25,5,25.847423533729692,100.0,50,0,0.22586869999999992,0.22443169999999957,0.20843459999999991,0.015997099999999653,0.015984499999999624,10,9,11,653.2956698873783,10,7;6;5;6;5;5;5;4;4;3,paper_multivehicle_v2
Tabu Search,50,10,0.25,6,24.520913095951794,100.0,50,0,0.3766381999999999,0.3750173999999995,0.34056739999999985,0.03444999999999965,0.03444999999999965,10,10,11,619.6418562936893,10,6;6;6;5;5;5;5;4;4;4,paper_multivehicle_v2
Tabu Search,50,10,0.25,7,20.481365266137647,100.0,50,0,0.44523329999999994,0.44383190000000017,0.40785230000000006,0.03597960000000011,0.035941300000000176,10,7,11,568.5437744847146,10,6;7;6;5;5;4;4;5;4;4,paper_multivehicle_v2
Tabu Search,50,10,0.25,8,22.117833649911393,100.0,50,0,0.2633696000000001,0.26197209999999993,0.23986059999999987,0.02211150000000006,0.022074200000000044,10,7,11,572.5666998022083,10,5;5;5;5;6;7;5;5;3;4,paper_multivehicle_v2
Tabu Search,50,10,0.25,9,21.62529509416586,100.0,50,0,0.41483579999999987,0.41342480000000026,0.3787444999999998,0.03468030000000044,0.03465660000000037,10,8,11,555.0066663703967,10,7;5;6;6;5;4;4;5;4;4,paper_multivehicle_v2
Tabu Search,50,10,0.25,10,22.31266544865781,100.0,50,0,0.5536776000000001,0.5522390999999998,0.5139091999999998,0.03832989999999992,0.03831669999999998,10,9,11,573.407708461347,10,6;7;6;6;4;4;3;5;5;4,paper_multivehicle_v2
Tabu Search,50,10,0.25,11,24.591982774108153,100.0,50,0,0.3152474999999999,0.31342760000000025,0.2597176000000001,0.053710000000000147,0.053710000000000147,10,10,11,638.2163638101389,10,7;6;6;6;7;4;3;4;3;4,paper_multivehicle_v2
Tabu Search,50,10,0.25,12,22.22510336364592,100.0,50,0,0.36121380000000003,0.35994159999999975,0.3281239,0.03181769999999973,0.03181769999999973,10,10,11,626.1145842372969,10,6;6;6;5;5;5;5;5;4;3,paper_multivehicle_v2
Tabu Search,50,10,0.25,13,26.03469797032583,100.0,50,0,0.360992,0.3596817999999997,0.30437439999999993,0.055307399999999785,0.0552946999999997,10,9,11,654.7962400541714,10,7;7;5;6;5;4;5;4;4;3,paper_multivehicle_v2
Tabu Search,50,10,0.25,14,24.961155983722065,100.0,50,0,0.6687259999999999,0.6673983000000003,0.4732668,0.19413150000000035,0.1941065000000004,10,8,11,675.8473717772854,10,6;5;6;6;5;4;5;4;5;4,paper_multivehicle_v2
Tabu Search,50,10,0.25,15,19.78787196938857,100.0,50,0,0.509908,0.5084455999999997,0.45203839999999995,0.05640719999999977,0.05635860000000026,10,6,11,564.3800924389159,10,6;5;5;5;5;5;5;5;4;5,paper_multivehicle_v2
Tabu Search,50,10,0.25,16,22.26597278561113,100.0,50,0,0.5521343000000001,0.5507884999999997,0.41689890000000007,0.1338895999999996,0.1338895999999996,10,10,11,579.1001872641382,10,5;5;7;5;6;6;5;3;4;4,paper_multivehicle_v2
Tabu Search,50,10,0.25,17,18.722179499557434,100.0,50,0,0.4032515000000001,0.40194220000000014,0.3409215000000001,0.06102070000000004,0.061008300000000126,10,9,11,587.8240399607266,10,6;6;5;6;5;5;5;6;3;3,paper_multivehicle_v2
Tabu Search,50,10,0.25,18,24.02154723103524,100.0,50,0,0.9727391999999999,0.9712714999999996,0.6541650000000001,0.3171064999999995,0.3170647999999998,10,7,11,605.8729518204765,10,7;7;5;5;5;5;4;4;3;5,paper_multivehicle_v2
Tabu Search,50,10,0.25,19,21.118244727690076,100.0,50,0,0.7647928000000002,0.7627741000000006,0.6703412000000002,0.09243290000000037,0.09240130000000057,10,8,11,579.6393496566492,10,7;6;5;5;5;5;4;5;4;4,paper_multivehicle_v2
Tabu Search,50,10,0.25,20,24.169336901946775,100.0,50,0,0.4588371000000002,0.45724379999999964,0.34443860000000015,0.1128051999999995,0.11279069999999969,10,9,11,694.8484671675006,10,5;7;6;5;5;5;4;4;4;5,paper_multivehicle_v2
Tabu Search,50,10,0.25,21,24.940701821078534,100.0,50,0,0.3946297999999999,0.3930637000000001,0.34499880000000016,0.048064899999999966,0.048064899999999966,10,10,11,602.6928584299358,10,5;6;6;6;6;6;6;2;3;4,paper_multivehicle_v2
Tabu Search,50,10,0.25,22,21.231562608777697,100.0,50,0,0.3595490000000001,0.35830550000000017,0.3439448999999999,0.014360600000000279,0.014348500000000541,10,9,11,599.8760247578664,10,8;5;5;5;6;4;5;4;3;5,paper_multivehicle_v2
Tabu Search,50,10,0.25,23,24.906494573163503,100.0,50,0,0.4852831999999998,0.48396830000000013,0.4339405999999999,0.05002770000000023,0.05001509999999998,10,9,11,617.9769364031334,10,7;6;6;6;5;4;4;4;4;4,paper_multivehicle_v2
Tabu Search,50,10,0.25,24,21.86009848359361,100.0,50,0,0.5173700999999999,0.5161169000000017,0.4093237999999999,0.10679310000000175,0.10679310000000175,10,10,11,587.6045534372129,10,7;5;6;5;4;4;5;4;5;5,paper_multivehicle_v2
Tabu Search,50,10,0.25,25,21.926794610404293,100.0,50,0,0.5903948000000001,0.5890124999999999,0.4757045,0.11330799999999996,0.1132941999999999,10,9,11,646.0936569763961,10,7;8;5;5;5;4;5;4;3;4,paper_multivehicle_v2
Tabu Search,50,10,0.25,26,20.088050099876376,100.0,50,0,0.6460879999999998,0.6447225999999993,0.6158817999999999,0.028840799999999334,0.028817099999999485,10,8,11,564.2021377400836,10,7;6;6;7;5;4;3;4;5;3,paper_multivehicle_v2
Tabu Search,50,10,0.25,27,23.091375969277383,100.0,50,0,0.529846,0.5282700999999999,0.4175213000000002,0.11074879999999965,0.11073189999999977,10,9,11,621.5189029824949,10,8;5;5;6;5;5;4;4;4;4,paper_multivehicle_v2
Tabu Search,50,10,0.25,28,21.89390071682239,100.0,50,0,0.6735861999999999,0.6719710000000001,0.5337334999999999,0.13823750000000024,0.13820520000000025,10,8,11,589.5803777055316,10,6;7;7;5;5;4;3;5;4;4,paper_multivehicle_v2
Tabu Search,50,10,0.25,29,21.999422308316284,100.0,50,0,0.4972122999999997,0.4954822000000001,0.43618919999999983,0.05929300000000026,0.05924640000000014,10,7,11,609.5020085680759,10,8;5;6;5;5;3;5;5;4;4,paper_multivehicle_v2
Tabu Search,50,10,0.25,30,16.414422399451205,100.0,50,0,0.7761749999999998,0.7745749000000002,0.5782057000000003,0.1963691999999999,0.19629530000000006,10,7,11,553.0804184476854,10,5;6;5;7;4;4;6;4;4;5,paper_multivehicle_v2
Tabu Search,50,10,0.25,31,20.265271763102945,100.0,50,0,0.3695678,0.3683198999999999,0.3474400000000002,0.02087989999999973,0.02085559999999953,10,8,11,567.7097486029917,10,7;6;7;5;5;6;5;2;3;4,paper_multivehicle_v2
Tabu Search,50,10,0.25,32,20.09232165314549,100.0,50,0,0.7453517000000001,0.7440761000000009,0.6358676999999999,0.10820840000000098,0.10818250000000074,10,8,11,578.8838464878615,10,6;6;6;5;5;6;5;4;3;4,paper_multivehicle_v2
Tabu Search,50,10,0.25,33,22.819371864589847,100.0,50,0,0.6225472999999999,0.6211523999999997,0.4886208000000001,0.13253159999999964,0.13249499999999959,10,7,11,663.1033116656056,10,5;5;6;6;5;5;5;5;4;4,paper_multivehicle_v2
Tabu Search,50,10,0.25,34,21.19799356543319,100.0,50,0,0.37824579999999974,0.3768866000000002,0.33843210000000035,0.038454499999999836,0.03841850000000013,10,8,11,619.5532383681881,10,6;6;6;5;6;5;4;4;4;4,paper_multivehicle_v2
Tabu Search,50,10,0.25,35,17.260623722311564,100.0,50,0,0.3892462000000001,0.38752940000000047,0.3734497000000001,0.014079700000000361,0.014064600000000205,10,9,11,569.1404463080115,10,6;7;7;5;4;5;4;4;4;4,paper_multivehicle_v2
Tabu Search,50,10,0.25,36,20.253585812376773,100.0,50,0,0.6008963,0.5995985000000004,0.5197901000000003,0.07980840000000011,0.0797715000000001,10,7,11,574.0212741883453,10,8;6;6;4;4;5;4;5;4;4,paper_multivehicle_v2
Tabu Search,50,10,0.25,37,19.77627729900698,100.0,50,0,1.0607609999999998,1.0599177000000015,0.8602237000000001,0.19969400000000137,0.1996607000000008,10,5,11,550.0,10,6;5;6;4;5;5;5;5;5;4,paper_multivehicle_v2
Tabu Search,50,10,0.25,38,21.364523070343097,100.0,50,0,0.4843404000000002,0.4812468999999999,0.37462950000000017,0.10661739999999975,0.10659349999999979,10,8,11,622.0354424500135,10,7;5;4;4;5;6;5;5;4;5,paper_multivehicle_v2
Tabu Search,50,10,0.25,39,19.134019710317563,100.0,50,0,0.24753689999999962,0.2459238999999993,0.21645889999999968,0.02946499999999963,0.029428100000000068,10,8,11,652.0582984806853,10,6;6;7;7;6;4;4;3;3;4,paper_multivehicle_v2
Tabu Search,50,10,0.25,40,21.343624176084933,100.0,50,0,0.6530227000000002,0.6516962000000004,0.48931710000000006,0.16237910000000033,0.16236650000000052,10,9,11,562.8009661779378,10,7;6;5;5;6;5;5;5;4;2,paper_multivehicle_v2
Tabu Search,50,10,0.25,41,22.215584649727898,100.0,50,0,0.5032710999999996,0.5019761000000003,0.45662119999999984,0.04535490000000042,0.04533150000000008,10,8,11,632.4249599913519,10,7;6;5;5;5;5;3;5;4;5,paper_multivehicle_v2
Tabu Search,50,10,0.25,42,20.751228870618338,100.0,50,0,0.35726710000000006,0.355719699999999,0.34238610000000014,0.013333599999998835,0.013317899999998772,10,9,11,553.3233896470451,10,7;7;5;6;5;4;4;5;4;3,paper_multivehicle_v2
Tabu Search,50,10,0.25,43,24.8528338897678,100.0,50,0,0.19580650000000022,0.19452089999999966,0.17915979999999987,0.015361099999999794,0.015347499999999847,10,9,11,660.024324057609,10,8;6;6;5;5;4;4;4;4;4,paper_multivehicle_v2
Tabu Search,50,10,0.25,44,22.596388234678283,100.0,50,0,0.5660224999999999,0.5648516000000003,0.5199215000000001,0.044930100000000195,0.04489410000000005,10,7,11,649.5056512403803,10,7;7;4;4;5;4;4;5;5;5,paper_multivehicle_v2
Tabu Search,50,10,0.25,45,22.107456552177247,100.0,50,0,0.5942514000000001,0.5926734000000007,0.5011022999999999,0.0915711000000008,0.09155660000000099,10,9,11,589.3944515110966,10,6;6;7;6;4;5;5;3;4;4,paper_multivehicle_v2
Tabu Search,50,10,0.25,46,20.329023720962486,100.0,50,0,0.6716967999999999,0.6709175999999992,0.6283411000000001,0.04257649999999913,0.04256199999999932,10,8,11,581.0146505524636,10,8;6;6;4;4;4;6;5;4;3,paper_multivehicle_v2
Tabu Search,50,10,0.25,47,19.847665484626873,100.0,50,0,0.37654699999999997,0.37532560000000004,0.3048835000000003,0.07044209999999973,0.07041649999999944,10,8,11,638.7356222677557,10,7;5;6;5;4;5;6;4;4;4,paper_multivehicle_v2
Tabu Search,50,10,0.25,48,23.108569482438998,100.0,50,0,0.6204589999999999,0.6196665000000006,0.5233255000000003,0.09634100000000023,0.09631440000000024,10,6,11,576.5567936713793,10,7;5;6;5;5;4;4;5;5;4,paper_multivehicle_v2
Tabu Search,50,10,0.25,49,25.24835112895281,100.0,50,0,0.22114879999999992,0.21962830000000055,0.18922220000000012,0.030406100000000436,0.030406100000000436,10,10,11,602.5907220202837,10,7;7;6;6;5;4;4;4;4;3,paper_multivehicle_v2
Tabu Search,50,10,0.25,50,25.39712643264346,100.0,50,0,0.2801134000000003,0.2791654999999995,0.2217864999999999,0.057378999999999625,0.05737169999999958,10,9,11,633.042762731425,10,7;6;6;5;5;5;4;4;4;4,paper_multivehicle_v2
Tabu Search,50,10,0.25,51,25.14649896804448,100.0,50,0,0.44044760000000016,0.43934629999999997,0.37674960000000013,0.06259669999999984,0.0625545999999999,10,9,11,616.9580968693854,10,7;8;5;5;5;3;4;4;5;4,paper_multivehicle_v2
Tabu Search,50,10,0.25,52,24.161559219004555,100.0,50,0,0.38460209999999995,0.3833776000000011,0.3360246,0.04735300000000109,0.04733040000000077,10,8,11,653.4126911260477,10,7;6;6;5;4;4;5;4;4;5,paper_multivehicle_v2
Tabu Search,50,10,0.25,53,21.5101484118318,100.0,50,0,0.47234849999999984,0.4715550000000017,0.42391179999999995,0.04764320000000177,0.04763030000000157,10,8,11,648.8233366162981,10,7;4;5;5;5;5;4;5;5;5,paper_multivehicle_v2
Tabu Search,50,10,0.25,54,17.112959956869737,100.0,50,0,0.5833973000000001,0.5819873000000002,0.5248849999999998,0.05710230000000038,0.05706700000000042,10,7,11,585.6002028395479,10,6;7;7;4;4;4;4;4;5;5,paper_multivehicle_v2
Tabu Search,50,10,0.25,55,25.706799774457576,100.0,50,0,0.5233583999999998,0.5220589999999987,0.4687709,0.05328809999999873,0.05327319999999869,10,9,11,665.0913588627164,10,5;7;5;5;5;6;4;4;5;4,paper_multivehicle_v2
Tabu Search,50,10,0.25,56,22.207589291048883,100.0,50,0,0.38601379999999974,0.3848359000000001,0.3552542999999999,0.029581600000000208,0.029552599999999707,10,8,11,613.5058298122533,10,7;5;7;6;5;5;3;5;4;3,paper_multivehicle_v2
Tabu Search,50,10,0.25,57,26.5417640052249,100.0,50,0,0.22439160000000014,0.2235327000000007,0.21072289999999994,0.01280980000000076,0.01280980000000076,10,10,11,637.8497670240796,10,8;8;5;7;5;4;4;3;4;2,paper_multivehicle_v2
Tabu Search,50,10,0.25,58,24.275395526819732,100.0,50,0,0.43699520000000014,0.43572599999999984,0.36122790000000027,0.07449809999999957,0.07448119999999969,10,8,11,605.8112724680466,10,7;6;5;5;5;4;4;5;5;4,paper_multivehicle_v2
Tabu Search,50,10,0.25,59,21.377175206624052,100.0,50,0,0.42443030000000004,0.4231399999999996,0.3478954999999999,0.07524449999999971,0.07523239999999998,10,9,11,582.9028668210949,10,8;7;5;6;4;4;3;4;4;5,paper_multivehicle_v2
Tabu Search,50,10,0.25,60,20.281988537391896,100.0,50,0,0.4015120999999997,0.3997263999999996,0.2987586000000002,0.10096779999999939,0.10095519999999958,10,9,11,559.0569415042095,10,5;7;6;4;6;5;5;5;3;4,paper_multivehicle_v2
Tabu Search,50,10,0.25,61,24.047474412323737,100.0,50,0,0.6265888999999998,0.6249988999999996,0.46713239999999967,0.1578664999999999,0.1578337000000003,10,8,11,631.6281089484662,10,6;5;5;6;5;6;4;5;5;3,paper_multivehicle_v2
Tabu Search,50,10,0.25,62,19.168462533657294,100.0,50,0,0.7163910000000002,0.714894399999999,0.5668402999999995,0.14805409999999952,0.1480119999999996,10,7,11,560.5672450722636,10,6;4;6;6;5;4;5;5;4;5,paper_multivehicle_v2
Tabu Search,50,10,0.25,63,22.657194732188312,100.0,50,0,0.4856425999999998,0.48436749999999984,0.4166593999999999,0.06770809999999994,0.0676843000000007,10,8,11,601.1108176348095,10,7;6;4;5;5;4;4;5;6;4,paper_multivehicle_v2
Tabu Search,50,10,0.25,64,23.23717663263413,100.0,50,0,0.34539359999999997,0.3440015999999999,0.2701151999999998,0.07388640000000013,0.07387270000000035,10,9,11,563.0060238777885,10,6;7;5;5;5;4;4;5;4;5,paper_multivehicle_v2
Tabu Search,50,10,0.25,65,25.273558811509936,100.0,50,0,0.4313486000000002,0.4296305000000009,0.3437435999999998,0.0858869000000011,0.08586990000000139,10,9,11,632.7199728436831,10,7;7;8;5;4;4;4;3;4;4,paper_multivehicle_v2
Tabu Search,50,10,0.25,66,24.355625226617022,100.0,50,0,0.4563740000000003,0.4551080000000005,0.38093400000000033,0.07417400000000018,0.07414789999999982,10,8,11,610.9610641046177,10,8;5;6;7;5;4;4;3;4;4,paper_multivehicle_v2
Tabu Search,50,10,0.25,67,21.548708918806113,100.0,50,0,0.7495594000000003,0.7481524999999984,0.5549531999999995,0.19319929999999896,0.1931636999999995,10,7,11,578.812954616285,10,6;8;5;5;5;5;3;4;4;5,paper_multivehicle_v2
Tabu Search,50,10,0.25,68,23.50701072026504,100.0,50,0,0.8008638000000001,0.7990909999999976,0.6007583999999997,0.19833259999999786,0.19831639999999773,10,9,11,581.5600746146512,10,7;5;6;5;5;5;4;4;4;5,paper_multivehicle_v2
Tabu Search,50,10,0.25,69,25.33457683834213,100.0,50,0,0.4228963000000001,0.4193190999999996,0.33438900000000027,0.08493009999999934,0.08493009999999934,10,10,11,639.7236167336375,10,7;7;6;5;5;5;3;4;4;4,paper_multivehicle_v2
Tabu Search,50,10,0.25,70,19.465186867694594,100.0,50,0,0.4845047,0.48312039999999845,0.43215009999999987,0.05097029999999858,0.05095859999999863,10,9,11,584.9565941595876,10,6;6;5;6;5;4;6;4;4;4,paper_multivehicle_v2
Tabu Search,50,10,0.25,71,23.391936177843558,100.0,50,0,0.35029580000000005,0.3490074999999986,0.2965388,0.05246869999999859,0.052456999999998644,10,9,11,604.7523303595069,10,5;7;6;5;5;5;4;4;3;6,paper_multivehicle_v2
Tabu Search,50,10,0.25,72,23.902740859003337,100.0,50,0,0.5331238000000003,0.5314653999999992,0.4065538000000002,0.12491159999999901,0.12488019999999889,10,8,11,632.7411741306686,10,7;6;4;6;5;4;5;4;5;4,paper_multivehicle_v2
Tabu Search,50,10,0.25,73,22.643523657298374,100.0,50,0,0.5072703999999999,0.5056418999999992,0.42983959999999977,0.07580229999999943,0.07576939999999954,10,8,11,579.045444115315,10,6;7;6;7;5;4;4;4;4;3,paper_multivehicle_v2
Tabu Search,50,10,0.25,74,24.36642694899412,100.0,50,0,0.7463489000000001,0.7448637999999983,0.5940848000000001,0.15077899999999822,0.15073909999999824,10,7,11,598.232754035075,10,6;5;6;5;4;4;4;5;5;6,paper_multivehicle_v2
Tabu Search,50,10,0.25,75,20.27022464484527,100.0,50,0,0.4599487,0.4585196000000007,0.3948444000000002,0.06367520000000049,0.06366290000000063,10,9,11,560.8084154033477,10,6;7;5;5;5;6;5;4;4;3,paper_multivehicle_v2
Tabu Search,50,10,0.25,76,20.624006641424156,100.0,50,0,0.7951398999999997,0.7934099999999997,0.6404971000000002,0.15291289999999957,0.15286730000000048,10,7,11,560.212218520622,10,7;5;5;5;6;5;4;4;4;5,paper_multivehicle_v2
Tabu Search,50,10,0.25,77,21.962953779139138,100.0,50,0,0.2638229999999995,0.26201220000000003,0.25150570000000005,0.010506499999999974,0.010490499999999514,10,9,11,643.2257948038323,10,6;8;6;6;5;4;4;4;4;3,paper_multivehicle_v2
Tabu Search,50,10,0.25,78,22.00541599389219,100.0,50,0,0.6328091999999996,0.631157400000002,0.5469880000000007,0.08416940000000128,0.08412160000000046,10,7,11,601.7527004566545,10,7;5;5;5;6;5;6;4;4;3,paper_multivehicle_v2
Tabu Search,50,10,0.25,79,18.534736017134325,100.0,50,0,0.3699873999999994,0.3686990999999997,0.34852039999999995,0.020178699999999772,0.02014289999999974,10,7,11,570.6862723900371,10,6;6;5;5;6;4;5;4;5;4,paper_multivehicle_v2
Tabu Search,50,10,0.25,80,19.06558148448614,100.0,50,0,0.8355512999999997,0.8338554999999994,0.6958850999999999,0.1379703999999995,0.1379368999999997,10,7,11,549.3397432934389,10,6;6;5;5;5;4;6;5;3;5,paper_multivehicle_v2
Tabu Search,50,10,0.25,81,23.78399119384114,100.0,50,0,0.3910133,0.3895577999999995,0.31834129999999927,0.07121650000000024,0.07120429999999978,10,9,11,591.0930094362997,10,7;6;6;5;5;3;5;4;4;5,paper_multivehicle_v2
Tabu Search,50,10,0.25,82,24.295247981730842,100.0,50,0,0.7479680999999996,0.7462254999999995,0.6159286000000002,0.13029689999999938,0.13026739999999926,10,8,11,669.0452708063735,10,7;5;5;5;5;4;4;5;6;4,paper_multivehicle_v2
Tabu Search,50,10,0.25,83,22.333508681303684,100.0,50,0,0.44869449999999933,0.4470837000000012,0.40324640000000045,0.043837300000000745,0.04382020000000075,10,9,11,581.3820448313925,10,6;5;6;4;7;4;4;6;4;4,paper_multivehicle_v2
Tabu Search,50,10,0.25,84,21.08529161184557,100.0,50,0,0.6106647000000001,0.6093913999999989,0.5471406999999999,0.06225069999999899,0.062214299999999056,10,7,11,573.2308961664534,10,7;7;5;5;5;5;5;4;4;3,paper_multivehicle_v2
Tabu Search,50,10,0.25,85,18.9686909869381,100.0,50,0,0.48871610000000043,0.48739370000000193,0.4138356000000005,0.0735581000000014,0.07352070000000044,10,7,11,569.1468808663915,10,6;7;5;6;5;5;4;5;4;3,paper_multivehicle_v2
Tabu Search,50,10,0.25,86,20.733046643828903,100.0,50,0,0.4433147000000002,0.4419802000000015,0.41880510000000015,0.023175100000001336,0.02313000000000187,10,7,11,593.4717902695795,10,6;5;6;5;5;4;6;4;4;5,paper_multivehicle_v2
Tabu Search,50,10,0.25,87,19.8603183794885,100.0,50,0,0.7256843999999996,0.7243072000000002,0.6736849999999999,0.050622200000000284,0.05058279999999993,10,7,11,600.4608076927573,10,6;6;6;5;5;6;3;4;5;4,paper_multivehicle_v2
Tabu Search,50,10,0.25,88,20.498516858577357,100.0,50,0,0.3424509000000002,0.3409601000000011,0.3179406,0.02301950000000108,0.02300760000000146,10,9,11,627.1143998342666,10,6;8;7;6;5;5;3;4;3;3,paper_multivehicle_v2
Tabu Search,50,10,0.25,89,26.99186140782118,100.0,50,0,0.30471639999999933,0.30308310000000116,0.23653870000000055,0.06654440000000061,0.06652290000000072,10,9,11,657.8217370984988,10,8;6;6;6;4;4;5;3;4;4,paper_multivehicle_v2
Tabu Search,50,10,0.25,90,22.493084411594403,100.0,50,0,0.6153668999999997,0.6138063999999988,0.5254481000000002,0.08835829999999856,0.08835829999999856,10,10,11,567.8596032642107,10,7;7;6;5;4;4;4;5;4;4,paper_multivehicle_v2
Tabu Search,50,10,0.25,91,18.091585650851414,100.0,50,0,0.6199131000000007,0.6188081000000025,0.5467595999999997,0.07204850000000285,0.07200060000000175,10,6,11,618.9464214739336,10,7;7;5;5;3;5;5;4;5;4,paper_multivehicle_v2
Tabu Search,50,10,0.25,92,28.036878163832988,100.0,50,0,0.5347878000000001,0.5334972000000011,0.3938784000000002,0.13961880000000093,0.13961190000000112,10,9,11,602.7820036763559,10,6;7;5;5;5;4;4;5;3;6,paper_multivehicle_v2
Tabu Search,50,10,0.25,93,20.961037656678393,100.0,50,0,0.6201174999999992,0.6187687999999998,0.5145492999999997,0.10421950000000013,0.10420680000000004,10,9,11,569.0994095581334,10,7;6;6;5;4;5;5;4;4;4,paper_multivehicle_v2
Tabu Search,50,10,0.25,94,22.416089855746385,100.0,50,0,0.39145629999999976,0.3901395999999995,0.3461748,0.04396479999999947,0.04392109999999949,10,7,11,594.2350194956798,10,8;6;6;5;4;5;4;4;4;4,paper_multivehicle_v2
Tabu Search,50,10,0.25,95,25.667373088992356,100.0,50,0,0.5589218000000002,0.5575568999999998,0.44293289999999974,0.11462400000000006,0.11461100000000002,10,9,11,719.0696222378349,10,7;7;6;4;4;4;4;5;3;6,paper_multivehicle_v2
Tabu Search,50,10,0.25,96,24.6376275167957,100.0,50,0,0.5405604999999998,0.5390041000000005,0.40597930000000026,0.13302480000000028,0.13301790000000047,10,9,11,637.8935480770269,10,7;8;5;6;5;5;5;3;3;3,paper_multivehicle_v2
Tabu Search,50,10,0.25,97,21.976596838500384,100.0,50,0,0.18592030000000026,0.18465700000000052,0.16275690000000065,0.021900099999999867,0.021889199999999498,10,9,11,596.4044332039191,10,6;6;5;5;6;5;5;4;4;4,paper_multivehicle_v2
Tabu Search,50,10,0.25,98,25.72752994305374,100.0,50,0,0.14136150000000036,0.14004119999999887,0.12446039999999936,0.015580799999999506,0.015580799999999506,10,10,11,640.1831962622753,10,8;5;7;7;4;4;5;3;4;3,paper_multivehicle_v2
Tabu Search,50,10,0.25,99,22.65299564563304,100.0,50,0,0.41152309999999925,0.4107580000000013,0.3750553999999999,0.03570260000000136,0.0356866000000009,10,8,11,595.0092327229336,10,7;5;5;6;5;6;4;4;4;4,paper_multivehicle_v2
Tabu Search,50,10,0.25,100,23.445199206580554,100.0,50,0,0.3689567,0.367980199999999,0.3145572000000003,0.053422999999998666,0.05341629999999853,10,9,11,638.3839361447496,10,6;6;5;5;6;5;5;4;3;5,paper_multivehicle_v2
Tabu Search,50,10,0.5,1,28.50314121700225,100.0,50,0,0.02747070000000007,0.025942799999999933,0.022567100000000062,0.0033756999999998705,0.0033756999999998705,10,10,11,650.7855540421928,10,6;8;5;6;5;5;4;5;3;3,paper_multivehicle_v2
Tabu Search,50,10,0.5,2,26.244705385701444,100.0,50,0,0.07846920000000002,0.07674859999999972,0.06889509999999999,0.007853499999999736,0.007853499999999736,10,10,11,660.6546388873761,10,8;7;7;5;4;4;4;4;3;4,paper_multivehicle_v2
Tabu Search,50,10,0.5,3,27.289310447211555,100.0,50,0,0.010665900000000006,0.009241299999999786,0.005405199999999999,0.003836099999999787,0.003836099999999787,10,10,11,656.6372934279702,10,7;7;6;5;5;5;5;5;3;2,paper_multivehicle_v2
Tabu Search,50,10,0.5,4,21.146497480203937,100.0,50,0,0.054702200000000145,0.0532682999999996,0.05014940000000001,0.0031188999999995914,0.0031188999999995914,10,10,11,591.9661524392282,10,7;7;7;5;5;4;5;4;3;3,paper_multivehicle_v2
Tabu Search,50,10,0.5,5,26.974164507641994,100.0,50,0,0.0702391,0.06845519999999983,0.06030559999999996,0.008149599999999868,0.008149599999999868,10,10,11,646.9594537751269,10,8;6;4;6;5;5;5;5;3;3,paper_multivehicle_v2
Tabu Search,50,10,0.5,6,23.158144913026092,100.0,50,0,0.06382390000000004,0.0626114999999996,0.05904510000000007,0.0035663999999995255,0.0035663999999995255,10,10,11,597.3881386638959,10,7;6;7;5;6;5;4;4;3;3,paper_multivehicle_v2
Tabu Search,50,10,0.5,7,25.299159523832273,100.0,50,0,0.06439250000000007,0.06218330000000005,0.05378380000000016,0.008399499999999893,0.008399499999999893,10,10,11,675.5485128819093,10,7;8;6;5;5;5;4;3;4;3,paper_multivehicle_v2
Tabu Search,50,10,0.5,8,22.524095237483852,100.0,50,0,0.03350730000000013,0.031774300000000144,0.026772999999999936,0.005001300000000208,0.0049864000000001685,10,9,11,577.94024344522,10,7;7;5;5;5;4;6;4;4;3,paper_multivehicle_v2
Tabu Search,50,10,0.5,9,26.234495078656675,100.0,50,0,0.01058340000000002,0.009065700000000287,0.0058603000000001515,0.003205400000000136,0.003205400000000136,10,10,11,650.2825727376843,10,7;6;7;7;6;5;4;3;2;3,paper_multivehicle_v2
Tabu Search,50,10,0.5,10,25.936066843473146,100.0,50,0,0.10858299999999987,0.10713610000000018,0.09953069999999986,0.0076054000000003175,0.0076054000000003175,10,10,11,654.9697366077146,10,7;6;7;5;5;6;4;3;3;4,paper_multivehicle_v2
Tabu Search,50,10,0.5,11,26.005389188955625,100.0,50,0,0.0718763,0.07056790000000035,0.04936790000000002,0.02120000000000033,0.02120000000000033,10,10,11,624.6342790772248,10,6;6;6;5;5;4;5;5;5;3,paper_multivehicle_v2
Tabu Search,50,10,0.5,12,23.278402236516065,100.0,50,0,0.053286500000000014,0.05205350000000042,0.04908020000000013,0.0029733000000002896,0.0029733000000002896,10,10,11,575.8081017366653,10,7;6;8;7;6;4;3;3;3;3,paper_multivehicle_v2
Tabu Search,50,10,0.5,13,18.38539388902429,100.0,50,0,0.12425289999999989,0.12261959999999994,0.11615500000000001,0.0064645999999999315,0.006448299999999962,10,9,11,542.1603651914407,10,5;8;6;5;6;5;4;4;3;4,paper_multivehicle_v2
Tabu Search,50,10,0.5,14,24.55157785168937,100.0,50,0,0.10404479999999983,0.1027332999999997,0.08901390000000009,0.013719399999999604,0.013706999999999692,10,9,11,655.0508473866988,10,7;6;6;6;5;4;6;4;3;3,paper_multivehicle_v2
Tabu Search,50,10,0.5,15,23.706635873819337,100.0,50,0,0.06116739999999998,0.059806999999999944,0.05710590000000004,0.002701099999999901,0.002701099999999901,10,10,11,558.7337200174886,10,7;7;7;6;5;6;4;2;3;3,paper_multivehicle_v2
Tabu Search,50,10,0.5,16,29.171763366792497,100.0,50,0,0.006663300000000039,0.005472799999999944,0.0029273999999999134,0.002545400000000031,0.002545400000000031,10,10,11,704.4686165666826,10,7;7;6;6;6;5;4;3;3;3,paper_multivehicle_v2
Tabu Search,50,10,0.5,17,23.374937618955865,100.0,50,0,0.03668530000000003,0.035074499999999675,0.028681900000000038,0.0063925999999996375,0.00637669999999968,10,9,11,630.2930584629831,10,7;6;6;6;5;4;5;4;4;3,paper_multivehicle_v2
Tabu Search,50,10,0.5,18,22.400351137663236,100.0,50,0,0.1335284000000001,0.13166380000000033,0.11036460000000003,0.021299200000000296,0.02127990000000035,10,9,11,626.4937866266336,10,8;6;5;6;5;5;5;3;3;4,paper_multivehicle_v2
Tabu Search,50,10,0.5,19,23.26418444419678,100.0,50,0,0.05998340000000013,0.05867880000000025,0.05527380000000015,0.0034050000000001024,0.0033727999999999536,10,8,11,586.8950488438857,10,7;6;7;6;4;5;4;5;3;3,paper_multivehicle_v2
Tabu Search,50,10,0.5,20,24.38171893676178,100.0,50,0,0.027677699999999916,0.02649860000000004,0.022233699999999912,0.004264900000000127,0.004252700000000109,10,9,11,613.645218986409,10,7;8;6;5;6;4;4;4;3;3,paper_multivehicle_v2
Tabu Search,50,10,0.5,21,22.89588001012826,100.0,50,0,0.2677362000000001,0.2661669000000002,0.2018339,0.0643330000000002,0.0643330000000002,10,10,11,657.1162575925607,10,8;7;7;5;4;4;4;3;4;4,paper_multivehicle_v2
Tabu Search,50,10,0.5,22,22.855431792766357,100.0,50,0,0.05521250000000011,0.053980200000000256,0.05026890000000006,0.003711300000000195,0.003711300000000195,10,10,11,667.167594214551,10,7;6;6;5;5;5;4;4;4;4,paper_multivehicle_v2
Tabu Search,50,10,0.5,23,23.653012798375343,100.0,50,0,0.014125199999999838,0.012253499999999473,0.007600799999999852,0.004652699999999621,0.004652699999999621,10,10,11,614.3343798829542,10,6;5;7;6;5;5;5;4;4;3,paper_multivehicle_v2
Tabu Search,50,10,0.5,24,25.139158234038188,98.0,49,1,0.10497220000000018,0.10360870000000011,0.09974570000000016,0.00386299999999995,0.00386299999999995,10,10,11,607.0850963154926,10,6;5;6;6;4;5;5;4;4;4,paper_multivehicle_v2
Tabu Search,50,10,0.5,25,25.66497597297723,100.0,50,0,0.0614771999999999,0.06026769999999981,0.05348099999999989,0.006786699999999923,0.006774799999999859,10,9,11,622.3946292464661,10,6;7;6;6;5;4;4;3;5;4,paper_multivehicle_v2
Tabu Search,50,10,0.5,26,21.500183077640067,100.0,50,0,0.18818819999999992,0.18671619999999955,0.18036150000000006,0.006354699999999491,0.006329599999999491,10,8,11,593.0432748743658,10,7;6;6;5;6;6;4;3;4;3,paper_multivehicle_v2
Tabu Search,50,10,0.5,27,22.68715268049218,100.0,50,0,0.12313150000000017,0.12192800000000004,0.11761479999999991,0.004313200000000128,0.004313200000000128,10,10,11,592.3090185422785,10,7;7;7;6;6;5;2;4;3;3,paper_multivehicle_v2
Tabu Search,50,10,0.5,28,24.383747568369454,100.0,50,0,0.024782300000000035,0.02358569999999993,0.01968689999999995,0.00389879999999998,0.0038860999999998924,10,9,11,602.0959696566008,10,7;7;6;7;6;4;4;3;3;3,paper_multivehicle_v2
Tabu Search,50,10,0.5,29,23.29080859131623,100.0,50,0,0.05604050000000016,0.054674099999999726,0.04874400000000012,0.005930099999999605,0.005930099999999605,10,10,11,654.5599143440052,10,9;7;6;6;4;5;4;3;3;3,paper_multivehicle_v2
Tabu Search,50,10,0.5,30,26.453468076409955,100.0,50,0,0.1860158999999999,0.1846371999999996,0.17112320000000003,0.013513999999999582,0.013513999999999582,10,10,11,629.3260317357156,10,8;7;4;5;5;6;6;4;3;2,paper_multivehicle_v2
Tabu Search,50,10,0.5,31,26.574150899511693,100.0,50,0,0.09981890000000004,0.09855220000000031,0.07261209999999996,0.025940100000000355,0.025940100000000355,10,10,11,601.8021239792528,10,5;6;6;5;5;5;5;4;5;4,paper_multivehicle_v2
Tabu Search,50,10,0.5,32,23.935591079444155,100.0,50,0,0.10351469999999985,0.10181769999999957,0.09353579999999995,0.00828189999999962,0.00828189999999962,10,10,11,635.6224688937072,10,8;6;6;6;7;4;4;4;3;2,paper_multivehicle_v2
Tabu Search,50,10,0.5,33,23.71727221262611,100.0,50,0,0.28055450000000004,0.27844119999999983,0.2110939999999999,0.06734719999999994,0.06733189999999989,10,9,11,574.0691235209513,10,5;7;6;6;5;5;5;3;4;4,paper_multivehicle_v2
Tabu Search,50,10,0.5,34,28.723665479836242,100.0,50,0,0.008149599999999868,0.006993000000000027,0.0037756999999998264,0.0032173000000002006,0.0032173000000002006,10,10,11,611.7463996491383,10,6;6;7;6;4;6;4;5;3;3,paper_multivehicle_v2
Tabu Search,50,10,0.5,35,23.165806331089318,100.0,50,0,0.052548700000000004,0.05076179999999986,0.04415999999999998,0.00660179999999988,0.00660179999999988,10,10,11,637.0983904085983,10,7;6;6;6;5;5;4;5;3;3,paper_multivehicle_v2
Tabu Search,50,10,0.5,36,22.466592407071612,100.0,50,0,0.09877270000000005,0.09753820000000024,0.09045760000000014,0.0070806000000001035,0.0070806000000001035,10,10,11,591.9472966769665,10,7;5;7;6;6;6;3;3;3;4,paper_multivehicle_v2
Tabu Search,50,10,0.5,37,24.880649602974458,100.0,50,0,0.06582869999999996,0.06415290000000007,0.0580788000000001,0.006074099999999971,0.006074099999999971,10,10,11,618.2975458052858,10,6;6;7;7;6;4;5;3;3;3,paper_multivehicle_v2
Tabu Search,50,10,0.5,38,27.783830020388027,100.0,50,0,0.021445599999999843,0.02028040000000031,0.017868900000000076,0.002411500000000233,0.002411500000000233,10,10,11,646.0591692475958,10,6;6;6;5;5;6;5;4;4;3,paper_multivehicle_v2
Tabu Search,50,10,0.5,39,27.642695081862367,100.0,50,0,0.04593409999999998,0.04430149999999977,0.038534499999999916,0.005766999999999856,0.005766999999999856,10,10,11,620.2435622660674,10,7;5;6;5;6;5;5;4;4;3,paper_multivehicle_v2
Tabu Search,50,10,0.5,40,26.909803778166168,100.0,50,0,0.1617617,0.16051990000000038,0.1515937999999999,0.008926100000000492,0.008926100000000492,10,10,11,614.4348894308139,10,7;4;6;7;5;5;5;5;3;3,paper_multivehicle_v2
Tabu Search,50,10,0.5,41,22.037454306112767,100.0,50,0,0.19993209999999983,0.19861770000000023,0.15869179999999994,0.03992590000000029,0.03990870000000024,10,9,11,631.1816868166252,10,7;6;7;6;5;4;3;4;4;4,paper_multivehicle_v2
Tabu Search,50,10,0.5,42,21.94571588138377,100.0,50,0,0.0577681000000001,0.056545499999999915,0.05180490000000004,0.004740599999999873,0.004740599999999873,10,10,11,645.1476602822736,10,6;4;5;5;6;6;5;6;4;3,paper_multivehicle_v2
Tabu Search,50,10,0.5,43,22.626156692548893,100.0,50,0,0.1507020000000001,0.1494818,0.1445772999999999,0.004904500000000089,0.004892600000000025,10,9,11,605.9258350550716,10,7;6;6;5;5;5;4;4;3;5,paper_multivehicle_v2
Tabu Search,50,10,0.5,44,23.8761737852827,100.0,50,0,0.07455839999999991,0.0731497000000001,0.06808440000000004,0.00506530000000005,0.00506530000000005,10,10,11,607.163046083022,10,8;8;7;5;4;5;4;3;3;3,paper_multivehicle_v2
Tabu Search,50,10,0.5,45,26.380208013864653,100.0,50,0,0.13330620000000004,0.13159949999999965,0.10048769999999996,0.03111179999999969,0.03111179999999969,10,10,11,673.1010063085934,10,7;7;6;6;5;5;3;4;4;3,paper_multivehicle_v2
Tabu Search,50,10,0.5,46,24.693147157170397,100.0,50,0,0.3517557,0.3506468999999999,0.2850215999999999,0.0656253,0.0656064999999999,10,9,11,587.6150547089021,10,8;5;5;5;6;4;4;5;3;5,paper_multivehicle_v2
Tabu Search,50,10,0.5,47,25.91003425693421,100.0,50,0,0.037150000000000016,0.03586770000000006,0.023340099999999975,0.012527600000000083,0.01250119999999999,10,8,11,635.7966832845827,10,7;7;7;5;5;5;4;3;4;3,paper_multivehicle_v2
Tabu Search,50,10,0.5,48,23.96203400725051,100.0,50,0,0.045006199999999996,0.043814999999999715,0.03961859999999984,0.004196399999999878,0.004196399999999878,10,10,11,605.343542854804,10,7;7;6;6;6;5;4;4;3;2,paper_multivehicle_v2
Tabu Search,50,10,0.5,49,26.61883367853653,100.0,50,0,0.035403800000000096,0.034206200000000075,0.028779600000000016,0.005426600000000059,0.005426600000000059,10,10,11,633.887639331637,10,6;6;6;6;4;5;6;5;3;3,paper_multivehicle_v2
Tabu Search,50,10,0.5,50,25.00895685669221,100.0,50,0,0.06338660000000007,0.06143939999999959,0.05481530000000001,0.0066240999999995775,0.0066240999999995775,10,10,11,608.3429105112809,10,6;7;6;6;6;4;4;3;4;4,paper_multivehicle_v2
Tabu Search,50,10,0.5,51,23.812209494313056,100.0,50,0,0.05639620000000001,0.05518950000000067,0.05124609999999996,0.0039434000000007075,0.00393120000000069,10,9,11,592.3604466035642,10,6;5;5;4;6;6;4;4;4;6,paper_multivehicle_v2
Tabu Search,50,10,0.5,52,29.422837479896646,100.0,50,0,0.043702700000000094,0.04252590000000045,0.038062199999999935,0.0044637000000005145,0.0044637000000005145,10,10,11,625.1498576004118,10,7;6;7;6;5;5;5;3;3;3,paper_multivehicle_v2
Tabu Search,50,10,0.5,53,28.044827412769013,100.0,50,0,0.008645400000000025,0.007462899999999495,0.004170900000000088,0.0032919999999994065,0.0032791999999994825,10,9,11,651.5649218140356,10,8;5;6;7;5;5;5;5;2;2,paper_multivehicle_v2
Tabu Search,50,10,0.5,54,31.564801952885112,100.0,50,0,0.05802169999999984,0.05680110000000038,0.0502783,0.006522800000000384,0.006522800000000384,10,10,11,690.2229078639239,10,7;6;6;6;6;5;4;3;4;3,paper_multivehicle_v2
Tabu Search,50,10,0.5,55,25.24517906021797,100.0,50,0,0.05745,0.056269899999999984,0.052898700000000076,0.0033711999999999076,0.0033711999999999076,10,10,11,620.6705054265507,10,7;6;6;5;5;5;5;4;3;4,paper_multivehicle_v2
Tabu Search,50,10,0.5,56,23.27027797349441,100.0,50,0,0.033443200000000006,0.0318879000000003,0.028076599999999896,0.003811300000000406,0.003811300000000406,10,10,11,564.706152185014,10,8;8;6;5;5;5;4;3;4;2,paper_multivehicle_v2
Tabu Search,50,10,0.5,57,25.526984411294254,100.0,50,0,0.06091570000000002,0.0593298999999996,0.05530060000000003,0.004029299999999569,0.004029299999999569,10,10,11,615.4370478709486,10,8;7;5;6;4;4;5;5;3;3,paper_multivehicle_v2
Tabu Search,50,10,0.5,58,26.598510198566036,100.0,50,0,0.1525247999999999,0.15092160000000043,0.14426490000000003,0.006656700000000404,0.006656700000000404,10,10,11,663.848060876833,10,7;8;6;6;5;5;4;3;3;3,paper_multivehicle_v2
Tabu Search,50,10,0.5,59,23.112388738839655,100.0,50,0,0.07948679999999997,0.07829039999999998,0.07481709999999997,0.0034733000000000125,0.003461200000000053,10,9,11,642.9289675253826,10,7;7;6;6;5;5;4;4;3;3,paper_multivehicle_v2
Tabu Search,50,10,0.5,60,23.608429650949674,100.0,50,0,0.08020430000000012,0.07896080000000016,0.07387330000000003,0.005087500000000134,0.005087500000000134,10,10,11,619.7121697472077,10,7;7;6;5;5;5;6;3;3;3,paper_multivehicle_v2
Tabu Search,50,10,0.5,61,22.925614042153647,100.0,50,0,0.06427610000000006,0.06276169999999981,0.057391699999999934,0.005369999999999875,0.005353999999999859,10,9,11,574.0375333167317,10,6;7;6;6;5;5;5;4;3;3,paper_multivehicle_v2
Tabu Search,50,10,0.5,62,25.62696942158768,100.0,50,0,0.12385979999999996,0.1221308000000001,0.10282480000000005,0.019306000000000045,0.019306000000000045,10,10,11,629.329161661681,10,8;6;5;6;5;6;3;4;4;3,paper_multivehicle_v2
Tabu Search,50,10,0.5,63,28.29986821699706,100.0,50,0,0.054673000000000194,0.05350279999999974,0.04979599999999995,0.003706799999999788,0.0036943999999998756,10,9,11,653.5587630891275,10,8;6;6;6;5;4;4;4;4;3,paper_multivehicle_v2
Tabu Search,50,10,0.5,64,24.328997225478457,100.0,50,0,0.14277150000000005,0.14147790000000016,0.13664769999999993,0.004830200000000229,0.004830200000000229,10,10,11,585.3121545888781,10,7;7;6;6;5;5;5;2;3;4,paper_multivehicle_v2
Tabu Search,50,10,0.5,65,28.298545373603424,100.0,50,0,0.008268699999999907,0.005981199999999687,0.002523800000000076,0.003457399999999611,0.003457399999999611,10,10,11,640.0732736555904,10,8;6;6;5;5;7;4;3;3;3,paper_multivehicle_v2
Tabu Search,50,10,0.5,66,29.283657247182106,100.0,50,0,0.025580999999999854,0.02384029999999937,0.01864079999999979,0.0051994999999995795,0.0051994999999995795,10,10,11,630.4862537912684,10,7;6;6;5;6;6;4;3;3;4,paper_multivehicle_v2
Tabu Search,50,10,0.5,67,26.19779367699238,100.0,50,0,0.11968810000000007,0.11846180000000017,0.10601640000000012,0.01244540000000005,0.012432699999999963,10,9,11,601.9843151737289,10,6;7;6;5;6;5;5;4;3;3,paper_multivehicle_v2
Tabu Search,50,10,0.5,68,23.329922024154037,100.0,50,0,0.14779070000000005,0.14645470000000027,0.13468729999999995,0.011767400000000316,0.01174110000000006,10,8,11,613.1275382872042,10,6;6;6;5;5;5;5;5;3;4,paper_multivehicle_v2
Tabu Search,50,10,0.5,69,22.49050389313006,100.0,50,0,0.19426279999999996,0.1928590000000001,0.1813864999999999,0.011472500000000219,0.011443000000000314,10,8,11,594.3136853982223,10,5;6;5;5;6;5;5;5;4;4,paper_multivehicle_v2
Tabu Search,50,10,0.5,70,24.524722596340435,100.0,50,0,0.09026369999999995,0.08902089999999974,0.080395,0.008625899999999742,0.008625899999999742,10,10,11,626.9721725035583,10,8;6;6;5;6;6;3;3;4;3,paper_multivehicle_v2
Tabu Search,50,10,0.5,71,23.263304790086288,100.0,50,0,0.1712556999999999,0.17015170000000013,0.16290080000000007,0.00725090000000006,0.007238800000000101,10,9,11,659.7666332787436,10,6;6;7;6;5;5;4;3;4;4,paper_multivehicle_v2
Tabu Search,50,10,0.5,72,24.261697028407784,100.0,50,0,0.06029059999999986,0.058852399999999916,0.051464900000000036,0.00738749999999988,0.007373499999999922,10,9,11,600.5911729063456,10,7;6;5;6;6;5;5;3;4;3,paper_multivehicle_v2
Tabu Search,50,10,0.5,73,24.45407464316603,100.0,50,0,0.12157280000000004,0.12085720000000011,0.10917759999999999,0.011679600000000123,0.011666000000000176,10,8,11,639.8930269746952,10,6;5;6;7;6;6;4;3;4;3,paper_multivehicle_v2
Tabu Search,50,10,0.5,74,24.54881589633302,100.0,50,0,0.05229559999999989,0.05110910000000013,0.04684889999999986,0.004260200000000269,0.004260200000000269,10,10,11,591.8757741863373,10,6;5;5;6;5;5;6;5;4;3,paper_multivehicle_v2
Tabu Search,50,10,0.5,75,24.17072052366223,100.0,50,0,0.009537399999999918,0.008379200000000253,0.005072100000000024,0.0033071000000002293,0.0032944000000001417,10,9,11,684.377599116957,10,7;7;6;6;5;5;4;4;3;3,paper_multivehicle_v2
Tabu Search,50,10,0.5,76,24.600460900013097,100.0,50,0,0.05034229999999984,0.04961839999999973,0.04733199999999993,0.0022863999999997997,0.0022863999999997997,10,10,11,559.3656923677988,10,7;5;6;5;6;5;5;4;3;4,paper_multivehicle_v2
Tabu Search,50,10,0.5,77,27.250554836586442,100.0,50,0,0.1240249,0.1228855000000002,0.0897387999999999,0.033146700000000306,0.033121500000000026,10,8,11,634.5955263939259,10,7;5;6;5;6;6;5;4;3;3,paper_multivehicle_v2
Tabu Search,50,10,0.5,78,22.095064828627518,100.0,50,0,0.03964839999999992,0.03867920000000025,0.03624700000000014,0.0024322000000001065,0.0024322000000001065,10,10,11,614.3883857649129,10,7;7;5;7;7;5;4;4;2;2,paper_multivehicle_v2
Tabu Search,50,10,0.5,79,25.56580201765264,100.0,50,0,0.12888860000000002,0.1277276000000005,0.10952000000000006,0.018207600000000435,0.018195400000000417,10,9,11,583.7545179739177,10,7;5;5;5;6;5;5;4;5;3,paper_multivehicle_v2
Tabu Search,50,10,0.5,80,25.76128201725656,100.0,50,0,0.09311279999999988,0.09159109999999981,0.08684259999999999,0.004748499999999822,0.004748499999999822,10,10,11,636.9994589389115,10,7;7;6;6;5;4;4;4;4;3,paper_multivehicle_v2
Tabu Search,50,10,0.5,81,29.90094130751259,100.0,50,0,0.0483283000000001,0.047274499999999886,0.04267550000000009,0.004598999999999798,0.004598999999999798,10,10,11,685.7899159554468,10,5;7;7;5;6;5;4;4;4;3,paper_multivehicle_v2
Tabu Search,50,10,0.5,82,27.227509157366626,100.0,50,0,0.07966099999999998,0.07833950000000045,0.0737808000000002,0.004558700000000249,0.004558700000000249,10,10,11,640.6306222371173,10,6;5;7;5;6;5;5;4;3;4,paper_multivehicle_v2
Tabu Search,50,10,0.5,83,21.72635460298582,100.0,50,0,0.004437899999999884,0.0038111999999999036,0.002604300000000004,0.0012068999999998997,0.0012068999999998997,10,10,11,618.6007594131298,10,7;6;5;7;6;5;3;4;4;3,paper_multivehicle_v2
Tabu Search,50,10,0.5,84,28.45894848428302,100.0,50,0,0.008933900000000161,0.008301199999999342,0.0066013999999998685,0.001699799999999474,0.001699799999999474,10,10,11,673.7784066584059,10,7;7;6;5;4;5;6;5;2;3,paper_multivehicle_v2
Tabu Search,50,10,0.5,85,24.27937872012402,100.0,50,0,0.003997800000000051,0.003386299999999842,0.0021176000000000528,0.0012686999999997894,0.0012686999999997894,10,10,11,572.1857348677408,10,6;7;6;6;5;5;5;4;4;2,paper_multivehicle_v2
Tabu Search,50,10,0.5,86,28.71589224500758,100.0,50,0,0.020193499999999975,0.0191828000000005,0.0161960000000001,0.0029868000000004002,0.0029749000000003356,10,9,11,659.3646852614734,10,6;7;6;4;5;4;5;5;5;3,paper_multivehicle_v2
Tabu Search,50,10,0.5,87,27.213798673903263,100.0,50,0,0.05651870000000003,0.05575450000000037,0.0453958000000001,0.010358700000000276,0.010358700000000276,10,10,11,683.1270526555592,10,6;6;7;5;4;6;4;4;4;4,paper_multivehicle_v2
Tabu Search,50,10,0.5,88,22.53858151412497,100.0,50,0,0.04014780000000018,0.03897750000000033,0.033823099999999995,0.0051544000000003365,0.0051544000000003365,10,10,11,612.684503147465,10,6;6;6;6;6;6;4;3;4;3,paper_multivehicle_v2
Tabu Search,50,10,0.5,89,23.668193054952937,100.0,50,0,0.04781039999999992,0.04667550000000009,0.04288959999999986,0.0037859000000002307,0.0037733000000002015,10,9,11,603.2981479928925,10,7;6;5;6;6;5;5;3;3;4,paper_multivehicle_v2
Tabu Search,50,10,0.5,90,23.477177313320908,100.0,50,0,0.12747360000000008,0.1266733,0.08978869999999994,0.036884600000000045,0.03687829999999992,10,9,11,583.4076852325766,10,6;6;5;6;4;4;4;4;6;5,paper_multivehicle_v2
Tabu Search,50,10,0.5,91,21.597582070731207,100.0,50,0,0.07461099999999998,0.07323099999999982,0.06866850000000002,0.004562499999999803,0.004562499999999803,10,10,11,622.4979286516112,10,7;5;6;6;5;5;4;4;4;4,paper_multivehicle_v2
Tabu Search,50,10,0.5,92,25.184536370664514,100.0,50,0,0.06937520000000008,0.06869919999999996,0.06619939999999991,0.002499800000000052,0.002499800000000052,10,10,11,601.5084415200937,10,7;6;6;6;5;5;4;4;4;3,paper_multivehicle_v2
Tabu Search,50,10,0.5,93,27.314303570085794,100.0,50,0,0.029957199999999906,0.029085199999999922,0.027141799999999883,0.0019434000000000395,0.0019434000000000395,10,10,11,652.2662334114586,10,7;6;7;5;5;4;4;4;4;4,paper_multivehicle_v2
Tabu Search,50,10,0.5,94,25.18293313193133,100.0,50,0,0.05786319999999989,0.057159599999999866,0.053886199999999995,0.003273399999999871,0.003273399999999871,10,10,11,585.0997912686404,10,6;7;6;6;6;4;5;3;3;4,paper_multivehicle_v2
Tabu Search,50,10,0.5,95,23.949185496355017,100.0,50,0,0.022831500000000116,0.022128800000000837,0.02043970000000006,0.001689100000000776,0.0016818000000007327,10,9,11,598.2490571731017,10,6;6;6;5;6;6;5;4;3;3,paper_multivehicle_v2
Tabu Search,50,10,0.5,96,25.3501912579244,100.0,50,0,0.02576730000000005,0.025043200000000265,0.022960699999999834,0.0020825000000004312,0.002075200000000388,10,9,11,608.188249399258,10,6;6;5;6;6;4;5;3;5;4,paper_multivehicle_v2
Tabu Search,50,10,0.5,97,27.794150862620086,100.0,50,0,0.03370139999999999,0.03256970000000026,0.027598900000000093,0.004970800000000164,0.004970800000000164,10,10,11,652.777566338745,10,7;5;6;5;5;6;5;5;3;3,paper_multivehicle_v2
Tabu Search,50,10,0.5,98,25.35864780402682,100.0,50,0,0.12420809999999993,0.1234725000000001,0.11794649999999995,0.005526000000000142,0.00551590000000024,10,9,11,593.4259681119023,10,6;6;4;6;6;6;4;4;4;4,paper_multivehicle_v2
Tabu Search,50,10,0.5,99,22.573450638338176,100.0,50,0,0.022515199999999957,0.02184789999999981,0.019985799999999943,0.0018620999999998666,0.0018529999999998825,10,9,11,662.0868297569918,10,6;6;6;5;6;6;6;3;3;3,paper_multivehicle_v2
Tabu Search,50,10,0.5,100,26.77694180348791,100.0,50,0,0.038336499999999996,0.03762910000000019,0.03574349999999993,0.0018856000000002648,0.0018856000000002648,10,10,11,647.8649630368302,10,7;5;8;6;5;3;4;4;5;3,paper_multivehicle_v2
Tabu Search,50,10,0.75,1,27.104372881396337,98.0,49,1,0.006982400000000055,0.004850700000000208,0.0012545000000001583,0.0035962000000000494,0.0035962000000000494,10,10,11,657.1283914552946,10,6;6;7;6;5;6;4;3;3;3,paper_multivehicle_v2
Tabu Search,50,10,0.75,2,25.49582916699903,100.0,50,0,0.006780699999999973,0.005385000000000195,0.0018960999999999562,0.003488900000000239,0.003488900000000239,10,10,11,644.4649504369717,10,8;6;7;6;5;5;5;4;3;1,paper_multivehicle_v2
Tabu Search,50,10,0.75,3,26.069055622575533,100.0,50,0,0.009548500000000182,0.006880499999999845,0.004607100000000086,0.002273399999999759,0.002273399999999759,10,10,11,607.6802216990743,10,7;6;6;6;5;5;6;4;3;2,paper_multivehicle_v2
Tabu Search,50,10,0.75,4,24.516165559662046,100.0,50,0,0.004721200000000092,0.0035188999999999915,0.0005754000000000037,0.002943499999999988,0.002943499999999988,10,10,11,600.0380630018662,10,7;6;8;6;6;6;4;2;3;2,paper_multivehicle_v2
Tabu Search,50,10,0.75,5,23.814952938945723,100.0,50,0,0.0074729000000000045,0.006222799999999751,0.0032623000000000513,0.0029604999999996995,0.0029604999999996995,10,10,11,595.2478487638276,10,7;6;6;6;6;4;4;3;4;4,paper_multivehicle_v2
Tabu Search,50,10,0.75,6,23.58899054680242,100.0,50,0,0.0055267000000001065,0.003911100000000056,0.0010019999999999474,0.002909100000000109,0.002909100000000109,10,10,11,609.1855106545198,10,9;7;8;7;6;4;4;3;1;1,paper_multivehicle_v2
Tabu Search,50,10,0.75,7,21.038739363330773,100.0,50,0,0.006752000000000091,0.005090000000000261,0.0025264000000000397,0.0025636000000002213,0.0025636000000002213,10,10,11,621.7905457970011,10,7;7;8;7;5;5;4;2;3;2,paper_multivehicle_v2
Tabu Search,50,10,0.75,8,28.488387687633793,100.0,50,0,0.006631600000000182,0.004989799999999267,0.001129900000000017,0.00385989999999925,0.00385989999999925,10,10,11,645.9101470863134,10,7;6;7;6;6;6;5;4;2;1,paper_multivehicle_v2
Tabu Search,50,10,0.75,9,25.412783984973466,100.0,50,0,0.004484500000000002,0.00336069999999955,0.0006496000000000279,0.0027110999999995222,0.0027110999999995222,10,10,11,625.531646600077,10,7;6;7;6;6;5;4;4;3;2,paper_multivehicle_v2
Tabu Search,50,10,0.75,10,25.522233953464827,100.0,50,0,0.008827799999999941,0.007300699999999827,0.004223499999999936,0.003077199999999891,0.003077199999999891,10,10,11,636.2088452827264,10,8;7;6;6;5;5;4;3;3;3,paper_multivehicle_v2
Tabu Search,50,10,0.75,11,23.582091470606542,100.0,50,0,0.012260399999999949,0.008702200000000104,0.0022420000000000773,0.006460200000000027,0.006460200000000027,10,10,11,617.2287598064192,10,8;7;6;6;5;4;5;4;3;2,paper_multivehicle_v2
Tabu Search,50,10,0.75,12,28.294941599622575,100.0,50,0,0.005651799999999874,0.004423900000000147,0.001759000000000066,0.002664900000000081,0.002664900000000081,10,10,11,683.5872056312975,10,5;7;6;6;6;5;5;5;3;2,paper_multivehicle_v2
Tabu Search,50,10,0.75,13,25.15385421871606,100.0,50,0,0.008021000000000056,0.006611200000000261,0.004068900000000042,0.0025423000000002194,0.0025423000000002194,10,10,11,611.4809221227014,10,7;6;6;6;6;6;5;3;3;2,paper_multivehicle_v2
Tabu Search,50,10,0.75,14,26.286981585131276,98.0,49,1,0.007281000000000093,0.005681499999999895,0.002399799999999841,0.003281700000000054,0.003281700000000054,10,10,11,604.429273651524,10,6;7;6;6;5;5;5;4;3;2,paper_multivehicle_v2
Tabu Search,50,10,0.75,15,21.356789452702998,100.0,50,0,0.005349599999999954,0.00415790000000027,0.0008917999999999981,0.0032661000000002716,0.0032661000000002716,10,10,11,639.0715074000877,10,6;8;6;7;5;5;5;5;2;1,paper_multivehicle_v2
Tabu Search,50,10,0.75,16,28.086721885744854,100.0,50,0,0.014712999999999976,0.013219199999999764,0.009887999999999897,0.0033311999999998676,0.0033311999999998676,10,10,11,611.788060601049,10,6;7;6;5;4;6;4;4;5;3,paper_multivehicle_v2
Tabu Search,50,10,0.75,17,24.355477482371256,98.0,49,1,0.006300399999999984,0.004508899999999816,0.0009383999999998949,0.003570499999999921,0.003570499999999921,10,10,11,662.7240096853468,10,8;6;6;7;6;5;5;2;2;2,paper_multivehicle_v2
Tabu Search,50,10,0.75,18,22.325156461366394,100.0,50,0,0.00449720000000009,0.003309900000000532,0.0005204999999999238,0.002789400000000608,0.002789400000000608,10,10,11,594.8828036752044,10,7;7;7;5;5;5;5;3;4;2,paper_multivehicle_v2
Tabu Search,50,10,0.75,19,31.145021144719898,100.0,50,0,0.00991249999999999,0.007886000000000282,0.004336600000000024,0.003549400000000258,0.003549400000000258,10,10,11,670.0416121154703,10,4;7;6;5;5;5;5;6;5;2,paper_multivehicle_v2
Tabu Search,50,10,0.75,20,29.531658903000746,100.0,50,0,0.009589099999999906,0.007434900000000022,0.004088199999999986,0.0033467000000000358,0.0033467000000000358,10,10,11,647.310696308984,10,5;5;6;5;6;7;5;4;4;3,paper_multivehicle_v2
Tabu Search,50,10,0.75,21,25.051095942718387,100.0,50,0,0.007807200000000014,0.0063213999999998105,0.0034376000000000406,0.00288379999999977,0.00288379999999977,10,10,11,636.2011080247388,10,7;7;5;6;7;6;4;4;2;2,paper_multivehicle_v2
Tabu Search,50,10,0.75,22,29.581045426238003,100.0,50,0,0.008682599999999985,0.006348699999999763,0.0024518999999998403,0.0038967999999999225,0.0038967999999999225,10,10,11,635.2185177304187,10,6;7;5;6;6;5;5;4;3;3,paper_multivehicle_v2
Tabu Search,50,10,0.75,23,29.06784760133195,100.0,50,0,0.004804099999999867,0.003689400000000287,0.0007913999999999977,0.0028980000000002892,0.0028980000000002892,10,10,11,656.012174867481,10,7;7;7;7;5;5;4;3;3;2,paper_multivehicle_v2
Tabu Search,50,10,0.75,24,25.60631463782021,100.0,50,0,0.006599999999999939,0.0051568000000004055,0.0025328000000000017,0.002624000000000404,0.002624000000000404,10,10,11,610.7088093488645,10,6;6;6;6;6;5;5;4;3;3,paper_multivehicle_v2
Tabu Search,50,10,0.75,25,22.69110994458695,100.0,50,0,0.006076900000000052,0.004234000000000515,0.0009495999999999949,0.0032844000000005202,0.0032844000000005202,10,10,11,604.1645545763411,10,7;6;6;6;4;6;4;4;4;3,paper_multivehicle_v2
Tabu Search,50,10,0.75,26,29.83046706250692,100.0,50,0,0.018829800000000008,0.013307499999999584,0.003785200000000044,0.00952229999999954,0.00952229999999954,10,10,11,650.240615086627,10,7;7;5;6;7;6;3;4;3;2,paper_multivehicle_v2
Tabu Search,50,10,0.75,27,27.22904629050187,100.0,50,0,0.01222919999999994,0.010158199999999784,0.0059162999999999855,0.004241899999999799,0.004241899999999799,10,10,11,640.3695764164208,10,6;7;7;6;6;5;6;3;2;2,paper_multivehicle_v2
Tabu Search,50,10,0.75,28,30.76751463506015,98.0,49,1,0.004853999999999914,0.003605199999999531,0.000806699999999827,0.002798499999999704,0.002798499999999704,10,10,11,607.5699146582177,10,6;8;6;6;5;5;4;4;3;2,paper_multivehicle_v2
Tabu Search,50,10,0.75,29,30.52395456090694,100.0,50,0,0.0089916000000001,0.00744550000000066,0.003762000000000043,0.003683500000000617,0.003683500000000617,10,10,11,639.8256971668642,10,7;6;6;7;6;4;5;4;3;2,paper_multivehicle_v2
Tabu Search,50,10,0.75,30,31.334089163763906,100.0,50,0,0.005988700000000069,0.004380700000000459,0.0010558000000000511,0.003324900000000408,0.003324900000000408,10,10,11,655.4593311026064,10,7;7;6;7;5;6;4;4;2;2,paper_multivehicle_v2
Tabu Search,50,10,0.75,31,23.4417118905986,100.0,50,0,0.007165599999999994,0.005983999999999989,0.0038221000000000505,0.002161899999999939,0.002161899999999939,10,10,11,600.1259176480967,10,6;7;5;6;5;5;5;5;3;3,paper_multivehicle_v2
Tabu Search,50,10,0.75,32,29.222726908102086,98.0,49,1,0.00563009999999986,0.004483300000000412,0.0018540999999998586,0.0026292000000005533,0.0026292000000005533,10,10,11,667.7173822766732,10,6;5;6;6;5;6;6;4;3;2,paper_multivehicle_v2
Tabu Search,50,10,0.75,33,28.062847572061457,100.0,50,0,0.004773299999999869,0.003552399999999789,0.0009344999999998382,0.002617899999999951,0.002617899999999951,10,10,11,646.2771476112075,10,8;6;6;5;6;5;4;4;4;2,paper_multivehicle_v2
Tabu Search,50,10,0.75,34,31.79310129342793,100.0,50,0,0.0055123000000001365,0.0043216000000001475,0.0013960999999997892,0.0029255000000003584,0.0029255000000003584,10,10,11,666.9224101809888,10,7;8;6;5;4;5;5;4;3;3,paper_multivehicle_v2
Tabu Search,50,10,0.75,35,30.752085781921654,100.0,50,0,0.009824300000000008,0.007615300000000325,0.004445299999999985,0.003170000000000339,0.003170000000000339,10,10,11,634.060512235132,10,6;6;7;5;6;5;4;4;4;3,paper_multivehicle_v2
Tabu Search,50,10,0.75,36,27.71831344472854,100.0,50,0,0.006378800000000018,0.004777700000000218,0.0017034000000000216,0.0030743000000001963,0.0030743000000001963,10,10,11,652.8841236974245,10,7;5;5;5;6;6;5;5;3;3,paper_multivehicle_v2
Tabu Search,50,10,0.75,37,26.714319287471625,100.0,50,0,0.0062507000000000534,0.004775799999999775,0.0018105999999999955,0.002965199999999779,0.002965199999999779,10,10,11,632.0282694069558,10,8;7;6;5;6;5;6;3;2;2,paper_multivehicle_v2
Tabu Search,50,10,0.75,38,26.981461138013536,100.0,50,0,0.006010599999999977,0.004824799999999518,0.0025412000000000212,0.002283599999999497,0.002283599999999497,10,10,11,640.7562802072896,10,6;7;6;8;5;5;5;4;2;2,paper_multivehicle_v2
Tabu Search,50,10,0.75,39,28.751045381736553,100.0,50,0,0.006358699999999828,0.005185700000000404,0.002835300000000096,0.002350400000000308,0.002350400000000308,10,10,11,691.067766040647,10,8;7;5;5;5;5;4;4;4;3,paper_multivehicle_v2
Tabu Search,50,10,0.75,40,29.22619460363639,100.0,50,0,0.005777700000000108,0.004635500000000015,0.002155000000000129,0.0024804999999998856,0.0024804999999998856,10,10,11,662.7837872694759,10,5;6;8;5;6;5;5;4;3;3,paper_multivehicle_v2
Tabu Search,50,10,0.75,41,30.798855517270905,100.0,50,0,0.004702100000000042,0.0035677000000000625,0.0007985000000001463,0.002769199999999916,0.002769199999999916,10,10,11,669.4146637373067,10,5;7;7;7;6;4;4;4;4;2,paper_multivehicle_v2
Tabu Search,50,10,0.75,42,27.169871707079935,100.0,50,0,0.006230900000000039,0.004713200000000084,0.001685099999999995,0.003028100000000089,0.003028100000000089,10,10,11,665.0725477522304,10,6;7;8;5;7;5;5;3;2;2,paper_multivehicle_v2
Tabu Search,50,10,0.75,43,29.896226970954466,100.0,50,0,0.010066600000000037,0.008521400000000012,0.0018328000000000788,0.0066885999999999335,0.0066885999999999335,10,10,11,629.6109144448617,10,7;7;7;6;6;5;4;3;3;2,paper_multivehicle_v2
Tabu Search,50,10,0.75,44,29.10155254019534,100.0,50,0,0.0074096999999999635,0.005900799999999151,0.002273100000000028,0.0036276999999991233,0.0036276999999991233,10,10,11,690.4430927245053,10,7;7;6;5;6;5;5;4;3;2,paper_multivehicle_v2
Tabu Search,50,10,0.75,45,29.3114315562712,100.0,50,0,0.005513800000000124,0.004402800000000262,0.002094700000000005,0.002308100000000257,0.002308100000000257,10,10,11,644.5693859491345,10,6;6;6;5;6;5;4;4;4;4,paper_multivehicle_v2
Tabu Search,50,10,0.75,46,23.521406690534942,100.0,50,0,0.0059442999999999024,0.004406699999999875,0.0009037000000000628,0.003502999999999812,0.003502999999999812,10,10,11,611.666154089755,10,7;6;6;6;7;5;4;4;3;2,paper_multivehicle_v2
Tabu Search,50,10,0.75,47,26.18414940553367,98.0,49,1,0.004671899999999951,0.003549700000000433,0.0006201000000001233,0.0029296000000003097,0.0029296000000003097,10,10,11,607.318918428866,10,6;7;6;6;6;6;3;4;3;2,paper_multivehicle_v2
Tabu Search,50,10,0.75,48,26.21616941318182,100.0,50,0,0.010555199999999987,0.008683600000000125,0.0050784000000001495,0.003605199999999975,0.003605199999999975,10,10,11,633.458286196413,10,9;7;7;5;5;5;3;3;4;2,paper_multivehicle_v2
Tabu Search,50,10,0.75,49,28.747028712562713,100.0,50,0,0.005659700000000045,0.004612300000000014,0.0024315999999999782,0.0021807000000000354,0.0021807000000000354,10,10,11,691.9993778671559,10,7;7;6;6;6;4;4;4;3;3,paper_multivehicle_v2
Tabu Search,50,10,0.75,50,22.8741420381273,100.0,50,0,0.006542000000000048,0.00521340000000059,0.0026300000000001322,0.0025834000000004576,0.0025834000000004576,10,10,11,652.6178887930612,10,7;5;8;6;5;5;5;5;2;2,paper_multivehicle_v2
Tabu Search,50,10,0.75,51,27.535500378212,100.0,50,0,0.00863590000000003,0.007111399999999879,0.004145699999999808,0.002965700000000071,0.002965700000000071,10,10,11,615.4374189010349,10,6;6;6;6;6;7;6;3;2;2,paper_multivehicle_v2
Tabu Search,50,10,0.75,52,28.191531819810503,100.0,50,0,0.0073944999999999705,0.0057683000000001705,0.0022280000000001188,0.0035403000000000517,0.0035403000000000517,10,10,11,632.4860583666348,10,7;7;6;6;5;6;5;3;3;2,paper_multivehicle_v2
Tabu Search,50,10,0.75,53,28.05468468462207,100.0,50,0,0.0043127999999998945,0.0031559999999997146,0.0003265999999999547,0.00282939999999976,0.00282939999999976,10,10,11,659.1056331769793,10,6;8;6;7;6;4;5;5;2;1,paper_multivehicle_v2
Tabu Search,50,10,0.75,54,27.163750695254322,100.0,50,0,0.009141599999999972,0.007988499999999732,0.004735699999999898,0.0032527999999998336,0.0032527999999998336,10,10,11,680.0173021381765,10,5;6;7;6;6;5;5;4;3;3,paper_multivehicle_v2
Tabu Search,50,10,0.75,55,24.726190368301346,100.0,50,0,0.009412200000000093,0.007814899999999847,0.0035031999999999286,0.004311699999999918,0.004311699999999918,10,10,11,618.0840976469544,10,6;5;6;5;7;4;5;5;4;3,paper_multivehicle_v2
Tabu Search,50,10,0.75,56,31.31567219594463,100.0,50,0,0.0032297999999999494,0.0024484999999994095,0.0006227999999999234,0.001825699999999486,0.001825699999999486,10,10,11,663.54020200616,10,8;7;5;6;6;4;4;3;4;3,paper_multivehicle_v2
Tabu Search,50,10,0.75,57,30.713288909572675,100.0,50,0,0.0044351999999998615,0.0036232000000002706,0.001917900000000028,0.0017053000000002427,0.0017053000000002427,10,10,11,682.8759599712248,10,6;6;6;6;6;5;4;4;4;3,paper_multivehicle_v2
Tabu Search,50,10,0.75,58,24.62320991383177,100.0,50,0,0.004489299999999918,0.0034330999999994116,0.0008238999999998775,0.002609199999999534,0.002609199999999534,10,10,11,576.8607592222701,10,7;8;6;5;6;5;5;3;3;2,paper_multivehicle_v2
Tabu Search,50,10,0.75,59,26.845481622630842,98.0,49,1,0.003675800000000118,0.0027316999999997815,0.00047920000000001295,0.0022524999999997686,0.0022524999999997686,10,10,11,641.5581982387539,10,6;7;7;7;5;4;4;4;3;2,paper_multivehicle_v2
Tabu Search,50,10,0.75,60,28.69021902097886,98.0,49,1,0.004149700000000145,0.00302570000000002,0.0006194000000001587,0.0024062999999998613,0.0024062999999998613,10,10,11,626.3529614376049,10,6;7;6;5;6;5;4;5;3;2,paper_multivehicle_v2
Tabu Search,50,10,0.75,61,23.088722356321124,100.0,50,0,0.007963799999999965,0.0061653999999997655,0.003044399999999836,0.0031209999999999294,0.0031209999999999294,10,10,11,662.3233937458439,10,6;5;7;7;7;5;4;4;3;2,paper_multivehicle_v2
Tabu Search,50,10,0.75,62,28.98320822039419,100.0,50,0,0.006350800000000101,0.00471469999999985,0.0007292999999999328,0.003985399999999917,0.003985399999999917,10,10,11,659.3884504281566,10,8;6;6;6;6;5;4;4;3;2,paper_multivehicle_v2
Tabu Search,50,10,0.75,63,26.37551395745811,98.0,49,1,0.0051154999999998285,0.0038360000000001726,0.0009863000000001065,0.002849700000000066,0.002849700000000066,10,10,11,634.9703293307275,10,7;6;7;6;5;4;4;5;3;2,paper_multivehicle_v2
Tabu Search,50,10,0.75,64,26.96717553753336,100.0,50,0,0.004589500000000024,0.003421999999999592,0.0005968999999999003,0.0028250999999996917,0.0028250999999996917,10,10,11,711.7811277327708,10,6;6;7;6;6;4;4;4;4;3,paper_multivehicle_v2
Tabu Search,50,10,0.75,65,27.927428243035216,100.0,50,0,0.005191600000000074,0.003974200000000039,0.0011999000000000315,0.0027743000000000073,0.0027743000000000073,10,10,11,632.3252330890385,10,7;6;5;6;6;6;5;4;3;2,paper_multivehicle_v2
Tabu Search,50,10,0.75,66,29.194562457919414,100.0,50,0,0.010979400000000084,0.009391199999999822,0.005505800000000116,0.0038853999999997058,0.0038853999999997058,10,10,11,676.9499159191879,10,6;7;7;6;6;4;4;5;3;2,paper_multivehicle_v2
Tabu Search,50,10,0.75,67,27.47241857222941,98.0,49,1,0.006754099999999985,0.005180200000000079,0.0023431000000000424,0.002837100000000037,0.002837100000000037,10,10,11,666.3391400550626,10,7;7;5;5;7;5;5;3;3;2,paper_multivehicle_v2
Tabu Search,50,10,0.75,68,24.106373332836217,100.0,50,0,0.0059138999999999164,0.004321900000000101,0.0008375999999998829,0.0034843000000002178,0.0034843000000002178,10,10,11,668.3374972439967,10,8;9;5;6;5;5;5;3;2;2,paper_multivehicle_v2
Tabu Search,50,10,0.75,69,24.818357785344933,100.0,50,0,0.006496899999999917,0.0048144000000003295,0.0017245000000001287,0.003089900000000201,0.003089900000000201,10,10,11,619.2610201859088,10,6;7;8;7;4;4;4;5;3;2,paper_multivehicle_v2
Tabu Search,50,10,0.75,70,28.799025051097956,100.0,50,0,0.007620600000000088,0.005999300000000041,0.0029647999999999897,0.003034500000000051,0.003034500000000051,10,10,11,675.6894778609036,10,8;6;6;6;5;5;4;4;4;2,paper_multivehicle_v2
Tabu Search,50,10,0.75,71,27.942237106120132,100.0,50,0,0.0069998000000000005,0.005342399999999747,0.0017560999999999272,0.00358629999999982,0.00358629999999982,10,10,11,649.1891889887287,10,6;6;7;6;5;6;5;3;4;2,paper_multivehicle_v2
Tabu Search,50,10,0.75,72,27.34291011598598,98.0,49,1,0.006438900000000025,0.005286499999999972,0.002910500000000038,0.0023759999999999337,0.0023759999999999337,10,10,11,620.3490753120892,10,7;7;6;6;6;4;4;3;3;3,paper_multivehicle_v2
Tabu Search,50,10,0.75,73,28.51361045072795,100.0,50,0,0.006446799999999975,0.0048589999999992806,0.0011615000000000375,0.003697499999999243,0.003697499999999243,10,10,11,617.3372205364465,10,8;7;7;7;5;5;5;4;1;1,paper_multivehicle_v2
Tabu Search,50,10,0.75,74,31.967413937825413,100.0,50,0,0.008584499999999995,0.007195899999999922,0.00408329999999979,0.003112600000000132,0.003112600000000132,10,10,11,691.4829827770373,10,7;7;5;6;5;5;5;3;3;4,paper_multivehicle_v2
Tabu Search,50,10,0.75,75,29.153882972161554,100.0,50,0,0.007490999999999914,0.0061501999999999946,0.003498200000000118,0.0026519999999998767,0.0026519999999998767,10,10,11,615.377589989518,10,6;8;7;6;7;4;5;2;3;2,paper_multivehicle_v2
Tabu Search,50,10,0.75,76,24.970259882106518,100.0,50,0,0.0062341999999999675,0.004709399999999864,0.0017476000000000713,0.0029617999999997924,0.0029617999999997924,10,10,11,657.6115644148641,10,7;7;7;6;5;5;4;5;2;2,paper_multivehicle_v2
Tabu Search,50,10,0.75,77,28.406208044085876,94.0,47,3,0.007022100000000142,0.0057674999999999255,0.0030652999999998265,0.002702200000000099,0.002702200000000099,10,10,11,602.6100096607769,10,7;6;5;5;6;4;4;4;2;4,paper_multivehicle_v2
Tabu Search,50,10,0.75,78,29.957070123438513,100.0,50,0,0.008362100000000039,0.006796000000000246,0.0034539000000000097,0.0033421000000002365,0.0033421000000002365,10,10,11,639.0448816805314,10,6;6;6;5;5;5;4;5;5;3,paper_multivehicle_v2
Tabu Search,50,10,0.75,79,22.994493982868466,100.0,50,0,0.005883700000000047,0.004692300000000094,0.0021657999999999955,0.002526500000000098,0.002526500000000098,10,10,11,628.3556474563068,10,7;7;7;5;6;5;5;4;2;2,paper_multivehicle_v2
Tabu Search,50,10,0.75,80,27.10047868845453,100.0,50,0,0.006723199999999929,0.005188400000000648,0.002286700000000197,0.002901700000000451,0.002901700000000451,10,10,11,666.1634666863037,10,6;7;7;6;6;5;5;4;3;1,paper_multivehicle_v2
Tabu Search,50,10,0.75,81,24.968590941462494,98.0,49,1,0.005787999999999904,0.0042469000000004975,0.001116000000000117,0.0031309000000003806,0.0031309000000003806,10,10,11,666.7702686325607,10,7;6;6;6;5;5;4;4;4;2,paper_multivehicle_v2
Tabu Search,50,10,0.75,82,25.61774877051145,100.0,50,0,0.00782550000000004,0.006321500000000091,0.002792399999999917,0.0035291000000001738,0.0035291000000001738,10,10,11,623.8863335378186,10,7;7;7;6;5;4;4;4;3;3,paper_multivehicle_v2
Tabu Search,50,10,0.75,83,29.367065094168442,100.0,50,0,0.012058699999999867,0.010575999999999919,0.00581200000000015,0.004763999999999768,0.004763999999999768,10,10,11,651.9182006181125,10,6;6;6;5;7;4;5;4;3;4,paper_multivehicle_v2
Tabu Search,50,10,0.75,84,23.24080821026649,100.0,50,0,0.007289600000000007,0.005748100000000145,0.002817899999999929,0.002930200000000216,0.002930200000000216,10,10,11,604.0595392904596,10,7;6;5;6;5;5;5;4;4;3,paper_multivehicle_v2
Tabu Search,50,10,0.75,85,25.13905373603987,100.0,50,0,0.006570599999999871,0.005213900000000438,0.0022735000000000394,0.0029404000000003983,0.0029404000000003983,10,10,11,652.2608565986981,10,7;8;5;6;5;4;4;4;4;3,paper_multivehicle_v2
Tabu Search,50,10,0.75,86,24.030508659416256,100.0,50,0,0.004676299999999856,0.0035337999999993652,0.0009432000000000329,0.0025905999999993323,0.0025905999999993323,10,10,11,608.1860381771274,10,8;8;5;5;5;5;5;4;3;2,paper_multivehicle_v2
Tabu Search,50,10,0.75,87,27.505240024954986,100.0,50,0,0.007005600000000056,0.005455800000000011,0.0023663999999998797,0.003089400000000131,0.003089400000000131,10,10,11,623.5919661918963,10,7;6;7;6;5;5;5;3;4;2,paper_multivehicle_v2
Tabu Search,50,10,0.75,88,23.84670294365112,100.0,50,0,0.006347400000000114,0.004834999999999479,0.0018080999999998681,0.0030268999999996105,0.0030268999999996105,10,10,11,616.2385325190161,10,7;7;8;5;6;6;4;3;3;1,paper_multivehicle_v2
Tabu Search,50,10,0.75,89,26.791897085715696,100.0,50,0,0.0056739000000001205,0.004187400000000174,0.0010533999999999821,0.003134000000000192,0.003134000000000192,10,10,11,625.6406193059267,10,6;8;6;6;5;5;5;4;3;2,paper_multivehicle_v2
Tabu Search,50,10,0.75,90,26.29061964888619,100.0,50,0,0.00703380000000009,0.005558600000000302,0.002800400000000147,0.002758200000000155,0.002758200000000155,10,10,11,635.584982174719,10,7;7;7;4;6;5;4;4;3;3,paper_multivehicle_v2
Tabu Search,50,10,0.75,91,27.34814723162787,100.0,50,0,0.009062499999999973,0.007514599999999705,0.004004000000000119,0.0035105999999995863,0.0035105999999995863,10,10,11,658.5289874356041,10,6;5;7;6;4;5;5;4;4;4,paper_multivehicle_v2
Tabu Search,50,10,0.75,92,29.018415184142455,100.0,50,0,0.006126800000000099,0.00495589999999968,0.0025743000000000293,0.0023815999999996507,0.0023815999999996507,10,10,11,608.2936538306756,10,6;6;5;6;7;5;6;5;2;2,paper_multivehicle_v2
Tabu Search,50,10,0.75,93,28.820533572618807,92.0,46,4,0.0060019000000000045,0.004505699999999946,0.0008307999999999094,0.0036749000000000365,0.0036749000000000365,10,10,11,635.770915502591,10,9;5;5;5;5;5;4;4;2;2,paper_multivehicle_v2
Tabu Search,50,10,0.75,94,25.317213786418744,96.0,48,2,0.006070800000000043,0.004581699999999467,0.0009417999999998816,0.003639899999999585,0.003639899999999585,10,10,11,628.1063809178596,10,5;7;7;5;6;5;4;4;3;2,paper_multivehicle_v2
Tabu Search,50,10,0.75,95,26.767037869372604,98.0,49,1,0.0067430000000001655,0.0053618999999998085,0.002396300000000018,0.0029655999999997906,0.0029655999999997906,10,10,11,660.1747148121557,10,7;8;7;6;5;4;4;4;2;2,paper_multivehicle_v2
Tabu Search,50,10,0.75,96,26.833912509129682,100.0,50,0,0.008058099999999957,0.006492100000000001,0.0028133000000001296,0.003678799999999871,0.003678799999999871,10,10,11,618.3546493672101,10,5;8;6;7;5;5;5;4;3;2,paper_multivehicle_v2
Tabu Search,50,10,0.75,97,28.52764884489617,100.0,50,0,0.005515200000000053,0.004119600000000112,0.0011753999999999376,0.0029442000000001745,0.0029442000000001745,10,10,11,652.4323971329763,10,7;6;6;5;6;5;5;4;4;2,paper_multivehicle_v2
Tabu Search,50,10,0.75,98,25.900995811927178,100.0,50,0,0.01766639999999997,0.016925599999999985,0.015181300000000064,0.001744299999999921,0.001744299999999921,10,10,11,614.1735506740936,10,7;6;6;6;7;5;4;4;3;2,paper_multivehicle_v2
Tabu Search,50,10,0.75,99,24.369063677465494,96.0,48,2,0.0049799999999999844,0.0037692999999994203,0.0005078999999998945,0.003261399999999526,0.003261399999999526,10,10,11,580.6120160926506,10,7;7;7;5;4;5;3;4;3;3,paper_multivehicle_v2
Tabu Search,50,10,0.75,100,30.514444743118815,100.0,50,0,0.005549999999999944,0.0043794999999995365,0.000953900000000063,0.0034255999999994735,0.0034255999999994735,10,10,11,621.6501633505732,10,6;7;7;6;6;5;5;3;3;2,paper_multivehicle_v2
