city,dynamic_rate,condition,method,instance,normalized_road_cost,road_distance_km,qos_percent,driving_time_min,completion_time_min,inference_ms_per_instance
Vienna,0.1,Off-peak,DVNDA,0,13.395408,35.58149,100.0,57.238686,484.42252,85.98053900000001
Vienna,0.1,Off-peak,DVNDA,1,12.984421,34.587482,100.0,49.92344,482.87,85.98053900000001
Vienna,0.1,Off-peak,DVNDA,2,9.712896,25.803791,100.0,38.335285,506.81677,85.98053900000001
Vienna,0.1,Off-peak,DVNDA,3,11.049342,29.386053,100.0,43.38877,484.46155,85.98053900000001
Vienna,0.1,Off-peak,DVNDA,4,11.754428,31.163048,100.0,47.885696,483.67682,85.98053900000001
Vienna,0.1,Off-peak,DVNDA,5,9.233902,24.593313,100.0,34.09501,483.18747,85.98053900000001
Vienna,0.1,Off-peak,DVNDA,6,11.631684,30.884315,100.0,48.645916,518.3469,85.98053900000001
Vienna,0.1,Off-peak,DVNDA,7,11.207721,29.766417,100.0,42.394367,483.87628,85.98053900000001
Vienna,0.1,Off-peak,DVNDA,8,9.20302,24.461504,100.0,36.212265,492.58484,85.98053900000001
Vienna,0.1,Off-peak,DVNDA,9,9.800685,25.996456,100.0,36.112568,482.91476,85.98053900000001
Vienna,0.1,Off-peak,DVNDA,10,11.695762,30.953892,100.0,46.261925,484.1204,85.98053900000001
Vienna,0.1,Off-peak,DVNDA,11,13.111797,34.703377,100.0,51.76039,485.81445,85.98053900000001
Vienna,0.1,Off-peak,DVNDA,12,14.1040535,37.48634,100.0,60.774128,484.88812,85.98053900000001
Vienna,0.1,Off-peak,DVNDA,13,11.430339,30.329939,100.0,48.766415,500.1218,85.98053900000001
Vienna,0.1,Off-peak,DVNDA,14,12.191855,32.344704,100.0,47.281544,483.99747,85.98053900000001
Vienna,0.1,Off-peak,DVNDA,15,11.905255,31.56172,100.0,44.165062,482.76993,85.98053900000001
Vienna,0.1,Off-peak,DVNDA,16,9.995899,26.632008,100.0,42.035892,483.48227,85.98053900000001
Vienna,0.1,Off-peak,DVNDA,17,13.936029,36.98161,100.0,58.84578,519.37213,85.98053900000001
Vienna,0.1,Off-peak,DVNDA,18,11.854143,31.47783,100.0,48.493263,482.89215,85.98053900000001
Vienna,0.1,Off-peak,DVNDA,19,9.925266,26.41017,100.0,39.92008,482.41483,85.98053900000001
Vienna,0.1,Off-peak,DVNDA,20,10.342407,27.446503,100.0,40.383633,482.93546,85.98053900000001
Vienna,0.1,Off-peak,DVNDA,21,9.594637,25.543005,100.0,38.52577,483.94666,85.98053900000001
Vienna,0.1,Off-peak,DVNDA,22,10.752515,28.599941,100.0,42.398773,483.66785,85.98053900000001
Vienna,0.1,Off-peak,DVNDA,23,10.859885,28.862074,100.0,43.7692,484.36282,85.98053900000001
Vienna,0.1,Off-peak,DVNDA,24,11.24367,29.972055,100.0,43.576454,484.4609,85.98053900000001
Vienna,0.1,Off-peak,DVNDA,25,10.226146,27.21025,100.0,40.697056,507.12732,85.98053900000001
Vienna,0.1,Off-peak,DVNDA,26,12.541802,33.139492,100.0,53.5081,511.8777,85.98053900000001
Vienna,0.1,Off-peak,DVNDA,27,12.446145,32.92593,100.0,49.656403,484.9292,85.98053900000001
Vienna,0.1,Off-peak,DVNDA,28,10.489045,27.740284,100.0,40.58902,507.69934,85.98053900000001
Vienna,0.1,Off-peak,DVNDA,29,9.624634,25.523392,100.0,39.777554,483.12253,85.98053900000001
Vienna,0.1,Off-peak,DVNDA,30,11.2756815,29.86162,100.0,47.492706,483.53674,85.98053900000001
Vienna,0.1,Off-peak,DVNDA,31,10.489717,27.789524,100.0,42.868496,499.9165,85.98053900000001
Vienna,0.1,Off-peak,DVNDA,32,10.083655,26.667526,100.0,38.700638,483.29184,85.98053900000001
Vienna,0.1,Off-peak,DVNDA,33,11.30533,30.048416,100.0,50.69365,513.1839,85.98053900000001
Vienna,0.1,Off-peak,DVNDA,34,12.161812,32.37968,100.0,50.564266,495.2506,85.98053900000001
Vienna,0.1,Off-peak,DVNDA,35,11.873361,31.588108,100.0,48.5976,482.33145,85.98053900000001
Vienna,0.1,Off-peak,DVNDA,36,13.078405,34.97472,100.0,50.368538,484.0342,85.98053900000001
Vienna,0.1,Off-peak,DVNDA,37,11.640215,31.03705,100.0,43.484535,483.30225,85.98053900000001
Vienna,0.1,Off-peak,DVNDA,38,12.886325,34.106438,100.0,50.7634,514.2598,85.98053900000001
Vienna,0.1,Off-peak,DVNDA,39,10.945558,29.125145,100.0,45.08424,483.0302,85.98053900000001
Vienna,0.1,Off-peak,DVNDA,40,11.208767,29.780624,100.0,41.755974,509.41412,85.98053900000001
Vienna,0.1,Off-peak,DVNDA,41,10.870997,28.823755,100.0,44.69667,503.05435,85.98053900000001
Vienna,0.1,Off-peak,DVNDA,42,11.692035,31.196325,100.0,46.20578,484.0257,85.98053900000001
Vienna,0.1,Off-peak,DVNDA,43,10.965364,29.172245,100.0,44.39339,483.681,85.98053900000001
Vienna,0.1,Off-peak,DVNDA,44,10.988476,29.152489,100.0,44.84646,483.5534,85.98053900000001
Vienna,0.1,Off-peak,DVNDA,45,8.801956,23.374182,100.0,36.048065,509.76398,85.98053900000001
Vienna,0.1,Off-peak,DVNDA,46,10.952034,29.17177,100.0,44.094585,482.91824,85.98053900000001
Vienna,0.1,Off-peak,DVNDA,47,13.471205,35.697933,100.0,49.134865,500.9599,85.98053900000001
Vienna,0.1,Off-peak,DVNDA,48,9.76952,25.934568,100.0,35.820774,481.84863,85.98053900000001
Vienna,0.1,Off-peak,DVNDA,49,9.8675,26.178616,100.0,38.60887,481.8849,85.98053900000001
Vienna,0.1,Off-peak,DVNDA,50,10.63297,28.405664,100.0,42.315273,509.1012,85.98053900000001
Vienna,0.1,Off-peak,DVNDA,51,11.82964,31.418545,100.0,45.18113,484.21606,85.98053900000001
Vienna,0.1,Off-peak,DVNDA,52,12.58836,33.486965,100.0,47.291157,483.8637,85.98053900000001
Vienna,0.1,Off-peak,DVNDA,53,10.243655,27.215372,100.0,42.750984,508.18228,85.98053900000001
Vienna,0.1,Off-peak,DVNDA,54,11.680347,30.980307,100.0,45.441628,494.05713,85.98053900000001
Vienna,0.1,Off-peak,DVNDA,55,9.414848,24.944792,100.0,37.61497,482.38763,85.98053900000001
Vienna,0.1,Off-peak,DVNDA,56,11.877057,31.59719,100.0,46.920204,510.19873,85.98053900000001
Vienna,0.1,Off-peak,DVNDA,57,11.863438,31.491215,100.0,47.830093,510.93457,85.98053900000001
Vienna,0.1,Off-peak,DVNDA,58,12.770943,33.953033,100.0,49.812664,482.85364,85.98053900000001
Vienna,0.1,Off-peak,DVNDA,59,11.458386,30.440105,100.0,44.262444,484.50165,85.98053900000001
Vienna,0.1,Off-peak,DVNDA,60,10.151041,27.043795,100.0,39.909454,483.86417,85.98053900000001
Vienna,0.1,Off-peak,DVNDA,61,10.566694,28.07518,100.0,42.36375,482.78052,85.98053900000001
Vienna,0.1,Off-peak,DVNDA,62,11.337746,30.166018,100.0,44.516685,484.4836,85.98053900000001
Vienna,0.1,Off-peak,DVNDA,63,11.64539,30.983845,100.0,45.53169,484.04938,85.98053900000001
Vienna,0.1,Off-peak,DVNDA,64,11.964381,31.611279,100.0,46.710163,515.8785,85.98053900000001
Vienna,0.1,Off-peak,DVNDA,65,10.658817,28.358212,100.0,46.412846,485.34348,85.98053900000001
Vienna,0.1,Off-peak,DVNDA,66,12.644187,33.645184,100.0,57.50955,483.86478,85.98053900000001
Vienna,0.1,Off-peak,DVNDA,67,10.875441,28.783993,100.0,45.787487,483.3019,85.98053900000001
Vienna,0.1,Off-peak,DVNDA,68,9.261343,24.51378,100.0,38.563328,482.77216,85.98053900000001
Vienna,0.1,Off-peak,DVNDA,69,10.46752,27.800362,100.0,40.04925,484.2032,85.98053900000001
Vienna,0.1,Off-peak,DVNDA,70,10.011683,26.460594,100.0,39.171345,482.83566,85.98053900000001
Vienna,0.1,Off-peak,DVNDA,71,11.509854,30.516888,100.0,45.958557,484.3961,85.98053900000001
Vienna,0.1,Off-peak,DVNDA,72,7.7339125,20.514187,100.0,31.602995,482.9463,85.98053900000001
Vienna,0.1,Off-peak,DVNDA,73,12.662285,33.77224,100.0,52.250206,518.3042,85.98053900000001
Vienna,0.1,Off-peak,DVNDA,74,11.756476,31.193327,100.0,47.63066,499.68234,85.98053900000001
Vienna,0.1,Off-peak,DVNDA,75,11.247815,29.92384,100.0,45.631077,484.18097,85.98053900000001
Vienna,0.1,Off-peak,DVNDA,76,10.924374,29.017504,100.0,44.431377,482.86078,85.98053900000001
Vienna,0.1,Off-peak,DVNDA,77,13.139592,34.86375,100.0,54.28132,484.4021,85.98053900000001
Vienna,0.1,Off-peak,DVNDA,78,10.942702,29.161007,100.0,47.06789,484.37805,85.98053900000001
Vienna,0.1,Off-peak,DVNDA,79,12.049221,32.081223,100.0,47.19879,485.01044,85.98053900000001
Vienna,0.1,Off-peak,DVNDA,80,11.271227,29.996586,100.0,44.301525,484.0119,85.98053900000001
Vienna,0.1,Off-peak,DVNDA,81,11.384364,30.425245,100.0,44.040356,484.85333,85.98053900000001
Vienna,0.1,Off-peak,DVNDA,82,10.94962,29.119883,100.0,41.988373,504.55072,85.98053900000001
Vienna,0.1,Off-peak,DVNDA,83,12.842127,34.08791,100.0,51.472443,497.06955,85.98053900000001
Vienna,0.1,Off-peak,DVNDA,84,10.3183975,27.370575,100.0,39.697315,483.98666,85.98053900000001
Vienna,0.1,Off-peak,DVNDA,85,11.758607,31.224686,100.0,47.768826,484.20312,85.98053900000001
Vienna,0.1,Off-peak,DVNDA,86,14.265543,37.87573,100.0,55.35456,507.87122,85.98053900000001
Vienna,0.1,Off-peak,DVNDA,87,10.859767,28.762085,100.0,41.20435,482.89008,85.98053900000001
Vienna,0.1,Off-peak,DVNDA,88,13.183345,35.008965,100.0,59.044594,484.87317,85.98053900000001
Vienna,0.1,Off-peak,DVNDA,89,13.745212,36.51328,100.0,49.197403,484.54587,85.98053900000001
Vienna,0.1,Off-peak,DVNDA,90,9.569342,25.431625,100.0,38.37384,502.67612,85.98053900000001
Vienna,0.1,Off-peak,DVNDA,91,12.092297,32.095703,100.0,48.950058,501.9651,85.98053900000001
Vienna,0.1,Off-peak,DVNDA,92,10.191862,27.065258,100.0,45.235832,483.18713,85.98053900000001
Vienna,0.1,Off-peak,DVNDA,93,13.043154,34.448997,100.0,55.202026,484.09778,85.98053900000001
Vienna,0.1,Off-peak,DVNDA,94,12.0421095,32.036022,100.0,43.86741,484.7207,85.98053900000001
Vienna,0.1,Off-peak,DVNDA,95,11.626692,30.927856,100.0,48.64928,500.10217,85.98053900000001
Vienna,0.1,Off-peak,DVNDA,96,11.93097,31.62108,100.0,45.65465,483.37326,85.98053900000001
Vienna,0.1,Off-peak,DVNDA,97,11.940683,31.813839,100.0,44.378185,483.57037,85.98053900000001
Vienna,0.1,Off-peak,DVNDA,98,11.092337,29.494284,100.0,40.924942,482.88007,85.98053900000001
Vienna,0.1,Off-peak,DVNDA,99,11.004839,29.35563,100.0,43.586216,507.15866,85.98053900000001
Vienna,0.1,Off-peak,Greedy,0,16.113518,42.895,100.0,63.664864,210.56555,3.0558139999999945
Vienna,0.1,Off-peak,Greedy,1,15.254287,40.591694,100.0,59.062508,450.4081,3.0558139999999945
Vienna,0.1,Off-peak,Greedy,2,11.705332,31.15114,100.0,45.24234,506.81677,3.0558139999999945
Vienna,0.1,Off-peak,Greedy,3,9.555166,25.505085,100.0,36.71977,461.26797,3.0558139999999945
Vienna,0.1,Off-peak,Greedy,4,13.352055,35.52086,100.0,51.86092,416.29437,3.0558139999999945
Vienna,0.1,Off-peak,Greedy,5,8.941045,23.658283,100.0,33.428104,128.2271,3.0558139999999945
Vienna,0.1,Off-peak,Greedy,6,12.922251,34.264355,100.0,51.412796,517.3427,3.0558139999999945
Vienna,0.1,Off-peak,Greedy,7,10.908764,28.898266,100.0,40.91195,354.545,3.0558139999999945
Vienna,0.1,Off-peak,Greedy,8,12.240552,32.612858,100.0,47.33535,494.3847,3.0558139999999945
Vienna,0.1,Off-peak,Greedy,9,8.810303,23.366287,100.0,31.733152,163.01648,3.0558139999999945
Vienna,0.1,Off-peak,Greedy,10,12.805932,33.95624,100.0,49.694756,226.33368,3.0558139999999945
Vienna,0.1,Off-peak,Greedy,11,13.07439,34.72992,100.0,54.252815,321.8555,3.0558139999999945
Vienna,0.1,Off-peak,Greedy,12,13.6423,36.155502,100.0,57.113163,461.46445,3.0558139999999945
Vienna,0.1,Off-peak,Greedy,13,14.056764,37.25682,100.0,56.382072,500.12186,3.0558139999999945
Vienna,0.1,Off-peak,Greedy,14,15.146576,40.25861,100.0,56.737675,355.37927,3.0558139999999945
Vienna,0.1,Off-peak,Greedy,15,14.200237,37.64124,100.0,51.365692,309.5955,3.0558139999999945
Vienna,0.1,Off-peak,Greedy,16,12.795427,34.099426,100.0,50.828854,413.9097,3.0558139999999945
Vienna,0.1,Off-peak,Greedy,17,14.566884,38.6594,100.0,61.14294,520.6669,3.0558139999999945
Vienna,0.1,Off-peak,Greedy,18,11.996913,31.814081,100.0,51.249718,454.98367,3.0558139999999945
Vienna,0.1,Off-peak,Greedy,19,11.398997,30.31723,100.0,43.51133,418.49005,3.0558139999999945
Vienna,0.1,Off-peak,Greedy,20,12.500244,33.197605,100.0,47.819275,366.65588,3.0558139999999945
Vienna,0.1,Off-peak,Greedy,21,11.751808,31.196661,100.0,46.341183,317.7848,3.0558139999999945
Vienna,0.1,Off-peak,Greedy,22,13.727771,36.485764,100.0,53.883335,318.03735,3.0558139999999945
Vienna,0.1,Off-peak,Greedy,23,12.418213,33.041706,100.0,48.79149,177.65404,3.0558139999999945
Vienna,0.1,Off-peak,Greedy,24,13.420269,35.797344,100.0,49.911987,312.89233,3.0558139999999945
Vienna,0.1,Off-peak,Greedy,25,11.915708,31.681736,100.0,45.704624,509.51157,3.0558139999999945
Vienna,0.1,Off-peak,Greedy,26,12.725571,33.737946,100.0,50.158276,512.3906,3.0558139999999945
Vienna,0.1,Off-peak,Greedy,27,13.543217,35.91392,100.0,51.615948,217.21184,3.0558139999999945
Vienna,0.1,Off-peak,Greedy,28,11.462325,30.405024,100.0,44.595318,507.94464,3.0558139999999945
Vienna,0.1,Off-peak,Greedy,29,12.533241,33.363678,100.0,48.298412,215.1111,3.0558139999999945
Vienna,0.1,Off-peak,Greedy,30,14.544567,38.60741,100.0,61.073593,220.58304,3.0558139999999945
Vienna,0.1,Off-peak,Greedy,31,12.203269,32.506363,100.0,50.21588,498.13013,3.0558139999999945
Vienna,0.1,Off-peak,Greedy,32,11.850645,31.334969,100.0,46.39423,462.41248,3.0558139999999945
Vienna,0.1,Off-peak,Greedy,33,12.692467,33.721703,100.0,52.846176,516.7272,3.0558139999999945
Vienna,0.1,Off-peak,Greedy,34,14.945754,39.74265,100.0,59.726826,497.8029,3.0558139999999945
Vienna,0.1,Off-peak,Greedy,35,14.440259,38.37907,100.0,56.504562,358.43896,3.0558139999999945
Vienna,0.1,Off-peak,Greedy,36,14.431707,38.562412,100.0,55.475292,467.99847,3.0558139999999945
Vienna,0.1,Off-peak,Greedy,37,14.847783,39.551403,100.0,54.786472,456.80463,3.0558139999999945
Vienna,0.1,Off-peak,Greedy,38,13.024041,34.653763,100.0,48.774364,514.2598,3.0558139999999945
Vienna,0.1,Off-peak,Greedy,39,11.706972,31.087677,100.0,47.81272,253.60785,3.0558139999999945
Vienna,0.1,Off-peak,Greedy,40,10.714656,28.453547,95.0,39.752472,129.7433,3.0558139999999945
Vienna,0.1,Off-peak,Greedy,41,13.427141,35.568714,100.0,54.67393,506.38715,3.0558139999999945
Vienna,0.1,Off-peak,Greedy,42,13.477448,35.940727,100.0,53.06084,160.14067,3.0558139999999945
Vienna,0.1,Off-peak,Greedy,43,14.251164,37.806293,100.0,53.199215,418.0028,3.0558139999999945
Vienna,0.1,Off-peak,Greedy,44,14.409098,38.325188,100.0,57.321484,226.41951,3.0558139999999945
Vienna,0.1,Off-peak,Greedy,45,10.890321,28.836077,100.0,43.048904,507.4958,3.0558139999999945
Vienna,0.1,Off-peak,Greedy,46,13.694617,36.405453,100.0,54.40274,211.01332,3.0558139999999945
Vienna,0.1,Off-peak,Greedy,47,13.642917,36.12895,100.0,50.36249,498.40335,3.0558139999999945
Vienna,0.1,Off-peak,Greedy,48,12.393044,32.946854,100.0,46.99988,110.035286,3.0558139999999945
Vienna,0.1,Off-peak,Greedy,49,11.018756,29.260727,100.0,40.771935,124.694595,3.0558139999999945
Vienna,0.1,Off-peak,Greedy,50,13.459775,35.926765,100.0,51.073753,509.1012,3.0558139999999945
Vienna,0.1,Off-peak,Greedy,51,13.126501,34.77671,100.0,49.070053,448.0347,3.0558139999999945
Vienna,0.1,Off-peak,Greedy,52,14.463689,38.53838,100.0,55.218887,463.26465,3.0558139999999945
Vienna,0.1,Off-peak,Greedy,53,13.998545,37.143112,100.0,55.75907,508.18228,3.0558139999999945
Vienna,0.1,Off-peak,Greedy,54,12.0715065,31.925194,100.0,48.061153,494.75052,3.0558139999999945
Vienna,0.1,Off-peak,Greedy,55,11.458842,30.411627,100.0,43.55309,167.99129,3.0558139999999945
Vienna,0.1,Off-peak,Greedy,56,12.41458,32.843315,100.0,50.773468,510.52243,3.0558139999999945
Vienna,0.1,Off-peak,Greedy,57,14.269656,37.904396,100.0,54.530525,508.90485,3.0558139999999945
Vienna,0.1,Off-peak,Greedy,58,12.806827,34.03944,100.0,50.211437,316.92105,3.0558139999999945
Vienna,0.1,Off-peak,Greedy,59,12.929913,34.44275,100.0,49.190723,461.93634,3.0558139999999945
Vienna,0.1,Off-peak,Greedy,60,15.412104,41.083187,100.0,60.535995,218.79636,3.0558139999999945
Vienna,0.1,Off-peak,Greedy,61,12.509488,33.171547,100.0,49.018867,322.2489,3.0558139999999945
Vienna,0.1,Off-peak,Greedy,62,12.092295,32.03942,100.0,45.362217,362.73862,3.0558139999999945
Vienna,0.1,Off-peak,Greedy,63,13.596111,36.129593,100.0,49.533062,467.19278,3.0558139999999945
Vienna,0.1,Off-peak,Greedy,64,12.258029,32.385193,100.0,46.7765,515.5407,3.0558139999999945
Vienna,0.1,Off-peak,Greedy,65,13.278239,35.30241,100.0,54.05606,319.10114,3.0558139999999945
Vienna,0.1,Off-peak,Greedy,66,13.893706,36.9741,100.0,58.72848,354.06714,3.0558139999999945
Vienna,0.1,Off-peak,Greedy,67,11.750441,31.066143,100.0,48.544285,464.00687,3.0558139999999945
Vienna,0.1,Off-peak,Greedy,68,10.226791,27.15752,100.0,41.41626,400.34695,3.0558139999999945
Vienna,0.1,Off-peak,Greedy,69,11.667704,30.99572,100.0,44.522346,449.01294,3.0558139999999945
Vienna,0.1,Off-peak,Greedy,70,10.978947,29.141073,100.0,41.0701,368.40756,3.0558139999999945
Vienna,0.1,Off-peak,Greedy,71,13.295057,35.191734,100.0,51.78283,457.70532,3.0558139999999945
Vienna,0.1,Off-peak,Greedy,72,10.581278,28.170523,100.0,41.771114,400.2481,3.0558139999999945
Vienna,0.1,Off-peak,Greedy,73,16.037638,42.746468,100.0,62.37024,517.85315,3.0558139999999945
Vienna,0.1,Off-peak,Greedy,74,13.405094,35.62192,100.0,50.94425,499.68234,3.0558139999999945
Vienna,0.1,Off-peak,Greedy,75,12.684135,33.791405,100.0,49.514957,224.72441,3.0558139999999945
Vienna,0.1,Off-peak,Greedy,76,11.978562,31.866302,100.0,48.61652,352.5594,3.0558139999999945
Vienna,0.1,Off-peak,Greedy,77,13.125729,34.743584,100.0,54.011562,179.66177,3.0558139999999945
Vienna,0.1,Off-peak,Greedy,78,12.027486,31.97126,100.0,48.667076,461.9893,3.0558139999999945
Vienna,0.1,Off-peak,Greedy,79,14.180143,37.84147,100.0,53.94104,221.26857,3.0558139999999945
Vienna,0.1,Off-peak,Greedy,80,14.492848,38.564133,100.0,54.66366,466.03568,3.0558139999999945
Vienna,0.1,Off-peak,Greedy,81,12.915606,34.43867,100.0,50.16222,466.60547,3.0558139999999945
Vienna,0.1,Off-peak,Greedy,82,13.617042,36.279297,100.0,49.894554,504.55072,3.0558139999999945
Vienna,0.1,Off-peak,Greedy,83,13.017158,34.63383,100.0,51.688282,497.91248,3.0558139999999945
Vienna,0.1,Off-peak,Greedy,84,13.476441,35.615383,100.0,50.667934,319.01666,3.0558139999999945
Vienna,0.1,Off-peak,Greedy,85,12.334424,32.80659,100.0,47.87572,308.62997,3.0558139999999945
Vienna,0.1,Off-peak,Greedy,86,15.142457,40.208168,100.0,58.08432,507.87115,3.0558139999999945
Vienna,0.1,Off-peak,Greedy,87,11.77523,31.2356,100.0,44.944855,412.09378,3.0558139999999945
Vienna,0.1,Off-peak,Greedy,88,14.064168,37.244904,100.0,57.723824,452.34024,3.0558139999999945
Vienna,0.1,Off-peak,Greedy,89,13.02633,34.611145,100.0,47.74738,454.05807,3.0558139999999945
Vienna,0.1,Off-peak,Greedy,90,12.572203,33.355232,100.0,49.28978,502.65637,3.0558139999999945
Vienna,0.1,Off-peak,Greedy,91,13.7550745,36.55125,100.0,56.122116,501.9651,3.0558139999999945
Vienna,0.1,Off-peak,Greedy,92,13.327392,35.42494,100.0,53.53031,469.5067,3.0558139999999945
Vienna,0.1,Off-peak,Greedy,93,13.030438,34.377598,100.0,53.895073,461.89432,3.0558139999999945
Vienna,0.1,Off-peak,Greedy,94,12.346125,32.81356,100.0,44.47556,369.78394,3.0558139999999945
Vienna,0.1,Off-peak,Greedy,95,13.294009,35.47919,100.0,53.65931,500.10217,3.0558139999999945
Vienna,0.1,Off-peak,Greedy,96,13.93827,36.98585,100.0,50.605125,208.55768,3.0558139999999945
Vienna,0.1,Off-peak,Greedy,97,11.875313,31.641682,100.0,45.468384,410.21198,3.0558139999999945
Vienna,0.1,Off-peak,Greedy,98,10.972818,29.181395,100.0,40.799984,414.48926,3.0558139999999945
Vienna,0.1,Off-peak,Greedy,99,13.157316,34.95084,100.0,49.999084,509.3677,3.0558139999999945
Vienna,0.1,Peak-aware,DVNDA,0,13.346974,35.451893,100.0,60.390564,484.42252,77.01733400000002
Vienna,0.1,Peak-aware,DVNDA,1,12.985561,34.590363,100.0,54.780502,482.87,77.01733400000002
Vienna,0.1,Peak-aware,DVNDA,2,9.712896,25.803791,100.0,40.407177,506.81677,77.01733400000002
Vienna,0.1,Peak-aware,DVNDA,3,11.050482,29.388937,100.0,46.14069,484.46155,77.01733400000002
Vienna,0.1,Peak-aware,DVNDA,4,11.756551,31.167744,100.0,49.226543,483.67682,77.01733400000002
Vienna,0.1,Peak-aware,DVNDA,5,9.233902,24.593313,100.0,35.91535,483.18747,77.01733400000002
Vienna,0.1,Peak-aware,DVNDA,6,11.6319685,30.884754,100.0,49.752773,518.3469,77.01733400000002
Vienna,0.1,Peak-aware,DVNDA,7,11.207721,29.766417,100.0,45.35743,483.87628,77.01733400000002
Vienna,0.1,Peak-aware,DVNDA,8,9.20302,24.461504,100.0,38.79584,492.58484,77.01733400000002
Vienna,0.1,Peak-aware,DVNDA,9,9.800685,25.996456,100.0,39.5849,482.91476,77.01733400000002
Vienna,0.1,Peak-aware,DVNDA,10,11.64619,30.821415,100.0,49.77443,484.1204,77.01733400000002
Vienna,0.1,Peak-aware,DVNDA,11,13.119187,34.72581,100.0,53.723698,485.81445,77.01733400000002
Vienna,0.1,Peak-aware,DVNDA,12,14.105194,37.489223,100.0,62.399277,484.88812,77.01733400000002
Vienna,0.1,Peak-aware,DVNDA,13,11.430339,30.329939,100.0,51.875683,500.1218,77.01733400000002
Vienna,0.1,Peak-aware,DVNDA,14,12.199246,32.367134,100.0,51.290237,483.99747,77.01733400000002
Vienna,0.1,Peak-aware,DVNDA,15,11.905255,31.56172,100.0,45.41985,482.76993,77.01733400000002
Vienna,0.1,Peak-aware,DVNDA,16,10.003289,26.654442,100.0,45.58723,483.48227,77.01733400000002
Vienna,0.1,Peak-aware,DVNDA,17,13.936029,36.98161,100.0,61.05948,519.37213,77.01733400000002
Vienna,0.1,Peak-aware,DVNDA,18,11.854143,31.47783,100.0,50.40236,482.89215,77.01733400000002
Vienna,0.1,Peak-aware,DVNDA,19,9.932656,26.432604,100.0,42.90533,482.41483,77.01733400000002
Vienna,0.1,Peak-aware,DVNDA,20,10.350939,27.471817,100.0,44.79764,482.93546,77.01733400000002
Vienna,0.1,Peak-aware,DVNDA,21,9.594637,25.543005,100.0,40.43428,483.94666,77.01733400000002
Vienna,0.1,Peak-aware,DVNDA,22,10.753655,28.602825,100.0,43.082016,483.66785,77.01733400000002
Vienna,0.1,Peak-aware,DVNDA,23,10.859885,28.862074,100.0,45.85204,484.36282,77.01733400000002
Vienna,0.1,Peak-aware,DVNDA,24,11.244809,29.97494,100.0,45.922966,484.4609,77.01733400000002
Vienna,0.1,Peak-aware,DVNDA,25,10.234675,27.235569,100.0,44.095825,507.12732,77.01733400000002
Vienna,0.1,Peak-aware,DVNDA,26,12.542943,33.142372,100.0,56.05003,511.8777,77.01733400000002
Vienna,0.1,Peak-aware,DVNDA,27,12.365275,32.701626,100.0,55.817368,485.54456,77.01733400000002
Vienna,0.1,Peak-aware,DVNDA,28,10.489045,27.740284,100.0,41.886776,507.69934,77.01733400000002
Vienna,0.1,Peak-aware,DVNDA,29,9.624634,25.523392,100.0,42.226746,483.12253,77.01733400000002
Vienna,0.1,Peak-aware,DVNDA,30,11.2756815,29.86162,100.0,49.655083,483.53674,77.01733400000002
Vienna,0.1,Peak-aware,DVNDA,31,10.489717,27.789524,100.0,42.868496,499.9165,77.01733400000002
Vienna,0.1,Peak-aware,DVNDA,32,10.048393,26.581406,100.0,41.483337,483.29184,77.01733400000002
Vienna,0.1,Peak-aware,DVNDA,33,11.30533,30.048416,100.0,51.89284,513.1839,77.01733400000002
Vienna,0.1,Peak-aware,DVNDA,34,12.1703415,32.404995,100.0,54.943794,495.2506,77.01733400000002
Vienna,0.1,Peak-aware,DVNDA,35,11.873361,31.588108,100.0,53.735683,482.33145,77.01733400000002
Vienna,0.1,Peak-aware,DVNDA,36,13.078405,34.97472,100.0,51.647552,484.0342,77.01733400000002
Vienna,0.1,Peak-aware,DVNDA,37,11.648746,31.062365,100.0,46.877388,483.30225,77.01733400000002
Vienna,0.1,Peak-aware,DVNDA,38,12.888581,34.112988,100.0,53.46173,514.2598,77.01733400000002
Vienna,0.1,Peak-aware,DVNDA,39,10.945558,29.125145,100.0,47.608746,483.0302,77.01733400000002
Vienna,0.1,Peak-aware,DVNDA,40,11.208767,29.780624,100.0,42.98385,509.41412,77.01733400000002
Vienna,0.1,Peak-aware,DVNDA,41,10.870997,28.823755,100.0,48.58346,503.05435,77.01733400000002
Vienna,0.1,Peak-aware,DVNDA,42,11.643602,31.066729,100.0,49.489845,484.0257,77.01733400000002
Vienna,0.1,Peak-aware,DVNDA,43,10.965364,29.172245,100.0,46.266148,483.681,77.01733400000002
Vienna,0.1,Peak-aware,DVNDA,44,10.918446,28.923868,100.0,47.502995,483.5534,77.01733400000002
Vienna,0.1,Peak-aware,DVNDA,45,8.801956,23.374182,100.0,38.071735,509.76398,77.01733400000002
Vienna,0.1,Peak-aware,DVNDA,46,10.952034,29.171772,100.0,47.05539,482.91824,77.01733400000002
Vienna,0.1,Peak-aware,DVNDA,47,13.471205,35.697933,100.0,51.25846,500.9599,77.01733400000002
Vienna,0.1,Peak-aware,DVNDA,48,9.776911,25.957006,100.0,38.557846,481.84863,77.01733400000002
Vienna,0.1,Peak-aware,DVNDA,49,9.864035,26.181684,100.0,39.74671,481.8849,77.01733400000002
Vienna,0.1,Peak-aware,DVNDA,50,10.63297,28.405664,100.0,44.3731,509.1012,77.01733400000002
Vienna,0.1,Peak-aware,DVNDA,51,11.82964,31.418545,100.0,48.2853,484.21606,77.01733400000002
Vienna,0.1,Peak-aware,DVNDA,52,12.595751,33.5094,100.0,49.56706,483.8637,77.01733400000002
Vienna,0.1,Peak-aware,DVNDA,53,10.243655,27.215372,100.0,46.07295,508.18228,77.01733400000002
Vienna,0.1,Peak-aware,DVNDA,54,11.688879,31.005625,100.0,47.70115,494.05713,77.01733400000002
Vienna,0.1,Peak-aware,DVNDA,55,9.401782,24.92417,100.0,41.201042,482.38763,77.01733400000002
Vienna,0.1,Peak-aware,DVNDA,56,11.7654705,31.298275,100.0,48.94283,510.19873,77.01733400000002
Vienna,0.1,Peak-aware,DVNDA,57,11.864577,31.494099,100.0,49.506596,510.93457,77.01733400000002
Vienna,0.1,Peak-aware,DVNDA,58,12.770943,33.953033,100.0,52.99791,482.85364,77.01733400000002
Vienna,0.1,Peak-aware,DVNDA,59,11.4583845,30.440105,100.0,47.151676,484.50165,77.01733400000002
Vienna,0.1,Peak-aware,DVNDA,60,10.152881,27.048052,100.0,43.173664,483.86417,77.01733400000002
Vienna,0.1,Peak-aware,DVNDA,61,10.566694,28.07518,100.0,45.869617,482.78052,77.01733400000002
Vienna,0.1,Peak-aware,DVNDA,62,11.337746,30.166018,100.0,47.27809,484.4836,77.01733400000002
Vienna,0.1,Peak-aware,DVNDA,63,11.639055,30.965227,100.0,48.98482,484.04938,77.01733400000002
Vienna,0.1,Peak-aware,DVNDA,64,11.964381,31.611279,100.0,47.890892,515.8785,77.01733400000002
Vienna,0.1,Peak-aware,DVNDA,65,10.658817,28.358212,100.0,48.86592,485.34348,77.01733400000002
Vienna,0.1,Peak-aware,DVNDA,66,12.518503,33.34486,100.0,63.47686,483.86478,77.01733400000002
Vienna,0.1,Peak-aware,DVNDA,67,10.876202,28.786282,100.0,49.372284,483.3019,77.01733400000002
Vienna,0.1,Peak-aware,DVNDA,68,9.261342,24.51378,100.0,41.609097,482.77216,77.01733400000002
Vienna,0.1,Peak-aware,DVNDA,69,10.46752,27.800362,100.0,40.595493,484.2032,77.01733400000002
Vienna,0.1,Peak-aware,DVNDA,70,9.849148,26.017838,100.0,42.379124,482.83566,77.01733400000002
Vienna,0.1,Peak-aware,DVNDA,71,11.495646,30.493383,100.0,49.111618,484.3961,77.01733400000002
Vienna,0.1,Peak-aware,DVNDA,72,7.7339125,20.514187,100.0,32.788437,482.9463,77.01733400000002
Vienna,0.1,Peak-aware,DVNDA,73,12.662285,33.77224,100.0,54.330017,518.3042,77.01733400000002
Vienna,0.1,Peak-aware,DVNDA,74,11.756476,31.193327,100.0,49.393955,499.68234,77.01733400000002
Vienna,0.1,Peak-aware,DVNDA,75,11.247815,29.92384,100.0,48.505623,484.18097,77.01733400000002
Vienna,0.1,Peak-aware,DVNDA,76,10.9331875,29.043259,100.0,47.01258,482.86078,77.01733400000002
Vienna,0.1,Peak-aware,DVNDA,77,12.949161,34.41775,100.0,58.68345,484.84943,77.01733400000002
Vienna,0.1,Peak-aware,DVNDA,78,10.942702,29.161007,100.0,47.6144,484.37805,77.01733400000002
Vienna,0.1,Peak-aware,DVNDA,79,12.057753,32.106533,100.0,48.536224,485.01044,77.01733400000002
Vienna,0.1,Peak-aware,DVNDA,80,11.271226,29.996586,100.0,47.034237,484.0119,77.01733400000002
Vienna,0.1,Peak-aware,DVNDA,81,11.241687,30.03391,100.0,46.647923,484.85333,77.01733400000002
Vienna,0.1,Peak-aware,DVNDA,82,10.951458,29.124142,100.0,44.201057,504.55072,77.01733400000002
Vienna,0.1,Peak-aware,DVNDA,83,12.843267,34.09079,100.0,54.200382,497.06955,77.01733400000002
Vienna,0.1,Peak-aware,DVNDA,84,10.325788,27.393007,100.0,42.35872,483.98666,77.01733400000002
Vienna,0.1,Peak-aware,DVNDA,85,11.759368,31.226976,100.0,50.157803,484.20312,77.01733400000002
Vienna,0.1,Peak-aware,DVNDA,86,14.266685,37.87861,100.0,57.53167,507.87122,77.01733400000002
Vienna,0.1,Peak-aware,DVNDA,87,10.859767,28.762085,100.0,43.458218,482.89008,77.01733400000002
Vienna,0.1,Peak-aware,DVNDA,88,13.183346,35.008965,100.0,61.21635,484.87317,77.01733400000002
Vienna,0.1,Peak-aware,DVNDA,89,13.745212,36.51328,100.0,50.695774,484.54587,77.01733400000002
Vienna,0.1,Peak-aware,DVNDA,90,9.569342,25.431625,100.0,39.114273,502.67612,77.01733400000002
Vienna,0.1,Peak-aware,DVNDA,91,12.100827,32.12102,100.0,52.27584,501.9651,77.01733400000002
Vienna,0.1,Peak-aware,DVNDA,92,10.191862,27.065258,100.0,45.885117,483.18713,77.01733400000002
Vienna,0.1,Peak-aware,DVNDA,93,13.043154,34.448997,100.0,57.328114,484.09778,77.01733400000002
Vienna,0.1,Peak-aware,DVNDA,94,12.0421095,32.036022,100.0,45.224934,484.7207,77.01733400000002
Vienna,0.1,Peak-aware,DVNDA,95,11.627832,30.930737,100.0,51.19034,500.10217,77.01733400000002
Vienna,0.1,Peak-aware,DVNDA,96,11.938359,31.643517,100.0,48.29755,483.37326,77.01733400000002
Vienna,0.1,Peak-aware,DVNDA,97,11.940683,31.813839,100.0,46.96543,483.57037,77.01733400000002
Vienna,0.1,Peak-aware,DVNDA,98,11.093475,29.497168,100.0,44.210217,482.88007,77.01733400000002
Vienna,0.1,Peak-aware,DVNDA,99,11.005781,29.316212,100.0,44.057762,507.15866,77.01733400000002
Vienna,0.1,Peak-aware,Greedy,0,16.122047,42.920315,100.0,68.023285,210.56555,2.9766659999999945
Vienna,0.1,Peak-aware,Greedy,1,15.254287,40.591694,100.0,62.29668,450.4081,2.9766659999999945
Vienna,0.1,Peak-aware,Greedy,2,11.713862,31.176456,100.0,49.070206,506.81677,2.9766659999999945
Vienna,0.1,Peak-aware,Greedy,3,9.555166,25.505085,100.0,37.151615,461.26797,2.9766659999999945
Vienna,0.1,Peak-aware,Greedy,4,13.352339,35.521297,100.0,55.461384,416.44385,2.9766659999999945
Vienna,0.1,Peak-aware,Greedy,5,8.8842,23.51621,100.0,37.88436,130.2405,2.9766659999999945
Vienna,0.1,Peak-aware,Greedy,6,12.922251,34.264355,100.0,55.653316,517.3427,2.9766659999999945
Vienna,0.1,Peak-aware,Greedy,7,10.908764,28.898266,100.0,43.01234,356.64536,2.9766659999999945
Vienna,0.1,Peak-aware,Greedy,8,12.249082,32.638172,100.0,51.54369,494.3847,2.9766659999999945
Vienna,0.1,Peak-aware,Greedy,9,8.810303,23.366287,100.0,35.030308,164.47536,2.9766659999999945
Vienna,0.1,Peak-aware,Greedy,10,12.805932,33.95624,100.0,54.253685,226.33368,2.9766659999999945
Vienna,0.1,Peak-aware,Greedy,11,13.091451,34.780552,100.0,60.3488,322.81772,2.9766659999999945
Vienna,0.1,Peak-aware,Greedy,12,13.6423,36.155502,100.0,60.900166,461.46445,2.9766659999999945
Vienna,0.1,Peak-aware,Greedy,13,14.056764,37.25682,100.0,58.660408,500.12186,2.9766659999999945
Vienna,0.1,Peak-aware,Greedy,14,15.146576,40.25861,100.0,61.735416,356.72037,2.9766659999999945
Vienna,0.1,Peak-aware,Greedy,15,14.200237,37.64124,100.0,52.40574,309.5955,2.9766659999999945
Vienna,0.1,Peak-aware,Greedy,16,12.632892,33.65667,100.0,58.114613,415.38373,2.9766659999999945
Vienna,0.1,Peak-aware,Greedy,17,14.566884,38.6594,100.0,63.24894,520.6669,2.9766659999999945
Vienna,0.1,Peak-aware,Greedy,18,11.996913,31.814081,100.0,53.189808,454.98367,2.9766659999999945
Vienna,0.1,Peak-aware,Greedy,19,11.406388,30.339664,100.0,47.013695,419.36758,2.9766659999999945
Vienna,0.1,Peak-aware,Greedy,20,12.508395,33.22233,100.0,52.65792,368.9033,2.9766659999999945
Vienna,0.1,Peak-aware,Greedy,21,11.427876,30.314032,100.0,49.673294,318.7602,2.9766659999999945
Vienna,0.1,Peak-aware,Greedy,22,13.747553,36.52574,100.0,56.782112,318.7169,2.9766659999999945
Vienna,0.1,Peak-aware,Greedy,23,12.418213,33.041706,100.0,52.768906,179.41591,2.9766659999999945
Vienna,0.1,Peak-aware,Greedy,24,13.420269,35.797344,100.0,49.911987,312.89233,2.9766659999999945
Vienna,0.1,Peak-aware,Greedy,25,11.932767,31.732368,100.0,49.58726,509.51157,2.9766659999999945
Vienna,0.1,Peak-aware,Greedy,26,12.727408,33.742207,100.0,53.48534,512.3906,2.9766659999999945
Vienna,0.1,Peak-aware,Greedy,27,13.543217,35.91392,100.0,54.675278,217.21184,2.9766659999999945
Vienna,0.1,Peak-aware,Greedy,28,11.462325,30.405024,100.0,45.62595,507.94464,2.9766659999999945
Vienna,0.1,Peak-aware,Greedy,29,12.533241,33.363678,100.0,50.945282,215.1111,2.9766659999999945
Vienna,0.1,Peak-aware,Greedy,30,14.056959,37.279144,100.0,65.76661,220.58304,2.9766659999999945
Vienna,0.1,Peak-aware,Greedy,31,12.203269,32.506363,100.0,51.77693,498.13013,2.9766659999999945
Vienna,0.1,Peak-aware,Greedy,32,11.858035,31.357403,100.0,49.849487,462.41248,2.9766659999999945
Vienna,0.1,Peak-aware,Greedy,33,12.692467,33.721703,100.0,55.151752,516.7272,2.9766659999999945
Vienna,0.1,Peak-aware,Greedy,34,14.629212,38.882454,100.0,64.85012,497.8029,2.9766659999999945
Vienna,0.1,Peak-aware,Greedy,35,14.214628,37.77469,100.0,63.83912,360.63016,2.9766659999999945
Vienna,0.1,Peak-aware,Greedy,36,14.431707,38.562412,100.0,58.28199,467.99847,2.9766659999999945
Vienna,0.1,Peak-aware,Greedy,37,14.862564,39.59627,100.0,58.553787,456.80463,2.9766659999999945
Vienna,0.1,Peak-aware,Greedy,38,13.032571,34.679077,100.0,51.73865,514.2598,2.9766659999999945
Vienna,0.1,Peak-aware,Greedy,39,11.706972,31.087677,100.0,49.83158,253.60785,2.9766659999999945
Vienna,0.1,Peak-aware,Greedy,40,10.714656,28.453547,95.0,42.65527,131.33017,2.9766659999999945
Vienna,0.1,Peak-aware,Greedy,41,13.435671,35.59403,100.0,56.479294,506.38715,2.9766659999999945
Vienna,0.1,Peak-aware,Greedy,42,13.485979,35.96604,100.0,59.459755,161.89821,2.9766659999999945
Vienna,0.1,Peak-aware,Greedy,43,14.251164,37.806293,100.0,57.428066,419.69397,2.9766659999999945
Vienna,0.1,Peak-aware,Greedy,44,14.409098,38.325188,100.0,57.868736,226.41951,2.9766659999999945
Vienna,0.1,Peak-aware,Greedy,45,10.890321,28.836077,100.0,45.62682,507.4958,2.9766659999999945
Vienna,0.1,Peak-aware,Greedy,46,13.709397,36.45032,100.0,57.382576,211.01332,2.9766659999999945
Vienna,0.1,Peak-aware,Greedy,47,13.642917,36.12895,100.0,53.344402,498.40335,2.9766659999999945
Vienna,0.1,Peak-aware,Greedy,48,12.27589,32.671844,100.0,51.5286,111.55356,2.9766659999999945
Vienna,0.1,Peak-aware,Greedy,49,11.018756,29.260727,100.0,44.85719,126.22148,2.9766659999999945
Vienna,0.1,Peak-aware,Greedy,50,13.459775,35.926765,100.0,55.00506,509.1012,2.9766659999999945
Vienna,0.1,Peak-aware,Greedy,51,13.126501,34.77671,100.0,54.075264,448.0347,2.9766659999999945
Vienna,0.1,Peak-aware,Greedy,52,14.463689,38.53838,100.0,60.81136,463.26465,2.9766659999999945
Vienna,0.1,Peak-aware,Greedy,53,14.007074,37.16843,100.0,59.575584,508.18228,2.9766659999999945
Vienna,0.1,Peak-aware,Greedy,54,12.093677,31.992496,100.0,51.777134,494.75052,2.9766659999999945
Vienna,0.1,Peak-aware,Greedy,55,11.43486,30.355097,100.0,50.783016,169.83467,2.9766659999999945
Vienna,0.1,Peak-aware,Greedy,56,12.431641,32.893948,100.0,53.95813,510.52243,2.9766659999999945
Vienna,0.1,Peak-aware,Greedy,57,14.119143,37.51948,100.0,58.40024,508.90485,2.9766659999999945
Vienna,0.1,Peak-aware,Greedy,58,12.806827,34.03944,100.0,54.299896,317.53052,2.9766659999999945
Vienna,0.1,Peak-aware,Greedy,59,12.929913,34.44275,100.0,51.7814,461.93634,2.9766659999999945
Vienna,0.1,Peak-aware,Greedy,60,15.412104,41.083187,100.0,65.08327,218.79636,2.9766659999999945
Vienna,0.1,Peak-aware,Greedy,61,12.509488,33.171547,100.0,52.94561,322.70587,2.9766659999999945
Vienna,0.1,Peak-aware,Greedy,62,12.094923,32.052116,100.0,49.045486,365.34683,2.9766659999999945
Vienna,0.1,Peak-aware,Greedy,63,13.596872,36.13188,100.0,52.40219,467.19278,2.9766659999999945
Vienna,0.1,Peak-aware,Greedy,64,12.258029,32.385193,100.0,47.810368,515.5407,2.9766659999999945
Vienna,0.1,Peak-aware,Greedy,65,13.2987995,35.344776,100.0,59.355934,319.83554,2.9766659999999945
Vienna,0.1,Peak-aware,Greedy,66,13.902236,36.999413,100.0,65.43335,356.42545,2.9766659999999945
Vienna,0.1,Peak-aware,Greedy,67,11.757831,31.088577,100.0,51.1576,464.00687,2.9766659999999945
Vienna,0.1,Peak-aware,Greedy,68,10.226791,27.15752,100.0,44.929142,402.12296,2.9766659999999945
Vienna,0.1,Peak-aware,Greedy,69,11.675094,31.018154,100.0,45.626404,449.01294,2.9766659999999945
Vienna,0.1,Peak-aware,Greedy,70,10.978947,29.141073,100.0,43.368732,370.0259,2.9766659999999945
Vienna,0.1,Peak-aware,Greedy,71,13.295057,35.191734,100.0,55.495148,457.70532,2.9766659999999945
Vienna,0.1,Peak-aware,Greedy,72,10.5898075,28.195839,100.0,44.676086,401.95416,2.9766659999999945
Vienna,0.1,Peak-aware,Greedy,73,16.037638,42.746468,100.0,68.30937,517.85315,2.9766659999999945
Vienna,0.1,Peak-aware,Greedy,74,13.406234,35.624805,100.0,52.478943,499.68234,2.9766659999999945
Vienna,0.1,Peak-aware,Greedy,75,12.685275,33.79429,100.0,52.98851,224.72441,2.9766659999999945
Vienna,0.1,Peak-aware,Greedy,76,11.991461,31.88954,100.0,51.84497,353.6462,2.9766659999999945
Vienna,0.1,Peak-aware,Greedy,77,13.133403,34.766453,100.0,59.189133,181.50452,2.9766659999999945
Vienna,0.1,Peak-aware,Greedy,78,12.030525,31.975386,100.0,50.333317,461.9893,2.9766659999999945
Vienna,0.1,Peak-aware,Greedy,79,14.180143,37.84147,100.0,55.78002,221.26857,2.9766659999999945
Vienna,0.1,Peak-aware,Greedy,80,14.492848,38.564133,100.0,58.625957,466.03568,2.9766659999999945
Vienna,0.1,Peak-aware,Greedy,81,12.915606,34.43867,100.0,50.16222,466.60547,2.9766659999999945
Vienna,0.1,Peak-aware,Greedy,82,13.625572,36.30461,100.0,51.586193,504.55072,2.9766659999999945
Vienna,0.1,Peak-aware,Greedy,83,13.017158,34.63383,100.0,54.301605,497.91248,2.9766659999999945
Vienna,0.1,Peak-aware,Greedy,84,13.476441,35.615383,100.0,53.214252,320.0019,2.9766659999999945
Vienna,0.1,Peak-aware,Greedy,85,12.334424,32.80659,100.0,51.28852,308.62997,2.9766659999999945
Vienna,0.1,Peak-aware,Greedy,86,15.142457,40.208168,100.0,59.35099,507.87115,2.9766659999999945
Vienna,0.1,Peak-aware,Greedy,87,11.77523,31.2356,100.0,48.492058,413.24063,2.9766659999999945
Vienna,0.1,Peak-aware,Greedy,88,14.064168,37.244904,100.0,62.2149,452.34024,2.9766659999999945
Vienna,0.1,Peak-aware,Greedy,89,13.02633,34.611145,100.0,49.44138,454.05807,2.9766659999999945
Vienna,0.1,Peak-aware,Greedy,90,12.572203,33.355232,100.0,50.642315,502.65637,2.9766659999999945
Vienna,0.1,Peak-aware,Greedy,91,13.7550745,36.55125,100.0,57.91754,501.9651,2.9766659999999945
Vienna,0.1,Peak-aware,Greedy,92,13.327392,35.42494,100.0,56.0481,469.5067,2.9766659999999945
Vienna,0.1,Peak-aware,Greedy,93,13.030438,34.377598,100.0,55.639473,461.89432,2.9766659999999945
Vienna,0.1,Peak-aware,Greedy,94,12.346125,32.81356,100.0,47.56195,371.41992,2.9766659999999945
Vienna,0.1,Peak-aware,Greedy,95,13.301399,35.501625,100.0,57.62681,500.10217,2.9766659999999945
Vienna,0.1,Peak-aware,Greedy,96,13.946799,37.011166,100.0,54.53549,208.55768,2.9766659999999945
Vienna,0.1,Peak-aware,Greedy,97,11.883842,31.666998,100.0,47.304504,412.0481,2.9766659999999945
Vienna,0.1,Peak-aware,Greedy,98,10.972818,29.181395,100.0,44.576664,415.24417,2.9766659999999945
Vienna,0.1,Peak-aware,Greedy,99,13.157316,34.95084,100.0,49.999084,509.3677,2.9766659999999945
Vienna,0.25,Off-peak,DVNDA,0,13.244098,35.26026,100.0,56.579247,484.8852,77.34144200000003
Vienna,0.25,Off-peak,DVNDA,1,13.654224,36.30397,100.0,53.649555,508.19897,77.34144200000003
Vienna,0.25,Off-peak,DVNDA,2,11.026788,29.277424,100.0,44.232273,509.21985,77.34144200000003
Vienna,0.25,Off-peak,DVNDA,3,11.523199,30.637953,100.0,44.25413,499.463,77.34144200000003
Vienna,0.25,Off-peak,DVNDA,4,12.061359,31.9943,100.0,49.992203,518.67694,77.34144200000003
Vienna,0.25,Off-peak,DVNDA,5,9.019987,24.000927,100.0,34.26743,482.79614,77.34144200000003
Vienna,0.25,Off-peak,DVNDA,6,12.188922,32.404778,100.0,50.454224,517.3427,77.34144200000003
Vienna,0.25,Off-peak,DVNDA,7,11.786476,31.346527,100.0,44.14672,503.06586,77.34144200000003
Vienna,0.25,Off-peak,DVNDA,8,11.359992,30.282722,100.0,44.195812,508.48325,77.34144200000003
Vienna,0.25,Off-peak,DVNDA,9,9.710965,25.75645,100.0,36.07903,510.23413,77.34144200000003
Vienna,0.25,Off-peak,DVNDA,10,12.462223,33.156567,100.0,49.920364,483.79755,77.34144200000003
Vienna,0.25,Off-peak,DVNDA,11,14.670631,38.91976,100.0,58.42423,499.61597,77.34144200000003
Vienna,0.25,Off-peak,DVNDA,12,14.428034,38.342365,100.0,61.996716,484.88812,77.34144200000003
Vienna,0.25,Off-peak,DVNDA,13,12.878181,34.13906,100.0,52.719948,523.62726,77.34144200000003
Vienna,0.25,Off-peak,DVNDA,14,11.858973,31.456366,100.0,46.560516,483.6922,77.34144200000003
Vienna,0.25,Off-peak,DVNDA,15,12.847791,34.09884,100.0,48.341568,501.98154,77.34144200000003
Vienna,0.25,Off-peak,DVNDA,16,10.868872,28.972567,100.0,45.136444,482.27692,77.34144200000003
Vienna,0.25,Off-peak,DVNDA,17,14.549089,38.5003,100.0,61.958206,518.98267,77.34144200000003
Vienna,0.25,Off-peak,DVNDA,18,11.436614,30.382967,100.0,47.340946,482.89215,77.34144200000003
Vienna,0.25,Off-peak,DVNDA,19,10.898483,28.959108,100.0,41.8687,499.20895,77.34144200000003
Vienna,0.25,Off-peak,DVNDA,20,10.065169,26.724907,100.0,40.6368,481.6813,77.34144200000003
Vienna,0.25,Off-peak,DVNDA,21,11.480339,30.486193,100.0,45.85893,510.25882,77.34144200000003
Vienna,0.25,Off-peak,DVNDA,22,11.88255,31.61827,100.0,47.016994,511.82498,77.34144200000003
Vienna,0.25,Off-peak,DVNDA,23,10.740675,28.497107,100.0,44.221,483.80997,77.34144200000003
Vienna,0.25,Off-peak,DVNDA,24,12.930601,34.43533,100.0,49.289825,514.0238,77.34144200000003
Vienna,0.25,Off-peak,DVNDA,25,11.314609,30.077208,100.0,45.63955,510.97995,77.34144200000003
Vienna,0.25,Off-peak,DVNDA,26,12.577232,33.315025,100.0,52.447044,509.91144,77.34144200000003
Vienna,0.25,Off-peak,DVNDA,27,13.789338,36.62251,100.0,52.492306,513.2265,77.34144200000003
Vienna,0.25,Off-peak,DVNDA,28,11.416807,30.31288,100.0,47.386288,507.69934,77.34144200000003
Vienna,0.25,Off-peak,DVNDA,29,9.903569,26.229471,100.0,40.325233,481.9425,77.34144200000003
Vienna,0.25,Off-peak,DVNDA,30,13.2981,35.27806,100.0,55.70101,485.27188,77.34144200000003
Vienna,0.25,Off-peak,DVNDA,31,10.710328,28.44462,100.0,43.583324,498.1007,77.34144200000003
Vienna,0.25,Off-peak,DVNDA,32,11.321168,29.992203,100.0,43.010895,483.29184,77.34144200000003
Vienna,0.25,Off-peak,DVNDA,33,11.910823,31.652498,100.0,51.54231,514.0387,77.34144200000003
Vienna,0.25,Off-peak,DVNDA,34,12.496234,33.175503,100.0,51.668957,496.91058,77.34144200000003
Vienna,0.25,Off-peak,DVNDA,35,13.866953,36.80277,100.0,54.242905,483.8867,77.34144200000003
Vienna,0.25,Off-peak,DVNDA,36,14.937923,39.80084,100.0,58.779915,514.1962,77.34144200000003
Vienna,0.25,Off-peak,DVNDA,37,11.329641,30.27594,100.0,43.110275,484.16525,77.34144200000003
Vienna,0.25,Off-peak,DVNDA,38,13.602812,36.0517,100.0,52.61211,514.2598,77.34144200000003
Vienna,0.25,Off-peak,DVNDA,39,13.103925,34.75993,100.0,52.8954,497.61807,77.34144200000003
Vienna,0.25,Off-peak,DVNDA,40,10.788953,28.666035,100.0,39.941788,509.20996,77.34144200000003
Vienna,0.25,Off-peak,DVNDA,41,12.5627365,33.34444,100.0,52.497265,503.05435,77.34144200000003
Vienna,0.25,Off-peak,DVNDA,42,12.735871,33.99402,100.0,48.942295,484.09235,77.34144200000003
Vienna,0.25,Off-peak,DVNDA,43,12.282658,32.550724,100.0,47.58725,483.6461,77.34144200000003
Vienna,0.25,Off-peak,DVNDA,44,12.783035,33.91295,100.0,50.711437,483.10107,77.34144200000003
Vienna,0.25,Off-peak,DVNDA,45,10.332469,27.436077,100.0,40.67497,511.0063,77.34144200000003
Vienna,0.25,Off-peak,DVNDA,46,11.707887,31.161352,100.0,45.83617,504.6262,77.34144200000003
Vienna,0.25,Off-peak,DVNDA,47,13.87556,36.809525,100.0,51.160492,500.2429,77.34144200000003
Vienna,0.25,Off-peak,DVNDA,48,10.863069,28.85578,100.0,40.98122,505.59827,77.34144200000003
Vienna,0.25,Off-peak,DVNDA,49,11.20662,29.67633,100.0,43.15445,501.89438,77.34144200000003
Vienna,0.25,Off-peak,DVNDA,50,12.201971,32.450512,100.0,46.583027,509.9306,77.34144200000003
Vienna,0.25,Off-peak,DVNDA,51,11.30919,30.028976,100.0,44.24597,482.90607,77.34144200000003
Vienna,0.25,Off-peak,DVNDA,52,12.378869,32.902687,100.0,46.847023,501.90125,77.34144200000003
Vienna,0.25,Off-peak,DVNDA,53,9.431217,25.016733,100.0,39.533463,532.6227,77.34144200000003
Vienna,0.25,Off-peak,DVNDA,54,10.999505,29.246264,100.0,44.95681,492.90424,77.34144200000003
Vienna,0.25,Off-peak,DVNDA,55,10.599086,28.085495,100.0,41.536503,482.65973,77.34144200000003
Vienna,0.25,Off-peak,DVNDA,56,13.616396,36.105186,100.0,56.544647,510.19873,77.34144200000003
Vienna,0.25,Off-peak,DVNDA,57,14.164112,37.50509,100.0,57.312305,511.74283,77.34144200000003
Vienna,0.25,Off-peak,DVNDA,58,13.363283,35.504932,100.0,54.93417,483.74713,77.34144200000003
Vienna,0.25,Off-peak,DVNDA,59,12.712968,33.713863,100.0,48.15619,484.50165,77.34144200000003
Vienna,0.25,Off-peak,DVNDA,60,10.46931,27.868296,100.0,42.68258,481.57544,77.34144200000003
Vienna,0.25,Off-peak,DVNDA,61,10.754385,28.541882,100.0,42.479866,483.57147,77.34144200000003
Vienna,0.25,Off-peak,DVNDA,62,13.0448,34.680283,100.0,50.03204,484.3083,77.34144200000003
Vienna,0.25,Off-peak,DVNDA,63,13.846247,36.762627,100.0,49.53651,484.04938,77.34144200000003
Vienna,0.25,Off-peak,DVNDA,64,13.598882,35.94481,100.0,52.008774,515.5407,77.34144200000003
Vienna,0.25,Off-peak,DVNDA,65,12.276089,32.602085,100.0,53.350346,485.34348,77.34144200000003
Vienna,0.25,Off-peak,DVNDA,66,12.750699,33.94947,100.0,56.0516,516.0026,77.34144200000003
Vienna,0.25,Off-peak,DVNDA,67,11.285992,29.918339,100.0,48.027657,483.47186,77.34144200000003
Vienna,0.25,Off-peak,DVNDA,68,11.690457,30.916142,100.0,47.07763,513.10785,77.34144200000003
Vienna,0.25,Off-peak,DVNDA,69,10.930572,28.971617,100.0,43.202168,484.26434,77.34144200000003
Vienna,0.25,Off-peak,DVNDA,70,10.44652,27.672083,100.0,39.021423,481.56567,77.34144200000003
Vienna,0.25,Off-peak,DVNDA,71,11.829053,31.339117,100.0,44.88362,484.3961,77.34144200000003
Vienna,0.25,Off-peak,DVNDA,72,10.292214,27.353106,100.0,40.71293,482.01718,77.34144200000003
Vienna,0.25,Off-peak,DVNDA,73,13.235457,35.40301,100.0,52.91811,545.85614,77.34144200000003
Vienna,0.25,Off-peak,DVNDA,74,13.73258,36.414783,100.0,52.969467,500.15155,77.34144200000003
Vienna,0.25,Off-peak,DVNDA,75,10.377193,27.463917,100.0,41.404537,502.93423,77.34144200000003
Vienna,0.25,Off-peak,DVNDA,76,10.534766,28.022575,100.0,43.650978,482.86078,77.34144200000003
Vienna,0.25,Off-peak,DVNDA,77,13.456669,35.70095,100.0,55.40263,520.0115,77.34144200000003
Vienna,0.25,Off-peak,DVNDA,78,12.614273,33.582912,100.0,50.738247,503.03546,77.34144200000003
Vienna,0.25,Off-peak,DVNDA,79,12.953476,34.55081,100.0,49.153996,529.6256,77.34144200000003
Vienna,0.25,Off-peak,DVNDA,80,12.953518,34.452717,100.0,50.132706,484.0049,77.34144200000003
Vienna,0.25,Off-peak,DVNDA,81,11.562338,30.748589,100.0,45.365223,505.78485,77.34144200000003
Vienna,0.25,Off-peak,DVNDA,82,10.776505,28.560415,100.0,40.25044,502.81317,77.34144200000003
Vienna,0.25,Off-peak,DVNDA,83,13.039351,34.769238,100.0,51.69996,497.15024,77.34144200000003
Vienna,0.25,Off-peak,DVNDA,84,11.039388,29.364521,100.0,43.866627,514.1821,77.34144200000003
Vienna,0.25,Off-peak,DVNDA,85,13.957226,37.12022,100.0,53.83126,484.91965,77.34144200000003
Vienna,0.25,Off-peak,DVNDA,86,12.131949,32.18677,100.0,46.58523,502.92245,77.34144200000003
Vienna,0.25,Off-peak,DVNDA,87,11.854236,31.433714,100.0,44.770233,509.1602,77.34144200000003
Vienna,0.25,Off-peak,DVNDA,88,13.564582,36.056957,100.0,60.450268,484.82602,77.34144200000003
Vienna,0.25,Off-peak,DVNDA,89,12.891111,34.20416,100.0,48.02375,516.31244,77.34144200000003
Vienna,0.25,Off-peak,DVNDA,90,11.391168,30.16931,100.0,45.613663,503.17578,77.34144200000003
Vienna,0.25,Off-peak,DVNDA,91,13.323776,35.29083,100.0,54.48719,531.43195,77.34144200000003
Vienna,0.25,Off-peak,DVNDA,92,10.316833,27.438572,100.0,43.76147,484.3056,77.34144200000003
Vienna,0.25,Off-peak,DVNDA,93,12.744163,33.712505,100.0,52.55336,485.51303,77.34144200000003
Vienna,0.25,Off-peak,DVNDA,94,12.200067,32.445942,100.0,44.386208,483.97803,77.34144200000003
Vienna,0.25,Off-peak,DVNDA,95,12.411176,32.90159,100.0,51.19309,515.91266,77.34144200000003
Vienna,0.25,Off-peak,DVNDA,96,13.243571,35.21222,100.0,49.713078,483.84326,77.34144200000003
Vienna,0.25,Off-peak,DVNDA,97,9.58273,25.554783,100.0,36.813183,482.90915,77.34144200000003
Vienna,0.25,Off-peak,DVNDA,98,10.613275,28.295872,100.0,39.876415,483.7044,77.34144200000003
Vienna,0.25,Off-peak,DVNDA,99,11.06245,29.52565,100.0,42.837303,507.15866,77.34144200000003
Vienna,0.25,Off-peak,Greedy,0,17.439426,46.378574,100.0,67.694664,458.9968,3.2142560000000127
Vienna,0.25,Off-peak,Greedy,1,15.572473,41.421024,100.0,60.552986,508.19897,3.2142560000000127
Vienna,0.25,Off-peak,Greedy,2,14.665011,38.987743,100.0,56.213135,509.21985,3.2142560000000127
Vienna,0.25,Off-peak,Greedy,3,11.463581,30.57063,100.0,44.119812,500.54193,3.2142560000000127
Vienna,0.25,Off-peak,Greedy,4,13.084433,34.819344,100.0,51.806797,518.67694,3.2142560000000127
Vienna,0.25,Off-peak,Greedy,5,9.907474,26.299496,100.0,36.965973,398.98303,3.2142560000000127
Vienna,0.25,Off-peak,Greedy,6,16.774641,44.543037,100.0,63.95963,517.3427,3.2142560000000127
Vienna,0.25,Off-peak,Greedy,7,10.604461,28.187054,100.0,40.729725,503.06586,3.2142560000000127
Vienna,0.25,Off-peak,Greedy,8,13.641707,36.32931,100.0,53.26326,509.2532,3.2142560000000127
Vienna,0.25,Off-peak,Greedy,9,11.253996,29.841251,100.0,40.99363,510.51688,3.2142560000000127
Vienna,0.25,Off-peak,Greedy,10,13.224602,35.11421,100.0,51.169674,465.57996,3.2142560000000127
Vienna,0.25,Off-peak,Greedy,11,13.868397,36.81136,100.0,57.023163,497.4749,3.2142560000000127
Vienna,0.25,Off-peak,Greedy,12,14.944479,39.720444,100.0,62.230213,463.25403,3.2142560000000127
Vienna,0.25,Off-peak,Greedy,13,14.193701,37.535553,100.0,56.014957,504.40286,3.2142560000000127
Vienna,0.25,Off-peak,Greedy,14,14.678989,38.998314,100.0,55.12292,448.1418,3.2142560000000127
Vienna,0.25,Off-peak,Greedy,15,16.073555,42.61329,100.0,58.3316,503.13864,3.2142560000000127
Vienna,0.25,Off-peak,Greedy,16,13.736348,36.57803,100.0,53.758236,413.74442,3.2142560000000127
Vienna,0.25,Off-peak,Greedy,17,15.6216545,41.46407,100.0,64.54605,518.1415,3.2142560000000127
Vienna,0.25,Off-peak,Greedy,18,13.3581705,35.41519,100.0,54.983997,454.98367,3.2142560000000127
Vienna,0.25,Off-peak,Greedy,19,12.017866,31.925646,100.0,46.69053,499.8087,3.2142560000000127
Vienna,0.25,Off-peak,Greedy,20,12.488612,33.2411,100.0,46.511192,402.66693,3.2142560000000127
Vienna,0.25,Off-peak,Greedy,21,12.857304,34.066185,100.0,48.253548,511.6488,3.2142560000000127
Vienna,0.25,Off-peak,Greedy,22,14.434392,38.438213,100.0,55.983345,511.82492,3.2142560000000127
Vienna,0.25,Off-peak,Greedy,23,14.7834835,39.25322,100.0,55.586323,354.54108,3.2142560000000127
Vienna,0.25,Off-peak,Greedy,24,14.80294,39.41272,100.0,53.979305,513.08954,3.2142560000000127
Vienna,0.25,Off-peak,Greedy,25,12.191348,32.376537,100.0,47.32621,510.97995,3.2142560000000127
Vienna,0.25,Off-peak,Greedy,26,14.139193,37.46495,100.0,54.614815,511.68338,3.2142560000000127
Vienna,0.25,Off-peak,Greedy,27,17.139803,45.390644,100.0,66.20308,513.2265,3.2142560000000127
Vienna,0.25,Off-peak,Greedy,28,12.795223,33.950333,100.0,50.05788,507.79025,3.2142560000000127
Vienna,0.25,Off-peak,Greedy,29,12.196162,32.402225,100.0,47.24441,371.91602,3.2142560000000127
Vienna,0.25,Off-peak,Greedy,30,15.770114,41.91392,100.0,64.03884,466.62906,3.2142560000000127
Vienna,0.25,Off-peak,Greedy,31,13.116343,34.809025,100.0,51.5058,498.5059,3.2142560000000127
Vienna,0.25,Off-peak,Greedy,32,13.97701,37.031178,100.0,52.870064,465.74625,3.2142560000000127
Vienna,0.25,Off-peak,Greedy,33,13.482003,35.837955,100.0,56.644455,514.94586,3.2142560000000127
Vienna,0.25,Off-peak,Greedy,34,14.936055,39.718864,100.0,59.650196,496.5286,3.2142560000000127
Vienna,0.25,Off-peak,Greedy,35,13.613092,36.17602,100.0,52.99347,472.01855,3.2142560000000127
Vienna,0.25,Off-peak,Greedy,36,15.768501,42.052,100.0,60.53658,515.76245,3.2142560000000127
Vienna,0.25,Off-peak,Greedy,37,15.842351,42.188866,100.0,57.919018,457.19327,3.2142560000000127
Vienna,0.25,Off-peak,Greedy,38,15.523876,41.17147,100.0,57.779263,517.37744,3.2142560000000127
Vienna,0.25,Off-peak,Greedy,39,14.822851,39.36902,100.0,58.988712,498.37686,3.2142560000000127
Vienna,0.25,Off-peak,Greedy,40,11.625066,30.846903,100.0,42.070713,512.5842,3.2142560000000127
Vienna,0.25,Off-peak,Greedy,41,14.609811,38.67217,100.0,59.046947,505.97952,3.2142560000000127
Vienna,0.25,Off-peak,Greedy,42,13.165298,35.083637,100.0,51.896236,324.1853,3.2142560000000127
Vienna,0.25,Off-peak,Greedy,43,12.280158,32.52264,100.0,46.63594,415.49265,3.2142560000000127
Vienna,0.25,Off-peak,Greedy,44,15.804239,42.011246,100.0,61.337914,459.48654,3.2142560000000127
Vienna,0.25,Off-peak,Greedy,45,13.190643,34.918304,100.0,50.676193,509.81296,3.2142560000000127
Vienna,0.25,Off-peak,Greedy,46,15.662798,41.60413,100.0,59.91663,504.62613,3.2142560000000127
Vienna,0.25,Off-peak,Greedy,47,13.382631,35.40092,100.0,48.866222,498.40335,3.2142560000000127
Vienna,0.25,Off-peak,Greedy,48,12.579283,33.363693,100.0,47.87311,505.96185,3.2142560000000127
Vienna,0.25,Off-peak,Greedy,49,12.123924,32.22174,100.0,46.356186,500.25232,3.2142560000000127
Vienna,0.25,Off-peak,Greedy,50,13.628818,36.33262,100.0,51.247524,509.9306,3.2142560000000127
Vienna,0.25,Off-peak,Greedy,51,16.25394,43.119915,100.0,59.02693,448.06802,3.2142560000000127
Vienna,0.25,Off-peak,Greedy,52,17.525944,46.575356,100.0,64.90508,502.34906,3.2142560000000127
Vienna,0.25,Off-peak,Greedy,53,14.829873,39.356907,100.0,57.736492,509.0606,3.2142560000000127
Vienna,0.25,Off-peak,Greedy,54,12.42529,32.987373,100.0,50.60133,494.29745,3.2142560000000127
Vienna,0.25,Off-peak,Greedy,55,12.442652,33.079395,100.0,46.10424,462.70523,3.2142560000000127
Vienna,0.25,Off-peak,Greedy,56,13.80534,36.525925,100.0,56.490257,508.9258,3.2142560000000127
Vienna,0.25,Off-peak,Greedy,57,13.20746,35.16291,100.0,51.15981,510.7841,3.2142560000000127
Vienna,0.25,Off-peak,Greedy,58,16.517979,43.73887,100.0,64.04341,468.3363,3.2142560000000127
Vienna,0.25,Off-peak,Greedy,59,12.932178,34.403584,100.0,49.25098,459.8949,3.2142560000000127
Vienna,0.25,Off-peak,Greedy,60,16.546299,44.132175,100.0,62.557693,414.45667,3.2142560000000127
Vienna,0.25,Off-peak,Greedy,61,13.577067,36.014538,100.0,51.457565,465.24496,3.2142560000000127
Vienna,0.25,Off-peak,Greedy,62,14.305106,38.016422,100.0,52.82621,454.99487,3.2142560000000127
Vienna,0.25,Off-peak,Greedy,63,15.152551,40.317657,100.0,56.21904,469.27124,3.2142560000000127
Vienna,0.25,Off-peak,Greedy,64,13.066149,34.503147,100.0,49.75026,515.5407,3.2142560000000127
Vienna,0.25,Off-peak,Greedy,65,13.685388,36.426025,100.0,57.978947,467.07382,3.2142560000000127
Vienna,0.25,Off-peak,Greedy,66,13.003862,34.66596,100.0,56.354736,516.0026,3.2142560000000127
Vienna,0.25,Off-peak,Greedy,67,12.017868,31.823494,100.0,51.45752,464.2525,3.2142560000000127
Vienna,0.25,Off-peak,Greedy,68,12.3713255,32.8198,100.0,48.144848,516.1773,3.2142560000000127
Vienna,0.25,Off-peak,Greedy,69,12.328501,32.56859,100.0,46.700397,451.90588,3.2142560000000127
Vienna,0.25,Off-peak,Greedy,70,13.893127,36.83668,100.0,51.99955,368.96664,3.2142560000000127
Vienna,0.25,Off-peak,Greedy,71,15.637143,41.428257,100.0,57.869186,458.06033,3.2142560000000127
Vienna,0.25,Off-peak,Greedy,72,9.925039,26.412586,100.0,39.550262,447.8393,3.2142560000000127
Vienna,0.25,Off-peak,Greedy,73,18.201324,48.505894,100.0,70.501884,517.91724,3.2142560000000127
Vienna,0.25,Off-peak,Greedy,74,15.072884,40.03016,100.0,55.782833,500.15155,3.2142560000000127
Vienna,0.25,Off-peak,Greedy,75,14.205312,37.71165,100.0,53.708973,505.68524,3.2142560000000127
Vienna,0.25,Off-peak,Greedy,76,11.874838,31.580717,100.0,47.124844,450.22314,3.2142560000000127
Vienna,0.25,Off-peak,Greedy,77,12.440468,32.940937,100.0,51.603424,505.60095,3.2142560000000127
Vienna,0.25,Off-peak,Greedy,78,12.985342,34.49601,100.0,54.374947,504.3551,3.2142560000000127
Vienna,0.25,Off-peak,Greedy,79,13.186148,35.116005,95.0,50.466293,495.24863,3.2142560000000127
Vienna,0.25,Off-peak,Greedy,80,14.420664,38.29731,100.0,55.395054,468.11163,3.2142560000000127
Vienna,0.25,Off-peak,Greedy,81,15.054326,40.164143,100.0,57.02652,506.98935,3.2142560000000127
Vienna,0.25,Off-peak,Greedy,82,12.58154,33.530724,100.0,46.06961,504.55072,3.2142560000000127
Vienna,0.25,Off-peak,Greedy,83,12.59593,33.604584,100.0,50.423496,497.15024,3.2142560000000127
Vienna,0.25,Off-peak,Greedy,84,14.336603,38.07607,100.0,55.693604,514.87164,3.2142560000000127
Vienna,0.25,Off-peak,Greedy,85,15.023361,39.91961,100.0,57.47136,419.26562,3.2142560000000127
Vienna,0.25,Off-peak,Greedy,86,15.141369,40.125305,100.0,57.273014,502.92245,3.2142560000000127
Vienna,0.25,Off-peak,Greedy,87,12.941635,34.371304,100.0,47.92464,509.1602,3.2142560000000127
Vienna,0.25,Off-peak,Greedy,88,16.056988,42.535305,100.0,67.16216,464.9625,3.2142560000000127
Vienna,0.25,Off-peak,Greedy,89,13.928685,37.022564,100.0,52.651424,516.6369,3.2142560000000127
Vienna,0.25,Off-peak,Greedy,90,12.277393,32.476784,100.0,50.109943,502.55167,3.2142560000000127
Vienna,0.25,Off-peak,Greedy,91,16.01426,42.55276,100.0,63.273983,513.484,3.2142560000000127
Vienna,0.25,Off-peak,Greedy,92,13.866075,36.84631,100.0,55.915405,469.5067,3.2142560000000127
Vienna,0.25,Off-peak,Greedy,93,15.301967,40.42252,100.0,61.127384,461.18076,3.2142560000000127
Vienna,0.25,Off-peak,Greedy,94,13.224609,35.06399,100.0,48.05661,454.82388,3.2142560000000127
Vienna,0.25,Off-peak,Greedy,95,13.084471,34.83306,100.0,50.152004,501.56958,3.2142560000000127
Vienna,0.25,Off-peak,Greedy,96,16.030567,42.52359,100.0,59.079674,459.18674,3.2142560000000127
Vienna,0.25,Off-peak,Greedy,97,13.39827,35.69893,100.0,49.99597,408.27972,3.2142560000000127
Vienna,0.25,Off-peak,Greedy,98,13.008103,34.643982,100.0,49.85654,416.43408,3.2142560000000127
Vienna,0.25,Off-peak,Greedy,99,13.396638,35.62455,100.0,50.51144,509.57736,3.2142560000000127
Vienna,0.25,Peak-aware,DVNDA,0,13.2459345,35.264523,100.0,60.408577,484.8852,79.00191
Vienna,0.25,Peak-aware,DVNDA,1,13.654224,36.30397,100.0,56.59144,508.19897,79.00191
Vienna,0.25,Peak-aware,DVNDA,2,11.034178,29.299856,100.0,48.2532,509.21985,79.00191
Vienna,0.25,Peak-aware,DVNDA,3,11.525455,30.64451,100.0,48.5037,499.463,79.00191
Vienna,0.25,Peak-aware,DVNDA,4,12.024259,31.903923,100.0,52.033337,518.67694,79.00191
Vienna,0.25,Peak-aware,DVNDA,5,9.019986,24.000927,100.0,35.92443,482.79614,79.00191
Vienna,0.25,Peak-aware,DVNDA,6,12.190347,32.408096,100.0,52.958595,517.3427,79.00191
Vienna,0.25,Peak-aware,DVNDA,7,11.787615,31.34941,100.0,46.34035,503.06586,79.00191
Vienna,0.25,Peak-aware,DVNDA,8,11.359992,30.282722,100.0,47.312473,508.48325,79.00191
Vienna,0.25,Peak-aware,DVNDA,9,9.71239,25.759766,100.0,39.288494,510.23413,79.00191
Vienna,0.25,Peak-aware,DVNDA,10,12.479283,33.207203,100.0,54.51644,483.79755,79.00191
Vienna,0.25,Peak-aware,DVNDA,11,14.515486,38.49944,100.0,62.752396,499.61597,79.00191
Vienna,0.25,Peak-aware,DVNDA,12,14.428034,38.342365,100.0,64.55787,484.88812,79.00191
Vienna,0.25,Peak-aware,DVNDA,13,12.888073,34.159046,100.0,56.10277,523.62726,79.00191
Vienna,0.25,Peak-aware,DVNDA,14,11.858973,31.456366,100.0,49.77938,483.6922,79.00191
Vienna,0.25,Peak-aware,DVNDA,15,12.847791,34.09884,100.0,50.616882,501.98154,79.00191
Vienna,0.25,Peak-aware,DVNDA,16,10.877401,28.997885,100.0,51.03267,482.27692,79.00191
Vienna,0.25,Peak-aware,DVNDA,17,14.5490885,38.500298,100.0,63.86763,518.98267,79.00191
Vienna,0.25,Peak-aware,DVNDA,18,11.436614,30.382967,100.0,50.242622,482.89215,79.00191
Vienna,0.25,Peak-aware,DVNDA,19,10.905874,28.98154,100.0,46.62349,499.20895,79.00191
Vienna,0.25,Peak-aware,DVNDA,20,10.016736,26.595308,100.0,44.592674,481.6813,79.00191
Vienna,0.25,Peak-aware,DVNDA,21,11.392012,30.252167,100.0,48.36198,510.25882,79.00191
Vienna,0.25,Peak-aware,DVNDA,22,11.88255,31.61827,100.0,48.328228,511.82498,79.00191
Vienna,0.25,Peak-aware,DVNDA,23,10.740675,28.497107,100.0,47.466946,483.80997,79.00191
Vienna,0.25,Peak-aware,DVNDA,24,12.930601,34.43533,100.0,52.78436,514.0238,79.00191
Vienna,0.25,Peak-aware,DVNDA,25,11.323138,30.102522,100.0,50.6816,510.97995,79.00191
Vienna,0.25,Peak-aware,DVNDA,26,12.578373,33.31791,100.0,55.28102,509.91144,79.00191
Vienna,0.25,Peak-aware,DVNDA,27,13.627942,36.182636,100.0,55.864693,513.2265,79.00191
Vienna,0.25,Peak-aware,DVNDA,28,11.416807,30.31288,100.0,48.661076,507.69934,79.00191
Vienna,0.25,Peak-aware,DVNDA,29,9.903569,26.229471,100.0,41.899567,481.9425,79.00191
Vienna,0.25,Peak-aware,DVNDA,30,13.286142,35.247547,100.0,57.40945,485.27188,79.00191
Vienna,0.25,Peak-aware,DVNDA,31,10.710328,28.44462,100.0,44.830242,498.1007,79.00191
Vienna,0.25,Peak-aware,DVNDA,32,11.324147,29.999344,100.0,47.751823,483.29184,79.00191
Vienna,0.25,Peak-aware,DVNDA,33,11.910823,31.652498,100.0,53.83271,514.0387,79.00191
Vienna,0.25,Peak-aware,DVNDA,34,12.498513,33.181267,100.0,54.99171,496.91058,79.00191
Vienna,0.25,Peak-aware,DVNDA,35,13.866953,36.80277,100.0,59.564957,483.8867,79.00191
Vienna,0.25,Peak-aware,DVNDA,36,14.947594,39.82904,100.0,60.812622,514.1962,79.00191
Vienna,0.25,Peak-aware,DVNDA,37,11.283962,30.146746,100.0,46.0772,484.16525,79.00191
Vienna,0.25,Peak-aware,DVNDA,38,13.602812,36.0517,100.0,54.7666,514.2598,79.00191
Vienna,0.25,Peak-aware,DVNDA,39,13.103925,34.75993,100.0,55.35722,497.61807,79.00191
Vienna,0.25,Peak-aware,DVNDA,40,10.783798,28.64817,100.0,40.935143,509.20996,79.00191
Vienna,0.25,Peak-aware,DVNDA,41,12.451416,33.04687,100.0,56.177574,503.05435,79.00191
Vienna,0.25,Peak-aware,DVNDA,42,12.737012,33.996902,100.0,52.183655,484.09235,79.00191
Vienna,0.25,Peak-aware,DVNDA,43,12.283796,32.553604,100.0,52.11553,483.6461,79.00191
Vienna,0.25,Peak-aware,DVNDA,44,12.783035,33.91295,100.0,54.28006,483.10107,79.00191
Vienna,0.25,Peak-aware,DVNDA,45,10.169933,26.99332,100.0,45.27987,511.0063,79.00191
Vienna,0.25,Peak-aware,DVNDA,46,11.54535,30.718596,100.0,50.75097,504.6262,79.00191
Vienna,0.25,Peak-aware,DVNDA,47,13.87556,36.809525,100.0,53.632584,500.2429,79.00191
Vienna,0.25,Peak-aware,DVNDA,48,10.87046,28.878214,100.0,43.08873,505.59827,79.00191
Vienna,0.25,Peak-aware,DVNDA,49,11.1136875,29.442493,100.0,45.670506,501.89438,79.00191
Vienna,0.25,Peak-aware,DVNDA,50,12.201971,32.450512,100.0,48.83815,509.9306,79.00191
Vienna,0.25,Peak-aware,DVNDA,51,11.3177185,30.054295,100.0,47.110645,482.90607,79.00191
Vienna,0.25,Peak-aware,DVNDA,52,12.378869,32.902687,100.0,47.94151,501.90125,79.00191
Vienna,0.25,Peak-aware,DVNDA,53,9.431217,25.016733,100.0,41.848316,532.6227,79.00191
Vienna,0.25,Peak-aware,DVNDA,54,10.999505,29.246264,100.0,47.8887,492.90424,79.00191
Vienna,0.25,Peak-aware,DVNDA,55,10.586019,28.064873,100.0,45.396244,482.65973,79.00191
Vienna,0.25,Peak-aware,DVNDA,56,13.504809,35.80627,100.0,59.889683,510.19873,79.00191
Vienna,0.25,Peak-aware,DVNDA,57,14.149904,37.481586,100.0,61.45119,511.74283,79.00191
Vienna,0.25,Peak-aware,DVNDA,58,13.364422,35.507812,100.0,57.28243,483.74713,79.00191
Vienna,0.25,Peak-aware,DVNDA,59,12.712968,33.713863,100.0,52.14137,484.50165,79.00191
Vienna,0.25,Peak-aware,DVNDA,60,10.4711485,27.872553,100.0,47.57944,481.57544,79.00191
Vienna,0.25,Peak-aware,DVNDA,61,10.754385,28.541883,100.0,44.589443,483.57147,79.00191
Vienna,0.25,Peak-aware,DVNDA,62,13.044799,34.680283,100.0,54.304092,484.3083,79.00191
Vienna,0.25,Peak-aware,DVNDA,63,13.846247,36.76263,100.0,51.848194,484.04938,79.00191
Vienna,0.25,Peak-aware,DVNDA,64,13.598882,35.94481,100.0,52.48379,515.5407,79.00191
Vienna,0.25,Peak-aware,DVNDA,65,12.276089,32.602085,100.0,57.184326,485.34348,79.00191
Vienna,0.25,Peak-aware,DVNDA,66,12.613253,33.585182,100.0,59.65073,516.0026,79.00191
Vienna,0.25,Peak-aware,DVNDA,67,11.285992,29.918339,100.0,49.994186,483.47186,79.00191
Vienna,0.25,Peak-aware,DVNDA,68,11.697848,30.938576,100.0,50.37564,513.10785,79.00191
Vienna,0.25,Peak-aware,DVNDA,69,10.839364,28.726702,100.0,45.211548,484.26434,79.00191
Vienna,0.25,Peak-aware,DVNDA,70,10.370976,27.465538,100.0,45.595757,482.83566,79.00191
Vienna,0.25,Peak-aware,DVNDA,71,11.830954,31.344292,100.0,50.229362,484.3961,79.00191
Vienna,0.25,Peak-aware,DVNDA,72,10.21524,27.133318,100.0,43.357075,482.9463,79.00191
Vienna,0.25,Peak-aware,DVNDA,73,13.235457,35.40301,100.0,56.745464,545.85614,79.00191
Vienna,0.25,Peak-aware,DVNDA,74,13.73258,36.414783,100.0,54.696354,500.15155,79.00191
Vienna,0.25,Peak-aware,DVNDA,75,10.377193,27.463917,100.0,43.804047,502.93423,79.00191
Vienna,0.25,Peak-aware,DVNDA,76,10.534766,28.022575,100.0,45.959076,482.86078,79.00191
Vienna,0.25,Peak-aware,DVNDA,77,13.436496,35.635403,100.0,59.04695,523.4758,79.00191
Vienna,0.25,Peak-aware,DVNDA,78,12.614273,33.582912,100.0,53.014492,503.03546,79.00191
Vienna,0.25,Peak-aware,DVNDA,79,12.962006,34.57613,100.0,50.795242,529.6256,79.00191
Vienna,0.25,Peak-aware,DVNDA,80,12.962047,34.478035,100.0,53.79441,484.0049,79.00191
Vienna,0.25,Peak-aware,DVNDA,81,11.562338,30.748589,100.0,47.761303,505.78485,79.00191
Vienna,0.25,Peak-aware,DVNDA,82,10.785035,28.585732,100.0,42.43465,502.81317,79.00191
Vienna,0.25,Peak-aware,DVNDA,83,13.039351,34.769238,100.0,53.919125,497.15024,79.00191
Vienna,0.25,Peak-aware,DVNDA,84,10.928067,29.06695,100.0,47.038254,514.1821,79.00191
Vienna,0.25,Peak-aware,DVNDA,85,13.964616,37.142654,100.0,58.928524,484.91965,79.00191
Vienna,0.25,Peak-aware,DVNDA,86,12.131949,32.18677,100.0,48.804386,502.92245,79.00191
Vienna,0.25,Peak-aware,DVNDA,87,11.581896,30.750118,100.0,46.79212,509.1602,79.00191
Vienna,0.25,Peak-aware,DVNDA,88,13.564582,36.05696,100.0,62.833183,484.82602,79.00191
Vienna,0.25,Peak-aware,DVNDA,89,12.891111,34.20416,100.0,49.33091,516.31244,79.00191
Vienna,0.25,Peak-aware,DVNDA,90,11.391168,30.16931,100.0,48.564804,503.17578,79.00191
Vienna,0.25,Peak-aware,DVNDA,91,13.323778,35.29083,100.0,56.925526,531.43195,79.00191
Vienna,0.25,Peak-aware,DVNDA,92,10.317972,27.441454,100.0,44.882103,484.3056,79.00191
Vienna,0.25,Peak-aware,DVNDA,93,12.744163,33.712505,100.0,56.451675,485.51303,79.00191
Vienna,0.25,Peak-aware,DVNDA,94,12.200067,32.445942,100.0,46.505917,483.97803,79.00191
Vienna,0.25,Peak-aware,DVNDA,95,12.411176,32.90159,100.0,53.358925,515.91266,79.00191
Vienna,0.25,Peak-aware,DVNDA,96,13.243571,35.21222,100.0,51.354614,483.84326,79.00191
Vienna,0.25,Peak-aware,DVNDA,97,9.59126,25.580101,100.0,38.968414,482.90915,79.00191
Vienna,0.25,Peak-aware,DVNDA,98,10.613275,28.295872,100.0,42.929222,483.7044,79.00191
Vienna,0.25,Peak-aware,DVNDA,99,11.065049,29.5322,100.0,45.96719,507.15866,79.00191
Vienna,0.25,Peak-aware,Greedy,0,17.376331,46.21695,100.0,70.82593,458.9968,3.3907179999999926
Vienna,0.25,Peak-aware,Greedy,1,15.575512,41.42515,100.0,61.536938,508.19897,3.3907179999999926
Vienna,0.25,Peak-aware,Greedy,2,14.682072,39.038372,100.0,60.617287,509.21985,3.3907179999999926
Vienna,0.25,Peak-aware,Greedy,3,11.36755,30.294876,100.0,46.21903,500.54193,3.3907179999999926
Vienna,0.25,Peak-aware,Greedy,4,13.092962,34.844658,100.0,55.07555,518.67694,3.3907179999999926
Vienna,0.25,Peak-aware,Greedy,5,9.907474,26.299496,100.0,38.65944,399.57654,3.3907179999999926
Vienna,0.25,Peak-aware,Greedy,6,16.774641,44.543037,100.0,65.60652,517.3427,3.3907179999999926
Vienna,0.25,Peak-aware,Greedy,7,10.604461,28.187054,100.0,42.044834,503.06586,3.3907179999999926
Vienna,0.25,Peak-aware,Greedy,8,13.641707,36.32931,100.0,54.64628,509.2532,3.3907179999999926
Vienna,0.25,Peak-aware,Greedy,9,11.250531,29.84432,100.0,44.91957,510.51688,3.3907179999999926
Vienna,0.25,Peak-aware,Greedy,10,13.233132,35.139526,100.0,54.57783,465.57996,3.3907179999999926
Vienna,0.25,Peak-aware,Greedy,11,13.868397,36.81136,100.0,60.195354,497.4749,3.3907179999999926
Vienna,0.25,Peak-aware,Greedy,12,14.944479,39.720444,100.0,62.985157,463.25403,3.3907179999999926
Vienna,0.25,Peak-aware,Greedy,13,14.193701,37.535553,100.0,56.618534,504.40286,3.3907179999999926
Vienna,0.25,Peak-aware,Greedy,14,14.678989,38.998314,100.0,58.315475,448.1418,3.3907179999999926
Vienna,0.25,Peak-aware,Greedy,15,16.073555,42.61329,100.0,58.3316,503.13864,3.3907179999999926
Vienna,0.25,Peak-aware,Greedy,16,13.582342,36.16059,100.0,60.54646,415.38275,3.3907179999999926
Vienna,0.25,Peak-aware,Greedy,17,15.6216545,41.46407,100.0,66.063354,518.1415,3.3907179999999926
Vienna,0.25,Peak-aware,Greedy,18,13.35931,35.41807,100.0,58.304913,454.98367,3.3907179999999926
Vienna,0.25,Peak-aware,Greedy,19,12.017866,31.925646,100.0,49.40664,499.8087,3.3907179999999926
Vienna,0.25,Peak-aware,Greedy,20,12.448331,33.13623,100.0,51.44862,404.35245,3.3907179999999926
Vienna,0.25,Peak-aware,Greedy,21,12.858443,34.069065,100.0,50.32369,511.6488,3.3907179999999926
Vienna,0.25,Peak-aware,Greedy,22,14.434392,38.438213,100.0,59.037884,511.82492,3.3907179999999926
Vienna,0.25,Peak-aware,Greedy,23,14.656659,38.950012,100.0,62.844776,356.18872,3.3907179999999926
Vienna,0.25,Peak-aware,Greedy,24,14.80294,39.41272,100.0,54.679775,513.08954,3.3907179999999926
Vienna,0.25,Peak-aware,Greedy,25,12.199878,32.401855,100.0,50.476646,510.97995,3.3907179999999926
Vienna,0.25,Peak-aware,Greedy,26,14.139193,37.46495,100.0,56.969627,511.68338,3.3907179999999926
Vienna,0.25,Peak-aware,Greedy,27,17.139803,45.390644,100.0,68.14307,513.2265,3.3907179999999926
Vienna,0.25,Peak-aware,Greedy,28,12.795223,33.950333,100.0,50.85335,507.79025,3.3907179999999926
Vienna,0.25,Peak-aware,Greedy,29,12.196162,32.402225,100.0,51.399746,373.68634,3.3907179999999926
Vienna,0.25,Peak-aware,Greedy,30,15.770114,41.91392,100.0,64.302536,466.62906,3.3907179999999926
Vienna,0.25,Peak-aware,Greedy,31,13.116343,34.809025,100.0,51.5058,498.5059,3.3907179999999926
Vienna,0.25,Peak-aware,Greedy,32,13.97701,37.031178,100.0,55.95836,465.74625,3.3907179999999926
Vienna,0.25,Peak-aware,Greedy,33,13.489393,35.86039,100.0,59.778725,514.94586,3.3907179999999926
Vienna,0.25,Peak-aware,Greedy,34,14.936055,39.718864,100.0,60.926765,496.5286,3.3907179999999926
Vienna,0.25,Peak-aware,Greedy,35,13.613092,36.17602,100.0,55.49637,472.01855,3.3907179999999926
Vienna,0.25,Peak-aware,Greedy,36,15.768501,42.052,100.0,61.95782,515.76245,3.3907179999999926
Vienna,0.25,Peak-aware,Greedy,37,15.843491,42.191746,100.0,60.71919,457.19327,3.3907179999999926
Vienna,0.25,Peak-aware,Greedy,38,15.523876,41.17147,100.0,60.45433,517.37744,3.3907179999999926
Vienna,0.25,Peak-aware,Greedy,39,14.822851,39.36902,100.0,62.355343,498.37686,3.3907179999999926
Vienna,0.25,Peak-aware,Greedy,40,11.625066,30.846903,100.0,42.588215,512.5842,3.3907179999999926
Vienna,0.25,Peak-aware,Greedy,41,14.6183405,38.697483,100.0,61.35887,505.97952,3.3907179999999926
Vienna,0.25,Peak-aware,Greedy,42,13.173828,35.10895,100.0,58.191723,325.5813,3.3907179999999926
Vienna,0.25,Peak-aware,Greedy,43,12.281298,32.52552,100.0,49.3818,416.586,3.3907179999999926
Vienna,0.25,Peak-aware,Greedy,44,15.641704,41.56849,100.0,63.010098,459.48654,3.3907179999999926
Vienna,0.25,Peak-aware,Greedy,45,13.190643,34.918304,100.0,53.941113,509.81296,3.3907179999999926
Vienna,0.25,Peak-aware,Greedy,46,15.670188,41.626564,100.0,63.702007,504.62613,3.3907179999999926
Vienna,0.25,Peak-aware,Greedy,47,13.382631,35.40092,100.0,49.593338,498.40335,3.3907179999999926
Vienna,0.25,Peak-aware,Greedy,48,12.580423,33.366577,100.0,49.727737,505.96185,3.3907179999999926
Vienna,0.25,Peak-aware,Greedy,49,12.12046,32.224808,100.0,48.463417,500.25232,3.3907179999999926
Vienna,0.25,Peak-aware,Greedy,50,13.628818,36.33262,100.0,54.736458,509.9306,3.3907179999999926
Vienna,0.25,Peak-aware,Greedy,51,16.26247,43.14523,100.0,62.18197,448.06802,3.3907179999999926
Vienna,0.25,Peak-aware,Greedy,52,17.525944,46.575356,100.0,64.90508,502.34906,3.3907179999999926
Vienna,0.25,Peak-aware,Greedy,53,14.829873,39.356907,100.0,59.194813,509.0606,3.3907179999999926
Vienna,0.25,Peak-aware,Greedy,54,12.426431,32.990257,100.0,52.93736,494.29745,3.3907179999999926
Vienna,0.25,Peak-aware,Greedy,55,12.460852,33.132908,100.0,51.187645,462.70523,3.3907179999999926
Vienna,0.25,Peak-aware,Greedy,56,13.755767,36.393448,100.0,58.2001,508.9258,3.3907179999999926
Vienna,0.25,Peak-aware,Greedy,57,13.194393,35.14229,100.0,53.189568,510.7841,3.3907179999999926
Vienna,0.25,Peak-aware,Greedy,58,16.22206,42.967342,100.0,67.12766,468.3363,3.3907179999999926
Vienna,0.25,Peak-aware,Greedy,59,12.932178,34.403584,100.0,52.616165,459.8949,3.3907179999999926
Vienna,0.25,Peak-aware,Greedy,60,16.546299,44.132175,100.0,69.06892,415.34427,3.3907179999999926
Vienna,0.25,Peak-aware,Greedy,61,13.577067,36.014538,100.0,51.457565,465.24496,3.3907179999999926
Vienna,0.25,Peak-aware,Greedy,62,14.313636,38.04174,100.0,56.350803,454.99487,3.3907179999999926
Vienna,0.25,Peak-aware,Greedy,63,15.152551,40.317657,100.0,58.406647,469.27124,3.3907179999999926
Vienna,0.25,Peak-aware,Greedy,64,13.066149,34.503147,100.0,50.1857,515.5407,3.3907179999999926
Vienna,0.25,Peak-aware,Greedy,65,13.685388,36.426025,100.0,60.486,467.07382,3.3907179999999926
Vienna,0.25,Peak-aware,Greedy,66,13.005002,34.668842,100.0,60.602886,516.0026,3.3907179999999926
Vienna,0.25,Peak-aware,Greedy,67,12.017868,31.823494,100.0,52.40118,464.2525,3.3907179999999926
Vienna,0.25,Peak-aware,Greedy,68,12.3713255,32.8198,100.0,50.739933,516.1773,3.3907179999999926
Vienna,0.25,Peak-aware,Greedy,69,12.328501,32.56859,100.0,46.700397,451.90588,3.3907179999999926
Vienna,0.25,Peak-aware,Greedy,70,13.901658,36.862,100.0,55.6563,370.57663,3.3907179999999926
Vienna,0.25,Peak-aware,Greedy,71,14.155313,37.596546,100.0,57.17825,457.70532,3.3907179999999926
Vienna,0.25,Peak-aware,Greedy,72,9.926179,26.415468,100.0,40.936775,447.8393,3.3907179999999926
Vienna,0.25,Peak-aware,Greedy,73,18.201324,48.505894,100.0,74.87235,517.91724,3.3907179999999926
Vienna,0.25,Peak-aware,Greedy,74,15.072884,40.03016,100.0,56.71521,500.15155,3.3907179999999926
Vienna,0.25,Peak-aware,Greedy,75,14.205312,37.71165,100.0,56.61351,505.68524,3.3907179999999926
Vienna,0.25,Peak-aware,Greedy,76,11.882229,31.603151,100.0,48.486168,450.22314,3.3907179999999926
Vienna,0.25,Peak-aware,Greedy,77,12.440753,32.941372,100.0,52.8533,505.60095,3.3907179999999926
Vienna,0.25,Peak-aware,Greedy,78,12.985342,34.49601,100.0,54.935257,504.3551,3.3907179999999926
Vienna,0.25,Peak-aware,Greedy,79,13.194677,35.141323,95.0,53.21949,495.24863,3.3907179999999926
Vienna,0.25,Peak-aware,Greedy,80,14.452599,38.40958,100.0,60.31036,468.11163,3.3907179999999926
Vienna,0.25,Peak-aware,Greedy,81,15.054326,40.164143,100.0,58.35214,506.98935,3.3907179999999926
Vienna,0.25,Peak-aware,Greedy,82,12.58154,33.530724,100.0,46.604504,504.55072,3.3907179999999926
Vienna,0.25,Peak-aware,Greedy,83,12.59593,33.604584,100.0,52.769817,497.15024,3.3907179999999926
Vienna,0.25,Peak-aware,Greedy,84,14.336603,38.07607,100.0,58.173927,514.87164,3.3907179999999926
Vienna,0.25,Peak-aware,Greedy,85,15.023361,39.91961,100.0,63.589554,420.18896,3.3907179999999926
Vienna,0.25,Peak-aware,Greedy,86,15.141369,40.125305,100.0,58.03378,502.92245,3.3907179999999926
Vienna,0.25,Peak-aware,Greedy,87,12.5104065,33.27475,100.0,53.469715,509.1602,3.3907179999999926
Vienna,0.25,Peak-aware,Greedy,88,16.064377,42.55774,100.0,68.96323,464.9625,3.3907179999999926
Vienna,0.25,Peak-aware,Greedy,89,13.936075,37.045,100.0,54.213783,516.6369,3.3907179999999926
Vienna,0.25,Peak-aware,Greedy,90,12.284783,32.499218,100.0,53.421196,502.55167,3.3907179999999926
Vienna,0.25,Peak-aware,Greedy,91,16.01426,42.55276,100.0,64.152275,513.484,3.3907179999999926
Vienna,0.25,Peak-aware,Greedy,92,13.867215,36.849194,100.0,57.48036,469.5067,3.3907179999999926
Vienna,0.25,Peak-aware,Greedy,93,15.30368,40.446766,100.0,68.46777,461.18076,3.3907179999999926
Vienna,0.25,Peak-aware,Greedy,94,13.224609,35.06399,100.0,51.905674,454.82388,3.3907179999999926
Vienna,0.25,Peak-aware,Greedy,95,13.084471,34.83306,100.0,50.51065,501.56958,3.3907179999999926
Vienna,0.25,Peak-aware,Greedy,96,16.039097,42.548904,100.0,60.96072,459.18674,3.3907179999999926
Vienna,0.25,Peak-aware,Greedy,97,13.421579,35.76911,100.0,54.187138,410.61374,3.3907179999999926
Vienna,0.25,Peak-aware,Greedy,98,13.008103,34.643982,100.0,54.11326,417.23425,3.3907179999999926
Vienna,0.25,Peak-aware,Greedy,99,13.404028,35.646984,100.0,51.96588,509.57736,3.3907179999999926
Vienna,0.5,Off-peak,DVNDA,0,15.670545,41.642807,100.0,66.90587,484.44208,74.65139100000002
Vienna,0.5,Off-peak,DVNDA,1,14.337864,38.097176,100.0,55.89342,508.19897,74.65139100000002
Vienna,0.5,Off-peak,DVNDA,2,14.603417,38.882492,100.0,54.940308,509.3057,74.65139100000002
Vienna,0.5,Off-peak,DVNDA,3,10.695079,28.41219,100.0,41.116066,499.463,74.65139100000002
Vienna,0.5,Off-peak,DVNDA,4,15.1318,40.233624,100.0,60.43032,539.2265,74.65139100000002
Vienna,0.5,Off-peak,DVNDA,5,9.293932,24.64509,100.0,34.48061,483.18747,74.65139100000002
Vienna,0.5,Off-peak,DVNDA,6,12.879932,34.194256,100.0,50.69445,547.80786,74.65139100000002
Vienna,0.5,Off-peak,DVNDA,7,11.642577,31.008411,100.0,43.812134,511.29462,74.65139100000002
Vienna,0.5,Off-peak,DVNDA,8,12.936986,34.34831,100.0,52.87997,508.48325,74.65139100000002
Vienna,0.5,Off-peak,DVNDA,9,10.561088,27.997412,100.0,38.19936,536.7218,74.65139100000002
Vienna,0.5,Off-peak,DVNDA,10,13.793907,36.61533,100.0,54.42069,484.58432,74.65139100000002
Vienna,0.5,Off-peak,DVNDA,11,16.398165,43.57078,100.0,67.70117,498.86053,74.65139100000002
Vienna,0.5,Off-peak,DVNDA,12,15.548863,41.251305,100.0,64.28547,485.17438,74.65139100000002
Vienna,0.5,Off-peak,DVNDA,13,13.54245,35.910095,100.0,54.19416,523.0531,74.65139100000002
Vienna,0.5,Off-peak,DVNDA,14,12.029055,31.981544,100.0,46.77223,501.13245,74.65139100000002
Vienna,0.5,Off-peak,DVNDA,15,14.118464,37.382725,100.0,51.616184,501.57767,74.65139100000002
Vienna,0.5,Off-peak,DVNDA,16,13.0908575,34.81751,100.0,53.11308,540.0553,74.65139100000002
Vienna,0.5,Off-peak,DVNDA,17,14.239241,37.797928,100.0,61.632065,537.30896,74.65139100000002
Vienna,0.5,Off-peak,DVNDA,18,14.746844,39.20944,100.0,60.5257,482.89215,74.65139100000002
Vienna,0.5,Off-peak,DVNDA,19,11.279145,29.949356,100.0,42.926594,519.09827,74.65139100000002
Vienna,0.5,Off-peak,DVNDA,20,11.25711,29.862797,100.0,45.08124,482.55002,74.65139100000002
Vienna,0.5,Off-peak,DVNDA,21,11.199656,29.613773,100.0,43.229813,511.7514,74.65139100000002
Vienna,0.5,Off-peak,DVNDA,22,14.320717,38.053345,100.0,55.113247,509.5043,74.65139100000002
Vienna,0.5,Off-peak,DVNDA,23,15.1763115,40.260113,100.0,58.29207,517.73145,74.65139100000002
Vienna,0.5,Off-peak,DVNDA,24,12.442237,33.052338,100.0,46.03252,513.2238,74.65139100000002
Vienna,0.5,Off-peak,DVNDA,25,12.908211,34.312523,100.0,53.0905,510.97995,74.65139100000002
Vienna,0.5,Off-peak,DVNDA,26,14.836777,39.245724,100.0,57.151108,538.95044,74.65139100000002
Vienna,0.5,Off-peak,DVNDA,27,13.911243,36.82955,100.0,54.20001,510.43246,74.65139100000002
Vienna,0.5,Off-peak,DVNDA,28,10.525799,27.933432,100.0,42.783928,507.69934,74.65139100000002
Vienna,0.5,Off-peak,DVNDA,29,13.438292,35.66146,100.0,54.096886,516.7156,74.65139100000002
Vienna,0.5,Off-peak,DVNDA,30,14.698657,38.972176,100.0,62.31621,493.00983,74.65139100000002
Vienna,0.5,Off-peak,DVNDA,31,13.309817,35.32839,100.0,51.23263,498.1007,74.65139100000002
Vienna,0.5,Off-peak,DVNDA,32,14.07996,37.3,100.0,53.672745,489.28098,74.65139100000002
Vienna,0.5,Off-peak,DVNDA,33,12.764225,33.90697,100.0,58.444374,514.0387,74.65139100000002
Vienna,0.5,Off-peak,DVNDA,34,13.38912,35.6205,100.0,52.175343,496.48746,74.65139100000002
Vienna,0.5,Off-peak,DVNDA,35,16.098469,42.77139,100.0,62.549107,483.8867,74.65139100000002
Vienna,0.5,Off-peak,DVNDA,36,17.75473,47.388653,100.0,70.85833,513.7871,74.65139100000002
Vienna,0.5,Off-peak,DVNDA,37,14.758964,39.25079,100.0,54.13315,514.915,74.65139100000002
Vienna,0.5,Off-peak,DVNDA,38,16.826283,44.74564,100.0,62.14961,546.4052,74.65139100000002
Vienna,0.5,Off-peak,DVNDA,39,14.248109,37.883713,100.0,56.44686,498.1049,74.65139100000002
Vienna,0.5,Off-peak,DVNDA,40,11.392716,30.188217,100.0,43.381054,535.6073,74.65139100000002
Vienna,0.5,Off-peak,DVNDA,41,14.153665,37.52922,100.0,54.50703,503.05435,74.65139100000002
Vienna,0.5,Off-peak,DVNDA,42,12.265054,32.669147,100.0,47.740925,502.93423,74.65139100000002
Vienna,0.5,Off-peak,DVNDA,43,11.2759,29.978899,100.0,45.88561,483.6461,74.65139100000002
Vienna,0.5,Off-peak,DVNDA,44,14.772715,39.197056,100.0,57.644962,516.2769,74.65139100000002
Vienna,0.5,Off-peak,DVNDA,45,11.661461,30.96788,100.0,46.288967,532.151,74.65139100000002
Vienna,0.5,Off-peak,DVNDA,46,12.52101,33.36975,100.0,49.43313,511.68744,74.65139100000002
Vienna,0.5,Off-peak,DVNDA,47,16.686749,44.215424,100.0,59.272423,512.84784,74.65139100000002
Vienna,0.5,Off-peak,DVNDA,48,12.23568,32.453926,100.0,44.768074,514.9872,74.65139100000002
Vienna,0.5,Off-peak,DVNDA,49,11.415218,30.328562,100.0,43.382126,500.8945,74.65139100000002
Vienna,0.5,Off-peak,DVNDA,50,12.404776,33.029682,100.0,48.483746,509.9306,74.65139100000002
Vienna,0.5,Off-peak,DVNDA,51,12.021214,31.938908,100.0,46.575783,499.53717,74.65139100000002
Vienna,0.5,Off-peak,DVNDA,52,14.529084,38.55374,100.0,56.988594,526.90125,74.65139100000002
Vienna,0.5,Off-peak,DVNDA,53,11.826084,31.284851,100.0,45.573147,557.04645,74.65139100000002
Vienna,0.5,Off-peak,DVNDA,54,11.838178,31.44097,100.0,47.966507,506.59772,74.65139100000002
Vienna,0.5,Off-peak,DVNDA,55,11.738112,31.133904,100.0,43.220016,505.4369,74.65139100000002
Vienna,0.5,Off-peak,DVNDA,56,15.684408,41.684185,100.0,62.06716,510.19873,74.65139100000002
Vienna,0.5,Off-peak,DVNDA,57,14.887124,39.53249,100.0,58.42556,508.90485,74.65139100000002
Vienna,0.5,Off-peak,DVNDA,58,15.115214,40.112762,100.0,58.657703,483.74713,74.65139100000002
Vienna,0.5,Off-peak,DVNDA,59,15.364927,40.84102,100.0,58.445827,484.50165,74.65139100000002
Vienna,0.5,Off-peak,DVNDA,60,18.285078,48.51876,100.0,67.505295,503.49094,74.65139100000002
Vienna,0.5,Off-peak,DVNDA,61,12.458241,33.139843,100.0,49.94691,502.81088,74.65139100000002
Vienna,0.5,Off-peak,DVNDA,62,12.7042,33.866596,100.0,47.252857,484.3083,74.65139100000002
Vienna,0.5,Off-peak,DVNDA,63,16.144646,43.069344,100.0,58.976414,485.0777,74.65139100000002
Vienna,0.5,Off-peak,DVNDA,64,15.427868,40.965576,100.0,60.931534,514.83856,74.65139100000002
Vienna,0.5,Off-peak,DVNDA,65,14.638827,38.93242,100.0,60.813732,491.68494,74.65139100000002
Vienna,0.5,Off-peak,DVNDA,66,14.408269,38.425297,100.0,63.32767,544.00354,74.65139100000002
Vienna,0.5,Off-peak,DVNDA,67,12.201977,32.424088,100.0,50.574684,495.7508,74.65139100000002
Vienna,0.5,Off-peak,DVNDA,68,13.743515,36.339516,100.0,53.74042,533.21643,74.65139100000002
Vienna,0.5,Off-peak,DVNDA,69,10.545254,27.927494,100.0,40.88775,484.26434,74.65139100000002
Vienna,0.5,Off-peak,DVNDA,70,13.229947,35.11028,100.0,50.577198,507.021,74.65139100000002
Vienna,0.5,Off-peak,DVNDA,71,13.734296,36.401978,100.0,51.47169,485.8618,74.65139100000002
Vienna,0.5,Off-peak,DVNDA,72,13.070632,34.817455,100.0,50.385765,503.68854,74.65139100000002
Vienna,0.5,Off-peak,DVNDA,73,14.086366,37.614277,100.0,55.44197,545.85614,74.65139100000002
Vienna,0.5,Off-peak,DVNDA,74,13.785533,36.536102,100.0,54.22312,514.5648,74.65139100000002
Vienna,0.5,Off-peak,DVNDA,75,12.562402,33.324642,100.0,50.616817,502.93423,74.65139100000002
Vienna,0.5,Off-peak,DVNDA,76,11.7445965,31.2841,100.0,47.199333,482.8062,74.65139100000002
Vienna,0.5,Off-peak,DVNDA,77,14.387606,38.250393,100.0,57.448067,523.9454,74.65139100000002
Vienna,0.5,Off-peak,DVNDA,78,12.767525,33.91046,100.0,53.15144,502.9628,74.65139100000002
Vienna,0.5,Off-peak,DVNDA,79,13.260729,35.204933,100.0,51.263233,529.6892,74.65139100000002
Vienna,0.5,Off-peak,DVNDA,80,14.178818,37.69376,100.0,52.73041,523.0917,74.65139100000002
Vienna,0.5,Off-peak,DVNDA,81,12.031854,32.009686,100.0,46.580788,504.88712,74.65139100000002
Vienna,0.5,Off-peak,DVNDA,82,11.063952,29.459112,100.0,44.251446,519.1869,74.65139100000002
Vienna,0.5,Off-peak,DVNDA,83,14.730012,39.252693,100.0,60.190365,499.05624,74.65139100000002
Vienna,0.5,Off-peak,DVNDA,84,13.188943,34.959827,100.0,51.19544,543.39557,74.65139100000002
Vienna,0.5,Off-peak,DVNDA,85,13.110937,34.796593,100.0,49.62624,516.18976,74.65139100000002
Vienna,0.5,Off-peak,DVNDA,86,13.888102,36.887814,100.0,52.66447,514.10376,74.65139100000002
Vienna,0.5,Off-peak,DVNDA,87,13.594194,36.108192,100.0,49.549103,509.56937,74.65139100000002
Vienna,0.5,Off-peak,DVNDA,88,16.243183,43.129383,100.0,69.34038,514.3693,74.65139100000002
Vienna,0.5,Off-peak,DVNDA,89,15.19304,40.358494,100.0,58.42975,542.7912,74.65139100000002
Vienna,0.5,Off-peak,DVNDA,90,13.273588,35.2035,100.0,52.432278,501.87012,74.65139100000002
Vienna,0.5,Off-peak,DVNDA,91,14.910549,39.57242,100.0,60.43325,510.66592,74.65139100000002
Vienna,0.5,Off-peak,DVNDA,92,15.555248,41.31674,100.0,62.655216,499.9252,74.65139100000002
Vienna,0.5,Off-peak,DVNDA,93,14.245888,37.637455,100.0,59.106953,483.7246,74.65139100000002
Vienna,0.5,Off-peak,DVNDA,94,13.721836,36.41596,100.0,51.46378,484.12198,74.65139100000002
Vienna,0.5,Off-peak,DVNDA,95,14.729004,39.13558,100.0,59.33468,519.0785,74.65139100000002
Vienna,0.5,Off-peak,DVNDA,96,14.579415,38.763756,100.0,54.423492,498.24103,74.65139100000002
Vienna,0.5,Off-peak,DVNDA,97,11.402482,30.420513,100.0,45.098904,498.94427,74.65139100000002
Vienna,0.5,Off-peak,DVNDA,98,14.015099,37.246532,100.0,51.811478,500.26108,74.65139100000002
Vienna,0.5,Off-peak,DVNDA,99,13.54364,36.086468,100.0,51.728367,525.6289,74.65139100000002
Vienna,0.5,Off-peak,Greedy,0,19.076288,50.719574,100.0,75.17864,458.9968,3.7204009999999954
Vienna,0.5,Off-peak,Greedy,1,17.347034,46.133938,100.0,65.31632,508.96753,3.7204009999999954
Vienna,0.5,Off-peak,Greedy,2,14.884014,39.569843,100.0,56.674152,509.21985,3.7204009999999954
Vienna,0.5,Off-peak,Greedy,3,12.803206,34.12191,100.0,48.41681,499.463,3.7204009999999954
Vienna,0.5,Off-peak,Greedy,4,14.765569,39.18405,100.0,57.949753,517.68964,3.7204009999999954
Vienna,0.5,Off-peak,Greedy,5,12.6994505,33.738163,100.0,45.67733,461.6598,3.7204009999999954
Vienna,0.5,Off-peak,Greedy,6,18.544233,49.20163,100.0,70.04799,517.3427,3.7204009999999954
Vienna,0.5,Off-peak,Greedy,7,14.159765,37.61712,100.0,53.414104,515.10535,3.7204009999999954
Vienna,0.5,Off-peak,Greedy,8,15.287936,40.74873,100.0,57.368183,508.83786,3.7204009999999954
Vienna,0.5,Off-peak,Greedy,9,10.954336,29.090841,100.0,39.589108,508.82773,3.7204009999999954
Vienna,0.5,Off-peak,Greedy,10,15.451163,41.00204,100.0,59.21173,468.0686,3.7204009999999954
Vienna,0.5,Off-peak,Greedy,11,17.074791,45.315563,100.0,66.3347,497.49457,3.7204009999999954
Vienna,0.5,Off-peak,Greedy,12,14.572012,38.639183,100.0,60.583942,463.36603,3.7204009999999954
Vienna,0.5,Off-peak,Greedy,13,16.031479,42.39652,100.0,64.12868,503.8287,3.7204009999999954
Vienna,0.5,Off-peak,Greedy,14,15.2947235,40.50254,100.0,58.135147,500.9733,3.7204009999999954
Vienna,0.5,Off-peak,Greedy,15,18.067646,48.05246,100.0,66.88265,501.57767,3.7204009999999954
Vienna,0.5,Off-peak,Greedy,16,17.384382,46.266182,100.0,67.01871,514.7154,3.7204009999999954
Vienna,0.5,Off-peak,Greedy,17,18.198944,48.3129,100.0,75.75559,520.4593,3.7204009999999954
Vienna,0.5,Off-peak,Greedy,18,15.371189,40.84272,100.0,61.66335,454.86456,3.7204009999999954
Vienna,0.5,Off-peak,Greedy,19,12.04758,31.931623,100.0,46.690674,514.02625,3.7204009999999954
Vienna,0.5,Off-peak,Greedy,20,13.708197,36.37073,100.0,52.811356,412.37152,3.7204009999999954
Vienna,0.5,Off-peak,Greedy,21,14.747231,39.048687,100.0,55.581135,511.9984,3.7204009999999954
Vienna,0.5,Off-peak,Greedy,22,13.786632,36.607388,100.0,53.682472,508.8272,3.7204009999999954
Vienna,0.5,Off-peak,Greedy,23,18.6591,49.560276,100.0,66.99807,517.7315,3.7204009999999954
Vienna,0.5,Off-peak,Greedy,24,14.245347,37.921867,100.0,52.93201,516.2916,3.7204009999999954
Vienna,0.5,Off-peak,Greedy,25,16.784256,44.663475,100.0,63.57876,507.74643,3.7204009999999954
Vienna,0.5,Off-peak,Greedy,26,18.309618,48.519188,100.0,72.390594,517.0143,3.7204009999999954
Vienna,0.5,Off-peak,Greedy,27,17.37446,45.997833,100.0,65.8055,510.4324,3.7204009999999954
Vienna,0.5,Off-peak,Greedy,28,13.172079,34.89731,100.0,51.25338,507.97714,3.7204009999999954
Vienna,0.5,Off-peak,Greedy,29,16.930494,44.903816,100.0,62.820095,516.8834,3.7204009999999954
Vienna,0.5,Off-peak,Greedy,30,17.010408,45.2479,100.0,67.49135,466.745,3.7204009999999954
Vienna,0.5,Off-peak,Greedy,31,15.020882,39.994064,100.0,59.497272,498.10077,3.7204009999999954
Vienna,0.5,Off-peak,Greedy,32,15.102583,39.98029,100.0,56.066685,462.41248,3.7204009999999954
Vienna,0.5,Off-peak,Greedy,33,13.884691,36.95327,100.0,59.717186,515.0499,3.7204009999999954
Vienna,0.5,Off-peak,Greedy,34,14.083478,37.436268,100.0,55.455894,496.5286,3.7204009999999954
Vienna,0.5,Off-peak,Greedy,35,18.307945,48.662926,100.0,69.050644,471.45312,3.7204009999999954
Vienna,0.5,Off-peak,Greedy,36,17.975039,47.8052,100.0,67.52061,514.2788,3.7204009999999954
Vienna,0.5,Off-peak,Greedy,37,18.056871,48.15265,100.0,64.862465,516.7579,3.7204009999999954
Vienna,0.5,Off-peak,Greedy,38,17.43402,46.199596,95.0,62.873135,513.4464,3.7204009999999954
Vienna,0.5,Off-peak,Greedy,39,15.508836,41.296936,100.0,62.04487,497.618,3.7204009999999954
Vienna,0.5,Off-peak,Greedy,40,13.706421,36.499054,95.0,51.725586,508.37265,3.7204009999999954
Vienna,0.5,Off-peak,Greedy,41,16.736807,44.32904,100.0,66.758736,505.97952,3.7204009999999954
Vienna,0.5,Off-peak,Greedy,42,14.5310755,38.7541,100.0,55.651115,503.6407,3.7204009999999954
Vienna,0.5,Off-peak,Greedy,43,15.581906,41.429836,100.0,58.18864,447.0364,3.7204009999999954
Vienna,0.5,Off-peak,Greedy,44,16.180738,43.038956,100.0,61.18691,516.2769,3.7204009999999954
Vienna,0.5,Off-peak,Greedy,45,13.663751,36.199486,100.0,51.416973,511.0063,3.7204009999999954
Vienna,0.5,Off-peak,Greedy,46,17.239073,45.964077,100.0,64.471466,505.4286,3.7204009999999954
Vienna,0.5,Off-peak,Greedy,47,17.623255,46.719906,100.0,62.972218,499.98572,3.7204009999999954
Vienna,0.5,Off-peak,Greedy,48,14.323507,37.99369,100.0,53.824066,505.12134,3.7204009999999954
Vienna,0.5,Off-peak,Greedy,49,13.154513,34.95108,100.0,51.461334,501.70093,3.7204009999999954
Vienna,0.5,Off-peak,Greedy,50,17.702093,47.149048,100.0,65.599945,509.9306,3.7204009999999954
Vienna,0.5,Off-peak,Greedy,51,13.204646,35.00015,100.0,51.42975,499.53717,3.7204009999999954
Vienna,0.5,Off-peak,Greedy,52,17.968382,47.791824,100.0,66.95634,508.39926,3.7204009999999954
Vienna,0.5,Off-peak,Greedy,53,13.1780405,34.91376,95.0,51.306698,506.6367,3.7204009999999954
Vienna,0.5,Off-peak,Greedy,54,13.711233,36.44619,100.0,52.980553,506.3103,3.7204009999999954
Vienna,0.5,Off-peak,Greedy,55,13.344638,35.493416,100.0,48.96535,505.4369,3.7204009999999954
Vienna,0.5,Off-peak,Greedy,56,17.335829,45.905415,100.0,66.42921,509.88974,3.7204009999999954
Vienna,0.5,Off-peak,Greedy,57,17.828075,47.532684,100.0,67.40074,512.39557,3.7204009999999954
Vienna,0.5,Off-peak,Greedy,58,17.144573,45.410633,100.0,65.19113,470.4802,3.7204009999999954
Vienna,0.5,Off-peak,Greedy,59,20.301226,53.97865,100.0,74.90201,461.4703,3.7204009999999954
Vienna,0.5,Off-peak,Greedy,60,21.0791,56.167233,100.0,76.374954,502.72223,3.7204009999999954
Vienna,0.5,Off-peak,Greedy,61,16.203365,43.02107,100.0,61.449604,502.66605,3.7204009999999954
Vienna,0.5,Off-peak,Greedy,62,15.176761,40.392456,100.0,55.323734,468.3048,3.7204009999999954
Vienna,0.5,Off-peak,Greedy,63,19.64433,52.282997,100.0,72.71185,469.9552,3.7204009999999954
Vienna,0.5,Off-peak,Greedy,64,16.41461,43.425144,100.0,64.48135,513.77423,3.7204009999999954
Vienna,0.5,Off-peak,Greedy,65,17.013874,45.235268,100.0,69.03427,468.35666,3.7204009999999954
Vienna,0.5,Off-peak,Greedy,66,13.891397,37.064373,100.0,57.998165,517.36774,3.7204009999999954
Vienna,0.5,Off-peak,Greedy,67,12.887178,34.1219,100.0,53.181473,495.49838,3.7204009999999954
Vienna,0.5,Off-peak,Greedy,68,13.45742,35.66261,100.0,53.460144,513.10785,3.7204009999999954
Vienna,0.5,Off-peak,Greedy,69,14.272136,37.830967,100.0,54.204315,451.82004,3.7204009999999954
Vienna,0.5,Off-peak,Greedy,70,12.486689,33.115746,100.0,47.49647,506.47116,3.7204009999999954
Vienna,0.5,Off-peak,Greedy,71,16.715372,44.316097,100.0,64.19703,461.82886,3.7204009999999954
Vienna,0.5,Off-peak,Greedy,72,13.508964,35.98926,100.0,51.988506,504.8676,3.7204009999999954
Vienna,0.5,Off-peak,Greedy,73,16.668661,44.44427,100.0,66.00903,517.91724,3.7204009999999954
Vienna,0.5,Off-peak,Greedy,74,18.44389,48.88411,100.0,68.24663,502.2096,3.7204009999999954
Vienna,0.5,Off-peak,Greedy,75,14.716723,39.027733,100.0,55.905132,504.13016,3.7204009999999954
Vienna,0.5,Off-peak,Greedy,76,15.0117035,39.840977,100.0,59.5139,450.22314,3.7204009999999954
Vienna,0.5,Off-peak,Greedy,77,16.007936,42.493782,100.0,62.69535,505.56268,3.7204009999999954
Vienna,0.5,Off-peak,Greedy,78,14.041547,37.397892,100.0,57.11451,502.9628,3.7204009999999954
Vienna,0.5,Off-peak,Greedy,79,16.78076,44.611176,100.0,63.534386,514.9534,3.7204009999999954
Vienna,0.5,Off-peak,Greedy,80,18.523285,49.242477,100.0,67.83114,511.15533,3.7204009999999954
Vienna,0.5,Off-peak,Greedy,81,16.949461,45.096428,100.0,63.61612,505.82828,3.7204009999999954
Vienna,0.5,Off-peak,Greedy,82,17.400013,46.20898,100.0,63.05493,502.81317,3.7204009999999954
Vienna,0.5,Off-peak,Greedy,83,16.782682,44.608036,100.0,64.104744,497.15024,3.7204009999999954
Vienna,0.5,Off-peak,Greedy,84,14.473669,38.453945,100.0,56.263317,512.48474,3.7204009999999954
Vienna,0.5,Off-peak,Greedy,85,15.619134,41.51771,100.0,58.559467,516.18976,3.7204009999999954
Vienna,0.5,Off-peak,Greedy,86,17.528526,46.521133,100.0,66.79005,505.93414,3.7204009999999954
Vienna,0.5,Off-peak,Greedy,87,14.234714,37.83205,100.0,51.947342,508.93307,3.7204009999999954
Vienna,0.5,Off-peak,Greedy,88,17.682041,46.83567,100.0,74.504456,512.09814,3.7204009999999954
Vienna,0.5,Off-peak,Greedy,89,19.039167,50.607906,100.0,71.28999,514.9975,3.7204009999999954
Vienna,0.5,Off-peak,Greedy,90,15.401212,40.90181,100.0,61.133415,503.87518,3.7204009999999954
Vienna,0.5,Off-peak,Greedy,91,16.87653,44.82314,100.0,66.23897,513.0411,3.7204009999999954
Vienna,0.5,Off-peak,Greedy,92,17.605696,46.760925,100.0,68.136566,499.79535,3.7204009999999954
Vienna,0.5,Off-peak,Greedy,93,18.514797,48.738102,100.0,72.22151,460.33313,3.7204009999999954
Vienna,0.5,Off-peak,Greedy,94,13.816911,36.63975,100.0,51.988037,455.57455,3.7204009999999954
Vienna,0.5,Off-peak,Greedy,95,16.387224,43.608543,100.0,63.753338,502.36038,3.7204009999999954
Vienna,0.5,Off-peak,Greedy,96,15.995018,42.49362,100.0,58.68797,497.2622,3.7204009999999954
Vienna,0.5,Off-peak,Greedy,97,14.64748,39.107613,100.0,55.490837,498.94427,3.7204009999999954
Vienna,0.5,Off-peak,Greedy,98,16.074257,42.772648,100.0,57.59346,502.9498,3.7204009999999954
Vienna,0.5,Off-peak,Greedy,99,15.726906,41.833603,100.0,58.33613,506.13327,3.7204009999999954
Vienna,0.5,Peak-aware,DVNDA,0,15.527395,41.35365,100.0,70.27947,483.78943,73.20436099999995
Vienna,0.5,Peak-aware,DVNDA,1,14.345255,38.11961,100.0,59.653683,508.19897,73.20436099999995
Vienna,0.5,Peak-aware,DVNDA,2,14.6215925,38.93679,100.0,61.688377,509.3057,73.20436099999995
Vienna,0.5,Peak-aware,DVNDA,3,10.695079,28.412186,100.0,43.466526,499.463,73.20436099999995
Vienna,0.5,Peak-aware,DVNDA,4,15.1318,40.233624,100.0,65.55678,539.2265,73.20436099999995
Vienna,0.5,Peak-aware,DVNDA,5,9.293933,24.64509,100.0,36.226402,483.18747,73.20436099999995
Vienna,0.5,Peak-aware,DVNDA,6,12.881073,34.197136,100.0,54.03581,547.80786,73.20436099999995
Vienna,0.5,Peak-aware,DVNDA,7,11.643718,31.011295,100.0,47.128086,511.29462,73.20436099999995
Vienna,0.5,Peak-aware,DVNDA,8,12.936986,34.34831,100.0,56.94914,508.48325,73.20436099999995
Vienna,0.5,Peak-aware,DVNDA,9,10.559047,28.003798,100.0,41.44606,536.7218,73.20436099999995
Vienna,0.5,Peak-aware,DVNDA,10,13.802438,36.640648,100.0,60.98204,484.58432,73.20436099999995
Vienna,0.5,Peak-aware,DVNDA,11,16.27451,43.247623,100.0,72.93738,498.86053,73.20436099999995
Vienna,0.5,Peak-aware,DVNDA,12,15.548862,41.251305,100.0,65.84832,485.17438,73.20436099999995
Vienna,0.5,Peak-aware,DVNDA,13,13.545425,35.917236,100.0,59.89463,523.0531,73.20436099999995
Vienna,0.5,Peak-aware,DVNDA,14,12.036445,32.00398,100.0,50.91262,501.13245,73.20436099999995
Vienna,0.5,Peak-aware,DVNDA,15,13.999031,37.101955,100.0,57.32358,501.57767,73.20436099999995
Vienna,0.5,Peak-aware,DVNDA,16,12.9294615,34.377636,100.0,59.523777,540.0553,73.20436099999995
Vienna,0.5,Peak-aware,DVNDA,17,14.239241,37.797928,100.0,64.56412,537.30896,73.20436099999995
Vienna,0.5,Peak-aware,DVNDA,18,14.63388,38.886047,100.0,65.3791,482.89215,73.20436099999995
Vienna,0.5,Peak-aware,DVNDA,19,11.286535,29.971786,100.0,47.939625,519.59625,73.20436099999995
Vienna,0.5,Peak-aware,DVNDA,20,11.258946,29.867054,100.0,49.553333,482.55002,73.20436099999995
Vienna,0.5,Peak-aware,DVNDA,21,11.199656,29.613773,100.0,46.946068,511.7514,73.20436099999995
Vienna,0.5,Peak-aware,DVNDA,22,14.320717,38.053345,100.0,58.390385,509.5043,73.20436099999995
Vienna,0.5,Peak-aware,DVNDA,23,15.1763115,40.260113,100.0,62.168457,517.73145,73.20436099999995
Vienna,0.5,Peak-aware,DVNDA,24,12.444076,33.056595,100.0,49.350433,513.2238,73.20436099999995
Vienna,0.5,Peak-aware,DVNDA,25,12.871107,34.222145,100.0,55.6982,510.97995,73.20436099999995
Vienna,0.5,Peak-aware,DVNDA,26,14.836777,39.245728,100.0,60.37007,538.95044,73.20436099999995
Vienna,0.5,Peak-aware,DVNDA,27,13.748708,36.386795,100.0,58.0216,510.43246,73.20436099999995
Vienna,0.5,Peak-aware,DVNDA,28,10.525799,27.933432,100.0,46.07597,507.69934,73.20436099999995
Vienna,0.5,Peak-aware,DVNDA,29,13.16549,34.968647,100.0,58.006687,516.7156,73.20436099999995
Vienna,0.5,Peak-aware,DVNDA,30,14.701697,38.9763,100.0,64.92734,493.00983,73.20436099999995
Vienna,0.5,Peak-aware,DVNDA,31,13.312858,35.332516,100.0,53.257454,498.1007,73.20436099999995
Vienna,0.5,Peak-aware,DVNDA,32,14.082937,37.30714,100.0,57.36518,489.28098,73.20436099999995
Vienna,0.5,Peak-aware,DVNDA,33,12.756968,33.863846,100.0,61.912235,514.0387,73.20436099999995
Vienna,0.5,Peak-aware,DVNDA,34,13.390261,35.62338,100.0,54.654526,496.48746,73.20436099999995
Vienna,0.5,Peak-aware,DVNDA,35,15.901201,42.239704,100.0,69.80055,483.8867,73.20436099999995
Vienna,0.5,Peak-aware,DVNDA,36,17.755869,47.391537,100.0,74.98212,513.7871,73.20436099999995
Vienna,0.5,Peak-aware,DVNDA,37,14.767493,39.276108,100.0,58.993435,514.915,73.20436099999995
Vienna,0.5,Peak-aware,DVNDA,38,16.833673,44.768074,100.0,67.383125,546.4052,73.20436099999995
Vienna,0.5,Peak-aware,DVNDA,39,14.152078,37.60796,100.0,61.4843,498.1049,73.20436099999995
Vienna,0.5,Peak-aware,DVNDA,40,11.392716,30.188217,100.0,45.198864,535.6073,73.20436099999995
Vienna,0.5,Peak-aware,DVNDA,41,14.153665,37.52922,100.0,57.63054,503.05435,73.20436099999995
Vienna,0.5,Peak-aware,DVNDA,42,12.160904,32.37151,100.0,51.972042,502.93423,73.20436099999995
Vienna,0.5,Peak-aware,DVNDA,43,11.2770405,29.981781,100.0,49.81914,483.6461,73.20436099999995
Vienna,0.5,Peak-aware,DVNDA,44,14.772715,39.197056,100.0,62.32594,516.2769,73.20436099999995
Vienna,0.5,Peak-aware,DVNDA,45,11.661461,30.96788,100.0,49.287086,532.151,73.20436099999995
Vienna,0.5,Peak-aware,DVNDA,46,12.442151,33.130478,100.0,53.57968,511.68744,73.20436099999995
Vienna,0.5,Peak-aware,DVNDA,47,16.695278,44.24074,100.0,64.80321,512.84784,73.20436099999995
Vienna,0.5,Peak-aware,DVNDA,48,12.238434,32.454327,100.0,46.179745,514.9872,73.20436099999995
Vienna,0.5,Peak-aware,DVNDA,49,11.416359,30.331442,100.0,47.272713,500.8945,73.20436099999995
Vienna,0.5,Peak-aware,DVNDA,50,12.404776,33.029682,100.0,50.407894,509.9306,73.20436099999995
Vienna,0.5,Peak-aware,DVNDA,51,12.021499,31.939342,100.0,48.979774,499.53717,73.20436099999995
Vienna,0.5,Peak-aware,DVNDA,52,14.530922,38.558,100.0,60.038467,526.90125,73.20436099999995
Vienna,0.5,Peak-aware,DVNDA,53,11.826084,31.284851,100.0,48.428677,557.04645,73.20436099999995
Vienna,0.5,Peak-aware,DVNDA,54,11.846709,31.466286,100.0,50.681824,506.59772,73.20436099999995
Vienna,0.5,Peak-aware,DVNDA,55,11.746642,31.159222,100.0,48.638813,505.4369,73.20436099999995
Vienna,0.5,Peak-aware,DVNDA,56,15.388488,40.91266,100.0,65.16425,510.19873,73.20436099999995
Vienna,0.5,Peak-aware,DVNDA,57,14.887124,39.53249,100.0,60.161613,508.90485,73.20436099999995
Vienna,0.5,Peak-aware,DVNDA,58,15.111152,40.112095,100.0,62.419975,483.74713,73.20436099999995
Vienna,0.5,Peak-aware,DVNDA,59,15.364927,40.84102,100.0,63.93143,484.50165,73.20436099999995
Vienna,0.5,Peak-aware,DVNDA,60,18.285078,48.51876,100.0,72.10481,503.49094,73.20436099999995
Vienna,0.5,Peak-aware,DVNDA,61,12.466771,33.165157,100.0,53.19721,502.81088,73.20436099999995
Vienna,0.5,Peak-aware,DVNDA,62,12.7042,33.866596,100.0,51.726025,484.3083,73.20436099999995
Vienna,0.5,Peak-aware,DVNDA,63,16.075314,42.71488,100.0,62.12989,484.04938,73.20436099999995
Vienna,0.5,Peak-aware,DVNDA,64,15.432932,40.993965,100.0,65.32511,514.83856,73.20436099999995
Vienna,0.5,Peak-aware,DVNDA,65,14.667916,39.0001,100.0,65.21246,491.68494,73.20436099999995
Vienna,0.5,Peak-aware,DVNDA,66,14.405943,38.43125,100.0,67.44471,544.00354,73.20436099999995
Vienna,0.5,Peak-aware,DVNDA,67,12.2045765,32.430637,100.0,53.36738,495.7508,73.20436099999995
Vienna,0.5,Peak-aware,DVNDA,68,13.746912,36.348953,100.0,56.37994,533.21643,73.20436099999995
Vienna,0.5,Peak-aware,DVNDA,69,10.545254,27.927494,100.0,42.444294,484.26434,73.20436099999995
Vienna,0.5,Peak-aware,DVNDA,70,13.099575,34.798656,100.0,55.374672,507.021,73.20436099999995
Vienna,0.5,Peak-aware,DVNDA,71,13.735057,36.404266,100.0,55.5183,485.8618,73.20436099999995
Vienna,0.5,Peak-aware,DVNDA,72,13.079162,34.84277,100.0,54.02838,503.68854,73.20436099999995
Vienna,0.5,Peak-aware,DVNDA,73,14.086366,37.614277,100.0,60.298267,545.85614,73.20436099999995
Vienna,0.5,Peak-aware,DVNDA,74,13.785533,36.536102,100.0,55.826275,514.5648,73.20436099999995
Vienna,0.5,Peak-aware,DVNDA,75,12.562402,33.324642,100.0,54.436207,502.93423,73.20436099999995
Vienna,0.5,Peak-aware,DVNDA,76,11.7445965,31.2841,100.0,49.648445,482.8062,73.20436099999995
Vienna,0.5,Peak-aware,DVNDA,77,14.396135,38.275707,100.0,60.24107,523.9454,73.20436099999995
Vienna,0.5,Peak-aware,DVNDA,78,12.768665,33.913345,100.0,56.42337,502.9628,73.20436099999995
Vienna,0.5,Peak-aware,DVNDA,79,13.260729,35.204933,100.0,53.539265,529.6892,73.20436099999995
Vienna,0.5,Peak-aware,DVNDA,80,14.178818,37.69376,100.0,56.703613,523.0917,73.20436099999995
Vienna,0.5,Peak-aware,DVNDA,81,12.040383,32.035,100.0,51.005287,504.88712,73.20436099999995
Vienna,0.5,Peak-aware,DVNDA,82,11.0647135,29.461405,100.0,46.711548,519.1869,73.20436099999995
Vienna,0.5,Peak-aware,DVNDA,83,14.73924,39.279385,100.0,62.988373,499.05624,73.20436099999995
Vienna,0.5,Peak-aware,DVNDA,84,13.188943,34.959827,100.0,54.760746,543.39557,73.20436099999995
Vienna,0.5,Peak-aware,DVNDA,85,13.112775,34.800854,100.0,54.368332,516.18976,73.20436099999995
Vienna,0.5,Peak-aware,DVNDA,86,13.897772,36.91601,100.0,55.57611,514.10376,73.20436099999995
Vienna,0.5,Peak-aware,DVNDA,87,13.594194,36.108192,100.0,54.373844,509.56937,73.20436099999995
Vienna,0.5,Peak-aware,DVNDA,88,16.215975,43.058994,100.0,74.32133,514.3693,73.20436099999995
Vienna,0.5,Peak-aware,DVNDA,89,15.200431,40.380928,100.0,60.408188,542.7912,73.20436099999995
Vienna,0.5,Peak-aware,DVNDA,90,13.274728,35.206383,100.0,57.08058,501.87012,73.20436099999995
Vienna,0.5,Peak-aware,DVNDA,91,14.91169,39.5753,100.0,64.19669,510.66592,73.20436099999995
Vienna,0.5,Peak-aware,DVNDA,92,15.556388,41.31962,100.0,65.7327,499.9252,73.20436099999995
Vienna,0.5,Peak-aware,DVNDA,93,14.245888,37.637455,100.0,63.3024,483.7246,73.20436099999995
Vienna,0.5,Peak-aware,DVNDA,94,13.721836,36.41596,100.0,54.719368,484.12198,73.20436099999995
Vienna,0.5,Peak-aware,DVNDA,95,14.729004,39.13558,100.0,62.51229,519.0785,73.20436099999995
Vienna,0.5,Peak-aware,DVNDA,96,14.441231,38.408752,100.0,57.99149,498.24103,73.20436099999995
Vienna,0.5,Peak-aware,DVNDA,97,11.411012,30.445827,100.0,46.85711,498.94427,73.20436099999995
Vienna,0.5,Peak-aware,DVNDA,98,13.853703,36.806656,100.0,55.78202,500.26108,73.20436099999995
Vienna,0.5,Peak-aware,DVNDA,99,13.4306755,35.763073,100.0,54.308907,525.6289,73.20436099999995
Vienna,0.5,Peak-aware,Greedy,0,19.01503,50.56221,100.0,80.909,458.9968,3.749956999999995
Vienna,0.5,Peak-aware,Greedy,1,17.347034,46.133938,100.0,69.16648,508.96753,3.749956999999995
Vienna,0.5,Peak-aware,Greedy,2,14.898794,39.61471,100.0,59.922203,509.21985,3.749956999999995
Vienna,0.5,Peak-aware,Greedy,3,12.803206,34.12191,100.0,50.954887,499.463,3.749956999999995
Vienna,0.5,Peak-aware,Greedy,4,14.774099,39.209366,100.0,61.59281,517.68964,3.749956999999995
Vienna,0.5,Peak-aware,Greedy,5,12.649996,33.618523,100.0,50.493637,461.6598,3.749956999999995
Vienna,0.5,Peak-aware,Greedy,6,18.053171,47.930855,100.0,72.55725,517.3427,3.749956999999995
Vienna,0.5,Peak-aware,Greedy,7,14.160906,37.620003,100.0,55.980434,515.10535,3.749956999999995
Vienna,0.5,Peak-aware,Greedy,8,15.296466,40.774048,100.0,61.545578,508.83786,3.749956999999995
Vienna,0.5,Peak-aware,Greedy,9,10.9508705,29.09391,100.0,41.215984,508.82773,3.749956999999995
Vienna,0.5,Peak-aware,Greedy,10,15.33173,40.721268,100.0,65.99091,468.0686,3.749956999999995
Vienna,0.5,Peak-aware,Greedy,11,17.082182,45.337997,100.0,70.05306,497.49457,3.749956999999995
Vienna,0.5,Peak-aware,Greedy,12,14.572012,38.639183,100.0,63.10447,463.36603,3.749956999999995
Vienna,0.5,Peak-aware,Greedy,13,16.031479,42.39652,100.0,67.348175,503.8287,3.749956999999995
Vienna,0.5,Peak-aware,Greedy,14,15.302114,40.524975,100.0,62.650063,500.9733,3.749956999999995
Vienna,0.5,Peak-aware,Greedy,15,18.075035,48.074894,100.0,72.568054,501.57767,3.749956999999995
Vienna,0.5,Peak-aware,Greedy,16,17.231516,45.851624,100.0,74.39873,514.7154,3.749956999999995
Vienna,0.5,Peak-aware,Greedy,17,18.198944,48.3129,100.0,78.15841,520.4593,3.749956999999995
Vienna,0.5,Peak-aware,Greedy,18,15.371189,40.84272,100.0,64.84518,454.86456,3.749956999999995
Vienna,0.5,Peak-aware,Greedy,19,12.05497,31.954056,100.0,51.167854,514.02625,3.749956999999995
Vienna,0.5,Peak-aware,Greedy,20,13.666014,36.26069,100.0,60.33811,412.9197,3.749956999999995
Vienna,0.5,Peak-aware,Greedy,21,14.747231,39.048687,100.0,57.991978,511.9984,3.749956999999995
Vienna,0.5,Peak-aware,Greedy,22,13.786632,36.607388,100.0,55.570423,508.8272,3.749956999999995
Vienna,0.5,Peak-aware,Greedy,23,18.66763,49.58559,100.0,71.43955,517.7315,3.749956999999995
Vienna,0.5,Peak-aware,Greedy,24,14.132381,37.598476,100.0,55.058712,516.2916,3.749956999999995
Vienna,0.5,Peak-aware,Greedy,25,16.784256,44.663475,100.0,65.30588,507.74643,3.749956999999995
Vienna,0.5,Peak-aware,Greedy,26,18.309618,48.519188,100.0,75.04935,517.0143,3.749956999999995
Vienna,0.5,Peak-aware,Greedy,27,17.37636,46.003006,100.0,71.176674,510.4324,3.749956999999995
Vienna,0.5,Peak-aware,Greedy,28,13.172079,34.89731,100.0,52.883457,507.97714,3.749956999999995
Vienna,0.5,Peak-aware,Greedy,29,16.930494,44.903816,100.0,66.734634,516.8834,3.749956999999995
Vienna,0.5,Peak-aware,Greedy,30,17.010408,45.2479,100.0,69.24652,466.745,3.749956999999995
Vienna,0.5,Peak-aware,Greedy,31,15.028272,40.0165,100.0,63.727203,498.10077,3.749956999999995
Vienna,0.5,Peak-aware,Greedy,32,15.114091,40.012745,100.0,59.85715,462.41248,3.749956999999995
Vienna,0.5,Peak-aware,Greedy,33,13.884691,36.95327,100.0,62.782406,515.0499,3.749956999999995
Vienna,0.5,Peak-aware,Greedy,34,14.083478,37.436268,100.0,57.512005,496.5286,3.749956999999995
Vienna,0.5,Peak-aware,Greedy,35,18.121243,48.16378,100.0,72.86137,471.45312,3.749956999999995
Vienna,0.5,Peak-aware,Greedy,36,17.975039,47.8052,100.0,71.25143,514.2788,3.749956999999995
Vienna,0.5,Peak-aware,Greedy,37,18.058012,48.155533,100.0,68.18637,516.7579,3.749956999999995
Vienna,0.5,Peak-aware,Greedy,38,17.43402,46.199596,95.0,66.954414,513.4464,3.749956999999995
Vienna,0.5,Peak-aware,Greedy,39,15.508836,41.296936,100.0,65.94092,497.618,3.749956999999995
Vienna,0.5,Peak-aware,Greedy,40,13.7075615,36.501938,95.0,55.9741,508.37265,3.749956999999995
Vienna,0.5,Peak-aware,Greedy,41,16.745337,44.354355,100.0,69.9724,505.97952,3.749956999999995
Vienna,0.5,Peak-aware,Greedy,42,14.42664,38.456024,100.0,60.09451,503.6407,3.749956999999995
Vienna,0.5,Peak-aware,Greedy,43,15.085866,40.087265,100.0,62.80096,447.0364,3.749956999999995
Vienna,0.5,Peak-aware,Greedy,44,16.180738,43.038956,100.0,64.29061,516.2769,3.749956999999995
Vienna,0.5,Peak-aware,Greedy,45,13.663751,36.199486,100.0,53.09846,511.0063,3.749956999999995
Vienna,0.5,Peak-aware,Greedy,46,17.241827,45.964478,100.0,68.90016,505.4286,3.749956999999995
Vienna,0.5,Peak-aware,Greedy,47,17.625534,46.72567,100.0,67.24219,499.98572,3.749956999999995
Vienna,0.5,Peak-aware,Greedy,48,14.333178,38.02189,100.0,57.065018,505.12134,3.749956999999995
Vienna,0.5,Peak-aware,Greedy,49,13.152188,34.95703,100.0,53.192787,501.70093,3.749956999999995
Vienna,0.5,Peak-aware,Greedy,50,17.711763,47.177246,100.0,69.5162,509.9306,3.749956999999995
Vienna,0.5,Peak-aware,Greedy,51,13.204646,35.00015,100.0,52.12648,499.53717,3.749956999999995
Vienna,0.5,Peak-aware,Greedy,52,17.97022,47.79608,100.0,68.24376,508.39926,3.749956999999995
Vienna,0.5,Peak-aware,Greedy,53,13.187711,34.94196,95.0,53.9733,506.6367,3.749956999999995
Vienna,0.5,Peak-aware,Greedy,54,13.711233,36.44619,100.0,54.340416,506.3103,3.749956999999995
Vienna,0.5,Peak-aware,Greedy,55,13.3531685,35.51873,100.0,53.086117,505.4369,3.749956999999995
Vienna,0.5,Peak-aware,Greedy,56,17.286255,45.772938,100.0,69.66946,509.88974,3.749956999999995
Vienna,0.5,Peak-aware,Greedy,57,17.828075,47.532684,100.0,68.82772,512.39557,3.749956999999995
Vienna,0.5,Peak-aware,Greedy,58,17.144573,45.410633,100.0,68.25429,470.4802,3.749956999999995
Vienna,0.5,Peak-aware,Greedy,59,20.189638,53.679733,100.0,82.05295,461.4703,3.749956999999995
Vienna,0.5,Peak-aware,Greedy,60,21.080938,56.171494,100.0,80.717064,502.72223,3.749956999999995
Vienna,0.5,Peak-aware,Greedy,61,15.915976,42.27486,100.0,64.67333,502.66605,3.749956999999995
Vienna,0.5,Peak-aware,Greedy,62,15.176761,40.392456,100.0,58.66741,468.3048,3.749956999999995
Vienna,0.5,Peak-aware,Greedy,63,19.64433,52.282997,100.0,74.070244,469.9552,3.749956999999995
Vienna,0.5,Peak-aware,Greedy,64,16.41461,43.425144,100.0,66.72004,513.77423,3.749956999999995
Vienna,0.5,Peak-aware,Greedy,65,17.034433,45.277634,100.0,73.67482,468.35666,3.749956999999995
Vienna,0.5,Peak-aware,Greedy,66,13.892538,37.067253,100.0,59.634796,517.36774,3.749956999999995
Vienna,0.5,Peak-aware,Greedy,67,12.887463,34.122337,100.0,54.855186,495.49838,3.749956999999995
Vienna,0.5,Peak-aware,Greedy,68,13.473341,35.710358,100.0,56.246773,513.10785,3.749956999999995
Vienna,0.5,Peak-aware,Greedy,69,14.272136,37.830967,100.0,55.016365,451.82004,3.749956999999995
Vienna,0.5,Peak-aware,Greedy,70,12.496358,33.143944,100.0,51.78089,506.47116,3.749956999999995
Vienna,0.5,Peak-aware,Greedy,71,16.723904,44.34141,100.0,67.70689,461.82886,3.749956999999995
Vienna,0.5,Peak-aware,Greedy,72,13.517494,36.014576,100.0,54.92599,504.8676,3.749956999999995
Vienna,0.5,Peak-aware,Greedy,73,16.668661,44.44427,100.0,70.13547,517.91724,3.749956999999995
Vienna,0.5,Peak-aware,Greedy,74,18.45242,48.909424,100.0,70.92049,502.2096,3.749956999999995
Vienna,0.5,Peak-aware,Greedy,75,14.716723,39.027733,100.0,58.759262,504.13016,3.749956999999995
Vienna,0.5,Peak-aware,Greedy,76,14.849168,39.398224,100.0,63.024273,450.22314,3.749956999999995
Vienna,0.5,Peak-aware,Greedy,77,16.016466,42.5191,100.0,66.829926,505.56268,3.749956999999995
Vienna,0.5,Peak-aware,Greedy,78,14.041547,37.397892,100.0,58.861725,502.9628,3.749956999999995
Vienna,0.5,Peak-aware,Greedy,79,16.781898,44.61406,100.0,66.51145,514.9534,3.749956999999995
Vienna,0.5,Peak-aware,Greedy,80,18.56375,49.380062,100.0,74.62317,511.15533,3.749956999999995
Vienna,0.5,Peak-aware,Greedy,81,16.949461,45.096428,100.0,65.522514,505.82828,3.749956999999995
Vienna,0.5,Peak-aware,Greedy,82,17.288887,45.889847,100.0,67.38757,502.81317,3.749956999999995
Vienna,0.5,Peak-aware,Greedy,83,16.78452,44.612297,100.0,65.996895,497.15024,3.749956999999995
Vienna,0.5,Peak-aware,Greedy,84,14.402044,38.267006,100.0,60.32225,512.48474,3.749956999999995
Vienna,0.5,Peak-aware,Greedy,85,15.619134,41.51771,100.0,63.49987,516.18976,3.749956999999995
Vienna,0.5,Peak-aware,Greedy,86,17.538197,46.54933,100.0,68.96695,505.93414,3.749956999999995
Vienna,0.5,Peak-aware,Greedy,87,13.73035,36.51613,100.0,55.570923,512.60144,3.749956999999995
Vienna,0.5,Peak-aware,Greedy,88,17.682041,46.83567,100.0,78.54537,512.09814,3.749956999999995
Vienna,0.5,Peak-aware,Greedy,89,19.046558,50.63034,100.0,73.17711,514.9975,3.749956999999995
Vienna,0.5,Peak-aware,Greedy,90,15.401212,40.90181,100.0,66.04213,503.87518,3.749956999999995
Vienna,0.5,Peak-aware,Greedy,91,16.87653,44.82314,100.0,68.86037,513.0411,3.749956999999995
Vienna,0.5,Peak-aware,Greedy,92,17.606834,46.76381,100.0,70.482254,499.79535,3.749956999999995
Vienna,0.5,Peak-aware,Greedy,93,18.50798,48.737034,100.0,80.73576,460.33313,3.749956999999995
Vienna,0.5,Peak-aware,Greedy,94,13.816911,36.63975,100.0,55.724724,455.57455,3.749956999999995
Vienna,0.5,Peak-aware,Greedy,95,16.387224,43.608543,100.0,67.716515,502.36038,3.749956999999995
Vienna,0.5,Peak-aware,Greedy,96,15.514358,41.27759,100.0,62.978344,497.2622,3.749956999999995
Vienna,0.5,Peak-aware,Greedy,97,14.65601,39.132927,100.0,57.824833,498.94427,3.749956999999995
Vienna,0.5,Peak-aware,Greedy,98,15.897513,42.306385,100.0,62.026005,502.9498,3.749956999999995
Vienna,0.5,Peak-aware,Greedy,99,15.726906,41.833603,100.0,59.437202,506.13327,3.749956999999995
Vienna,0.75,Off-peak,DVNDA,0,17.971025,47.693703,100.0,72.52894,510.38205,68.597374
Vienna,0.75,Off-peak,DVNDA,1,16.827744,44.73952,100.0,64.59273,530.3351,68.597374
Vienna,0.75,Off-peak,DVNDA,2,12.693218,33.69034,100.0,48.74646,541.4883,68.597374
Vienna,0.75,Off-peak,DVNDA,3,12.531215,33.37338,100.0,47.59988,516.5771,68.597374
Vienna,0.75,Off-peak,DVNDA,4,18.670464,49.746315,100.0,72.68975,541.9381,68.597374
Vienna,0.75,Off-peak,DVNDA,5,11.852092,31.555248,100.0,43.436367,506.46265,68.597374
Vienna,0.75,Off-peak,DVNDA,6,16.31386,43.295624,100.0,62.473045,547.80786,68.597374
Vienna,0.75,Off-peak,DVNDA,7,13.323878,35.396305,100.0,50.475746,511.29462,68.597374
Vienna,0.75,Off-peak,DVNDA,8,14.622769,38.79664,100.0,56.038277,523.55743,68.597374
Vienna,0.75,Off-peak,DVNDA,9,14.363083,38.130524,100.0,50.076004,535.95654,68.597374
Vienna,0.75,Off-peak,DVNDA,10,13.944221,37.004574,100.0,55.719475,502.74347,68.597374
Vienna,0.75,Off-peak,DVNDA,11,15.7537565,41.890617,100.0,64.55532,498.86053,68.597374
Vienna,0.75,Off-peak,DVNDA,12,15.854266,42.10484,100.0,65.98949,508.67923,68.597374
Vienna,0.75,Off-peak,DVNDA,13,16.289747,43.250385,100.0,64.62541,523.5622,68.597374
Vienna,0.75,Off-peak,DVNDA,14,13.339693,35.432343,100.0,51.296337,501.13245,68.597374
Vienna,0.75,Off-peak,DVNDA,15,16.273094,43.17363,100.0,59.506348,501.98154,68.597374
Vienna,0.75,Off-peak,DVNDA,16,13.909489,37.04817,100.0,55.974575,559.7838,68.597374
Vienna,0.75,Off-peak,DVNDA,17,16.750778,44.40397,100.0,69.2203,539.4178,68.597374
Vienna,0.75,Off-peak,DVNDA,18,14.755821,39.275955,100.0,56.61424,483.5544,68.597374
Vienna,0.75,Off-peak,DVNDA,19,12.355865,32.854786,100.0,46.98631,519.09827,68.597374
Vienna,0.75,Off-peak,DVNDA,20,16.780272,44.596416,100.0,66.09526,516.27545,68.597374
Vienna,0.75,Off-peak,DVNDA,21,11.330707,29.996496,100.0,44.748695,511.7514,68.597374
Vienna,0.75,Off-peak,DVNDA,22,14.667025,38.964012,100.0,57.38448,509.5043,68.597374
Vienna,0.75,Off-peak,DVNDA,23,16.507217,43.81105,100.0,61.6942,516.8988,68.597374
Vienna,0.75,Off-peak,DVNDA,24,14.743045,39.333557,100.0,56.618797,514.0238,68.597374
Vienna,0.75,Off-peak,DVNDA,25,13.527635,35.851166,100.0,52.96005,538.7774,68.597374
Vienna,0.75,Off-peak,DVNDA,26,17.644335,46.70856,100.0,67.9224,541.9896,68.597374
Vienna,0.75,Off-peak,DVNDA,27,16.767294,44.43395,100.0,65.39639,510.43246,68.597374
Vienna,0.75,Off-peak,DVNDA,28,14.4821615,38.41571,100.0,55.23836,507.69934,68.597374
Vienna,0.75,Off-peak,DVNDA,29,13.652714,36.22178,100.0,51.32847,514.77954,68.597374
Vienna,0.75,Off-peak,DVNDA,30,16.620699,44.08879,100.0,68.869774,509.79688,68.597374
Vienna,0.75,Off-peak,DVNDA,31,14.27072,38.00455,100.0,57.335888,521.8338,68.597374
Vienna,0.75,Off-peak,DVNDA,32,13.794559,36.514908,100.0,51.92774,508.6974,68.597374
Vienna,0.75,Off-peak,DVNDA,33,13.899955,36.99743,100.0,59.062244,514.0387,68.597374
Vienna,0.75,Off-peak,DVNDA,34,16.63327,44.2842,100.0,65.56516,498.86053,68.597374
Vienna,0.75,Off-peak,DVNDA,35,15.636158,41.495358,100.0,61.667934,489.3818,68.597374
Vienna,0.75,Off-peak,DVNDA,36,16.786697,44.762447,100.0,65.07229,528.7517,68.597374
Vienna,0.75,Off-peak,DVNDA,37,14.686199,39.065075,100.0,53.7967,514.915,68.597374
Vienna,0.75,Off-peak,DVNDA,38,16.59298,44.07011,100.0,60.73145,528.094,68.597374
Vienna,0.75,Off-peak,DVNDA,39,16.888636,44.79349,100.0,68.64126,498.1049,68.597374
Vienna,0.75,Off-peak,DVNDA,40,12.961738,34.378437,100.0,47.565975,531.49646,68.597374
Vienna,0.75,Off-peak,DVNDA,41,16.191116,42.94463,100.0,63.558598,503.05435,68.597374
Vienna,0.75,Off-peak,DVNDA,42,14.840727,39.475655,100.0,55.422092,505.3681,68.597374
Vienna,0.75,Off-peak,DVNDA,43,12.128657,32.21472,100.0,48.28985,483.6461,68.597374
Vienna,0.75,Off-peak,DVNDA,44,13.680928,36.320583,100.0,53.308453,516.2769,68.597374
Vienna,0.75,Off-peak,DVNDA,45,14.496781,38.49502,100.0,53.88746,520.53326,68.597374
Vienna,0.75,Off-peak,DVNDA,46,15.015952,39.89173,100.0,57.94,504.6262,68.597374
Vienna,0.75,Off-peak,DVNDA,47,16.493704,43.580368,100.0,59.716446,527.20593,68.597374
Vienna,0.75,Off-peak,DVNDA,48,15.1903925,40.29334,100.0,55.63502,517.4617,68.597374
Vienna,0.75,Off-peak,DVNDA,49,12.422235,32.90228,100.0,47.662376,500.8945,68.597374
Vienna,0.75,Off-peak,DVNDA,50,14.351579,38.207775,100.0,56.12952,554.69196,68.597374
Vienna,0.75,Off-peak,DVNDA,51,12.738357,33.8276,100.0,49.773308,499.9708,68.597374
Vienna,0.75,Off-peak,DVNDA,52,16.103718,42.846355,100.0,60.08946,508.39926,68.597374
Vienna,0.75,Off-peak,DVNDA,53,15.510183,41.029617,100.0,60.530693,557.17065,68.597374
Vienna,0.75,Off-peak,DVNDA,54,13.275451,35.332745,100.0,52.524757,506.59772,68.597374
Vienna,0.75,Off-peak,DVNDA,55,12.28265,32.620384,100.0,45.080265,506.87198,68.597374
Vienna,0.75,Off-peak,DVNDA,56,16.624096,44.031166,100.0,65.64704,510.19873,68.597374
Vienna,0.75,Off-peak,DVNDA,57,15.642601,41.67454,100.0,59.102882,514.54517,68.597374
Vienna,0.75,Off-peak,DVNDA,58,15.01953,39.758327,100.0,58.20219,499.13654,68.597374
Vienna,0.75,Off-peak,DVNDA,59,16.578074,44.101765,100.0,61.51742,523.41254,68.597374
Vienna,0.75,Off-peak,DVNDA,60,16.534246,43.843704,100.0,60.94837,510.39676,68.597374
Vienna,0.75,Off-peak,DVNDA,61,15.343445,40.835354,100.0,59.601955,511.01416,68.597374
Vienna,0.75,Off-peak,DVNDA,62,15.298452,40.619324,100.0,56.921017,496.20633,68.597374
Vienna,0.75,Off-peak,DVNDA,63,20.373508,54.067993,100.0,71.431335,543.60736,68.597374
Vienna,0.75,Off-peak,DVNDA,64,17.509117,46.51643,100.0,67.284775,530.2184,68.597374
Vienna,0.75,Off-peak,DVNDA,65,15.892137,42.15706,100.0,66.5494,491.68494,68.597374
Vienna,0.75,Off-peak,DVNDA,66,14.899249,39.721508,100.0,65.421036,576.65424,68.597374
Vienna,0.75,Off-peak,DVNDA,67,14.539869,38.606976,100.0,57.37673,495.49832,68.597374
Vienna,0.75,Off-peak,DVNDA,68,14.417882,38.331623,100.0,56.980602,561.21185,68.597374
Vienna,0.75,Off-peak,DVNDA,69,15.855137,42.000645,100.0,59.7311,484.20502,68.597374
Vienna,0.75,Off-peak,DVNDA,70,14.167829,37.5882,100.0,51.606705,524.44574,68.597374
Vienna,0.75,Off-peak,DVNDA,71,13.5018,35.798176,100.0,50.126213,512.3317,68.597374
Vienna,0.75,Off-peak,DVNDA,72,13.21371,35.287212,100.0,49.570206,529.0236,68.597374
Vienna,0.75,Off-peak,DVNDA,73,15.685914,41.821205,100.0,65.040375,545.85614,68.597374
Vienna,0.75,Off-peak,DVNDA,74,16.128572,42.7395,100.0,60.363842,514.5648,68.597374
Vienna,0.75,Off-peak,DVNDA,75,11.524685,30.623543,100.0,45.740784,502.93423,68.597374
Vienna,0.75,Off-peak,DVNDA,76,16.159418,42.923428,100.0,63.121292,509.09015,68.597374
Vienna,0.75,Off-peak,DVNDA,77,18.437304,49.03801,100.0,73.23162,523.9454,68.597374
Vienna,0.75,Off-peak,DVNDA,78,14.546,38.64944,100.0,58.644833,507.9115,68.597374
Vienna,0.75,Off-peak,DVNDA,79,14.939843,39.748177,100.0,55.96064,578.01715,68.597374
Vienna,0.75,Off-peak,DVNDA,80,14.641299,38.92364,100.0,57.195087,511.1724,68.597374
Vienna,0.75,Off-peak,DVNDA,81,13.244211,35.208153,100.0,50.690197,507.64487,68.597374
Vienna,0.75,Off-peak,DVNDA,82,15.509966,41.35177,100.0,60.23378,539.29,68.597374
Vienna,0.75,Off-peak,DVNDA,83,16.062578,42.67488,100.0,64.57277,543.13794,68.597374
Vienna,0.75,Off-peak,DVNDA,84,15.117521,40.226913,100.0,55.437588,559.63385,68.597374
Vienna,0.75,Off-peak,DVNDA,85,13.803442,36.6655,100.0,51.65768,515.30176,68.597374
Vienna,0.75,Off-peak,DVNDA,86,15.879044,42.11773,100.0,60.479362,524.4377,68.597374
Vienna,0.75,Off-peak,DVNDA,87,17.301853,46.040955,100.0,63.52115,529.84515,68.597374
Vienna,0.75,Off-peak,DVNDA,88,17.02702,45.251415,100.0,70.74409,514.3693,68.597374
Vienna,0.75,Off-peak,DVNDA,89,16.240393,43.26232,100.0,61.069637,542.7912,68.597374
Vienna,0.75,Off-peak,DVNDA,90,14.197615,37.71407,100.0,54.27555,536.7689,68.597374
Vienna,0.75,Off-peak,DVNDA,91,14.23162,37.66359,100.0,57.251747,534.0157,68.597374
Vienna,0.75,Off-peak,DVNDA,92,16.57351,44.01928,100.0,65.217896,499.9252,68.597374
Vienna,0.75,Off-peak,DVNDA,93,13.759558,36.288845,100.0,56.400345,495.665,68.597374
Vienna,0.75,Off-peak,DVNDA,94,15.870255,42.15907,100.0,56.60388,504.95367,68.597374
Vienna,0.75,Off-peak,DVNDA,95,16.209124,43.086594,100.0,64.666725,502.12646,68.597374
Vienna,0.75,Off-peak,DVNDA,96,15.5573,41.277966,100.0,56.079483,528.11145,68.597374
Vienna,0.75,Off-peak,DVNDA,97,13.27906,35.431324,100.0,51.57687,498.94427,68.597374
Vienna,0.75,Off-peak,DVNDA,98,15.041666,40.031593,100.0,55.00552,500.82104,68.597374
Vienna,0.75,Off-peak,DVNDA,99,15.040317,39.99112,100.0,57.76894,507.15866,68.597374
Vienna,0.75,Off-peak,Greedy,0,19.97983,53.087296,100.0,77.80263,513.51825,4.365135999999978
Vienna,0.75,Off-peak,Greedy,1,17.327362,46.05158,100.0,65.27242,508.85004,4.365135999999978
Vienna,0.75,Off-peak,Greedy,2,15.323938,40.71118,100.0,57.48296,514.3078,4.365135999999978
Vienna,0.75,Off-peak,Greedy,3,14.6357155,38.91285,100.0,54.78683,499.6728,4.365135999999978
Vienna,0.75,Off-peak,Greedy,4,14.536383,38.609673,95.0,57.291,514.0936,4.365135999999978
Vienna,0.75,Off-peak,Greedy,5,13.338121,35.529682,100.0,48.101357,506.46265,4.365135999999978
Vienna,0.75,Off-peak,Greedy,6,19.725657,52.326817,100.0,74.21881,517.3427,4.365135999999978
Vienna,0.75,Off-peak,Greedy,7,13.311374,35.44977,100.0,50.277836,511.41788,4.365135999999978
Vienna,0.75,Off-peak,Greedy,8,15.018758,39.962803,100.0,57.699066,509.5059,4.365135999999978
Vienna,0.75,Off-peak,Greedy,9,13.987445,37.101116,100.0,49.840225,508.807,4.365135999999978
Vienna,0.75,Off-peak,Greedy,10,16.810726,44.688107,100.0,62.999943,504.08713,4.365135999999978
Vienna,0.75,Off-peak,Greedy,11,18.270388,48.60314,100.0,71.382454,499.24954,4.365135999999978
Vienna,0.75,Off-peak,Greedy,12,18.764227,49.81545,100.0,75.73378,508.9175,4.365135999999978
Vienna,0.75,Off-peak,Greedy,13,18.971298,50.18937,100.0,74.241264,504.64966,4.365135999999978
Vienna,0.75,Off-peak,Greedy,14,16.348032,43.28607,100.0,59.850445,500.9733,4.365135999999978
Vienna,0.75,Off-peak,Greedy,15,17.940073,47.599754,100.0,66.29859,499.43967,4.365135999999978
Vienna,0.75,Off-peak,Greedy,16,17.505222,46.56086,100.0,67.10291,514.7154,4.365135999999978
Vienna,0.75,Off-peak,Greedy,17,18.106945,48.137512,100.0,76.76287,519.53107,4.365135999999978
Vienna,0.75,Off-peak,Greedy,18,17.49555,46.5012,100.0,68.139015,468.06796,4.365135999999978
Vienna,0.75,Off-peak,Greedy,19,13.793505,36.628937,100.0,51.7601,513.3189,4.365135999999978
Vienna,0.75,Off-peak,Greedy,20,16.142916,42.908295,100.0,61.56201,508.83093,4.365135999999978
Vienna,0.75,Off-peak,Greedy,21,15.561213,41.150543,100.0,58.437546,511.6488,4.365135999999978
Vienna,0.75,Off-peak,Greedy,22,17.302427,46.02206,100.0,65.59761,511.82492,4.365135999999978
Vienna,0.75,Off-peak,Greedy,23,15.967047,42.378906,100.0,59.560658,516.89886,4.365135999999978
Vienna,0.75,Off-peak,Greedy,24,16.0047,42.62809,100.0,58.921227,513.0899,4.365135999999978
Vienna,0.75,Off-peak,Greedy,25,15.612787,41.562935,100.0,60.514874,508.95374,4.365135999999978
Vienna,0.75,Off-peak,Greedy,26,17.543169,46.422104,95.0,67.37911,517.0143,4.365135999999978
Vienna,0.75,Off-peak,Greedy,27,19.211699,50.829857,100.0,71.10204,511.05127,4.365135999999978
Vienna,0.75,Off-peak,Greedy,28,15.8221655,41.92408,100.0,60.310905,507.94464,4.365135999999978
Vienna,0.75,Off-peak,Greedy,29,15.555587,41.28181,100.0,57.131565,516.71564,4.365135999999978
Vienna,0.75,Off-peak,Greedy,30,17.307362,45.96855,100.0,70.99587,511.23663,4.365135999999978
Vienna,0.75,Off-peak,Greedy,31,16.668615,44.230522,95.0,63.342503,507.60074,4.365135999999978
Vienna,0.75,Off-peak,Greedy,32,17.565605,46.519917,100.0,63.246708,505.91733,4.365135999999978
Vienna,0.75,Off-peak,Greedy,33,15.29816,40.563866,100.0,64.901886,512.76965,4.365135999999978
Vienna,0.75,Off-peak,Greedy,34,16.410414,43.57823,100.0,62.963997,496.65225,4.365135999999978
Vienna,0.75,Off-peak,Greedy,35,15.334908,40.726322,100.0,61.739113,468.2455,4.365135999999978
Vienna,0.75,Off-peak,Greedy,36,16.281624,43.280636,95.0,61.35678,514.1962,4.365135999999978
Vienna,0.75,Off-peak,Greedy,37,17.055521,45.359924,100.0,61.684494,516.0965,4.365135999999978
Vienna,0.75,Off-peak,Greedy,38,15.761189,41.790005,95.0,57.78475,516.1577,4.365135999999978
Vienna,0.75,Off-peak,Greedy,39,17.65367,47.081635,100.0,70.63819,496.15585,4.365135999999978
Vienna,0.75,Off-peak,Greedy,40,13.9746065,37.18047,95.0,52.99282,506.6878,4.365135999999978
Vienna,0.75,Off-peak,Greedy,41,17.003479,45.003788,100.0,66.01756,505.08237,4.365135999999978
Vienna,0.75,Off-peak,Greedy,42,13.313404,35.49675,100.0,53.838146,502.89676,4.365135999999978
Vienna,0.75,Off-peak,Greedy,43,14.629495,38.83774,100.0,55.30694,447.0364,4.365135999999978
Vienna,0.75,Off-peak,Greedy,44,15.886818,42.24745,100.0,59.688057,516.2769,4.365135999999978
Vienna,0.75,Off-peak,Greedy,45,14.627398,38.751972,100.0,54.505875,511.0063,4.365135999999978
Vienna,0.75,Off-peak,Greedy,46,18.16757,48.375706,100.0,68.364075,505.22485,4.365135999999978
Vienna,0.75,Off-peak,Greedy,47,18.120142,48.026726,100.0,65.03939,511.40933,4.365135999999978
Vienna,0.75,Off-peak,Greedy,48,15.447405,40.930416,100.0,55.942505,506.2453,4.365135999999978
Vienna,0.75,Off-peak,Greedy,49,15.049425,39.83494,100.0,56.65714,500.25232,4.365135999999978
Vienna,0.75,Off-peak,Greedy,50,17.502274,46.614586,100.0,64.41275,513.88135,4.365135999999978
Vienna,0.75,Off-peak,Greedy,51,15.532137,41.12012,100.0,57.559265,499.97086,4.365135999999978
Vienna,0.75,Off-peak,Greedy,52,17.292522,45.87485,100.0,66.223465,508.9294,4.365135999999978
Vienna,0.75,Off-peak,Greedy,53,14.549072,38.43788,95.0,57.87418,506.6367,4.365135999999978
Vienna,0.75,Off-peak,Greedy,54,15.154806,40.215244,100.0,57.63356,506.32278,4.365135999999978
Vienna,0.75,Off-peak,Greedy,55,15.12931,40.214108,100.0,54.02286,506.11758,4.365135999999978
Vienna,0.75,Off-peak,Greedy,56,17.41742,46.25082,100.0,68.22634,512.4073,4.365135999999978
Vienna,0.75,Off-peak,Greedy,57,18.822115,50.22129,100.0,69.98781,512.39557,4.365135999999978
Vienna,0.75,Off-peak,Greedy,58,17.11242,45.24615,100.0,66.9821,471.08252,4.365135999999978
Vienna,0.75,Off-peak,Greedy,59,17.628805,46.843052,100.0,65.59138,512.1148,4.365135999999978
Vienna,0.75,Off-peak,Greedy,60,16.786507,44.701332,100.0,62.394695,502.90674,4.365135999999978
Vienna,0.75,Off-peak,Greedy,61,18.312,48.636143,100.0,68.72358,501.24527,4.365135999999978
Vienna,0.75,Off-peak,Greedy,62,16.638674,44.32476,100.0,60.15616,496.20633,4.365135999999978
Vienna,0.75,Off-peak,Greedy,63,20.961098,55.72352,100.0,74.38164,514.3782,4.365135999999978
Vienna,0.75,Off-peak,Greedy,64,19.837614,52.53932,100.0,72.91125,516.91864,4.365135999999978
Vienna,0.75,Off-peak,Greedy,65,18.352558,48.88,100.0,72.96385,470.25604,4.365135999999978
Vienna,0.75,Off-peak,Greedy,66,15.887065,42.247368,100.0,67.90621,517.2967,4.365135999999978
Vienna,0.75,Off-peak,Greedy,67,14.900372,39.435978,100.0,58.02573,495.49838,4.365135999999978
Vienna,0.75,Off-peak,Greedy,68,15.015148,39.913635,95.0,57.21272,512.2804,4.365135999999978
Vienna,0.75,Off-peak,Greedy,69,15.687164,41.59588,100.0,59.311146,450.76666,4.365135999999978
Vienna,0.75,Off-peak,Greedy,70,15.783605,41.824356,100.0,59.242558,508.75363,4.365135999999978
Vienna,0.75,Off-peak,Greedy,71,17.291533,45.744583,100.0,62.71969,511.81943,4.365135999999978
Vienna,0.75,Off-peak,Greedy,72,12.520552,33.385517,95.0,48.273052,511.4423,4.365135999999978
Vienna,0.75,Off-peak,Greedy,73,17.601114,46.924633,95.0,67.106026,518.80597,4.365135999999978
Vienna,0.75,Off-peak,Greedy,74,17.895964,47.534233,100.0,67.69849,501.2254,4.365135999999978
Vienna,0.75,Off-peak,Greedy,75,16.662186,44.255276,100.0,60.69472,506.32822,4.365135999999978
Vienna,0.75,Off-peak,Greedy,76,18.16622,48.195198,100.0,70.34989,510.22345,4.365135999999978
Vienna,0.75,Off-peak,Greedy,77,19.118483,50.803776,100.0,75.71012,506.01773,4.365135999999978
Vienna,0.75,Off-peak,Greedy,78,18.572727,49.199722,100.0,72.80164,504.10297,4.365135999999978
Vienna,0.75,Off-peak,Greedy,79,13.891497,36.936268,90.0,54.64698,514.02814,4.365135999999978
Vienna,0.75,Off-peak,Greedy,80,19.022629,50.543846,100.0,69.609726,511.15533,4.365135999999978
Vienna,0.75,Off-peak,Greedy,81,16.604214,44.19795,100.0,61.432346,505.95383,4.365135999999978
Vienna,0.75,Off-peak,Greedy,82,18.195162,48.366528,95.0,66.7259,501.50757,4.365135999999978
Vienna,0.75,Off-peak,Greedy,83,17.9297,47.692326,100.0,69.22005,515.0093,4.365135999999978
Vienna,0.75,Off-peak,Greedy,84,17.362503,46.236885,100.0,65.98814,514.2499,4.365135999999978
Vienna,0.75,Off-peak,Greedy,85,15.717233,41.825226,100.0,57.86546,515.30176,4.365135999999978
Vienna,0.75,Off-peak,Greedy,86,18.863516,50.119755,100.0,70.726746,506.87097,4.365135999999978
Vienna,0.75,Off-peak,Greedy,87,18.171072,48.276455,100.0,63.503788,511.49734,4.365135999999978
Vienna,0.75,Off-peak,Greedy,88,19.366152,51.35781,100.0,81.46831,513.68695,4.365135999999978
Vienna,0.75,Off-peak,Greedy,89,22.672226,60.26816,100.0,79.64005,516.31244,4.365135999999978
Vienna,0.75,Off-peak,Greedy,90,15.634784,41.46059,95.0,60.01237,514.3515,4.365135999999978
Vienna,0.75,Off-peak,Greedy,91,15.625124,41.507893,100.0,62.535053,513.0323,4.365135999999978
Vienna,0.75,Off-peak,Greedy,92,16.392567,43.542732,100.0,66.03156,497.7119,4.365135999999978
Vienna,0.75,Off-peak,Greedy,93,18.069134,47.760933,100.0,70.1155,494.04282,4.365135999999978
Vienna,0.75,Off-peak,Greedy,94,17.080658,45.31744,100.0,61.051533,504.95367,4.365135999999978
Vienna,0.75,Off-peak,Greedy,95,16.1749,43.104404,100.0,62.910873,498.54852,4.365135999999978
Vienna,0.75,Off-peak,Greedy,96,15.809602,41.941082,100.0,55.455738,511.70694,4.365135999999978
Vienna,0.75,Off-peak,Greedy,97,15.086131,40.124424,100.0,56.749798,499.7945,4.365135999999978
Vienna,0.75,Off-peak,Greedy,98,16.03692,42.640602,100.0,59.07629,500.26108,4.365135999999978
Vienna,0.75,Off-peak,Greedy,99,17.176144,45.728714,100.0,64.68717,506.13327,4.365135999999978
Vienna,0.75,Peak-aware,DVNDA,0,17.90907,47.534958,100.0,80.225945,510.38205,75.74677800000003
Vienna,0.75,Peak-aware,DVNDA,1,16.672598,44.3192,100.0,71.96755,530.3351,75.74677800000003
Vienna,0.75,Peak-aware,DVNDA,2,12.584582,33.398457,100.0,53.391552,541.4883,75.74677800000003
Vienna,0.75,Peak-aware,DVNDA,3,12.625585,33.619305,100.0,53.47822,516.5771,75.74677800000003
Vienna,0.75,Peak-aware,DVNDA,4,18.449629,49.16465,100.0,78.49701,539.8709,75.74677800000003
Vienna,0.75,Peak-aware,DVNDA,5,11.787856,31.390741,100.0,48.304504,506.46265,75.74677800000003
Vienna,0.75,Peak-aware,DVNDA,6,16.314434,43.316986,100.0,69.82813,547.80786,75.74677800000003
Vienna,0.75,Peak-aware,DVNDA,7,13.323878,35.396305,100.0,55.758774,511.29462,75.74677800000003
Vienna,0.75,Peak-aware,DVNDA,8,14.502157,38.5094,100.0,59.690582,523.08954,75.74677800000003
Vienna,0.75,Peak-aware,DVNDA,9,14.500266,38.472916,100.0,56.143204,535.95654,75.74677800000003
Vienna,0.75,Peak-aware,DVNDA,10,13.94496,37.00213,100.0,60.201057,502.74347,75.74677800000003
Vienna,0.75,Peak-aware,DVNDA,11,15.762286,41.91593,100.0,70.67766,498.86053,75.74677800000003
Vienna,0.75,Peak-aware,DVNDA,12,17.122078,45.513405,100.0,73.16511,510.29578,75.74677800000003
Vienna,0.75,Peak-aware,DVNDA,13,16.055645,42.570564,100.0,72.729836,523.5622,75.74677800000003
Vienna,0.75,Peak-aware,DVNDA,14,13.363003,35.50252,100.0,58.12172,501.13245,75.74677800000003
Vienna,0.75,Peak-aware,DVNDA,15,16.578094,44.00125,100.0,68.88888,501.98154,75.74677800000003
Vienna,0.75,Peak-aware,DVNDA,16,13.909489,37.04817,100.0,60.665253,559.7838,75.74677800000003
Vienna,0.75,Peak-aware,DVNDA,17,16.567558,43.911766,100.0,73.883934,538.235,75.74677800000003
Vienna,0.75,Peak-aware,DVNDA,18,14.423886,38.278107,100.0,61.853405,484.42526,75.74677800000003
Vienna,0.75,Peak-aware,DVNDA,19,12.363255,32.87722,100.0,51.31555,519.59625,75.74677800000003
Vienna,0.75,Peak-aware,DVNDA,20,16.694082,44.354588,100.0,73.26523,517.50964,75.74677800000003
Vienna,0.75,Peak-aware,DVNDA,21,11.330707,29.996496,100.0,49.347454,511.7514,75.74677800000003
Vienna,0.75,Peak-aware,DVNDA,22,14.662898,38.97225,100.0,61.263,509.5043,75.74677800000003
Vienna,0.75,Peak-aware,DVNDA,23,16.258614,43.19331,100.0,66.943085,517.70593,75.74677800000003
Vienna,0.75,Peak-aware,DVNDA,24,14.744883,39.337814,100.0,58.250202,514.0238,75.74677800000003
Vienna,0.75,Peak-aware,DVNDA,25,13.641138,36.16803,100.0,56.87358,540.07025,75.74677800000003
Vienna,0.75,Peak-aware,DVNDA,26,16.487423,43.661575,100.0,67.26297,538.95044,75.74677800000003
Vienna,0.75,Peak-aware,DVNDA,27,16.617214,44.04201,100.0,72.917046,510.43246,75.74677800000003
Vienna,0.75,Peak-aware,DVNDA,28,14.490693,38.441025,100.0,60.56869,507.69934,75.74677800000003
Vienna,0.75,Peak-aware,DVNDA,29,13.653853,36.22466,100.0,55.704636,514.77954,75.74677800000003
Vienna,0.75,Peak-aware,DVNDA,30,16.660494,44.162243,100.0,74.910995,509.79688,75.74677800000003
Vienna,0.75,Peak-aware,DVNDA,31,14.266414,37.98974,100.0,61.960007,521.8338,75.74677800000003
Vienna,0.75,Peak-aware,DVNDA,32,13.794559,36.514908,100.0,56.222473,508.6974,75.74677800000003
Vienna,0.75,Peak-aware,DVNDA,33,13.901094,37.00031,100.0,63.616127,514.0387,75.74677800000003
Vienna,0.75,Peak-aware,DVNDA,34,15.425977,41.021328,100.0,65.914246,496.65225,75.74677800000003
Vienna,0.75,Peak-aware,DVNDA,35,15.6002865,41.40355,100.0,66.93528,490.90176,75.74677800000003
Vienna,0.75,Peak-aware,DVNDA,36,16.786697,44.762447,100.0,67.646385,528.7517,75.74677800000003
Vienna,0.75,Peak-aware,DVNDA,37,14.796665,39.336857,100.0,57.198914,514.915,75.74677800000003
Vienna,0.75,Peak-aware,DVNDA,38,16.59298,44.07011,100.0,66.20038,528.094,75.74677800000003
Vienna,0.75,Peak-aware,DVNDA,39,16.758286,44.43793,100.0,75.576485,498.1049,75.74677800000003
Vienna,0.75,Peak-aware,DVNDA,40,12.970267,34.403755,100.0,52.66928,531.49646,75.74677800000003
Vienna,0.75,Peak-aware,DVNDA,41,15.913276,42.157265,100.0,69.06188,503.05435,75.74677800000003
Vienna,0.75,Peak-aware,DVNDA,42,14.736293,39.177578,100.0,63.66126,505.3681,75.74677800000003
Vienna,0.75,Peak-aware,DVNDA,43,12.129796,32.217606,100.0,50.716496,483.6461,75.74677800000003
Vienna,0.75,Peak-aware,DVNDA,44,13.631356,36.188107,100.0,58.989197,516.2769,75.74677800000003
Vienna,0.75,Peak-aware,DVNDA,45,14.5044565,38.517895,100.0,59.286953,520.53326,75.74677800000003
Vienna,0.75,Peak-aware,DVNDA,46,14.939059,39.691643,100.0,63.62619,504.6262,75.74677800000003
Vienna,0.75,Peak-aware,DVNDA,47,16.73685,44.226364,100.0,66.261215,527.69727,75.74677800000003
Vienna,0.75,Peak-aware,DVNDA,48,15.260522,40.503063,100.0,58.168423,518.02484,75.74677800000003
Vienna,0.75,Peak-aware,DVNDA,49,12.422235,32.90228,100.0,51.42482,500.8945,75.74677800000003
Vienna,0.75,Peak-aware,DVNDA,50,14.5971775,38.879498,100.0,59.72534,553.7982,75.74677800000003
Vienna,0.75,Peak-aware,DVNDA,51,12.526532,33.2528,100.0,55.55349,499.9708,75.74677800000003
Vienna,0.75,Peak-aware,DVNDA,52,16.113455,42.87249,100.0,65.419525,508.9294,75.74677800000003
Vienna,0.75,Peak-aware,DVNDA,53,15.510183,41.029617,100.0,64.63387,557.17065,75.74677800000003
Vienna,0.75,Peak-aware,DVNDA,54,13.28398,35.358063,100.0,57.65262,506.59772,75.74677800000003
Vienna,0.75,Peak-aware,DVNDA,55,12.290325,32.643253,100.0,49.82036,506.87198,75.74677800000003
Vienna,0.75,Peak-aware,DVNDA,56,16.32302,43.241776,100.0,68.75014,510.19873,75.74677800000003
Vienna,0.75,Peak-aware,DVNDA,57,15.642601,41.67454,100.0,61.526806,514.54517,75.74677800000003
Vienna,0.75,Peak-aware,DVNDA,58,15.030316,39.790195,100.0,64.1395,499.13654,75.74677800000003
Vienna,0.75,Peak-aware,DVNDA,59,16.36128,43.508167,100.0,68.98176,523.41254,75.74677800000003
Vienna,0.75,Peak-aware,DVNDA,60,15.884704,42.179607,100.0,63.910477,510.13745,75.74677800000003
Vienna,0.75,Peak-aware,DVNDA,61,15.351975,40.86067,100.0,63.46231,511.01416,75.74677800000003
Vienna,0.75,Peak-aware,DVNDA,62,15.305841,40.641758,100.0,62.481438,496.20633,75.74677800000003
Vienna,0.75,Peak-aware,DVNDA,63,20.673912,54.89904,100.0,76.17925,542.44403,75.74677800000003
Vienna,0.75,Peak-aware,DVNDA,64,17.585426,46.7213,100.0,73.9627,530.2184,75.74677800000003
Vienna,0.75,Peak-aware,DVNDA,65,15.901805,42.185257,100.0,72.588326,491.68494,75.74677800000003
Vienna,0.75,Peak-aware,DVNDA,66,14.326985,38.192745,100.0,67.40268,576.65424,75.74677800000003
Vienna,0.75,Peak-aware,DVNDA,67,14.379171,38.168472,100.0,63.59124,495.49832,75.74677800000003
Vienna,0.75,Peak-aware,DVNDA,68,14.38149,38.263744,100.0,61.05031,560.91113,75.74677800000003
Vienna,0.75,Peak-aware,DVNDA,69,15.765069,41.75861,100.0,65.38353,484.20502,75.74677800000003
Vienna,0.75,Peak-aware,DVNDA,70,13.643222,36.245216,100.0,55.455326,524.44574,75.74677800000003
Vienna,0.75,Peak-aware,DVNDA,71,13.5018,35.798176,100.0,53.245003,512.3317,75.74677800000003
Vienna,0.75,Peak-aware,DVNDA,72,13.2222395,35.312527,100.0,53.37438,529.0236,75.74677800000003
Vienna,0.75,Peak-aware,DVNDA,73,15.364578,40.950302,100.0,66.30037,545.85614,75.74677800000003
Vienna,0.75,Peak-aware,DVNDA,74,15.543517,41.148403,100.0,63.9095,514.5648,75.74677800000003
Vienna,0.75,Peak-aware,DVNDA,75,11.524685,30.623543,100.0,48.25016,502.93423,75.74677800000003
Vienna,0.75,Peak-aware,DVNDA,76,15.901921,42.21662,100.0,67.86612,509.09015,75.74677800000003
Vienna,0.75,Peak-aware,DVNDA,77,18.438444,49.040894,100.0,78.07767,523.9454,75.74677800000003
Vienna,0.75,Peak-aware,DVNDA,78,14.615346,38.83788,100.0,61.86874,524.8402,75.74677800000003
Vienna,0.75,Peak-aware,DVNDA,79,15.192081,40.41444,100.0,59.906647,580.1556,75.74677800000003
Vienna,0.75,Peak-aware,DVNDA,80,14.641299,38.92364,100.0,60.92617,511.1724,75.74677800000003
Vienna,0.75,Peak-aware,DVNDA,81,13.24477,35.195095,100.0,57.251377,507.64487,75.74677800000003
Vienna,0.75,Peak-aware,DVNDA,82,15.122183,40.301937,100.0,66.89133,539.29,75.74677800000003
Vienna,0.75,Peak-aware,DVNDA,83,16.048372,42.65138,100.0,69.93097,543.13794,75.74677800000003
Vienna,0.75,Peak-aware,DVNDA,84,14.72529,39.227314,100.0,59.694397,559.63385,75.74677800000003
Vienna,0.75,Peak-aware,DVNDA,85,14.0251465,37.2443,100.0,57.34036,515.30176,75.74677800000003
Vienna,0.75,Peak-aware,DVNDA,86,16.252079,43.217,100.0,66.0459,524.4377,75.74677800000003
Vienna,0.75,Peak-aware,DVNDA,87,17.646936,46.905766,100.0,70.16376,529.84515,75.74677800000003
Vienna,0.75,Peak-aware,DVNDA,88,17.201586,45.7795,100.0,77.38416,514.3693,75.74677800000003
Vienna,0.75,Peak-aware,DVNDA,89,16.250536,43.285156,100.0,64.58991,542.7912,75.74677800000003
Vienna,0.75,Peak-aware,DVNDA,90,13.876738,36.87977,100.0,57.612,533.7446,75.74677800000003
Vienna,0.75,Peak-aware,DVNDA,91,14.053156,37.20242,100.0,61.48004,534.0157,75.74677800000003
Vienna,0.75,Peak-aware,DVNDA,92,16.368713,43.48306,100.0,66.53163,499.9252,75.74677800000003
Vienna,0.75,Peak-aware,DVNDA,93,13.876808,36.611897,100.0,60.40607,495.665,75.74677800000003
Vienna,0.75,Peak-aware,DVNDA,94,15.868079,42.14835,100.0,62.579906,504.95367,75.74677800000003
Vienna,0.75,Peak-aware,DVNDA,95,16.209124,43.086594,100.0,68.70102,502.12646,75.74677800000003
Vienna,0.75,Peak-aware,DVNDA,96,15.585357,41.409626,100.0,61.150726,526.44275,75.74677800000003
Vienna,0.75,Peak-aware,DVNDA,97,13.235287,35.327194,100.0,56.037,498.94427,75.74677800000003
Vienna,0.75,Peak-aware,DVNDA,98,15.041666,40.031593,100.0,60.302067,500.82104,75.74677800000003
Vienna,0.75,Peak-aware,DVNDA,99,15.040317,39.99112,100.0,60.46073,507.15866,75.74677800000003
Vienna,0.75,Peak-aware,Greedy,0,19.918858,52.930367,100.0,82.59398,513.51825,4.737769999999983
Vienna,0.75,Peak-aware,Greedy,1,17.327362,46.05158,100.0,70.13152,508.85004,4.737769999999983
Vienna,0.75,Peak-aware,Greedy,2,15.331328,40.733616,100.0,63.4813,514.3078,4.737769999999983
Vienna,0.75,Peak-aware,Greedy,3,14.6357155,38.91285,100.0,60.13957,499.6728,4.737769999999983
Vienna,0.75,Peak-aware,Greedy,4,14.082199,37.39705,95.0,64.24826,519.1177,4.737769999999983
Vienna,0.75,Peak-aware,Greedy,5,13.281277,35.387608,100.0,52.10669,506.46265,4.737769999999983
Vienna,0.75,Peak-aware,Greedy,6,19.704632,52.302242,100.0,80.32581,517.3427,4.737769999999983
Vienna,0.75,Peak-aware,Greedy,7,13.201831,35.188988,100.0,56.687004,511.41788,4.737769999999983
Vienna,0.75,Peak-aware,Greedy,8,15.035817,40.013435,100.0,63.46024,509.5059,4.737769999999983
Vienna,0.75,Peak-aware,Greedy,9,13.99251,37.1295,100.0,54.351135,508.807,4.737769999999983
Vienna,0.75,Peak-aware,Greedy,10,16.820396,44.716305,100.0,67.59905,504.08713,4.737769999999983
Vienna,0.75,Peak-aware,Greedy,11,18.116383,48.185703,100.0,77.80002,499.24954,4.737769999999983
Vienna,0.75,Peak-aware,Greedy,12,18.772757,49.840763,100.0,78.51118,508.9175,4.737769999999983
Vienna,0.75,Peak-aware,Greedy,13,18.675379,49.417843,100.0,80.90547,504.64966,4.737769999999983
Vienna,0.75,Peak-aware,Greedy,14,16.362812,43.33094,100.0,68.23805,500.9733,4.737769999999983
Vienna,0.75,Peak-aware,Greedy,15,17.947464,47.62219,100.0,73.22602,499.43967,4.737769999999983
Vienna,0.75,Peak-aware,Greedy,16,17.342686,46.118103,100.0,72.561646,514.7154,4.737769999999983
Vienna,0.75,Peak-aware,Greedy,17,18.106945,48.137512,100.0,79.94241,519.53107,4.737769999999983
Vienna,0.75,Peak-aware,Greedy,18,17.170479,45.615692,100.0,75.14489,468.06796,4.737769999999983
Vienna,0.75,Peak-aware,Greedy,19,13.809425,36.676685,100.0,57.81463,513.3189,4.737769999999983
Vienna,0.75,Peak-aware,Greedy,20,16.110025,42.82586,100.0,70.17831,508.83093,4.737769999999983
Vienna,0.75,Peak-aware,Greedy,21,15.30615,40.495354,100.0,62.707176,513.2151,4.737769999999983
Vienna,0.75,Peak-aware,Greedy,22,17.302427,46.02206,100.0,70.991104,511.82492,4.737769999999983
Vienna,0.75,Peak-aware,Greedy,23,15.967047,42.378906,100.0,63.059742,516.89886,4.737769999999983
Vienna,0.75,Peak-aware,Greedy,24,16.006538,42.63235,100.0,61.16679,513.0899,4.737769999999983
Vienna,0.75,Peak-aware,Greedy,25,15.612787,41.562935,100.0,65.93245,508.95374,4.737769999999983
Vienna,0.75,Peak-aware,Greedy,26,17.543169,46.422104,95.0,69.63564,517.0143,4.737769999999983
Vienna,0.75,Peak-aware,Greedy,27,19.167952,50.728054,100.0,79.06413,511.05127,4.737769999999983
Vienna,0.75,Peak-aware,Greedy,28,15.838086,41.97183,100.0,65.61299,507.94464,4.737769999999983
Vienna,0.75,Peak-aware,Greedy,29,15.28785,40.617382,100.0,62.38339,516.71564,4.737769999999983
Vienna,0.75,Peak-aware,Greedy,30,17.3085,45.971436,100.0,74.37306,511.23663,4.737769999999983
Vienna,0.75,Peak-aware,Greedy,31,16.6698,44.2369,95.0,71.931595,507.60074,4.737769999999983
Vienna,0.75,Peak-aware,Greedy,32,17.568583,46.527058,100.0,68.93051,505.91733,4.737769999999983
Vienna,0.75,Peak-aware,Greedy,33,15.29816,40.563866,100.0,69.68191,512.76965,4.737769999999983
Vienna,0.75,Peak-aware,Greedy,34,16.418943,43.603546,100.0,65.95632,496.65225,4.737769999999983
Vienna,0.75,Peak-aware,Greedy,35,15.306426,40.656948,100.0,67.32994,468.2455,4.737769999999983
Vienna,0.75,Peak-aware,Greedy,36,16.281624,43.280636,95.0,66.59549,514.1962,4.737769999999983
Vienna,0.75,Peak-aware,Greedy,37,17.063196,45.382793,100.0,66.07585,516.0965,4.737769999999983
Vienna,0.75,Peak-aware,Greedy,38,15.761189,41.790005,95.0,61.94647,516.1577,4.737769999999983
Vienna,0.75,Peak-aware,Greedy,39,17.65367,47.081635,100.0,77.90869,496.15585,4.737769999999983
Vienna,0.75,Peak-aware,Greedy,40,13.983137,37.205784,95.0,58.052673,506.6878,4.737769999999983
Vienna,0.75,Peak-aware,Greedy,41,16.925335,44.80625,100.0,73.30136,505.08237,4.737769999999983
Vienna,0.75,Peak-aware,Greedy,42,13.324214,35.52783,100.0,62.76313,502.89676,4.737769999999983
Vienna,0.75,Peak-aware,Greedy,43,14.122708,37.472733,100.0,58.613922,447.0364,4.737769999999983
Vienna,0.75,Peak-aware,Greedy,44,15.837245,42.114975,100.0,64.45414,516.2769,4.737769999999983
Vienna,0.75,Peak-aware,Greedy,45,14.628537,38.754852,100.0,59.155746,511.0063,4.737769999999983
Vienna,0.75,Peak-aware,Greedy,46,17.75058,47.26268,100.0,72.67905,505.22485,4.737769999999983
Vienna,0.75,Peak-aware,Greedy,47,18.12128,48.029606,100.0,71.45633,511.40933,4.737769999999983
Vienna,0.75,Peak-aware,Greedy,48,15.454795,40.95285,100.0,59.372112,506.2453,4.737769999999983
Vienna,0.75,Peak-aware,Greedy,49,15.05563,39.866207,100.0,62.11426,500.25232,4.737769999999983
Vienna,0.75,Peak-aware,Greedy,50,17.510803,46.639904,100.0,69.59809,513.88135,4.737769999999983
Vienna,0.75,Peak-aware,Greedy,51,15.482565,40.987644,100.0,60.957806,499.97086,4.737769999999983
Vienna,0.75,Peak-aware,Greedy,52,17.29436,45.879112,100.0,69.480156,508.9294,4.737769999999983
Vienna,0.75,Peak-aware,Greedy,53,14.549072,38.43788,95.0,61.64785,506.6367,4.737769999999983
Vienna,0.75,Peak-aware,Greedy,54,15.163337,40.24056,100.0,62.60881,506.32278,4.737769999999983
Vienna,0.75,Peak-aware,Greedy,55,15.146369,40.264736,100.0,59.772446,506.11758,4.737769999999983
Vienna,0.75,Peak-aware,Greedy,56,17.420794,46.25827,100.0,72.10329,512.4073,4.737769999999983
Vienna,0.75,Peak-aware,Greedy,57,18.822115,50.22129,100.0,72.671165,512.39557,4.737769999999983
Vienna,0.75,Peak-aware,Greedy,58,17.098211,45.22265,100.0,73.35422,471.08252,4.737769999999983
Vienna,0.75,Peak-aware,Greedy,59,17.51722,46.544136,100.0,69.76228,512.1148,4.737769999999983
Vienna,0.75,Peak-aware,Greedy,60,16.64388,44.300243,100.0,68.07594,502.90674,4.737769999999983
Vienna,0.75,Peak-aware,Greedy,61,18.320532,48.661457,100.0,73.19554,501.24527,4.737769999999983
Vienna,0.75,Peak-aware,Greedy,62,16.654594,44.37251,100.0,65.36285,496.20633,4.737769999999983
Vienna,0.75,Peak-aware,Greedy,63,20.963697,55.73007,100.0,78.8807,514.3782,4.737769999999983
Vienna,0.75,Peak-aware,Greedy,64,19.846748,52.57246,100.0,82.26148,516.91864,4.737769999999983
Vienna,0.75,Peak-aware,Greedy,65,18.381649,48.947685,100.0,79.04469,470.25604,4.737769999999983
Vienna,0.75,Peak-aware,Greedy,66,15.887065,42.247368,100.0,71.23665,517.2967,4.737769999999983
Vienna,0.75,Peak-aware,Greedy,67,14.91074,39.465553,100.0,62.071823,495.49838,4.737769999999983
Vienna,0.75,Peak-aware,Greedy,68,15.017405,39.92019,95.0,61.413692,512.2804,4.737769999999983
Vienna,0.75,Peak-aware,Greedy,69,15.695694,41.621193,100.0,64.91745,450.76666,4.737769999999983
Vienna,0.75,Peak-aware,Greedy,70,15.793274,41.852554,100.0,64.04029,508.75363,4.737769999999983
Vienna,0.75,Peak-aware,Greedy,71,17.298923,45.767017,100.0,67.64256,511.81943,4.737769999999983
Vienna,0.75,Peak-aware,Greedy,72,12.529082,33.41083,95.0,51.326866,511.4423,4.737769999999983
Vienna,0.75,Peak-aware,Greedy,73,17.601114,46.924633,95.0,72.37823,518.80597,4.737769999999983
Vienna,0.75,Peak-aware,Greedy,74,17.895964,47.534233,100.0,72.15711,501.2254,4.737769999999983
Vienna,0.75,Peak-aware,Greedy,75,16.662186,44.255276,100.0,65.08189,506.32822,4.737769999999983
Vienna,0.75,Peak-aware,Greedy,76,18.16622,48.195198,100.0,74.46227,510.22345,4.737769999999983
Vienna,0.75,Peak-aware,Greedy,77,19.119623,50.806656,100.0,80.36691,506.01773,4.737769999999983
Vienna,0.75,Peak-aware,Greedy,78,18.580116,49.222157,100.0,74.52021,504.10297,4.737769999999983
Vienna,0.75,Peak-aware,Greedy,79,13.900027,36.961582,90.0,58.1946,514.02814,4.737769999999983
Vienna,0.75,Peak-aware,Greedy,80,19.031158,50.56916,100.0,77.96778,511.15533,4.737769999999983
Vienna,0.75,Peak-aware,Greedy,81,16.666946,44.365593,100.0,67.681015,505.31134,4.737769999999983
Vienna,0.75,Peak-aware,Greedy,82,19.844093,52.811226,100.0,80.80711,504.17422,4.737769999999983
Vienna,0.75,Peak-aware,Greedy,83,17.931538,47.696587,100.0,72.28112,515.0093,4.737769999999983
Vienna,0.75,Peak-aware,Greedy,84,17.299408,46.07526,100.0,70.406364,514.2499,4.737769999999983
Vienna,0.75,Peak-aware,Greedy,85,15.717233,41.825226,100.0,63.017212,515.30176,4.737769999999983
Vienna,0.75,Peak-aware,Greedy,86,18.873186,50.147953,100.0,73.00393,506.87097,4.737769999999983
Vienna,0.75,Peak-aware,Greedy,87,18.179602,48.30177,100.0,71.80023,511.49734,4.737769999999983
Vienna,0.75,Peak-aware,Greedy,88,19.373543,51.38024,100.0,87.10462,513.68695,4.737769999999983
Vienna,0.75,Peak-aware,Greedy,89,22.551554,59.973045,100.0,87.77313,516.31244,4.737769999999983
Vienna,0.75,Peak-aware,Greedy,90,15.635923,41.46347,95.0,66.186005,514.3515,4.737769999999983
Vienna,0.75,Peak-aware,Greedy,91,15.626264,41.510773,100.0,66.45522,513.0323,4.737769999999983
Vienna,0.75,Peak-aware,Greedy,92,16.392567,43.542732,100.0,70.20502,497.7119,4.737769999999983
Vienna,0.75,Peak-aware,Greedy,93,18.076525,47.783367,100.0,77.34285,494.04282,4.737769999999983
Vienna,0.75,Peak-aware,Greedy,94,17.083637,45.324585,100.0,69.54559,504.95367,4.737769999999983
Vienna,0.75,Peak-aware,Greedy,95,16.177181,43.11017,100.0,69.706535,498.54852,4.737769999999983
Vienna,0.75,Peak-aware,Greedy,96,15.327802,40.72217,100.0,60.8832,511.70694,4.737769999999983
Vienna,0.75,Peak-aware,Greedy,97,15.100911,40.169292,100.0,60.70025,499.7945,4.737769999999983
Vienna,0.75,Peak-aware,Greedy,98,15.854791,42.202385,100.0,65.769165,500.26108,4.737769999999983
Vienna,0.75,Peak-aware,Greedy,99,17.176144,45.728714,100.0,66.76695,506.13327,4.737769999999983
London,0.1,Off-peak,DVNDA,0,9.667418,26.494772,100.0,49.393288,483.7635,80.16708199999997
London,0.1,Off-peak,DVNDA,1,10.113092,27.848112,100.0,52.117367,485.05292,80.16708199999997
London,0.1,Off-peak,DVNDA,2,10.486321,28.757973,100.0,53.78936,484.3698,80.16708199999997
London,0.1,Off-peak,DVNDA,3,8.489906,23.264885,100.0,43.49325,482.79395,80.16708199999997
London,0.1,Off-peak,DVNDA,4,9.138339,25.050499,100.0,47.309437,483.69925,80.16708199999997
London,0.1,Off-peak,DVNDA,5,8.72919,24.060781,100.0,45.254475,483.7143,80.16708199999997
London,0.1,Off-peak,DVNDA,6,9.592289,26.372618,100.0,49.295235,484.72293,80.16708199999997
London,0.1,Off-peak,DVNDA,7,7.922767,21.836815,100.0,40.70631,482.001,80.16708199999997
London,0.1,Off-peak,DVNDA,8,9.75771,26.860067,100.0,50.35337,483.92957,80.16708199999997
London,0.1,Off-peak,DVNDA,9,8.491331,23.354696,100.0,43.703876,482.9202,80.16708199999997
London,0.1,Off-peak,DVNDA,10,7.8704324,21.656694,100.0,40.496952,482.6215,80.16708199999997
London,0.1,Off-peak,DVNDA,11,9.197626,25.316822,100.0,47.560223,483.42883,80.16708199999997
London,0.1,Off-peak,DVNDA,12,10.118705,27.71057,100.0,51.790314,483.6574,80.16708199999997
London,0.1,Off-peak,DVNDA,13,7.7215543,21.165262,100.0,39.63986,481.93588,80.16708199999997
London,0.1,Off-peak,DVNDA,14,9.52392,26.281118,100.0,49.03204,484.023,80.16708199999997
London,0.1,Off-peak,DVNDA,15,10.855644,29.797241,100.0,56.734203,501.29614,80.16708199999997
London,0.1,Off-peak,DVNDA,16,8.400231,23.115734,100.0,43.224533,482.6275,80.16708199999997
London,0.1,Off-peak,DVNDA,17,9.327236,25.649012,100.0,48.112823,483.54236,80.16708199999997
London,0.1,Off-peak,DVNDA,18,8.878152,24.409903,100.0,45.926556,482.45767,80.16708199999997
London,0.1,Off-peak,DVNDA,19,9.155891,25.169083,100.0,47.428333,483.9163,80.16708199999997
London,0.1,Off-peak,DVNDA,20,8.807179,24.225988,100.0,45.178593,502.1565,80.16708199999997
London,0.1,Off-peak,DVNDA,21,10.384891,28.607006,100.0,53.32681,486.4247,80.16708199999997
London,0.1,Off-peak,DVNDA,22,12.541733,34.385258,100.0,64.10651,485.79974,80.16708199999997
London,0.1,Off-peak,DVNDA,23,8.762032,24.094349,100.0,45.499573,500.0086,80.16708199999997
London,0.1,Off-peak,DVNDA,24,8.619004,23.685501,100.0,44.622425,482.5969,80.16708199999997
London,0.1,Off-peak,DVNDA,25,9.620279,26.54319,100.0,49.890186,485.13492,80.16708199999997
London,0.1,Off-peak,DVNDA,26,9.7943325,26.90211,100.0,50.57403,484.83426,80.16708199999997
London,0.1,Off-peak,DVNDA,27,9.610715,26.345406,100.0,49.27616,483.93872,80.16708199999997
London,0.1,Off-peak,DVNDA,28,9.093181,25.011284,100.0,47.1918,485.20392,80.16708199999997
London,0.1,Off-peak,DVNDA,29,11.77331,32.25774,100.0,60.258007,487.0937,80.16708199999997
London,0.1,Off-peak,DVNDA,30,7.977159,21.90872,100.0,41.184032,483.35776,80.16708199999997
London,0.1,Off-peak,DVNDA,31,8.389038,23.066986,100.0,43.644836,482.986,80.16708199999997
London,0.1,Off-peak,DVNDA,32,10.6719885,29.336899,100.0,55.0756,484.37564,80.16708199999997
London,0.1,Off-peak,DVNDA,33,9.72841,26.835217,100.0,50.349457,483.95468,80.16708199999997
London,0.1,Off-peak,DVNDA,34,7.4924297,20.609898,100.0,38.78168,510.79593,80.16708199999997
London,0.1,Off-peak,DVNDA,35,10.841855,29.751566,100.0,56.594604,484.99478,80.16708199999997
London,0.1,Off-peak,DVNDA,36,10.178555,27.94794,100.0,52.949795,484.83005,80.16708199999997
London,0.1,Off-peak,DVNDA,37,10.459622,28.755945,100.0,53.91659,484.3923,80.16708199999997
London,0.1,Off-peak,DVNDA,38,9.452052,25.972645,100.0,48.673832,515.67566,80.16708199999997
London,0.1,Off-peak,DVNDA,39,8.804309,24.215359,100.0,45.571514,510.95215,80.16708199999997
London,0.1,Off-peak,DVNDA,40,11.25013,30.935072,100.0,57.760513,515.71246,80.16708199999997
London,0.1,Off-peak,DVNDA,41,11.3639145,31.098885,100.0,58.321228,513.46545,80.16708199999997
London,0.1,Off-peak,DVNDA,42,8.648946,23.84226,100.0,44.905964,484.86127,80.16708199999997
London,0.1,Off-peak,DVNDA,43,8.033254,22.147736,100.0,41.5035,482.90387,80.16708199999997
London,0.1,Off-peak,DVNDA,44,9.799109,26.906923,100.0,50.66631,485.3243,80.16708199999997
London,0.1,Off-peak,DVNDA,45,9.467468,26.080112,100.0,48.690884,483.9144,80.16708199999997
London,0.1,Off-peak,DVNDA,46,10.127111,27.834738,100.0,52.503807,517.3458,80.16708199999997
London,0.1,Off-peak,DVNDA,47,11.5321245,31.724617,100.0,59.60784,486.24722,80.16708199999997
London,0.1,Off-peak,DVNDA,48,10.565558,28.905579,100.0,54.041748,485.1917,80.16708199999997
London,0.1,Off-peak,DVNDA,49,8.256939,22.717453,100.0,42.584778,481.6603,80.16708199999997
London,0.1,Off-peak,DVNDA,50,8.574714,23.53113,100.0,44.041313,483.1746,80.16708199999997
London,0.1,Off-peak,DVNDA,51,9.550545,26.22976,100.0,49.533253,484.8969,80.16708199999997
London,0.1,Off-peak,DVNDA,52,10.04298,27.61278,100.0,51.86962,484.76663,80.16708199999997
London,0.1,Off-peak,DVNDA,53,10.676995,29.372204,100.0,54.973667,483.31586,80.16708199999997
London,0.1,Off-peak,DVNDA,54,12.11108,33.36554,100.0,62.215748,485.57623,80.16708199999997
London,0.1,Off-peak,DVNDA,55,7.8296947,21.530712,100.0,40.37926,482.50598,80.16708199999997
London,0.1,Off-peak,DVNDA,56,7.6121745,20.965109,100.0,39.5061,482.56766,80.16708199999997
London,0.1,Off-peak,DVNDA,57,9.564664,26.139423,100.0,48.75418,484.36832,80.16708199999997
London,0.1,Off-peak,DVNDA,58,8.877529,24.420279,100.0,45.779152,483.57697,80.16708199999997
London,0.1,Off-peak,DVNDA,59,11.996731,32.96454,100.0,61.742737,514.9533,80.16708199999997
London,0.1,Off-peak,DVNDA,60,10.36835,28.53601,100.0,53.53285,484.16748,80.16708199999997
London,0.1,Off-peak,DVNDA,61,9.4273,25.893698,100.0,48.43205,484.52435,80.16708199999997
London,0.1,Off-peak,DVNDA,62,8.875594,24.385538,100.0,45.598755,483.07858,80.16708199999997
London,0.1,Off-peak,DVNDA,63,8.382057,22.961872,100.0,42.965492,483.38177,80.16708199999997
London,0.1,Off-peak,DVNDA,64,10.4632635,28.790394,100.0,53.717125,484.4933,80.16708199999997
London,0.1,Off-peak,DVNDA,65,8.442068,23.215355,100.0,43.277634,483.64798,80.16708199999997
London,0.1,Off-peak,DVNDA,66,11.729543,32.1748,100.0,60.081432,485.63107,80.16708199999997
London,0.1,Off-peak,DVNDA,67,8.445095,23.203758,100.0,43.41111,484.967,80.16708199999997
London,0.1,Off-peak,DVNDA,68,10.224859,28.090864,100.0,53.07892,483.32532,80.16708199999997
London,0.1,Off-peak,DVNDA,69,9.824749,26.997581,100.0,50.458706,483.11084,80.16708199999997
London,0.1,Off-peak,DVNDA,70,8.677085,23.839851,100.0,45.346943,482.95807,80.16708199999997
London,0.1,Off-peak,DVNDA,71,11.469466,31.385443,100.0,59.136513,484.4152,80.16708199999997
London,0.1,Off-peak,DVNDA,72,7.7295446,21.276777,100.0,39.653694,482.19583,80.16708199999997
London,0.1,Off-peak,DVNDA,73,9.514489,26.141644,100.0,48.786613,484.76028,80.16708199999997
London,0.1,Off-peak,DVNDA,74,9.814933,27.005571,100.0,50.432903,484.33072,80.16708199999997
London,0.1,Off-peak,DVNDA,75,7.225494,19.875515,100.0,37.05715,483.01654,80.16708199999997
London,0.1,Off-peak,DVNDA,76,9.769533,26.914639,100.0,50.377586,483.9664,80.16708199999997
London,0.1,Off-peak,DVNDA,77,9.964274,27.395779,100.0,51.34212,482.41916,80.16708199999997
London,0.1,Off-peak,DVNDA,78,9.608112,26.372126,100.0,49.570797,503.98538,80.16708199999997
London,0.1,Off-peak,DVNDA,79,9.818651,26.988604,100.0,50.321358,510.7238,80.16708199999997
London,0.1,Off-peak,DVNDA,80,8.576257,23.638336,100.0,44.362617,505.75037,80.16708199999997
London,0.1,Off-peak,DVNDA,81,8.218069,22.571291,100.0,42.286217,483.6002,80.16708199999997
London,0.1,Off-peak,DVNDA,82,9.225706,25.282722,100.0,47.292423,483.9738,80.16708199999997
London,0.1,Off-peak,DVNDA,83,9.513239,26.092676,100.0,49.241455,482.5681,80.16708199999997
London,0.1,Off-peak,DVNDA,84,9.349037,25.657648,100.0,47.94839,481.90442,80.16708199999997
London,0.1,Off-peak,DVNDA,85,9.281463,25.417282,100.0,47.514297,483.48706,80.16708199999997
London,0.1,Off-peak,DVNDA,86,10.356062,28.529346,100.0,53.452427,483.85684,80.16708199999997
London,0.1,Off-peak,DVNDA,87,10.347612,28.434212,100.0,53.399742,483.64484,80.16708199999997
London,0.1,Off-peak,DVNDA,88,9.220247,25.29817,100.0,47.30541,483.45364,80.16708199999997
London,0.1,Off-peak,DVNDA,89,9.614176,26.356167,100.0,49.527203,484.80652,80.16708199999997
London,0.1,Off-peak,DVNDA,90,8.515509,23.387146,100.0,43.803703,508.34628,80.16708199999997
London,0.1,Off-peak,DVNDA,91,9.927481,27.331259,100.0,51.483963,485.18503,80.16708199999997
London,0.1,Off-peak,DVNDA,92,10.034875,27.56246,100.0,51.56622,483.3065,80.16708199999997
London,0.1,Off-peak,DVNDA,93,9.952158,27.383743,100.0,51.66478,485.04233,80.16708199999997
London,0.1,Off-peak,DVNDA,94,9.214703,25.305983,100.0,47.54799,482.4907,80.16708199999997
London,0.1,Off-peak,DVNDA,95,10.006769,27.511856,100.0,51.406956,506.08755,80.16708199999997
London,0.1,Off-peak,DVNDA,96,9.542436,26.242945,100.0,49.350685,502.27505,80.16708199999997
London,0.1,Off-peak,DVNDA,97,9.413196,25.935917,100.0,48.398064,484.03867,80.16708199999997
London,0.1,Off-peak,DVNDA,98,9.177995,25.166325,100.0,47.015053,511.45505,80.16708199999997
London,0.1,Off-peak,DVNDA,99,10.212623,28.083818,100.0,52.529865,483.67703,80.16708199999997
London,0.1,Off-peak,Greedy,0,11.715835,32.1771,100.0,59.981335,450.68365,2.8899770000001013
London,0.1,Off-peak,Greedy,1,11.049857,30.439497,100.0,56.948,405.23962,2.8899770000001013
London,0.1,Off-peak,Greedy,2,11.374022,31.150814,100.0,58.255333,305.2751,2.8899770000001013
London,0.1,Off-peak,Greedy,3,8.857312,24.243332,100.0,45.271267,259.77563,2.8899770000001013
London,0.1,Off-peak,Greedy,4,10.313498,28.27017,100.0,53.31127,464.59818,2.8899770000001013
London,0.1,Off-peak,Greedy,5,8.717557,23.998758,95.0,45.037228,223.73947,2.8899770000001013
London,0.1,Off-peak,Greedy,6,10.1256075,27.852827,100.0,52.050323,464.78787,2.8899770000001013
London,0.1,Off-peak,Greedy,7,9.416646,25.937796,100.0,48.342087,223.67804,2.8899770000001013
London,0.1,Off-peak,Greedy,8,11.4698,31.527817,100.0,59.17794,267.61746,2.8899770000001013
London,0.1,Off-peak,Greedy,9,11.447837,31.455082,100.0,58.80391,452.20917,2.8899770000001013
London,0.1,Off-peak,Greedy,10,10.135583,27.793776,100.0,51.941628,456.2753,2.8899770000001013
London,0.1,Off-peak,Greedy,11,11.101392,30.508142,100.0,57.23297,403.0683,2.8899770000001013
London,0.1,Off-peak,Greedy,12,12.005963,33.020893,100.0,61.675995,403.10547,2.8899770000001013
London,0.1,Off-peak,Greedy,13,10.916247,29.91454,100.0,55.940594,263.0335,2.8899770000001013
London,0.1,Off-peak,Greedy,14,12.737222,34.972954,100.0,65.23908,164.09958,2.8899770000001013
London,0.1,Off-peak,Greedy,15,12.257876,33.69338,100.0,63.959747,499.56555,2.8899770000001013
London,0.1,Off-peak,Greedy,16,9.178953,25.254936,100.0,47.21869,308.55444,2.8899770000001013
London,0.1,Off-peak,Greedy,17,10.226419,28.160547,100.0,52.794613,138.94121,2.8899770000001013
London,0.1,Off-peak,Greedy,18,10.450958,28.696226,100.0,54.042095,304.18912,2.8899770000001013
London,0.1,Off-peak,Greedy,19,11.729217,32.2121,100.0,60.557316,354.0906,2.8899770000001013
London,0.1,Off-peak,Greedy,20,10.070324,27.656008,100.0,51.572533,502.11346,2.8899770000001013
London,0.1,Off-peak,Greedy,21,13.098921,36.032116,100.0,67.17251,223.80197,2.8899770000001013
London,0.1,Off-peak,Greedy,22,12.721821,34.909237,95.0,65.08326,280.132,2.8899770000001013
London,0.1,Off-peak,Greedy,23,11.748227,32.30102,100.0,60.788837,500.0086,2.8899770000001013
London,0.1,Off-peak,Greedy,24,8.780081,24.092972,100.0,45.386448,269.45074,2.8899770000001013
London,0.1,Off-peak,Greedy,25,11.252939,31.018188,100.0,58.232098,309.74426,2.8899770000001013
London,0.1,Off-peak,Greedy,26,11.627432,31.9676,100.0,60.025414,308.9754,2.8899770000001013
London,0.1,Off-peak,Greedy,27,11.329277,31.174503,100.0,58.273705,401.51816,2.8899770000001013
London,0.1,Off-peak,Greedy,28,9.880971,27.137794,100.0,51.2604,320.93863,2.8899770000001013
London,0.1,Off-peak,Greedy,29,14.2794075,39.156387,100.0,73.12234,475.27805,2.8899770000001013
London,0.1,Off-peak,Greedy,30,10.555444,28.997578,100.0,54.39947,365.88852,2.8899770000001013
London,0.1,Off-peak,Greedy,31,9.747642,26.786383,100.0,50.746975,172.35966,2.8899770000001013
London,0.1,Off-peak,Greedy,32,11.982119,32.84088,100.0,61.611877,266.67957,2.8899770000001013
London,0.1,Off-peak,Greedy,33,10.901426,30.018377,100.0,56.28323,411.9311,2.8899770000001013
London,0.1,Off-peak,Greedy,34,7.994942,21.988506,100.0,41.247025,513.4547,2.8899770000001013
London,0.1,Off-peak,Greedy,35,11.084771,30.507238,100.0,58.34984,127.987404,2.8899770000001013
London,0.1,Off-peak,Greedy,36,13.365063,36.620518,100.0,69.11647,269.3656,2.8899770000001013
London,0.1,Off-peak,Greedy,37,11.057353,30.482292,100.0,57.1347,462.64352,2.8899770000001013
London,0.1,Off-peak,Greedy,38,11.976059,32.894875,100.0,61.587543,515.67566,2.8899770000001013
London,0.1,Off-peak,Greedy,39,11.376234,31.307215,100.0,58.787083,513.0699,2.8899770000001013
London,0.1,Off-peak,Greedy,40,12.624626,34.75352,100.0,64.98308,516.8823,2.8899770000001013
London,0.1,Off-peak,Greedy,41,12.658347,34.763485,100.0,65.15245,514.41174,2.8899770000001013
London,0.1,Off-peak,Greedy,42,11.598692,31.97202,100.0,60.05212,366.44635,2.8899770000001013
London,0.1,Off-peak,Greedy,43,10.702306,29.475992,100.0,55.15974,418.81598,2.8899770000001013
London,0.1,Off-peak,Greedy,44,11.819101,32.5101,100.0,61.152725,358.7419,2.8899770000001013
London,0.1,Off-peak,Greedy,45,11.7886915,32.376846,100.0,60.42772,274.65918,2.8899770000001013
London,0.1,Off-peak,Greedy,46,9.785957,26.93847,100.0,50.837517,517.3458,2.8899770000001013
London,0.1,Off-peak,Greedy,47,13.290191,36.500275,100.0,68.51467,413.23746,2.8899770000001013
London,0.1,Off-peak,Greedy,48,11.004192,30.104774,100.0,56.345253,455.17923,2.8899770000001013
London,0.1,Off-peak,Greedy,49,9.636621,26.536854,100.0,49.7043,224.51913,2.8899770000001013
London,0.1,Off-peak,Greedy,50,9.52284,26.148314,100.0,48.920044,266.139,2.8899770000001013
London,0.1,Off-peak,Greedy,51,11.014346,30.229425,100.0,57.1952,450.56427,2.8899770000001013
London,0.1,Off-peak,Greedy,52,12.624817,34.611694,100.0,64.9164,457.76138,2.8899770000001013
London,0.1,Off-peak,Greedy,53,13.550442,37.175823,100.0,69.41049,170.015,2.8899770000001013
London,0.1,Off-peak,Greedy,54,11.423216,31.40982,100.0,58.57007,268.18335,2.8899770000001013
London,0.1,Off-peak,Greedy,55,10.144328,27.945469,100.0,52.332645,218.22745,2.8899770000001013
London,0.1,Off-peak,Greedy,56,10.919933,29.980083,100.0,56.23832,277.55194,2.8899770000001013
London,0.1,Off-peak,Greedy,57,10.323103,28.266718,100.0,52.719704,363.8635,2.8899770000001013
London,0.1,Off-peak,Greedy,58,10.688498,29.491858,100.0,55.233154,213.57298,2.8899770000001013
London,0.1,Off-peak,Greedy,59,14.377279,39.56917,100.0,74.050064,515.14105,2.8899770000001013
London,0.1,Off-peak,Greedy,60,11.839587,32.56739,100.0,60.709152,406.4666,2.8899770000001013
London,0.1,Off-peak,Greedy,61,12.224104,33.56689,100.0,62.735752,457.24695,2.8899770000001013
London,0.1,Off-peak,Greedy,62,12.662842,34.78619,100.0,64.87676,418.2422,2.8899770000001013
London,0.1,Off-peak,Greedy,63,10.163589,27.901217,100.0,52.058533,211.72807,2.8899770000001013
London,0.1,Off-peak,Greedy,64,10.957181,30.098888,100.0,56.156292,364.88522,2.8899770000001013
London,0.1,Off-peak,Greedy,65,9.840273,27.016357,100.0,50.3634,272.82565,2.8899770000001013
London,0.1,Off-peak,Greedy,66,13.123987,36.111908,100.0,67.41619,423.01944,2.8899770000001013
London,0.1,Off-peak,Greedy,67,11.344343,31.160933,100.0,58.243187,465.80176,2.8899770000001013
London,0.1,Off-peak,Greedy,68,11.344831,31.066683,100.0,58.621723,353.64606,2.8899770000001013
London,0.1,Off-peak,Greedy,69,11.280129,31.01606,100.0,57.94514,413.3567,2.8899770000001013
London,0.1,Off-peak,Greedy,70,11.595278,31.85282,100.0,60.44834,363.0074,2.8899770000001013
London,0.1,Off-peak,Greedy,71,13.4607935,36.92689,100.0,69.470604,224.23854,2.8899770000001013
London,0.1,Off-peak,Greedy,72,9.192048,25.230633,100.0,47.008774,225.63185,2.8899770000001013
London,0.1,Off-peak,Greedy,73,11.435732,31.446539,100.0,58.78136,454.9567,2.8899770000001013
London,0.1,Off-peak,Greedy,74,11.106733,30.572392,100.0,57.076416,357.8831,2.8899770000001013
London,0.1,Off-peak,Greedy,75,8.25592,22.655432,100.0,42.23922,217.17694,2.8899770000001013
London,0.1,Off-peak,Greedy,76,11.38625,31.338652,100.0,58.514454,324.60666,2.8899770000001013
London,0.1,Off-peak,Greedy,77,12.149223,33.353172,100.0,62.434013,320.91986,2.8899770000001013
London,0.1,Off-peak,Greedy,78,12.5967865,34.63865,100.0,64.971634,506.21103,2.8899770000001013
London,0.1,Off-peak,Greedy,79,10.202274,28.031597,100.0,52.265614,510.7238,2.8899770000001013
London,0.1,Off-peak,Greedy,80,10.155988,27.91859,100.0,52.231503,506.6695,2.8899770000001013
London,0.1,Off-peak,Greedy,81,9.681526,26.492237,100.0,49.590847,403.59073,2.8899770000001013
London,0.1,Off-peak,Greedy,82,12.979176,35.54207,100.0,66.29811,469.10132,2.8899770000001013
London,0.1,Off-peak,Greedy,83,12.520702,34.32374,100.0,64.5851,370.17834,2.8899770000001013
London,0.1,Off-peak,Greedy,84,12.12099,33.292206,100.0,62.176613,258.84863,2.8899770000001013
London,0.1,Off-peak,Greedy,85,9.585298,26.340757,100.0,49.24021,269.81912,2.8899770000001013
London,0.1,Off-peak,Greedy,86,11.720149,32.316246,95.0,60.50173,127.909996,2.8899770000001013
London,0.1,Off-peak,Greedy,87,12.051127,33.185795,100.0,62.252785,415.49063,2.8899770000001013
London,0.1,Off-peak,Greedy,88,10.795175,29.612846,100.0,55.312164,461.779,2.8899770000001013
London,0.1,Off-peak,Greedy,89,11.752548,32.289764,100.0,60.579468,124.28115,2.8899770000001013
London,0.1,Off-peak,Greedy,90,9.423113,25.818857,100.0,48.336685,508.834,2.8899770000001013
London,0.1,Off-peak,Greedy,91,11.633644,32.10042,100.0,60.379673,462.6608,2.8899770000001013
London,0.1,Off-peak,Greedy,92,10.655804,29.32143,100.0,54.849327,463.46753,2.8899770000001013
London,0.1,Off-peak,Greedy,93,10.98329,30.218615,100.0,57.260963,408.21704,2.8899770000001013
London,0.1,Off-peak,Greedy,94,10.466159,28.76164,100.0,53.985275,310.91925,2.8899770000001013
London,0.1,Off-peak,Greedy,95,12.198043,33.48115,100.0,62.534405,506.63556,2.8899770000001013
London,0.1,Off-peak,Greedy,96,13.0618,35.906628,100.0,67.36589,504.97662,2.8899770000001013
London,0.1,Off-peak,Greedy,97,11.112377,30.515335,100.0,56.930447,316.57306,2.8899770000001013
London,0.1,Off-peak,Greedy,98,11.827162,32.464516,100.0,60.623886,510.81848,2.8899770000001013
London,0.1,Off-peak,Greedy,99,12.397998,34.077087,100.0,63.697803,173.8077,2.8899770000001013
London,0.1,Peak-aware,DVNDA,0,9.671803,26.51156,100.0,53.04446,483.7635,80.14727699999995
London,0.1,Peak-aware,DVNDA,1,10.113092,27.848112,100.0,54.666195,485.05292,80.14727699999995
London,0.1,Peak-aware,DVNDA,2,10.486321,28.757973,100.0,55.56828,484.3698,80.14727699999995
London,0.1,Peak-aware,DVNDA,3,8.489906,23.264885,100.0,46.43493,482.79395,80.14727699999995
London,0.1,Peak-aware,DVNDA,4,9.15059,25.0828,100.0,49.87359,483.69925,80.14727699999995
London,0.1,Peak-aware,DVNDA,5,8.72919,24.060781,100.0,45.703503,483.7143,80.14727699999995
London,0.1,Peak-aware,DVNDA,6,9.597786,26.387594,100.0,52.87722,484.72293,80.14727699999995
London,0.1,Peak-aware,DVNDA,7,8.237646,22.700876,100.0,47.715603,483.14267,80.14727699999995
London,0.1,Peak-aware,DVNDA,8,9.764424,26.88043,100.0,54.801575,483.92957,80.14727699999995
London,0.1,Peak-aware,DVNDA,9,8.505698,23.389858,100.0,48.510906,482.9202,80.14727699999995
London,0.1,Peak-aware,DVNDA,10,7.8704324,21.656694,100.0,42.985004,482.6215,80.14727699999995
London,0.1,Peak-aware,DVNDA,11,9.1979475,25.31696,100.0,54.227005,483.42883,80.14727699999995
London,0.1,Peak-aware,DVNDA,12,10.118705,27.71057,100.0,59.23412,483.6574,80.14727699999995
London,0.1,Peak-aware,DVNDA,13,7.721675,21.165846,100.0,41.607124,481.93588,80.14727699999995
London,0.1,Peak-aware,DVNDA,14,9.527493,26.291246,100.0,52.962414,484.023,80.14727699999995
London,0.1,Peak-aware,DVNDA,15,10.91884,29.95227,100.0,61.38978,501.29614,80.14727699999995
London,0.1,Peak-aware,DVNDA,16,8.400231,23.115734,100.0,45.455025,482.6275,80.14727699999995
London,0.1,Peak-aware,DVNDA,17,9.327236,25.64901,100.0,52.16919,483.54236,80.14727699999995
London,0.1,Peak-aware,DVNDA,18,8.925855,24.542072,100.0,47.652798,482.45767,80.14727699999995
London,0.1,Peak-aware,DVNDA,19,9.155891,25.169083,100.0,49.545433,483.9163,80.14727699999995
London,0.1,Peak-aware,DVNDA,20,8.807179,24.225988,100.0,47.725266,502.1565,80.14727699999995
London,0.1,Peak-aware,DVNDA,21,10.384891,28.607006,100.0,58.01695,486.4247,80.14727699999995
London,0.1,Peak-aware,DVNDA,22,12.541733,34.385258,100.0,64.37544,485.79974,80.14727699999995
London,0.1,Peak-aware,DVNDA,23,8.7685,24.110489,100.0,48.614563,500.0086,80.14727699999995
London,0.1,Peak-aware,DVNDA,24,8.619004,23.685501,100.0,47.050926,482.5969,80.14727699999995
London,0.1,Peak-aware,DVNDA,25,9.620279,26.54319,100.0,51.693554,485.13492,80.14727699999995
London,0.1,Peak-aware,DVNDA,26,9.794332,26.90211,100.0,52.252445,484.83426,80.14727699999995
London,0.1,Peak-aware,DVNDA,27,9.610836,26.34599,100.0,52.556835,483.93872,80.14727699999995
London,0.1,Peak-aware,DVNDA,28,9.093182,25.011284,100.0,49.76366,485.20392,80.14727699999995
London,0.1,Peak-aware,DVNDA,29,11.7808695,32.273247,100.0,63.884296,487.0937,80.14727699999995
London,0.1,Peak-aware,DVNDA,30,7.982656,21.923698,100.0,43.654217,483.35776,80.14727699999995
London,0.1,Peak-aware,DVNDA,31,8.3926115,23.077116,100.0,48.0346,482.986,80.14727699999995
London,0.1,Peak-aware,DVNDA,32,10.672446,29.346771,100.0,57.299652,484.37564,80.14727699999995
London,0.1,Peak-aware,DVNDA,33,9.757539,26.9186,100.0,55.27454,483.95468,80.14727699999995
London,0.1,Peak-aware,DVNDA,34,7.4926805,20.610659,100.0,40.9484,510.79593,80.14727699999995
London,0.1,Peak-aware,DVNDA,35,10.848422,29.769567,100.0,61.324898,484.99478,80.14727699999995
London,0.1,Peak-aware,DVNDA,36,10.178555,27.94794,100.0,54.902973,484.83005,80.14727699999995
London,0.1,Peak-aware,DVNDA,37,10.459873,28.756706,100.0,56.33507,484.3923,80.14727699999995
London,0.1,Peak-aware,DVNDA,38,9.45986,25.994926,100.0,53.114388,515.67566,80.14727699999995
London,0.1,Peak-aware,DVNDA,39,8.808946,24.232906,100.0,50.11862,510.95215,80.14727699999995
London,0.1,Peak-aware,DVNDA,40,11.288711,31.040808,100.0,60.21268,515.71246,80.14727699999995
London,0.1,Peak-aware,DVNDA,41,11.3639145,31.09888,100.0,60.971024,513.46545,80.14727699999995
London,0.1,Peak-aware,DVNDA,42,8.648946,23.84226,100.0,47.00281,484.86127,80.14727699999995
London,0.1,Peak-aware,DVNDA,43,8.033254,22.147736,100.0,45.41328,482.90387,80.14727699999995
London,0.1,Peak-aware,DVNDA,44,9.799109,26.906923,100.0,55.569733,485.3243,80.14727699999995
London,0.1,Peak-aware,DVNDA,45,9.467468,26.080112,100.0,53.20181,483.9144,80.14727699999995
London,0.1,Peak-aware,DVNDA,46,10.127677,27.836403,100.0,57.901756,517.3458,80.14727699999995
London,0.1,Peak-aware,DVNDA,47,11.532445,31.724754,100.0,66.575874,486.24722,80.14727699999995
London,0.1,Peak-aware,DVNDA,48,10.565558,28.905579,100.0,57.977974,485.1917,80.14727699999995
London,0.1,Peak-aware,DVNDA,49,8.256938,22.717453,100.0,45.60586,481.6603,80.14727699999995
London,0.1,Peak-aware,DVNDA,50,8.574714,23.53113,100.0,45.758198,483.1746,80.14727699999995
London,0.1,Peak-aware,DVNDA,51,9.5507965,26.230522,100.0,52.692635,484.8969,80.14727699999995
London,0.1,Peak-aware,DVNDA,52,10.04298,27.61278,100.0,55.746605,484.76663,80.14727699999995
London,0.1,Peak-aware,DVNDA,53,10.676994,29.372204,100.0,60.574444,483.31586,80.14727699999995
London,0.1,Peak-aware,DVNDA,54,12.11108,33.36554,100.0,63.763268,485.57623,80.14727699999995
London,0.1,Peak-aware,DVNDA,55,7.8296957,21.530714,100.0,41.762478,482.50598,80.14727699999995
London,0.1,Peak-aware,DVNDA,56,7.6121745,20.965109,100.0,41.10457,482.56766,80.14727699999995
London,0.1,Peak-aware,DVNDA,57,9.564664,26.139423,100.0,50.5156,484.36832,80.14727699999995
London,0.1,Peak-aware,DVNDA,58,8.877529,24.420279,100.0,48.033455,483.57697,80.14727699999995
London,0.1,Peak-aware,DVNDA,59,11.996731,32.96454,100.0,63.772003,514.9533,80.14727699999995
London,0.1,Peak-aware,DVNDA,60,10.36847,28.536594,100.0,57.939953,484.16748,80.14727699999995
London,0.1,Peak-aware,DVNDA,61,9.430693,25.904732,100.0,52.343735,484.52435,80.14727699999995
London,0.1,Peak-aware,DVNDA,62,8.887183,24.418596,100.0,49.391487,483.07858,80.14727699999995
London,0.1,Peak-aware,DVNDA,63,8.387305,22.975918,100.0,46.582314,483.38177,80.14727699999995
London,0.1,Peak-aware,DVNDA,64,10.4632635,28.790396,100.0,59.27921,484.4933,80.14727699999995
London,0.1,Peak-aware,DVNDA,65,8.442068,23.215355,100.0,48.731075,483.64798,80.14727699999995
London,0.1,Peak-aware,DVNDA,66,11.730792,32.17871,100.0,64.113716,485.63107,80.14727699999995
London,0.1,Peak-aware,DVNDA,67,8.362165,23.010794,100.0,45.668396,485.17078,80.14727699999995
London,0.1,Peak-aware,DVNDA,68,10.249207,28.162352,100.0,56.64972,483.32532,80.14727699999995
London,0.1,Peak-aware,DVNDA,69,9.82873,27.009031,100.0,53.51942,483.11084,80.14727699999995
London,0.1,Peak-aware,DVNDA,70,8.677084,23.839851,100.0,48.980385,482.95807,80.14727699999995
London,0.1,Peak-aware,DVNDA,71,11.4861555,31.422377,100.0,65.366806,484.4152,80.14727699999995
London,0.1,Peak-aware,DVNDA,72,7.7295446,21.276777,100.0,44.063717,482.19583,80.14727699999995
London,0.1,Peak-aware,DVNDA,73,9.514489,26.141644,100.0,49.930126,484.76028,80.14727699999995
London,0.1,Peak-aware,DVNDA,74,9.814933,27.005571,100.0,53.66812,484.33072,80.14727699999995
London,0.1,Peak-aware,DVNDA,75,7.225494,19.875515,100.0,41.3591,483.01654,80.14727699999995
London,0.1,Peak-aware,DVNDA,76,9.7761,26.932642,100.0,53.49726,483.9664,80.14727699999995
London,0.1,Peak-aware,DVNDA,77,9.964274,27.395779,100.0,54.293518,482.41916,80.14727699999995
London,0.1,Peak-aware,DVNDA,78,9.622279,26.405851,100.0,54.113422,503.98538,80.14727699999995
London,0.1,Peak-aware,DVNDA,79,9.818651,26.988604,100.0,52.261898,510.7238,80.14727699999995
London,0.1,Peak-aware,DVNDA,80,8.576256,23.638332,100.0,48.108547,505.75037,80.14727699999995
London,0.1,Peak-aware,DVNDA,81,8.218069,22.571291,100.0,44.820984,483.6002,80.14727699999995
London,0.1,Peak-aware,DVNDA,82,9.227048,25.2854,100.0,50.93274,483.9738,80.14727699999995
London,0.1,Peak-aware,DVNDA,83,9.51324,26.092676,100.0,53.687805,482.5681,80.14727699999995
London,0.1,Peak-aware,DVNDA,84,9.352668,25.662418,100.0,51.32766,481.90442,80.14727699999995
London,0.1,Peak-aware,DVNDA,85,9.297217,25.453289,100.0,51.52135,483.48706,80.14727699999995
London,0.1,Peak-aware,DVNDA,86,10.359346,28.539005,100.0,55.191048,483.85684,80.14727699999995
London,0.1,Peak-aware,DVNDA,87,10.347612,28.434212,100.0,58.88178,483.64484,80.14727699999995
London,0.1,Peak-aware,DVNDA,88,9.231503,25.322187,100.0,51.195663,483.45364,80.14727699999995
London,0.1,Peak-aware,DVNDA,89,9.614176,26.356167,100.0,51.593147,484.80652,80.14727699999995
London,0.1,Peak-aware,DVNDA,90,8.515509,23.387146,100.0,47.66725,508.34628,80.14727699999995
London,0.1,Peak-aware,DVNDA,91,9.927481,27.331259,100.0,55.27014,485.18503,80.14727699999995
London,0.1,Peak-aware,DVNDA,92,10.034875,27.56246,100.0,53.53695,483.3065,80.14727699999995
London,0.1,Peak-aware,DVNDA,93,9.952158,27.383743,100.0,57.042328,485.04233,80.14727699999995
London,0.1,Peak-aware,DVNDA,94,9.214703,25.305983,100.0,49.194534,482.4907,80.14727699999995
London,0.1,Peak-aware,DVNDA,95,10.006769,27.511856,100.0,52.90236,506.08755,80.14727699999995
London,0.1,Peak-aware,DVNDA,96,9.542436,26.242943,100.0,53.19969,502.27505,80.14727699999995
London,0.1,Peak-aware,DVNDA,97,9.413195,25.935913,100.0,51.554802,484.03867,80.14727699999995
London,0.1,Peak-aware,DVNDA,98,9.177995,25.166325,100.0,48.171597,511.45505,80.14727699999995
London,0.1,Peak-aware,DVNDA,99,10.216196,28.093946,100.0,56.912582,483.67703,80.14727699999995
London,0.1,Peak-aware,Greedy,0,11.719467,32.17984,100.0,65.56913,450.68365,2.8660440000000165
London,0.1,Peak-aware,Greedy,1,11.053142,30.44916,100.0,64.78343,408.77188,2.8660440000000165
London,0.1,Peak-aware,Greedy,2,11.3850565,31.180075,100.0,62.18486,305.2751,2.8660440000000165
London,0.1,Peak-aware,Greedy,3,8.891239,24.321533,100.0,49.759037,259.77563,2.8660440000000165
London,0.1,Peak-aware,Greedy,4,10.318995,28.285147,100.0,55.484364,464.59818,2.8660440000000165
London,0.1,Peak-aware,Greedy,5,8.717557,23.998758,95.0,48.325867,223.73947,2.8660440000000165
London,0.1,Peak-aware,Greedy,6,10.128461,27.860567,100.0,54.51317,464.78787,2.8660440000000165
London,0.1,Peak-aware,Greedy,7,9.416646,25.937796,100.0,53.124405,223.67804,2.8660440000000165
London,0.1,Peak-aware,Greedy,8,11.483591,31.577213,100.0,65.879745,267.61746,2.8660440000000165
London,0.1,Peak-aware,Greedy,9,11.460862,31.487562,100.0,66.97144,452.20917,2.8660440000000165
London,0.1,Peak-aware,Greedy,10,10.135583,27.793776,100.0,53.409775,456.2753,2.8660440000000165
London,0.1,Peak-aware,Greedy,11,11.134402,30.607388,100.0,63.61013,404.89902,2.8660440000000165
London,0.1,Peak-aware,Greedy,12,12.005963,33.020893,100.0,67.11175,405.48682,2.8660440000000165
London,0.1,Peak-aware,Greedy,13,10.916247,29.91454,100.0,58.93607,263.0335,2.8660440000000165
London,0.1,Peak-aware,Greedy,14,12.783972,35.101612,100.0,76.46165,166.90935,2.8660440000000165
London,0.1,Peak-aware,Greedy,15,12.273632,33.72938,100.0,72.15393,499.56555,2.8660440000000165
London,0.1,Peak-aware,Greedy,16,9.194635,25.29743,100.0,52.180965,308.55444,2.8660440000000165
London,0.1,Peak-aware,Greedy,17,10.241325,28.21282,100.0,60.753014,142.4929,2.8660440000000165
London,0.1,Peak-aware,Greedy,18,10.461412,28.724556,100.0,56.905914,304.18912,2.8660440000000165
London,0.1,Peak-aware,Greedy,19,11.758562,32.304955,100.0,64.304184,355.91074,2.8660440000000165
London,0.1,Peak-aware,Greedy,20,10.076292,27.668217,100.0,54.16024,502.11346,2.8660440000000165
London,0.1,Peak-aware,Greedy,21,13.145252,36.164867,100.0,74.524765,223.80197,2.8660440000000165
London,0.1,Peak-aware,Greedy,22,12.753629,34.977192,95.0,69.440414,280.132,2.8660440000000165
London,0.1,Peak-aware,Greedy,23,11.753289,32.309063,100.0,63.84127,500.0086,2.8660440000000165
London,0.1,Peak-aware,Greedy,24,8.780081,24.092972,100.0,49.375443,269.45074,2.8660440000000165
London,0.1,Peak-aware,Greedy,25,11.256224,31.02785,100.0,61.795044,309.74426,2.8660440000000165
London,0.1,Peak-aware,Greedy,26,11.627432,31.9676,100.0,61.893085,308.9754,2.8660440000000165
London,0.1,Peak-aware,Greedy,27,11.329277,31.174503,100.0,62.94354,403.87802,2.8660440000000165
London,0.1,Peak-aware,Greedy,28,9.916095,27.213861,100.0,58.67979,322.30875,2.8660440000000165
London,0.1,Peak-aware,Greedy,29,14.286967,39.171898,100.0,79.15376,475.27805,2.8660440000000165
London,0.1,Peak-aware,Greedy,30,10.555444,28.997578,100.0,59.761578,368.93613,2.8660440000000165
London,0.1,Peak-aware,Greedy,31,9.745175,26.795963,100.0,57.604164,173.25351,2.8660440000000165
London,0.1,Peak-aware,Greedy,32,11.993154,32.87014,100.0,63.835827,266.67957,2.8660440000000165
London,0.1,Peak-aware,Greedy,33,10.901426,30.018377,100.0,60.18326,412.5506,2.8660440000000165
London,0.1,Peak-aware,Greedy,34,7.994942,21.988506,100.0,45.266083,513.4547,2.8660440000000165
London,0.1,Peak-aware,Greedy,35,11.084771,30.507238,100.0,67.66705,131.43271,2.8660440000000165
London,0.1,Peak-aware,Greedy,36,13.387995,36.67288,100.0,76.6279,269.3656,2.8660440000000165
London,0.1,Peak-aware,Greedy,37,11.091721,30.585882,100.0,63.83848,462.64352,2.8660440000000165
London,0.1,Peak-aware,Greedy,38,11.982522,32.91447,100.0,67.51947,515.67566,2.8660440000000165
London,0.1,Peak-aware,Greedy,39,11.376234,31.307215,100.0,62.18743,513.0699,2.8660440000000165
London,0.1,Peak-aware,Greedy,40,12.67498,34.887077,100.0,69.33341,516.8823,2.8660440000000165
London,0.1,Peak-aware,Greedy,41,12.675036,34.800423,100.0,70.89828,514.41174,2.8660440000000165
London,0.1,Peak-aware,Greedy,42,11.611011,32.00148,100.0,64.503975,368.0752,2.8660440000000165
London,0.1,Peak-aware,Greedy,43,10.702306,29.475992,100.0,61.78027,419.91388,2.8660440000000165
London,0.1,Peak-aware,Greedy,44,11.819101,32.5101,100.0,69.109116,362.05228,2.8660440000000165
London,0.1,Peak-aware,Greedy,45,11.7886915,32.376846,100.0,67.57552,274.65918,2.8660440000000165
London,0.1,Peak-aware,Greedy,46,9.79444,26.961105,100.0,53.844254,517.3458,2.8660440000000165
London,0.1,Peak-aware,Greedy,47,13.300442,36.527195,100.0,77.771576,414.9143,2.8660440000000165
London,0.1,Peak-aware,Greedy,48,11.004192,30.104774,100.0,58.734005,455.17923,2.8660440000000165
London,0.1,Peak-aware,Greedy,49,9.636621,26.536854,100.0,51.243286,224.51913,2.8660440000000165
London,0.1,Peak-aware,Greedy,50,9.529407,26.166317,100.0,51.470448,266.139,2.8660440000000165
London,0.1,Peak-aware,Greedy,51,11.014346,30.229425,100.0,61.486916,450.56427,2.8660440000000165
London,0.1,Peak-aware,Greedy,52,12.6333,34.63433,100.0,69.45059,457.76138,2.8660440000000165
London,0.1,Peak-aware,Greedy,53,13.574275,37.22906,100.0,75.7715,173.17384,2.8660440000000165
London,0.1,Peak-aware,Greedy,54,11.423216,31.40982,100.0,60.89027,268.18335,2.8660440000000165
London,0.1,Peak-aware,Greedy,55,10.144328,27.945469,100.0,56.37809,218.22745,2.8660440000000165
London,0.1,Peak-aware,Greedy,56,10.923835,29.991442,100.0,61.034504,277.55194,2.8660440000000165
London,0.1,Peak-aware,Greedy,57,10.326037,28.267876,100.0,55.572544,366.71634,2.8660440000000165
London,0.1,Peak-aware,Greedy,58,10.738852,29.625412,100.0,57.29466,213.57298,2.8660440000000165
London,0.1,Peak-aware,Greedy,59,14.41011,39.663292,100.0,81.095535,515.14105,2.8660440000000165
London,0.1,Peak-aware,Greedy,60,11.839587,32.56739,100.0,69.62145,409.90137,2.8660440000000165
London,0.1,Peak-aware,Greedy,61,12.227038,33.568047,100.0,69.42968,457.24695,2.8660440000000165
London,0.1,Peak-aware,Greedy,62,12.674363,34.827312,100.0,70.010124,420.09714,2.8660440000000165
London,0.1,Peak-aware,Greedy,63,10.163589,27.901217,100.0,57.3754,211.72807,2.8660440000000165
London,0.1,Peak-aware,Greedy,64,10.957181,30.098888,100.0,65.88756,368.426,2.8660440000000165
London,0.1,Peak-aware,Greedy,65,9.913485,27.227709,100.0,52.368267,272.82565,2.8660440000000165
London,0.1,Peak-aware,Greedy,66,13.127272,36.12157,100.0,76.123764,424.22495,2.8660440000000165
London,0.1,Peak-aware,Greedy,67,11.344343,31.160933,100.0,62.00387,465.80176,2.8660440000000165
London,0.1,Peak-aware,Greedy,68,11.344056,31.074448,100.0,66.94731,356.518,2.8660440000000165
London,0.1,Peak-aware,Greedy,69,11.280129,31.01606,100.0,58.922306,414.33383,2.8660440000000165
London,0.1,Peak-aware,Greedy,70,11.595278,31.85282,100.0,66.98062,365.54837,2.8660440000000165
London,0.1,Peak-aware,Greedy,71,13.495951,37.016262,100.0,75.069336,224.23854,2.8660440000000165
London,0.1,Peak-aware,Greedy,72,9.199338,25.253593,100.0,52.53207,225.63185,2.8660440000000165
London,0.1,Peak-aware,Greedy,73,11.435732,31.446539,100.0,61.31464,454.9567,2.8660440000000165
London,0.1,Peak-aware,Greedy,74,11.106733,30.572392,100.0,60.692265,359.56503,2.8660440000000165
London,0.1,Peak-aware,Greedy,75,8.274277,22.697216,100.0,47.296146,217.17694,2.8660440000000165
London,0.1,Peak-aware,Greedy,76,11.38625,31.338652,100.0,66.933914,326.23108,2.8660440000000165
London,0.1,Peak-aware,Greedy,77,12.14799,33.357964,100.0,63.1341,321.61993,2.8660440000000165
London,0.1,Peak-aware,Greedy,78,12.617767,34.67987,100.0,70.76431,506.21103,2.8660440000000165
London,0.1,Peak-aware,Greedy,79,10.23355,28.12398,100.0,59.61061,510.7238,2.8660440000000165
London,0.1,Peak-aware,Greedy,80,10.181543,27.991846,100.0,55.04926,506.6695,2.8660440000000165
London,0.1,Peak-aware,Greedy,81,9.681526,26.492237,100.0,57.271122,405.32593,2.8660440000000165
London,0.1,Peak-aware,Greedy,82,12.979176,35.54207,100.0,71.75742,469.10132,2.8660440000000165
London,0.1,Peak-aware,Greedy,83,12.520702,34.32374,100.0,71.3052,372.46332,2.8660440000000165
London,0.1,Peak-aware,Greedy,84,12.123673,33.29756,100.0,67.618484,258.84863,2.8660440000000165
London,0.1,Peak-aware,Greedy,85,9.585298,26.340757,100.0,54.39059,269.81912,2.8660440000000165
London,0.1,Peak-aware,Greedy,86,11.733902,32.358807,95.0,68.374596,130.82265,2.8660440000000165
London,0.1,Peak-aware,Greedy,87,12.051127,33.185795,100.0,66.80055,416.24377,2.8660440000000165
London,0.1,Peak-aware,Greedy,88,10.811863,29.649784,100.0,59.019672,461.779,2.8660440000000165
London,0.1,Peak-aware,Greedy,89,11.801243,32.43274,100.0,69.022194,126.22024,2.8660440000000165
London,0.1,Peak-aware,Greedy,90,9.424587,25.823145,100.0,54.99512,508.834,2.8660440000000165
London,0.1,Peak-aware,Greedy,91,11.63446,32.102848,100.0,66.62329,462.6608,2.8660440000000165
London,0.1,Peak-aware,Greedy,92,10.672493,29.358368,100.0,58.80562,463.46753,2.8660440000000165
London,0.1,Peak-aware,Greedy,93,10.98329,30.218615,100.0,64.271324,411.63095,2.8660440000000165
London,0.1,Peak-aware,Greedy,94,10.498896,28.849194,100.0,60.368237,310.91925,2.8660440000000165
London,0.1,Peak-aware,Greedy,95,12.205859,33.50428,100.0,64.55535,506.63556,2.8660440000000165
London,0.1,Peak-aware,Greedy,96,13.0618,35.906628,100.0,71.713264,504.97662,2.8660440000000165
London,0.1,Peak-aware,Greedy,97,11.118944,30.533339,100.0,64.19194,317.86316,2.8660440000000165
London,0.1,Peak-aware,Greedy,98,11.827162,32.464516,100.0,62.099354,510.81848,2.8660440000000165
London,0.1,Peak-aware,Greedy,99,12.418652,34.134804,100.0,71.005974,177.11552,2.8660440000000165
London,0.25,Off-peak,DVNDA,0,9.401505,25.825163,100.0,48.149513,482.26266,78.81694699999997
London,0.25,Off-peak,DVNDA,1,10.345701,28.4937,100.0,53.320816,485.05292,78.81694699999997
London,0.25,Off-peak,DVNDA,2,11.352804,31.08736,100.0,58.14149,484.89697,78.81694699999997
London,0.25,Off-peak,DVNDA,3,9.121097,25.040712,100.0,46.91358,482.70297,78.81694699999997
London,0.25,Off-peak,DVNDA,4,9.547757,26.20992,100.0,49.470722,501.90445,78.81694699999997
London,0.25,Off-peak,DVNDA,5,8.029535,22.119701,100.0,41.53054,511.80856,78.81694699999997
London,0.25,Off-peak,DVNDA,6,8.836046,24.22617,100.0,45.28983,495.88824,78.81694699999997
London,0.25,Off-peak,DVNDA,7,9.129956,25.126665,100.0,46.83451,495.33527,78.81694699999997
London,0.25,Off-peak,DVNDA,8,11.594072,31.944489,100.0,59.84467,483.67825,78.81694699999997
London,0.25,Off-peak,DVNDA,9,9.560577,26.238266,100.0,49.083645,481.85977,78.81694699999997
London,0.25,Off-peak,DVNDA,10,9.956698,27.362223,100.0,51.132713,483.57587,78.81694699999997
London,0.25,Off-peak,DVNDA,11,8.625887,23.710566,100.0,44.56597,506.6347,78.81694699999997
London,0.25,Off-peak,DVNDA,12,10.098059,27.727655,100.0,51.82218,483.6574,78.81694699999997
London,0.25,Off-peak,DVNDA,13,10.196419,27.947525,100.0,52.28276,484.10294,78.81694699999997
London,0.25,Off-peak,DVNDA,14,10.10715,27.863207,100.0,51.98125,483.04715,78.81694699999997
London,0.25,Off-peak,DVNDA,15,10.867317,29.89027,100.0,56.933933,500.47366,78.81694699999997
London,0.25,Off-peak,DVNDA,16,9.466206,26.04818,100.0,48.697388,483.50726,78.81694699999997
London,0.25,Off-peak,DVNDA,17,8.739597,24.071669,100.0,45.172474,506.93692,78.81694699999997
London,0.25,Off-peak,DVNDA,18,9.194881,25.22047,100.0,47.552002,507.61276,78.81694699999997
London,0.25,Off-peak,DVNDA,19,9.858613,27.129707,100.0,51.08316,483.14328,78.81694699999997
London,0.25,Off-peak,DVNDA,20,8.772805,24.07545,100.0,44.897964,501.84415,78.81694699999997
London,0.25,Off-peak,DVNDA,21,11.687452,32.0783,100.0,59.797695,484.70462,78.81694699999997
London,0.25,Off-peak,DVNDA,22,14.244341,39.037716,100.0,72.77475,485.79974,78.81694699999997
London,0.25,Off-peak,DVNDA,23,10.31167,28.329765,100.0,53.394882,500.0086,78.81694699999997
London,0.25,Off-peak,DVNDA,24,9.54141,26.149094,100.0,49.22766,482.4622,78.81694699999997
London,0.25,Off-peak,DVNDA,25,9.934562,27.40413,100.0,51.49509,525.134,78.81694699999997
London,0.25,Off-peak,DVNDA,26,10.922544,30.004824,100.0,56.35784,485.1074,78.81694699999997
London,0.25,Off-peak,DVNDA,27,10.294454,28.208967,100.0,52.750072,483.07132,78.81694699999997
London,0.25,Off-peak,DVNDA,28,8.516056,23.452766,100.0,44.28654,507.4192,78.81694699999997
London,0.25,Off-peak,DVNDA,29,13.402378,36.745197,100.0,68.62761,487.0937,78.81694699999997
London,0.25,Off-peak,DVNDA,30,10.307318,28.286585,100.0,53.069916,484.75873,78.81694699999997
London,0.25,Off-peak,DVNDA,31,8.439148,23.186686,100.0,43.872147,482.986,78.81694699999997
London,0.25,Off-peak,DVNDA,32,12.233377,33.55414,100.0,62.945915,485.22165,78.81694699999997
London,0.25,Off-peak,DVNDA,33,9.707894,26.792622,100.0,50.275505,485.3871,78.81694699999997
London,0.25,Off-peak,DVNDA,34,8.535756,23.496475,100.0,44.172497,512.09796,78.81694699999997
London,0.25,Off-peak,DVNDA,35,11.290028,31.051138,100.0,59.01715,485.8809,78.81694699999997
London,0.25,Off-peak,DVNDA,36,9.6854105,26.59958,100.0,50.43631,484.83005,78.81694699999997
London,0.25,Off-peak,DVNDA,37,11.089563,30.514402,100.0,57.189102,510.3197,78.81694699999997
London,0.25,Off-peak,DVNDA,38,9.218529,25.327843,100.0,47.471832,515.1109,78.81694699999997
London,0.25,Off-peak,DVNDA,39,8.866463,24.46489,100.0,46.14666,510.95215,78.81694699999997
London,0.25,Off-peak,DVNDA,40,11.8136425,32.518993,100.0,60.83201,518.0546,78.81694699999997
London,0.25,Off-peak,DVNDA,41,12.318663,33.777122,100.0,63.31375,516.59656,78.81694699999997
London,0.25,Off-peak,DVNDA,42,9.679002,26.63938,100.0,50.120117,496.48303,78.81694699999997
London,0.25,Off-peak,DVNDA,43,9.164573,25.266665,100.0,47.317528,499.18893,78.81694699999997
London,0.25,Off-peak,DVNDA,44,10.533671,28.91913,100.0,54.417294,499.141,78.81694699999997
London,0.25,Off-peak,DVNDA,45,10.155225,27.972393,100.0,52.33151,509.5253,78.81694699999997
London,0.25,Off-peak,DVNDA,46,11.056674,30.364279,100.0,57.21916,520.40515,78.81694699999997
London,0.25,Off-peak,DVNDA,47,11.414636,31.383053,100.0,58.971138,484.90115,78.81694699999997
London,0.25,Off-peak,DVNDA,48,11.452009,31.39112,100.0,58.73769,505.801,78.81694699999997
London,0.25,Off-peak,DVNDA,49,8.990167,24.68307,100.0,46.253094,482.90393,78.81694699999997
London,0.25,Off-peak,DVNDA,50,8.08046,22.158995,100.0,41.48349,496.49008,78.81694699999997
London,0.25,Off-peak,DVNDA,51,10.656738,29.238632,100.0,55.136677,485.04233,78.81694699999997
London,0.25,Off-peak,DVNDA,52,10.542609,28.975113,100.0,54.40916,484.76663,78.81694699999997
London,0.25,Off-peak,DVNDA,53,10.992624,30.128262,100.0,56.383034,483.31586,78.81694699999997
London,0.25,Off-peak,DVNDA,54,12.127129,33.35332,100.0,62.302986,485.05972,78.81694699999997
London,0.25,Off-peak,DVNDA,55,8.813749,24.215014,100.0,45.42038,482.78845,78.81694699999997
London,0.25,Off-peak,DVNDA,56,7.7014666,21.220636,100.0,40.024166,482.56766,78.81694699999997
London,0.25,Off-peak,DVNDA,57,9.941848,27.217373,100.0,50.76361,484.36832,78.81694699999997
London,0.25,Off-peak,DVNDA,58,9.819888,27.087929,100.0,50.756413,484.69586,78.81694699999997
London,0.25,Off-peak,DVNDA,59,13.732823,37.72601,100.0,70.6142,514.9533,78.81694699999997
London,0.25,Off-peak,DVNDA,60,11.042089,30.441212,100.0,56.969894,496.62506,78.81694699999997
London,0.25,Off-peak,DVNDA,61,10.475639,28.786455,100.0,53.815563,497.56335,78.81694699999997
London,0.25,Off-peak,DVNDA,62,9.576793,26.280647,100.0,49.131462,482.55576,78.81694699999997
London,0.25,Off-peak,DVNDA,63,8.29923,22.775738,100.0,42.61852,514.9639,78.81694699999997
London,0.25,Off-peak,DVNDA,64,9.576606,26.303307,100.0,49.08089,513.3722,78.81694699999997
London,0.25,Off-peak,DVNDA,65,10.032398,27.570702,100.0,51.4022,483.67767,78.81694699999997
London,0.25,Off-peak,DVNDA,66,12.317243,33.84838,100.0,63.19672,517.57855,78.81694699999997
London,0.25,Off-peak,DVNDA,67,8.437871,23.142895,100.0,43.33393,504.96982,78.81694699999997
London,0.25,Off-peak,DVNDA,68,10.751592,29.558321,100.0,55.69997,500.55804,78.81694699999997
London,0.25,Off-peak,DVNDA,69,10.403779,28.601797,100.0,53.444683,497.3794,78.81694699999997
London,0.25,Off-peak,DVNDA,70,9.779221,26.904854,100.0,51.055016,505.1479,78.81694699999997
London,0.25,Off-peak,DVNDA,71,11.228015,30.75816,100.0,57.89842,483.13895,78.81694699999997
London,0.25,Off-peak,DVNDA,72,8.219307,22.622202,100.0,42.166172,536.2147,78.81694699999997
London,0.25,Off-peak,DVNDA,73,10.101764,27.817625,100.0,51.902203,508.87463,78.81694699999997
London,0.25,Off-peak,DVNDA,74,10.423252,28.752115,100.0,53.684204,485.41827,78.81694699999997
London,0.25,Off-peak,DVNDA,75,7.8561363,21.551552,100.0,40.18147,483.88007,78.81694699999997
London,0.25,Off-peak,DVNDA,76,9.752863,26.794088,100.0,50.047325,510.01797,78.81694699999997
London,0.25,Off-peak,DVNDA,77,11.372579,31.249344,100.0,58.52116,483.86765,78.81694699999997
London,0.25,Off-peak,DVNDA,78,9.677682,26.591892,100.0,49.98049,503.81778,78.81694699999997
London,0.25,Off-peak,DVNDA,79,11.450363,31.494766,100.0,58.72554,513.3018,78.81694699999997
London,0.25,Off-peak,DVNDA,80,9.845337,27.066425,100.0,50.748516,505.75037,78.81694699999997
London,0.25,Off-peak,DVNDA,81,8.598193,23.612402,100.0,44.22278,483.6002,78.81694699999997
London,0.25,Off-peak,DVNDA,82,11.593706,31.813751,100.0,59.35703,504.90216,78.81694699999997
London,0.25,Off-peak,DVNDA,83,10.53467,28.975954,100.0,54.612038,511.33484,78.81694699999997
London,0.25,Off-peak,DVNDA,84,10.615629,29.097675,100.0,54.360996,497.81592,78.81694699999997
London,0.25,Off-peak,DVNDA,85,9.430158,25.837793,100.0,48.30682,482.3119,78.81694699999997
London,0.25,Off-peak,DVNDA,86,11.463614,31.576288,100.0,59.11247,485.8244,78.81694699999997
London,0.25,Off-peak,DVNDA,87,10.463221,28.778164,100.0,54.040924,485.61258,78.81694699999997
London,0.25,Off-peak,DVNDA,88,10.526955,28.95363,100.0,54.078865,483.99603,78.81694699999997
London,0.25,Off-peak,DVNDA,89,11.625587,31.980717,100.0,60.01773,485.9427,78.81694699999997
London,0.25,Off-peak,DVNDA,90,9.5795765,26.288115,100.0,49.21144,534.38605,78.81694699999997
London,0.25,Off-peak,DVNDA,91,10.362469,28.508911,100.0,53.680504,514.2526,78.81694699999997
London,0.25,Off-peak,DVNDA,92,10.300444,28.328041,100.0,52.997524,483.3065,78.81694699999997
London,0.25,Off-peak,DVNDA,93,9.891205,27.216187,100.0,51.45798,485.04233,78.81694699999997
London,0.25,Off-peak,DVNDA,94,10.619352,29.167458,100.0,54.75068,498.56998,78.81694699999997
London,0.25,Off-peak,DVNDA,95,10.612577,29.198898,100.0,54.55178,506.36,78.81694699999997
London,0.25,Off-peak,DVNDA,96,11.527772,31.71325,100.0,59.552425,501.2724,78.81694699999997
London,0.25,Off-peak,DVNDA,97,9.293499,25.56957,100.0,47.71516,484.03867,78.81694699999997
London,0.25,Off-peak,DVNDA,98,10.654833,29.281239,100.0,54.685722,511.45505,78.81694699999997
London,0.25,Off-peak,DVNDA,99,11.450398,31.437351,100.0,58.781204,507.47607,78.81694699999997
London,0.25,Off-peak,Greedy,0,11.630721,31.879335,100.0,59.425274,450.68365,3.3237079999999253
London,0.25,Off-peak,Greedy,1,12.615832,34.651123,100.0,64.79895,401.77258,3.3237079999999253
London,0.25,Off-peak,Greedy,2,13.478186,37.00671,100.0,69.17584,406.20966,3.3237079999999253
London,0.25,Off-peak,Greedy,3,9.749805,26.763086,100.0,50.004658,358.08865,3.3237079999999253
London,0.25,Off-peak,Greedy,4,10.693009,29.327925,100.0,55.283047,502.94724,3.3237079999999253
London,0.25,Off-peak,Greedy,5,9.201125,25.350008,100.0,47.629105,511.80862,3.3237079999999253
London,0.25,Off-peak,Greedy,6,12.841429,35.33076,100.0,65.99004,468.32394,3.3237079999999253
London,0.25,Off-peak,Greedy,7,8.782789,24.17766,100.0,45.05654,465.91632,3.3237079999999253
London,0.25,Off-peak,Greedy,8,12.492202,34.394962,100.0,64.52262,453.34915,3.3237079999999253
London,0.25,Off-peak,Greedy,9,12.869126,35.361168,100.0,66.08975,451.88437,3.3237079999999253
London,0.25,Off-peak,Greedy,10,10.99191,30.09907,100.0,56.238956,457.34302,3.3237079999999253
London,0.25,Off-peak,Greedy,11,11.928141,32.75086,100.0,61.413643,504.78854,3.3237079999999253
London,0.25,Off-peak,Greedy,12,12.771325,35.146515,100.0,65.6384,413.51556,3.3237079999999253
London,0.25,Off-peak,Greedy,13,10.318135,28.241726,100.0,52.822277,452.949,3.3237079999999253
London,0.25,Off-peak,Greedy,14,12.258592,33.740726,100.0,62.93762,462.0873,3.3237079999999253
London,0.25,Off-peak,Greedy,15,14.738669,40.556633,100.0,76.748184,500.97925,3.3237079999999253
London,0.25,Off-peak,Greedy,16,10.462815,28.816757,100.0,53.852875,308.83432,3.3237079999999253
London,0.25,Off-peak,Greedy,17,10.598362,29.198994,100.0,54.734573,508.33716,3.3237079999999253
London,0.25,Off-peak,Greedy,18,11.241234,30.889227,100.0,58.123653,508.91492,3.3237079999999253
London,0.25,Off-peak,Greedy,19,10.224238,28.033787,100.0,52.768463,356.94705,3.3237079999999253
London,0.25,Off-peak,Greedy,20,11.150656,30.576693,100.0,57.01702,501.84415,3.3237079999999253
London,0.25,Off-peak,Greedy,21,14.373943,39.553795,100.0,73.73732,454.62393,3.3237079999999253
London,0.25,Off-peak,Greedy,22,11.111056,30.451141,100.0,56.77286,406.3656,3.3237079999999253
London,0.25,Off-peak,Greedy,23,12.171112,33.45506,100.0,62.944542,501.75116,3.3237079999999253
London,0.25,Off-peak,Greedy,24,11.381882,31.206697,100.0,58.647243,455.65128,3.3237079999999253
London,0.25,Off-peak,Greedy,25,11.463495,31.605127,100.0,59.32622,512.6891,3.3237079999999253
London,0.25,Off-peak,Greedy,26,11.733763,32.27499,100.0,60.598423,455.19418,3.3237079999999253
London,0.25,Off-peak,Greedy,27,11.556749,31.749311,100.0,59.34521,399.9074,3.3237079999999253
London,0.25,Off-peak,Greedy,28,10.7988205,29.76771,100.0,56.05286,507.4192,3.3237079999999253
London,0.25,Off-peak,Greedy,29,16.092144,44.078205,100.0,82.2927,473.14307,3.3237079999999253
London,0.25,Off-peak,Greedy,30,10.707025,29.489105,100.0,55.30583,366.68338,3.3237079999999253
London,0.25,Off-peak,Greedy,31,11.100088,30.495539,100.0,57.771263,316.41135,3.3237079999999253
London,0.25,Off-peak,Greedy,32,12.19542,33.3828,100.0,62.626534,453.31793,3.3237079999999253
London,0.25,Off-peak,Greedy,33,10.86425,29.888678,100.0,56.046906,453.02698,3.3237079999999253
London,0.25,Off-peak,Greedy,34,9.607409,26.451303,100.0,49.56173,513.4547,3.3237079999999253
London,0.25,Off-peak,Greedy,35,12.5511055,34.55463,100.0,65.88473,222.08769,3.3237079999999253
London,0.25,Off-peak,Greedy,36,12.777264,35.040894,100.0,66.17187,280.50464,3.3237079999999253
London,0.25,Off-peak,Greedy,37,13.537125,37.241787,100.0,69.72971,507.84708,3.3237079999999253
London,0.25,Off-peak,Greedy,38,13.227037,36.350758,100.0,68.0297,516.6242,3.3237079999999253
London,0.25,Off-peak,Greedy,39,11.375849,31.258461,100.0,58.700653,512.45337,3.3237079999999253
London,0.25,Off-peak,Greedy,40,12.305938,33.8916,100.0,63.38527,516.47327,3.3237079999999253
London,0.25,Off-peak,Greedy,41,14.369812,39.300503,100.0,73.60452,516.59656,3.3237079999999253
London,0.25,Off-peak,Greedy,42,12.265516,33.82002,100.0,63.501183,496.71542,3.3237079999999253
London,0.25,Off-peak,Greedy,43,11.986548,33.008038,100.0,61.743874,499.18887,3.3237079999999253
London,0.25,Off-peak,Greedy,44,10.825694,29.7309,100.0,55.9347,499.14105,3.3237079999999253
London,0.25,Off-peak,Greedy,45,12.734837,34.989082,100.0,65.50732,509.52524,3.3237079999999253
London,0.25,Off-peak,Greedy,46,11.665459,32.058117,100.0,60.270847,520.40515,3.3237079999999253
London,0.25,Off-peak,Greedy,47,12.358126,33.9391,100.0,63.740353,462.19473,3.3237079999999253
London,0.25,Off-peak,Greedy,48,11.241653,30.870245,100.0,57.70312,505.801,3.3237079999999253
London,0.25,Off-peak,Greedy,49,10.810927,29.73529,100.0,55.662094,469.73593,3.3237079999999253
London,0.25,Off-peak,Greedy,50,10.156504,27.899569,100.0,52.18458,496.8786,3.3237079999999253
London,0.25,Off-peak,Greedy,51,11.757538,32.27608,100.0,61.00495,448.45276,3.3237079999999253
London,0.25,Off-peak,Greedy,52,12.081275,33.147614,100.0,62.182728,457.4861,3.3237079999999253
London,0.25,Off-peak,Greedy,53,13.256776,36.42975,100.0,68.12526,360.37338,3.3237079999999253
London,0.25,Off-peak,Greedy,54,12.293039,33.760067,100.0,62.95119,405.5617,3.3237079999999253
London,0.25,Off-peak,Greedy,55,11.390972,31.410145,100.0,58.795647,463.36795,3.3237079999999253
London,0.25,Off-peak,Greedy,56,11.275572,30.969265,100.0,58.076817,404.73734,3.3237079999999253
London,0.25,Off-peak,Greedy,57,12.098939,33.204662,100.0,61.92014,450.8233,3.3237079999999253
London,0.25,Off-peak,Greedy,58,12.781094,35.205917,100.0,65.99926,455.35638,3.3237079999999253
London,0.25,Off-peak,Greedy,59,14.789153,40.699844,100.0,76.162224,515.14105,3.3237079999999253
London,0.25,Off-peak,Greedy,60,12.359274,33.945946,100.0,63.27894,499.86386,3.3237079999999253
London,0.25,Off-peak,Greedy,61,11.469088,31.537819,100.0,58.948875,498.1081,3.3237079999999253
London,0.25,Off-peak,Greedy,62,13.600915,37.394363,100.0,69.73424,417.8368,3.3237079999999253
London,0.25,Off-peak,Greedy,63,9.77681,26.77154,100.0,49.957146,512.47107,3.3237079999999253
London,0.25,Off-peak,Greedy,64,12.3581505,33.994423,100.0,63.41801,513.37225,3.3237079999999253
London,0.25,Off-peak,Greedy,65,10.359972,28.428606,100.0,52.995995,457.82385,3.3237079999999253
London,0.25,Off-peak,Greedy,66,12.901422,35.474815,100.0,66.22412,517.57855,3.3237079999999253
London,0.25,Off-peak,Greedy,67,12.527513,34.43587,100.0,64.348045,504.96976,3.3237079999999253
London,0.25,Off-peak,Greedy,68,12.692479,34.83599,100.0,65.64814,498.7332,3.3237079999999253
London,0.25,Off-peak,Greedy,69,12.009049,32.987694,100.0,61.62913,498.6786,3.3237079999999253
London,0.25,Off-peak,Greedy,70,11.981698,32.942154,100.0,62.483437,505.1479,3.3237079999999253
London,0.25,Off-peak,Greedy,71,13.53631,37.149933,100.0,69.9192,356.6966,3.3237079999999253
London,0.25,Off-peak,Greedy,72,10.543698,28.934826,100.0,53.928894,513.154,3.3237079999999253
London,0.25,Off-peak,Greedy,73,11.255678,30.963856,100.0,57.766136,509.20093,3.3237079999999253
London,0.25,Off-peak,Greedy,74,12.273725,33.83039,100.0,63.1497,418.1366,3.3237079999999253
London,0.25,Off-peak,Greedy,75,9.363635,25.681053,100.0,47.879322,421.93707,3.3237079999999253
London,0.25,Off-peak,Greedy,76,11.788617,32.34579,100.0,60.50633,510.01797,3.3237079999999253
London,0.25,Off-peak,Greedy,77,13.564475,37.245285,100.0,69.689354,451.87808,3.3237079999999253
London,0.25,Off-peak,Greedy,78,11.90166,32.73729,100.0,61.431736,503.81778,3.3237079999999253
London,0.25,Off-peak,Greedy,79,11.195204,30.718311,100.0,57.273956,512.0649,3.3237079999999253
London,0.25,Off-peak,Greedy,80,11.057906,30.47556,100.0,56.997982,504.72537,3.3237079999999253
London,0.25,Off-peak,Greedy,81,10.454768,28.664644,100.0,53.63501,410.40988,3.3237079999999253
London,0.25,Off-peak,Greedy,82,11.476559,31.45465,100.0,58.683155,504.90216,3.3237079999999253
London,0.25,Off-peak,Greedy,83,11.897625,32.63405,100.0,61.435318,510.77408,3.3237079999999253
London,0.25,Off-peak,Greedy,84,11.317922,31.115993,100.0,58.124363,496.78345,3.3237079999999253
London,0.25,Off-peak,Greedy,85,10.002417,27.417995,100.0,51.248306,396.94888,3.3237079999999253
London,0.25,Off-peak,Greedy,86,12.945517,35.672157,100.0,66.75754,467.93552,3.3237079999999253
London,0.25,Off-peak,Greedy,87,10.960221,30.213484,100.0,56.71651,417.08286,3.3237079999999253
London,0.25,Off-peak,Greedy,88,12.43714,34.083015,100.0,63.640614,458.45856,3.3237079999999253
London,0.25,Off-peak,Greedy,89,11.464174,31.488928,100.0,59.09206,459.9427,3.3237079999999253
London,0.25,Off-peak,Greedy,90,11.047494,30.26514,100.0,56.629517,509.8541,3.3237079999999253
London,0.25,Off-peak,Greedy,91,13.939262,38.397926,100.0,72.118935,514.25256,3.3237079999999253
London,0.25,Off-peak,Greedy,92,10.150768,27.936811,100.0,52.488235,464.7404,3.3237079999999253
London,0.25,Off-peak,Greedy,93,11.284669,30.976374,100.0,58.563515,408.03976,3.3237079999999253
London,0.25,Off-peak,Greedy,94,11.454096,31.473991,100.0,59.050316,498.0253,3.3237079999999253
London,0.25,Off-peak,Greedy,95,13.887998,38.12779,100.0,71.200714,506.63556,3.3237079999999253
London,0.25,Off-peak,Greedy,96,13.204253,36.28653,100.0,68.06961,502.30872,3.3237079999999253
London,0.25,Off-peak,Greedy,97,11.846561,32.558113,100.0,60.73396,404.91458,3.3237079999999253
London,0.25,Off-peak,Greedy,98,12.574286,34.55238,100.0,64.51591,511.45505,3.3237079999999253
London,0.25,Off-peak,Greedy,99,11.650258,32.035606,100.0,59.892246,505.03418,3.3237079999999253
London,0.25,Peak-aware,DVNDA,0,9.066898,24.922132,100.0,53.8454,482.26266,81.58305300000009
London,0.25,Peak-aware,DVNDA,1,10.345701,28.4937,100.0,57.790615,485.05292,81.58305300000009
London,0.25,Peak-aware,DVNDA,2,11.363838,31.11662,100.0,61.356934,484.89697,81.58305300000009
London,0.25,Peak-aware,DVNDA,3,9.141299,25.089174,100.0,52.46311,482.70297,81.58305300000009
London,0.25,Peak-aware,DVNDA,4,9.552983,26.224085,100.0,50.25685,501.90445,81.58305300000009
London,0.25,Peak-aware,DVNDA,5,8.029535,22.119701,100.0,41.979572,511.80856,81.58305300000009
London,0.25,Peak-aware,DVNDA,6,8.836046,24.22617,100.0,49.662724,495.88824,81.58305300000009
London,0.25,Peak-aware,DVNDA,7,9.136523,25.14467,100.0,52.659164,495.33527,81.58305300000009
London,0.25,Peak-aware,DVNDA,8,11.600534,31.964087,100.0,65.14337,483.67825,81.58305300000009
London,0.25,Peak-aware,DVNDA,9,9.561919,26.240946,100.0,51.799072,481.85977,81.58305300000009
London,0.25,Peak-aware,DVNDA,10,9.956698,27.362223,100.0,54.081898,483.57587,81.58305300000009
London,0.25,Peak-aware,DVNDA,11,8.626207,23.7107,100.0,48.88925,506.6347,81.58305300000009
London,0.25,Peak-aware,DVNDA,12,10.098059,27.727655,100.0,59.88812,483.6574,81.58305300000009
London,0.25,Peak-aware,DVNDA,13,10.200296,27.958776,100.0,55.22783,484.10294,81.58305300000009
London,0.25,Peak-aware,DVNDA,14,10.107402,27.863966,100.0,59.1151,483.04715,81.58305300000009
London,0.25,Peak-aware,DVNDA,15,10.867317,29.89027,100.0,59.79724,500.47366,81.58305300000009
London,0.25,Peak-aware,DVNDA,16,9.47267,26.06778,100.0,51.849304,483.50726,81.58305300000009
London,0.25,Peak-aware,DVNDA,17,8.739597,24.071669,100.0,49.054043,506.93692,81.58305300000009
London,0.25,Peak-aware,DVNDA,18,9.219229,25.291956,100.0,53.78737,507.61276,81.58305300000009
London,0.25,Peak-aware,DVNDA,19,9.858613,27.129707,100.0,54.32637,483.14328,81.58305300000009
London,0.25,Peak-aware,DVNDA,20,8.779372,24.093452,100.0,49.57756,501.84415,81.58305300000009
London,0.25,Peak-aware,DVNDA,21,11.718315,32.15678,100.0,65.48322,484.70462,81.58305300000009
London,0.25,Peak-aware,DVNDA,22,14.244341,39.037716,100.0,75.82138,485.79974,81.58305300000009
London,0.25,Peak-aware,DVNDA,23,10.321981,28.372818,100.0,55.998077,500.0086,81.58305300000009
London,0.25,Peak-aware,DVNDA,24,9.54141,26.149094,100.0,51.087654,482.4622,81.58305300000009
London,0.25,Peak-aware,DVNDA,25,9.941129,27.422134,100.0,55.77532,525.134,81.58305300000009
London,0.25,Peak-aware,DVNDA,26,10.922544,30.004824,100.0,60.273228,485.1074,81.58305300000009
London,0.25,Peak-aware,DVNDA,27,10.294454,28.208967,100.0,58.44892,483.07132,81.58305300000009
London,0.25,Peak-aware,DVNDA,28,8.522623,23.470768,100.0,47.168186,507.4192,81.58305300000009
London,0.25,Peak-aware,DVNDA,29,13.409939,36.760704,100.0,74.62829,487.0937,81.58305300000009
London,0.25,Peak-aware,DVNDA,30,10.312815,28.301561,100.0,54.501625,484.75873,81.58305300000009
London,0.25,Peak-aware,DVNDA,31,8.439148,23.186686,100.0,50.878788,482.986,81.58305300000009
London,0.25,Peak-aware,DVNDA,32,12.236987,33.566204,100.0,65.80508,485.22165,81.58305300000009
London,0.25,Peak-aware,DVNDA,33,9.711468,26.80275,100.0,54.86969,485.3871,81.58305300000009
London,0.25,Peak-aware,DVNDA,34,8.536006,23.497234,100.0,49.699364,512.09796,81.58305300000009
London,0.25,Peak-aware,DVNDA,35,11.290027,31.051138,100.0,64.693596,485.8809,81.58305300000009
London,0.25,Peak-aware,DVNDA,36,9.755584,26.811846,100.0,54.16072,484.83005,81.58305300000009
London,0.25,Peak-aware,DVNDA,37,11.089813,30.515162,100.0,61.59193,510.3197,81.58305300000009
London,0.25,Peak-aware,DVNDA,38,9.218529,25.327843,100.0,51.173714,515.1109,81.58305300000009
London,0.25,Peak-aware,DVNDA,39,8.869436,24.473213,100.0,50.980812,510.95215,81.58305300000009
London,0.25,Peak-aware,DVNDA,40,11.838088,32.59089,100.0,65.92,518.0546,81.58305300000009
London,0.25,Peak-aware,DVNDA,41,12.340207,33.828262,100.0,67.28346,516.59656,81.58305300000009
London,0.25,Peak-aware,DVNDA,42,9.679002,26.63938,100.0,54.562443,496.48303,81.58305300000009
London,0.25,Peak-aware,DVNDA,43,9.165138,25.26833,100.0,53.38473,499.18893,81.58305300000009
London,0.25,Peak-aware,DVNDA,44,10.533671,28.919128,100.0,59.37278,499.141,81.58305300000009
London,0.25,Peak-aware,DVNDA,45,10.155225,27.972393,100.0,57.258095,509.5253,81.58305300000009
London,0.25,Peak-aware,DVNDA,46,10.92283,30.000612,100.0,63.059765,520.40515,81.58305300000009
London,0.25,Peak-aware,DVNDA,47,11.414956,31.38319,100.0,64.67655,484.90115,81.58305300000009
London,0.25,Peak-aware,DVNDA,48,11.452009,31.39112,100.0,62.153633,505.801,81.58305300000009
London,0.25,Peak-aware,DVNDA,49,8.995984,24.698181,100.0,49.38295,482.90393,81.58305300000009
London,0.25,Peak-aware,DVNDA,50,8.080459,22.158995,100.0,45.1492,496.49008,81.58305300000009
London,0.25,Peak-aware,DVNDA,51,10.669185,29.257397,100.0,58.538185,485.04233,81.58305300000009
London,0.25,Peak-aware,DVNDA,52,10.542609,28.975113,100.0,61.199013,484.76663,81.58305300000009
London,0.25,Peak-aware,DVNDA,53,10.992874,30.129023,100.0,62.409725,483.31586,81.58305300000009
London,0.25,Peak-aware,DVNDA,54,12.078916,33.22206,100.0,66.09494,485.18033,81.58305300000009
London,0.25,Peak-aware,DVNDA,55,8.815092,24.217691,100.0,47.793213,482.78845,81.58305300000009
London,0.25,Peak-aware,DVNDA,56,7.7014666,21.220634,100.0,43.115326,482.56766,81.58305300000009
London,0.25,Peak-aware,DVNDA,57,9.941848,27.217373,100.0,51.739704,484.36832,81.58305300000009
London,0.25,Peak-aware,DVNDA,58,9.819888,27.087929,100.0,53.683475,484.69586,81.58305300000009
London,0.25,Peak-aware,DVNDA,59,13.741427,37.749226,100.0,75.227,514.9533,81.58305300000009
London,0.25,Peak-aware,DVNDA,60,11.050668,30.472475,100.0,63.67313,496.62506,81.58305300000009
London,0.25,Peak-aware,DVNDA,61,10.475639,28.786455,100.0,57.962322,497.56335,81.58305300000009
London,0.25,Peak-aware,DVNDA,62,9.583507,26.301008,100.0,53.50064,482.55576,81.58305300000009
London,0.25,Peak-aware,DVNDA,63,8.29923,22.775738,100.0,47.531075,514.9639,81.58305300000009
London,0.25,Peak-aware,DVNDA,64,9.5756235,26.308857,100.0,57.754246,513.3722,81.58305300000009
London,0.25,Peak-aware,DVNDA,65,10.0401,27.584827,100.0,58.293953,483.67767,81.58305300000009
London,0.25,Peak-aware,DVNDA,66,12.318492,33.85229,100.0,68.66501,517.57855,81.58305300000009
London,0.25,Peak-aware,DVNDA,67,7.9864154,21.910534,100.0,43.86086,504.96982,81.58305300000009
London,0.25,Peak-aware,DVNDA,68,10.756718,29.571783,100.0,60.180058,500.55804,81.58305300000009
London,0.25,Peak-aware,DVNDA,69,10.403779,28.601797,100.0,56.270428,497.3794,81.58305300000009
London,0.25,Peak-aware,DVNDA,70,9.779221,26.904854,100.0,55.1042,505.1479,81.58305300000009
London,0.25,Peak-aware,DVNDA,71,11.23264,30.770504,100.0,65.08488,483.13895,81.58305300000009
London,0.25,Peak-aware,DVNDA,72,8.219428,22.622786,100.0,46.345745,536.2147,81.58305300000009
London,0.25,Peak-aware,DVNDA,73,10.101764,27.817625,100.0,53.48205,508.87463,81.58305300000009
London,0.25,Peak-aware,DVNDA,74,10.429818,28.770119,100.0,57.808468,485.41827,81.58305300000009
London,0.25,Peak-aware,DVNDA,75,7.8561363,21.551552,100.0,46.053345,483.88007,81.58305300000009
London,0.25,Peak-aware,DVNDA,76,9.752863,26.794088,100.0,53.601303,510.01797,81.58305300000009
London,0.25,Peak-aware,DVNDA,77,11.388753,31.302952,100.0,62.269028,483.86765,81.58305300000009
London,0.25,Peak-aware,DVNDA,78,9.685487,26.614166,100.0,55.779926,503.81778,81.58305300000009
London,0.25,Peak-aware,DVNDA,79,11.450614,31.495525,100.0,61.458794,513.3018,81.58305300000009
London,0.25,Peak-aware,DVNDA,80,9.854849,27.096676,100.0,57.040344,505.75037,81.58305300000009
London,0.25,Peak-aware,DVNDA,81,8.611853,23.642698,100.0,49.478024,483.6002,81.58305300000009
London,0.25,Peak-aware,DVNDA,82,11.595047,31.81643,100.0,63.529007,504.90216,81.58305300000009
London,0.25,Peak-aware,DVNDA,83,10.543368,28.999544,100.0,58.89305,511.33484,81.58305300000009
London,0.25,Peak-aware,DVNDA,84,10.615629,29.097675,100.0,58.242832,497.81592,81.58305300000009
London,0.25,Peak-aware,DVNDA,85,9.430158,25.837793,100.0,53.6381,482.3119,81.58305300000009
London,0.25,Peak-aware,DVNDA,86,11.472933,31.603628,100.0,61.49316,485.8244,81.58305300000009
London,0.25,Peak-aware,DVNDA,87,10.463471,28.778925,100.0,58.427795,485.61258,81.58305300000009
London,0.25,Peak-aware,DVNDA,88,10.531338,28.957933,100.0,59.703983,483.99603,81.58305300000009
London,0.25,Peak-aware,DVNDA,89,11.625587,31.980717,100.0,65.61869,485.9427,81.58305300000009
London,0.25,Peak-aware,DVNDA,90,9.5795765,26.288115,100.0,53.203087,534.38605,81.58305300000009
London,0.25,Peak-aware,DVNDA,91,10.362469,28.508911,100.0,56.040684,514.2526,81.58305300000009
London,0.25,Peak-aware,DVNDA,92,10.300081,28.344057,100.0,55.498474,483.3065,81.58305300000009
London,0.25,Peak-aware,DVNDA,93,9.891205,27.216187,100.0,53.039757,485.04233,81.58305300000009
London,0.25,Peak-aware,DVNDA,94,10.620828,29.17175,100.0,57.75566,498.56998,81.58305300000009
London,0.25,Peak-aware,DVNDA,95,10.619051,29.219349,100.0,58.554985,506.36,81.58305300000009
London,0.25,Peak-aware,DVNDA,96,11.551027,31.768192,100.0,65.54804,501.2724,81.58305300000009
London,0.25,Peak-aware,DVNDA,97,9.304029,25.598032,100.0,51.475513,484.03867,81.58305300000009
London,0.25,Peak-aware,DVNDA,98,10.657686,29.288975,100.0,57.894268,511.45505,81.58305300000009
London,0.25,Peak-aware,DVNDA,99,11.453972,31.44748,100.0,63.960587,507.47607,81.58305300000009
London,0.25,Peak-aware,Greedy,0,11.664037,31.987673,100.0,63.09759,450.68365,3.17841300000012
London,0.25,Peak-aware,Greedy,1,12.615832,34.651123,100.0,68.324196,404.23688,3.17841300000012
London,0.25,Peak-aware,Greedy,2,13.489221,37.035973,100.0,77.930855,410.59573,3.17841300000012
London,0.25,Peak-aware,Greedy,3,9.761049,26.795984,100.0,54.916058,360.31787,3.17841300000012
London,0.25,Peak-aware,Greedy,4,10.698506,29.3429,100.0,56.20132,502.94724,3.17841300000012
London,0.25,Peak-aware,Greedy,5,9.201125,25.350008,100.0,47.629105,511.80862,3.17841300000012
London,0.25,Peak-aware,Greedy,6,12.841429,35.33076,100.0,70.06818,468.32394,3.17841300000012
London,0.25,Peak-aware,Greedy,7,8.782789,24.17766,100.0,45.70592,465.91632,3.17841300000012
London,0.25,Peak-aware,Greedy,8,12.495486,34.404625,100.0,66.77066,453.34915,3.17841300000012
London,0.25,Peak-aware,Greedy,9,12.869126,35.361168,100.0,70.35776,451.88437,3.17841300000012
London,0.25,Peak-aware,Greedy,10,10.99191,30.09907,100.0,58.956154,457.34302,3.17841300000012
London,0.25,Peak-aware,Greedy,11,11.928141,32.75086,100.0,62.915405,504.78854,3.17841300000012
London,0.25,Peak-aware,Greedy,12,12.771576,35.147278,100.0,70.94808,415.10916,3.17841300000012
London,0.25,Peak-aware,Greedy,13,10.318135,28.241726,100.0,55.677532,452.949,3.17841300000012
London,0.25,Peak-aware,Greedy,14,12.258592,33.740726,100.0,71.04514,462.0873,3.17841300000012
London,0.25,Peak-aware,Greedy,15,14.763017,40.62812,100.0,84.75732,500.97925,3.17841300000012
London,0.25,Peak-aware,Greedy,16,10.470375,28.832266,100.0,55.22418,308.83432,3.17841300000012
London,0.25,Peak-aware,Greedy,17,10.607561,29.235786,100.0,56.470943,508.33716,3.17841300000012
London,0.25,Peak-aware,Greedy,18,11.287497,31.011816,100.0,61.440536,508.91492,3.17841300000012
London,0.25,Peak-aware,Greedy,19,10.224696,28.043663,100.0,56.429604,360.09354,3.17841300000012
London,0.25,Peak-aware,Greedy,20,11.150656,30.576693,100.0,64.39962,501.84415,3.17841300000012
London,0.25,Peak-aware,Greedy,21,14.373943,39.553795,100.0,77.30707,454.62393,3.17841300000012
London,0.25,Peak-aware,Greedy,22,11.126176,30.482159,100.0,63.91778,408.42056,3.17841300000012
London,0.25,Peak-aware,Greedy,23,12.176174,33.463097,100.0,63.67697,501.75116,3.17841300000012
London,0.25,Peak-aware,Greedy,24,11.385166,31.21636,100.0,60.67854,455.65128,3.17841300000012
London,0.25,Peak-aware,Greedy,25,11.463495,31.605127,100.0,61.063385,512.6891,3.17841300000012
London,0.25,Peak-aware,Greedy,26,11.733763,32.27499,100.0,62.69454,455.19418,3.17841300000012
London,0.25,Peak-aware,Greedy,27,11.563213,31.76891,100.0,64.92084,401.3537,3.17841300000012
London,0.25,Peak-aware,Greedy,28,10.7988205,29.76771,100.0,57.422977,507.4192,3.17841300000012
London,0.25,Peak-aware,Greedy,29,16.126415,44.18667,100.0,90.09105,473.14307,3.17841300000012
London,0.25,Peak-aware,Greedy,30,10.707025,29.489105,100.0,59.446255,369.5772,3.17841300000012
London,0.25,Peak-aware,Greedy,31,11.098855,30.500328,100.0,62.223396,317.39163,3.17841300000012
London,0.25,Peak-aware,Greedy,32,12.19542,33.3828,100.0,62.626534,453.31793,3.17841300000012
London,0.25,Peak-aware,Greedy,33,10.8654995,29.892588,100.0,59.003166,453.02698,3.17841300000012
London,0.25,Peak-aware,Greedy,34,9.607409,26.451303,100.0,54.870388,513.4547,3.17841300000012
London,0.25,Peak-aware,Greedy,35,12.5511055,34.55463,100.0,71.67631,222.08769,3.17841300000012
London,0.25,Peak-aware,Greedy,36,12.800196,35.093254,100.0,69.30044,280.50464,3.17841300000012
London,0.25,Peak-aware,Greedy,37,13.537125,37.241787,100.0,76.36502,507.84708,3.17841300000012
London,0.25,Peak-aware,Greedy,38,13.227037,36.350758,100.0,70.6329,516.6242,3.17841300000012
London,0.25,Peak-aware,Greedy,39,11.376169,31.258596,100.0,62.319324,512.45337,3.17841300000012
London,0.25,Peak-aware,Greedy,40,12.305938,33.8916,100.0,67.781746,516.47327,3.17841300000012
London,0.25,Peak-aware,Greedy,41,14.381056,39.333405,100.0,82.10947,516.59656,3.17841300000012
London,0.25,Peak-aware,Greedy,42,12.273076,33.83553,100.0,69.72678,496.71542,3.17841300000012
London,0.25,Peak-aware,Greedy,43,11.986548,33.008038,100.0,63.524418,499.18887,3.17841300000012
London,0.25,Peak-aware,Greedy,44,10.825694,29.7309,100.0,62.18153,499.14105,3.17841300000012
London,0.25,Peak-aware,Greedy,45,12.734837,34.989082,100.0,69.11025,509.52524,3.17841300000012
London,0.25,Peak-aware,Greedy,46,11.665459,32.058117,100.0,63.141113,520.40515,3.17841300000012
London,0.25,Peak-aware,Greedy,47,12.358126,33.9391,100.0,68.79094,462.19473,3.17841300000012
London,0.25,Peak-aware,Greedy,48,11.244937,30.879906,100.0,59.377903,505.801,3.17841300000012
London,0.25,Peak-aware,Greedy,49,10.810927,29.73529,100.0,56.233627,469.73593,3.17841300000012
London,0.25,Peak-aware,Greedy,50,10.182059,27.972826,100.0,56.100212,496.8786,3.17841300000012
London,0.25,Peak-aware,Greedy,51,11.757538,32.27608,100.0,61.63337,448.45276,3.17841300000012
London,0.25,Peak-aware,Greedy,52,12.089758,33.17025,100.0,65.647255,457.4861,3.17841300000012
London,0.25,Peak-aware,Greedy,53,13.278321,36.48089,100.0,77.009415,362.14825,3.17841300000012
London,0.25,Peak-aware,Greedy,54,12.293039,33.760067,100.0,71.657,408.6679,3.17841300000012
London,0.25,Peak-aware,Greedy,55,11.390972,31.410145,100.0,64.0228,463.36795,3.17841300000012
London,0.25,Peak-aware,Greedy,56,11.276137,30.97093,100.0,63.350395,406.07098,3.17841300000012
London,0.25,Peak-aware,Greedy,57,12.098939,33.204662,100.0,63.457684,450.8233,3.17841300000012
London,0.25,Peak-aware,Greedy,58,12.781094,35.205917,100.0,67.31479,455.35638,3.17841300000012
London,0.25,Peak-aware,Greedy,59,14.821983,40.793964,100.0,80.413956,515.14105,3.17841300000012
London,0.25,Peak-aware,Greedy,60,12.364399,33.959408,100.0,68.341774,499.86386,3.17841300000012
London,0.25,Peak-aware,Greedy,61,11.469088,31.537819,100.0,60.326324,498.1081,3.17841300000012
London,0.25,Peak-aware,Greedy,62,13.607379,37.413963,100.0,74.32356,419.4425,3.17841300000012
London,0.25,Peak-aware,Greedy,63,9.77681,26.77154,100.0,54.011276,512.47107,3.17841300000012
London,0.25,Peak-aware,Greedy,64,12.358716,33.99609,100.0,70.9049,513.37225,3.17841300000012
London,0.25,Peak-aware,Greedy,65,10.359972,28.428606,100.0,53.58544,457.82385,3.17841300000012
London,0.25,Peak-aware,Greedy,66,12.901672,35.47558,100.0,74.3606,517.57855,3.17841300000012
London,0.25,Peak-aware,Greedy,67,12.527513,34.43587,100.0,66.13046,504.96976,3.17841300000012
London,0.25,Peak-aware,Greedy,68,12.122063,33.296513,100.0,69.54376,496.99597,3.17841300000012
London,0.25,Peak-aware,Greedy,69,12.015017,32.9999,100.0,64.84876,498.6786,3.17841300000012
London,0.25,Peak-aware,Greedy,70,11.981698,32.942154,100.0,66.520424,505.1479,3.17841300000012
London,0.25,Peak-aware,Greedy,71,13.559782,37.209095,100.0,76.95508,358.07166,3.17841300000012
London,0.25,Peak-aware,Greedy,72,10.543698,28.934826,100.0,53.928894,513.154,3.17841300000012
London,0.25,Peak-aware,Greedy,73,11.255678,30.963856,100.0,59.271744,509.20093,3.17841300000012
London,0.25,Peak-aware,Greedy,74,12.273725,33.83039,100.0,65.42205,419.50925,3.17841300000012
London,0.25,Peak-aware,Greedy,75,9.380323,25.71799,100.0,52.60647,423.36945,3.17841300000012
London,0.25,Peak-aware,Greedy,76,11.788617,32.34579,100.0,61.017235,510.01797,3.17841300000012
London,0.25,Peak-aware,Greedy,77,13.563242,37.250076,100.0,74.134476,451.87808,3.17841300000012
London,0.25,Peak-aware,Greedy,78,11.907628,32.749496,100.0,64.66707,503.81778,3.17841300000012
London,0.25,Peak-aware,Greedy,79,11.201677,30.738762,100.0,59.429764,512.0649,3.17841300000012
London,0.25,Peak-aware,Greedy,80,11.071608,30.510174,100.0,61.39232,504.72537,3.17841300000012
London,0.25,Peak-aware,Greedy,81,10.454768,28.664644,100.0,61.82619,411.69824,3.17841300000012
London,0.25,Peak-aware,Greedy,82,11.476559,31.45465,100.0,58.683155,504.90216,3.17841300000012
London,0.25,Peak-aware,Greedy,83,11.897625,32.63405,100.0,65.27706,510.77408,3.17841300000012
London,0.25,Peak-aware,Greedy,84,11.319264,31.118671,100.0,60.840656,496.78345,3.17841300000012
London,0.25,Peak-aware,Greedy,85,10.002417,27.417995,100.0,56.261272,397.98093,3.17841300000012
London,0.25,Peak-aware,Greedy,86,12.9528055,35.69512,100.0,69.6702,467.93552,3.17841300000012
London,0.25,Peak-aware,Greedy,87,11.000261,30.335014,100.0,64.65183,418.4921,3.17841300000012
London,0.25,Peak-aware,Greedy,88,12.453829,34.119953,100.0,68.64056,458.45856,3.17841300000012
London,0.25,Peak-aware,Greedy,89,11.488522,31.560415,100.0,65.22136,459.9427,3.17841300000012
London,0.25,Peak-aware,Greedy,90,11.047494,30.26514,100.0,59.394695,509.8541,3.17841300000012
London,0.25,Peak-aware,Greedy,91,13.97363,38.501514,100.0,75.96135,514.25256,3.17841300000012
London,0.25,Peak-aware,Greedy,92,10.150768,27.936811,100.0,52.488235,464.7404,3.17841300000012
London,0.25,Peak-aware,Greedy,93,11.284669,30.976374,100.0,61.63707,411.1133,3.17841300000012
London,0.25,Peak-aware,Greedy,94,11.466032,31.498407,100.0,64.04343,498.0253,3.17841300000012
London,0.25,Peak-aware,Greedy,95,13.887998,38.12779,100.0,74.57831,506.63556,3.17841300000012
London,0.25,Peak-aware,Greedy,96,13.204253,36.28653,100.0,73.62495,502.30872,3.17841300000012
London,0.25,Peak-aware,Greedy,97,11.846561,32.558113,100.0,64.938446,406.76028,3.17841300000012
London,0.25,Peak-aware,Greedy,98,12.577141,34.56012,100.0,69.325195,511.45505,3.17841300000012
London,0.25,Peak-aware,Greedy,99,11.6538315,32.045734,100.0,62.15788,505.03418,3.17841300000012
London,0.5,Off-peak,DVNDA,0,10.972919,30.126106,100.0,56.16697,483.7635,72.89662800000002
London,0.5,Off-peak,DVNDA,1,11.588747,31.918764,100.0,59.701336,514.0165,72.89662800000002
London,0.5,Off-peak,DVNDA,2,11.819337,32.444565,100.0,60.67149,517.367,72.89662800000002
London,0.5,Off-peak,DVNDA,3,10.246025,28.052448,100.0,52.518173,507.90298,72.89662800000002
London,0.5,Off-peak,DVNDA,4,11.198077,30.75772,100.0,57.943893,501.90445,72.89662800000002
London,0.5,Off-peak,DVNDA,5,10.674456,29.310843,100.0,54.939816,511.80856,72.89662800000002
London,0.5,Off-peak,DVNDA,6,11.575364,31.823679,100.0,59.457623,526.40137,72.89662800000002
London,0.5,Off-peak,DVNDA,7,9.553386,26.251574,100.0,48.931465,537.65717,72.89662800000002
London,0.5,Off-peak,DVNDA,8,11.846812,32.61981,100.0,61.094635,508.13467,72.89662800000002
London,0.5,Off-peak,DVNDA,9,10.781859,29.598404,100.0,55.347317,505.3057,72.89662800000002
London,0.5,Off-peak,DVNDA,10,11.165711,30.721014,100.0,57.39833,482.88528,72.89662800000002
London,0.5,Off-peak,DVNDA,11,11.563485,31.73301,100.0,59.520718,508.44693,72.89662800000002
London,0.5,Off-peak,DVNDA,12,11.860756,32.64669,100.0,60.98733,525.0831,72.89662800000002
London,0.5,Off-peak,DVNDA,13,11.257573,30.838154,100.0,57.671223,515.3907,72.89662800000002
London,0.5,Off-peak,DVNDA,14,12.555691,34.575626,100.0,64.493965,507.96393,72.89662800000002
London,0.5,Off-peak,DVNDA,15,12.063877,33.121056,100.0,62.93461,501.29614,72.89662800000002
London,0.5,Off-peak,DVNDA,16,10.014935,27.562384,100.0,51.51458,502.97766,72.89662800000002
London,0.5,Off-peak,DVNDA,17,10.315065,28.36888,100.0,53.18714,506.93692,72.89662800000002
London,0.5,Off-peak,DVNDA,18,10.687969,29.325668,100.0,55.095543,520.69135,72.89662800000002
London,0.5,Off-peak,DVNDA,19,11.462813,31.516653,100.0,59.15092,517.3497,72.89662800000002
London,0.5,Off-peak,DVNDA,20,10.637736,29.205935,100.0,54.46178,502.3899,72.89662800000002
London,0.5,Off-peak,DVNDA,21,12.299822,33.826443,100.0,63.05643,497.7637,72.89662800000002
London,0.5,Off-peak,DVNDA,22,14.001616,38.439583,100.0,71.65977,515.0247,72.89662800000002
London,0.5,Off-peak,DVNDA,23,10.7220545,29.4454,100.0,55.47455,511.84943,72.89662800000002
London,0.5,Off-peak,DVNDA,24,11.13691,30.548685,100.0,57.420643,507.57477,72.89662800000002
London,0.5,Off-peak,DVNDA,25,9.330123,25.750422,100.0,48.406937,525.13654,72.89662800000002
London,0.5,Off-peak,DVNDA,26,11.055003,30.416487,100.0,57.12523,503.77048,72.89662800000002
London,0.5,Off-peak,DVNDA,27,11.671418,32.090176,100.0,59.980614,483.93872,72.89662800000002
London,0.5,Off-peak,DVNDA,28,10.02961,27.595257,100.0,52.00315,541.7654,72.89662800000002
London,0.5,Off-peak,DVNDA,29,13.327844,36.56099,100.0,68.28867,497.31256,72.89662800000002
London,0.5,Off-peak,DVNDA,30,8.802799,24.216028,100.0,45.48612,496.10217,72.89662800000002
London,0.5,Off-peak,DVNDA,31,10.051637,27.6143,100.0,52.231537,500.88168,72.89662800000002
London,0.5,Off-peak,DVNDA,32,13.193724,36.16405,100.0,67.811104,520.2915,72.89662800000002
London,0.5,Off-peak,DVNDA,33,10.203877,28.118555,100.0,52.741753,503.7102,72.89662800000002
London,0.5,Off-peak,DVNDA,34,10.0091,27.55528,100.0,51.71877,510.79593,72.89662800000002
London,0.5,Off-peak,DVNDA,35,11.6315565,31.982485,100.0,60.79503,508.83746,72.89662800000002
London,0.5,Off-peak,DVNDA,36,12.939586,35.51788,100.0,67.061035,484.79926,72.89662800000002
London,0.5,Off-peak,DVNDA,37,12.92534,35.540344,100.0,66.55385,532.58673,72.89662800000002
London,0.5,Off-peak,DVNDA,38,11.086569,30.431538,100.0,56.995605,515.67566,72.89662800000002
London,0.5,Off-peak,DVNDA,39,10.260523,28.220898,100.0,52.99211,510.95215,72.89662800000002
London,0.5,Off-peak,DVNDA,40,12.318916,33.91964,100.0,63.32754,516.8823,72.89662800000002
London,0.5,Off-peak,DVNDA,41,13.173189,36.12767,100.0,67.695435,513.6104,72.89662800000002
London,0.5,Off-peak,DVNDA,42,10.683699,29.4101,100.0,55.28086,526.85956,72.89662800000002
London,0.5,Off-peak,DVNDA,43,11.163673,30.806667,100.0,57.644722,499.18893,72.89662800000002
London,0.5,Off-peak,DVNDA,44,10.622929,29.211193,100.0,54.961727,517.21246,72.89662800000002
London,0.5,Off-peak,DVNDA,45,12.028682,33.034744,100.0,61.759937,508.6539,72.89662800000002
London,0.5,Off-peak,DVNDA,46,11.506289,31.626717,100.0,59.57248,517.7057,72.89662800000002
London,0.5,Off-peak,DVNDA,47,11.074737,30.453861,100.0,57.229107,500.21176,72.89662800000002
London,0.5,Off-peak,DVNDA,48,12.480002,34.22456,100.0,63.95148,507.02386,72.89662800000002
London,0.5,Off-peak,DVNDA,49,10.132397,27.8091,100.0,52.076183,501.22815,72.89662800000002
London,0.5,Off-peak,DVNDA,50,9.490354,26.083504,100.0,48.79922,519.6377,72.89662800000002
London,0.5,Off-peak,DVNDA,51,11.621408,31.927656,100.0,60.14486,506.0011,72.89662800000002
London,0.5,Off-peak,DVNDA,52,12.301348,33.8186,100.0,63.437977,510.21103,72.89662800000002
London,0.5,Off-peak,DVNDA,53,12.054437,33.144596,100.0,61.891373,483.31586,72.89662800000002
London,0.5,Off-peak,DVNDA,54,13.341456,36.67552,100.0,68.495926,534.6115,72.89662800000002
London,0.5,Off-peak,DVNDA,55,11.3033495,31.054747,100.0,58.169434,497.09564,72.89662800000002
London,0.5,Off-peak,DVNDA,56,9.911043,27.330196,100.0,51.265797,483.4125,72.89662800000002
London,0.5,Off-peak,DVNDA,57,11.162559,30.65903,100.0,57.179237,511.97324,72.89662800000002
London,0.5,Off-peak,DVNDA,58,11.800021,32.529232,100.0,60.89071,484.69586,72.89662800000002
London,0.5,Off-peak,DVNDA,59,13.4424305,36.957706,100.0,69.196365,536.3317,72.89662800000002
London,0.5,Off-peak,DVNDA,60,11.814782,32.509926,100.0,60.83067,496.62506,72.89662800000002
London,0.5,Off-peak,DVNDA,61,12.428747,34.247314,100.0,63.999687,511.65356,72.89662800000002
London,0.5,Off-peak,DVNDA,62,11.577413,31.82831,100.0,59.464024,485.19116,72.89662800000002
London,0.5,Off-peak,DVNDA,63,9.367124,25.711761,100.0,48.09159,513.6675,72.89662800000002
London,0.5,Off-peak,DVNDA,64,10.943367,30.150818,100.0,56.25308,527.79877,72.89662800000002
London,0.5,Off-peak,DVNDA,65,9.636059,26.500013,100.0,49.40507,522.9223,72.89662800000002
London,0.5,Off-peak,DVNDA,66,13.917429,38.199493,100.0,71.41322,517.57855,72.89662800000002
London,0.5,Off-peak,DVNDA,67,10.480117,28.753752,100.0,53.79865,507.21274,72.89662800000002
London,0.5,Off-peak,DVNDA,68,12.827549,35.270336,100.0,66.572266,513.394,72.89662800000002
London,0.5,Off-peak,DVNDA,69,10.901166,29.9639,100.0,55.988247,498.6323,72.89662800000002
London,0.5,Off-peak,DVNDA,70,10.145531,27.91354,100.0,52.93087,526.3916,72.89662800000002
London,0.5,Off-peak,DVNDA,71,12.526957,34.31257,100.0,64.62359,484.80167,72.89662800000002
London,0.5,Off-peak,DVNDA,72,10.483332,28.776875,100.0,53.629272,536.2147,72.89662800000002
London,0.5,Off-peak,DVNDA,73,11.346402,31.208773,100.0,58.22396,508.87463,72.89662800000002
London,0.5,Off-peak,DVNDA,74,12.4275255,34.27069,100.0,63.97146,485.8607,72.89662800000002
London,0.5,Off-peak,DVNDA,75,8.603925,23.562782,100.0,43.930622,481.81943,72.89662800000002
London,0.5,Off-peak,DVNDA,76,10.886303,29.976807,100.0,56.090282,508.18158,72.89662800000002
London,0.5,Off-peak,DVNDA,77,11.60284,31.824053,100.0,59.596916,502.02405,72.89662800000002
London,0.5,Off-peak,DVNDA,78,13.504262,37.081146,100.0,69.53364,530.532,72.89662800000002
London,0.5,Off-peak,DVNDA,79,12.048427,33.154743,100.0,61.81157,512.0649,72.89662800000002
London,0.5,Off-peak,DVNDA,80,10.840508,29.883835,100.0,56.000484,531.2004,72.89662800000002
London,0.5,Off-peak,DVNDA,81,11.418619,31.265419,100.0,58.49305,484.09216,72.89662800000002
London,0.5,Off-peak,DVNDA,82,12.535446,34.377247,100.0,64.24466,507.09622,72.89662800000002
London,0.5,Off-peak,DVNDA,83,12.146402,33.286945,100.0,62.652405,520.8538,72.89662800000002
London,0.5,Off-peak,DVNDA,84,12.213187,33.528053,100.0,62.61971,497.96024,72.89662800000002
London,0.5,Off-peak,DVNDA,85,9.862269,27.08322,100.0,50.618515,513.1314,72.89662800000002
London,0.5,Off-peak,DVNDA,86,11.625325,32.01848,100.0,59.95111,514.24,72.89662800000002
London,0.5,Off-peak,DVNDA,87,12.494411,34.371323,100.0,64.46274,483.68185,72.89662800000002
London,0.5,Off-peak,DVNDA,88,11.79327,32.398903,100.0,60.54197,483.71637,72.89662800000002
London,0.5,Off-peak,DVNDA,89,11.846634,32.534958,100.0,61.050896,515.6722,72.89662800000002
London,0.5,Off-peak,DVNDA,90,9.536777,26.145596,100.0,48.941315,543.4214,72.89662800000002
London,0.5,Off-peak,DVNDA,91,10.857832,29.925632,100.0,56.321445,513.46387,72.89662800000002
London,0.5,Off-peak,DVNDA,92,12.550107,34.49168,100.0,64.59726,508.24643,72.89662800000002
London,0.5,Off-peak,DVNDA,93,11.005328,30.244696,100.0,56.997913,483.18048,72.89662800000002
London,0.5,Off-peak,DVNDA,94,11.2343025,30.881819,100.0,57.941998,498.56998,72.89662800000002
London,0.5,Off-peak,DVNDA,95,12.967597,35.699688,100.0,66.67419,505.81088,72.89662800000002
London,0.5,Off-peak,DVNDA,96,12.946756,35.615517,100.0,66.82323,517.97754,72.89662800000002
London,0.5,Off-peak,DVNDA,97,12.26378,33.75459,100.0,62.968513,544.76746,72.89662800000002
London,0.5,Off-peak,DVNDA,98,10.885661,29.917425,100.0,55.875816,539.4849,72.89662800000002
London,0.5,Off-peak,DVNDA,99,13.034526,35.84079,100.0,66.985535,503.43228,72.89662800000002
London,0.5,Off-peak,Greedy,0,13.591866,37.26796,100.0,69.470276,461.35968,3.710628999999983
London,0.5,Off-peak,Greedy,1,15.12092,41.57289,100.0,77.69746,514.4235,3.710628999999983
London,0.5,Off-peak,Greedy,2,13.900693,38.08179,100.0,71.17992,514.9271,3.710628999999983
London,0.5,Off-peak,Greedy,3,10.531313,28.827911,100.0,53.969177,509.06525,3.710628999999983
London,0.5,Off-peak,Greedy,4,14.710356,40.30121,100.0,75.738495,502.94724,3.710628999999983
London,0.5,Off-peak,Greedy,5,11.171354,30.716213,100.0,57.669598,512.13293,3.710628999999983
London,0.5,Off-peak,Greedy,6,13.5404,37.25696,100.0,69.58169,468.84137,3.710628999999983
London,0.5,Off-peak,Greedy,7,11.733534,32.304478,100.0,60.210304,506.49072,3.710628999999983
London,0.5,Off-peak,Greedy,8,13.185591,36.3111,100.0,67.942795,507.94556,3.710628999999983
London,0.5,Off-peak,Greedy,9,13.261332,36.43,100.0,68.07772,505.3057,3.710628999999983
London,0.5,Off-peak,Greedy,10,11.632304,31.911505,100.0,59.613087,457.90674,3.710628999999983
London,0.5,Off-peak,Greedy,11,13.587136,37.297707,100.0,69.89394,504.78854,3.710628999999983
London,0.5,Off-peak,Greedy,12,14.367002,39.43245,100.0,73.63677,507.7402,3.710628999999983
London,0.5,Off-peak,Greedy,13,12.316672,33.75169,100.0,63.102386,515.3907,3.710628999999983
London,0.5,Off-peak,Greedy,14,14.628805,40.16403,100.0,74.91584,502.89618,3.710628999999983
London,0.5,Off-peak,Greedy,15,14.742056,40.55735,100.0,76.754974,499.7599,3.710628999999983
London,0.5,Off-peak,Greedy,16,11.592089,31.87427,100.0,59.55688,502.4156,3.710628999999983
London,0.5,Off-peak,Greedy,17,11.3918705,31.308826,100.0,58.66209,507.27786,3.710628999999983
London,0.5,Off-peak,Greedy,18,10.592858,29.145401,100.0,54.864056,511.4317,3.710628999999983
London,0.5,Off-peak,Greedy,19,12.626997,34.646496,100.0,65.09531,517.3931,3.710628999999983
London,0.5,Off-peak,Greedy,20,10.837239,29.726849,100.0,55.432816,501.84415,3.710628999999983
London,0.5,Off-peak,Greedy,21,14.419872,39.543694,100.0,73.71849,496.18933,3.710628999999983
London,0.5,Off-peak,Greedy,22,14.126169,38.827866,95.0,72.49357,409.79944,3.710628999999983
London,0.5,Off-peak,Greedy,23,14.625343,40.105515,100.0,75.34175,500.0086,3.710628999999983
London,0.5,Off-peak,Greedy,24,12.74187,34.967033,100.0,65.65148,507.57477,3.710628999999983
London,0.5,Off-peak,Greedy,25,14.086474,38.87347,100.0,72.86434,512.8658,3.710628999999983
London,0.5,Off-peak,Greedy,26,14.24173,39.19858,100.0,73.50478,503.77042,3.710628999999983
London,0.5,Off-peak,Greedy,27,13.19929,36.31435,100.0,67.85496,401.51816,3.710628999999983
London,0.5,Off-peak,Greedy,28,10.6233425,29.236925,100.0,55.053513,514.639,3.710628999999983
London,0.5,Off-peak,Greedy,29,15.689087,42.992077,100.0,80.268036,497.15338,3.710628999999983
London,0.5,Off-peak,Greedy,30,11.560722,31.901947,100.0,59.799183,497.7813,3.710628999999983
London,0.5,Off-peak,Greedy,31,8.93853,24.536816,100.0,46.553524,500.88168,3.710628999999983
London,0.5,Off-peak,Greedy,32,14.920125,40.85089,100.0,76.54345,517.46063,3.710628999999983
London,0.5,Off-peak,Greedy,33,13.272934,36.488613,100.0,68.34449,503.7102,3.710628999999983
London,0.5,Off-peak,Greedy,34,11.115973,30.614746,100.0,57.311962,512.09796,3.710628999999983
London,0.5,Off-peak,Greedy,35,14.645415,40.27625,100.0,76.59766,509.767,3.710628999999983
London,0.5,Off-peak,Greedy,36,14.027043,38.49373,100.0,72.608345,467.33847,3.710628999999983
London,0.5,Off-peak,Greedy,37,14.77973,40.595245,100.0,75.98094,509.4255,3.710628999999983
London,0.5,Off-peak,Greedy,38,13.364513,36.69298,100.0,68.66764,517.24615,3.710628999999983
London,0.5,Off-peak,Greedy,39,11.507208,31.676117,100.0,59.48367,513.0699,3.710628999999983
London,0.5,Off-peak,Greedy,40,12.287115,33.79685,100.0,63.209633,516.8823,3.710628999999983
London,0.5,Off-peak,Greedy,41,13.5629015,37.14063,100.0,69.57926,516.59656,3.710628999999983
London,0.5,Off-peak,Greedy,42,12.6599045,34.870064,100.0,65.46304,513.44415,3.710628999999983
London,0.5,Off-peak,Greedy,43,13.291373,36.565502,100.0,68.379845,501.96024,3.710628999999983
London,0.5,Off-peak,Greedy,44,11.553795,31.742846,100.0,59.68102,518.0226,3.710628999999983
London,0.5,Off-peak,Greedy,45,14.46765,39.75499,100.0,74.29268,508.6539,3.710628999999983
London,0.5,Off-peak,Greedy,46,12.496217,34.35273,100.0,64.65408,517.7057,3.710628999999983
London,0.5,Off-peak,Greedy,47,14.084949,38.795795,100.0,72.78933,503.1241,3.710628999999983
London,0.5,Off-peak,Greedy,48,15.198966,41.63579,100.0,77.771324,507.02213,3.710628999999983
London,0.5,Off-peak,Greedy,49,11.185049,30.732609,100.0,57.525665,500.797,3.710628999999983
London,0.5,Off-peak,Greedy,50,11.530658,31.615255,100.0,59.111042,505.77228,3.710628999999983
London,0.5,Off-peak,Greedy,51,13.713261,37.575928,100.0,70.880005,506.5964,3.710628999999983
London,0.5,Off-peak,Greedy,52,14.538399,39.86834,100.0,74.71538,503.91953,3.710628999999983
London,0.5,Off-peak,Greedy,53,13.69475,37.62423,100.0,70.241905,465.6194,3.710628999999983
London,0.5,Off-peak,Greedy,54,12.835335,35.27399,100.0,65.883316,512.9679,3.710628999999983
London,0.5,Off-peak,Greedy,55,13.069885,36.05584,100.0,67.492035,497.3161,3.710628999999983
London,0.5,Off-peak,Greedy,56,12.547144,34.572178,100.0,64.80741,405.0093,3.710628999999983
London,0.5,Off-peak,Greedy,57,12.515693,34.319004,100.0,64.001854,511.97324,3.710628999999983
London,0.5,Off-peak,Greedy,58,14.154601,39.011703,100.0,72.970314,457.6743,3.710628999999983
London,0.5,Off-peak,Greedy,59,14.417659,39.73571,100.0,74.36497,513.1301,3.710628999999983
London,0.5,Off-peak,Greedy,60,11.633317,32.078777,100.0,59.80278,496.62506,3.710628999999983
London,0.5,Off-peak,Greedy,61,14.225796,39.11908,100.0,73.07576,501.6081,3.710628999999983
London,0.5,Off-peak,Greedy,62,12.408021,34.05766,100.0,63.6287,417.84232,3.710628999999983
London,0.5,Off-peak,Greedy,63,13.527754,37.06038,100.0,69.13671,514.9639,3.710628999999983
London,0.5,Off-peak,Greedy,64,14.337426,39.36512,100.0,73.42515,512.5355,3.710628999999983
London,0.5,Off-peak,Greedy,65,11.658361,31.9576,100.0,59.579887,505.90765,3.710628999999983
London,0.5,Off-peak,Greedy,66,15.04845,41.292843,100.0,77.07849,517.57855,3.710628999999983
London,0.5,Off-peak,Greedy,67,14.453659,39.682503,100.0,74.12936,504.96976,3.710628999999983
London,0.5,Off-peak,Greedy,68,14.072381,38.650192,100.0,72.7627,517.89136,3.710628999999983
London,0.5,Off-peak,Greedy,69,11.866094,32.53325,100.0,60.777813,496.93777,3.710628999999983
London,0.5,Off-peak,Greedy,70,13.340184,36.699078,100.0,69.47241,505.5174,3.710628999999983
London,0.5,Off-peak,Greedy,71,13.878655,38.09116,100.0,71.678215,454.5766,3.710628999999983
London,0.5,Off-peak,Greedy,72,11.431555,31.35535,100.0,58.44548,513.154,3.710628999999983
London,0.5,Off-peak,Greedy,73,13.07999,35.915504,100.0,66.98794,510.03296,3.710628999999983
London,0.5,Off-peak,Greedy,74,14.628451,40.30137,100.0,75.213326,456.102,3.710628999999983
London,0.5,Off-peak,Greedy,75,10.055495,27.570135,100.0,51.400784,463.92087,3.710628999999983
London,0.5,Off-peak,Greedy,76,13.556753,37.32051,100.0,69.77087,510.65186,3.710628999999983
London,0.5,Off-peak,Greedy,77,15.347059,42.020832,100.0,78.60488,502.02405,3.710628999999983
London,0.5,Off-peak,Greedy,78,15.48512,42.44975,100.0,79.53687,504.97513,3.710628999999983
London,0.5,Off-peak,Greedy,79,13.108255,35.995842,100.0,67.10769,513.80914,3.710628999999983
London,0.5,Off-peak,Greedy,80,12.631664,34.837856,100.0,65.2398,507.17886,3.710628999999983
London,0.5,Off-peak,Greedy,81,10.531246,28.949793,100.0,54.176464,408.05,3.710628999999983
London,0.5,Off-peak,Greedy,82,14.002466,38.359177,100.0,71.55298,507.09622,3.710628999999983
London,0.5,Off-peak,Greedy,83,12.951829,35.518047,100.0,66.811424,510.43277,3.710628999999983
London,0.5,Off-peak,Greedy,84,13.363724,36.648,100.0,68.4411,497.37082,3.710628999999983
London,0.5,Off-peak,Greedy,85,11.287269,31.01286,100.0,57.953724,513.274,3.710628999999983
London,0.5,Off-peak,Greedy,86,11.965674,32.9169,100.0,61.61597,511.92416,3.710628999999983
London,0.5,Off-peak,Greedy,87,13.596204,37.47356,100.0,70.24566,418.7934,3.710628999999983
London,0.5,Off-peak,Greedy,88,11.207998,30.712858,100.0,57.362713,458.92856,3.710628999999983
London,0.5,Off-peak,Greedy,89,14.960318,41.155712,100.0,77.1066,515.0532,3.710628999999983
London,0.5,Off-peak,Greedy,90,13.555737,37.169304,100.0,69.490746,509.8541,3.710628999999983
London,0.5,Off-peak,Greedy,91,14.409514,39.688213,100.0,74.52,515.6859,3.710628999999983
London,0.5,Off-peak,Greedy,92,12.242404,33.61193,95.0,62.841854,484.4898,3.710628999999983
London,0.5,Off-peak,Greedy,93,13.783931,37.89878,100.0,71.46321,465.55344,3.710628999999983
London,0.5,Off-peak,Greedy,94,11.773394,32.3192,100.0,60.62142,500.04703,3.710628999999983
London,0.5,Off-peak,Greedy,95,14.816231,40.662865,100.0,75.926384,506.63556,3.710628999999983
London,0.5,Off-peak,Greedy,96,13.138222,36.102108,100.0,67.73473,501.33054,3.710628999999983
London,0.5,Off-peak,Greedy,97,13.53899,37.246624,100.0,69.482506,515.1287,3.710628999999983
London,0.5,Off-peak,Greedy,98,12.77049,35.067516,100.0,65.471725,507.3717,3.710628999999983
London,0.5,Off-peak,Greedy,99,11.5569725,31.787128,100.0,59.429058,503.43234,3.710628999999983
London,0.5,Peak-aware,DVNDA,0,10.977627,30.143032,100.0,61.81827,483.7635,75.11033299999994
London,0.5,Peak-aware,DVNDA,1,11.588747,31.918764,100.0,63.17437,514.0165,75.11033299999994
London,0.5,Peak-aware,DVNDA,2,11.830372,32.473824,100.0,65.49505,517.367,75.11033299999994
London,0.5,Peak-aware,DVNDA,3,10.266228,28.100912,100.0,58.82131,507.90298,75.11033299999994
London,0.5,Peak-aware,DVNDA,4,11.203575,30.772697,100.0,63.347824,501.90445,75.11033299999994
London,0.5,Peak-aware,DVNDA,5,10.674456,29.310843,100.0,57.61358,511.80856,75.11033299999994
London,0.5,Peak-aware,DVNDA,6,11.620522,31.945791,100.0,66.274956,526.40137,75.11033299999994
London,0.5,Peak-aware,DVNDA,7,9.553386,26.251574,100.0,54.178913,537.65717,75.11033299999994
London,0.5,Peak-aware,DVNDA,8,11.98897,32.99185,100.0,66.55769,508.13467,75.11033299999994
London,0.5,Peak-aware,DVNDA,9,10.783202,29.601082,100.0,58.454887,505.3057,75.11033299999994
London,0.5,Peak-aware,DVNDA,10,11.200726,30.814545,100.0,61.40605,482.88528,75.11033299999994
London,0.5,Peak-aware,DVNDA,11,11.5801735,31.769947,100.0,66.13372,508.44693,75.11033299999994
London,0.5,Peak-aware,DVNDA,12,11.861008,32.647453,100.0,70.00162,525.0831,75.11033299999994
London,0.5,Peak-aware,DVNDA,13,11.260509,30.83931,100.0,61.822906,515.3907,75.11033299999994
London,0.5,Peak-aware,DVNDA,14,12.560663,34.583076,100.0,72.72931,507.96393,75.11033299999994
London,0.5,Peak-aware,DVNDA,15,12.106812,33.242462,100.0,66.556114,501.29614,75.11033299999994
London,0.5,Peak-aware,DVNDA,16,10.027992,27.592867,100.0,56.465588,502.97766,75.11033299999994
London,0.5,Peak-aware,DVNDA,17,10.315523,28.378756,100.0,57.72473,506.93692,75.11033299999994
London,0.5,Peak-aware,DVNDA,18,10.687969,29.325668,100.0,58.466896,520.69135,75.11033299999994
London,0.5,Peak-aware,DVNDA,19,11.462813,31.516653,100.0,62.58133,517.3497,75.11033299999994
London,0.5,Peak-aware,DVNDA,20,10.638057,29.20607,100.0,58.766647,502.3899,75.11033299999994
London,0.5,Peak-aware,DVNDA,21,12.304947,33.839905,100.0,65.32554,497.7637,75.11033299999994
London,0.5,Peak-aware,DVNDA,22,14.020334,38.492775,100.0,75.47212,515.0247,75.11033299999994
London,0.5,Peak-aware,DVNDA,23,10.7220545,29.4454,100.0,60.798706,511.84943,75.11033299999994
London,0.5,Peak-aware,DVNDA,24,11.13691,30.548685,100.0,60.308434,507.57477,75.11033299999994
London,0.5,Peak-aware,DVNDA,25,9.333407,25.760082,100.0,52.63726,525.13654,75.11033299999994
London,0.5,Peak-aware,DVNDA,26,11.061477,30.436937,100.0,62.34714,503.77048,75.11033299999994
London,0.5,Peak-aware,DVNDA,27,11.850533,32.572395,100.0,68.92681,483.93872,75.11033299999994
London,0.5,Peak-aware,DVNDA,28,10.036177,27.613258,100.0,54.137947,541.7654,75.11033299999994
London,0.5,Peak-aware,DVNDA,29,13.335403,36.576496,100.0,73.616714,497.31256,75.11033299999994
London,0.5,Peak-aware,DVNDA,30,8.808296,24.231005,100.0,50.96526,496.10217,75.11033299999994
London,0.5,Peak-aware,DVNDA,31,10.051637,27.6143,100.0,57.071705,500.88168,75.11033299999994
London,0.5,Peak-aware,DVNDA,32,13.197704,36.1755,100.0,73.19231,520.2915,75.11033299999994
London,0.5,Peak-aware,DVNDA,33,10.263391,28.262903,100.0,59.88876,503.7102,75.11033299999994
London,0.5,Peak-aware,DVNDA,34,10.015163,27.57192,100.0,58.207676,510.79593,75.11033299999994
London,0.5,Peak-aware,DVNDA,35,11.706354,32.187344,100.0,68.146965,508.83746,75.11033299999994
London,0.5,Peak-aware,DVNDA,36,13.069593,35.821674,100.0,73.060745,485.18927,75.11033299999994
London,0.5,Peak-aware,DVNDA,37,12.939847,35.555595,100.0,75.83101,532.58673,75.11033299999994
London,0.5,Peak-aware,DVNDA,38,11.095079,30.455364,100.0,61.539932,515.67566,75.11033299999994
London,0.5,Peak-aware,DVNDA,39,10.248559,28.19499,100.0,59.64881,510.95215,75.11033299999994
London,0.5,Peak-aware,DVNDA,40,12.318916,33.91964,100.0,68.22465,516.8823,75.11033299999994
London,0.5,Peak-aware,DVNDA,41,13.173189,36.12767,100.0,76.41342,513.6104,75.11033299999994
London,0.5,Peak-aware,DVNDA,42,10.711462,29.474073,100.0,60.929497,526.85956,75.11033299999994
London,0.5,Peak-aware,DVNDA,43,11.164239,30.808332,100.0,65.120415,499.18893,75.11033299999994
London,0.5,Peak-aware,DVNDA,44,10.623249,29.211329,100.0,59.551147,517.21246,75.11033299999994
London,0.5,Peak-aware,DVNDA,45,12.063069,33.132698,100.0,67.519295,508.6539,75.11033299999994
London,0.5,Peak-aware,DVNDA,46,11.530636,31.698204,100.0,66.40711,517.7057,75.11033299999994
London,0.5,Peak-aware,DVNDA,47,11.074737,30.453861,100.0,62.400963,500.21176,75.11033299999994
London,0.5,Peak-aware,DVNDA,48,12.480252,34.22532,100.0,68.34589,507.02386,75.11033299999994
London,0.5,Peak-aware,DVNDA,49,10.155212,27.878717,100.0,54.02735,501.22815,75.11033299999994
London,0.5,Peak-aware,DVNDA,50,9.536878,26.212255,100.0,52.677353,519.6377,75.11033299999994
London,0.5,Peak-aware,DVNDA,51,11.621408,31.927656,100.0,62.76714,506.0011,75.11033299999994
London,0.5,Peak-aware,DVNDA,52,12.304632,33.828262,100.0,69.24216,510.21103,75.11033299999994
London,0.5,Peak-aware,DVNDA,53,12.054437,33.144596,100.0,71.95673,483.31586,75.11033299999994
London,0.5,Peak-aware,DVNDA,54,13.346519,36.683563,100.0,73.5814,534.6115,75.11033299999994
London,0.5,Peak-aware,DVNDA,55,11.3033495,31.054747,100.0,64.22074,497.09564,75.11033299999994
London,0.5,Peak-aware,DVNDA,56,9.914583,27.340185,100.0,58.34252,483.4125,75.11033299999994
London,0.5,Peak-aware,DVNDA,57,11.162559,30.65903,100.0,61.381588,511.97324,75.11033299999994
London,0.5,Peak-aware,DVNDA,58,11.800271,32.529995,100.0,64.019104,484.69586,75.11033299999994
London,0.5,Peak-aware,DVNDA,59,13.457096,36.99174,100.0,74.64368,536.3317,75.11033299999994
London,0.5,Peak-aware,DVNDA,60,11.818606,32.520813,100.0,67.347084,496.62506,75.11033299999994
London,0.5,Peak-aware,DVNDA,61,12.428747,34.247314,100.0,71.096405,511.65356,75.11033299999994
London,0.5,Peak-aware,DVNDA,62,11.577909,31.829628,100.0,62.97714,485.19116,75.11033299999994
London,0.5,Peak-aware,DVNDA,63,9.372251,25.725222,100.0,53.71248,513.6675,75.11033299999994
London,0.5,Peak-aware,DVNDA,64,10.948494,30.164278,100.0,63.64412,527.79877,75.11033299999994
London,0.5,Peak-aware,DVNDA,65,9.673703,26.592924,100.0,55.6216,522.9223,75.11033299999994
London,0.5,Peak-aware,DVNDA,66,13.919022,38.20293,100.0,79.881035,517.57855,75.11033299999994
London,0.5,Peak-aware,DVNDA,67,10.4839945,28.765005,100.0,58.91426,507.21274,75.11033299999994
London,0.5,Peak-aware,DVNDA,68,12.863589,35.373287,100.0,72.75748,513.394,75.11033299999994
London,0.5,Peak-aware,DVNDA,69,10.913564,30.01242,100.0,59.13588,498.6323,75.11033299999994
London,0.5,Peak-aware,DVNDA,70,10.145531,27.91354,100.0,56.86906,526.3916,75.11033299999994
London,0.5,Peak-aware,DVNDA,71,12.555844,34.395546,100.0,72.524704,484.80167,75.11033299999994
London,0.5,Peak-aware,DVNDA,72,10.4835825,28.777637,100.0,58.1928,536.2147,75.11033299999994
London,0.5,Peak-aware,DVNDA,73,11.366713,31.270702,100.0,60.803627,508.87463,75.11033299999994
London,0.5,Peak-aware,DVNDA,74,12.451873,34.34218,100.0,69.074745,485.8607,75.11033299999994
London,0.5,Peak-aware,DVNDA,75,8.603925,23.562782,100.0,50.159473,481.81943,75.11033299999994
London,0.5,Peak-aware,DVNDA,76,11.246968,30.95035,100.0,65.4219,508.18158,75.11033299999994
London,0.5,Peak-aware,DVNDA,77,11.604089,31.827963,100.0,65.111664,502.02405,75.11033299999994
London,0.5,Peak-aware,DVNDA,78,13.511964,37.09527,100.0,77.39981,530.532,75.11033299999994
London,0.5,Peak-aware,DVNDA,79,12.054993,33.17275,100.0,68.45289,512.0649,75.11033299999994
London,0.5,Peak-aware,DVNDA,80,10.840508,29.883835,100.0,62.173504,531.2004,75.11033299999994
London,0.5,Peak-aware,DVNDA,81,11.427052,31.281551,100.0,64.733315,484.09216,75.11033299999994
London,0.5,Peak-aware,DVNDA,82,12.534214,34.38204,100.0,67.56293,507.09622,75.11033299999994
London,0.5,Peak-aware,DVNDA,83,12.146402,33.286945,100.0,68.887764,520.8538,75.11033299999994
London,0.5,Peak-aware,DVNDA,84,12.213187,33.528053,100.0,68.57907,497.96024,75.11033299999994
London,0.5,Peak-aware,DVNDA,85,9.862269,27.08322,100.0,53.88864,513.1314,75.11033299999994
London,0.5,Peak-aware,DVNDA,86,11.625325,32.01848,100.0,62.50771,514.24,75.11033299999994
London,0.5,Peak-aware,DVNDA,87,12.494661,34.372078,100.0,73.03946,483.68185,75.11033299999994
London,0.5,Peak-aware,DVNDA,88,11.799734,32.4185,100.0,65.6161,483.71637,75.11033299999994
London,0.5,Peak-aware,DVNDA,89,11.861467,32.585888,100.0,65.66047,515.6722,75.11033299999994
London,0.5,Peak-aware,DVNDA,90,9.549028,26.177898,100.0,53.810585,543.4214,75.11033299999994
London,0.5,Peak-aware,DVNDA,91,10.852093,29.915379,100.0,61.708225,513.46387,75.11033299999994
London,0.5,Peak-aware,DVNDA,92,12.549744,34.507694,100.0,67.64672,508.24643,75.11033299999994
London,0.5,Peak-aware,DVNDA,93,11.008264,30.245852,100.0,64.70599,483.18048,75.11033299999994
London,0.5,Peak-aware,DVNDA,94,11.234553,30.88258,100.0,60.876015,498.56998,75.11033299999994
London,0.5,Peak-aware,DVNDA,95,13.013368,35.820377,100.0,75.44185,505.81088,75.11033299999994
London,0.5,Peak-aware,DVNDA,96,12.976566,35.707336,100.0,72.37631,517.97754,75.11033299999994
London,0.5,Peak-aware,DVNDA,97,12.26378,33.75459,100.0,69.503,544.76746,75.11033299999994
London,0.5,Peak-aware,DVNDA,98,10.886227,29.919088,100.0,60.31283,539.4849,75.11033299999994
London,0.5,Peak-aware,DVNDA,99,13.0381565,35.845566,100.0,74.77887,503.43228,75.11033299999994
London,0.5,Peak-aware,Greedy,0,13.596252,37.284744,100.0,74.54439,461.35968,3.7632530000000486
London,0.5,Peak-aware,Greedy,1,15.146476,41.64615,100.0,82.5089,514.4235,3.7632530000000486
London,0.5,Peak-aware,Greedy,2,13.900693,38.08179,100.0,78.076324,514.9271,3.7632530000000486
London,0.5,Peak-aware,Greedy,3,10.551516,28.876377,100.0,60.052547,509.06525,3.7632530000000486
London,0.5,Peak-aware,Greedy,4,14.734677,40.374123,100.0,79.640236,502.94724,3.7632530000000486
London,0.5,Peak-aware,Greedy,5,11.214351,30.836702,100.0,63.3553,512.13293,3.7632530000000486
London,0.5,Peak-aware,Greedy,6,13.5404,37.25696,100.0,74.36015,468.84137,3.7632530000000486
London,0.5,Peak-aware,Greedy,7,11.740392,32.32427,100.0,66.35717,506.49072,3.7632530000000486
London,0.5,Peak-aware,Greedy,8,13.185591,36.3111,100.0,71.96505,507.94556,3.7632530000000486
London,0.5,Peak-aware,Greedy,9,13.261332,36.43,100.0,69.35298,505.3057,3.7632530000000486
London,0.5,Peak-aware,Greedy,10,11.635589,31.921165,100.0,65.61842,457.90674,3.7632530000000486
London,0.5,Peak-aware,Greedy,11,13.587136,37.297707,100.0,76.05649,504.78854,3.7632530000000486
London,0.5,Peak-aware,Greedy,12,14.367002,39.43245,100.0,82.48392,507.7402,3.7632530000000486
London,0.5,Peak-aware,Greedy,13,12.316672,33.75169,100.0,67.42134,515.3907,3.7632530000000486
London,0.5,Peak-aware,Greedy,14,14.632435,40.1688,100.0,80.282005,502.89618,3.7632530000000486
London,0.5,Peak-aware,Greedy,15,14.775751,40.649826,100.0,83.77202,499.7599,3.7632530000000486
London,0.5,Peak-aware,Greedy,16,11.608131,31.912413,100.0,63.50133,502.4156,3.7632530000000486
London,0.5,Peak-aware,Greedy,17,11.395155,31.318487,100.0,61.707497,507.27786,3.7632530000000486
London,0.5,Peak-aware,Greedy,18,10.617206,29.216888,100.0,57.506756,511.4317,3.7632530000000486
London,0.5,Peak-aware,Greedy,19,12.626997,34.646496,100.0,69.547585,517.3931,3.7632530000000486
London,0.5,Peak-aware,Greedy,20,10.837239,29.726849,100.0,62.806255,501.84415,3.7632530000000486
London,0.5,Peak-aware,Greedy,21,14.424998,39.55715,100.0,78.27938,496.18933,3.7632530000000486
London,0.5,Peak-aware,Greedy,22,14.171969,38.9456,95.0,81.53713,413.15005,3.7632530000000486
London,0.5,Peak-aware,Greedy,23,14.625343,40.105515,100.0,80.58142,500.0086,3.7632530000000486
London,0.5,Peak-aware,Greedy,24,12.74187,34.967033,100.0,68.82311,507.57477,3.7632530000000486
London,0.5,Peak-aware,Greedy,25,14.103164,38.91041,100.0,76.36656,512.8658,3.7632530000000486
London,0.5,Peak-aware,Greedy,26,14.24173,39.19858,100.0,79.19683,503.77042,3.7632530000000486
London,0.5,Peak-aware,Greedy,27,13.19929,36.31435,100.0,77.00738,403.87802,3.7632530000000486
London,0.5,Peak-aware,Greedy,28,10.6233425,29.236925,100.0,55.58036,514.639,3.7632530000000486
London,0.5,Peak-aware,Greedy,29,15.723358,43.10054,100.0,87.05575,497.15338,3.7632530000000486
London,0.5,Peak-aware,Greedy,30,11.560722,31.901947,100.0,66.99398,497.7813,3.7632530000000486
London,0.5,Peak-aware,Greedy,31,8.93853,24.536816,100.0,48.389732,500.88168,3.7632530000000486
London,0.5,Peak-aware,Greedy,32,14.926588,40.87049,100.0,81.68809,517.46063,3.7632530000000486
London,0.5,Peak-aware,Greedy,33,13.274183,36.492523,100.0,75.62747,503.7102,3.7632530000000486
London,0.5,Peak-aware,Greedy,34,11.136277,30.6717,100.0,65.63181,512.09796,3.7632530000000486
London,0.5,Peak-aware,Greedy,35,14.645981,40.277912,100.0,84.31543,509.767,3.7632530000000486
London,0.5,Peak-aware,Greedy,36,14.033517,38.514175,100.0,77.08575,467.33847,3.7632530000000486
London,0.5,Peak-aware,Greedy,37,14.77973,40.595245,100.0,83.88587,509.4255,3.7632530000000486
London,0.5,Peak-aware,Greedy,38,13.364513,36.69298,100.0,72.650314,517.24615,3.7632530000000486
London,0.5,Peak-aware,Greedy,39,11.507779,31.677013,100.0,67.25057,513.0699,3.7632530000000486
London,0.5,Peak-aware,Greedy,40,12.311462,33.868336,100.0,68.874115,516.8823,3.7632530000000486
London,0.5,Peak-aware,Greedy,41,13.565585,37.14599,100.0,76.85721,516.59656,3.7632530000000486
London,0.5,Peak-aware,Greedy,42,12.667464,34.885574,100.0,71.71386,513.44415,3.7632530000000486
London,0.5,Peak-aware,Greedy,43,13.291373,36.565502,100.0,74.85264,501.96024,3.7632530000000486
London,0.5,Peak-aware,Greedy,44,11.553795,31.742846,100.0,65.33593,518.0226,3.7632530000000486
London,0.5,Peak-aware,Greedy,45,14.470505,39.76273,100.0,77.729355,508.6539,3.7632530000000486
London,0.5,Peak-aware,Greedy,46,12.499847,34.3575,100.0,69.83425,517.7057,3.7632530000000486
London,0.5,Peak-aware,Greedy,47,14.118303,38.886276,100.0,81.604866,503.1241,3.7632530000000486
London,0.5,Peak-aware,Greedy,48,15.202501,41.646214,100.0,86.31837,507.02213,3.7632530000000486
London,0.5,Peak-aware,Greedy,49,11.1853695,30.732744,100.0,59.34731,500.797,3.7632530000000486
London,0.5,Peak-aware,Greedy,50,11.530658,31.615255,100.0,62.61291,505.77228,3.7632530000000486
London,0.5,Peak-aware,Greedy,51,13.716545,37.585587,100.0,72.88713,506.5964,3.7632530000000486
London,0.5,Peak-aware,Greedy,52,14.550166,39.900635,100.0,79.02291,503.91953,3.7632530000000486
London,0.5,Peak-aware,Greedy,53,13.69475,37.62423,100.0,76.31282,465.6194,3.7632530000000486
London,0.5,Peak-aware,Greedy,54,12.840397,35.282032,100.0,72.18494,512.9679,3.7632530000000486
London,0.5,Peak-aware,Greedy,55,12.364941,34.10744,100.0,70.4757,497.3161,3.7632530000000486
London,0.5,Peak-aware,Greedy,56,12.552662,34.58835,100.0,75.94679,406.70004,3.7632530000000486
London,0.5,Peak-aware,Greedy,57,12.516916,34.31976,100.0,67.944016,511.97324,3.7632530000000486
London,0.5,Peak-aware,Greedy,58,14.156692,39.01646,100.0,78.23282,457.6743,3.7632530000000486
London,0.5,Peak-aware,Greedy,59,14.428694,39.764973,100.0,77.87082,513.1301,3.7632530000000486
London,0.5,Peak-aware,Greedy,60,11.652036,32.139587,100.0,65.707825,496.62506,3.7632530000000486
London,0.5,Peak-aware,Greedy,61,14.225796,39.11908,100.0,75.63947,501.6081,3.7632530000000486
London,0.5,Peak-aware,Greedy,62,12.414495,34.07811,100.0,68.75429,419.44922,3.7632530000000486
London,0.5,Peak-aware,Greedy,63,13.534222,37.07652,100.0,74.08998,514.9639,3.7632530000000486
London,0.5,Peak-aware,Greedy,64,14.337992,39.366787,100.0,81.67763,512.5355,3.7632530000000486
London,0.5,Peak-aware,Greedy,65,11.687522,32.027878,100.0,62.80036,505.90765,3.7632530000000486
London,0.5,Peak-aware,Greedy,66,15.0497,41.296753,100.0,80.591934,517.57855,3.7632530000000486
London,0.5,Peak-aware,Greedy,67,14.454225,39.68417,100.0,76.75037,504.96976,3.7632530000000486
London,0.5,Peak-aware,Greedy,68,14.072878,38.65151,100.0,78.10952,517.89136,3.7632530000000486
London,0.5,Peak-aware,Greedy,69,11.878919,32.565247,100.0,65.053925,496.93777,3.7632530000000486
London,0.5,Peak-aware,Greedy,70,13.340184,36.699078,100.0,73.43966,505.5174,3.7632530000000486
London,0.5,Peak-aware,Greedy,71,13.895345,38.128098,100.0,78.44866,454.5766,3.7632530000000486
London,0.5,Peak-aware,Greedy,72,11.431806,31.356112,100.0,61.710987,513.154,3.7632530000000486
London,0.5,Peak-aware,Greedy,73,13.07999,35.915504,100.0,68.06762,510.03296,3.7632530000000486
London,0.5,Peak-aware,Greedy,74,14.64514,40.338306,100.0,82.55182,456.102,3.7632530000000486
London,0.5,Peak-aware,Greedy,75,10.06643,27.594015,100.0,57.726982,463.92087,3.7632530000000486
London,0.5,Peak-aware,Greedy,76,13.556753,37.32051,100.0,76.13446,510.65186,3.7632530000000486
London,0.5,Peak-aware,Greedy,77,15.354728,42.043808,100.0,88.62069,502.02405,3.7632530000000486
London,0.5,Peak-aware,Greedy,78,15.48512,42.44975,100.0,83.92337,504.97513,3.7632530000000486
London,0.5,Peak-aware,Greedy,79,13.149189,36.117435,100.0,70.51307,513.80914,3.7632530000000486
London,0.5,Peak-aware,Greedy,80,12.645366,34.87247,100.0,70.380104,507.17886,3.7632530000000486
London,0.5,Peak-aware,Greedy,81,10.544906,28.980091,100.0,61.009422,408.8289,3.7632530000000486
London,0.5,Peak-aware,Greedy,82,14.001233,38.363968,100.0,74.47748,507.09622,3.7632530000000486
London,0.5,Peak-aware,Greedy,83,12.951829,35.518047,100.0,69.967926,510.43277,3.7632530000000486
London,0.5,Peak-aware,Greedy,84,13.363724,36.648,100.0,78.02171,497.37082,3.7632530000000486
London,0.5,Peak-aware,Greedy,85,11.287269,31.01286,100.0,61.481766,513.274,3.7632530000000486
London,0.5,Peak-aware,Greedy,86,11.979427,32.95946,100.0,65.869194,511.92416,3.7632530000000486
London,0.5,Peak-aware,Greedy,87,13.596204,37.47356,100.0,79.22911,419.70615,3.7632530000000486
London,0.5,Peak-aware,Greedy,88,11.224688,30.749796,100.0,62.65214,458.92856,3.7632530000000486
London,0.5,Peak-aware,Greedy,89,14.984665,41.2272,100.0,82.440155,515.0532,3.7632530000000486
London,0.5,Peak-aware,Greedy,90,13.569465,37.205894,100.0,76.29053,509.8541,3.7632530000000486
London,0.5,Peak-aware,Greedy,91,14.431918,39.7659,100.0,78.579834,515.6859,3.7632530000000486
London,0.5,Peak-aware,Greedy,92,12.242404,33.61193,95.0,65.42171,484.4898,3.7632530000000486
London,0.5,Peak-aware,Greedy,93,13.783931,37.89878,100.0,76.32187,465.55344,3.7632530000000486
London,0.5,Peak-aware,Greedy,94,11.77852,32.332657,100.0,61.87841,500.04703,3.7632530000000486
London,0.5,Peak-aware,Greedy,95,14.816231,40.662865,100.0,83.10191,506.63556,3.7632530000000486
London,0.5,Peak-aware,Greedy,96,13.138222,36.102108,100.0,71.436485,501.33054,3.7632530000000486
London,0.5,Peak-aware,Greedy,97,13.539311,37.246758,100.0,74.078514,515.1287,3.7632530000000486
London,0.5,Peak-aware,Greedy,98,12.77049,35.067516,100.0,67.9769,507.3717,3.7632530000000486
London,0.5,Peak-aware,Greedy,99,11.5569725,31.787128,100.0,63.227192,503.43234,3.7632530000000486
London,0.75,Off-peak,DVNDA,0,11.487998,31.494373,100.0,58.713116,497.56165,68.79712099999992
London,0.75,Off-peak,DVNDA,1,12.249973,33.630848,100.0,62.88713,514.0165,68.79712099999992
London,0.75,Off-peak,DVNDA,2,13.346704,36.605644,100.0,68.42821,546.8426,68.79712099999992
London,0.75,Off-peak,DVNDA,3,9.964901,27.31728,100.0,51.14774,507.90298,68.79712099999992
London,0.75,Off-peak,DVNDA,4,11.712371,32.203632,100.0,60.64369,501.90445,68.79712099999992
London,0.75,Off-peak,DVNDA,5,11.127283,30.56835,100.0,57.393967,547.0875,68.79712099999992
London,0.75,Off-peak,DVNDA,6,12.39188,33.96347,100.0,63.450886,555.09515,68.79712099999992
London,0.75,Off-peak,DVNDA,7,9.695446,26.673485,100.0,49.72241,538.4038,68.79712099999992
London,0.75,Off-peak,DVNDA,8,12.572526,34.640575,100.0,64.86603,508.13467,68.79712099999992
London,0.75,Off-peak,DVNDA,9,12.47286,34.277657,100.0,64.07443,539.04236,68.79712099999992
London,0.75,Off-peak,DVNDA,10,11.754982,32.249683,100.0,60.2435,514.2218,68.79712099999992
London,0.75,Off-peak,DVNDA,11,12.720096,34.939674,100.0,65.493835,506.66187,68.79712099999992
London,0.75,Off-peak,DVNDA,12,12.110106,33.26207,100.0,62.13448,540.87665,68.79712099999992
London,0.75,Off-peak,DVNDA,13,12.184793,33.432053,100.0,62.510998,516.70996,68.79712099999992
London,0.75,Off-peak,DVNDA,14,13.484114,37.13326,100.0,69.26168,503.5531,68.79712099999992
London,0.75,Off-peak,DVNDA,15,11.920315,32.741272,100.0,62.226646,505.31015,68.79712099999992
London,0.75,Off-peak,DVNDA,16,12.21199,33.521908,100.0,62.63372,504.4882,68.79712099999992
London,0.75,Off-peak,DVNDA,17,11.367871,31.262995,100.0,58.457027,506.93692,68.79712099999992
London,0.75,Off-peak,DVNDA,18,10.852525,29.832928,100.0,56.050045,523.19836,68.79712099999992
London,0.75,Off-peak,DVNDA,19,14.532116,39.884747,100.0,74.85999,517.8807,68.79712099999992
London,0.75,Off-peak,DVNDA,20,10.670836,29.231081,100.0,54.50865,501.84415,68.79712099999992
London,0.75,Off-peak,DVNDA,21,14.04473,38.609238,100.0,71.96766,496.1894,68.79712099999992
London,0.75,Off-peak,DVNDA,22,15.726853,43.194595,100.0,80.52366,515.53296,68.79712099999992
London,0.75,Off-peak,DVNDA,23,10.573146,29.007778,100.0,54.658764,513.19934,68.79712099999992
London,0.75,Off-peak,DVNDA,24,13.183263,36.2003,100.0,67.95587,507.57477,68.79712099999992
London,0.75,Off-peak,DVNDA,25,11.613914,31.974363,100.0,60.00462,561.8578,68.79712099999992
London,0.75,Off-peak,DVNDA,26,11.6177025,31.89848,100.0,59.887825,525.4652,68.79712099999992
London,0.75,Off-peak,DVNDA,27,13.246483,36.398495,100.0,68.01628,509.414,68.79712099999992
London,0.75,Off-peak,DVNDA,28,10.367141,28.545343,100.0,53.837044,546.3264,68.79712099999992
London,0.75,Off-peak,DVNDA,29,17.7285,48.64834,100.0,90.811935,527.25037,68.79712099999992
London,0.75,Off-peak,DVNDA,30,10.910301,30.0818,100.0,56.416134,523.3418,68.79712099999992
London,0.75,Off-peak,DVNDA,31,11.146312,30.62289,100.0,57.725437,535.7065,68.79712099999992
London,0.75,Off-peak,DVNDA,32,14.941824,40.933388,100.0,76.696236,520.2915,68.79712099999992
London,0.75,Off-peak,DVNDA,33,13.419839,36.883575,100.0,69.07658,540.7232,68.79712099999992
London,0.75,Off-peak,DVNDA,34,10.107369,27.86263,100.0,52.187153,511.7455,68.79712099999992
London,0.75,Off-peak,DVNDA,35,13.080824,35.936424,100.0,68.16562,508.83746,68.79712099999992
London,0.75,Off-peak,DVNDA,36,12.349156,33.934074,100.0,63.99864,499.10117,68.79712099999992
London,0.75,Off-peak,DVNDA,37,12.97701,35.722305,100.0,66.888596,531.553,68.79712099999992
London,0.75,Off-peak,DVNDA,38,11.007991,30.180992,100.0,56.524097,562.9061,68.79712099999992
London,0.75,Off-peak,DVNDA,39,12.064033,33.1637,100.0,62.366703,516.98535,68.79712099999992
London,0.75,Off-peak,DVNDA,40,15.948321,43.872578,100.0,81.87648,516.8823,68.79712099999992
London,0.75,Off-peak,DVNDA,41,13.443468,36.818417,100.0,68.97317,524.94196,68.79712099999992
London,0.75,Off-peak,DVNDA,42,12.005436,33.092705,100.0,62.144386,535.9136,68.79712099999992
London,0.75,Off-peak,DVNDA,43,11.953627,32.94913,100.0,61.638515,499.18893,68.79712099999992
London,0.75,Off-peak,DVNDA,44,11.24014,30.860334,100.0,58.040108,517.6515,68.79712099999992
London,0.75,Off-peak,DVNDA,45,12.857458,35.298706,100.0,65.87567,528.24005,68.79712099999992
London,0.75,Off-peak,DVNDA,46,12.449116,34.231495,100.0,64.53809,545.7313,68.79712099999992
London,0.75,Off-peak,DVNDA,47,13.3156595,36.575665,100.0,68.64532,526.96423,68.79712099999992
London,0.75,Off-peak,DVNDA,48,14.62674,40.115578,100.0,74.93746,521.76044,68.79712099999992
London,0.75,Off-peak,DVNDA,49,11.151908,30.657093,100.0,57.389343,517.02826,68.79712099999992
London,0.75,Off-peak,DVNDA,50,10.898481,29.90298,100.0,55.918896,528.47485,68.79712099999992
London,0.75,Off-peak,DVNDA,51,13.435598,36.89693,100.0,69.41261,526.2409,68.79712099999992
London,0.75,Off-peak,DVNDA,52,12.555028,34.46397,100.0,64.63557,524.3199,68.79712099999992
London,0.75,Off-peak,DVNDA,53,13.20874,36.304787,100.0,67.77788,549.86615,68.79712099999992
London,0.75,Off-peak,DVNDA,54,12.056237,33.184086,100.0,61.983047,549.01825,68.79712099999992
London,0.75,Off-peak,DVNDA,55,11.9248495,32.863155,100.0,61.489872,496.22412,68.79712099999992
London,0.75,Off-peak,DVNDA,56,10.806482,29.736061,100.0,55.792347,500.24173,68.79712099999992
London,0.75,Off-peak,DVNDA,57,11.550382,31.79166,100.0,59.290596,511.97324,68.79712099999992
London,0.75,Off-peak,DVNDA,58,12.259761,33.781647,100.0,63.224358,484.31384,68.79712099999992
London,0.75,Off-peak,DVNDA,59,14.176717,38.97079,100.0,72.94898,536.3317,68.79712099999992
London,0.75,Off-peak,DVNDA,60,12.785041,35.182983,100.0,65.694916,513.8919,68.79712099999992
London,0.75,Off-peak,DVNDA,61,13.452484,37.069645,100.0,69.26083,517.7043,68.79712099999992
London,0.75,Off-peak,DVNDA,62,14.076913,38.672783,100.0,72.22317,505.05548,68.79712099999992
London,0.75,Off-peak,DVNDA,63,11.086145,30.489407,100.0,56.997673,541.3091,68.79712099999992
London,0.75,Off-peak,DVNDA,64,13.476751,37.003166,100.0,69.02665,532.39575,68.79712099999992
London,0.75,Off-peak,DVNDA,65,12.215649,33.512794,100.0,62.48313,551.2937,68.79712099999992
London,0.75,Off-peak,DVNDA,66,14.326336,39.372463,100.0,73.48978,542.64886,68.79712099999992
London,0.75,Off-peak,DVNDA,67,11.88182,32.693733,100.0,61.10594,507.21274,68.79712099999992
London,0.75,Off-peak,DVNDA,68,13.886657,38.120274,100.0,71.66488,530.9631,68.79712099999992
London,0.75,Off-peak,DVNDA,69,11.514597,31.589321,100.0,59.013763,498.56146,68.79712099999992
London,0.75,Off-peak,DVNDA,70,10.212833,28.06102,100.0,53.168503,526.3916,68.79712099999992
London,0.75,Off-peak,DVNDA,71,14.902514,40.765553,100.0,76.548874,484.80167,68.79712099999992
London,0.75,Off-peak,DVNDA,72,11.126244,30.551985,100.0,56.93828,536.2147,68.79712099999992
London,0.75,Off-peak,DVNDA,73,12.45219,34.13747,100.0,63.674477,509.89346,68.79712099999992
London,0.75,Off-peak,DVNDA,74,15.14982,41.76865,100.0,77.94307,515.917,68.79712099999992
London,0.75,Off-peak,DVNDA,75,9.630352,26.403976,100.0,49.22693,540.6953,68.79712099999992
London,0.75,Off-peak,DVNDA,76,12.140674,33.397324,100.0,62.355515,529.33545,68.79712099999992
London,0.75,Off-peak,DVNDA,77,13.455658,36.87449,100.0,69.00161,515.24274,68.79712099999992
London,0.75,Off-peak,DVNDA,78,14.316784,39.37401,100.0,73.80333,530.532,68.79712099999992
London,0.75,Off-peak,DVNDA,79,12.101983,33.293697,100.0,62.07058,537.6383,68.79712099999992
London,0.75,Off-peak,DVNDA,80,11.00642,30.30232,100.0,56.670586,530.8467,68.79712099999992
London,0.75,Off-peak,DVNDA,81,12.034092,33.054714,100.0,61.824043,511.36578,68.79712099999992
London,0.75,Off-peak,DVNDA,82,13.894669,38.074905,100.0,71.0285,507.13284,68.79712099999992
London,0.75,Off-peak,DVNDA,83,11.269917,30.954407,100.0,58.30428,522.7919,68.79712099999992
London,0.75,Off-peak,DVNDA,84,12.676433,34.731018,100.0,64.85773,497.96024,68.79712099999992
London,0.75,Off-peak,DVNDA,85,11.570715,31.78632,100.0,59.38591,533.29346,68.79712099999992
London,0.75,Off-peak,DVNDA,86,13.268706,36.483192,100.0,68.264946,529.74384,68.79712099999992
London,0.75,Off-peak,DVNDA,87,14.375131,39.49906,100.0,74.01698,500.86063,68.79712099999992
London,0.75,Off-peak,DVNDA,88,12.638025,34.600437,100.0,64.63698,506.431,68.79712099999992
London,0.75,Off-peak,DVNDA,89,15.66059,43.1078,100.0,80.74996,514.13556,68.79712099999992
London,0.75,Off-peak,DVNDA,90,10.334043,28.41652,100.0,53.179024,600.1761,68.79712099999992
London,0.75,Off-peak,DVNDA,91,10.840573,29.80952,100.0,56.104996,556.3216,68.79712099999992
London,0.75,Off-peak,DVNDA,92,13.461015,36.983753,100.0,69.12832,542.23065,68.79712099999992
London,0.75,Off-peak,DVNDA,93,12.876957,35.38098,100.0,66.572556,552.75385,68.79712099999992
London,0.75,Off-peak,DVNDA,94,13.059269,35.868305,100.0,67.237366,517.3899,68.79712099999992
London,0.75,Off-peak,DVNDA,95,13.137795,36.033825,100.0,67.29287,504.85434,68.79712099999992
London,0.75,Off-peak,DVNDA,96,13.935079,38.29377,100.0,71.81033,525.76025,68.79712099999992
London,0.75,Off-peak,DVNDA,97,10.965054,30.140085,100.0,56.230667,544.76746,68.79712099999992
London,0.75,Off-peak,DVNDA,98,12.748374,35.04185,100.0,65.432526,539.4849,68.79712099999992
London,0.75,Off-peak,DVNDA,99,12.712812,35.00857,100.0,65.43419,505.05157,68.79712099999992
London,0.75,Off-peak,Greedy,0,11.965768,32.803493,100.0,61.15791,497.56158,4.0639390000001185
London,0.75,Off-peak,Greedy,1,14.078036,38.658226,100.0,72.25428,516.8199,4.0639390000001185
London,0.75,Off-peak,Greedy,2,12.004683,32.98401,95.0,61.67162,512.7784,4.0639390000001185
London,0.75,Off-peak,Greedy,3,10.077517,27.599983,100.0,51.564728,509.06525,4.0639390000001185
London,0.75,Off-peak,Greedy,4,14.669382,40.267338,100.0,75.675354,501.90445,4.0639390000001185
London,0.75,Off-peak,Greedy,5,10.761186,29.544453,95.0,55.439114,510.69357,4.0639390000001185
London,0.75,Off-peak,Greedy,6,14.049531,38.639874,100.0,72.168236,513.3977,4.0639390000001185
London,0.75,Off-peak,Greedy,7,12.03963,33.1208,100.0,61.731026,507.4753,4.0639390000001185
London,0.75,Off-peak,Greedy,8,13.791893,38.02918,100.0,71.17831,507.7664,4.0639390000001185
London,0.75,Off-peak,Greedy,9,13.767661,37.84523,100.0,70.72033,516.54645,4.0639390000001185
London,0.75,Off-peak,Greedy,10,13.445802,36.91394,100.0,68.94265,515.8001,4.0639390000001185
London,0.75,Off-peak,Greedy,11,14.402247,39.57908,100.0,74.14668,508.784,4.0639390000001185
London,0.75,Off-peak,Greedy,12,12.71325,34.925423,100.0,65.23516,506.8574,4.0639390000001185
London,0.75,Off-peak,Greedy,13,12.393908,33.985947,100.0,63.53907,516.1103,4.0639390000001185
London,0.75,Off-peak,Greedy,14,14.431261,39.609882,100.0,73.9842,501.274,4.0639390000001185
London,0.75,Off-peak,Greedy,15,13.871515,38.09223,100.0,72.159706,503.07248,4.0639390000001185
London,0.75,Off-peak,Greedy,16,13.26546,36.40868,100.0,68.00508,503.4273,4.0639390000001185
London,0.75,Off-peak,Greedy,17,12.031803,33.07065,100.0,61.947598,506.3511,4.0639390000001185
London,0.75,Off-peak,Greedy,18,12.118035,33.336353,100.0,62.57092,511.4317,4.0639390000001185
London,0.75,Off-peak,Greedy,19,12.595082,34.63172,100.0,64.95331,516.2335,4.0639390000001185
London,0.75,Off-peak,Greedy,20,11.476874,31.479328,100.0,58.69964,502.11298,4.0639390000001185
London,0.75,Off-peak,Greedy,21,14.329473,39.51858,100.0,73.662766,493.9448,4.0639390000001185
London,0.75,Off-peak,Greedy,22,13.906404,38.181217,95.0,71.28369,454.63602,4.0639390000001185
London,0.75,Off-peak,Greedy,23,13.911197,38.15772,100.0,71.715294,500.0086,4.0639390000001185
London,0.75,Off-peak,Greedy,24,13.954539,38.27604,100.0,71.81121,509.04916,4.0639390000001185
London,0.75,Off-peak,Greedy,25,15.461384,42.63997,100.0,79.88106,520.2688,4.0639390000001185
London,0.75,Off-peak,Greedy,26,16.34927,44.95049,100.0,84.22282,509.64426,4.0639390000001185
London,0.75,Off-peak,Greedy,27,12.458289,34.26976,100.0,64.048065,512.6,4.0639390000001185
London,0.75,Off-peak,Greedy,28,12.458403,34.29685,100.0,64.5585,512.95105,4.0639390000001185
London,0.75,Off-peak,Greedy,29,18.164385,49.77831,100.0,92.91389,516.8272,4.0639390000001185
London,0.75,Off-peak,Greedy,30,11.578776,31.88138,100.0,59.775204,505.08847,4.0639390000001185
London,0.75,Off-peak,Greedy,31,12.765994,35.019135,100.0,66.1993,506.6701,4.0639390000001185
London,0.75,Off-peak,Greedy,32,14.31285,39.180782,100.0,73.42473,518.1579,4.0639390000001185
London,0.75,Off-peak,Greedy,33,13.811548,38.078857,100.0,71.30344,518.01227,4.0639390000001185
London,0.75,Off-peak,Greedy,34,12.792601,35.25523,100.0,65.97226,514.0593,4.0639390000001185
London,0.75,Off-peak,Greedy,35,16.094276,44.21414,100.0,83.942795,508.83752,4.0639390000001185
London,0.75,Off-peak,Greedy,36,14.991005,41.06772,100.0,77.40656,496.43967,4.0639390000001185
London,0.75,Off-peak,Greedy,37,14.656352,40.34177,100.0,75.495346,509.4255,4.0639390000001185
London,0.75,Off-peak,Greedy,38,13.694322,37.648266,100.0,70.4385,519.20355,4.0639390000001185
London,0.75,Off-peak,Greedy,39,12.999114,35.763443,100.0,67.20845,517.12933,4.0639390000001185
London,0.75,Off-peak,Greedy,40,15.021567,41.39741,100.0,77.377945,516.8823,4.0639390000001185
London,0.75,Off-peak,Greedy,41,14.939808,40.92834,100.0,76.64444,513.9246,4.0639390000001185
London,0.75,Off-peak,Greedy,42,14.003449,38.519997,95.0,72.2573,509.11084,4.0639390000001185
London,0.75,Off-peak,Greedy,43,12.396402,34.130344,100.0,63.840435,500.04462,4.0639390000001185
London,0.75,Off-peak,Greedy,44,12.925504,35.49291,100.0,66.82329,519.2152,4.0639390000001185
London,0.75,Off-peak,Greedy,45,13.416556,36.902267,100.0,68.97489,508.6539,4.0639390000001185
London,0.75,Off-peak,Greedy,46,13.782017,37.948544,100.0,71.35709,517.7057,4.0639390000001185
London,0.75,Off-peak,Greedy,47,15.110689,41.582947,100.0,77.98936,508.43256,4.0639390000001185
London,0.75,Off-peak,Greedy,48,15.896919,43.560696,100.0,81.36056,506.4456,4.0639390000001185
London,0.75,Off-peak,Greedy,49,14.243995,39.17095,100.0,73.25052,500.797,4.0639390000001185
London,0.75,Off-peak,Greedy,50,12.784235,35.087677,100.0,65.579575,505.77228,4.0639390000001185
London,0.75,Off-peak,Greedy,51,14.958903,40.98532,100.0,77.23106,506.00116,4.0639390000001185
London,0.75,Off-peak,Greedy,52,15.049484,41.24487,100.0,77.28139,503.91953,4.0639390000001185
London,0.75,Off-peak,Greedy,53,15.076086,41.47658,100.0,77.53313,516.60187,4.0639390000001185
London,0.75,Off-peak,Greedy,54,14.6377945,40.219666,100.0,74.99262,512.9679,4.0639390000001185
London,0.75,Off-peak,Greedy,55,12.469036,34.33346,100.0,64.23613,498.67813,4.0639390000001185
London,0.75,Off-peak,Greedy,56,13.648642,37.485256,100.0,70.237724,501.16086,4.0639390000001185
London,0.75,Off-peak,Greedy,57,12.324231,33.792454,100.0,63.020306,511.97324,4.0639390000001185
London,0.75,Off-peak,Greedy,58,16.28207,44.82804,100.0,83.81164,455.34912,4.0639390000001185
London,0.75,Off-peak,Greedy,59,14.801047,40.695625,100.0,76.1499,513.18756,4.0639390000001185
London,0.75,Off-peak,Greedy,60,15.394867,42.331707,100.0,79.02095,514.54443,4.0639390000001185
London,0.75,Off-peak,Greedy,61,14.207031,39.008373,95.0,72.87929,496.40826,4.0639390000001185
London,0.75,Off-peak,Greedy,62,14.192233,38.97429,100.0,72.78522,505.05548,4.0639390000001185
London,0.75,Off-peak,Greedy,63,14.900716,40.77431,100.0,76.1699,514.9639,4.0639390000001185
London,0.75,Off-peak,Greedy,64,16.358747,44.87905,100.0,83.70819,514.428,4.0639390000001185
London,0.75,Off-peak,Greedy,65,11.053568,30.344704,100.0,56.57327,513.99567,4.0639390000001185
London,0.75,Off-peak,Greedy,66,15.943846,43.758003,100.0,81.673836,519.2808,4.0639390000001185
London,0.75,Off-peak,Greedy,67,14.676128,40.295036,100.0,75.27119,504.96976,4.0639390000001185
London,0.75,Off-peak,Greedy,68,15.242666,41.879936,100.0,78.888855,517.89136,4.0639390000001185
London,0.75,Off-peak,Greedy,69,12.986553,35.57858,100.0,66.44574,498.56146,4.0639390000001185
London,0.75,Off-peak,Greedy,70,13.431465,36.954437,100.0,69.957344,505.5174,4.0639390000001185
London,0.75,Off-peak,Greedy,71,15.282309,42.022964,100.0,78.997635,454.19104,4.0639390000001185
London,0.75,Off-peak,Greedy,72,11.840839,32.487328,100.0,60.546978,513.6023,4.0639390000001185
London,0.75,Off-peak,Greedy,73,13.906039,38.220234,100.0,71.28421,509.20093,4.0639390000001185
London,0.75,Off-peak,Greedy,74,13.312787,36.72061,100.0,68.5374,515.38794,4.0639390000001185
London,0.75,Off-peak,Greedy,75,10.956023,30.03129,100.0,55.984203,514.3183,4.0639390000001185
London,0.75,Off-peak,Greedy,76,14.51408,39.953552,100.0,74.68262,510.01797,4.0639390000001185
London,0.75,Off-peak,Greedy,77,15.174596,41.58737,100.0,77.79686,500.44675,4.0639390000001185
London,0.75,Off-peak,Greedy,78,16.155487,44.303574,100.0,82.99261,504.97513,4.0639390000001185
London,0.75,Off-peak,Greedy,79,14.704978,40.464756,100.0,75.438255,512.65625,4.0639390000001185
London,0.75,Off-peak,Greedy,80,12.694702,34.985737,100.0,65.51101,508.9013,4.0639390000001185
London,0.75,Off-peak,Greedy,81,13.053156,35.805454,100.0,66.951744,515.067,4.0639390000001185
London,0.75,Off-peak,Greedy,82,14.285885,39.098747,100.0,72.93608,507.09622,4.0639390000001185
London,0.75,Off-peak,Greedy,83,12.795039,35.15854,100.0,66.13708,511.72137,4.0639390000001185
London,0.75,Off-peak,Greedy,84,13.330674,36.508366,100.0,68.18081,497.96024,4.0639390000001185
London,0.75,Off-peak,Greedy,85,11.692938,32.08132,100.0,59.936825,511.89417,4.0639390000001185
London,0.75,Off-peak,Greedy,86,11.982467,32.97155,95.0,61.723297,485.6875,4.0639390000001185
London,0.75,Off-peak,Greedy,87,13.045537,35.87973,100.0,67.270134,498.5172,4.0639390000001185
London,0.75,Off-peak,Greedy,88,14.423266,39.482773,100.0,73.74266,505.75934,4.0639390000001185
London,0.75,Off-peak,Greedy,89,16.827454,46.26466,100.0,86.64016,515.6722,4.0639390000001185
London,0.75,Off-peak,Greedy,90,13.057311,35.815727,100.0,66.96753,509.61777,4.0639390000001185
London,0.75,Off-peak,Greedy,91,15.575686,42.823402,100.0,80.36434,517.4545,4.0639390000001185
London,0.75,Off-peak,Greedy,92,14.639963,40.17639,95.0,75.08421,516.08746,4.0639390000001185
London,0.75,Off-peak,Greedy,93,14.194924,39.039116,100.0,73.58893,481.3809,4.0639390000001185
London,0.75,Off-peak,Greedy,94,11.896457,32.656513,100.0,61.254673,517.32794,4.0639390000001185
London,0.75,Off-peak,Greedy,95,15.733311,43.184376,100.0,80.622314,505.8921,4.0639390000001185
London,0.75,Off-peak,Greedy,96,13.342455,36.71667,95.0,68.880356,510.28656,4.0639390000001185
London,0.75,Off-peak,Greedy,97,13.959993,38.328438,100.0,71.49468,516.5536,4.0639390000001185
London,0.75,Off-peak,Greedy,98,13.368464,36.67209,95.0,68.467285,510.2267,4.0639390000001185
London,0.75,Off-peak,Greedy,99,12.764473,35.099537,100.0,65.60377,505.93945,4.0639390000001185
London,0.75,Peak-aware,DVNDA,0,11.526752,31.614754,100.0,67.28764,497.56165,69.16956200000016
London,0.75,Peak-aware,DVNDA,1,12.284245,33.73931,100.0,66.35413,514.0165,69.16956200000016
London,0.75,Peak-aware,DVNDA,2,13.3577385,36.634907,100.0,74.51012,546.8426,69.16956200000016
London,0.75,Peak-aware,DVNDA,3,9.986445,27.368422,100.0,56.68241,507.90298,69.16956200000016
London,0.75,Peak-aware,DVNDA,4,11.736718,32.27512,100.0,67.84404,501.90445,69.16956200000016
London,0.75,Peak-aware,DVNDA,5,11.127534,30.569109,100.0,61.350094,547.0875,69.16956200000016
London,0.75,Peak-aware,DVNDA,6,12.420206,34.060516,100.0,71.18542,555.09515,69.16956200000016
London,0.75,Peak-aware,DVNDA,7,9.6983,26.681227,100.0,55.58438,540.3386,69.16956200000016
London,0.75,Peak-aware,DVNDA,8,12.3689375,34.027855,100.0,70.27898,508.13467,69.16956200000016
London,0.75,Peak-aware,DVNDA,9,12.497208,34.349144,100.0,69.73794,539.04236,69.16956200000016
London,0.75,Peak-aware,DVNDA,10,11.754982,32.249683,100.0,64.64821,514.2218,69.16956200000016
London,0.75,Peak-aware,DVNDA,11,12.82493,35.210293,100.0,77.98057,506.31116,69.16956200000016
London,0.75,Peak-aware,DVNDA,12,12.110106,33.26207,100.0,68.63807,540.87665,69.16956200000016
London,0.75,Peak-aware,DVNDA,13,12.192352,33.447556,100.0,68.78477,516.70996,69.16956200000016
London,0.75,Peak-aware,DVNDA,14,13.484611,37.13458,100.0,78.64865,503.5531,69.16956200000016
London,0.75,Peak-aware,DVNDA,15,11.920315,32.741272,100.0,68.20026,505.31015,69.16956200000016
London,0.75,Peak-aware,DVNDA,16,12.21955,33.53742,100.0,67.21585,504.4882,69.16956200000016
London,0.75,Peak-aware,DVNDA,17,11.3573065,31.224321,100.0,64.61869,506.93692,69.16956200000016
London,0.75,Peak-aware,DVNDA,18,10.873777,29.883905,100.0,61.32982,523.19836,69.16956200000016
London,0.75,Peak-aware,DVNDA,19,14.561005,39.967724,100.0,81.451454,517.8807,69.16956200000016
London,0.75,Peak-aware,DVNDA,20,10.671157,29.231215,100.0,58.86548,501.84415,69.16956200000016
London,0.75,Peak-aware,DVNDA,21,14.049405,38.629135,100.0,76.611275,496.1894,69.16956200000016
London,0.75,Peak-aware,DVNDA,22,15.757534,43.28131,100.0,91.02929,515.53296,69.16956200000016
London,0.75,Peak-aware,DVNDA,23,10.597226,29.067493,100.0,58.49118,513.19934,69.16956200000016
London,0.75,Peak-aware,DVNDA,24,13.183263,36.2003,100.0,73.2037,507.57477,69.16956200000016
London,0.75,Peak-aware,DVNDA,25,11.23016,30.9664,100.0,62.6867,564.0995,69.16956200000016
London,0.75,Peak-aware,DVNDA,26,11.6177025,31.89848,100.0,65.18182,525.4652,69.16956200000016
London,0.75,Peak-aware,DVNDA,27,13.302836,36.55739,100.0,76.722275,509.414,69.16956200000016
London,0.75,Peak-aware,DVNDA,28,10.373708,28.563347,100.0,57.3248,546.3264,69.16956200000016
London,0.75,Peak-aware,DVNDA,29,16.680918,45.776775,100.0,94.02838,527.25037,69.16956200000016
London,0.75,Peak-aware,DVNDA,30,10.915427,30.09526,100.0,63.48819,523.3418,69.16956200000016
London,0.75,Peak-aware,DVNDA,31,10.8633585,29.833906,100.0,61.06563,534.2307,69.16956200000016
London,0.75,Peak-aware,DVNDA,32,14.950308,40.95602,100.0,84.86853,520.2915,69.16956200000016
London,0.75,Peak-aware,DVNDA,33,13.419839,36.883575,100.0,75.79348,540.7232,69.16956200000016
London,0.75,Peak-aware,DVNDA,34,10.107935,27.864296,100.0,56.906616,511.7455,69.16956200000016
London,0.75,Peak-aware,DVNDA,35,13.10704,35.998447,100.0,74.46259,508.83746,69.16956200000016
London,0.75,Peak-aware,DVNDA,36,12.349156,33.934074,100.0,71.377975,499.10117,69.16956200000016
London,0.75,Peak-aware,DVNDA,37,12.977261,35.723064,100.0,74.01542,531.553,69.16956200000016
London,0.75,Peak-aware,DVNDA,38,11.023699,30.224297,100.0,59.731167,562.9061,69.16956200000016
London,0.75,Peak-aware,DVNDA,39,12.0706,33.181705,100.0,69.56854,516.98535,69.16956200000016
London,0.75,Peak-aware,DVNDA,40,16.007433,44.037594,100.0,91.88628,516.8823,69.16956200000016
London,0.75,Peak-aware,DVNDA,41,13.463671,36.866882,100.0,75.33071,524.94196,69.16956200000016
London,0.75,Peak-aware,DVNDA,42,12.002726,33.07919,100.0,67.542915,520.8595,69.16956200000016
London,0.75,Peak-aware,DVNDA,43,11.95744,32.966682,100.0,72.56194,499.18893,69.16956200000016
London,0.75,Peak-aware,DVNDA,44,11.240462,30.86047,100.0,65.05331,517.6515,69.16956200000016
London,0.75,Peak-aware,DVNDA,45,12.879509,35.35884,100.0,72.43431,528.24005,69.16956200000016
London,0.75,Peak-aware,DVNDA,46,12.485071,34.336975,100.0,70.61354,545.7313,69.16956200000016
London,0.75,Peak-aware,DVNDA,47,13.3156595,36.575665,100.0,75.099556,526.96423,69.16956200000016
London,0.75,Peak-aware,DVNDA,48,14.62674,40.115578,100.0,81.03741,521.76044,69.16956200000016
London,0.75,Peak-aware,DVNDA,49,11.151908,30.657093,100.0,62.335823,517.02826,69.16956200000016
London,0.75,Peak-aware,DVNDA,50,10.898481,29.90298,100.0,60.40543,529.7795,69.16956200000016
London,0.75,Peak-aware,DVNDA,51,13.440225,36.90927,100.0,77.60677,526.2409,69.16956200000016
London,0.75,Peak-aware,DVNDA,52,12.560252,34.47158,100.0,71.67278,524.3199,69.16956200000016
London,0.75,Peak-aware,DVNDA,53,13.211594,36.31253,100.0,74.73458,549.86615,69.16956200000016
London,0.75,Peak-aware,DVNDA,54,12.056237,33.184086,100.0,65.61377,549.01825,69.16956200000016
London,0.75,Peak-aware,DVNDA,55,11.941538,32.900093,100.0,67.2434,496.22412,69.16956200000016
London,0.75,Peak-aware,DVNDA,56,10.847097,29.849085,100.0,66.53925,500.24173,69.16956200000016
London,0.75,Peak-aware,DVNDA,57,11.550382,31.79166,100.0,67.311104,511.97324,69.16956200000016
London,0.75,Peak-aware,DVNDA,58,12.260509,33.783726,100.0,70.63248,484.31384,69.16956200000016
London,0.75,Peak-aware,DVNDA,59,14.196235,39.022686,100.0,77.43613,536.3317,69.16956200000016
London,0.75,Peak-aware,DVNDA,60,12.791859,35.201748,100.0,72.76867,513.8919,69.16956200000016
London,0.75,Peak-aware,DVNDA,61,13.455419,37.0708,100.0,74.98918,517.7043,69.16956200000016
London,0.75,Peak-aware,DVNDA,62,14.095069,38.723846,100.0,80.92743,505.05548,69.16956200000016
London,0.75,Peak-aware,DVNDA,63,11.091272,30.502867,100.0,64.58844,541.3091,69.16956200000016
London,0.75,Peak-aware,DVNDA,64,13.480709,37.01586,100.0,78.25786,532.39575,69.16956200000016
London,0.75,Peak-aware,DVNDA,65,12.222216,33.530796,100.0,69.61965,551.2937,69.16956200000016
London,0.75,Peak-aware,DVNDA,66,14.326586,39.373222,100.0,81.30323,542.64886,69.16956200000016
London,0.75,Peak-aware,DVNDA,67,11.882385,32.695396,100.0,68.361824,507.21274,69.16956200000016
London,0.75,Peak-aware,DVNDA,68,13.908471,38.170677,100.0,81.46699,530.9631,69.16956200000016
London,0.75,Peak-aware,DVNDA,69,11.5435705,31.673145,100.0,67.51928,498.56146,69.16956200000016
London,0.75,Peak-aware,DVNDA,70,10.212833,28.06102,100.0,58.703247,526.3916,69.16956200000016
London,0.75,Peak-aware,DVNDA,71,14.902514,40.765553,100.0,82.59376,484.80167,69.16956200000016
London,0.75,Peak-aware,DVNDA,72,11.126244,30.551985,100.0,62.620445,536.2147,69.16956200000016
London,0.75,Peak-aware,DVNDA,73,12.45219,34.13747,100.0,67.545944,509.89346,69.16956200000016
London,0.75,Peak-aware,DVNDA,74,15.17551,41.842815,100.0,85.73236,515.917,69.16956200000016
London,0.75,Peak-aware,DVNDA,75,9.630352,26.403976,100.0,55.64869,540.6953,69.16956200000016
London,0.75,Peak-aware,DVNDA,76,12.140674,33.397324,100.0,68.913414,529.33545,69.16956200000016
London,0.75,Peak-aware,DVNDA,77,13.772033,37.72468,100.0,78.658676,515.24274,69.16956200000016
London,0.75,Peak-aware,DVNDA,78,14.3276615,39.396004,100.0,84.1798,530.532,69.16956200000016
London,0.75,Peak-aware,DVNDA,79,12.108549,33.3117,100.0,68.708626,537.6383,69.16956200000016
London,0.75,Peak-aware,DVNDA,80,11.00642,30.302319,100.0,67.6933,530.8467,69.16956200000016
London,0.75,Peak-aware,DVNDA,81,12.076828,33.1687,100.0,70.813965,511.36578,69.16956200000016
London,0.75,Peak-aware,DVNDA,82,13.9293785,38.179615,100.0,77.879875,507.13284,69.16956200000016
London,0.75,Peak-aware,DVNDA,83,11.269917,30.954407,100.0,63.632885,522.7919,69.16956200000016
London,0.75,Peak-aware,DVNDA,84,12.681558,34.74448,100.0,75.17079,497.96024,69.16956200000016
London,0.75,Peak-aware,DVNDA,85,11.579252,31.813192,100.0,66.92133,533.29346,69.16956200000016
London,0.75,Peak-aware,DVNDA,86,13.271991,36.49285,100.0,73.94269,529.74384,69.16956200000016
London,0.75,Peak-aware,DVNDA,87,14.375131,39.49906,100.0,82.026505,500.86063,69.16956200000016
London,0.75,Peak-aware,DVNDA,88,12.638025,34.600437,100.0,68.681046,506.431,69.16956200000016
London,0.75,Peak-aware,DVNDA,89,15.665717,43.121258,100.0,89.61054,514.13556,69.16956200000016
London,0.75,Peak-aware,DVNDA,90,10.334043,28.41652,100.0,58.827343,600.1761,69.16956200000016
London,0.75,Peak-aware,DVNDA,91,10.840573,29.80952,100.0,59.25263,556.3216,69.16956200000016
London,0.75,Peak-aware,DVNDA,92,13.485362,37.05524,100.0,74.129875,542.23065,69.16956200000016
London,0.75,Peak-aware,DVNDA,93,12.879892,35.382137,100.0,74.84206,552.75385,69.16956200000016
London,0.75,Peak-aware,DVNDA,94,13.06315,35.87384,100.0,72.537384,517.3899,69.16956200000016
London,0.75,Peak-aware,DVNDA,95,13.158521,36.082848,100.0,74.39112,504.85434,69.16956200000016
London,0.75,Peak-aware,DVNDA,96,13.757918,37.812782,100.0,76.808,525.86163,69.16956200000016
London,0.75,Peak-aware,DVNDA,97,10.965374,30.14022,100.0,63.774906,544.76746,69.16956200000016
London,0.75,Peak-aware,DVNDA,98,12.75257,35.05227,100.0,71.89524,539.4849,69.16956200000016
London,0.75,Peak-aware,DVNDA,99,12.712812,35.00857,100.0,73.520676,505.05157,69.16956200000016
London,0.75,Peak-aware,Greedy,0,11.970154,32.82028,100.0,66.49351,497.56158,4.096575000000087
London,0.75,Peak-aware,Greedy,1,14.126277,38.81094,100.0,77.62318,516.8199,4.096575000000087
London,0.75,Peak-aware,Greedy,2,12.004683,32.98401,95.0,64.20919,512.7784,4.096575000000087
London,0.75,Peak-aware,Greedy,3,10.078858,27.602661,100.0,56.475796,509.06525,4.096575000000087
London,0.75,Peak-aware,Greedy,4,14.674879,40.282314,100.0,82.418335,501.90445,4.096575000000087
London,0.75,Peak-aware,Greedy,5,10.761186,29.544453,95.0,60.184494,510.69357,4.096575000000087
London,0.75,Peak-aware,Greedy,6,14.054556,38.671127,100.0,79.48562,513.3977,4.096575000000087
London,0.75,Peak-aware,Greedy,7,12.042913,33.13046,100.0,68.079735,507.4753,4.096575000000087
London,0.75,Peak-aware,Greedy,8,13.799888,38.05045,100.0,74.74476,507.7664,4.096575000000087
London,0.75,Peak-aware,Greedy,9,13.769254,37.848667,100.0,75.92063,516.54645,4.096575000000087
London,0.75,Peak-aware,Greedy,10,13.456055,36.939697,100.0,76.71122,515.8001,4.096575000000087
London,0.75,Peak-aware,Greedy,11,14.4074745,39.593243,100.0,84.80454,508.784,4.096575000000087
London,0.75,Peak-aware,Greedy,12,12.713751,34.926945,100.0,72.27871,506.8574,4.096575000000087
London,0.75,Peak-aware,Greedy,13,12.401788,34.00159,100.0,69.87805,516.1103,4.096575000000087
London,0.75,Peak-aware,Greedy,14,14.434892,39.614655,100.0,84.370346,501.274,4.096575000000087
London,0.75,Peak-aware,Greedy,15,13.874369,38.09997,100.0,76.14682,503.07248,4.096575000000087
London,0.75,Peak-aware,Greedy,16,13.297071,36.49629,100.0,73.65165,503.4273,4.096575000000087
London,0.75,Peak-aware,Greedy,17,12.031803,33.07065,100.0,65.39487,506.3511,4.096575000000087
London,0.75,Peak-aware,Greedy,18,12.17675,33.51143,100.0,67.72855,511.4317,4.096575000000087
London,0.75,Peak-aware,Greedy,19,12.622988,34.72025,100.0,73.50813,516.2335,4.096575000000087
London,0.75,Peak-aware,Greedy,20,11.476874,31.479328,100.0,65.6261,502.11298,4.096575000000087
London,0.75,Peak-aware,Greedy,21,14.33652,39.56389,100.0,80.2319,493.9448,4.096575000000087
London,0.75,Peak-aware,Greedy,22,13.919655,38.211853,95.0,82.28953,454.63602,4.096575000000087
London,0.75,Peak-aware,Greedy,23,13.914827,38.16249,100.0,76.88505,500.0086,4.096575000000087
London,0.75,Peak-aware,Greedy,24,13.957945,38.286285,100.0,76.034035,509.04916,4.096575000000087
London,0.75,Peak-aware,Greedy,25,15.461635,42.640728,100.0,86.581726,520.2688,4.096575000000087
London,0.75,Peak-aware,Greedy,26,16.34927,44.95049,100.0,90.45843,509.64426,4.096575000000087
London,0.75,Peak-aware,Greedy,27,12.507082,34.413147,100.0,70.42936,512.6,4.096575000000087
London,0.75,Peak-aware,Greedy,28,12.458403,34.29685,100.0,67.450554,512.95105,4.096575000000087
London,0.75,Peak-aware,Greedy,29,18.16951,49.79177,100.0,100.97348,516.8272,4.096575000000087
London,0.75,Peak-aware,Greedy,30,11.589399,31.909817,100.0,70.302475,505.08847,4.096575000000087
London,0.75,Peak-aware,Greedy,31,12.768847,35.026875,100.0,71.998276,506.6701,4.096575000000087
London,0.75,Peak-aware,Greedy,32,14.352774,39.293022,100.0,80.75213,518.1579,4.096575000000087
London,0.75,Peak-aware,Greedy,33,13.813047,38.08353,100.0,78.25936,518.01227,4.096575000000087
London,0.75,Peak-aware,Greedy,34,12.801949,35.281532,100.0,74.10572,514.0593,4.096575000000087
London,0.75,Peak-aware,Greedy,35,16.099468,44.228146,100.0,93.70292,508.83752,4.096575000000087
London,0.75,Peak-aware,Greedy,36,15.031396,41.16552,100.0,85.48673,496.43967,4.096575000000087
London,0.75,Peak-aware,Greedy,37,14.656602,40.34253,100.0,83.708885,509.4255,4.096575000000087
London,0.75,Peak-aware,Greedy,38,13.699819,37.663242,100.0,72.37624,519.20355,4.096575000000087
London,0.75,Peak-aware,Greedy,39,12.999435,35.76358,100.0,73.694954,517.12933,4.096575000000087
London,0.75,Peak-aware,Greedy,40,15.050349,41.479362,100.0,83.83773,516.8823,4.096575000000087
London,0.75,Peak-aware,Greedy,41,14.939808,40.92834,100.0,85.39256,513.9246,4.096575000000087
London,0.75,Peak-aware,Greedy,42,14.011009,38.535507,95.0,78.195335,509.11084,4.096575000000087
London,0.75,Peak-aware,Greedy,43,12.396402,34.130344,100.0,74.89599,500.04462,4.096575000000087
London,0.75,Peak-aware,Greedy,44,12.925504,35.49291,100.0,75.28556,519.2152,4.096575000000087
London,0.75,Peak-aware,Greedy,45,13.422054,36.917244,100.0,73.524506,508.6539,4.096575000000087
London,0.75,Peak-aware,Greedy,46,13.794129,37.975952,100.0,77.804634,517.7057,4.096575000000087
London,0.75,Peak-aware,Greedy,47,15.135036,41.654434,100.0,84.21399,508.43256,4.096575000000087
London,0.75,Peak-aware,Greedy,48,15.900204,43.57036,100.0,88.96181,506.4456,4.096575000000087
London,0.75,Peak-aware,Greedy,49,14.251284,39.193916,100.0,77.45836,500.797,4.096575000000087
London,0.75,Peak-aware,Greedy,50,12.789297,35.095715,100.0,71.7725,505.77228,4.096575000000087
London,0.75,Peak-aware,Greedy,51,14.958903,40.98532,100.0,82.87374,506.00116,4.096575000000087
London,0.75,Peak-aware,Greedy,52,15.073158,41.31784,100.0,84.06349,503.91953,4.096575000000087
London,0.75,Peak-aware,Greedy,53,15.078939,41.48432,100.0,84.78115,516.60187,4.096575000000087
London,0.75,Peak-aware,Greedy,54,14.6377945,40.219666,100.0,81.94554,512.9679,4.096575000000087
London,0.75,Peak-aware,Greedy,55,12.502565,34.429764,100.0,71.42011,498.67813,4.096575000000087
London,0.75,Peak-aware,Greedy,56,13.656819,37.532497,100.0,80.45352,501.16086,4.096575000000087
London,0.75,Peak-aware,Greedy,57,12.33363,33.81321,100.0,73.4885,511.97324,4.096575000000087
London,0.75,Peak-aware,Greedy,58,16.28232,44.8288,100.0,91.80143,455.34912,4.096575000000087
London,0.75,Peak-aware,Greedy,59,14.8449135,40.819008,100.0,81.72418,513.18756,4.096575000000087
London,0.75,Peak-aware,Greedy,60,15.395118,42.33247,100.0,87.33198,514.54443,4.096575000000087
London,0.75,Peak-aware,Greedy,61,14.209967,39.00953,95.0,78.72918,496.40826,4.096575000000087
London,0.75,Peak-aware,Greedy,62,14.207455,39.01009,100.0,82.024895,505.05548,4.096575000000087
London,0.75,Peak-aware,Greedy,63,14.907184,40.79045,100.0,81.21381,514.9639,4.096575000000087
London,0.75,Peak-aware,Greedy,64,16.361683,44.880207,100.0,91.05868,514.428,4.096575000000087
London,0.75,Peak-aware,Greedy,65,11.053568,30.344704,100.0,58.530575,513.99567,4.096575000000087
London,0.75,Peak-aware,Greedy,66,15.977972,43.8524,100.0,90.19302,519.2808,4.096575000000087
London,0.75,Peak-aware,Greedy,67,14.685177,40.319336,100.0,81.20688,504.96976,4.096575000000087
London,0.75,Peak-aware,Greedy,68,15.267511,41.95274,100.0,89.21665,517.89136,4.096575000000087
London,0.75,Peak-aware,Greedy,69,12.994753,35.601044,100.0,73.63423,498.56146,4.096575000000087
London,0.75,Peak-aware,Greedy,70,13.438755,36.9774,100.0,76.85305,505.5174,4.096575000000087
London,0.75,Peak-aware,Greedy,71,15.312298,42.116516,100.0,90.76142,454.19104,4.096575000000087
London,0.75,Peak-aware,Greedy,72,11.853092,32.51963,100.0,63.205082,513.6023,4.096575000000087
London,0.75,Peak-aware,Greedy,73,13.913743,38.23436,100.0,76.62119,509.20093,4.096575000000087
London,0.75,Peak-aware,Greedy,74,13.337134,36.7921,100.0,76.02345,515.38794,4.096575000000087
London,0.75,Peak-aware,Greedy,75,10.966958,30.05517,100.0,60.7681,514.3183,4.096575000000087
London,0.75,Peak-aware,Greedy,76,14.524291,39.98188,100.0,81.02101,510.01797,4.096575000000087
London,0.75,Peak-aware,Greedy,77,15.182476,41.603016,100.0,86.68435,500.44675,4.096575000000087
London,0.75,Peak-aware,Greedy,78,16.163363,44.320126,100.0,91.27197,504.97513,4.096575000000087
London,0.75,Peak-aware,Greedy,79,14.757785,40.631542,100.0,84.423996,512.65625,4.096575000000087
London,0.75,Peak-aware,Greedy,80,12.694702,34.985737,100.0,72.73754,508.9013,4.096575000000087
London,0.75,Peak-aware,Greedy,81,13.066815,35.835754,100.0,77.878944,515.067,4.096575000000087
London,0.75,Peak-aware,Greedy,82,14.310232,39.170235,100.0,79.556694,507.09622,4.096575000000087
London,0.75,Peak-aware,Greedy,83,12.795039,35.15854,100.0,71.0402,511.72137,4.096575000000087
London,0.75,Peak-aware,Greedy,84,13.339433,36.52457,100.0,78.00009,497.96024,4.096575000000087
London,0.75,Peak-aware,Greedy,85,11.692938,32.08132,100.0,68.241,511.89417,4.096575000000087
London,0.75,Peak-aware,Greedy,86,11.982467,32.97155,95.0,66.65228,485.6875,4.096575000000087
London,0.75,Peak-aware,Greedy,87,14.45509,39.743843,100.0,83.88563,500.45163,4.096575000000087
London,0.75,Peak-aware,Greedy,88,14.423266,39.482773,100.0,78.29718,505.75934,4.096575000000087
London,0.75,Peak-aware,Greedy,89,16.827454,46.26466,100.0,92.66828,515.6722,4.096575000000087
London,0.75,Peak-aware,Greedy,90,13.057311,35.815727,100.0,72.07526,509.61777,4.096575000000087
London,0.75,Peak-aware,Greedy,91,15.604629,42.917637,100.0,86.38694,517.4545,4.096575000000087
London,0.75,Peak-aware,Greedy,92,14.639963,40.17639,95.0,81.76405,516.08746,4.096575000000087
London,0.75,Peak-aware,Greedy,93,14.214312,39.086006,100.0,80.3002,481.3809,4.096575000000087
London,0.75,Peak-aware,Greedy,94,11.896457,32.656513,100.0,64.060425,517.32794,4.096575000000087
London,0.75,Peak-aware,Greedy,95,15.820663,43.431072,100.0,91.78673,505.8921,4.096575000000087
London,0.75,Peak-aware,Greedy,96,13.356552,36.757313,95.0,76.621025,510.28656,4.096575000000087
London,0.75,Peak-aware,Greedy,97,13.959993,38.328438,100.0,79.74556,516.5536,4.096575000000087
London,0.75,Peak-aware,Greedy,98,13.368715,36.672848,95.0,75.6187,510.2267,4.096575000000087
London,0.75,Peak-aware,Greedy,99,12.772956,35.122173,100.0,70.60693,505.93945,4.096575000000087
New_York,0.1,Off-peak,DVNDA,0,8.236083,21.162436,100.0,37.69658,482.67392,74.21458099999995
New_York,0.1,Off-peak,DVNDA,1,10.009914,25.614931,100.0,45.649597,483.79355,74.21458099999995
New_York,0.1,Off-peak,DVNDA,2,11.758209,30.288992,100.0,54.30632,485.12106,74.21458099999995
New_York,0.1,Off-peak,DVNDA,3,7.7282968,19.826912,100.0,33.941654,483.01804,74.21458099999995
New_York,0.1,Off-peak,DVNDA,4,10.08825,25.86119,100.0,47.14366,483.22925,74.21458099999995
New_York,0.1,Off-peak,DVNDA,5,9.681619,24.819166,100.0,42.93047,484.04886,74.21458099999995
New_York,0.1,Off-peak,DVNDA,6,9.327585,23.742697,100.0,43.19273,482.44696,74.21458099999995
New_York,0.1,Off-peak,DVNDA,7,8.119821,20.77896,100.0,36.929943,482.89148,74.21458099999995
New_York,0.1,Off-peak,DVNDA,8,9.5977125,24.629375,100.0,43.823643,484.13132,74.21458099999995
New_York,0.1,Off-peak,DVNDA,9,11.137851,28.818665,100.0,51.941547,482.77982,74.21458099999995
New_York,0.1,Off-peak,DVNDA,10,9.517421,24.375519,100.0,43.291756,483.4384,74.21458099999995
New_York,0.1,Off-peak,DVNDA,11,11.159897,28.683405,100.0,50.924526,484.60614,74.21458099999995
New_York,0.1,Off-peak,DVNDA,12,10.372637,26.61956,100.0,48.129925,483.54584,74.21458099999995
New_York,0.1,Off-peak,DVNDA,13,9.582021,24.593416,100.0,44.46202,483.078,74.21458099999995
New_York,0.1,Off-peak,DVNDA,14,10.662378,27.419397,100.0,47.28218,504.93506,74.21458099999995
New_York,0.1,Off-peak,DVNDA,15,9.461834,24.3001,100.0,43.713165,482.92993,74.21458099999995
New_York,0.1,Off-peak,DVNDA,16,9.002739,22.88262,100.0,42.411316,496.65167,74.21458099999995
New_York,0.1,Off-peak,DVNDA,17,10.465683,26.872747,100.0,46.424793,483.0174,74.21458099999995
New_York,0.1,Off-peak,DVNDA,18,11.335075,29.087902,100.0,52.033257,484.29532,74.21458099999995
New_York,0.1,Off-peak,DVNDA,19,8.714096,22.33801,100.0,39.988434,506.24142,74.21458099999995
New_York,0.1,Off-peak,DVNDA,20,10.520143,26.778585,100.0,48.850487,483.68802,74.21458099999995
New_York,0.1,Off-peak,DVNDA,21,11.998285,30.646101,100.0,54.799995,484.9106,74.21458099999995
New_York,0.1,Off-peak,DVNDA,22,10.060135,25.804333,100.0,45.595097,508.58997,74.21458099999995
New_York,0.1,Off-peak,DVNDA,23,10.2833805,26.46743,100.0,46.014072,482.63116,74.21458099999995
New_York,0.1,Off-peak,DVNDA,24,11.511194,29.718876,100.0,51.539536,485.41083,74.21458099999995
New_York,0.1,Off-peak,DVNDA,25,9.773935,25.095924,100.0,45.248478,483.79916,74.21458099999995
New_York,0.1,Off-peak,DVNDA,26,10.196646,26.12555,100.0,45.168022,505.98416,74.21458099999995
New_York,0.1,Off-peak,DVNDA,27,8.302843,21.339539,100.0,37.81195,483.0716,74.21458099999995
New_York,0.1,Off-peak,DVNDA,28,8.822577,22.752518,100.0,40.012253,483.10718,74.21458099999995
New_York,0.1,Off-peak,DVNDA,29,9.801081,25.069775,100.0,46.32774,483.22467,74.21458099999995
New_York,0.1,Off-peak,DVNDA,30,10.794663,27.925648,100.0,47.38356,482.49408,74.21458099999995
New_York,0.1,Off-peak,DVNDA,31,9.873773,25.370268,100.0,45.67699,494.2305,74.21458099999995
New_York,0.1,Off-peak,DVNDA,32,10.772272,27.607145,100.0,47.42074,484.32712,74.21458099999995
New_York,0.1,Off-peak,DVNDA,33,11.503152,29.824116,100.0,53.241276,483.3592,74.21458099999995
New_York,0.1,Off-peak,DVNDA,34,11.161589,28.472029,100.0,51.010372,483.9008,74.21458099999995
New_York,0.1,Off-peak,DVNDA,35,10.041304,25.861174,100.0,46.569843,484.70142,74.21458099999995
New_York,0.1,Off-peak,DVNDA,36,10.812703,27.662989,100.0,48.41026,483.6011,74.21458099999995
New_York,0.1,Off-peak,DVNDA,37,11.010749,28.278936,100.0,50.273293,484.0431,74.21458099999995
New_York,0.1,Off-peak,DVNDA,38,10.762816,27.595707,100.0,48.772568,484.04572,74.21458099999995
New_York,0.1,Off-peak,DVNDA,39,9.313321,23.860703,100.0,42.029583,483.1672,74.21458099999995
New_York,0.1,Off-peak,DVNDA,40,9.58487,24.558212,100.0,44.364906,482.3357,74.21458099999995
New_York,0.1,Off-peak,DVNDA,41,12.317985,31.692219,100.0,56.051804,484.05286,74.21458099999995
New_York,0.1,Off-peak,DVNDA,42,11.447268,29.339628,100.0,51.72425,483.24515,74.21458099999995
New_York,0.1,Off-peak,DVNDA,43,10.135778,26.084007,100.0,45.240776,483.43713,74.21458099999995
New_York,0.1,Off-peak,DVNDA,44,11.135043,28.746153,100.0,51.14629,484.80228,74.21458099999995
New_York,0.1,Off-peak,DVNDA,45,8.590738,21.936533,100.0,39.142227,482.5031,74.21458099999995
New_York,0.1,Off-peak,DVNDA,46,9.218647,23.614208,100.0,40.18195,482.89136,74.21458099999995
New_York,0.1,Off-peak,DVNDA,47,8.899326,22.83383,100.0,41.684387,514.8846,74.21458099999995
New_York,0.1,Off-peak,DVNDA,48,10.775307,27.95615,100.0,48.214394,483.17355,74.21458099999995
New_York,0.1,Off-peak,DVNDA,49,11.062363,28.325134,100.0,49.34478,505.63092,74.21458099999995
New_York,0.1,Off-peak,DVNDA,50,11.687853,29.989368,100.0,53.57818,510.9942,74.21458099999995
New_York,0.1,Off-peak,DVNDA,51,9.460606,24.261526,100.0,42.930305,483.389,74.21458099999995
New_York,0.1,Off-peak,DVNDA,52,9.099556,23.292582,100.0,42.82528,482.63104,74.21458099999995
New_York,0.1,Off-peak,DVNDA,53,10.076838,25.835176,100.0,45.510437,484.26898,74.21458099999995
New_York,0.1,Off-peak,DVNDA,54,8.745205,22.69063,100.0,41.184135,517.9597,74.21458099999995
New_York,0.1,Off-peak,DVNDA,55,10.49823,26.746624,100.0,47.30943,483.454,74.21458099999995
New_York,0.1,Off-peak,DVNDA,56,9.536004,24.517353,100.0,43.944687,484.26074,74.21458099999995
New_York,0.1,Off-peak,DVNDA,57,9.898824,25.484962,100.0,44.916862,500.0008,74.21458099999995
New_York,0.1,Off-peak,DVNDA,58,11.077615,28.292088,100.0,50.54253,484.70197,74.21458099999995
New_York,0.1,Off-peak,DVNDA,59,11.051903,28.412699,100.0,49.626038,484.49158,74.21458099999995
New_York,0.1,Off-peak,DVNDA,60,11.616198,29.956106,100.0,51.19008,484.1113,74.21458099999995
New_York,0.1,Off-peak,DVNDA,61,10.053006,25.96501,100.0,46.039734,503.34464,74.21458099999995
New_York,0.1,Off-peak,DVNDA,62,8.815969,22.692133,100.0,40.60427,482.41632,74.21458099999995
New_York,0.1,Off-peak,DVNDA,63,10.335519,26.487886,100.0,47.097687,483.7885,74.21458099999995
New_York,0.1,Off-peak,DVNDA,64,11.79519,30.398773,100.0,52.285145,484.05322,74.21458099999995
New_York,0.1,Off-peak,DVNDA,65,10.178446,26.146425,100.0,46.89527,484.15906,74.21458099999995
New_York,0.1,Off-peak,DVNDA,66,10.0669985,25.909496,100.0,45.871593,483.44043,74.21458099999995
New_York,0.1,Off-peak,DVNDA,67,8.356822,21.506798,100.0,38.20652,496.08228,74.21458099999995
New_York,0.1,Off-peak,DVNDA,68,11.113025,28.623024,100.0,48.59411,483.57175,74.21458099999995
New_York,0.1,Off-peak,DVNDA,69,10.498985,26.920818,100.0,49.16768,484.80435,74.21458099999995
New_York,0.1,Off-peak,DVNDA,70,10.639241,27.278908,100.0,49.0888,514.3526,74.21458099999995
New_York,0.1,Off-peak,DVNDA,71,10.886068,27.954372,100.0,50.263237,483.79337,74.21458099999995
New_York,0.1,Off-peak,DVNDA,72,10.416716,26.639572,100.0,48.771336,483.41635,74.21458099999995
New_York,0.1,Off-peak,DVNDA,73,8.805561,22.675577,100.0,40.049236,507.05206,74.21458099999995
New_York,0.1,Off-peak,DVNDA,74,10.897922,27.955679,100.0,51.161728,485.33746,74.21458099999995
New_York,0.1,Off-peak,DVNDA,75,9.196389,23.57699,100.0,42.1576,482.9009,74.21458099999995
New_York,0.1,Off-peak,DVNDA,76,11.184684,28.601013,100.0,50.045555,503.86755,74.21458099999995
New_York,0.1,Off-peak,DVNDA,77,10.652534,27.45412,100.0,49.785942,484.08624,74.21458099999995
New_York,0.1,Off-peak,DVNDA,78,9.827736,25.190144,100.0,45.085674,484.6246,74.21458099999995
New_York,0.1,Off-peak,DVNDA,79,9.155156,23.52458,100.0,40.92481,483.16013,74.21458099999995
New_York,0.1,Off-peak,DVNDA,80,9.458032,24.35627,100.0,42.754345,483.58646,74.21458099999995
New_York,0.1,Off-peak,DVNDA,81,10.0651,25.993326,100.0,46.983562,483.75888,74.21458099999995
New_York,0.1,Off-peak,DVNDA,82,11.859707,30.51061,100.0,52.139034,484.8328,74.21458099999995
New_York,0.1,Off-peak,DVNDA,83,9.015343,23.020273,100.0,40.673897,482.66522,74.21458099999995
New_York,0.1,Off-peak,DVNDA,84,9.014108,23.14932,100.0,41.10094,482.7579,74.21458099999995
New_York,0.1,Off-peak,DVNDA,85,9.65354,24.80415,100.0,44.03384,482.89142,74.21458099999995
New_York,0.1,Off-peak,DVNDA,86,8.861719,22.579542,100.0,40.980824,507.14807,74.21458099999995
New_York,0.1,Off-peak,DVNDA,87,10.089622,26.010006,100.0,45.57126,508.88174,74.21458099999995
New_York,0.1,Off-peak,DVNDA,88,10.00066,25.793964,100.0,45.736397,483.57852,74.21458099999995
New_York,0.1,Off-peak,DVNDA,89,10.216993,26.370724,100.0,47.16477,484.07907,74.21458099999995
New_York,0.1,Off-peak,DVNDA,90,11.182747,28.75399,100.0,51.811607,496.97147,74.21458099999995
New_York,0.1,Off-peak,DVNDA,91,10.315521,26.476547,100.0,48.177822,494.0645,74.21458099999995
New_York,0.1,Off-peak,DVNDA,92,8.825939,22.714396,100.0,39.677322,482.4459,74.21458099999995
New_York,0.1,Off-peak,DVNDA,93,11.5506525,29.655277,100.0,51.303833,501.05872,74.21458099999995
New_York,0.1,Off-peak,DVNDA,94,9.825672,25.360529,100.0,43.90935,483.67532,74.21458099999995
New_York,0.1,Off-peak,DVNDA,95,10.452806,26.924734,100.0,47.46614,484.43774,74.21458099999995
New_York,0.1,Off-peak,DVNDA,96,10.04436,26.074924,100.0,44.22333,482.9344,74.21458099999995
New_York,0.1,Off-peak,DVNDA,97,10.162927,26.027285,100.0,46.771523,502.76492,74.21458099999995
New_York,0.1,Off-peak,DVNDA,98,9.07314,23.225834,100.0,42.486282,483.89716,74.21458099999995
New_York,0.1,Off-peak,DVNDA,99,7.65693,19.636612,100.0,35.058765,483.02792,74.21458099999995
New_York,0.1,Off-peak,Greedy,0,10.303011,26.505924,100.0,47.31542,467.63287,3.081679999999949
New_York,0.1,Off-peak,Greedy,1,10.199783,26.084291,100.0,47.02423,267.02255,3.081679999999949
New_York,0.1,Off-peak,Greedy,2,12.100316,31.165312,100.0,55.438187,407.6685,3.081679999999949
New_York,0.1,Off-peak,Greedy,3,10.51532,26.87001,100.0,47.01083,448.93433,3.081679999999949
New_York,0.1,Off-peak,Greedy,4,9.735759,24.974382,100.0,45.076603,358.41467,3.081679999999949
New_York,0.1,Off-peak,Greedy,5,9.46777,24.251646,100.0,42.665604,452.5876,3.081679999999949
New_York,0.1,Off-peak,Greedy,6,10.37714,26.531965,100.0,47.306915,464.75488,3.081679999999949
New_York,0.1,Off-peak,Greedy,7,10.0573,25.69053,100.0,45.399292,409.90137,3.081679999999949
New_York,0.1,Off-peak,Greedy,8,14.574021,37.664604,100.0,63.501835,350.48837,3.081679999999949
New_York,0.1,Off-peak,Greedy,9,11.772123,30.490602,100.0,54.162663,413.52866,3.081679999999949
New_York,0.1,Off-peak,Greedy,10,10.016239,25.587273,100.0,46.022827,318.8512,3.081679999999949
New_York,0.1,Off-peak,Greedy,11,12.225584,31.509283,95.0,53.921192,134.44046,3.081679999999949
New_York,0.1,Off-peak,Greedy,12,11.427231,29.310303,100.0,52.661232,126.36435,3.081679999999949
New_York,0.1,Off-peak,Greedy,13,12.018454,30.806837,100.0,55.28806,310.7178,3.081679999999949
New_York,0.1,Off-peak,Greedy,14,12.767665,32.828415,100.0,56.098667,502.92322,3.081679999999949
New_York,0.1,Off-peak,Greedy,15,9.9925,25.550846,100.0,45.78498,398.91214,3.081679999999949
New_York,0.1,Off-peak,Greedy,16,8.989248,23.041065,100.0,42.26016,496.02237,3.081679999999949
New_York,0.1,Off-peak,Greedy,17,12.022601,30.973005,100.0,53.70506,455.36377,3.081679999999949
New_York,0.1,Off-peak,Greedy,18,12.341555,31.838104,100.0,55.675808,207.02715,3.081679999999949
New_York,0.1,Off-peak,Greedy,19,9.248827,23.777166,100.0,42.887245,506.87924,3.081679999999949
New_York,0.1,Off-peak,Greedy,20,10.398802,26.640228,100.0,48.09753,464.4173,3.081679999999949
New_York,0.1,Off-peak,Greedy,21,12.825801,32.76823,100.0,57.7479,218.51088,3.081679999999949
New_York,0.1,Off-peak,Greedy,22,11.073363,28.497854,100.0,49.230946,512.6483,3.081679999999949
New_York,0.1,Off-peak,Greedy,23,10.970608,28.277578,100.0,49.78726,404.71252,3.081679999999949
New_York,0.1,Off-peak,Greedy,24,12.186151,31.408665,100.0,54.78823,460.47147,3.081679999999949
New_York,0.1,Off-peak,Greedy,25,10.549573,27.019604,100.0,49.308212,455.29773,3.081679999999949
New_York,0.1,Off-peak,Greedy,26,11.741809,30.156237,100.0,51.7532,508.19943,3.081679999999949
New_York,0.1,Off-peak,Greedy,27,9.678891,24.8986,100.0,44.352043,305.60373,3.081679999999949
New_York,0.1,Off-peak,Greedy,28,11.344167,29.369116,100.0,51.199306,351.3824,3.081679999999949
New_York,0.1,Off-peak,Greedy,29,10.102856,25.884285,100.0,47.127956,308.36768,3.081679999999949
New_York,0.1,Off-peak,Greedy,30,12.499055,32.340298,100.0,54.93408,421.0035,3.081679999999949
New_York,0.1,Off-peak,Greedy,31,10.426575,26.72259,100.0,47.917755,496.37088,3.081679999999949
New_York,0.1,Off-peak,Greedy,32,12.809174,32.580463,100.0,57.15929,262.05237,3.081679999999949
New_York,0.1,Off-peak,Greedy,33,12.064856,31.155046,100.0,54.725883,466.38077,3.081679999999949
New_York,0.1,Off-peak,Greedy,34,11.85614,30.374086,100.0,53.71094,400.406,3.081679999999949
New_York,0.1,Off-peak,Greedy,35,11.397299,29.412733,100.0,51.39047,461.97647,3.081679999999949
New_York,0.1,Off-peak,Greedy,36,11.911194,30.561,100.0,54.370407,466.52286,3.081679999999949
New_York,0.1,Off-peak,Greedy,37,10.164779,25.900723,100.0,46.72292,303.84885,3.081679999999949
New_York,0.1,Off-peak,Greedy,38,9.156159,23.474977,100.0,41.61342,316.3668,3.081679999999949
New_York,0.1,Off-peak,Greedy,39,9.695794,24.919424,100.0,44.21941,352.6293,3.081679999999949
New_York,0.1,Off-peak,Greedy,40,10.810686,27.561253,100.0,50.50899,461.0585,3.081679999999949
New_York,0.1,Off-peak,Greedy,41,11.000504,28.328451,100.0,49.91449,454.51163,3.081679999999949
New_York,0.1,Off-peak,Greedy,42,9.314529,23.833448,100.0,42.00053,402.13553,3.081679999999949
New_York,0.1,Off-peak,Greedy,43,11.258024,28.923735,100.0,49.0041,401.15237,3.081679999999949
New_York,0.1,Off-peak,Greedy,44,11.446493,29.61696,100.0,51.967728,412.2047,3.081679999999949
New_York,0.1,Off-peak,Greedy,45,10.457063,26.679523,100.0,47.969994,370.2012,3.081679999999949
New_York,0.1,Off-peak,Greedy,46,10.982501,28.197233,100.0,48.116493,448.28293,3.081679999999949
New_York,0.1,Off-peak,Greedy,47,10.474287,26.856747,100.0,48.332104,514.8846,3.081679999999949
New_York,0.1,Off-peak,Greedy,48,10.520207,27.057352,100.0,48.227737,407.4428,3.081679999999949
New_York,0.1,Off-peak,Greedy,49,12.046667,30.850807,100.0,53.696297,509.02914,3.081679999999949
New_York,0.1,Off-peak,Greedy,50,11.005282,28.225311,100.0,49.89812,508.60696,3.081679999999949
New_York,0.1,Off-peak,Greedy,51,11.44498,29.353807,100.0,51.445545,408.05902,3.081679999999949
New_York,0.1,Off-peak,Greedy,52,10.670652,27.545055,100.0,49.609577,255.62439,3.081679999999949
New_York,0.1,Off-peak,Greedy,53,11.347462,29.049696,100.0,51.41322,179.70465,3.081679999999949
New_York,0.1,Off-peak,Greedy,54,9.991365,25.783554,100.0,45.220814,516.60803,3.081679999999949
New_York,0.1,Off-peak,Greedy,55,10.465496,26.773146,100.0,47.479435,410.09384,3.081679999999949
New_York,0.1,Off-peak,Greedy,56,12.675756,32.620255,100.0,57.30435,211.99629,3.081679999999949
New_York,0.1,Off-peak,Greedy,57,10.439595,26.686974,100.0,47.90519,502.17963,3.081679999999949
New_York,0.1,Off-peak,Greedy,58,11.561897,29.483585,100.0,52.739956,449.5899,3.081679999999949
New_York,0.1,Off-peak,Greedy,59,13.583796,34.909966,100.0,60.172176,366.67075,3.081679999999949
New_York,0.1,Off-peak,Greedy,60,12.696564,32.801613,100.0,56.216858,405.3909,3.081679999999949
New_York,0.1,Off-peak,Greedy,61,9.523348,24.625402,100.0,43.571304,503.19238,3.081679999999949
New_York,0.1,Off-peak,Greedy,62,8.908086,22.996845,100.0,39.691837,452.1143,3.081679999999949
New_York,0.1,Off-peak,Greedy,63,11.461283,29.342253,100.0,51.875824,351.9635,3.081679999999949
New_York,0.1,Off-peak,Greedy,64,12.489372,32.17208,100.0,55.817165,402.4671,3.081679999999949
New_York,0.1,Off-peak,Greedy,65,11.74363,30.334911,100.0,53.019276,169.57948,3.081679999999949
New_York,0.1,Off-peak,Greedy,66,11.712924,30.069456,100.0,53.322178,211.94049,3.081679999999949
New_York,0.1,Off-peak,Greedy,67,10.008415,25.748892,100.0,45.660156,496.22543,3.081679999999949
New_York,0.1,Off-peak,Greedy,68,11.73312,30.135796,100.0,52.25641,358.35828,3.081679999999949
New_York,0.1,Off-peak,Greedy,69,11.177537,28.828575,100.0,51.3104,266.02606,3.081679999999949
New_York,0.1,Off-peak,Greedy,70,13.856104,35.539806,100.0,62.25654,515.12524,3.081679999999949
New_York,0.1,Off-peak,Greedy,71,12.506556,32.189,100.0,57.17114,210.26967,3.081679999999949
New_York,0.1,Off-peak,Greedy,72,10.81623,27.672985,100.0,49.89288,454.078,3.081679999999949
New_York,0.1,Off-peak,Greedy,73,10.840108,27.856937,100.0,49.573364,508.84845,3.081679999999949
New_York,0.1,Off-peak,Greedy,74,13.155231,33.748013,100.0,60.297405,134.71529,3.081679999999949
New_York,0.1,Off-peak,Greedy,75,11.322882,29.043303,100.0,51.915436,257.06735,3.081679999999949
New_York,0.1,Off-peak,Greedy,76,11.152667,28.57368,100.0,48.805023,505.92133,3.081679999999949
New_York,0.1,Off-peak,Greedy,77,12.301899,31.681534,100.0,56.193733,356.524,3.081679999999949
New_York,0.1,Off-peak,Greedy,78,10.598105,27.143318,100.0,48.65544,404.09357,3.081679999999949
New_York,0.1,Off-peak,Greedy,79,9.240092,23.814108,100.0,41.78422,455.72202,3.081679999999949
New_York,0.1,Off-peak,Greedy,80,12.227855,31.540108,100.0,53.614365,260.6502,3.081679999999949
New_York,0.1,Off-peak,Greedy,81,10.527207,27.287727,100.0,48.119045,454.38986,3.081679999999949
New_York,0.1,Off-peak,Greedy,82,12.904101,33.163734,100.0,56.300026,223.30394,3.081679999999949
New_York,0.1,Off-peak,Greedy,83,10.81401,27.770477,100.0,48.88827,363.98087,3.081679999999949
New_York,0.1,Off-peak,Greedy,84,12.70794,32.64427,100.0,56.431328,316.78784,3.081679999999949
New_York,0.1,Off-peak,Greedy,85,11.544879,29.758121,100.0,53.575207,225.21616,3.081679999999949
New_York,0.1,Off-peak,Greedy,86,9.163424,23.505407,100.0,41.214176,505.12784,3.081679999999949
New_York,0.1,Off-peak,Greedy,87,12.294078,31.718252,100.0,55.910553,508.88174,3.081679999999949
New_York,0.1,Off-peak,Greedy,88,11.84964,30.744532,100.0,55.518696,363.63586,3.081679999999949
New_York,0.1,Off-peak,Greedy,89,12.211714,31.37729,95.0,55.40524,139.25014,3.081679999999949
New_York,0.1,Off-peak,Greedy,90,12.214864,31.427237,100.0,56.248226,497.8924,3.081679999999949
New_York,0.1,Off-peak,Greedy,91,14.62071,37.631065,100.0,66.50723,496.80347,3.081679999999949
New_York,0.1,Off-peak,Greedy,92,11.683121,30.111391,100.0,51.296356,175.75972,3.081679999999949
New_York,0.1,Off-peak,Greedy,93,12.60558,32.352306,100.0,55.89579,500.4655,3.081679999999949
New_York,0.1,Off-peak,Greedy,94,10.751494,27.800066,100.0,48.613407,403.41785,3.081679999999949
New_York,0.1,Off-peak,Greedy,95,12.411068,31.967493,100.0,55.542233,351.9882,3.081679999999949
New_York,0.1,Off-peak,Greedy,96,11.166734,28.699648,100.0,49.77549,225.38058,3.081679999999949
New_York,0.1,Off-peak,Greedy,97,12.801799,32.83359,100.0,58.75005,500.84146,3.081679999999949
New_York,0.1,Off-peak,Greedy,98,10.816833,27.831314,100.0,49.967335,214.74326,3.081679999999949
New_York,0.1,Off-peak,Greedy,99,10.459516,26.753162,100.0,48.080994,462.38342,3.081679999999949
New_York,0.1,Peak-aware,DVNDA,0,8.236083,21.162436,100.0,38.181736,482.67392,75.45254699999987
New_York,0.1,Peak-aware,DVNDA,1,10.014642,25.62575,100.0,48.53262,483.79355,75.45254699999987
New_York,0.1,Peak-aware,DVNDA,2,11.759592,30.300993,100.0,57.771603,485.12106,75.45254699999987
New_York,0.1,Peak-aware,DVNDA,3,7.7536826,19.888187,100.0,35.864292,483.01804,75.45254699999987
New_York,0.1,Peak-aware,DVNDA,4,10.090513,25.861252,100.0,50.206863,483.22925,75.45254699999987
New_York,0.1,Peak-aware,DVNDA,5,9.681619,24.819166,100.0,45.218784,484.04886,75.45254699999987
New_York,0.1,Peak-aware,DVNDA,6,9.312392,23.708492,100.0,44.27626,482.44696,75.45254699999987
New_York,0.1,Peak-aware,DVNDA,7,8.121685,20.784258,100.0,40.907864,482.89148,75.45254699999987
New_York,0.1,Peak-aware,DVNDA,8,9.579789,24.583847,100.0,45.270294,484.13132,75.45254699999987
New_York,0.1,Peak-aware,DVNDA,9,11.137851,28.818665,100.0,54.758675,482.77982,75.45254699999987
New_York,0.1,Peak-aware,DVNDA,10,9.484399,24.288483,100.0,45.857307,483.4384,75.45254699999987
New_York,0.1,Peak-aware,DVNDA,11,11.16205,28.690119,100.0,53.554836,484.60614,75.45254699999987
New_York,0.1,Peak-aware,DVNDA,12,10.374608,26.6237,100.0,51.397728,483.54584,75.45254699999987
New_York,0.1,Peak-aware,DVNDA,13,9.582021,24.593416,100.0,46.574,483.078,75.45254699999987
New_York,0.1,Peak-aware,DVNDA,14,10.662379,27.419395,100.0,50.585213,504.93506,75.45254699999987
New_York,0.1,Peak-aware,DVNDA,15,9.461325,24.316807,100.0,46.85912,482.92993,75.45254699999987
New_York,0.1,Peak-aware,DVNDA,16,9.005703,22.8914,100.0,46.64048,496.65167,75.45254699999987
New_York,0.1,Peak-aware,DVNDA,17,10.465683,26.872747,100.0,48.597767,483.0174,75.45254699999987
New_York,0.1,Peak-aware,DVNDA,18,11.31712,29.055477,100.0,54.940918,484.29532,75.45254699999987
New_York,0.1,Peak-aware,DVNDA,19,8.714096,22.33801,100.0,42.8003,506.24142,75.45254699999987
New_York,0.1,Peak-aware,DVNDA,20,10.522007,26.783884,100.0,51.866932,483.68802,75.45254699999987
New_York,0.1,Peak-aware,DVNDA,21,11.998285,30.646101,100.0,55.266426,484.9106,75.45254699999987
New_York,0.1,Peak-aware,DVNDA,22,10.060135,25.804333,100.0,46.464447,508.58997,75.45254699999987
New_York,0.1,Peak-aware,DVNDA,23,10.2833805,26.46743,100.0,49.740376,482.63116,75.45254699999987
New_York,0.1,Peak-aware,DVNDA,24,11.516499,29.732338,100.0,56.029507,485.41083,75.45254699999987
New_York,0.1,Peak-aware,DVNDA,25,9.773935,25.095924,100.0,47.84736,483.79916,75.45254699999987
New_York,0.1,Peak-aware,DVNDA,26,10.196646,26.12555,100.0,46.53653,505.98416,75.45254699999987
New_York,0.1,Peak-aware,DVNDA,27,8.302843,21.339539,100.0,38.194244,483.0716,75.45254699999987
New_York,0.1,Peak-aware,DVNDA,28,8.822577,22.752516,100.0,42.608814,483.10718,75.45254699999987
New_York,0.1,Peak-aware,DVNDA,29,9.801081,25.069775,100.0,49.34068,483.22467,75.45254699999987
New_York,0.1,Peak-aware,DVNDA,30,10.800009,27.94041,100.0,50.700733,482.49408,75.45254699999987
New_York,0.1,Peak-aware,DVNDA,31,9.873773,25.370268,100.0,49.075424,494.2305,75.45254699999987
New_York,0.1,Peak-aware,DVNDA,32,10.774243,27.61129,100.0,49.368603,484.32712,75.45254699999987
New_York,0.1,Peak-aware,DVNDA,33,11.502221,29.838234,100.0,55.243076,483.3592,75.45254699999987
New_York,0.1,Peak-aware,DVNDA,34,11.161589,28.472029,100.0,53.045704,483.9008,75.45254699999987
New_York,0.1,Peak-aware,DVNDA,35,10.041304,25.861174,100.0,48.662605,484.70142,75.45254699999987
New_York,0.1,Peak-aware,DVNDA,36,10.721025,27.461475,100.0,50.856644,484.08817,75.45254699999987
New_York,0.1,Peak-aware,DVNDA,37,11.010749,28.278936,100.0,51.845753,484.0431,75.45254699999987
New_York,0.1,Peak-aware,DVNDA,38,10.811571,27.722893,100.0,51.723515,484.04572,75.45254699999987
New_York,0.1,Peak-aware,DVNDA,39,9.344686,23.913427,100.0,45.8912,483.1672,75.45254699999987
New_York,0.1,Peak-aware,DVNDA,40,9.58487,24.558212,100.0,45.958755,482.3357,75.45254699999987
New_York,0.1,Peak-aware,DVNDA,41,12.317985,31.692223,100.0,57.219902,484.05286,75.45254699999987
New_York,0.1,Peak-aware,DVNDA,42,11.455726,29.369991,100.0,54.893925,483.24515,75.45254699999987
New_York,0.1,Peak-aware,DVNDA,43,10.157989,26.144157,100.0,50.290108,483.43713,75.45254699999987
New_York,0.1,Peak-aware,DVNDA,44,11.139062,28.758167,100.0,55.54506,484.80228,75.45254699999987
New_York,0.1,Peak-aware,DVNDA,45,8.59297,21.941505,100.0,41.31056,482.5031,75.45254699999987
New_York,0.1,Peak-aware,DVNDA,46,9.215902,23.616661,100.0,41.970066,482.89136,75.45254699999987
New_York,0.1,Peak-aware,DVNDA,47,8.899326,22.833832,100.0,43.179386,514.8846,75.45254699999987
New_York,0.1,Peak-aware,DVNDA,48,10.775307,27.95615,100.0,50.6753,483.17355,75.45254699999987
New_York,0.1,Peak-aware,DVNDA,49,11.062363,28.325134,100.0,50.30147,505.63092,75.45254699999987
New_York,0.1,Peak-aware,DVNDA,50,11.687853,29.989368,100.0,54.48666,510.9942,75.45254699999987
New_York,0.1,Peak-aware,DVNDA,51,9.440935,24.20997,100.0,44.978085,483.389,75.45254699999987
New_York,0.1,Peak-aware,DVNDA,52,9.099556,23.292582,100.0,45.449802,482.63104,75.45254699999987
New_York,0.1,Peak-aware,DVNDA,53,10.072202,25.824509,100.0,47.338722,484.26898,75.45254699999987
New_York,0.1,Peak-aware,DVNDA,54,8.786366,22.778975,100.0,43.606712,517.9597,75.45254699999987
New_York,0.1,Peak-aware,DVNDA,55,10.502846,26.726238,100.0,48.748787,483.454,75.45254699999987
New_York,0.1,Peak-aware,DVNDA,56,9.536004,24.517353,100.0,47.181812,484.26074,75.45254699999987
New_York,0.1,Peak-aware,DVNDA,57,9.900796,25.489105,100.0,46.78998,500.0008,75.45254699999987
New_York,0.1,Peak-aware,DVNDA,58,11.077615,28.292088,100.0,51.620163,484.70197,75.45254699999987
New_York,0.1,Peak-aware,DVNDA,59,11.053768,28.417997,100.0,51.983994,484.49158,75.45254699999987
New_York,0.1,Peak-aware,DVNDA,60,11.616198,29.956106,100.0,54.855972,484.1113,75.45254699999987
New_York,0.1,Peak-aware,DVNDA,61,10.053006,25.96501,100.0,47.17975,503.34464,75.45254699999987
New_York,0.1,Peak-aware,DVNDA,62,8.818233,22.692194,100.0,42.553688,482.41632,75.45254699999987
New_York,0.1,Peak-aware,DVNDA,63,10.335518,26.487886,100.0,50.617188,483.7885,75.45254699999987
New_York,0.1,Peak-aware,DVNDA,64,11.79519,30.398773,100.0,55.763554,484.05322,75.45254699999987
New_York,0.1,Peak-aware,DVNDA,65,10.179079,26.14826,100.0,50.642223,484.15906,75.45254699999987
New_York,0.1,Peak-aware,DVNDA,66,10.075703,25.93055,100.0,49.01431,483.44043,75.45254699999987
New_York,0.1,Peak-aware,DVNDA,67,8.356822,21.506798,100.0,41.66061,496.08228,75.45254699999987
New_York,0.1,Peak-aware,DVNDA,68,11.11297,28.623028,100.0,51.175926,483.57175,75.45254699999987
New_York,0.1,Peak-aware,DVNDA,69,10.498985,26.920818,100.0,51.04748,484.80435,75.45254699999987
New_York,0.1,Peak-aware,DVNDA,70,10.639241,27.278908,100.0,50.034492,514.3526,75.45254699999987
New_York,0.1,Peak-aware,DVNDA,71,10.895094,27.983286,100.0,52.914253,483.79337,75.45254699999987
New_York,0.1,Peak-aware,DVNDA,72,10.417813,26.641516,100.0,50.73635,483.41635,75.45254699999987
New_York,0.1,Peak-aware,DVNDA,73,8.805561,22.675577,100.0,42.083958,507.05206,75.45254699999987
New_York,0.1,Peak-aware,DVNDA,74,10.897922,27.955679,100.0,51.843597,485.33746,75.45254699999987
New_York,0.1,Peak-aware,DVNDA,75,9.178467,23.531462,100.0,44.828316,482.9009,75.45254699999987
New_York,0.1,Peak-aware,DVNDA,76,11.185332,28.602913,100.0,52.870705,503.86755,75.45254699999987
New_York,0.1,Peak-aware,DVNDA,77,10.655018,27.460781,100.0,52.773304,484.08624,75.45254699999987
New_York,0.1,Peak-aware,DVNDA,78,9.833653,25.204414,100.0,48.026287,484.6246,75.45254699999987
New_York,0.1,Peak-aware,DVNDA,79,9.142991,23.505932,100.0,43.607903,483.16013,75.45254699999987
New_York,0.1,Peak-aware,DVNDA,80,9.443239,24.318317,100.0,46.767815,483.58646,75.45254699999987
New_York,0.1,Peak-aware,DVNDA,81,10.0692835,25.987906,100.0,49.183308,483.75888,75.45254699999987
New_York,0.1,Peak-aware,DVNDA,82,11.86157,30.515913,100.0,54.45623,484.8328,75.45254699999987
New_York,0.1,Peak-aware,DVNDA,83,9.017315,23.02442,100.0,43.331104,482.66522,75.45254699999987
New_York,0.1,Peak-aware,DVNDA,84,9.015205,23.151264,100.0,43.24626,482.7579,75.45254699999987
New_York,0.1,Peak-aware,DVNDA,85,9.65354,24.80415,100.0,46.47996,482.89142,75.45254699999987
New_York,0.1,Peak-aware,DVNDA,86,8.848434,22.543486,100.0,43.89638,507.14807,75.45254699999987
New_York,0.1,Peak-aware,DVNDA,87,10.089622,26.010006,100.0,47.663395,508.88174,75.45254699999987
New_York,0.1,Peak-aware,DVNDA,88,10.00652,25.808655,100.0,51.15417,483.57852,75.45254699999987
New_York,0.1,Peak-aware,DVNDA,89,10.216993,26.370724,100.0,47.7795,484.07907,75.45254699999987
New_York,0.1,Peak-aware,DVNDA,90,11.797339,30.319908,100.0,55.441444,498.7432,75.45254699999987
New_York,0.1,Peak-aware,DVNDA,91,10.315521,26.476547,100.0,51.381695,494.0645,75.45254699999987
New_York,0.1,Peak-aware,DVNDA,92,8.825939,22.714396,100.0,44.109993,482.4459,75.45254699999987
New_York,0.1,Peak-aware,DVNDA,93,11.550654,29.655277,100.0,52.993702,501.05872,75.45254699999987
New_York,0.1,Peak-aware,DVNDA,94,9.825672,25.360529,100.0,45.76066,483.67532,75.45254699999987
New_York,0.1,Peak-aware,DVNDA,95,10.450655,26.920727,100.0,52.34313,484.43774,75.45254699999987
New_York,0.1,Peak-aware,DVNDA,96,10.0423765,26.076525,100.0,47.669548,482.9344,75.45254699999987
New_York,0.1,Peak-aware,DVNDA,97,10.162927,26.027285,100.0,49.493546,502.76492,75.45254699999987
New_York,0.1,Peak-aware,DVNDA,98,9.07314,23.225834,100.0,44.311676,483.89716,75.45254699999987
New_York,0.1,Peak-aware,DVNDA,99,7.656931,19.636612,100.0,36.106365,483.02792,75.45254699999987
New_York,0.1,Peak-aware,Greedy,0,10.300893,26.501171,100.0,49.073143,467.63287,2.8184640000000627
New_York,0.1,Peak-aware,Greedy,1,10.203911,26.08965,100.0,50.50725,267.02255,2.8184640000000627
New_York,0.1,Peak-aware,Greedy,2,12.10247,31.172026,100.0,61.38959,410.00687,2.8184640000000627
New_York,0.1,Peak-aware,Greedy,3,10.517184,26.875309,100.0,47.877403,448.93433,2.8184640000000627
New_York,0.1,Peak-aware,Greedy,4,9.717835,24.928854,100.0,48.008003,360.03064,2.8184640000000627
New_York,0.1,Peak-aware,Greedy,5,9.53489,24.467617,100.0,44.49004,452.5876,2.8184640000000627
New_York,0.1,Peak-aware,Greedy,6,10.361948,26.49776,100.0,48.5008,464.75488,2.8184640000000627
New_York,0.1,Peak-aware,Greedy,7,10.0573,25.69053,100.0,49.09753,411.13943,2.8184640000000627
New_York,0.1,Peak-aware,Greedy,8,14.574021,37.664604,100.0,70.53483,351.9846,2.8184640000000627
New_York,0.1,Peak-aware,Greedy,9,11.774609,30.497263,100.0,57.609955,414.33124,2.8184640000000627
New_York,0.1,Peak-aware,Greedy,10,10.003468,25.57327,100.0,48.749268,319.9779,2.8184640000000627
New_York,0.1,Peak-aware,Greedy,11,12.250613,31.576235,95.0,60.718834,136.11441,2.8184640000000627
New_York,0.1,Peak-aware,Greedy,12,11.435138,29.331604,100.0,58.13808,128.2062,2.8184640000000627
New_York,0.1,Peak-aware,Greedy,13,12.022524,30.818697,100.0,57.435146,310.7178,2.8184640000000627
New_York,0.1,Peak-aware,Greedy,14,12.77042,32.835094,100.0,58.302124,502.92322,2.8184640000000627
New_York,0.1,Peak-aware,Greedy,15,9.994366,25.556145,100.0,49.096626,400.01587,2.8184640000000627
New_York,0.1,Peak-aware,Greedy,16,9.004426,23.078533,100.0,45.16618,496.02237,2.8184640000000627
New_York,0.1,Peak-aware,Greedy,17,12.022601,30.973005,100.0,57.462177,455.36377,2.8184640000000627
New_York,0.1,Peak-aware,Greedy,18,12.336919,31.827436,100.0,58.8666,207.02715,2.8184640000000627
New_York,0.1,Peak-aware,Greedy,19,9.244191,23.766499,100.0,45.543716,506.87924,2.8184640000000627
New_York,0.1,Peak-aware,Greedy,20,10.421013,26.70038,100.0,49.319614,464.4173,2.8184640000000627
New_York,0.1,Peak-aware,Greedy,21,12.825801,32.76823,100.0,60.919415,218.51088,2.8184640000000627
New_York,0.1,Peak-aware,Greedy,22,11.010652,28.366045,100.0,52.318024,512.6483,2.8184640000000627
New_York,0.1,Peak-aware,Greedy,23,10.970948,28.27884,100.0,53.248726,407.14926,2.8184640000000627
New_York,0.1,Peak-aware,Greedy,24,12.191452,31.429012,100.0,58.70776,460.47147,2.8184640000000627
New_York,0.1,Peak-aware,Greedy,25,10.5564165,27.035566,100.0,53.63504,455.29773,2.8184640000000627
New_York,0.1,Peak-aware,Greedy,26,11.724004,30.10998,100.0,54.434628,508.19943,2.8184640000000627
New_York,0.1,Peak-aware,Greedy,27,9.678891,24.8986,100.0,44.352043,305.60373,2.8184640000000627
New_York,0.1,Peak-aware,Greedy,28,11.324459,29.363203,100.0,54.98191,352.80334,2.8184640000000627
New_York,0.1,Peak-aware,Greedy,29,10.102856,25.884285,100.0,49.39358,308.36768,2.8184640000000627
New_York,0.1,Peak-aware,Greedy,30,12.501915,32.3484,100.0,59.069717,422.48013,2.8184640000000627
New_York,0.1,Peak-aware,Greedy,31,10.426575,26.72259,100.0,52.241592,496.37088,2.8184640000000627
New_York,0.1,Peak-aware,Greedy,32,12.803089,32.56446,100.0,60.714134,262.05237,2.8184640000000627
New_York,0.1,Peak-aware,Greedy,33,12.069825,31.168365,100.0,57.63636,466.38077,2.8184640000000627
New_York,0.1,Peak-aware,Greedy,34,11.8581505,30.379766,100.0,55.961544,401.352,2.8184640000000627
New_York,0.1,Peak-aware,Greedy,35,11.397299,29.412733,100.0,54.773335,461.97647,2.8184640000000627
New_York,0.1,Peak-aware,Greedy,36,11.893729,30.516006,100.0,57.21518,466.52286,2.8184640000000627
New_York,0.1,Peak-aware,Greedy,37,10.187622,25.962711,100.0,50.248383,303.84885,2.8184640000000627
New_York,0.1,Peak-aware,Greedy,38,9.159889,23.485575,100.0,44.605854,317.15277,2.8184640000000627
New_York,0.1,Peak-aware,Greedy,39,9.720267,24.979635,100.0,47.42776,354.38107,2.8184640000000627
New_York,0.1,Peak-aware,Greedy,40,10.810686,27.561253,100.0,51.32426,461.0585,2.8184640000000627
New_York,0.1,Peak-aware,Greedy,41,11.002767,28.32851,100.0,53.34798,454.51163,2.8184640000000627
New_York,0.1,Peak-aware,Greedy,42,9.3167925,23.833508,100.0,44.607536,403.54907,2.8184640000000627
New_York,0.1,Peak-aware,Greedy,43,11.261887,28.95324,100.0,53.4571,403.42456,2.8184640000000627
New_York,0.1,Peak-aware,Greedy,44,11.446493,29.61696,100.0,56.266735,413.5748,2.8184640000000627
New_York,0.1,Peak-aware,Greedy,45,10.437393,26.627968,100.0,50.917873,372.00052,2.8184640000000627
New_York,0.1,Peak-aware,Greedy,46,10.982501,28.197233,100.0,51.229797,448.28293,2.8184640000000627
New_York,0.1,Peak-aware,Greedy,47,10.474287,26.856747,100.0,50.459446,514.8846,2.8184640000000627
New_York,0.1,Peak-aware,Greedy,48,10.520207,27.057352,100.0,53.206924,408.81134,2.8184640000000627
New_York,0.1,Peak-aware,Greedy,49,12.043922,30.853262,100.0,55.45811,509.02914,2.8184640000000627
New_York,0.1,Peak-aware,Greedy,50,10.938549,28.053564,100.0,50.927303,508.60696,2.8184640000000627
New_York,0.1,Peak-aware,Greedy,51,11.450607,29.392252,100.0,57.442314,409.55887,2.8184640000000627
New_York,0.1,Peak-aware,Greedy,52,10.666017,27.534388,100.0,52.197006,255.62439,2.8184640000000627
New_York,0.1,Peak-aware,Greedy,53,11.354046,29.053875,100.0,56.303093,181.12549,2.8184640000000627
New_York,0.1,Peak-aware,Greedy,54,9.993851,25.790215,100.0,49.077194,516.60803,2.8184640000000627
New_York,0.1,Peak-aware,Greedy,55,10.463558,26.736311,100.0,51.469326,411.5985,2.8184640000000627
New_York,0.1,Peak-aware,Greedy,56,12.67824,32.62694,100.0,62.382576,211.99629,2.8184640000000627
New_York,0.1,Peak-aware,Greedy,57,10.439595,26.686974,100.0,49.90348,502.17963,2.8184640000000627
New_York,0.1,Peak-aware,Greedy,58,11.577915,29.520346,100.0,54.221165,449.5899,2.8184640000000627
New_York,0.1,Peak-aware,Greedy,59,13.449305,34.555607,100.0,64.85204,368.3899,2.8184640000000627
New_York,0.1,Peak-aware,Greedy,60,12.696564,32.801613,100.0,61.357445,407.61176,2.8184640000000627
New_York,0.1,Peak-aware,Greedy,61,9.523348,24.625402,100.0,44.756786,503.19238,2.8184640000000627
New_York,0.1,Peak-aware,Greedy,62,8.908086,22.996845,100.0,39.77297,452.1143,2.8184640000000627
New_York,0.1,Peak-aware,Greedy,63,11.412577,29.215288,100.0,57.17907,353.55405,2.8184640000000627
New_York,0.1,Peak-aware,Greedy,64,12.489372,32.17208,100.0,60.102787,404.5576,2.8184640000000627
New_York,0.1,Peak-aware,Greedy,65,11.743727,30.334232,100.0,59.507984,171.56581,2.8184640000000627
New_York,0.1,Peak-aware,Greedy,66,11.576568,29.709799,100.0,56.36686,211.94049,2.8184640000000627
New_York,0.1,Peak-aware,Greedy,67,10.035019,25.803747,100.0,50.051266,496.22543,2.8184640000000627
New_York,0.1,Peak-aware,Greedy,68,11.800186,30.351772,100.0,54.81572,360.9176,2.8184640000000627
New_York,0.1,Peak-aware,Greedy,69,11.177878,28.829836,100.0,55.560413,266.02606,2.8184640000000627
New_York,0.1,Peak-aware,Greedy,70,13.889205,35.622803,100.0,64.79129,515.12524,2.8184640000000627
New_York,0.1,Peak-aware,Greedy,71,12.480056,32.14067,100.0,57.492657,210.26967,2.8184640000000627
New_York,0.1,Peak-aware,Greedy,72,10.818742,27.680182,100.0,53.57515,454.078,2.8184640000000627
New_York,0.1,Peak-aware,Greedy,73,10.840108,27.856937,100.0,49.573364,508.84845,2.8184640000000627
New_York,0.1,Peak-aware,Greedy,74,13.150596,33.737347,100.0,65.59555,136.53825,2.8184640000000627
New_York,0.1,Peak-aware,Greedy,75,11.322882,29.043303,100.0,54.898212,257.06735,2.8184640000000627
New_York,0.1,Peak-aware,Greedy,76,11.245701,28.840244,100.0,54.45019,505.92133,2.8184640000000627
New_York,0.1,Peak-aware,Greedy,77,12.301899,31.681534,100.0,60.96547,357.98163,2.8184640000000627
New_York,0.1,Peak-aware,Greedy,78,10.602934,27.157396,100.0,54.547943,406.39914,2.8184640000000627
New_York,0.1,Peak-aware,Greedy,79,9.25518,23.859718,100.0,45.48445,455.72202,2.8184640000000627
New_York,0.1,Peak-aware,Greedy,80,12.223218,31.52944,100.0,56.870228,260.6502,2.8184640000000627
New_York,0.1,Peak-aware,Greedy,81,10.527207,27.287727,100.0,49.386246,454.38986,2.8184640000000627
New_York,0.1,Peak-aware,Greedy,82,12.904101,33.163734,100.0,60.332935,223.30394,2.8184640000000627
New_York,0.1,Peak-aware,Greedy,83,10.836221,27.830627,100.0,53.263103,365.50864,2.8184640000000627
New_York,0.1,Peak-aware,Greedy,84,12.704257,32.639427,100.0,60.970257,317.60217,2.8184640000000627
New_York,0.1,Peak-aware,Greedy,85,11.533513,29.72496,100.0,54.649128,225.21616,2.8184640000000627
New_York,0.1,Peak-aware,Greedy,86,9.160679,23.507862,100.0,44.813618,505.12784,2.8184640000000627
New_York,0.1,Peak-aware,Greedy,87,12.300006,31.735811,100.0,58.295403,508.88174,2.8184640000000627
New_York,0.1,Peak-aware,Greedy,88,11.858255,30.771389,100.0,62.413383,365.22397,2.8184640000000627
New_York,0.1,Peak-aware,Greedy,89,12.211714,31.37729,95.0,60.830914,141.31519,2.8184640000000627
New_York,0.1,Peak-aware,Greedy,90,12.214808,31.427242,100.0,57.608395,497.8924,2.8184640000000627
New_York,0.1,Peak-aware,Greedy,91,14.62071,37.631065,100.0,68.93884,496.80347,2.8184640000000627
New_York,0.1,Peak-aware,Greedy,92,11.683767,30.11329,100.0,58.318806,177.57478,2.8184640000000627
New_York,0.1,Peak-aware,Greedy,93,12.610576,32.36518,100.0,59.68449,500.4655,2.8184640000000627
New_York,0.1,Peak-aware,Greedy,94,10.7354355,27.759836,100.0,52.45212,404.88855,2.8184640000000627
New_York,0.1,Peak-aware,Greedy,95,12.413237,31.968872,100.0,61.24526,353.31223,2.8184640000000627
New_York,0.1,Peak-aware,Greedy,96,11.169698,28.708427,100.0,51.410892,225.38058,2.8184640000000627
New_York,0.1,Peak-aware,Greedy,97,12.806766,32.846973,100.0,63.116943,500.84146,2.8184640000000627
New_York,0.1,Peak-aware,Greedy,98,10.816833,27.831314,100.0,51.66343,214.74326,2.8184640000000627
New_York,0.1,Peak-aware,Greedy,99,10.468225,26.774424,100.0,52.303078,462.38342,2.8184640000000627
New_York,0.25,Off-peak,DVNDA,0,8.965608,23.040134,100.0,39.922955,482.67392,76.30710099999988
New_York,0.25,Off-peak,DVNDA,1,10.909062,27.947857,100.0,49.625523,483.98352,76.30710099999988
New_York,0.25,Off-peak,DVNDA,2,12.312348,31.65465,100.0,56.187374,497.1473,76.30710099999988
New_York,0.25,Off-peak,DVNDA,3,10.004171,25.677013,100.0,44.53499,483.151,76.30710099999988
New_York,0.25,Off-peak,DVNDA,4,10.183132,26.013945,100.0,47.182217,509.87613,76.30710099999988
New_York,0.25,Off-peak,DVNDA,5,10.691442,27.35281,100.0,46.94772,484.04886,76.30710099999988
New_York,0.25,Off-peak,DVNDA,6,10.525039,26.72947,100.0,48.64412,483.09564,76.30710099999988
New_York,0.25,Off-peak,DVNDA,7,8.457783,21.679394,100.0,38.608448,506.31665,76.30710099999988
New_York,0.25,Off-peak,DVNDA,8,11.269509,28.951052,100.0,50.40277,513.7981,76.30710099999988
New_York,0.25,Off-peak,DVNDA,9,12.835354,33.32235,100.0,58.041283,496.0114,76.30710099999988
New_York,0.25,Off-peak,DVNDA,10,9.819945,25.101048,100.0,44.549633,483.22318,76.30710099999988
New_York,0.25,Off-peak,DVNDA,11,12.453449,31.960964,100.0,55.85557,485.11615,76.30710099999988
New_York,0.25,Off-peak,DVNDA,12,10.979399,28.174995,100.0,50.03605,483.42368,76.30710099999988
New_York,0.25,Off-peak,DVNDA,13,10.940871,28.120985,100.0,51.02329,507.40472,76.30710099999988
New_York,0.25,Off-peak,DVNDA,14,10.740331,27.64035,100.0,46.801216,501.3805,76.30710099999988
New_York,0.25,Off-peak,DVNDA,15,9.532628,24.503042,100.0,44.765606,497.2144,76.30710099999988
New_York,0.25,Off-peak,DVNDA,16,8.609736,22.068678,100.0,40.719715,522.7605,76.30710099999988
New_York,0.25,Off-peak,DVNDA,17,10.061803,25.786875,100.0,44.367565,483.0174,76.30710099999988
New_York,0.25,Off-peak,DVNDA,18,10.995787,28.1931,100.0,51.05482,507.3943,76.30710099999988
New_York,0.25,Off-peak,DVNDA,19,9.808257,25.20262,100.0,45.646717,506.24142,76.30710099999988
New_York,0.25,Off-peak,DVNDA,20,10.178481,25.960804,100.0,47.050407,510.75342,76.30710099999988
New_York,0.25,Off-peak,DVNDA,21,13.220274,33.794353,100.0,59.70785,514.06635,76.30710099999988
New_York,0.25,Off-peak,DVNDA,22,11.2,28.877125,100.0,50.30886,508.57196,76.30710099999988
New_York,0.25,Off-peak,DVNDA,23,10.435338,26.858791,100.0,46.917427,483.25116,76.30710099999988
New_York,0.25,Off-peak,DVNDA,24,11.474468,29.58519,100.0,50.830265,485.41083,76.30710099999988
New_York,0.25,Off-peak,DVNDA,25,9.997164,25.53532,100.0,46.26616,508.06863,76.30710099999988
New_York,0.25,Off-peak,DVNDA,26,10.567751,27.118206,100.0,46.455948,506.06992,76.30710099999988
New_York,0.25,Off-peak,DVNDA,27,11.482395,29.396708,100.0,53.076122,483.73495,76.30710099999988
New_York,0.25,Off-peak,DVNDA,28,9.817645,25.303312,100.0,44.301334,483.01862,76.30710099999988
New_York,0.25,Off-peak,DVNDA,29,10.418075,26.619867,100.0,48.587746,483.50516,76.30710099999988
New_York,0.25,Off-peak,DVNDA,30,11.545817,29.730825,100.0,51.024006,483.2333,76.30710099999988
New_York,0.25,Off-peak,DVNDA,31,9.993535,25.674305,100.0,46.736427,494.5886,76.30710099999988
New_York,0.25,Off-peak,DVNDA,32,11.773209,30.09301,100.0,52.25319,484.32712,76.30710099999988
New_York,0.25,Off-peak,DVNDA,33,11.4636755,29.700731,100.0,52.292778,483.3592,76.30710099999988
New_York,0.25,Off-peak,DVNDA,34,11.97828,30.629007,100.0,53.248814,502.50876,76.30710099999988
New_York,0.25,Off-peak,DVNDA,35,11.42371,29.332104,100.0,52.145443,483.18912,76.30710099999988
New_York,0.25,Off-peak,DVNDA,36,10.654868,27.268421,100.0,48.46008,483.07452,76.30710099999988
New_York,0.25,Off-peak,DVNDA,37,12.137716,31.111599,100.0,55.006447,483.2095,76.30710099999988
New_York,0.25,Off-peak,DVNDA,38,10.34291,26.611391,100.0,47.20303,483.0457,76.30710099999988
New_York,0.25,Off-peak,DVNDA,39,9.250954,23.780087,100.0,41.749554,483.1672,76.30710099999988
New_York,0.25,Off-peak,DVNDA,40,9.910941,25.35022,100.0,46.052155,512.10974,76.30710099999988
New_York,0.25,Off-peak,DVNDA,41,12.990121,33.27094,100.0,58.066826,484.3131,76.30710099999988
New_York,0.25,Off-peak,DVNDA,42,10.607304,27.392712,100.0,48.72526,483.24854,76.30710099999988
New_York,0.25,Off-peak,DVNDA,43,12.004578,31.008514,100.0,53.357296,483.93695,76.30710099999988
New_York,0.25,Off-peak,DVNDA,44,12.5928545,32.431553,100.0,57.195187,484.59064,76.30710099999988
New_York,0.25,Off-peak,DVNDA,45,9.953994,25.398907,100.0,46.020866,483.0,76.30710099999988
New_York,0.25,Off-peak,DVNDA,46,9.272339,23.642927,100.0,40.424393,515.1119,76.30710099999988
New_York,0.25,Off-peak,DVNDA,47,9.566705,24.547087,100.0,44.82373,514.8846,76.30710099999988
New_York,0.25,Off-peak,DVNDA,48,11.131894,28.69075,100.0,49.39038,512.9054,76.30710099999988
New_York,0.25,Off-peak,DVNDA,49,12.39606,31.729088,100.0,55.72691,524.9255,76.30710099999988
New_York,0.25,Off-peak,DVNDA,50,11.279315,29.007885,100.0,50.762474,510.9942,76.30710099999988
New_York,0.25,Off-peak,DVNDA,51,10.396318,26.62526,100.0,47.693893,508.84146,76.30710099999988
New_York,0.25,Off-peak,DVNDA,52,9.822691,25.282082,100.0,46.24559,481.75598,76.30710099999988
New_York,0.25,Off-peak,DVNDA,53,10.830819,27.897635,100.0,49.41541,484.31024,76.30710099999988
New_York,0.25,Off-peak,DVNDA,54,10.683798,27.388126,100.0,49.569126,517.9597,76.30710099999988
New_York,0.25,Off-peak,DVNDA,55,10.787413,27.39211,100.0,49.176437,504.80392,76.30710099999988
New_York,0.25,Off-peak,DVNDA,56,10.290504,26.34253,100.0,46.89057,484.00302,76.30710099999988
New_York,0.25,Off-peak,DVNDA,57,10.590094,27.19627,100.0,48.485428,499.93195,76.30710099999988
New_York,0.25,Off-peak,DVNDA,58,10.662829,27.27107,100.0,48.690903,506.21274,76.30710099999988
New_York,0.25,Off-peak,DVNDA,59,11.15918,28.725706,100.0,49.175888,484.92944,76.30710099999988
New_York,0.25,Off-peak,DVNDA,60,12.271907,31.628038,100.0,54.653416,508.02637,76.30710099999988
New_York,0.25,Off-peak,DVNDA,61,9.086138,23.400158,100.0,41.9223,533.90656,76.30710099999988
New_York,0.25,Off-peak,DVNDA,62,9.694063,24.908472,100.0,44.181633,502.31735,76.30710099999988
New_York,0.25,Off-peak,DVNDA,63,11.0918665,28.660341,100.0,49.39132,482.77222,76.30710099999988
New_York,0.25,Off-peak,DVNDA,64,12.178029,31.488586,100.0,54.462513,503.35837,76.30710099999988
New_York,0.25,Off-peak,DVNDA,65,11.377479,29.408592,100.0,52.027832,507.5802,76.30710099999988
New_York,0.25,Off-peak,DVNDA,66,11.120227,28.622932,100.0,50.32891,485.05304,76.30710099999988
New_York,0.25,Off-peak,DVNDA,67,8.452869,21.747997,100.0,38.873398,497.10938,76.30710099999988
New_York,0.25,Off-peak,DVNDA,68,10.358636,26.763346,100.0,45.69503,505.41074,76.30710099999988
New_York,0.25,Off-peak,DVNDA,69,10.782783,27.788568,100.0,49.128544,483.41367,76.30710099999988
New_York,0.25,Off-peak,DVNDA,70,11.825656,30.222538,100.0,53.84101,517.4821,76.30710099999988
New_York,0.25,Off-peak,DVNDA,71,12.106257,31.049637,100.0,55.10739,504.26947,76.30710099999988
New_York,0.25,Off-peak,DVNDA,72,10.780842,27.539894,100.0,49.57728,506.90585,76.30710099999988
New_York,0.25,Off-peak,DVNDA,73,9.488078,24.488207,100.0,43.091385,507.05206,76.30710099999988
New_York,0.25,Off-peak,DVNDA,74,11.101689,28.532698,100.0,52.354527,483.22607,76.30710099999988
New_York,0.25,Off-peak,DVNDA,75,10.234815,26.17424,100.0,46.92769,482.99594,76.30710099999988
New_York,0.25,Off-peak,DVNDA,76,11.7195425,29.969896,100.0,51.81401,501.76044,76.30710099999988
New_York,0.25,Off-peak,DVNDA,77,13.163456,34.03228,100.0,59.534233,484.1113,76.30710099999988
New_York,0.25,Off-peak,DVNDA,78,9.334056,24.042868,100.0,42.848816,484.6246,76.30710099999988
New_York,0.25,Off-peak,DVNDA,79,11.101105,28.551458,100.0,50.77884,516.2045,76.30710099999988
New_York,0.25,Off-peak,DVNDA,80,9.316201,23.943962,100.0,42.18844,483.2044,76.30710099999988
New_York,0.25,Off-peak,DVNDA,81,10.39534,26.748789,100.0,48.3724,483.75888,76.30710099999988
New_York,0.25,Off-peak,DVNDA,82,12.352629,31.817217,100.0,55.203217,485.6068,76.30710099999988
New_York,0.25,Off-peak,DVNDA,83,10.578238,27.049044,100.0,48.35359,483.16968,76.30710099999988
New_York,0.25,Off-peak,DVNDA,84,10.023374,25.89266,100.0,45.052483,483.64587,76.30710099999988
New_York,0.25,Off-peak,DVNDA,85,9.660973,24.898375,100.0,44.035976,508.6814,76.30710099999988
New_York,0.25,Off-peak,DVNDA,86,10.082864,25.962643,100.0,45.476723,507.14807,76.30710099999988
New_York,0.25,Off-peak,DVNDA,87,9.787827,25.225214,100.0,44.37481,509.71527,76.30710099999988
New_York,0.25,Off-peak,DVNDA,88,8.9772,23.191204,100.0,40.965176,482.68274,76.30710099999988
New_York,0.25,Off-peak,DVNDA,89,11.248692,29.057814,100.0,51.621906,514.08795,76.30710099999988
New_York,0.25,Off-peak,DVNDA,90,11.998642,30.894922,100.0,56.028305,499.30957,76.30710099999988
New_York,0.25,Off-peak,DVNDA,91,10.71583,27.530025,100.0,50.42047,494.7207,76.30710099999988
New_York,0.25,Off-peak,DVNDA,92,9.483888,24.41584,100.0,42.782166,496.07803,76.30710099999988
New_York,0.25,Off-peak,DVNDA,93,11.234479,28.860111,100.0,49.456352,501.05872,76.30710099999988
New_York,0.25,Off-peak,DVNDA,94,11.270814,29.002241,100.0,50.52181,503.367,76.30710099999988
New_York,0.25,Off-peak,DVNDA,95,10.095796,25.974775,100.0,46.066734,484.35797,76.30710099999988
New_York,0.25,Off-peak,DVNDA,96,9.855426,25.467072,100.0,43.02694,508.9231,76.30710099999988
New_York,0.25,Off-peak,DVNDA,97,10.220238,26.224634,100.0,46.746223,500.99847,76.30710099999988
New_York,0.25,Off-peak,DVNDA,98,10.335274,26.651709,100.0,47.690586,483.89716,76.30710099999988
New_York,0.25,Off-peak,DVNDA,99,8.285303,21.169096,100.0,37.7647,482.19824,76.30710099999988
New_York,0.25,Off-peak,Greedy,0,10.912386,27.983896,100.0,49.67021,468.00375,3.206446000000085
New_York,0.25,Off-peak,Greedy,1,11.639906,29.784801,100.0,53.617695,465.9372,3.206446000000085
New_York,0.25,Off-peak,Greedy,2,14.827603,38.287285,100.0,67.23493,497.1473,3.206446000000085
New_York,0.25,Off-peak,Greedy,3,11.472462,29.528828,100.0,51.655827,451.04962,3.206446000000085
New_York,0.25,Off-peak,Greedy,4,10.741025,27.411386,100.0,49.716892,511.0337,3.206446000000085
New_York,0.25,Off-peak,Greedy,5,10.7295475,27.523281,100.0,47.230824,456.15463,3.206446000000085
New_York,0.25,Off-peak,Greedy,6,12.483412,31.755577,100.0,58.146656,463.183,3.206446000000085
New_York,0.25,Off-peak,Greedy,7,10.728113,27.537348,100.0,48.39413,497.35205,3.206446000000085
New_York,0.25,Off-peak,Greedy,8,14.387191,37.162952,100.0,63.525936,513.82947,3.206446000000085
New_York,0.25,Off-peak,Greedy,9,13.010005,33.738476,100.0,60.465298,494.72012,3.206446000000085
New_York,0.25,Off-peak,Greedy,10,10.2707405,26.196127,100.0,46.473248,460.96518,3.206446000000085
New_York,0.25,Off-peak,Greedy,11,14.911089,38.38268,100.0,66.090805,457.4256,3.206446000000085
New_York,0.25,Off-peak,Greedy,12,11.106178,28.45352,100.0,51.103836,417.8429,3.206446000000085
New_York,0.25,Off-peak,Greedy,13,13.286366,34.106457,100.0,62.00276,507.72452,3.206446000000085
New_York,0.25,Off-peak,Greedy,14,12.896849,33.164223,100.0,56.35175,501.38043,3.206446000000085
New_York,0.25,Off-peak,Greedy,15,11.461053,29.366463,100.0,53.003574,499.37747,3.206446000000085
New_York,0.25,Off-peak,Greedy,16,10.596372,27.209381,100.0,49.88787,509.93878,3.206446000000085
New_York,0.25,Off-peak,Greedy,17,11.808803,30.430542,100.0,52.620316,453.78888,3.206446000000085
New_York,0.25,Off-peak,Greedy,18,12.483616,32.273045,100.0,56.25897,507.81693,3.206446000000085
New_York,0.25,Off-peak,Greedy,19,10.325155,26.606995,100.0,47.60548,508.14102,3.206446000000085
New_York,0.25,Off-peak,Greedy,20,11.015474,28.180113,100.0,50.843185,511.80347,3.206446000000085
New_York,0.25,Off-peak,Greedy,21,13.231325,33.876656,100.0,59.659966,513.74133,3.206446000000085
New_York,0.25,Off-peak,Greedy,22,11.261084,29.026312,100.0,50.630676,508.57196,3.206446000000085
New_York,0.25,Off-peak,Greedy,23,12.293017,31.641285,100.0,55.334667,404.71252,3.206446000000085
New_York,0.25,Off-peak,Greedy,24,12.487043,32.120083,100.0,55.02079,458.20602,3.206446000000085
New_York,0.25,Off-peak,Greedy,25,11.503982,29.47706,100.0,53.134007,507.3988,3.206446000000085
New_York,0.25,Off-peak,Greedy,26,11.837697,30.19155,100.0,52.65047,507.09744,3.206446000000085
New_York,0.25,Off-peak,Greedy,27,11.372214,29.32101,100.0,52.411724,447.59592,3.206446000000085
New_York,0.25,Off-peak,Greedy,28,11.973725,30.930666,100.0,54.4077,352.93713,3.206446000000085
New_York,0.25,Off-peak,Greedy,29,11.198581,28.710714,100.0,52.48026,453.4599,3.206446000000085
New_York,0.25,Off-peak,Greedy,30,12.904427,33.415295,100.0,55.78779,463.6947,3.206446000000085
New_York,0.25,Off-peak,Greedy,31,11.622289,29.850277,100.0,53.32326,495.30795,3.206446000000085
New_York,0.25,Off-peak,Greedy,32,12.8920765,33.048523,100.0,57.252087,368.95328,3.206446000000085
New_York,0.25,Off-peak,Greedy,33,13.1479225,33.830696,100.0,59.529137,468.68015,3.206446000000085
New_York,0.25,Off-peak,Greedy,34,11.23693,28.62314,100.0,51.125637,502.31207,3.206446000000085
New_York,0.25,Off-peak,Greedy,35,12.12581,31.320103,100.0,54.99755,462.73126,3.206446000000085
New_York,0.25,Off-peak,Greedy,36,13.630576,34.94332,100.0,62.06936,467.5172,3.206446000000085
New_York,0.25,Off-peak,Greedy,37,11.295342,28.81773,100.0,51.764282,405.0819,3.206446000000085
New_York,0.25,Off-peak,Greedy,38,10.728182,27.642925,100.0,48.882298,316.3668,3.206446000000085
New_York,0.25,Off-peak,Greedy,39,11.010515,28.401136,100.0,50.07801,353.83344,3.206446000000085
New_York,0.25,Off-peak,Greedy,40,13.270955,33.897552,100.0,61.780308,512.10974,3.206446000000085
New_York,0.25,Off-peak,Greedy,41,13.742552,35.206177,100.0,61.943478,454.47983,3.206446000000085
New_York,0.25,Off-peak,Greedy,42,10.646219,27.352058,100.0,48.36097,402.13553,3.206446000000085
New_York,0.25,Off-peak,Greedy,43,12.670385,32.667053,100.0,55.82898,467.12027,3.206446000000085
New_York,0.25,Off-peak,Greedy,44,11.851738,30.58431,100.0,54.177456,411.6726,3.206446000000085
New_York,0.25,Off-peak,Greedy,45,10.27635,26.369844,100.0,47.236683,369.36368,3.206446000000085
New_York,0.25,Off-peak,Greedy,46,11.688755,30.089024,100.0,51.272564,516.86346,3.206446000000085
New_York,0.25,Off-peak,Greedy,47,10.699867,27.452543,100.0,49.532837,514.8846,3.206446000000085
New_York,0.25,Off-peak,Greedy,48,11.98101,30.882559,100.0,54.056732,514.37036,3.206446000000085
New_York,0.25,Off-peak,Greedy,49,12.400745,31.844412,100.0,55.30678,508.85852,3.206446000000085
New_York,0.25,Off-peak,Greedy,50,11.142443,28.530956,100.0,50.68982,508.30576,3.206446000000085
New_York,0.25,Off-peak,Greedy,51,10.865632,27.80483,100.0,49.550686,508.872,3.206446000000085
New_York,0.25,Off-peak,Greedy,52,11.177472,28.642756,100.0,51.620716,255.62439,3.206446000000085
New_York,0.25,Off-peak,Greedy,53,11.394213,29.105986,100.0,52.084,450.58463,3.206446000000085
New_York,0.25,Off-peak,Greedy,54,10.849382,27.920263,100.0,49.345203,516.4655,3.206446000000085
New_York,0.25,Off-peak,Greedy,55,11.167634,28.498634,100.0,50.648132,504.60773,3.206446000000085
New_York,0.25,Off-peak,Greedy,56,14.188578,36.60486,100.0,63.68312,453.78625,3.206446000000085
New_York,0.25,Off-peak,Greedy,57,12.778298,32.68046,100.0,57.902176,499.6452,3.206446000000085
New_York,0.25,Off-peak,Greedy,58,12.238847,31.262884,100.0,56.34803,508.90778,3.206446000000085
New_York,0.25,Off-peak,Greedy,59,13.39098,34.44719,100.0,59.914387,452.33014,3.206446000000085
New_York,0.25,Off-peak,Greedy,60,13.01068,33.650806,100.0,57.270615,507.58603,3.206446000000085
New_York,0.25,Off-peak,Greedy,61,10.83091,27.808434,100.0,49.708344,513.6694,3.206446000000085
New_York,0.25,Off-peak,Greedy,62,10.286302,26.614832,100.0,45.896393,502.31735,3.206446000000085
New_York,0.25,Off-peak,Greedy,63,11.091753,28.434141,100.0,49.78103,358.81665,3.206446000000085
New_York,0.25,Off-peak,Greedy,64,12.532847,32.345688,100.0,56.179974,503.35837,3.206446000000085
New_York,0.25,Off-peak,Greedy,65,13.385677,34.553585,100.0,60.14363,506.79468,3.206446000000085
New_York,0.25,Off-peak,Greedy,66,12.170463,31.21385,100.0,55.103607,371.77094,3.206446000000085
New_York,0.25,Off-peak,Greedy,67,11.624112,29.799147,100.0,53.723248,496.1364,3.206446000000085
New_York,0.25,Off-peak,Greedy,68,12.231508,31.489262,100.0,53.921124,505.41074,3.206446000000085
New_York,0.25,Off-peak,Greedy,69,12.300911,31.761568,100.0,57.553932,418.34586,3.206446000000085
New_York,0.25,Off-peak,Greedy,70,14.371981,36.7749,100.0,64.36042,516.505,3.206446000000085
New_York,0.25,Off-peak,Greedy,71,13.547409,34.94268,100.0,61.535526,503.79456,3.206446000000085
New_York,0.25,Off-peak,Greedy,72,10.868942,27.772,100.0,49.431335,504.55936,3.206446000000085
New_York,0.25,Off-peak,Greedy,73,10.220742,26.345697,100.0,45.87442,507.60303,3.206446000000085
New_York,0.25,Off-peak,Greedy,74,13.695089,34.96988,100.0,62.735287,272.48068,3.206446000000085
New_York,0.25,Off-peak,Greedy,75,10.991375,28.196266,100.0,50.080074,258.23358,3.206446000000085
New_York,0.25,Off-peak,Greedy,76,13.133404,33.84631,100.0,57.012913,506.62668,3.206446000000085
New_York,0.25,Off-peak,Greedy,77,12.758823,32.953144,100.0,57.549786,459.1389,3.206446000000085
New_York,0.25,Off-peak,Greedy,78,11.496028,29.523674,100.0,52.810284,405.60684,3.206446000000085
New_York,0.25,Off-peak,Greedy,79,10.72706,27.604053,100.0,48.35143,517.6698,3.206446000000085
New_York,0.25,Off-peak,Greedy,80,12.006913,30.795006,100.0,53.120213,412.2347,3.206446000000085
New_York,0.25,Off-peak,Greedy,81,11.766,30.423344,100.0,53.609905,456.1408,3.206446000000085
New_York,0.25,Off-peak,Greedy,82,14.331109,36.93109,100.0,64.02303,451.27875,3.206446000000085
New_York,0.25,Off-peak,Greedy,83,11.148201,28.598373,100.0,49.819317,418.9414,3.206446000000085
New_York,0.25,Off-peak,Greedy,84,14.156884,36.464985,100.0,62.16848,470.5961,3.206446000000085
New_York,0.25,Off-peak,Greedy,85,13.188218,34.052677,100.0,60.21861,508.84283,3.206446000000085
New_York,0.25,Off-peak,Greedy,86,11.5468025,29.751759,100.0,50.432472,506.4592,3.206446000000085
New_York,0.25,Off-peak,Greedy,87,13.193282,34.008183,100.0,59.502834,509.71527,3.206446000000085
New_York,0.25,Off-peak,Greedy,88,12.685789,32.866096,100.0,58.90797,372.24866,3.206446000000085
New_York,0.25,Off-peak,Greedy,89,11.370547,29.290133,100.0,52.45702,514.5015,3.206446000000085
New_York,0.25,Off-peak,Greedy,90,13.692283,35.13043,100.0,63.104225,499.30957,3.206446000000085
New_York,0.25,Off-peak,Greedy,91,13.081665,33.674408,100.0,61.338753,494.7207,3.206446000000085
New_York,0.25,Off-peak,Greedy,92,13.257991,34.141697,100.0,57.99768,498.37567,3.206446000000085
New_York,0.25,Off-peak,Greedy,93,12.547561,32.266693,100.0,57.134583,498.99695,3.206446000000085
New_York,0.25,Off-peak,Greedy,94,11.919023,30.83043,100.0,52.762814,503.36707,3.206446000000085
New_York,0.25,Off-peak,Greedy,95,12.938974,33.397156,100.0,58.9983,354.12128,3.206446000000085
New_York,0.25,Off-peak,Greedy,96,11.408369,29.399483,100.0,49.7481,510.81973,3.206446000000085
New_York,0.25,Off-peak,Greedy,97,12.808259,32.832382,100.0,59.039677,500.84146,3.206446000000085
New_York,0.25,Off-peak,Greedy,98,10.170961,26.10811,100.0,47.664513,453.92416,3.206446000000085
New_York,0.25,Off-peak,Greedy,99,10.304661,26.339691,100.0,47.037514,462.54626,3.206446000000085
New_York,0.25,Peak-aware,DVNDA,0,8.965608,23.040134,100.0,42.030235,482.67392,81.49884600000007
New_York,0.25,Peak-aware,DVNDA,1,10.922127,27.989532,100.0,52.708393,483.98352,81.49884600000007
New_York,0.25,Peak-aware,DVNDA,2,12.312348,31.65465,100.0,61.460808,497.1473,81.49884600000007
New_York,0.25,Peak-aware,DVNDA,3,10.027016,25.739002,100.0,47.997883,483.151,81.49884600000007
New_York,0.25,Peak-aware,DVNDA,4,10.183132,26.013945,100.0,49.454605,509.87613,81.49884600000007
New_York,0.25,Peak-aware,DVNDA,5,10.691442,27.35281,100.0,49.04257,484.04886,81.49884600000007
New_York,0.25,Peak-aware,DVNDA,6,10.5069475,26.68782,100.0,50.51528,483.09564,81.49884600000007
New_York,0.25,Peak-aware,DVNDA,7,8.460453,21.686945,100.0,44.095257,506.31665,81.49884600000007
New_York,0.25,Peak-aware,DVNDA,8,11.291435,29.013468,100.0,53.801243,513.7981,81.49884600000007
New_York,0.25,Peak-aware,DVNDA,9,12.861958,33.377205,100.0,61.117043,496.0114,81.49884600000007
New_York,0.25,Peak-aware,DVNDA,10,9.804841,25.06232,100.0,46.757584,483.22318,81.49884600000007
New_York,0.25,Peak-aware,DVNDA,11,12.453394,31.960972,100.0,58.846287,485.11615,81.49884600000007
New_York,0.25,Peak-aware,DVNDA,12,10.995267,28.21162,100.0,56.305138,483.42368,81.49884600000007
New_York,0.25,Peak-aware,DVNDA,13,10.940871,28.120985,100.0,52.003212,507.40472,81.49884600000007
New_York,0.25,Peak-aware,DVNDA,14,10.740331,27.64035,100.0,51.433212,501.3805,81.49884600000007
New_York,0.25,Peak-aware,DVNDA,15,9.532628,24.503042,100.0,48.42636,497.2144,81.49884600000007
New_York,0.25,Peak-aware,DVNDA,16,8.609736,22.068678,100.0,42.78098,522.7605,81.49884600000007
New_York,0.25,Peak-aware,DVNDA,17,10.061803,25.786875,100.0,47.536846,483.0174,81.49884600000007
New_York,0.25,Peak-aware,DVNDA,18,11.006548,28.22019,100.0,54.038513,507.3943,81.49884600000007
New_York,0.25,Peak-aware,DVNDA,19,9.808402,25.203001,100.0,49.32715,506.24142,81.49884600000007
New_York,0.25,Peak-aware,DVNDA,20,10.180452,25.964947,100.0,49.5444,510.75342,81.49884600000007
New_York,0.25,Peak-aware,DVNDA,21,13.220274,33.794353,100.0,61.24961,514.06635,81.49884600000007
New_York,0.25,Peak-aware,DVNDA,22,11.2,28.877125,100.0,55.796875,508.57196,81.49884600000007
New_York,0.25,Peak-aware,DVNDA,23,10.435338,26.858791,100.0,49.29502,483.25116,81.49884600000007
New_York,0.25,Peak-aware,DVNDA,24,11.474468,29.58519,100.0,53.690178,485.41083,81.49884600000007
New_York,0.25,Peak-aware,DVNDA,25,9.999921,25.542,100.0,49.072544,508.06863,81.49884600000007
New_York,0.25,Peak-aware,DVNDA,26,10.567751,27.118206,100.0,48.89815,506.06992,81.49884600000007
New_York,0.25,Peak-aware,DVNDA,27,11.490961,29.425917,100.0,55.704952,483.73495,81.49884600000007
New_York,0.25,Peak-aware,DVNDA,28,9.817791,25.30369,100.0,47.14923,483.01862,81.49884600000007
New_York,0.25,Peak-aware,DVNDA,29,10.418075,26.619867,100.0,50.272858,483.50516,81.49884600000007
New_York,0.25,Peak-aware,DVNDA,30,11.536606,29.71601,100.0,56.155323,483.2333,81.49884600000007
New_York,0.25,Peak-aware,DVNDA,31,9.993535,25.674305,100.0,49.794903,494.5886,81.49884600000007
New_York,0.25,Peak-aware,DVNDA,32,11.77518,30.097153,100.0,56.48462,484.32712,81.49884600000007
New_York,0.25,Peak-aware,DVNDA,33,11.471889,29.715168,100.0,54.994278,483.3592,81.49884600000007
New_York,0.25,Peak-aware,DVNDA,34,11.983749,30.648079,100.0,54.808243,502.50876,81.49884600000007
New_York,0.25,Peak-aware,DVNDA,35,11.479083,29.469265,100.0,57.792492,483.18912,81.49884600000007
New_York,0.25,Peak-aware,DVNDA,36,10.502666,26.815628,100.0,51.61111,483.35553,81.49884600000007
New_York,0.25,Peak-aware,DVNDA,37,12.104722,30.92341,100.0,61.27296,483.2095,81.49884600000007
New_York,0.25,Peak-aware,DVNDA,38,10.3472595,26.62335,100.0,50.664127,483.0457,81.49884600000007
New_York,0.25,Peak-aware,DVNDA,39,9.253438,23.786745,100.0,45.15681,483.1672,81.49884600000007
New_York,0.25,Peak-aware,DVNDA,40,9.910941,25.35022,100.0,48.38574,512.10974,81.49884600000007
New_York,0.25,Peak-aware,DVNDA,41,12.992093,33.27508,100.0,59.891624,484.3131,81.49884600000007
New_York,0.25,Peak-aware,DVNDA,42,10.609568,27.392769,100.0,52.24121,483.24854,81.49884600000007
New_York,0.25,Peak-aware,DVNDA,43,11.82531,30.529865,100.0,58.744305,483.93695,81.49884600000007
New_York,0.25,Peak-aware,DVNDA,44,12.590373,32.427605,100.0,62.00338,484.59064,81.49884600000007
New_York,0.25,Peak-aware,DVNDA,45,9.953994,25.398907,100.0,48.769955,483.0,81.49884600000007
New_York,0.25,Peak-aware,DVNDA,46,9.272339,23.642927,100.0,42.11038,515.1119,81.49884600000007
New_York,0.25,Peak-aware,DVNDA,47,9.566705,24.547087,100.0,48.840908,514.8846,81.49884600000007
New_York,0.25,Peak-aware,DVNDA,48,11.173056,28.77909,100.0,52.03988,512.9054,81.49884600000007
New_York,0.25,Peak-aware,DVNDA,49,12.439596,31.80085,100.0,56.757362,524.9255,81.49884600000007
New_York,0.25,Peak-aware,DVNDA,50,11.279315,29.007885,100.0,54.140938,510.9942,81.49884600000007
New_York,0.25,Peak-aware,DVNDA,51,10.401397,26.689964,100.0,50.05206,508.63254,81.49884600000007
New_York,0.25,Peak-aware,DVNDA,52,9.82701,25.299416,100.0,50.35977,481.75598,81.49884600000007
New_York,0.25,Peak-aware,DVNDA,53,10.833782,27.906416,100.0,53.272964,484.31024,81.49884600000007
New_York,0.25,Peak-aware,DVNDA,54,10.702572,27.416197,100.0,52.881317,517.9597,81.49884600000007
New_York,0.25,Peak-aware,DVNDA,55,10.853604,27.686258,100.0,50.703197,503.70456,81.49884600000007
New_York,0.25,Peak-aware,DVNDA,56,10.307621,26.381237,100.0,51.928173,484.00302,81.49884600000007
New_York,0.25,Peak-aware,DVNDA,57,10.57217,27.150743,100.0,52.785183,499.93195,81.49884600000007
New_York,0.25,Peak-aware,DVNDA,58,10.662829,27.27107,100.0,49.505444,506.21274,81.49884600000007
New_York,0.25,Peak-aware,DVNDA,59,11.15918,28.725706,100.0,50.6228,484.92944,81.49884600000007
New_York,0.25,Peak-aware,DVNDA,60,12.259001,31.61495,100.0,58.19263,508.02637,81.49884600000007
New_York,0.25,Peak-aware,DVNDA,61,9.086137,23.400158,100.0,42.868122,533.90656,81.49884600000007
New_York,0.25,Peak-aware,DVNDA,62,9.6653,24.86719,100.0,47.15256,502.31735,81.49884600000007
New_York,0.25,Peak-aware,DVNDA,63,11.096506,28.673716,100.0,54.86499,482.77222,81.49884600000007
New_York,0.25,Peak-aware,DVNDA,64,12.16226,31.44977,100.0,60.166317,503.35837,81.49884600000007
New_York,0.25,Peak-aware,DVNDA,65,11.375327,29.404583,100.0,55.643726,507.5802,81.49884600000007
New_York,0.25,Peak-aware,DVNDA,66,11.122091,28.628231,100.0,52.79741,485.05304,81.49884600000007
New_York,0.25,Peak-aware,DVNDA,67,8.486748,21.831127,100.0,41.877453,497.10938,81.49884600000007
New_York,0.25,Peak-aware,DVNDA,68,10.358581,26.763351,100.0,47.055202,505.41074,81.49884600000007
New_York,0.25,Peak-aware,DVNDA,69,10.764859,27.74304,100.0,51.840675,483.41367,81.49884600000007
New_York,0.25,Peak-aware,DVNDA,70,11.883658,30.369658,100.0,55.87988,517.4821,81.49884600000007
New_York,0.25,Peak-aware,DVNDA,71,12.082242,31.007965,100.0,58.005253,504.26947,81.49884600000007
New_York,0.25,Peak-aware,DVNDA,72,10.780842,27.539894,100.0,51.53085,506.90585,81.49884600000007
New_York,0.25,Peak-aware,DVNDA,73,9.470155,24.442678,100.0,45.104103,507.05206,81.49884600000007
New_York,0.25,Peak-aware,DVNDA,74,11.101689,28.532698,100.0,55.945274,483.22607,81.49884600000007
New_York,0.25,Peak-aware,DVNDA,75,10.236679,26.179539,100.0,50.85003,482.99594,81.49884600000007
New_York,0.25,Peak-aware,DVNDA,76,11.760528,30.058117,100.0,55.24765,501.76044,81.49884600000007
New_York,0.25,Peak-aware,DVNDA,77,13.2189,34.178604,100.0,61.694984,484.1113,81.49884600000007
New_York,0.25,Peak-aware,DVNDA,78,9.336028,24.04701,100.0,46.77908,484.6246,81.49884600000007
New_York,0.25,Peak-aware,DVNDA,79,11.101105,28.551458,100.0,53.609165,516.2045,81.49884600000007
New_York,0.25,Peak-aware,DVNDA,80,9.317299,23.945908,100.0,47.217545,483.2044,81.49884600000007
New_York,0.25,Peak-aware,DVNDA,81,10.430874,26.842497,100.0,52.871372,483.75888,81.49884600000007
New_York,0.25,Peak-aware,DVNDA,82,12.368244,31.864046,100.0,59.070377,485.6068,81.49884600000007
New_York,0.25,Peak-aware,DVNDA,83,10.578238,27.049044,100.0,50.613575,483.16968,81.49884600000007
New_York,0.25,Peak-aware,DVNDA,84,10.023375,25.89266,100.0,46.819454,483.64587,81.49884600000007
New_York,0.25,Peak-aware,DVNDA,85,9.660973,24.898378,100.0,46.06149,508.6814,81.49884600000007
New_York,0.25,Peak-aware,DVNDA,86,10.064941,25.917114,100.0,48.76552,507.14807,81.49884600000007
New_York,0.25,Peak-aware,DVNDA,87,9.789692,25.230513,100.0,48.03686,509.71527,81.49884600000007
New_York,0.25,Peak-aware,DVNDA,88,8.979685,23.197863,100.0,45.64057,482.68274,81.49884600000007
New_York,0.25,Peak-aware,DVNDA,89,11.248692,29.057814,100.0,52.366184,514.08795,81.49884600000007
New_York,0.25,Peak-aware,DVNDA,90,11.998642,30.894922,100.0,58.59184,499.30957,81.49884600000007
New_York,0.25,Peak-aware,DVNDA,91,10.71583,27.530025,100.0,55.00138,494.7207,81.49884600000007
New_York,0.25,Peak-aware,DVNDA,92,9.2955265,23.954517,100.0,46.50051,498.37567,81.49884600000007
New_York,0.25,Peak-aware,DVNDA,93,11.234479,28.860111,100.0,52.425385,501.05872,81.49884600000007
New_York,0.25,Peak-aware,DVNDA,94,11.270814,29.002241,100.0,53.96318,503.367,81.49884600000007
New_York,0.25,Peak-aware,DVNDA,95,10.095796,25.974775,100.0,50.370472,484.35797,81.49884600000007
New_York,0.25,Peak-aware,DVNDA,96,9.858181,25.47375,100.0,48.634693,508.9231,81.49884600000007
New_York,0.25,Peak-aware,DVNDA,97,10.224234,26.234024,100.0,48.573055,500.99847,81.49884600000007
New_York,0.25,Peak-aware,DVNDA,98,10.335274,26.65171,100.0,49.310474,483.89716,81.49884600000007
New_York,0.25,Peak-aware,DVNDA,99,8.287789,21.175755,100.0,40.945213,482.19824,81.49884600000007
New_York,0.25,Peak-aware,Greedy,0,10.914539,27.990612,100.0,52.33435,468.00375,3.4427709999999934
New_York,0.25,Peak-aware,Greedy,1,11.641771,29.790102,100.0,57.389297,465.9372,3.4427709999999934
New_York,0.25,Peak-aware,Greedy,2,14.827603,38.287285,100.0,72.256226,497.1473,3.4427709999999934
New_York,0.25,Peak-aware,Greedy,3,11.472462,29.528828,100.0,52.24939,451.04962,3.4427709999999934
New_York,0.25,Peak-aware,Greedy,4,10.742889,27.416685,100.0,52.007088,511.0337,3.4427709999999934
New_York,0.25,Peak-aware,Greedy,5,10.7295475,27.523281,100.0,48.87221,456.15463,3.4427709999999934
New_York,0.25,Peak-aware,Greedy,6,12.483412,31.755577,100.0,59.3559,463.183,3.4427709999999934
New_York,0.25,Peak-aware,Greedy,7,10.730268,27.544062,100.0,51.58944,497.35205,3.4427709999999934
New_York,0.25,Peak-aware,Greedy,8,14.387191,37.162952,100.0,66.58391,513.82947,3.4427709999999934
New_York,0.25,Peak-aware,Greedy,9,13.039364,33.80001,100.0,62.923786,494.72012,3.4427709999999934
New_York,0.25,Peak-aware,Greedy,10,10.260788,26.188925,100.0,48.767693,460.96518,3.4427709999999934
New_York,0.25,Peak-aware,Greedy,11,14.9145,38.391384,100.0,71.84513,457.4256,3.4427709999999934
New_York,0.25,Peak-aware,Greedy,12,11.146003,28.553514,100.0,55.88973,418.24945,3.4427709999999934
New_York,0.25,Peak-aware,Greedy,13,13.288571,34.113014,100.0,63.200394,507.72452,3.4427709999999934
New_York,0.25,Peak-aware,Greedy,14,12.918816,33.21536,100.0,62.061157,501.38043,3.4427709999999934
New_York,0.25,Peak-aware,Greedy,15,11.462917,29.371761,100.0,56.40407,499.37747,3.4427709999999934
New_York,0.25,Peak-aware,Greedy,16,10.596372,27.209381,100.0,50.579723,509.93878,3.4427709999999934
New_York,0.25,Peak-aware,Greedy,17,11.808803,30.430542,100.0,55.722347,453.78888,3.4427709999999934
New_York,0.25,Peak-aware,Greedy,18,12.483616,32.273045,100.0,59.003,507.81693,3.4427709999999934
New_York,0.25,Peak-aware,Greedy,19,10.325155,26.606995,100.0,47.86974,508.14102,3.4427709999999934
New_York,0.25,Peak-aware,Greedy,20,11.037685,28.240265,100.0,52.583286,511.80347,3.4427709999999934
New_York,0.25,Peak-aware,Greedy,21,13.2498255,33.92011,100.0,61.61676,513.74133,3.4427709999999934
New_York,0.25,Peak-aware,Greedy,22,11.261084,29.026312,100.0,55.50368,508.57196,3.4427709999999934
New_York,0.25,Peak-aware,Greedy,23,12.293358,31.642546,100.0,58.796135,407.14926,3.4427709999999934
New_York,0.25,Peak-aware,Greedy,24,12.487043,32.120083,100.0,59.62665,458.20602,3.4427709999999934
New_York,0.25,Peak-aware,Greedy,25,11.499346,29.466393,100.0,55.477314,507.3988,3.4427709999999934
New_York,0.25,Peak-aware,Greedy,26,11.854913,30.23564,100.0,56.60832,507.09744,3.4427709999999934
New_York,0.25,Peak-aware,Greedy,27,11.372214,29.32101,100.0,53.142162,447.59592,3.4427709999999934
New_York,0.25,Peak-aware,Greedy,28,11.955803,30.885138,100.0,56.7109,353.94638,3.4427709999999934
New_York,0.25,Peak-aware,Greedy,29,11.198581,28.710714,100.0,53.663586,453.4599,3.4427709999999934
New_York,0.25,Peak-aware,Greedy,30,12.904427,33.415295,100.0,57.018913,463.6947,3.4427709999999934
New_York,0.25,Peak-aware,Greedy,31,11.610923,29.817118,100.0,54.93655,495.30795,3.4427709999999934
New_York,0.25,Peak-aware,Greedy,32,12.8950405,33.057304,100.0,60.853962,370.06726,3.4427709999999934
New_York,0.25,Peak-aware,Greedy,33,13.150407,33.837357,100.0,62.413944,468.68015,3.4427709999999934
New_York,0.25,Peak-aware,Greedy,34,11.238939,28.62882,100.0,54.010395,502.31207,3.4427709999999934
New_York,0.25,Peak-aware,Greedy,35,12.107887,31.274574,100.0,59.79451,462.73126,3.4427709999999934
New_York,0.25,Peak-aware,Greedy,36,13.617713,34.947697,100.0,65.45713,467.5172,3.4427709999999934
New_York,0.25,Peak-aware,Greedy,37,11.295342,28.81773,100.0,55.32895,406.38696,3.4427709999999934
New_York,0.25,Peak-aware,Greedy,38,10.728182,27.642925,100.0,50.483185,317.15277,3.4427709999999934
New_York,0.25,Peak-aware,Greedy,39,10.973434,28.308311,100.0,54.42283,355.81522,3.4427709999999934
New_York,0.25,Peak-aware,Greedy,40,13.270955,33.897552,100.0,61.780308,512.10974,3.4427709999999934
New_York,0.25,Peak-aware,Greedy,41,13.744815,35.206238,100.0,63.325066,454.47983,3.4427709999999934
New_York,0.25,Peak-aware,Greedy,42,10.648084,27.357357,100.0,51.30557,403.54907,3.4427709999999934
New_York,0.25,Peak-aware,Greedy,43,12.649919,32.63165,100.0,58.58903,467.12027,3.4427709999999934
New_York,0.25,Peak-aware,Greedy,44,11.851738,30.58431,100.0,56.93553,412.66446,3.4427709999999934
New_York,0.25,Peak-aware,Greedy,45,10.274232,26.365091,100.0,52.07582,370.8962,3.4427709999999934
New_York,0.25,Peak-aware,Greedy,46,11.688755,30.089024,100.0,51.272564,516.86346,3.4427709999999934
New_York,0.25,Peak-aware,Greedy,47,10.699867,27.452543,100.0,51.469517,514.8846,3.4427709999999934
New_York,0.25,Peak-aware,Greedy,48,12.003221,30.94271,100.0,58.758633,514.37036,3.4427709999999934
New_York,0.25,Peak-aware,Greedy,49,12.403229,31.8511,100.0,57.543922,508.85852,3.4427709999999934
New_York,0.25,Peak-aware,Greedy,50,11.142443,28.530956,100.0,52.07967,508.30576,3.4427709999999934
New_York,0.25,Peak-aware,Greedy,51,10.882674,27.847597,100.0,53.37345,508.872,3.4427709999999934
New_York,0.25,Peak-aware,Greedy,52,11.180486,28.650265,100.0,53.818924,255.62439,3.4427709999999934
New_York,0.25,Peak-aware,Greedy,53,11.396696,29.112677,100.0,54.540665,450.58463,3.4427709999999934
New_York,0.25,Peak-aware,Greedy,54,10.852013,27.927303,100.0,53.15007,516.4655,3.4427709999999934
New_York,0.25,Peak-aware,Greedy,55,11.177775,28.524364,100.0,52.669693,504.60773,3.4427709999999934
New_York,0.25,Peak-aware,Greedy,56,14.188944,36.606762,100.0,66.94038,453.78625,3.4427709999999934
New_York,0.25,Peak-aware,Greedy,57,12.760375,32.634933,100.0,62.32685,499.6452,3.4427709999999934
New_York,0.25,Peak-aware,Greedy,58,12.238847,31.262884,100.0,56.34803,508.90778,3.4427709999999934
New_York,0.25,Peak-aware,Greedy,59,13.323222,34.26458,100.0,63.567623,452.33014,3.4427709999999934
New_York,0.25,Peak-aware,Greedy,60,13.01068,33.650806,100.0,60.69508,507.58603,3.4427709999999934
New_York,0.25,Peak-aware,Greedy,61,10.83091,27.808434,100.0,49.708344,513.6694,3.4427709999999934
New_York,0.25,Peak-aware,Greedy,62,10.288565,26.614891,100.0,47.383522,502.31735,3.4427709999999934
New_York,0.25,Peak-aware,Greedy,63,11.110272,28.48554,100.0,54.54195,360.14258,3.4427709999999934
New_York,0.25,Peak-aware,Greedy,64,12.537486,32.359062,100.0,60.77729,503.35837,3.4427709999999934
New_York,0.25,Peak-aware,Greedy,65,13.381042,34.542915,100.0,63.629574,506.79468,3.4427709999999934
New_York,0.25,Peak-aware,Greedy,66,12.116858,31.062702,100.0,57.592133,374.2595,3.4427709999999934
New_York,0.25,Peak-aware,Greedy,67,11.65799,29.882275,100.0,58.934933,496.1364,3.4427709999999934
New_York,0.25,Peak-aware,Greedy,68,12.2985735,31.705238,100.0,56.480434,505.41074,3.4427709999999934
New_York,0.25,Peak-aware,Greedy,69,12.296275,31.7509,100.0,60.38153,419.004,3.4427709999999934
New_York,0.25,Peak-aware,Greedy,70,14.429983,36.922016,100.0,66.66856,516.505,3.4427709999999934
New_York,0.25,Peak-aware,Greedy,71,13.520909,34.894352,100.0,63.37615,503.79456,3.4427709999999934
New_York,0.25,Peak-aware,Greedy,72,10.873002,27.781187,100.0,50.877014,504.55936,3.4427709999999934
New_York,0.25,Peak-aware,Greedy,73,10.220742,26.345697,100.0,45.87442,507.60303,3.4427709999999934
New_York,0.25,Peak-aware,Greedy,74,13.534875,34.53881,100.0,66.97199,272.48068,3.4427709999999934
New_York,0.25,Peak-aware,Greedy,75,10.991375,28.196266,100.0,52.57383,258.23358,3.4427709999999934
New_York,0.25,Peak-aware,Greedy,76,13.134051,33.848206,100.0,59.16392,506.62668,3.4427709999999934
New_York,0.25,Peak-aware,Greedy,77,12.758823,32.953144,100.0,59.007454,459.1389,3.4427709999999934
New_York,0.25,Peak-aware,Greedy,78,11.497892,29.528973,100.0,56.430374,408.42245,3.4427709999999934
New_York,0.25,Peak-aware,Greedy,79,10.739932,27.643394,100.0,50.66456,517.6698,3.4427709999999934
New_York,0.25,Peak-aware,Greedy,80,12.006913,30.795006,100.0,57.341537,412.98532,3.4427709999999934
New_York,0.25,Peak-aware,Greedy,81,11.766,30.423344,100.0,56.072525,456.1408,3.4427709999999934
New_York,0.25,Peak-aware,Greedy,82,14.331109,36.93109,100.0,68.535416,451.27875,3.4427709999999934
New_York,0.25,Peak-aware,Greedy,83,11.148201,28.598373,100.0,53.158993,419.42987,3.4427709999999934
New_York,0.25,Peak-aware,Greedy,84,14.138961,36.419456,100.0,62.9828,470.5961,3.4427709999999934
New_York,0.25,Peak-aware,Greedy,85,13.188218,34.052677,100.0,60.90283,508.84283,3.4427709999999934
New_York,0.25,Peak-aware,Greedy,86,11.514237,29.602291,100.0,54.36533,506.4592,3.4427709999999934
New_York,0.25,Peak-aware,Greedy,87,13.195147,34.01348,100.0,61.312096,509.71527,3.4427709999999934
New_York,0.25,Peak-aware,Greedy,88,12.677059,32.852036,100.0,66.523796,373.67917,3.4427709999999934
New_York,0.25,Peak-aware,Greedy,89,11.3659115,29.279465,100.0,55.861416,514.5015,3.4427709999999934
New_York,0.25,Peak-aware,Greedy,90,13.692283,35.13043,100.0,65.25029,499.30957,3.4427709999999934
New_York,0.25,Peak-aware,Greedy,91,13.086699,33.682453,100.0,67.06242,494.7207,3.4427709999999934
New_York,0.25,Peak-aware,Greedy,92,13.257991,34.141697,100.0,61.438465,498.37567,3.4427709999999934
New_York,0.25,Peak-aware,Greedy,93,12.547561,32.266693,100.0,61.852325,498.99695,3.4427709999999934
New_York,0.25,Peak-aware,Greedy,94,11.901099,30.784903,100.0,57.799564,503.36707,3.4427709999999934
New_York,0.25,Peak-aware,Greedy,95,12.940017,33.399105,100.0,62.33563,355.89722,3.4427709999999934
New_York,0.25,Peak-aware,Greedy,96,11.424024,29.43998,100.0,52.310078,510.81973,3.4427709999999934
New_York,0.25,Peak-aware,Greedy,97,12.813227,32.84576,100.0,62.838844,500.84146,3.4427709999999934
New_York,0.25,Peak-aware,Greedy,98,10.166326,26.097443,100.0,49.23847,453.92416,3.4427709999999934
New_York,0.25,Peak-aware,Greedy,99,10.306525,26.34499,100.0,48.408535,462.54626,3.4427709999999934
New_York,0.5,Off-peak,DVNDA,0,10.486875,26.994951,100.0,47.86097,482.67392,74.36732300000017
New_York,0.5,Off-peak,DVNDA,1,10.706479,27.446754,100.0,48.099636,483.98352,74.36732300000017
New_York,0.5,Off-peak,DVNDA,2,13.264503,34.16051,100.0,60.14516,497.1473,74.36732300000017
New_York,0.5,Off-peak,DVNDA,3,11.575715,29.774097,100.0,52.513893,503.50525,74.36732300000017
New_York,0.5,Off-peak,DVNDA,4,10.888446,27.960495,100.0,49.489147,539.97064,74.36732300000017
New_York,0.5,Off-peak,DVNDA,5,11.279888,28.929356,100.0,50.493256,484.04886,74.36732300000017
New_York,0.5,Off-peak,DVNDA,6,11.225682,28.759434,100.0,52.290974,504.61328,74.36732300000017
New_York,0.5,Off-peak,DVNDA,7,9.406769,24.218788,100.0,43.439007,506.81696,74.36732300000017
New_York,0.5,Off-peak,DVNDA,8,11.962562,30.878813,100.0,53.581688,513.44495,74.36732300000017
New_York,0.5,Off-peak,DVNDA,9,13.375202,34.57459,100.0,60.989136,496.0114,74.36732300000017
New_York,0.5,Off-peak,DVNDA,10,11.394698,29.235874,100.0,52.78137,513.4825,74.36732300000017
New_York,0.5,Off-peak,DVNDA,11,13.440045,34.521873,100.0,59.89089,485.11615,74.36732300000017
New_York,0.5,Off-peak,DVNDA,12,12.806238,33.009697,100.0,57.407116,483.81683,74.36732300000017
New_York,0.5,Off-peak,DVNDA,13,12.083879,31.0359,100.0,56.54397,510.35495,74.36732300000017
New_York,0.5,Off-peak,DVNDA,14,11.942998,30.63909,100.0,51.801464,527.86945,74.36732300000017
New_York,0.5,Off-peak,DVNDA,15,10.781808,27.715715,100.0,50.36613,518.05176,74.36732300000017
New_York,0.5,Off-peak,DVNDA,16,9.232997,23.563166,100.0,43.2592,521.1533,74.36732300000017
New_York,0.5,Off-peak,DVNDA,17,12.557828,32.180683,100.0,55.86273,496.94412,74.36732300000017
New_York,0.5,Off-peak,DVNDA,18,13.1718235,33.8907,100.0,61.010136,507.3943,74.36732300000017
New_York,0.5,Off-peak,DVNDA,19,9.928186,25.463497,100.0,46.353474,507.2857,74.36732300000017
New_York,0.5,Off-peak,DVNDA,20,11.959793,30.488554,100.0,55.79676,510.75342,74.36732300000017
New_York,0.5,Off-peak,DVNDA,21,13.53926,34.55795,100.0,61.341133,527.9474,74.36732300000017
New_York,0.5,Off-peak,DVNDA,22,12.919381,33.26552,100.0,57.746918,508.58997,74.36732300000017
New_York,0.5,Off-peak,DVNDA,23,11.418884,29.401632,100.0,52.662655,482.63116,74.36732300000017
New_York,0.5,Off-peak,DVNDA,24,12.462292,32.021,100.0,55.241966,482.95544,74.36732300000017
New_York,0.5,Off-peak,DVNDA,25,11.616549,29.75413,100.0,54.096706,531.4003,74.36732300000017
New_York,0.5,Off-peak,DVNDA,26,10.503055,27.025166,100.0,46.44799,532.95685,74.36732300000017
New_York,0.5,Off-peak,DVNDA,27,12.768584,32.783237,100.0,59.518013,515.6268,74.36732300000017
New_York,0.5,Off-peak,DVNDA,28,10.159329,26.209757,100.0,46.107845,482.81995,74.36732300000017
New_York,0.5,Off-peak,DVNDA,29,10.102232,25.855902,100.0,46.88505,483.50516,74.36732300000017
New_York,0.5,Off-peak,DVNDA,30,11.702396,30.166965,100.0,51.37877,533.611,74.36732300000017
New_York,0.5,Off-peak,DVNDA,31,10.9869795,28.256899,100.0,50.842434,516.72736,74.36732300000017
New_York,0.5,Off-peak,DVNDA,32,12.644221,32.39955,100.0,55.175873,515.0749,74.36732300000017
New_York,0.5,Off-peak,DVNDA,33,12.288902,31.71388,100.0,56.1762,483.55014,74.36732300000017
New_York,0.5,Off-peak,DVNDA,34,13.1569395,33.559982,100.0,59.24555,504.87372,74.36732300000017
New_York,0.5,Off-peak,DVNDA,35,13.1628685,33.80198,100.0,60.273937,512.5133,74.36732300000017
New_York,0.5,Off-peak,DVNDA,36,11.257815,28.775415,100.0,50.378822,483.35553,74.36732300000017
New_York,0.5,Off-peak,DVNDA,37,12.226606,31.244295,100.0,56.492104,515.7179,74.36732300000017
New_York,0.5,Off-peak,DVNDA,38,11.510055,29.67953,100.0,52.004658,483.0457,74.36732300000017
New_York,0.5,Off-peak,DVNDA,39,11.357436,29.250397,100.0,51.016933,483.1672,74.36732300000017
New_York,0.5,Off-peak,DVNDA,40,11.846854,30.30381,100.0,54.330944,544.50665,74.36732300000017
New_York,0.5,Off-peak,DVNDA,41,13.033185,33.448627,100.0,58.045956,501.80164,74.36732300000017
New_York,0.5,Off-peak,DVNDA,42,12.428262,32.047096,100.0,57.128075,483.24515,74.36732300000017
New_York,0.5,Off-peak,DVNDA,43,12.398215,31.879543,100.0,54.91244,498.16165,74.36732300000017
New_York,0.5,Off-peak,DVNDA,44,11.434102,29.537716,100.0,51.42258,515.372,74.36732300000017
New_York,0.5,Off-peak,DVNDA,45,11.860619,30.341599,100.0,54.839165,510.6684,74.36732300000017
New_York,0.5,Off-peak,DVNDA,46,10.34654,26.44592,100.0,45.697483,534.06616,74.36732300000017
New_York,0.5,Off-peak,DVNDA,47,10.223768,26.241062,100.0,48.09385,541.04694,74.36732300000017
New_York,0.5,Off-peak,DVNDA,48,12.751342,32.79641,100.0,57.54947,537.00555,74.36732300000017
New_York,0.5,Off-peak,DVNDA,49,13.137519,33.718575,100.0,58.580597,524.2396,74.36732300000017
New_York,0.5,Off-peak,DVNDA,50,11.68739,29.93573,100.0,54.041195,540.9707,74.36732300000017
New_York,0.5,Off-peak,DVNDA,51,10.704061,27.37305,100.0,48.96814,528.9434,74.36732300000017
New_York,0.5,Off-peak,DVNDA,52,10.20942,26.276659,100.0,48.258793,483.5435,74.36732300000017
New_York,0.5,Off-peak,DVNDA,53,11.78129,30.127487,100.0,53.82067,512.0438,74.36732300000017
New_York,0.5,Off-peak,DVNDA,54,11.336658,29.095364,100.0,51.81656,546.0201,74.36732300000017
New_York,0.5,Off-peak,DVNDA,55,12.470961,31.952324,100.0,55.957897,548.9518,74.36732300000017
New_York,0.5,Off-peak,DVNDA,56,10.087461,25.85588,100.0,45.432903,484.75055,74.36732300000017
New_York,0.5,Off-peak,DVNDA,57,11.116178,28.476562,100.0,50.232197,500.1531,74.36732300000017
New_York,0.5,Off-peak,DVNDA,58,12.493578,31.976946,100.0,57.194847,513.1849,74.36732300000017
New_York,0.5,Off-peak,DVNDA,59,13.189376,33.862797,100.0,57.947987,514.53503,74.36732300000017
New_York,0.5,Off-peak,DVNDA,60,14.301294,36.949776,100.0,63.27952,507.36072,74.36732300000017
New_York,0.5,Off-peak,DVNDA,61,9.944329,25.565493,100.0,45.367416,533.90656,74.36732300000017
New_York,0.5,Off-peak,DVNDA,62,11.193277,28.865679,100.0,51.23286,501.63986,74.36732300000017
New_York,0.5,Off-peak,DVNDA,63,13.407717,34.514603,100.0,60.542515,512.2813,74.36732300000017
New_York,0.5,Off-peak,DVNDA,64,12.253315,31.628033,100.0,55.07905,521.4578,74.36732300000017
New_York,0.5,Off-peak,DVNDA,65,12.365343,31.777054,100.0,55.94195,503.90775,74.36732300000017
New_York,0.5,Off-peak,DVNDA,66,12.702022,32.529404,100.0,58.18891,483.44043,74.36732300000017
New_York,0.5,Off-peak,DVNDA,67,11.483055,29.680193,100.0,52.375862,524.88525,74.36732300000017
New_York,0.5,Off-peak,DVNDA,68,12.104956,31.201906,100.0,53.759342,509.466,74.36732300000017
New_York,0.5,Off-peak,DVNDA,69,10.910577,28.052086,100.0,50.001667,506.41364,74.36732300000017
New_York,0.5,Off-peak,DVNDA,70,12.635104,32.50803,100.0,58.019764,543.43854,74.36732300000017
New_York,0.5,Off-peak,DVNDA,71,11.315722,29.061985,100.0,52.22481,522.61383,74.36732300000017
New_York,0.5,Off-peak,DVNDA,72,11.212645,28.641539,100.0,51.366875,507.04218,74.36732300000017
New_York,0.5,Off-peak,DVNDA,73,9.844762,25.460726,100.0,45.035683,511.69446,74.36732300000017
New_York,0.5,Off-peak,DVNDA,74,11.726691,30.159498,100.0,54.920525,483.98502,74.36732300000017
New_York,0.5,Off-peak,DVNDA,75,11.7724285,30.265602,100.0,54.089787,513.4318,74.36732300000017
New_York,0.5,Off-peak,DVNDA,76,12.634873,32.531036,100.0,57.11838,524.4776,74.36732300000017
New_York,0.5,Off-peak,DVNDA,77,13.4023695,34.481586,100.0,61.365223,512.2995,74.36732300000017
New_York,0.5,Off-peak,DVNDA,78,10.725498,27.541203,100.0,49.043575,510.23312,74.36732300000017
New_York,0.5,Off-peak,DVNDA,79,10.958836,28.06472,100.0,49.818336,516.2045,74.36732300000017
New_York,0.5,Off-peak,DVNDA,80,10.754435,27.809944,100.0,48.56469,534.5839,74.36732300000017
New_York,0.5,Off-peak,DVNDA,81,11.978276,30.793322,100.0,54.877132,482.36716,74.36732300000017
New_York,0.5,Off-peak,DVNDA,82,15.627471,40.220947,100.0,70.54796,499.25433,74.36732300000017
New_York,0.5,Off-peak,DVNDA,83,13.531489,34.676544,100.0,60.574173,514.38025,74.36732300000017
New_York,0.5,Off-peak,DVNDA,84,11.036417,28.34262,100.0,48.923317,539.6903,74.36732300000017
New_York,0.5,Off-peak,DVNDA,85,11.2124605,28.930447,100.0,51.37804,508.6814,74.36732300000017
New_York,0.5,Off-peak,DVNDA,86,12.061175,30.94492,100.0,54.640274,507.14807,74.36732300000017
New_York,0.5,Off-peak,DVNDA,87,12.264384,31.492672,100.0,56.52956,509.5321,74.36732300000017
New_York,0.5,Off-peak,DVNDA,88,11.498192,29.676758,100.0,52.91525,499.2239,74.36732300000017
New_York,0.5,Off-peak,DVNDA,89,11.911823,30.634304,100.0,55.81545,527.2204,74.36732300000017
New_York,0.5,Off-peak,DVNDA,90,10.781156,27.68201,100.0,49.950245,524.3415,74.36732300000017
New_York,0.5,Off-peak,DVNDA,91,11.1153755,28.617458,100.0,52.19616,495.76886,74.36732300000017
New_York,0.5,Off-peak,DVNDA,92,11.354944,29.172014,100.0,50.913475,497.3164,74.36732300000017
New_York,0.5,Off-peak,DVNDA,93,14.324349,36.97609,100.0,63.788975,500.36237,74.36732300000017
New_York,0.5,Off-peak,DVNDA,94,12.580028,32.374516,100.0,56.254578,504.1809,74.36732300000017
New_York,0.5,Off-peak,DVNDA,95,12.322614,31.587772,100.0,56.286045,507.40283,74.36732300000017
New_York,0.5,Off-peak,DVNDA,96,10.784061,27.901155,100.0,48.01722,508.9231,74.36732300000017
New_York,0.5,Off-peak,DVNDA,97,12.202621,31.278782,100.0,56.128418,557.98267,74.36732300000017
New_York,0.5,Off-peak,DVNDA,98,11.593577,29.796133,100.0,53.978546,509.4845,74.36732300000017
New_York,0.5,Off-peak,DVNDA,99,10.297825,26.20576,100.0,47.524345,498.25162,74.36732300000017
New_York,0.5,Off-peak,Greedy,0,12.90253,33.19861,100.0,58.717876,469.10715,3.572964999999897
New_York,0.5,Off-peak,Greedy,1,13.886214,35.59102,100.0,63.45442,466.35352,3.572964999999897
New_York,0.5,Off-peak,Greedy,2,14.525684,37.370106,100.0,67.84567,498.38312,3.572964999999897
New_York,0.5,Off-peak,Greedy,3,12.869977,33.034653,100.0,58.310425,500.264,3.572964999999897
New_York,0.5,Off-peak,Greedy,4,13.071972,33.421505,100.0,59.379513,510.88092,3.572964999999897
New_York,0.5,Off-peak,Greedy,5,12.427223,31.865417,100.0,55.331776,455.0532,3.572964999999897
New_York,0.5,Off-peak,Greedy,6,13.165058,33.618313,100.0,60.19395,506.39447,3.572964999999897
New_York,0.5,Off-peak,Greedy,7,11.380458,29.189234,100.0,52.25395,494.73862,3.572964999999897
New_York,0.5,Off-peak,Greedy,8,15.5673275,40.08423,100.0,68.76226,512.5538,3.572964999999897
New_York,0.5,Off-peak,Greedy,9,14.46103,37.514507,100.0,66.26548,496.0114,3.572964999999897
New_York,0.5,Off-peak,Greedy,10,11.295897,28.876526,100.0,52.29581,514.39075,3.572964999999897
New_York,0.5,Off-peak,Greedy,11,14.393565,36.987488,95.0,63.798244,453.11618,3.572964999999897
New_York,0.5,Off-peak,Greedy,12,13.803589,35.50624,100.0,64.219536,454.3512,3.572964999999897
New_York,0.5,Off-peak,Greedy,13,13.778045,35.431988,100.0,63.50801,510.35495,3.572964999999897
New_York,0.5,Off-peak,Greedy,14,14.486016,37.20793,100.0,63.317352,512.781,3.572964999999897
New_York,0.5,Off-peak,Greedy,15,11.635848,29.809782,100.0,54.476036,499.5259,3.572964999999897
New_York,0.5,Off-peak,Greedy,16,9.8905735,25.474314,100.0,46.468323,509.93878,3.572964999999897
New_York,0.5,Off-peak,Greedy,17,13.654683,35.12247,100.0,60.32918,497.5406,3.572964999999897
New_York,0.5,Off-peak,Greedy,18,15.514394,39.989212,100.0,69.68725,509.4988,3.572964999999897
New_York,0.5,Off-peak,Greedy,19,10.429326,26.752625,100.0,47.36232,507.28564,3.572964999999897
New_York,0.5,Off-peak,Greedy,20,12.199027,31.218456,100.0,56.487186,511.80347,3.572964999999897
New_York,0.5,Off-peak,Greedy,21,16.331182,41.858826,100.0,74.20592,515.14984,3.572964999999897
New_York,0.5,Off-peak,Greedy,22,14.551378,37.408897,100.0,64.42473,513.0189,3.572964999999897
New_York,0.5,Off-peak,Greedy,23,13.452456,34.612934,100.0,60.39772,404.71252,3.572964999999897
New_York,0.5,Off-peak,Greedy,24,14.835007,38.19705,100.0,65.93334,460.29495,3.572964999999897
New_York,0.5,Off-peak,Greedy,25,13.798104,35.25977,100.0,64.36702,506.78564,3.572964999999897
New_York,0.5,Off-peak,Greedy,26,12.661842,32.465927,100.0,55.700897,509.4024,3.572964999999897
New_York,0.5,Off-peak,Greedy,27,13.054135,33.44692,100.0,59.82376,514.2699,3.572964999999897
New_York,0.5,Off-peak,Greedy,28,10.906895,28.138588,100.0,49.454998,456.73544,3.572964999999897
New_York,0.5,Off-peak,Greedy,29,11.613657,29.682192,100.0,54.51588,452.69604,3.572964999999897
New_York,0.5,Off-peak,Greedy,30,16.372355,42.444294,100.0,72.20134,512.20166,3.572964999999897
New_York,0.5,Off-peak,Greedy,31,11.657909,29.973618,95.0,53.66394,494.91412,3.572964999999897
New_York,0.5,Off-peak,Greedy,32,14.378198,36.97726,100.0,63.491932,519.456,3.572964999999897
New_York,0.5,Off-peak,Greedy,33,15.923714,41.013405,100.0,71.37486,467.4084,3.572964999999897
New_York,0.5,Off-peak,Greedy,34,13.117184,33.49979,100.0,59.711838,502.50876,3.572964999999897
New_York,0.5,Off-peak,Greedy,35,13.835015,35.64922,100.0,62.26645,511.57953,3.572964999999897
New_York,0.5,Off-peak,Greedy,36,14.378434,36.837337,100.0,65.786736,468.86716,3.572964999999897
New_York,0.5,Off-peak,Greedy,37,13.352753,34.14438,100.0,61.71849,512.5294,3.572964999999897
New_York,0.5,Off-peak,Greedy,38,13.821207,35.664738,100.0,61.402637,446.33365,3.572964999999897
New_York,0.5,Off-peak,Greedy,39,12.666525,32.583096,100.0,57.031784,361.8151,3.572964999999897
New_York,0.5,Off-peak,Greedy,40,11.27731,28.80942,100.0,52.757698,512.7459,3.572964999999897
New_York,0.5,Off-peak,Greedy,41,15.8616295,40.625652,100.0,71.29476,504.5236,3.572964999999897
New_York,0.5,Off-peak,Greedy,42,14.38748,37.139725,100.0,65.77075,404.45804,3.572964999999897
New_York,0.5,Off-peak,Greedy,43,14.139516,36.409164,100.0,62.778996,495.7965,3.572964999999897
New_York,0.5,Off-peak,Greedy,44,11.902923,30.664312,100.0,53.334015,515.87634,3.572964999999897
New_York,0.5,Off-peak,Greedy,45,12.281559,31.35704,100.0,56.95306,509.96143,3.572964999999897
New_York,0.5,Off-peak,Greedy,46,13.88088,35.72397,100.0,61.31263,516.2695,3.572964999999897
New_York,0.5,Off-peak,Greedy,47,13.16579,33.88647,100.0,61.007755,513.6124,3.572964999999897
New_York,0.5,Off-peak,Greedy,48,13.328983,34.237648,100.0,58.96882,512.70746,3.572964999999897
New_York,0.5,Off-peak,Greedy,49,12.881274,33.01632,100.0,56.85272,507.40363,3.572964999999897
New_York,0.5,Off-peak,Greedy,50,11.134296,28.71756,100.0,50.344856,511.505,3.572964999999897
New_York,0.5,Off-peak,Greedy,51,13.003112,33.333977,100.0,59.94843,509.56512,3.572964999999897
New_York,0.5,Off-peak,Greedy,52,12.488486,32.231956,100.0,58.690155,462.2079,3.572964999999897
New_York,0.5,Off-peak,Greedy,53,13.962684,35.797737,100.0,63.57144,513.6896,3.572964999999897
New_York,0.5,Off-peak,Greedy,54,11.508045,29.676798,100.0,52.1473,515.4286,3.572964999999897
New_York,0.5,Off-peak,Greedy,55,12.41869,31.765154,95.0,56.877693,503.55676,3.572964999999897
New_York,0.5,Off-peak,Greedy,56,15.305793,39.345722,100.0,68.83437,456.48383,3.572964999999897
New_York,0.5,Off-peak,Greedy,57,12.646813,32.323723,100.0,57.81398,499.89282,3.572964999999897
New_York,0.5,Off-peak,Greedy,58,13.620745,34.74299,100.0,61.522312,513.725,3.572964999999897
New_York,0.5,Off-peak,Greedy,59,12.635114,32.416496,100.0,56.483982,512.58734,3.572964999999897
New_York,0.5,Off-peak,Greedy,60,13.797999,35.659912,100.0,60.786488,506.94574,3.572964999999897
New_York,0.5,Off-peak,Greedy,61,10.729233,27.64885,100.0,49.778694,512.7452,3.572964999999897
New_York,0.5,Off-peak,Greedy,62,14.394078,37.17567,100.0,65.016495,503.15265,3.572964999999897
New_York,0.5,Off-peak,Greedy,63,12.469058,31.892189,100.0,56.980347,512.2813,3.572964999999897
New_York,0.5,Off-peak,Greedy,64,12.705214,32.74706,100.0,57.033154,505.1927,3.572964999999897
New_York,0.5,Off-peak,Greedy,65,12.934491,33.437553,100.0,57.499084,503.73532,3.572964999999897
New_York,0.5,Off-peak,Greedy,66,12.756555,32.832317,100.0,58.261913,465.90646,3.572964999999897
New_York,0.5,Off-peak,Greedy,67,11.906812,30.64876,100.0,54.610573,509.32388,3.572964999999897
New_York,0.5,Off-peak,Greedy,68,12.77435,32.965023,100.0,56.784954,507.87604,3.572964999999897
New_York,0.5,Off-peak,Greedy,69,12.69155,32.76113,100.0,58.720684,506.71167,3.572964999999897
New_York,0.5,Off-peak,Greedy,70,14.614156,37.410603,100.0,65.643555,516.4065,3.572964999999897
New_York,0.5,Off-peak,Greedy,71,13.335158,34.354134,100.0,61.61934,504.60577,3.572964999999897
New_York,0.5,Off-peak,Greedy,72,13.514007,34.470623,100.0,62.215805,506.90585,3.572964999999897
New_York,0.5,Off-peak,Greedy,73,11.62435,29.734867,100.0,53.200302,509.97162,3.572964999999897
New_York,0.5,Off-peak,Greedy,74,16.46389,42.18151,100.0,75.342964,448.79318,3.572964999999897
New_York,0.5,Off-peak,Greedy,75,14.135673,36.298798,100.0,64.75143,512.3495,3.572964999999897
New_York,0.5,Off-peak,Greedy,76,14.138747,36.494236,100.0,63.287064,502.12714,3.572964999999897
New_York,0.5,Off-peak,Greedy,77,14.15893,36.51802,100.0,63.185646,513.72766,3.572964999999897
New_York,0.5,Off-peak,Greedy,78,12.366764,31.740517,100.0,56.4993,508.0405,3.572964999999897
New_York,0.5,Off-peak,Greedy,79,12.178472,31.181759,100.0,54.474648,515.1965,3.572964999999897
New_York,0.5,Off-peak,Greedy,80,14.807606,37.99549,100.0,66.50404,513.8475,3.572964999999897
New_York,0.5,Off-peak,Greedy,81,11.329041,29.303886,100.0,52.150826,453.49905,3.572964999999897
New_York,0.5,Off-peak,Greedy,82,16.925762,43.564785,100.0,76.56293,499.25433,3.572964999999897
New_York,0.5,Off-peak,Greedy,83,14.870709,38.129715,100.0,67.4252,500.45264,3.572964999999897
New_York,0.5,Off-peak,Greedy,84,13.753941,35.464417,100.0,60.603424,467.75656,3.572964999999897
New_York,0.5,Off-peak,Greedy,85,13.3647,34.41351,100.0,61.195602,508.84283,3.572964999999897
New_York,0.5,Off-peak,Greedy,86,12.639882,32.483055,100.0,57.06713,507.04297,3.572964999999897
New_York,0.5,Off-peak,Greedy,87,14.919799,38.372402,100.0,66.81597,509.71527,3.572964999999897
New_York,0.5,Off-peak,Greedy,88,13.915062,36.01268,100.0,63.967888,499.6733,3.572964999999897
New_York,0.5,Off-peak,Greedy,89,13.106984,33.77257,100.0,60.195988,515.4635,3.572964999999897
New_York,0.5,Off-peak,Greedy,90,12.772635,32.732567,100.0,59.174706,510.6589,3.572964999999897
New_York,0.5,Off-peak,Greedy,91,15.898735,40.97912,100.0,72.22334,494.51804,3.572964999999897
New_York,0.5,Off-peak,Greedy,92,14.820929,38.099678,100.0,65.48079,499.55304,3.572964999999897
New_York,0.5,Off-peak,Greedy,93,13.38301,34.45351,100.0,59.79761,500.36237,3.572964999999897
New_York,0.5,Off-peak,Greedy,94,12.906644,33.271038,100.0,57.52088,500.73795,3.572964999999897
New_York,0.5,Off-peak,Greedy,95,14.702167,37.933987,100.0,66.43845,505.94604,3.572964999999897
New_York,0.5,Off-peak,Greedy,96,11.67534,29.998257,100.0,50.666626,508.92316,3.572964999999897
New_York,0.5,Off-peak,Greedy,97,13.150097,33.698196,100.0,60.050133,513.78796,3.572964999999897
New_York,0.5,Off-peak,Greedy,98,13.250633,34.115143,100.0,60.674053,508.34454,3.572964999999897
New_York,0.5,Off-peak,Greedy,99,12.442327,31.738098,100.0,57.640495,499.77075,3.572964999999897
New_York,0.5,Peak-aware,DVNDA,0,10.494053,27.015028,100.0,53.422195,482.67392,72.53578199999993
New_York,0.5,Peak-aware,DVNDA,1,10.717363,27.48219,100.0,50.704117,483.98352,72.53578199999993
New_York,0.5,Peak-aware,DVNDA,2,13.266368,34.16581,100.0,66.3089,497.1473,72.53578199999993
New_York,0.5,Peak-aware,DVNDA,3,11.613944,29.87101,100.0,56.432377,503.50525,72.53578199999993
New_York,0.5,Peak-aware,DVNDA,4,10.872786,27.915026,100.0,51.866215,539.97064,72.53578199999993
New_York,0.5,Peak-aware,DVNDA,5,11.280229,28.930614,100.0,54.482994,484.04886,72.53578199999993
New_York,0.5,Peak-aware,DVNDA,6,11.221046,28.748764,100.0,54.905796,504.61328,72.53578199999993
New_York,0.5,Peak-aware,DVNDA,7,9.413843,24.23715,100.0,47.733223,506.81696,72.53578199999993
New_York,0.5,Peak-aware,DVNDA,8,11.944638,30.833282,100.0,57.333553,513.44495,72.53578199999993
New_York,0.5,Peak-aware,DVNDA,9,13.375542,34.575848,100.0,65.355896,496.0114,72.53578199999993
New_York,0.5,Peak-aware,DVNDA,10,11.401513,29.252068,100.0,56.83057,513.4825,72.53578199999993
New_York,0.5,Peak-aware,DVNDA,11,13.447839,34.54473,100.0,64.73839,485.11615,72.53578199999993
New_York,0.5,Peak-aware,DVNDA,12,12.806238,33.009697,100.0,63.22006,483.81683,72.53578199999993
New_York,0.5,Peak-aware,DVNDA,13,12.083879,31.0359,100.0,59.07758,510.35495,72.53578199999993
New_York,0.5,Peak-aware,DVNDA,14,11.944862,30.644388,100.0,56.753994,527.86945,72.53578199999993
New_York,0.5,Peak-aware,DVNDA,15,10.790298,27.751516,100.0,54.821808,518.05176,72.53578199999993
New_York,0.5,Peak-aware,DVNDA,16,9.249014,23.599928,100.0,46.54312,521.1533,72.53578199999993
New_York,0.5,Peak-aware,DVNDA,17,12.573418,32.227776,100.0,60.729706,496.94412,72.53578199999993
New_York,0.5,Peak-aware,DVNDA,18,13.16526,33.87411,100.0,66.28443,507.3943,72.53578199999993
New_York,0.5,Peak-aware,DVNDA,19,9.928186,25.463497,100.0,48.72285,507.2857,72.53578199999993
New_York,0.5,Peak-aware,DVNDA,20,11.962548,30.49523,100.0,60.277355,510.75342,72.53578199999993
New_York,0.5,Peak-aware,DVNDA,21,13.542015,34.56463,100.0,64.090385,527.9474,72.53578199999993
New_York,0.5,Peak-aware,DVNDA,22,12.893337,33.139828,100.0,65.137245,508.58997,72.53578199999993
New_York,0.5,Peak-aware,DVNDA,23,11.422274,29.410147,100.0,56.69865,482.63116,72.53578199999993
New_York,0.5,Peak-aware,DVNDA,24,12.465256,32.029778,100.0,62.19455,482.95544,72.53578199999993
New_York,0.5,Peak-aware,DVNDA,25,11.596745,29.704613,100.0,58.368153,531.4003,72.53578199999993
New_York,0.5,Peak-aware,DVNDA,26,10.511331,27.045597,100.0,48.695435,532.95685,72.53578199999993
New_York,0.5,Peak-aware,DVNDA,27,12.777383,32.814865,100.0,64.68002,515.6268,72.53578199999993
New_York,0.5,Peak-aware,DVNDA,28,10.159329,26.209757,100.0,49.503975,482.81995,72.53578199999993
New_York,0.5,Peak-aware,DVNDA,29,10.104096,25.8612,100.0,50.948032,483.50516,72.53578199999993
New_York,0.5,Peak-aware,DVNDA,30,11.704659,30.167027,100.0,54.48828,533.611,72.53578199999993
New_York,0.5,Peak-aware,DVNDA,31,10.993823,28.272861,100.0,54.356106,516.72736,72.53578199999993
New_York,0.5,Peak-aware,DVNDA,32,12.652378,32.426327,100.0,60.083736,515.0749,72.53578199999993
New_York,0.5,Peak-aware,DVNDA,33,12.273243,31.668411,100.0,60.092712,483.55014,72.53578199999993
New_York,0.5,Peak-aware,DVNDA,34,13.1569395,33.559982,100.0,62.72049,504.87372,72.53578199999993
New_York,0.5,Peak-aware,DVNDA,35,13.152105,33.76531,100.0,65.81653,512.5133,72.53578199999993
New_York,0.5,Peak-aware,DVNDA,36,11.26467,28.808315,100.0,55.385704,483.35553,72.53578199999993
New_York,0.5,Peak-aware,DVNDA,37,12.234091,31.261795,100.0,61.34584,515.7179,72.53578199999993
New_York,0.5,Peak-aware,DVNDA,38,11.510055,29.67953,100.0,56.4538,483.0457,72.53578199999993
New_York,0.5,Peak-aware,DVNDA,39,11.360087,29.262665,100.0,55.41249,483.1672,72.53578199999993
New_York,0.5,Peak-aware,DVNDA,40,11.848097,30.306137,100.0,57.167725,544.50665,72.53578199999993
New_York,0.5,Peak-aware,DVNDA,41,13.035158,33.45277,100.0,61.08302,501.80164,72.53578199999993
New_York,0.5,Peak-aware,DVNDA,42,12.430127,32.052395,100.0,60.23624,483.24515,72.53578199999993
New_York,0.5,Peak-aware,DVNDA,43,12.398385,31.885292,100.0,61.284313,498.16165,72.53578199999993
New_York,0.5,Peak-aware,DVNDA,44,11.488544,29.673267,100.0,55.83422,515.372,72.53578199999993
New_York,0.5,Peak-aware,DVNDA,45,11.821865,30.246883,100.0,60.89628,510.6684,72.53578199999993
New_York,0.5,Peak-aware,DVNDA,46,10.348745,26.452478,100.0,49.89934,534.06616,72.53578199999993
New_York,0.5,Peak-aware,DVNDA,47,10.192524,26.169876,100.0,51.61369,541.04694,72.53578199999993
New_York,0.5,Peak-aware,DVNDA,48,12.751342,32.79641,100.0,59.965443,537.00555,72.53578199999993
New_York,0.5,Peak-aware,DVNDA,49,13.140003,33.725235,100.0,60.338997,524.2396,72.53578199999993
New_York,0.5,Peak-aware,DVNDA,50,11.674679,29.91547,100.0,59.901897,540.9707,72.53578199999993
New_York,0.5,Peak-aware,DVNDA,51,10.731311,27.439623,100.0,53.82935,528.9434,72.53578199999993
New_York,0.5,Peak-aware,DVNDA,52,10.20942,26.276659,100.0,52.00496,483.5435,72.53578199999993
New_York,0.5,Peak-aware,DVNDA,53,11.783569,30.128853,100.0,57.786957,512.0438,72.53578199999993
New_York,0.5,Peak-aware,DVNDA,54,11.3368025,29.095743,100.0,57.25666,546.0201,72.53578199999993
New_York,0.5,Peak-aware,DVNDA,55,12.470961,31.952324,100.0,57.156265,548.9518,72.53578199999993
New_York,0.5,Peak-aware,DVNDA,56,10.089947,25.862541,100.0,48.768646,484.75055,72.53578199999993
New_York,0.5,Peak-aware,DVNDA,57,11.116178,28.47656,100.0,53.51263,500.1531,72.53578199999993
New_York,0.5,Peak-aware,DVNDA,58,12.529434,32.066624,100.0,60.355488,513.1849,72.53578199999993
New_York,0.5,Peak-aware,DVNDA,59,13.191859,33.869457,100.0,61.77623,514.53503,72.53578199999993
New_York,0.5,Peak-aware,DVNDA,60,14.134032,36.502388,100.0,71.11614,507.36072,72.53578199999993
New_York,0.5,Peak-aware,DVNDA,61,9.944329,25.565493,100.0,48.66524,533.90656,72.53578199999993
New_York,0.5,Peak-aware,DVNDA,62,11.19554,28.865738,100.0,54.955894,501.63986,72.53578199999993
New_York,0.5,Peak-aware,DVNDA,63,13.40044,34.516014,100.0,63.82481,512.2813,72.53578199999993
New_York,0.5,Peak-aware,DVNDA,64,12.260159,31.643997,100.0,61.368355,521.4578,72.53578199999993
New_York,0.5,Peak-aware,DVNDA,65,12.368429,31.806152,100.0,62.630447,503.90775,72.53578199999993
New_York,0.5,Peak-aware,DVNDA,66,12.702022,32.529404,100.0,62.45976,483.44043,72.53578199999993
New_York,0.5,Peak-aware,DVNDA,67,11.5169325,29.76332,100.0,56.65825,524.88525,72.53578199999993
New_York,0.5,Peak-aware,DVNDA,68,12.104956,31.201906,100.0,54.747143,509.466,72.53578199999993
New_York,0.5,Peak-aware,DVNDA,69,10.912442,28.057384,100.0,52.953087,506.41364,72.53578199999993
New_York,0.5,Peak-aware,DVNDA,70,12.6375885,32.514687,100.0,61.327606,543.43854,72.53578199999993
New_York,0.5,Peak-aware,DVNDA,71,11.315722,29.061985,100.0,54.134644,522.61383,72.53578199999993
New_York,0.5,Peak-aware,DVNDA,72,11.215609,28.650318,100.0,53.919144,507.04218,72.53578199999993
New_York,0.5,Peak-aware,DVNDA,73,9.826839,25.415197,100.0,49.182396,511.69446,72.53578199999993
New_York,0.5,Peak-aware,DVNDA,74,11.708769,30.11397,100.0,58.415245,483.98502,72.53578199999993
New_York,0.5,Peak-aware,DVNDA,75,11.75637,30.225372,100.0,59.355534,513.4318,72.53578199999993
New_York,0.5,Peak-aware,DVNDA,76,12.646644,32.562717,100.0,58.850353,524.4776,72.53578199999993
New_York,0.5,Peak-aware,DVNDA,77,13.404855,34.488247,100.0,64.688644,512.2995,72.53578199999993
New_York,0.5,Peak-aware,DVNDA,78,10.725498,27.541203,100.0,52.66265,510.23312,72.53578199999993
New_York,0.5,Peak-aware,DVNDA,79,10.967113,28.085155,100.0,52.78523,516.2045,72.53578199999993
New_York,0.5,Peak-aware,DVNDA,80,10.754435,27.809944,100.0,52.0052,534.5839,72.53578199999993
New_York,0.5,Peak-aware,DVNDA,81,12.0110655,30.889482,100.0,61.89564,482.36716,72.53578199999993
New_York,0.5,Peak-aware,DVNDA,82,15.644729,40.27392,100.0,77.04025,499.25433,72.53578199999993
New_York,0.5,Peak-aware,DVNDA,83,13.5342455,34.683224,100.0,63.35486,514.38025,72.53578199999993
New_York,0.5,Peak-aware,DVNDA,84,11.040767,28.354576,100.0,52.704308,539.6903,72.53578199999993
New_York,0.5,Peak-aware,DVNDA,85,11.2124605,28.930447,100.0,53.76735,508.6814,72.53578199999993
New_York,0.5,Peak-aware,DVNDA,86,12.046216,30.908169,100.0,59.307964,507.14807,72.53578199999993
New_York,0.5,Peak-aware,DVNDA,87,12.266709,31.541004,100.0,62.704933,509.5321,72.53578199999993
New_York,0.5,Peak-aware,DVNDA,88,11.485754,29.649233,100.0,57.29382,499.2239,72.53578199999993
New_York,0.5,Peak-aware,DVNDA,89,11.938427,30.68916,100.0,59.11664,527.2204,72.53578199999993
New_York,0.5,Peak-aware,DVNDA,90,10.781156,27.68201,100.0,53.26911,524.3415,72.53578199999993
New_York,0.5,Peak-aware,DVNDA,91,11.121292,28.631727,100.0,57.51627,495.76886,72.53578199999993
New_York,0.5,Peak-aware,DVNDA,92,11.357161,29.178286,100.0,56.28224,497.3164,72.53578199999993
New_York,0.5,Peak-aware,DVNDA,93,14.324349,36.97609,100.0,69.72098,500.36237,72.53578199999993
New_York,0.5,Peak-aware,DVNDA,94,12.582512,32.381203,100.0,61.46481,504.1809,72.53578199999993
New_York,0.5,Peak-aware,DVNDA,95,12.332814,31.624224,100.0,59.58317,507.40283,72.53578199999993
New_York,0.5,Peak-aware,DVNDA,96,10.784061,27.901155,100.0,53.19722,508.9231,72.53578199999993
New_York,0.5,Peak-aware,DVNDA,97,12.206617,31.288174,100.0,59.525658,557.98267,72.53578199999993
New_York,0.5,Peak-aware,DVNDA,98,11.578383,29.76193,100.0,57.29393,509.4845,72.53578199999993
New_York,0.5,Peak-aware,DVNDA,99,10.297825,26.20576,100.0,50.13411,498.25162,72.53578199999993
New_York,0.5,Peak-aware,Greedy,0,12.9094095,33.216534,100.0,64.63391,469.10715,3.6661929999999643
New_York,0.5,Peak-aware,Greedy,1,13.895441,35.62172,100.0,66.567444,466.35352,3.6661929999999643
New_York,0.5,Peak-aware,Greedy,2,14.529702,37.382122,100.0,74.28419,498.38312,3.6661929999999643
New_York,0.5,Peak-aware,Greedy,3,12.908205,33.13157,100.0,60.970642,500.264,3.6661929999999643
New_York,0.5,Peak-aware,Greedy,4,13.080184,33.43594,100.0,62.304504,510.88092,3.6661929999999643
New_York,0.5,Peak-aware,Greedy,5,12.427223,31.865417,100.0,59.748398,455.0532,3.6661929999999643
New_York,0.5,Peak-aware,Greedy,6,13.167813,33.624992,100.0,61.84796,506.39447,3.6661929999999643
New_York,0.5,Peak-aware,Greedy,7,11.365019,29.150394,100.0,54.93603,494.73862,3.6661929999999643
New_York,0.5,Peak-aware,Greedy,8,15.51625,39.869286,100.0,74.86257,512.5538,3.6661929999999643
New_York,0.5,Peak-aware,Greedy,9,14.487634,37.569363,100.0,71.2504,496.0114,3.6661929999999643
New_York,0.5,Peak-aware,Greedy,10,11.285944,28.869324,100.0,54.575695,514.39075,3.6661929999999643
New_York,0.5,Peak-aware,Greedy,11,14.404678,37.017063,95.0,71.85736,453.11618,3.6661929999999643
New_York,0.5,Peak-aware,Greedy,12,13.805794,35.512802,100.0,69.231735,454.3512,3.6661929999999643
New_York,0.5,Peak-aware,Greedy,13,13.7808,35.438667,100.0,64.84966,510.35495,3.6661929999999643
New_York,0.5,Peak-aware,Greedy,14,14.503899,37.249992,100.0,66.326355,512.781,3.6661929999999643
New_York,0.5,Peak-aware,Greedy,15,11.644846,29.832458,100.0,59.72358,499.5259,3.6661929999999643
New_York,0.5,Peak-aware,Greedy,16,9.8905735,25.474314,100.0,47.05711,509.93878,3.6661929999999643
New_York,0.5,Peak-aware,Greedy,17,13.654683,35.12247,100.0,62.163055,497.5406,3.6661929999999643
New_York,0.5,Peak-aware,Greedy,18,15.564772,40.087997,100.0,74.5722,509.4988,3.6661929999999643
New_York,0.5,Peak-aware,Greedy,19,10.429326,26.752625,100.0,48.157845,507.28564,3.6661929999999643
New_York,0.5,Peak-aware,Greedy,20,12.205872,31.234419,100.0,59.87325,511.80347,3.6661929999999643
New_York,0.5,Peak-aware,Greedy,21,16.36506,41.94195,100.0,77.42528,515.14984,3.6661929999999643
New_York,0.5,Peak-aware,Greedy,22,14.551126,37.409443,100.0,72.3777,513.0189,3.6661929999999643
New_York,0.5,Peak-aware,Greedy,23,13.456185,34.62271,100.0,65.59985,407.14926,3.6661929999999643
New_York,0.5,Peak-aware,Greedy,24,14.786859,38.06842,100.0,73.90843,460.29495,3.6661929999999643
New_York,0.5,Peak-aware,Greedy,25,13.762258,35.168713,100.0,69.38183,506.78564,3.6661929999999643
New_York,0.5,Peak-aware,Greedy,26,12.649484,32.433575,100.0,60.757767,509.4024,3.6661929999999643
New_York,0.5,Peak-aware,Greedy,27,13.060062,33.464478,100.0,63.45318,514.2699,3.6661929999999643
New_York,0.5,Peak-aware,Greedy,28,10.920558,28.141449,100.0,51.782635,456.73544,3.6661929999999643
New_York,0.5,Peak-aware,Greedy,29,11.613657,29.682192,100.0,58.515125,452.69604,3.6661929999999643
New_York,0.5,Peak-aware,Greedy,30,16.372355,42.444294,100.0,76.42614,512.20166,3.6661929999999643
New_York,0.5,Peak-aware,Greedy,31,11.6580105,29.974745,95.0,56.381794,494.91412,3.6661929999999643
New_York,0.5,Peak-aware,Greedy,32,14.378198,36.97726,100.0,68.127975,519.456,3.6661929999999643
New_York,0.5,Peak-aware,Greedy,33,16.001743,41.20222,100.0,76.52939,467.4084,3.6661929999999643
New_York,0.5,Peak-aware,Greedy,34,13.175279,33.658382,100.0,62.10291,502.50876,3.6661929999999643
New_York,0.5,Peak-aware,Greedy,35,13.835015,35.64922,100.0,64.313576,511.57953,3.6661929999999643
New_York,0.5,Peak-aware,Greedy,36,14.397585,36.885063,100.0,73.633255,468.86716,3.6661929999999643
New_York,0.5,Peak-aware,Greedy,37,13.347237,34.141464,100.0,67.47921,512.5294,3.6661929999999643
New_York,0.5,Peak-aware,Greedy,38,13.823072,35.670036,100.0,68.048485,446.33365,3.6661929999999643
New_York,0.5,Peak-aware,Greedy,39,12.624808,32.479603,100.0,63.606277,363.16156,3.6661929999999643
New_York,0.5,Peak-aware,Greedy,40,11.278408,28.811365,100.0,54.041992,512.7459,3.6661929999999643
New_York,0.5,Peak-aware,Greedy,41,15.925976,40.789642,100.0,73.21203,504.5236,3.6661929999999643
New_York,0.5,Peak-aware,Greedy,42,14.389345,37.145023,100.0,72.34475,406.69656,3.6661929999999643
New_York,0.5,Peak-aware,Greedy,43,14.159099,36.48127,100.0,70.26043,495.7965,3.6661929999999643
New_York,0.5,Peak-aware,Greedy,44,11.925134,30.724464,100.0,57.52304,515.87634,3.6661929999999643
New_York,0.5,Peak-aware,Greedy,45,12.282405,31.361065,100.0,63.546227,509.96143,3.6661929999999643
New_York,0.5,Peak-aware,Greedy,46,13.867552,35.695065,100.0,64.02074,516.2695,3.6661929999999643
New_York,0.5,Peak-aware,Greedy,47,13.168053,33.886528,100.0,64.70354,513.6124,3.6661929999999643
New_York,0.5,Peak-aware,Greedy,48,13.328983,34.237648,100.0,62.73711,512.70746,3.6661929999999643
New_York,0.5,Peak-aware,Greedy,49,12.883759,33.02298,100.0,58.530293,507.40363,3.6661929999999643
New_York,0.5,Peak-aware,Greedy,50,11.134944,28.71946,100.0,53.098713,511.505,3.6661929999999643
New_York,0.5,Peak-aware,Greedy,51,13.004976,33.339275,100.0,63.09396,509.56512,3.6661929999999643
New_York,0.5,Peak-aware,Greedy,52,12.488486,32.231956,100.0,63.764732,462.2079,3.6661929999999643
New_York,0.5,Peak-aware,Greedy,53,14.003845,35.886078,100.0,66.5034,513.6896,3.6661929999999643
New_York,0.5,Peak-aware,Greedy,54,11.571501,29.839409,100.0,58.138042,515.4286,3.6661929999999643
New_York,0.5,Peak-aware,Greedy,55,12.431036,31.797445,95.0,59.909554,503.55676,3.6661929999999643
New_York,0.5,Peak-aware,Greedy,56,15.308277,39.35238,100.0,72.358475,456.48383,3.6661929999999643
New_York,0.5,Peak-aware,Greedy,57,12.646813,32.323723,100.0,60.71372,499.89282,3.6661929999999643
New_York,0.5,Peak-aware,Greedy,58,13.622609,34.748287,100.0,64.67193,513.725,3.6661929999999643
New_York,0.5,Peak-aware,Greedy,59,12.635114,32.416496,100.0,59.329525,512.58734,3.6661929999999643
New_York,0.5,Peak-aware,Greedy,60,14.277986,36.911465,100.0,68.55969,506.94574,3.6661929999999643
New_York,0.5,Peak-aware,Greedy,61,10.729233,27.64885,100.0,52.152267,512.7452,3.6661929999999643
New_York,0.5,Peak-aware,Greedy,62,14.396284,37.182228,100.0,68.81069,503.15265,3.6661929999999643
New_York,0.5,Peak-aware,Greedy,63,12.474237,31.907238,100.0,59.184093,512.2813,3.6661929999999643
New_York,0.5,Peak-aware,Greedy,64,12.688028,32.702164,100.0,61.89742,505.1927,3.6661929999999643
New_York,0.5,Peak-aware,Greedy,65,12.927459,33.432945,100.0,65.44416,503.73532,3.6661929999999643
New_York,0.5,Peak-aware,Greedy,66,12.689821,32.660572,100.0,60.721306,465.90646,3.6661929999999643
New_York,0.5,Peak-aware,Greedy,67,11.94069,30.731888,100.0,57.106937,509.32388,3.6661929999999643
New_York,0.5,Peak-aware,Greedy,68,12.841416,33.181,100.0,59.39074,507.87604,3.6661929999999643
New_York,0.5,Peak-aware,Greedy,69,12.678222,32.732224,100.0,62.519882,506.71167,3.6661929999999643
New_York,0.5,Peak-aware,Greedy,70,14.604683,37.410767,100.0,69.57339,516.4065,3.6661929999999643
New_York,0.5,Peak-aware,Greedy,71,13.335158,34.354134,100.0,63.46065,504.60577,3.6661929999999643
New_York,0.5,Peak-aware,Greedy,72,13.514007,34.470623,100.0,63.8208,506.90585,3.6661929999999643
New_York,0.5,Peak-aware,Greedy,73,11.62435,29.734867,100.0,55.031548,509.97162,3.6661929999999643
New_York,0.5,Peak-aware,Greedy,74,16.294956,41.73223,100.0,84.06715,448.79318,3.6661929999999643
New_York,0.5,Peak-aware,Greedy,75,14.195938,36.445976,100.0,69.14979,512.3495,3.6661929999999643
New_York,0.5,Peak-aware,Greedy,76,14.139395,36.49613,100.0,67.35909,502.12714,3.6661929999999643
New_York,0.5,Peak-aware,Greedy,77,14.13926,36.466465,100.0,66.22431,513.72766,3.6661929999999643
New_York,0.5,Peak-aware,Greedy,78,12.374546,31.760084,100.0,61.491795,508.0405,3.6661929999999643
New_York,0.5,Peak-aware,Greedy,79,12.178812,31.183022,100.0,57.21022,515.1965,3.6661929999999643
New_York,0.5,Peak-aware,Greedy,80,14.838171,38.112705,100.0,70.23772,513.8475,3.6661929999999643
New_York,0.5,Peak-aware,Greedy,81,11.337051,29.325562,100.0,57.223515,453.49905,3.6661929999999643
New_York,0.5,Peak-aware,Greedy,82,16.927626,43.570084,100.0,81.38272,499.25433,3.6661929999999643
New_York,0.5,Peak-aware,Greedy,83,14.870709,38.129715,100.0,68.49094,500.45264,3.6661929999999643
New_York,0.5,Peak-aware,Greedy,84,13.755805,35.469715,100.0,62.04875,467.75656,3.6661929999999643
New_York,0.5,Peak-aware,Greedy,85,13.366963,34.41357,100.0,62.177753,508.84283,3.6661929999999643
New_York,0.5,Peak-aware,Greedy,86,12.642846,32.491837,100.0,60.63536,507.04297,3.6661929999999643
New_York,0.5,Peak-aware,Greedy,87,14.925432,38.38873,100.0,71.81929,509.71527,3.6661929999999643
New_York,0.5,Peak-aware,Greedy,88,13.924581,36.031227,100.0,71.35027,499.6733,3.6661929999999643
New_York,0.5,Peak-aware,Greedy,89,13.130899,33.832245,100.0,63.39846,515.4635,3.6661929999999643
New_York,0.5,Peak-aware,Greedy,90,12.777845,32.74563,100.0,63.084927,510.6589,3.6661929999999643
New_York,0.5,Peak-aware,Greedy,91,15.898735,40.97912,100.0,74.78374,494.51804,3.6661929999999643
New_York,0.5,Peak-aware,Greedy,92,14.820929,38.099678,100.0,72.807556,499.55304,3.6661929999999643
New_York,0.5,Peak-aware,Greedy,93,13.3543215,34.374584,100.0,65.24724,500.36237,3.6661929999999643
New_York,0.5,Peak-aware,Greedy,94,12.898234,33.249023,100.0,63.418064,500.73795,3.6661929999999643
New_York,0.5,Peak-aware,Greedy,95,14.681669,37.887993,100.0,68.89203,505.94604,3.6661929999999643
New_York,0.5,Peak-aware,Greedy,96,11.658913,29.94048,100.0,53.864746,508.92316,3.6661929999999643
New_York,0.5,Peak-aware,Greedy,97,13.150097,33.698196,100.0,62.067825,513.78796,3.6661929999999643
New_York,0.5,Peak-aware,Greedy,98,13.245997,34.104473,100.0,62.93785,508.34454,3.6661929999999643
New_York,0.5,Peak-aware,Greedy,99,12.442327,31.738098,100.0,59.744507,499.77075,3.6661929999999643
New_York,0.75,Off-peak,DVNDA,0,11.027039,28.481472,100.0,49.435913,482.67392,67.08546999999982
New_York,0.75,Off-peak,DVNDA,1,14.099559,36.128517,100.0,64.0937,483.98352,67.08546999999982
New_York,0.75,Off-peak,DVNDA,2,15.173483,39.053776,100.0,69.620476,498.57227,67.08546999999982
New_York,0.75,Off-peak,DVNDA,3,12.004851,30.941298,100.0,54.532898,529.50525,67.08546999999982
New_York,0.75,Off-peak,DVNDA,4,10.564226,27.07247,100.0,48.778744,539.8766,67.08546999999982
New_York,0.75,Off-peak,DVNDA,5,13.224084,33.95632,100.0,58.883087,514.2084,67.08546999999982
New_York,0.75,Off-peak,DVNDA,6,13.356388,34.150333,100.0,61.27668,516.5753,67.08546999999982
New_York,0.75,Off-peak,DVNDA,7,10.517548,26.920835,100.0,47.3974,507.09705,67.08546999999982
New_York,0.75,Off-peak,DVNDA,8,12.841743,33.162804,100.0,57.43749,534.755,67.08546999999982
New_York,0.75,Off-peak,DVNDA,9,13.53018,35.104435,100.0,61.45981,496.5588,67.08546999999982
New_York,0.75,Off-peak,DVNDA,10,11.22054,28.848463,100.0,50.463905,513.4825,67.08546999999982
New_York,0.75,Off-peak,DVNDA,11,15.013164,38.53699,100.0,67.33143,520.05634,67.08546999999982
New_York,0.75,Off-peak,DVNDA,12,13.544321,34.93434,100.0,61.394676,515.11523,67.08546999999982
New_York,0.75,Off-peak,DVNDA,13,12.942948,33.298462,100.0,60.097233,510.43414,67.08546999999982
New_York,0.75,Off-peak,DVNDA,14,12.072436,30.976238,100.0,52.380405,535.5563,67.08546999999982
New_York,0.75,Off-peak,DVNDA,15,11.93431,30.655481,100.0,55.78832,517.696,67.08546999999982
New_York,0.75,Off-peak,DVNDA,16,10.412778,26.486067,100.0,49.032223,510.02124,67.08546999999982
New_York,0.75,Off-peak,DVNDA,17,12.776691,32.731556,100.0,57.20561,497.5406,67.08546999999982
New_York,0.75,Off-peak,DVNDA,18,12.0194645,30.928703,100.0,54.571987,507.3943,67.08546999999982
New_York,0.75,Off-peak,DVNDA,19,12.917338,33.308914,100.0,59.906708,534.7671,67.08546999999982
New_York,0.75,Off-peak,DVNDA,20,13.830037,35.343506,100.0,64.40248,511.80347,67.08546999999982
New_York,0.75,Off-peak,DVNDA,21,15.873636,40.522987,100.0,71.65711,527.9474,67.08546999999982
New_York,0.75,Off-peak,DVNDA,22,15.893816,41.02554,100.0,70.73441,540.22034,67.08546999999982
New_York,0.75,Off-peak,DVNDA,23,12.178493,31.23135,100.0,55.721043,505.13156,67.08546999999982
New_York,0.75,Off-peak,DVNDA,24,14.3628235,36.90514,100.0,64.02194,485.41083,67.08546999999982
New_York,0.75,Off-peak,DVNDA,25,12.907583,32.992325,100.0,59.912766,556.33527,67.08546999999982
New_York,0.75,Off-peak,DVNDA,26,12.813521,32.876644,100.0,56.28116,532.51733,67.08546999999982
New_York,0.75,Off-peak,DVNDA,27,12.885821,33.081112,100.0,60.104584,515.6268,67.08546999999982
New_York,0.75,Off-peak,DVNDA,28,12.43458,32.090397,100.0,55.83537,515.01135,67.08546999999982
New_York,0.75,Off-peak,DVNDA,29,12.466298,32.073784,100.0,58.43952,506.82867,67.08546999999982
New_York,0.75,Off-peak,DVNDA,30,11.635321,30.060732,100.0,50.36713,530.3588,67.08546999999982
New_York,0.75,Off-peak,DVNDA,31,11.83195,30.257193,100.0,55.473747,516.6727,67.08546999999982
New_York,0.75,Off-peak,DVNDA,32,12.20781,31.358501,100.0,53.791267,540.21375,67.08546999999982
New_York,0.75,Off-peak,DVNDA,33,14.646151,37.806637,100.0,66.831566,484.073,67.08546999999982
New_York,0.75,Off-peak,DVNDA,34,11.917778,30.506073,100.0,53.68039,524.8055,67.08546999999982
New_York,0.75,Off-peak,DVNDA,35,15.003298,38.446365,100.0,68.52504,512.5133,67.08546999999982
New_York,0.75,Off-peak,DVNDA,36,12.007069,30.820126,100.0,54.36348,507.05258,67.08546999999982
New_York,0.75,Off-peak,DVNDA,37,13.453207,34.540985,100.0,61.677155,515.7532,67.08546999999982
New_York,0.75,Off-peak,DVNDA,38,13.321555,34.298576,100.0,59.202377,524.60767,67.08546999999982
New_York,0.75,Off-peak,DVNDA,39,12.607638,32.502438,100.0,56.61006,502.34735,67.08546999999982
New_York,0.75,Off-peak,DVNDA,40,14.298106,36.480473,100.0,66.21438,514.98615,67.08546999999982
New_York,0.75,Off-peak,DVNDA,41,15.919294,40.76958,100.0,71.061424,541.65717,67.08546999999982
New_York,0.75,Off-peak,DVNDA,42,13.848968,35.702496,100.0,62.544643,510.30487,67.08546999999982
New_York,0.75,Off-peak,DVNDA,43,13.824511,35.61826,100.0,60.67386,516.27405,67.08546999999982
New_York,0.75,Off-peak,DVNDA,44,13.356745,34.516376,100.0,60.591805,515.372,67.08546999999982
New_York,0.75,Off-peak,DVNDA,45,11.455961,29.34596,100.0,52.407482,510.6684,67.08546999999982
New_York,0.75,Off-peak,DVNDA,46,13.543129,34.84935,100.0,59.731804,536.75696,67.08546999999982
New_York,0.75,Off-peak,DVNDA,47,11.659433,29.81741,100.0,53.91417,541.04694,67.08546999999982
New_York,0.75,Off-peak,DVNDA,48,13.902809,35.854145,100.0,61.62068,562.3778,67.08546999999982
New_York,0.75,Off-peak,DVNDA,49,15.265703,39.209515,100.0,68.21574,510.96484,67.08546999999982
New_York,0.75,Off-peak,DVNDA,50,14.91963,38.390446,100.0,67.55257,512.0927,67.08546999999982
New_York,0.75,Off-peak,DVNDA,51,14.159871,36.350784,100.0,63.97451,517.81134,67.08546999999982
New_York,0.75,Off-peak,DVNDA,52,12.018517,30.956995,100.0,55.46818,505.7626,67.08546999999982
New_York,0.75,Off-peak,DVNDA,53,13.411755,34.30186,100.0,61.025555,543.2156,67.08546999999982
New_York,0.75,Off-peak,DVNDA,54,11.374234,29.247591,100.0,52.172142,568.6046,67.08546999999982
New_York,0.75,Off-peak,DVNDA,55,13.230088,33.843166,100.0,59.293835,529.9881,67.08546999999982
New_York,0.75,Off-peak,DVNDA,56,11.025339,28.270445,100.0,50.72087,501.07062,67.08546999999982
New_York,0.75,Off-peak,DVNDA,57,12.227823,31.44167,100.0,54.64857,501.7014,67.08546999999982
New_York,0.75,Off-peak,DVNDA,58,13.653225,34.955875,100.0,62.41404,537.8356,67.08546999999982
New_York,0.75,Off-peak,DVNDA,59,13.912355,35.74431,100.0,62.104977,512.64575,67.08546999999982
New_York,0.75,Off-peak,DVNDA,60,15.974872,41.24002,100.0,71.88913,515.6997,67.08546999999982
New_York,0.75,Off-peak,DVNDA,61,12.91295,33.04157,100.0,59.629143,533.9065,67.08546999999982
New_York,0.75,Off-peak,DVNDA,62,11.691366,30.082094,100.0,53.65982,501.63986,67.08546999999982
New_York,0.75,Off-peak,DVNDA,63,13.325607,34.18433,100.0,60.682076,512.2813,67.08546999999982
New_York,0.75,Off-peak,DVNDA,64,14.052262,36.36915,100.0,62.37594,521.4578,67.08546999999982
New_York,0.75,Off-peak,DVNDA,65,15.217396,39.164165,100.0,69.40524,507.51956,67.08546999999982
New_York,0.75,Off-peak,DVNDA,66,13.69181,35.23298,100.0,62.42041,504.0324,67.08546999999982
New_York,0.75,Off-peak,DVNDA,67,10.837539,28.012255,100.0,48.547268,536.7888,67.08546999999982
New_York,0.75,Off-peak,DVNDA,68,13.545127,34.849903,100.0,59.63934,508.708,67.08546999999982
New_York,0.75,Off-peak,DVNDA,69,10.583184,27.282217,100.0,48.93692,546.2101,67.08546999999982
New_York,0.75,Off-peak,DVNDA,70,13.118875,33.79099,100.0,60.125263,588.71075,67.08546999999982
New_York,0.75,Off-peak,DVNDA,71,12.653857,32.488297,100.0,57.635586,522.8371,67.08546999999982
New_York,0.75,Off-peak,DVNDA,72,12.435167,31.887491,100.0,56.802982,507.04218,67.08546999999982
New_York,0.75,Off-peak,DVNDA,73,11.073129,28.56126,100.0,51.40688,511.69446,67.08546999999982
New_York,0.75,Off-peak,DVNDA,74,13.433856,34.38172,100.0,62.006943,500.48984,67.08546999999982
New_York,0.75,Off-peak,DVNDA,75,13.47385,34.654163,100.0,60.823574,510.38,67.08546999999982
New_York,0.75,Off-peak,DVNDA,76,14.759951,37.971375,100.0,66.72659,536.07416,67.08546999999982
New_York,0.75,Off-peak,DVNDA,77,13.482228,34.75727,100.0,62.109684,519.6956,67.08546999999982
New_York,0.75,Off-peak,DVNDA,78,11.207902,28.808496,100.0,51.12256,526.8322,67.08546999999982
New_York,0.75,Off-peak,DVNDA,79,12.17274,31.173367,100.0,56.222557,517.1841,67.08546999999982
New_York,0.75,Off-peak,DVNDA,80,11.738309,30.242477,100.0,51.709034,551.9691,67.08546999999982
New_York,0.75,Off-peak,DVNDA,81,13.776047,35.48204,100.0,63.67187,508.60416,67.08546999999982
New_York,0.75,Off-peak,DVNDA,82,15.06008,38.767498,100.0,69.28457,498.32227,67.08546999999982
New_York,0.75,Off-peak,DVNDA,83,12.616644,32.30032,100.0,57.233223,513.55396,67.08546999999982
New_York,0.75,Off-peak,DVNDA,84,12.824061,32.973114,100.0,57.783394,530.82526,67.08546999999982
New_York,0.75,Off-peak,DVNDA,85,11.254619,29.187334,100.0,51.521935,514.49774,67.08546999999982
New_York,0.75,Off-peak,DVNDA,86,12.479,31.961203,100.0,56.85027,507.14807,67.08546999999982
New_York,0.75,Off-peak,DVNDA,87,14.108746,36.431885,100.0,64.331665,508.83664,67.08546999999982
New_York,0.75,Off-peak,DVNDA,88,14.519697,37.617744,100.0,66.96044,519.35297,67.08546999999982
New_York,0.75,Off-peak,DVNDA,89,11.170717,28.713276,100.0,51.234848,523.2407,67.08546999999982
New_York,0.75,Off-peak,DVNDA,90,11.996226,30.839243,100.0,56.27913,524.3415,67.08546999999982
New_York,0.75,Off-peak,DVNDA,91,11.819388,30.484585,100.0,54.302757,526.12897,67.08546999999982
New_York,0.75,Off-peak,DVNDA,92,12.247862,31.493668,100.0,55.022877,499.55304,67.08546999999982
New_York,0.75,Off-peak,DVNDA,93,14.001544,35.989033,100.0,62.75995,500.36237,67.08546999999982
New_York,0.75,Off-peak,DVNDA,94,12.416662,31.85018,100.0,55.606884,503.25555,67.08546999999982
New_York,0.75,Off-peak,DVNDA,95,14.011809,36.073395,100.0,64.1449,507.40283,67.08546999999982
New_York,0.75,Off-peak,DVNDA,96,12.562555,32.672016,100.0,55.5124,508.35904,67.08546999999982
New_York,0.75,Off-peak,DVNDA,97,12.336013,31.593483,100.0,56.847233,557.42096,67.08546999999982
New_York,0.75,Off-peak,DVNDA,98,12.3987465,31.891584,100.0,57.653458,507.0426,67.08546999999982
New_York,0.75,Off-peak,DVNDA,99,12.138685,30.914192,100.0,55.203594,512.8356,67.08546999999982
New_York,0.75,Off-peak,Greedy,0,13.417186,34.274143,100.0,60.36964,466.72778,3.9526910000000726
New_York,0.75,Off-peak,Greedy,1,14.080587,36.06955,100.0,64.113495,466.77832,3.9526910000000726
New_York,0.75,Off-peak,Greedy,2,14.692987,37.87165,100.0,68.66504,499.64877,3.9526910000000726
New_York,0.75,Off-peak,Greedy,3,14.370689,36.986015,100.0,65.03318,512.0715,3.9526910000000726
New_York,0.75,Off-peak,Greedy,4,10.833602,27.719679,100.0,49.104897,510.88092,3.9526910000000726
New_York,0.75,Off-peak,Greedy,5,12.5781145,32.206333,100.0,56.735504,515.40857,3.9526910000000726
New_York,0.75,Off-peak,Greedy,6,15.013663,38.535995,100.0,69.45825,503.46594,3.9526910000000726
New_York,0.75,Off-peak,Greedy,7,13.8704195,35.394596,100.0,63.485203,495.6935,3.9526910000000726
New_York,0.75,Off-peak,Greedy,8,14.848996,38.1708,100.0,65.86538,511.39645,3.9526910000000726
New_York,0.75,Off-peak,Greedy,9,14.460895,37.452984,95.0,66.216156,495.52786,3.9526910000000726
New_York,0.75,Off-peak,Greedy,10,13.430076,34.401707,100.0,61.063766,515.9774,3.9526910000000726
New_York,0.75,Off-peak,Greedy,11,15.265257,39.167404,95.0,68.39578,503.73505,3.9526910000000726
New_York,0.75,Off-peak,Greedy,12,14.552471,37.425385,100.0,66.357735,515.11523,3.9526910000000726
New_York,0.75,Off-peak,Greedy,13,14.414401,37.186367,100.0,66.02411,512.2053,3.9526910000000726
New_York,0.75,Off-peak,Greedy,14,16.146847,41.52008,100.0,71.96627,509.94717,3.9526910000000726
New_York,0.75,Off-peak,Greedy,15,11.067612,28.425943,95.0,51.978687,499.5259,3.9526910000000726
New_York,0.75,Off-peak,Greedy,16,11.5098715,29.562195,100.0,54.27378,509.15332,3.9526910000000726
New_York,0.75,Off-peak,Greedy,17,14.187289,36.46103,100.0,62.74082,496.94412,3.9526910000000726
New_York,0.75,Off-peak,Greedy,18,13.680065,35.215847,100.0,62.662643,509.8917,3.9526910000000726
New_York,0.75,Off-peak,Greedy,19,13.261516,34.165302,100.0,60.732895,510.12268,3.9526910000000726
New_York,0.75,Off-peak,Greedy,20,14.079544,36.002956,100.0,65.03274,513.9707,3.9526910000000726
New_York,0.75,Off-peak,Greedy,21,17.358528,44.29298,100.0,79.276924,515.6538,3.9526910000000726
New_York,0.75,Off-peak,Greedy,22,13.3182,34.26049,100.0,60.866585,508.57196,3.9526910000000726
New_York,0.75,Off-peak,Greedy,23,12.714062,32.614098,100.0,58.383682,503.371,3.9526910000000726
New_York,0.75,Off-peak,Greedy,24,16.510107,42.605183,100.0,72.891495,459.5261,3.9526910000000726
New_York,0.75,Off-peak,Greedy,25,13.374214,34.28663,95.0,61.824535,509.27692,3.9526910000000726
New_York,0.75,Off-peak,Greedy,26,12.688154,32.452343,100.0,56.207516,510.27563,3.9526910000000726
New_York,0.75,Off-peak,Greedy,27,14.540031,37.21959,100.0,66.305504,514.2699,3.9526910000000726
New_York,0.75,Off-peak,Greedy,28,12.310453,31.71366,100.0,54.892033,513.0371,3.9526910000000726
New_York,0.75,Off-peak,Greedy,29,13.217504,33.88233,100.0,62.152485,506.33173,3.9526910000000726
New_York,0.75,Off-peak,Greedy,30,17.281622,44.75978,100.0,76.69453,512.20166,3.9526910000000726
New_York,0.75,Off-peak,Greedy,31,14.032155,36.041824,100.0,65.333664,504.32614,3.9526910000000726
New_York,0.75,Off-peak,Greedy,32,13.529039,34.697124,100.0,59.709698,515.45624,3.9526910000000726
New_York,0.75,Off-peak,Greedy,33,15.852728,40.920506,100.0,71.64418,468.5769,3.9526910000000726
New_York,0.75,Off-peak,Greedy,34,14.143605,36.04719,100.0,63.461124,507.1848,3.9526910000000726
New_York,0.75,Off-peak,Greedy,35,14.414812,36.933693,100.0,66.26939,509.23044,3.9526910000000726
New_York,0.75,Off-peak,Greedy,36,15.9821415,41.057034,100.0,71.86281,497.21988,3.9526910000000726
New_York,0.75,Off-peak,Greedy,37,15.228262,39.146297,100.0,69.70843,517.60297,3.9526910000000726
New_York,0.75,Off-peak,Greedy,38,13.717594,35.289772,100.0,61.149265,505.9478,3.9526910000000726
New_York,0.75,Off-peak,Greedy,39,14.152062,36.48125,100.0,64.26924,502.27707,3.9526910000000726
New_York,0.75,Off-peak,Greedy,40,14.388715,36.700462,100.0,67.186676,516.99426,3.9526910000000726
New_York,0.75,Off-peak,Greedy,41,16.99796,43.506878,100.0,75.96841,519.4808,3.9526910000000726
New_York,0.75,Off-peak,Greedy,42,15.713687,40.39263,100.0,71.48533,498.02863,3.9526910000000726
New_York,0.75,Off-peak,Greedy,43,15.234131,39.01353,100.0,67.83447,502.0475,3.9526910000000726
New_York,0.75,Off-peak,Greedy,44,13.285542,34.172802,100.0,60.39922,515.87634,3.9526910000000726
New_York,0.75,Off-peak,Greedy,45,13.024053,33.382576,100.0,59.72329,509.96143,3.9526910000000726
New_York,0.75,Off-peak,Greedy,46,13.535634,34.558468,100.0,59.68004,516.0597,3.9526910000000726
New_York,0.75,Off-peak,Greedy,47,12.61193,32.29454,95.0,58.79165,513.58887,3.9526910000000726
New_York,0.75,Off-peak,Greedy,48,14.142814,36.376408,90.0,62.910564,513.51495,3.9526910000000726
New_York,0.75,Off-peak,Greedy,49,13.648487,34.99153,95.0,60.483448,508.65115,3.9526910000000726
New_York,0.75,Off-peak,Greedy,50,11.930094,30.699783,100.0,54.93771,512.0927,3.9526910000000726
New_York,0.75,Off-peak,Greedy,51,15.712547,40.26149,100.0,72.23577,508.8342,3.9526910000000726
New_York,0.75,Off-peak,Greedy,52,12.047351,31.104206,100.0,55.347584,505.7626,3.9526910000000726
New_York,0.75,Off-peak,Greedy,53,13.695245,35.06347,100.0,62.664764,513.6896,3.9526910000000726
New_York,0.75,Off-peak,Greedy,54,12.102555,31.128578,95.0,55.29302,514.14465,3.9526910000000726
New_York,0.75,Off-peak,Greedy,55,14.691408,37.51189,100.0,66.7362,508.52966,3.9526910000000726
New_York,0.75,Off-peak,Greedy,56,17.348967,44.394684,100.0,79.27229,464.97775,3.9526910000000726
New_York,0.75,Off-peak,Greedy,57,15.874473,40.708534,100.0,70.676216,500.1531,3.9526910000000726
New_York,0.75,Off-peak,Greedy,58,13.808167,35.27826,95.0,62.283222,508.01743,3.9526910000000726
New_York,0.75,Off-peak,Greedy,59,15.156443,38.990704,100.0,67.40068,514.742,3.9526910000000726
New_York,0.75,Off-peak,Greedy,60,17.082981,44.190224,100.0,76.465546,515.6997,3.9526910000000726
New_York,0.75,Off-peak,Greedy,61,12.143634,31.269846,100.0,55.862026,513.3893,3.9526910000000726
New_York,0.75,Off-peak,Greedy,62,14.0934515,36.481865,100.0,63.068844,500.88077,3.9526910000000726
New_York,0.75,Off-peak,Greedy,63,12.765276,32.72212,100.0,58.92377,511.14923,3.9526910000000726
New_York,0.75,Off-peak,Greedy,64,15.225553,39.31877,100.0,69.89902,507.5912,3.9526910000000726
New_York,0.75,Off-peak,Greedy,65,16.768326,43.26234,100.0,75.62525,507.51956,3.9526910000000726
New_York,0.75,Off-peak,Greedy,66,14.826986,38.122227,100.0,67.560905,503.82123,3.9526910000000726
New_York,0.75,Off-peak,Greedy,67,13.188782,33.927044,100.0,59.837776,508.67694,3.9526910000000726
New_York,0.75,Off-peak,Greedy,68,13.369424,34.454086,100.0,57.993988,509.67984,3.9526910000000726
New_York,0.75,Off-peak,Greedy,69,12.534339,32.429672,100.0,57.610313,511.21332,3.9526910000000726
New_York,0.75,Off-peak,Greedy,70,14.551391,37.129837,95.0,66.522896,516.9664,3.9526910000000726
New_York,0.75,Off-peak,Greedy,71,14.649501,37.686485,100.0,66.67191,503.38016,3.9526910000000726
New_York,0.75,Off-peak,Greedy,72,12.939091,33.124508,100.0,59.24334,505.24207,3.9526910000000726
New_York,0.75,Off-peak,Greedy,73,12.115857,31.18359,100.0,55.198814,512.39246,3.9526910000000726
New_York,0.75,Off-peak,Greedy,74,14.797451,37.966972,100.0,68.10183,500.48978,3.9526910000000726
New_York,0.75,Off-peak,Greedy,75,14.278586,36.70592,100.0,64.43316,513.4318,3.9526910000000726
New_York,0.75,Off-peak,Greedy,76,15.721872,40.581005,100.0,70.20118,520.44543,3.9526910000000726
New_York,0.75,Off-peak,Greedy,77,13.9359255,35.92311,100.0,63.90911,511.98578,3.9526910000000726
New_York,0.75,Off-peak,Greedy,78,11.195016,28.770882,100.0,50.994427,510.23312,3.9526910000000726
New_York,0.75,Off-peak,Greedy,79,13.597706,34.94984,100.0,62.506454,514.61584,3.9526910000000726
New_York,0.75,Off-peak,Greedy,80,14.983473,38.615276,100.0,67.4388,512.15393,3.9526910000000726
New_York,0.75,Off-peak,Greedy,81,13.036247,33.644577,100.0,58.63232,507.9392,3.9526910000000726
New_York,0.75,Off-peak,Greedy,82,16.611286,42.75155,100.0,75.25517,499.46164,3.9526910000000726
New_York,0.75,Off-peak,Greedy,83,13.2817545,33.98169,100.0,60.217724,512.11786,3.9526910000000726
New_York,0.75,Off-peak,Greedy,84,13.664064,35.144005,100.0,61.625313,497.19882,3.9526910000000726
New_York,0.75,Off-peak,Greedy,85,13.67555,35.196075,100.0,62.88889,510.6599,3.9526910000000726
New_York,0.75,Off-peak,Greedy,86,14.114849,36.316345,100.0,64.10115,507.41473,3.9526910000000726
New_York,0.75,Off-peak,Greedy,87,15.92695,41.011505,100.0,70.51226,509.71527,3.9526910000000726
New_York,0.75,Off-peak,Greedy,88,14.083619,36.38793,100.0,64.52996,502.30682,3.9526910000000726
New_York,0.75,Off-peak,Greedy,89,14.579183,37.52388,100.0,66.70778,512.58826,3.9526910000000726
New_York,0.75,Off-peak,Greedy,90,14.308513,36.745964,100.0,66.566765,510.44702,3.9526910000000726
New_York,0.75,Off-peak,Greedy,91,15.719571,40.481937,100.0,72.410995,515.99274,3.9526910000000726
New_York,0.75,Off-peak,Greedy,92,14.9199,38.31423,100.0,66.29307,499.55304,3.9526910000000726
New_York,0.75,Off-peak,Greedy,93,14.872813,38.318924,100.0,65.79176,500.36237,3.9526910000000726
New_York,0.75,Off-peak,Greedy,94,13.358821,34.394882,100.0,60.4563,503.20102,3.9526910000000726
New_York,0.75,Off-peak,Greedy,95,15.220648,39.158707,100.0,69.038216,504.502,3.9526910000000726
New_York,0.75,Off-peak,Greedy,96,13.473441,34.741573,100.0,59.231094,510.02203,3.9526910000000726
New_York,0.75,Off-peak,Greedy,97,14.923533,38.175713,95.0,69.05266,511.37427,3.9526910000000726
New_York,0.75,Off-peak,Greedy,98,13.803529,35.5282,100.0,64.43133,509.14417,3.9526910000000726
New_York,0.75,Off-peak,Greedy,99,13.542847,34.50971,100.0,62.467052,512.2044,3.9526910000000726
New_York,0.75,Peak-aware,DVNDA,0,11.033726,28.506937,100.0,55.57786,482.67392,71.55863000000011
New_York,0.75,Peak-aware,DVNDA,1,14.100762,36.10917,100.0,69.89508,483.98352,71.55863000000011
New_York,0.75,Peak-aware,DVNDA,2,15.177834,39.065735,100.0,77.58762,498.57227,71.55863000000011
New_York,0.75,Peak-aware,DVNDA,3,12.007337,30.947958,100.0,59.17179,529.50525,71.55863000000011
New_York,0.75,Peak-aware,DVNDA,4,10.568361,27.099977,100.0,53.212242,539.8766,71.55863000000011
New_York,0.75,Peak-aware,DVNDA,5,13.197112,33.887547,100.0,63.597607,514.2084,71.55863000000011
New_York,0.75,Peak-aware,DVNDA,6,13.358073,34.149952,100.0,65.28389,516.5753,71.55863000000011
New_York,0.75,Peak-aware,DVNDA,7,10.5183525,26.923086,100.0,52.680576,507.09705,71.55863000000011
New_York,0.75,Peak-aware,DVNDA,8,12.868637,33.228413,100.0,62.893803,534.755,71.55863000000011
New_York,0.75,Peak-aware,DVNDA,9,13.540121,35.128338,100.0,66.47449,496.5588,71.55863000000011
New_York,0.75,Peak-aware,DVNDA,10,11.2237,28.856524,100.0,54.384933,513.4825,71.55863000000011
New_York,0.75,Peak-aware,DVNDA,11,15.014973,38.542294,100.0,72.32305,520.05634,71.55863000000011
New_York,0.75,Peak-aware,DVNDA,12,13.5446615,34.935604,100.0,66.42977,515.11523,71.55863000000011
New_York,0.75,Peak-aware,DVNDA,13,12.945103,33.305176,100.0,65.99036,510.43414,71.55863000000011
New_York,0.75,Peak-aware,DVNDA,14,12.116517,31.101326,100.0,57.45366,536.4534,71.55863000000011
New_York,0.75,Peak-aware,DVNDA,15,11.943019,30.67674,100.0,61.36833,517.696,71.55863000000011
New_York,0.75,Peak-aware,DVNDA,16,10.445879,26.569063,100.0,52.96688,510.02124,71.55863000000011
New_York,0.75,Peak-aware,DVNDA,17,12.778556,32.736855,100.0,60.410564,497.5406,71.55863000000011
New_York,0.75,Peak-aware,DVNDA,18,12.019465,30.928705,100.0,61.303783,507.3943,71.55863000000011
New_York,0.75,Peak-aware,DVNDA,19,12.91999,33.321182,100.0,63.429115,534.7671,71.55863000000011
New_York,0.75,Peak-aware,DVNDA,20,13.818111,35.333527,100.0,70.07435,511.80347,71.55863000000011
New_York,0.75,Peak-aware,DVNDA,21,15.882944,40.546234,100.0,77.24908,527.9474,71.55863000000011
New_York,0.75,Peak-aware,DVNDA,22,15.856662,40.887566,100.0,81.77278,540.22034,71.55863000000011
New_York,0.75,Peak-aware,DVNDA,23,12.184212,31.246807,100.0,60.105278,505.13156,71.55863000000011
New_York,0.75,Peak-aware,DVNDA,24,14.297955,36.738693,100.0,69.58688,485.41083,71.55863000000011
New_York,0.75,Peak-aware,DVNDA,25,12.912601,32.999065,100.0,65.821045,556.33527,71.55863000000011
New_York,0.75,Peak-aware,DVNDA,26,12.821798,32.897076,100.0,60.338844,532.51733,71.55863000000011
New_York,0.75,Peak-aware,DVNDA,27,12.887686,33.08641,100.0,63.806854,515.6268,71.55863000000011
New_York,0.75,Peak-aware,DVNDA,28,12.43458,32.090397,100.0,59.207096,515.01135,71.55863000000011
New_York,0.75,Peak-aware,DVNDA,29,12.5409775,32.268475,100.0,65.18136,506.82867,71.55863000000011
New_York,0.75,Peak-aware,DVNDA,30,11.635321,30.060732,100.0,54.35405,530.3588,71.55863000000011
New_York,0.75,Peak-aware,DVNDA,31,11.83195,30.257193,100.0,59.01147,516.6727,71.55863000000011
New_York,0.75,Peak-aware,DVNDA,32,12.190346,31.313503,100.0,58.124706,540.21375,71.55863000000011
New_York,0.75,Peak-aware,DVNDA,33,14.646112,37.803173,100.0,75.38023,484.073,71.55863000000011
New_York,0.75,Peak-aware,DVNDA,34,11.917778,30.506073,100.0,56.318302,524.8055,71.55863000000011
New_York,0.75,Peak-aware,DVNDA,35,15.003298,38.446365,100.0,73.90599,512.5133,71.55863000000011
New_York,0.75,Peak-aware,DVNDA,36,12.007069,30.820126,100.0,59.129322,507.05258,71.55863000000011
New_York,0.75,Peak-aware,DVNDA,37,13.455963,34.547665,100.0,67.719154,515.7532,71.55863000000011
New_York,0.75,Peak-aware,DVNDA,38,13.321555,34.298576,100.0,66.29145,524.60767,71.55863000000011
New_York,0.75,Peak-aware,DVNDA,39,12.605519,32.49768,100.0,62.183533,502.34735,71.55863000000011
New_York,0.75,Peak-aware,DVNDA,40,14.301213,36.488094,100.0,71.899925,514.98615,71.55863000000011
New_York,0.75,Peak-aware,DVNDA,41,15.960205,40.877567,100.0,76.362404,541.65717,71.55863000000011
New_York,0.75,Peak-aware,DVNDA,42,13.844332,35.69183,100.0,67.783615,510.30487,71.55863000000011
New_York,0.75,Peak-aware,DVNDA,43,13.66108,35.180496,100.0,67.61749,516.27405,71.55863000000011
New_York,0.75,Peak-aware,DVNDA,44,13.359745,34.527115,100.0,65.26038,515.372,71.55863000000011
New_York,0.75,Peak-aware,DVNDA,45,11.458673,29.355284,100.0,60.591038,510.6684,71.55863000000011
New_York,0.75,Peak-aware,DVNDA,46,13.532295,34.82842,100.0,64.96625,536.75696,71.55863000000011
New_York,0.75,Peak-aware,DVNDA,47,11.667703,29.854443,100.0,62.0816,541.04694,71.55863000000011
New_York,0.75,Peak-aware,DVNDA,48,13.905773,35.862923,100.0,67.80361,562.3778,71.55863000000011
New_York,0.75,Peak-aware,DVNDA,49,15.265444,39.218628,100.0,72.294495,510.96484,71.55863000000011
New_York,0.75,Peak-aware,DVNDA,50,14.917011,38.39362,100.0,74.92174,512.0927,71.55863000000011
New_York,0.75,Peak-aware,DVNDA,51,14.187182,36.404007,100.0,71.5514,517.81134,71.55863000000011
New_York,0.75,Peak-aware,DVNDA,52,12.028117,30.979635,100.0,61.873135,505.7626,71.55863000000011
New_York,0.75,Peak-aware,DVNDA,53,13.440428,34.372936,100.0,66.43249,543.2156,71.55863000000011
New_York,0.75,Peak-aware,DVNDA,54,11.393008,29.275663,100.0,56.540287,568.6046,71.55863000000011
New_York,0.75,Peak-aware,DVNDA,55,13.23235,33.843227,100.0,63.45323,529.9881,71.55863000000011
New_York,0.75,Peak-aware,DVNDA,56,11.027824,28.277103,100.0,54.38696,501.07062,71.55863000000011
New_York,0.75,Peak-aware,DVNDA,57,12.234621,31.442331,100.0,59.092674,501.7014,71.55863000000011
New_York,0.75,Peak-aware,DVNDA,58,13.656189,34.964653,100.0,66.70765,537.8356,71.55863000000011
New_York,0.75,Peak-aware,DVNDA,59,13.912355,35.74431,100.0,67.93807,512.64575,71.55863000000011
New_York,0.75,Peak-aware,DVNDA,60,15.981212,41.25992,100.0,81.81083,515.6997,71.55863000000011
New_York,0.75,Peak-aware,DVNDA,61,12.91295,33.04157,100.0,62.468876,533.9065,71.55863000000011
New_York,0.75,Peak-aware,DVNDA,62,11.718198,30.154224,100.0,58.70089,501.63986,71.55863000000011
New_York,0.75,Peak-aware,DVNDA,63,13.337631,34.21534,100.0,64.67623,512.2813,71.55863000000011
New_York,0.75,Peak-aware,DVNDA,64,14.071075,36.42066,100.0,69.12843,521.4578,71.55863000000011
New_York,0.75,Peak-aware,DVNDA,65,15.31851,39.45869,100.0,75.53922,507.51956,71.55863000000011
New_York,0.75,Peak-aware,DVNDA,66,13.69181,35.23298,100.0,67.093796,504.0324,71.55863000000011
New_York,0.75,Peak-aware,DVNDA,67,10.832903,28.001587,100.0,53.671345,536.7888,71.55863000000011
New_York,0.75,Peak-aware,DVNDA,68,13.525156,34.79608,100.0,66.636795,508.708,71.55863000000011
New_York,0.75,Peak-aware,DVNDA,69,10.587103,27.29056,100.0,51.255398,546.2101,71.55863000000011
New_York,0.75,Peak-aware,DVNDA,70,13.120739,33.796288,100.0,64.29279,588.71075,71.55863000000011
New_York,0.75,Peak-aware,DVNDA,71,12.486595,32.04091,100.0,61.953922,522.8371,71.55863000000011
New_York,0.75,Peak-aware,DVNDA,72,12.395367,31.801447,100.0,63.87773,507.04218,71.55863000000011
New_York,0.75,Peak-aware,DVNDA,73,11.073129,28.56126,100.0,55.940434,511.69446,71.55863000000011
New_York,0.75,Peak-aware,DVNDA,74,13.458039,34.44602,100.0,68.3689,500.48984,71.55863000000011
New_York,0.75,Peak-aware,DVNDA,75,13.5673685,34.896427,100.0,68.58573,510.38,71.55863000000011
New_York,0.75,Peak-aware,DVNDA,76,14.774852,38.01161,100.0,72.60706,536.07416,71.55863000000011
New_York,0.75,Peak-aware,DVNDA,77,13.528136,34.876915,100.0,66.85679,519.6956,71.55863000000011
New_York,0.75,Peak-aware,DVNDA,78,11.180049,28.730392,100.0,55.71026,526.8322,71.55863000000011
New_York,0.75,Peak-aware,DVNDA,79,12.17274,31.173367,100.0,59.51872,517.1841,71.55863000000011
New_York,0.75,Peak-aware,DVNDA,80,11.74144,30.25005,100.0,58.81249,551.9691,71.55863000000011
New_York,0.75,Peak-aware,DVNDA,81,13.817146,35.62387,100.0,70.61141,508.60416,71.55863000000011
New_York,0.75,Peak-aware,DVNDA,82,15.062592,38.774696,100.0,77.222244,498.32227,71.55863000000011
New_York,0.75,Peak-aware,DVNDA,83,12.638855,32.36047,100.0,62.402428,513.55396,71.55863000000011
New_York,0.75,Peak-aware,DVNDA,84,12.825926,32.978413,100.0,61.99943,530.82526,71.55863000000011
New_York,0.75,Peak-aware,DVNDA,85,11.256897,29.188702,100.0,55.17841,514.49774,71.55863000000011
New_York,0.75,Peak-aware,DVNDA,86,12.481964,31.96998,100.0,60.895393,507.14807,71.55863000000011
New_York,0.75,Peak-aware,DVNDA,87,14.113096,36.443844,100.0,70.90901,508.83664,71.55863000000011
New_York,0.75,Peak-aware,DVNDA,88,14.543205,37.53456,100.0,73.31822,519.35297,71.55863000000011
New_York,0.75,Peak-aware,DVNDA,89,11.191877,28.766273,100.0,56.95968,523.2407,71.55863000000011
New_York,0.75,Peak-aware,DVNDA,90,11.996226,30.839243,100.0,60.79392,524.3415,71.55863000000011
New_York,0.75,Peak-aware,DVNDA,91,11.821873,30.491243,100.0,58.47992,526.12897,71.55863000000011
New_York,0.75,Peak-aware,DVNDA,92,12.250513,31.505936,100.0,60.57603,499.55304,71.55863000000011
New_York,0.75,Peak-aware,DVNDA,93,13.986105,35.946262,100.0,66.7712,500.36237,71.55863000000011
New_York,0.75,Peak-aware,DVNDA,94,12.031726,30.999865,100.0,59.530197,503.25555,71.55863000000011
New_York,0.75,Peak-aware,DVNDA,95,13.999632,36.037933,100.0,71.926544,507.40283,71.55863000000011
New_York,0.75,Peak-aware,DVNDA,96,12.57851,32.709614,100.0,62.896706,508.35904,71.55863000000011
New_York,0.75,Peak-aware,DVNDA,97,12.362323,31.668146,100.0,61.629753,557.42096,71.55863000000011
New_York,0.75,Peak-aware,DVNDA,98,12.3987465,31.891584,100.0,61.219646,507.0426,71.55863000000011
New_York,0.75,Peak-aware,DVNDA,99,12.657822,32.318127,100.0,61.878925,512.8356,71.55863000000011
New_York,0.75,Peak-aware,Greedy,0,13.429923,34.36144,100.0,66.53056,466.72778,3.9147479999999746
New_York,0.75,Peak-aware,Greedy,1,14.046606,35.98379,100.0,70.96657,466.77832,3.9147479999999746
New_York,0.75,Peak-aware,Greedy,2,14.697006,37.883663,100.0,74.98682,499.64877,3.9147479999999746
New_York,0.75,Peak-aware,Greedy,3,14.408917,37.082928,100.0,69.366905,512.0715,3.9147479999999746
New_York,0.75,Peak-aware,Greedy,4,10.841415,27.739351,100.0,52.44764,510.88092,3.9147479999999746
New_York,0.75,Peak-aware,Greedy,5,12.5781145,32.206333,100.0,60.303493,515.40857,3.9147479999999746
New_York,0.75,Peak-aware,Greedy,6,15.0119915,38.534107,100.0,73.51086,503.46594,3.9147479999999746
New_York,0.75,Peak-aware,Greedy,7,13.8704195,35.394596,100.0,68.025475,495.6935,3.9147479999999746
New_York,0.75,Peak-aware,Greedy,8,14.874792,38.234463,100.0,72.400246,511.39645,3.9147479999999746
New_York,0.75,Peak-aware,Greedy,9,14.500189,37.539555,95.0,71.44808,495.52786,3.9147479999999746
New_York,0.75,Peak-aware,Greedy,10,13.43565,34.415188,100.0,65.94348,515.9774,3.9147479999999746
New_York,0.75,Peak-aware,Greedy,11,15.275416,39.19548,95.0,75.314606,503.73505,3.9147479999999746
New_York,0.75,Peak-aware,Greedy,12,14.554676,37.431946,100.0,72.68661,515.11523,3.9147479999999746
New_York,0.75,Peak-aware,Greedy,13,14.4188175,37.19314,100.0,69.60488,512.2053,3.9147479999999746
New_York,0.75,Peak-aware,Greedy,14,16.147188,41.52134,100.0,77.01612,509.94717,3.9147479999999746
New_York,0.75,Peak-aware,Greedy,15,11.067612,28.425943,95.0,58.20874,499.5259,3.9147479999999746
New_York,0.75,Peak-aware,Greedy,16,11.5098715,29.562195,100.0,56.25428,509.15332,3.9147479999999746
New_York,0.75,Peak-aware,Greedy,17,14.224234,36.561638,100.0,68.05771,496.94412,3.9147479999999746
New_York,0.75,Peak-aware,Greedy,18,13.682037,35.219994,100.0,68.98136,509.8917,3.9147479999999746
New_York,0.75,Peak-aware,Greedy,19,13.247202,34.158928,100.0,64.29175,510.12268,3.9147479999999746
New_York,0.75,Peak-aware,Greedy,20,14.06901,35.991985,100.0,70.81319,513.9707,3.9147479999999746
New_York,0.75,Peak-aware,Greedy,21,17.392406,44.37611,100.0,84.793396,515.6538,3.9147479999999746
New_York,0.75,Peak-aware,Greedy,22,13.39297,34.494675,100.0,70.33034,508.57196,3.9147479999999746
New_York,0.75,Peak-aware,Greedy,23,12.834699,32.90477,100.0,65.75988,504.00317,3.9147479999999746
New_York,0.75,Peak-aware,Greedy,24,16.44558,42.439995,100.0,80.60333,459.5261,3.9147479999999746
New_York,0.75,Peak-aware,Greedy,25,13.358156,34.2464,95.0,66.87434,509.27692,3.9147479999999746
New_York,0.75,Peak-aware,Greedy,26,13.407759,34.307102,100.0,64.54912,510.27563,3.9147479999999746
New_York,0.75,Peak-aware,Greedy,27,14.551793,37.25999,100.0,71.854645,514.2699,3.9147479999999746
New_York,0.75,Peak-aware,Greedy,28,12.306193,31.670992,100.0,58.016148,513.0371,3.9147479999999746
New_York,0.75,Peak-aware,Greedy,29,13.214732,33.876965,100.0,66.7931,506.33173,3.9147479999999746
New_York,0.75,Peak-aware,Greedy,30,17.195219,44.536476,100.0,83.41598,512.20166,3.9147479999999746
New_York,0.75,Peak-aware,Greedy,31,14.032256,36.04295,100.0,69.4581,504.32614,3.9147479999999746
New_York,0.75,Peak-aware,Greedy,32,13.539309,34.728836,100.0,64.85948,515.45624,3.9147479999999746
New_York,0.75,Peak-aware,Greedy,33,15.869768,40.96418,100.0,78.811386,468.5769,3.9147479999999746
New_York,0.75,Peak-aware,Greedy,34,14.210603,36.22345,100.0,67.028404,507.1848,3.9147479999999746
New_York,0.75,Peak-aware,Greedy,35,14.414812,36.933693,100.0,70.77752,509.23044,3.9147479999999746
New_York,0.75,Peak-aware,Greedy,36,15.999302,41.105206,100.0,78.500305,497.21988,3.9147479999999746
New_York,0.75,Peak-aware,Greedy,37,15.2411585,39.178707,100.0,75.06053,517.60297,3.9147479999999746
New_York,0.75,Peak-aware,Greedy,38,13.755823,35.386684,100.0,67.71427,505.9478,3.9147479999999746
New_York,0.75,Peak-aware,Greedy,39,14.170285,36.532635,100.0,71.64996,502.27707,3.9147479999999746
New_York,0.75,Peak-aware,Greedy,40,14.456933,36.918377,100.0,71.4152,516.99426,3.9147479999999746
New_York,0.75,Peak-aware,Greedy,41,17.013483,43.55359,100.0,82.81249,519.4808,3.9147479999999746
New_York,0.75,Peak-aware,Greedy,42,15.734325,40.426,100.0,77.73518,498.02863,3.9147479999999746
New_York,0.75,Peak-aware,Greedy,43,15.235365,39.054985,100.0,74.13536,502.0475,3.9147479999999746
New_York,0.75,Peak-aware,Greedy,44,13.297479,34.20564,100.0,64.46416,515.87634,3.9147479999999746
New_York,0.75,Peak-aware,Greedy,45,13.038794,33.41493,100.0,70.29676,509.96143,3.9147479999999746
New_York,0.75,Peak-aware,Greedy,46,13.520441,34.52426,100.0,63.69719,516.0597,3.9147479999999746
New_York,0.75,Peak-aware,Greedy,47,12.636639,32.361828,95.0,66.26412,513.58887,3.9147479999999746
New_York,0.75,Peak-aware,Greedy,48,14.142814,36.376408,90.0,68.505936,513.51495,3.9147479999999746
New_York,0.75,Peak-aware,Greedy,49,13.650971,34.99819,95.0,63.44082,508.65115,3.9147479999999746
New_York,0.75,Peak-aware,Greedy,50,11.932574,30.71373,100.0,58.74172,512.0927,3.9147479999999746
New_York,0.75,Peak-aware,Greedy,51,15.798809,40.473442,100.0,77.46296,508.8342,3.9147479999999746
New_York,0.75,Peak-aware,Greedy,52,12.027681,31.05265,100.0,60.69059,505.7626,3.9147479999999746
New_York,0.75,Peak-aware,Greedy,53,13.705514,35.095177,100.0,68.196495,513.6896,3.9147479999999746
New_York,0.75,Peak-aware,Greedy,54,12.123195,31.161945,95.0,60.72828,514.14465,3.9147479999999746
New_York,0.75,Peak-aware,Greedy,55,14.703813,37.53768,100.0,70.88133,508.52966,3.9147479999999746
New_York,0.75,Peak-aware,Greedy,56,17.38533,44.484474,100.0,82.766464,464.97775,3.9147479999999746
New_York,0.75,Peak-aware,Greedy,57,15.834538,40.525578,100.0,78.61624,500.1531,3.9147479999999746
New_York,0.75,Peak-aware,Greedy,58,13.846657,35.36428,95.0,66.75929,508.01743,3.9147479999999746
New_York,0.75,Peak-aware,Greedy,59,15.160461,39.00272,100.0,73.264946,514.742,3.9147479999999746
New_York,0.75,Peak-aware,Greedy,60,16.953886,43.86319,100.0,86.06682,515.6997,3.9147479999999746
New_York,0.75,Peak-aware,Greedy,61,12.143634,31.269846,100.0,58.606308,513.3893,3.9147479999999746
New_York,0.75,Peak-aware,Greedy,62,14.095657,36.488426,100.0,68.70437,500.88077,3.9147479999999746
New_York,0.75,Peak-aware,Greedy,63,12.7723675,32.736256,100.0,64.26213,511.14923,3.9147479999999746
New_York,0.75,Peak-aware,Greedy,64,15.212749,39.285686,100.0,77.04699,507.5912,3.9147479999999746
New_York,0.75,Peak-aware,Greedy,65,16.76803,43.280968,100.0,83.54905,507.51956,3.9147479999999746
New_York,0.75,Peak-aware,Greedy,66,14.760252,37.950478,100.0,73.08721,503.82123,3.9147479999999746
New_York,0.75,Peak-aware,Greedy,67,13.172724,33.886814,100.0,65.37058,508.67694,3.9147479999999746
New_York,0.75,Peak-aware,Greedy,68,13.351658,34.406826,100.0,64.88381,509.67984,3.9147479999999746
New_York,0.75,Peak-aware,Greedy,69,12.529703,32.419003,100.0,62.27785,511.21332,3.9147479999999746
New_York,0.75,Peak-aware,Greedy,70,14.601785,37.282417,95.0,72.47098,516.9664,3.9147479999999746
New_York,0.75,Peak-aware,Greedy,71,14.649501,37.686485,100.0,68.23792,503.38016,3.9147479999999746
New_York,0.75,Peak-aware,Greedy,72,12.956694,33.156223,100.0,64.20704,505.24207,3.9147479999999746
New_York,0.75,Peak-aware,Greedy,73,12.157767,31.327486,100.0,60.82221,512.39246,3.9147479999999746
New_York,0.75,Peak-aware,Greedy,74,14.784742,37.93943,100.0,75.92307,500.48978,3.9147479999999746
New_York,0.75,Peak-aware,Greedy,75,14.330297,36.836475,100.0,71.78131,513.4318,3.9147479999999746
New_York,0.75,Peak-aware,Greedy,76,15.727159,40.596275,100.0,76.3431,520.44543,3.9147479999999746
New_York,0.75,Peak-aware,Greedy,77,13.916256,35.871555,100.0,66.63526,511.98578,3.9147479999999746
New_York,0.75,Peak-aware,Greedy,78,11.203179,28.791607,100.0,57.863922,510.23312,3.9147479999999746
New_York,0.75,Peak-aware,Greedy,79,14.817703,38.020874,100.0,72.68712,517.1143,3.9147479999999746
New_York,0.75,Peak-aware,Greedy,80,14.987701,38.624798,100.0,74.15083,512.15393,3.9147479999999746
New_York,0.75,Peak-aware,Greedy,81,13.055099,33.736004,100.0,64.97642,507.9392,3.9147479999999746
New_York,0.75,Peak-aware,Greedy,82,16.611286,42.75155,100.0,81.54443,499.46164,3.9147479999999746
New_York,0.75,Peak-aware,Greedy,83,13.306721,34.04852,100.0,64.77706,512.11786,3.9147479999999746
New_York,0.75,Peak-aware,Greedy,84,13.679829,35.18873,100.0,66.671585,497.19882,3.9147479999999746
New_York,0.75,Peak-aware,Greedy,85,13.695927,35.268864,100.0,66.094604,510.6599,3.9147479999999746
New_York,0.75,Peak-aware,Greedy,86,14.197177,36.526352,100.0,69.63787,507.41473,3.9147479999999746
New_York,0.75,Peak-aware,Greedy,87,15.933643,41.03088,100.0,76.66049,509.71527,3.9147479999999746
New_York,0.75,Peak-aware,Greedy,88,14.100061,36.438366,100.0,72.41949,502.30682,3.9147479999999746
New_York,0.75,Peak-aware,Greedy,89,14.600343,37.576878,100.0,72.00808,512.58826,3.9147479999999746
New_York,0.75,Peak-aware,Greedy,90,14.323864,36.784756,100.0,72.79432,510.44702,3.9147479999999746
New_York,0.75,Peak-aware,Greedy,91,15.719912,40.4832,100.0,76.84894,515.99274,3.9147479999999746
New_York,0.75,Peak-aware,Greedy,92,14.9199,38.31423,100.0,74.72921,499.55304,3.9147479999999746
New_York,0.75,Peak-aware,Greedy,93,15.5217705,39.983917,100.0,78.14707,503.55176,3.9147479999999746
New_York,0.75,Peak-aware,Greedy,94,13.329946,34.333427,100.0,65.40493,503.20102,3.9147479999999746
New_York,0.75,Peak-aware,Greedy,95,15.208999,39.123936,100.0,75.37733,504.502,3.9147479999999746
New_York,0.75,Peak-aware,Greedy,96,13.485161,34.776814,100.0,65.295235,510.02203,3.9147479999999746
New_York,0.75,Peak-aware,Greedy,97,14.927529,38.185104,95.0,72.68648,511.37427,3.9147479999999746
New_York,0.75,Peak-aware,Greedy,98,13.803529,35.5282,100.0,67.09487,509.14417,3.9147479999999746
New_York,0.75,Peak-aware,Greedy,99,13.218108,33.636856,100.0,62.89837,512.2044,3.9147479999999746
