selector,train_seed,scenario,instance,distance,qos,unserved,committed_not_completed,late,response_time_min,completion_time_min,mean_completion_time_min,vehicle_utilization,route_balance_cv,idle_boundary_wait_min,replanning_events,decision_epochs,selector_time_ms_per_instance,cost_with_penalty,penalty,wall_time_ms_per_instance,dynamic_ratio,mean_revelation_time,arrival_profile,spatial,segment_count,travel_noise,service_noise,congestion,replicate,vehicle_network_permutation
independent,1234,aggregation_argmax,0,8.51092,1.0,0,0,0,159.60031655430794,479.5269012451172,211.64549034833908,0.6310515642166138,0.24046297,563.9079,10,151,8.522631666666676,8.510921,9.536743e-07,74.34507666666669,0.5,0.5068892240524292,uniform,uniform,10,0.0,0.0,0.0,0,
independent,1234,aggregation_argmax,1,9.566437,0.65000004,7,6,6,134.24665331840515,476.97853088378906,261.3638267150292,0.5734263896942139,0.65059584,672.00006,10,151,8.522631666666676,44.56644,35.000004,74.34507666666669,0.5,0.5068892240524292,uniform,uniform,10,0.0,0.0,0.0,0,
independent,1234,aggregation_argmax,2,9.49268,0.75,5,4,4,219.75830602645874,435.48248291015625,304.45823860168457,0.5768031120300293,0.55509084,624.0207,10,151,8.522631666666676,34.49268,25.0,74.34507666666669,0.5,0.5068892240524292,uniform,uniform,10,0.0,0.0,0.0,0,
independent,1234,aggregation_argmax,3,8.547138,0.7,6,6,6,140.2190898145948,427.3326587677002,256.07710463660106,0.5379462242126465,0.6713367,695.1434,10,151,8.522631666666676,38.547142,30.000004,74.34507666666669,0.5,0.5068892240524292,uniform,uniform,10,0.0,0.0,0.0,0,
independent,1234,aggregation_argmax,4,7.3018637,0.75,5,5,5,177.25930225849152,479.14177894592285,269.012131690979,0.4865893304347992,0.85645694,858.2441,10,151,8.522631666666676,32.301865,25.0,74.34507666666669,0.5,0.5068892240524292,uniform,uniform,10,0.0,0.0,0.0,0,
independent,1234,aggregation_argmax,5,7.2606826,0.95,1,0,0,134.0526484815698,477.08913803100586,234.7592095952285,0.5668612062931061,0.6029979,684.71576,10,151,8.522631666666676,12.260683,5.0000005,74.34507666666669,0.5,0.5068892240524292,uniform,uniform,10,0.0,0.0,0.0,0,
independent,1234,aggregation_argmax,6,9.080066,0.85,3,3,3,145.32512352747077,409.2011260986328,202.59547906763413,0.6027734279632568,0.58187985,570.6751,10,151,8.522631666666676,24.080065,14.999999,74.34507666666669,0.5,0.5068892240524292,uniform,uniform,10,0.0,0.0,0.0,0,
independent,1234,aggregation_argmax,7,8.874909,0.85,3,0,0,197.99597350990072,463.9120674133301,294.2964842740227,0.5938402146100998,0.6423294,624.00006,10,151,8.522631666666676,23.874912,15.000003,74.34507666666669,0.5,0.5068892240524292,uniform,uniform,10,0.0,0.0,0.0,0,
independent,1234,aggregation_argmax,8,10.020751,0.85,3,3,3,137.83707660787246,478.89604568481445,274.6572787621442,0.6262386381626129,0.5114967,572.518,10,151,8.522631666666676,25.020754,15.000003,74.34507666666669,0.5,0.5068892240524292,uniform,uniform,10,0.0,0.0,0.0,0,
independent,1234,aggregation_argmax,9,8.208763,0.8,4,3,3,199.34360727667809,464.5602607727051,297.904437482357,0.5646138966083527,0.72851276,694.5621,10,151,8.522631666666676,28.208767,20.000004,74.34507666666669,0.5,0.5068892240524292,uniform,uniform,10,0.0,0.0,0.0,0,
independent,1234,aggregation_argmax,10,9.571653,0.8,4,3,3,152.8176537528634,429.85499382019043,226.9899583607912,0.6187350749969482,0.5781815,540.0288,10,151,8.522631666666676,29.571657,20.000004,74.34507666666669,0.5,0.5068892240524292,uniform,uniform,10,0.0,0.0,0.0,0,
independent,1234,aggregation_argmax,11,8.291812,0.8,4,3,3,160.00996381044388,467.7715015411377,246.9437413662672,0.5624753922224045,0.6932664,683.81885,10,151,8.522631666666676,28.291807,19.999996,74.34507666666669,0.5,0.5068892240524292,uniform,uniform,10,0.0,0.0,0.0,0,
independent,1234,aggregation_argmax,12,11.315208,0.95,1,1,1,166.93667819625452,437.85487174987793,280.72569495753237,0.6681131511926651,0.2998648,451.0777,10,151,8.522631666666676,16.315208,5.0,74.34507666666669,0.5,0.5068892240524292,uniform,uniform,10,0.0,0.0,0.0,0,
independent,1234,aggregation_argmax,13,8.706152,0.65000004,7,7,7,165.48034250736237,421.48987770080566,250.38847198853125,0.5178138017654419,0.65933657,733.79767,10,151,8.522631666666676,43.70615,35.0,74.34507666666669,0.5,0.5068892240524292,uniform,uniform,10,0.0,0.0,0.0,0,
independent,1234,aggregation_argmax,14,8.684261,0.85,3,2,2,176.3475880202125,478.4096431732178,254.24741169985603,0.6409584671258927,0.5987531,543.7695,10,151,8.522631666666676,23.684258,14.999996,74.34507666666669,0.5,0.5068892240524292,uniform,uniform,10,0.0,0.0,0.0,0,
independent,1234,aggregation_argmax,15,10.731088,0.90000004,2,2,2,121.95870568354924,441.66661262512207,213.7451821565628,0.7152327388525009,0.33018777,364.4199,10,151,8.522631666666676,20.731087,9.999999,74.34507666666669,0.5,0.5068892240524292,uniform,uniform,10,0.0,0.0,0.0,0,
independent,1234,aggregation_argmax,16,8.125311,0.65000004,7,6,6,192.59121083296262,469.2126274108887,257.9582267541152,0.5326113879680634,0.7684741,743.46893,10,151,8.522631666666676,43.125313,35.0,74.34507666666669,0.5,0.5068892240524292,uniform,uniform,10,0.0,0.0,0.0,0,
independent,1234,aggregation_argmax,17,9.616183,0.75,5,2,2,141.50174939632416,434.96352195739746,238.0359926223755,0.586240628361702,0.5854597,605.38165,10,151,8.522631666666676,34.616184,25.0,74.34507666666669,0.5,0.5068892240524292,uniform,uniform,10,0.0,0.0,0.0,0,
independent,1234,aggregation_argmax,18,9.784551,0.8,4,3,3,179.37504708766937,447.8680229187012,291.90249636769295,0.5902348786592484,0.646791,612.1972,10,151,8.522631666666676,29.784555,20.000004,74.34507666666669,0.5,0.5068892240524292,uniform,uniform,10,0.0,0.0,0.0,0,
independent,1234,aggregation_argmax,19,8.584934,0.7,6,3,3,174.37294466154916,420.256290435791,250.00753947666712,0.5500000715255737,0.6657795,672.00006,10,151,8.522631666666676,38.58493,29.999996,74.34507666666669,0.5,0.5068892240524292,uniform,uniform,10,0.0,0.0,0.0,0,
independent,1234,aggregation_argmax,20,8.99,0.85,3,2,2,164.85207007211798,451.24749183654785,285.71585150326,0.5870260566473007,0.60026664,624.00006,10,151,8.522631666666676,23.989998,14.999998,74.34507666666669,0.5,0.5068892240524292,uniform,uniform,10,0.0,0.0,0.0,0,
independent,1234,aggregation_argmax,21,7.64,0.6,8,4,4,140.46792536973953,471.9840431213379,266.57772719860077,0.5154360264539719,0.8157381,816.00006,10,151,8.522631666666676,47.639996,39.999996,74.34507666666669,0.5,0.5068892240524292,uniform,uniform,10,0.0,0.0,0.0,0,
independent,1234,aggregation_argmax,22,9.360429,0.7,6,6,6,126.69267258473805,433.7812328338623,230.94164780208044,0.550927796959877,0.53064585,672.00006,10,151,8.522631666666676,39.360435,30.000008,74.34507666666669,0.5,0.5068892240524292,uniform,uniform,10,0.0,0.0,0.0,0,
independent,1234,aggregation_argmax,23,8.227978,0.65000004,7,7,7,153.38269719710718,420.3764247894287,224.70098678882306,0.4855995178222656,0.7280162,795.64905,10,151,8.522631666666676,43.22798,35.000004,74.34507666666669,0.5,0.5068892240524292,uniform,uniform,10,0.0,0.0,0.0,0,
independent,1234,aggregation_argmax,24,8.571522,0.7,6,5,5,137.2412369932447,472.9217720031738,221.88997609274728,0.57816361784935,0.7007001,658.8477,10,151,8.522631666666676,38.571526,30.000004,74.34507666666669,0.5,0.5068892240524292,uniform,uniform,10,0.0,0.0,0.0,0,
independent,1234,aggregation_argmax,25,8.404817,0.65000004,7,6,6,147.00558529450342,452.3004341125488,252.08096320812518,0.5240321099758148,0.6812301,742.15894,10,151,8.522631666666676,43.40482,35.000004,74.34507666666669,0.5,0.5068892240524292,uniform,uniform,10,0.0,0.0,0.0,0,
independent,1234,aggregation_argmax,26,6.9501157,0.75,5,2,2,149.79701578617096,468.42095375061035,257.74910068511963,0.4709497421979904,0.919537,867.9893,10,151,8.522631666666676,31.950115,25.0,74.34507666666669,0.5,0.5068892240524292,uniform,uniform,10,0.0,0.0,0.0,0,
independent,1234,aggregation_argmax,27,7.8833423,0.75,5,1,1,115.16662526130676,417.08407402038574,203.23601627349854,0.5392366051673889,0.66013974,692.66583,10,151,8.522631666666676,32.883343,25.0,74.34507666666669,0.5,0.5068892240524292,uniform,uniform,10,0.0,0.0,0.0,0,
independent,1234,aggregation_argmax,28,8.22177,0.95,1,1,1,129.59767812176756,455.80533027648926,257.8482949733734,0.6006459176540375,0.61232114,607.0046,10,151,8.522631666666676,13.221769,4.999999,74.34507666666669,0.5,0.5068892240524292,uniform,uniform,10,0.0,0.0,0.0,0,
independent,1234,aggregation_argmax,29,8.074165,0.85,3,3,3,174.9785420473884,478.0800533294678,296.9803127120523,0.5541793823242187,0.7641619,758.62494,10,151,8.522631666666676,23.074163,14.999998,74.34507666666669,0.5,0.5068892240524292,uniform,uniform,10,0.0,0.0,0.0,0,
independent,1234,aggregation_argmax,30,10.230948,0.90000004,2,1,1,131.8850964307785,473.708438873291,241.23038053512573,0.6920476496219635,0.28394273,440.97708,10,151,8.522631666666676,20.23095,10.000001,74.34507666666669,0.5,0.5068892240524292,uniform,uniform,10,0.0,0.0,0.0,0,
independent,1234,aggregation_argmax,31,7.986311,0.7,6,6,6,86.98475654636111,437.81785011291504,229.79320815631323,0.5064838618040085,0.7651793,761.36896,10,151,8.522631666666676,37.986313,30.000002,74.34507666666669,0.5,0.5068892240524292,uniform,uniform,10,0.0,0.0,0.0,0,
independent,1234,aggregation_argmax,32,9.347242,0.75,5,4,4,188.60600590705872,438.7631034851074,262.0035560131073,0.5869472563266754,0.59227574,607.82446,10,151,8.522631666666676,34.34724,24.999998,74.34507666666669,0.5,0.5068892240524292,uniform,uniform,10,0.0,0.0,0.0,0,
independent,1234,aggregation_argmax,33,6.0576124,0.8,4,3,3,151.34020417928696,457.58877754211426,274.0411904454231,0.4434769481420517,1.0009062,927.23883,10,151,8.522631666666676,26.057613,20.0,74.34507666666669,0.5,0.5068892240524292,uniform,uniform,10,0.0,0.0,0.0,0,
independent,1234,aggregation_argmax,34,8.84,0.85,3,0,0,150.82319519099067,476.9992160797119,279.6036289719974,0.5863319903612136,0.6635327,672.00006,10,151,8.522631666666676,23.84,15.0,74.34507666666669,0.5,0.5068892240524292,uniform,uniform,10,0.0,0.0,0.0,0,
independent,1234,aggregation_argmax,35,8.664735,0.65000004,7,3,3,139.59501564502716,426.1440181732178,262.03014850616455,0.5427178740501404,0.66234887,685.9819,10,151,8.522631666666676,43.664734,35.0,74.34507666666669,0.5,0.5068892240524292,uniform,uniform,10,0.0,0.0,0.0,0,
independent,1234,aggregation_argmax,36,8.082137,0.7,6,5,5,157.97476140516144,442.26244926452637,219.75231094019753,0.5145627647638321,0.8248299,750.30206,10,151,8.522631666666676,38.082134,29.999996,74.34507666666669,0.5,0.5068892240524292,uniform,uniform,10,0.0,0.0,0.0,0,
independent,1234,aggregation_argmax,37,9.441655,0.7,6,5,5,169.87684878919805,397.5174808502197,250.062267269407,0.5750000476837158,0.6090701,624.00006,10,151,8.522631666666676,39.441658,30.000004,74.34507666666669,0.5,0.5068892240524292,uniform,uniform,10,0.0,0.0,0.0,0,
independent,1234,aggregation_argmax,38,8.959988,0.8,4,4,4,163.48616123199463,444.0879821777344,264.54024732112885,0.5547326445579529,0.66394097,675.0014,10,151,8.522631666666676,28.959988,20.0,74.34507666666669,0.5,0.5068892240524292,uniform,uniform,10,0.0,0.0,0.0,0,
independent,1234,aggregation_argmax,39,9.097158,0.7,6,2,2,186.78286135196686,461.3520812988281,269.1780592714037,0.5866580247879029,0.6122142,630.9689,10,151,8.522631666666676,39.09716,30.000002,74.34507666666669,0.5,0.5068892240524292,uniform,uniform,10,0.0,0.0,0.0,0,
independent,1234,aggregation_argmax,40,9.898912,0.75,5,3,3,161.51498770713806,471.52064323425293,288.163507938385,0.6337730467319489,0.6276308,575.99994,10,151,8.522631666666676,34.89891,24.999998,74.34507666666669,0.5,0.5068892240524292,uniform,uniform,10,0.0,0.0,0.0,0,
independent,1234,aggregation_argmax,41,6.1688237,0.75,5,4,4,136.81177669763565,479.28099632263184,233.53212070465088,0.4552796810865402,1.0105063,929.11774,10,151,8.522631666666676,31.168821,24.999998,74.34507666666669,0.5,0.5068892240524292,uniform,uniform,10,0.0,0.0,0.0,0,
independent,1234,aggregation_argmax,42,6.303053,0.85,3,2,2,122.00367566417245,434.932165145874,237.1999052692862,0.4943945795297623,0.70900136,781.6948,10,151,8.522631666666676,21.303051,14.999998,74.34507666666669,0.5,0.5068892240524292,uniform,uniform,10,0.0,0.0,0.0,0,
independent,1234,aggregation_argmax,43,9.38,0.6,8,6,6,173.94428580999374,452.688045501709,248.9232376217842,0.5607750952243805,0.6296986,672.00006,10,151,8.522631666666676,49.379997,39.999996,74.34507666666669,0.5,0.5068892240524292,uniform,uniform,10,0.0,0.0,0.0,0,
independent,1234,aggregation_argmax,44,7.0876617,0.8,4,4,4,157.86976494826376,467.8997039794922,267.72609896957874,0.49194453954696654,0.8204062,834.0167,10,151,8.522631666666676,27.087662,20.0,74.34507666666669,0.5,0.5068892240524292,uniform,uniform,10,0.0,0.0,0.0,0,
independent,1234,aggregation_argmax,45,9.232058,0.95,1,0,0,125.35367159466995,452.45816230773926,233.59300864370246,0.6264425605535507,0.48395178,545.6885,10,151,8.522631666666676,14.232057,4.999999,74.34507666666669,0.5,0.5068892240524292,uniform,uniform,10,0.0,0.0,0.0,0,
independent,1234,aggregation_argmax,46,7.163515,0.75,5,3,3,101.82819998264313,431.6788673400879,199.12431478500366,0.4990030527114868,0.70906484,769.9143,10,151,8.522631666666676,32.163517,25.000002,74.34507666666669,0.5,0.5068892240524292,uniform,uniform,10,0.0,0.0,0.0,0,
independent,1234,aggregation_argmax,47,9.805712,0.65000004,7,6,6,130.3542256813783,424.6157455444336,232.45709277116336,0.5750000476837158,0.50714725,624.00006,10,151,8.522631666666676,44.80571,35.0,74.34507666666669,0.5,0.5068892240524292,uniform,uniform,10,0.0,0.0,0.0,0,
independent,1234,aggregation_argmax,48,8.510025,0.7,6,3,3,169.421911750521,468.7620735168457,258.2609714780535,0.5540931254625321,0.71317846,725.1169,10,151,8.522631666666676,38.510025,30.0,74.34507666666669,0.5,0.5068892240524292,uniform,uniform,10,0.0,0.0,0.0,0,
independent,1234,aggregation_argmax,49,7.7045937,0.8,4,2,2,151.46583762019873,470.56446075439453,244.3914256989956,0.5559050172567368,0.73004436,703.54065,10,151,8.522631666666676,27.704594,20.0,74.34507666666669,0.5,0.5068892240524292,uniform,uniform,10,0.0,0.0,0.0,0,
independent,1234,aggregation_argmax,50,8.617698,0.7,6,6,6,136.85051449707575,429.42249298095703,254.2760247843606,0.5334045886993408,0.61952126,703.86334,10,151,8.522631666666676,38.6177,30.0,74.34507666666669,0.5,0.5068892240524292,uniform,uniform,10,0.0,0.0,0.0,0,
independent,1234,aggregation_argmax,51,8.960293,0.85,3,3,3,132.99894175108741,464.2302703857422,223.8922893299776,0.6178560495376587,0.5784385,573.9468,10,151,8.522631666666676,23.960297,15.000004,74.34507666666669,0.5,0.5068892240524292,uniform,uniform,10,0.0,0.0,0.0,0,
independent,1234,aggregation_argmax,52,9.789829,0.85,3,3,3,185.81174759303823,437.77052879333496,261.08133231892305,0.6212502300739289,0.62042063,544.01697,10,151,8.522631666666676,24.789833,15.000004,74.34507666666669,0.5,0.5068892240524292,uniform,uniform,10,0.0,0.0,0.0,0,
independent,1234,aggregation_argmax,53,8.883674,0.8,4,2,2,173.79489675164223,464.1295909881592,286.8486861884594,0.5868938237428665,0.6233464,650.9225,10,151,8.522631666666676,28.883675,20.0,74.34507666666669,0.5,0.5068892240524292,uniform,uniform,10,0.0,0.0,0.0,0,
independent,1234,aggregation_argmax,54,7.8613505,0.75,5,3,3,165.31483137607574,458.30291748046875,227.8639624118805,0.5001594066619873,0.7650561,793.9971,10,151,8.522631666666676,32.86135,25.0,74.34507666666669,0.5,0.5068892240524292,uniform,uniform,10,0.0,0.0,0.0,0,
independent,1234,aggregation_argmax,55,11.666285,0.90000004,2,2,2,185.058464606603,475.6119918823242,280.84959228833515,0.7116955161094666,0.28687587,405.15662,10,151,8.522631666666676,21.666288,10.000004,74.34507666666669,0.5,0.5068892240524292,uniform,uniform,10,0.0,0.0,0.0,0,
independent,1234,aggregation_argmax,56,8.994429,0.8,4,1,1,131.7294893413782,375.75822830200195,230.59421584010124,0.5783556699752808,0.5309518,617.5572,10,151,8.522631666666676,28.994427,19.999998,74.34507666666669,0.5,0.5068892240524292,uniform,uniform,10,0.0,0.0,0.0,0,
independent,1234,aggregation_argmax,57,9.516478,0.75,5,5,5,156.08601416647434,464.7326374053955,265.80530083179474,0.5770596534013748,0.5320878,672.00006,10,151,8.522631666666676,34.51648,25.000002,74.34507666666669,0.5,0.5068892240524292,uniform,uniform,10,0.0,0.0,0.0,0,
independent,1234,aggregation_argmax,58,8.360001,0.6,8,7,7,133.67086932063103,478.4718132019043,252.68040925264359,0.5196395695209504,0.80781937,816.00006,10,151,8.522631666666676,48.360004,40.000004,74.34507666666669,0.5,0.5068892240524292,uniform,uniform,10,0.0,0.0,0.0,0,
independent,1234,aggregation_argmax,59,9.698009,0.85,3,3,3,174.68382523340338,423.9408302307129,256.23637865571413,0.5905447006225586,0.418119,594.1543,10,151,8.522631666666676,24.698008,14.999999,74.34507666666669,0.5,0.5068892240524292,uniform,uniform,10,0.0,0.0,0.0,0,
independent,1234,aggregation_softmax,0,14.680565,0.95,1,1,1,173.78497104895743,440.9769630432129,222.02320726294266,0.8912521630525589,0.07969071,32.981865,10,147,6.780873333333437,19.680565,5.0,64.60784666666667,0.5,0.5068892240524292,uniform,uniform,10,0.0,0.0,0.0,0,
independent,1234,aggregation_softmax,1,15.200303,0.65000004,7,6,6,163.1098827948937,463.4645462036133,243.5003740970905,0.8518203139305115,0.12817642,123.969696,10,147,6.780873333333437,50.200306,35.000004,64.60784666666667,0.5,0.5068892240524292,uniform,uniform,10,0.0,0.0,0.0,0,
independent,1234,aggregation_softmax,2,15.126523,0.7,6,4,4,159.85671605382646,465.0758743286133,269.38217282295227,0.866610798239708,0.14559174,98.89705,10,147,6.780873333333437,45.126526,30.000004,64.60784666666667,0.5,0.5068892240524292,uniform,uniform,10,0.0,0.0,0.0,0,
independent,1234,aggregation_softmax,3,15.932211,0.5,10,9,9,111.67201066017151,461.1039161682129,222.89460611343384,0.8707045257091522,0.109107785,85.35144,10,147,6.780873333333437,65.93221,50.0,64.60784666666667,0.5,0.5068892240524292,uniform,uniform,10,0.0,0.0,0.0,0,
independent,1234,aggregation_softmax,4,14.857323,0.75,5,5,5,95.58010149002075,458.61351013183594,225.96385860443115,0.8486044585704804,0.07174229,138.26768,10,147,6.780873333333437,39.857323,25.0,64.60784666666667,0.5,0.5068892240524292,uniform,uniform,10,0.0,0.0,0.0,0,
independent,1234,aggregation_softmax,5,11.870759,0.95,1,0,0,150.4271878066816,477.08913803100586,251.1337485438899,0.8128446519374848,0.12994438,213.46825,10,147,6.780873333333437,16.870762,5.000003,64.60784666666667,0.5,0.5068892240524292,uniform,uniform,10,0.0,0.0,0.0,0,
independent,1234,aggregation_softmax,6,11.149178,0.95,1,1,1,111.97764139426381,457.2011089324951,202.43522418172736,0.7177807807922363,0.18149772,396.86987,10,147,6.780873333333437,16.149174,4.999996,64.60784666666667,0.5,0.5068892240524292,uniform,uniform,10,0.0,0.0,0.0,0,
independent,1234,aggregation_softmax,7,13.817556,0.85,3,1,1,175.25405740036683,428.2350254058838,249.73189073450425,0.8508564233779907,0.164089,94.35578,10,147,6.780873333333437,28.817554,14.999998,64.60784666666667,0.5,0.5068892240524292,uniform,uniform,10,0.0,0.0,0.0,0,
independent,1234,aggregation_softmax,8,16.170307,0.75,5,2,2,127.87711691856384,473.05872917175293,238.411066532135,0.9198382884263993,0.0916849,2.9693813,10,147,6.780873333333437,41.170303,24.999996,64.60784666666667,0.5,0.5068892240524292,uniform,uniform,10,0.0,0.0,0.0,0,
independent,1234,aggregation_softmax,9,16.285328,0.7,6,5,5,170.3268985237394,440.3138065338135,261.7920858519418,0.9030741780996323,0.12248935,7.4671097,10,147,6.780873333333437,46.28533,30.000004,64.60784666666667,0.5,0.5068892240524292,uniform,uniform,10,0.0,0.0,0.0,0,
independent,1234,aggregation_softmax,10,14.474428,0.90000004,2,2,2,184.79582558075586,477.6310443878174,276.40775084495544,0.8883493036031723,0.10928145,68.00059,10,147,6.780873333333437,24.47443,10.000002,64.60784666666667,0.5,0.5068892240524292,uniform,uniform,10,0.0,0.0,0.0,0,
independent,1234,aggregation_softmax,11,16.09237,0.6,8,7,7,153.46422046422958,426.64581298828125,202.08727300167084,0.8589775562286377,0.14054179,78.76314,10,147,6.780873333333437,56.09237,40.0,64.60784666666667,0.5,0.5068892240524292,uniform,uniform,10,0.0,0.0,0.0,0,
independent,1234,aggregation_softmax,12,15.27211,0.90000004,2,2,2,152.21336742242178,473.23410987854004,277.307923634847,0.8889739394187928,0.06766495,76.06178,10,147,6.780873333333437,25.272114,10.000004,64.60784666666667,0.5,0.5068892240524292,uniform,uniform,10,0.0,0.0,0.0,0,
independent,1234,aggregation_softmax,13,12.954326,0.8,4,4,4,84.95352767407894,459.4783687591553,195.63785634934902,0.7521012216806412,0.07507796,311.4441,10,147,6.780873333333437,32.954327,20.0,64.60784666666667,0.5,0.5068892240524292,uniform,uniform,10,0.0,0.0,0.0,0,
independent,1234,aggregation_softmax,14,15.31,0.8,4,3,3,170.5458252131939,438.50850105285645,259.7974482178688,0.8804646313190461,0.1093642,48.0,10,147,6.780873333333437,35.310005,20.000004,64.60784666666667,0.5,0.5068892240524292,uniform,uniform,10,0.0,0.0,0.0,0,
independent,1234,aggregation_softmax,15,13.054665,0.8,4,4,4,100.76037280261517,445.5713653564453,186.77037678658962,0.7932790756225586,0.19143756,218.47566,10,147,6.780873333333437,33.054665,20.0,64.60784666666667,0.5,0.5068892240524292,uniform,uniform,10,0.0,0.0,0.0,0,
independent,1234,aggregation_softmax,16,15.389809,0.55,9,7,7,126.1236129023812,472.650146484375,247.23537748510188,0.8358157753944397,0.111726806,171.01923,10,147,6.780873333333437,60.38981,45.0,64.60784666666667,0.5,0.5068892240524292,uniform,uniform,10,0.0,0.0,0.0,0,
independent,1234,aggregation_softmax,17,13.816008,0.90000004,2,1,1,132.63642013072968,449.5056438446045,235.00905672709146,0.8295147806406021,0.059127923,152.83734,10,147,6.780873333333437,23.816006,9.999998,64.60784666666667,0.5,0.5068892240524292,uniform,uniform,10,0.0,0.0,0.0,0,
independent,1234,aggregation_softmax,18,15.632524,0.8,4,3,3,141.90711703151464,470.00950813293457,282.9084424674511,0.8786785274744033,0.05885694,89.74759,10,147,6.780873333333437,35.632526,20.000004,64.60784666666667,0.5,0.5068892240524292,uniform,uniform,10,0.0,0.0,0.0,0,
independent,1234,aggregation_softmax,19,14.540276,0.65000004,7,4,4,113.15616206480907,396.7255210876465,171.97137759282037,0.8244935274124146,0.09450915,144.9725,10,147,6.780873333333437,49.54028,35.000004,64.60784666666667,0.5,0.5068892240524292,uniform,uniform,10,0.0,0.0,0.0,0,
independent,1234,aggregation_softmax,20,15.43192,0.8,4,3,3,157.89792615920305,443.0145263671875,245.21880716085434,0.9057368278503418,0.041441754,0.0,10,147,6.780873333333437,35.431923,20.000004,64.60784666666667,0.5,0.5068892240524292,uniform,uniform,10,0.0,0.0,0.0,0,
independent,1234,aggregation_softmax,21,15.445108,0.6,8,4,4,155.86547046899796,456.45069122314453,210.8801519870758,0.878573739528656,0.05608377,65.58928,10,147,6.780873333333437,55.44511,40.0,64.60784666666667,0.5,0.5068892240524292,uniform,uniform,10,0.0,0.0,0.0,0,
independent,1234,aggregation_softmax,22,14.760771,0.8,4,4,4,93.35081655532122,462.6379680633545,190.20846225321293,0.8502179771661759,0.03609278,126.219505,10,147,6.780873333333437,34.760773,20.000002,64.60784666666667,0.5,0.5068892240524292,uniform,uniform,10,0.0,0.0,0.0,0,
independent,1234,aggregation_softmax,23,15.980006,0.6,8,8,8,142.2268371284008,456.42459869384766,218.42558979988098,0.8727861285209656,0.051371507,76.67542,10,147,6.780873333333437,55.98001,40.000004,64.60784666666667,0.5,0.5068892240524292,uniform,uniform,10,0.0,0.0,0.0,0,
independent,1234,aggregation_softmax,24,15.657866,0.65000004,7,5,5,148.86987117620615,471.8568706512451,238.2339989222013,0.8884077847003937,0.08255303,70.430084,10,147,6.780873333333437,50.65787,35.000008,64.60784666666667,0.5,0.5068892240524292,uniform,uniform,10,0.0,0.0,0.0,0,
independent,1234,aggregation_softmax,25,16.07,0.75,5,4,4,189.06021749973297,468.2837963104248,301.40055799484253,0.9254294812679291,0.044954967,0.0,10,147,6.780873333333437,41.070004,25.000004,64.60784666666667,0.5,0.5068892240524292,uniform,uniform,10,0.0,0.0,0.0,0,
independent,1234,aggregation_softmax,26,12.246126,0.8,4,3,3,126.75907474011183,351.66006088256836,195.12373968958855,0.7602149248123169,0.16927725,268.38742,10,147,6.780873333333437,32.246124,19.999998,64.60784666666667,0.5,0.5068892240524292,uniform,uniform,10,0.0,0.0,0.0,0,
independent,1234,aggregation_softmax,27,11.790308,0.85,3,1,1,94.30464148521423,427.5519275665283,195.80738551476423,0.7213085889816284,0.19763573,343.08755,10,147,6.780873333333437,26.79031,15.000002,64.60784666666667,0.5,0.5068892240524292,uniform,uniform,10,0.0,0.0,0.0,0,
independent,1234,aggregation_softmax,28,14.267972,0.8,4,4,4,103.73368754982948,446.2455940246582,224.72274988889694,0.8467625856399537,0.09432361,124.297455,10,147,6.780873333333437,34.26797,20.0,64.60784666666667,0.5,0.5068892240524292,uniform,uniform,10,0.0,0.0,0.0,0,
independent,1234,aggregation_softmax,29,12.894325,0.85,3,3,3,115.6565821872038,465.8225727081299,245.3253149986267,0.8137927979230881,0.1223033,203.36232,10,147,6.780873333333437,27.894325,15.0,64.60784666666667,0.5,0.5068892240524292,uniform,uniform,10,0.0,0.0,0.0,0,
independent,1234,aggregation_softmax,30,14.045482,0.8,4,3,3,116.85459561645985,459.4787120819092,220.87154120206833,0.8513141661882401,0.09682708,120.95564,10,147,6.780873333333437,34.045486,20.000004,64.60784666666667,0.5,0.5068892240524292,uniform,uniform,10,0.0,0.0,0.0,0,
independent,1234,aggregation_softmax,31,13.721678,0.85,3,3,3,105.98878793856677,479.1607475280762,227.1839824844809,0.8198000818490982,0.20799781,244.9346,10,147,6.780873333333437,28.721678,15.0,64.60784666666667,0.5,0.5068892240524292,uniform,uniform,10,0.0,0.0,0.0,0,
independent,1234,aggregation_softmax,32,11.911599,0.8,4,3,3,113.4686254709959,429.2859077453613,183.5288292914629,0.7148897051811218,0.094448596,355.41177,10,147,6.780873333333437,31.911598,20.0,64.60784666666667,0.5,0.5068892240524292,uniform,uniform,10,0.0,0.0,0.0,0,
independent,1234,aggregation_softmax,33,12.400233,0.8,4,2,2,111.0010539740324,468.1231498718262,248.64413045346737,0.7235885292291642,0.2905138,385.52014,10,147,6.780873333333437,32.400234,20.0,64.60784666666667,0.5,0.5068892240524292,uniform,uniform,10,0.0,0.0,0.0,0,
independent,1234,aggregation_softmax,34,14.70069,0.75,5,3,3,120.4174016714096,396.058931350708,193.83243370056152,0.8368587493896484,0.038626768,121.231224,10,147,6.780873333333437,39.70069,25.0,64.60784666666667,0.5,0.5068892240524292,uniform,uniform,10,0.0,0.0,0.0,0,
independent,1234,aggregation_softmax,35,13.478593,0.6,8,3,3,81.53227008879185,419.6213436126709,152.21661418676376,0.7521650791168213,0.22340252,283.84305,10,147,6.780873333333437,53.47859,39.999996,64.60784666666667,0.5,0.5068892240524292,uniform,uniform,10,0.0,0.0,0.0,0,
independent,1234,aggregation_softmax,36,14.634362,0.65000004,7,4,4,139.06773585539597,438.284912109375,227.12077370056738,0.8102014899253845,0.09499327,178.69814,10,147,6.780873333333437,49.634365,35.000004,64.60784666666667,0.5,0.5068892240524292,uniform,uniform,10,0.0,0.0,0.0,0,
independent,1234,aggregation_softmax,37,15.17804,0.8,4,3,3,149.5873227249831,428.84860038757324,239.00817051529884,0.8750001192092896,0.067543894,48.0,10,147,6.780873333333437,35.178047,20.000008,64.60784666666667,0.5,0.5068892240524292,uniform,uniform,10,0.0,0.0,0.0,0,
independent,1234,aggregation_softmax,38,15.539682,0.75,5,5,5,145.90369200706482,411.4526081085205,218.95987844467163,0.8862611055374146,0.10057529,26.378786,10,147,6.780873333333437,40.539692,25.00001,64.60784666666667,0.5,0.5068892240524292,uniform,uniform,10,0.0,0.0,0.0,0,
independent,1234,aggregation_softmax,39,15.765442,0.7,6,2,2,156.6050550341606,441.3362503051758,265.7820858274187,0.9048627257347107,0.0691333,0.0,10,147,6.780873333333437,45.76544,30.0,64.60784666666667,0.5,0.5068892240524292,uniform,uniform,10,0.0,0.0,0.0,0,
independent,1234,aggregation_softmax,40,14.795032,0.8,4,1,1,156.07179790735245,474.11190032958984,255.6064273416996,0.9010298877954483,0.032359835,46.436882,10,147,6.780873333333437,34.795025,19.999992,64.60784666666667,0.5,0.5068892240524292,uniform,uniform,10,0.0,0.0,0.0,0,
independent,1234,aggregation_softmax,41,13.485306,0.75,5,4,4,116.47598499059677,465.966739654541,232.8978705406189,0.7760283082723618,0.07025494,272.5314,10,147,6.780873333333437,38.485306,25.0,64.60784666666667,0.5,0.5068892240524292,uniform,uniform,10,0.0,0.0,0.0,0,
independent,1234,aggregation_softmax,42,14.472408,0.8,4,3,3,151.55375763773918,467.51675605773926,270.079994648695,0.8756844878196717,0.07365092,114.69133,10,147,6.780873333333437,34.472412,20.000004,64.60784666666667,0.5,0.5068892240524292,uniform,uniform,10,0.0,0.0,0.0,0,
independent,1234,aggregation_softmax,43,15.208969,0.55,9,7,7,113.72047727758235,377.5931167602539,193.15205909989098,0.8174092173576355,0.1431571,158.5744,10,147,6.780873333333437,60.208965,44.999996,64.60784666666667,0.5,0.5068892240524292,uniform,uniform,10,0.0,0.0,0.0,0,
independent,1234,aggregation_softmax,44,14.602344,0.8,4,2,2,124.64786611497402,433.7881565093994,237.25856199860573,0.8733187407255173,0.05100836,53.016273,10,147,6.780873333333437,34.602345,20.0,64.60784666666667,0.5,0.5068892240524292,uniform,uniform,10,0.0,0.0,0.0,0,
independent,1234,aggregation_softmax,45,16.261574,0.65000004,7,6,6,146.07723265886307,351.4805030822754,201.71203466562125,0.8750001192092896,0.037010994,47.999985,10,147,6.780873333333437,51.26157,34.999996,64.60784666666667,0.5,0.5068892240524292,uniform,uniform,10,0.0,0.0,0.0,0,
independent,1234,aggregation_softmax,46,12.7648115,0.8,4,2,2,88.99074845016003,465.8350467681885,200.07479332387447,0.7940757095813751,0.08134812,278.24042,10,147,6.780873333333437,32.76481,19.999996,64.60784666666667,0.5,0.5068892240524292,uniform,uniform,10,0.0,0.0,0.0,0,
independent,1234,aggregation_softmax,47,14.1407385,0.7,6,5,5,163.99835228919983,471.00525856018066,279.9057759557451,0.8304235816001893,0.13159938,187.55019,10,147,6.780873333333437,44.140736,29.999996,64.60784666666667,0.5,0.5068892240524292,uniform,uniform,10,0.0,0.0,0.0,0,
independent,1234,aggregation_softmax,48,14.028315,0.55,9,6,6,99.65188671242107,444.92528915405273,186.1896440115842,0.7604163229465485,0.115299776,280.92615,10,147,6.780873333333437,59.028313,45.0,64.60784666666667,0.5,0.5068892240524292,uniform,uniform,10,0.0,0.0,0.0,0,
independent,1234,aggregation_softmax,49,13.844904,0.8,4,1,1,120.3967696800828,450.7796287536621,226.56364582479,0.8470812976360321,0.062605485,120.38367,10,147,6.780873333333437,33.844902,19.999998,64.60784666666667,0.5,0.5068892240524292,uniform,uniform,10,0.0,0.0,0.0,0,
independent,1234,aggregation_softmax,50,14.60857,0.75,5,5,5,172.20529460906982,446.9457149505615,248.67511796951294,0.8446250945329666,0.08231747,121.2657,10,147,6.780873333333437,39.60857,25.0,64.60784666666667,0.5,0.5068892240524292,uniform,uniform,10,0.0,0.0,0.0,0,
independent,1234,aggregation_softmax,51,14.180244,0.85,3,3,3,112.23500500707065,453.9909839630127,219.17135575238396,0.8651493281126023,0.078339726,88.904465,10,147,6.780873333333437,29.180244,15.0,64.60784666666667,0.5,0.5068892240524292,uniform,uniform,10,0.0,0.0,0.0,0,
independent,1234,aggregation_softmax,52,15.226011,0.8,4,4,4,172.28684395551682,467.7131652832031,236.2580405920744,0.8725596904754639,0.03009738,88.3988,10,147,6.780873333333437,35.226013,20.000002,64.60784666666667,0.5,0.5068892240524292,uniform,uniform,10,0.0,0.0,0.0,0,
independent,1234,aggregation_softmax,53,14.469704,0.8,4,2,2,112.61498473584652,460.59728622436523,225.90464428067207,0.8598762094974518,0.14189331,105.635,10,147,6.780873333333437,34.469704,20.0,64.60784666666667,0.5,0.5068892240524292,uniform,uniform,10,0.0,0.0,0.0,0,
independent,1234,aggregation_softmax,54,14.762289,0.75,5,4,4,157.15730500221252,435.33562660217285,216.06607460975647,0.8555024355649948,0.08552416,88.77115,10,147,6.780873333333437,39.76229,25.000002,64.60784666666667,0.5,0.5068892240524292,uniform,uniform,10,0.0,0.0,0.0,0,
independent,1234,aggregation_softmax,55,15.536936,0.90000004,2,2,2,145.3344682852427,444.58322525024414,250.0010073184967,0.8951450914144516,0.031014942,25.314402,10,147,6.780873333333437,25.536934,9.999998,64.60784666666667,0.5,0.5068892240524292,uniform,uniform,10,0.0,0.0,0.0,0,
independent,1234,aggregation_softmax,56,15.591398,0.75,5,1,1,160.7283365726471,471.75822257995605,265.11737608909607,0.8951654821634293,0.0608548,49.04069,10,147,6.780873333333437,40.591396,24.999998,64.60784666666667,0.5,0.5068892240524292,uniform,uniform,10,0.0,0.0,0.0,0,
independent,1234,aggregation_softmax,57,16.033434,0.75,5,5,5,196.84521341323853,478.3572578430176,287.5518054962158,0.917273935675621,0.03654739,23.227873,10,147,6.780873333333437,41.033432,24.999998,64.60784666666667,0.5,0.5068892240524292,uniform,uniform,10,0.0,0.0,0.0,0,
independent,1234,aggregation_softmax,58,15.938839,0.7,6,5,5,104.72830665963036,438.94237518310547,233.4521073102951,0.8654055237770081,0.03916413,73.36393,10,147,6.780873333333437,45.938843,30.000004,64.60784666666667,0.5,0.5068892240524292,uniform,uniform,10,0.0,0.0,0.0,0,
independent,1234,aggregation_softmax,59,12.967279,0.90000004,2,2,2,120.45854926109314,447.3438262939453,217.7054414153099,0.7820656925439835,0.1478956,251.89001,10,147,6.780873333333437,22.967281,10.000002,64.60784666666667,0.5,0.5068892240524292,uniform,uniform,10,0.0,0.0,0.0,0,
independent,1234,aggregation_softmax,0,12.983231,1.0,0,0,0,178.95964336395264,404.05497550964355,231.00481581687927,0.8449399471282959,0.15099314,105.71547,10,150,7.201356666666836,12.983231,0.0,66.71610666666668,0.5,0.5068892240524292,uniform,uniform,10,0.0,0.0,0.0,1,
independent,1234,aggregation_softmax,1,15.875666,0.7,6,5,5,142.79903635382652,461.72255516052246,236.94813455854143,0.8796345978975296,0.024978822,68.8242,10,150,7.201356666666836,45.875664,29.999998,66.71610666666668,0.5,0.5068892240524292,uniform,uniform,10,0.0,0.0,0.0,1,
independent,1234,aggregation_softmax,2,14.036697,0.85,3,2,2,118.77236066495671,462.3515796661377,238.137488785912,0.8592507362365722,0.12561204,141.5823,10,150,7.201356666666836,29.0367,15.000002,66.71610666666668,0.5,0.5068892240524292,uniform,uniform,10,0.0,0.0,0.0,1,
independent,1234,aggregation_softmax,3,14.0538645,0.8,4,3,3,107.89715208113194,455.9322166442871,236.64381958544254,0.8302155315876008,0.1303348,180.34259,10,150,7.201356666666836,34.053867,20.000004,66.71610666666668,0.5,0.5068892240524292,uniform,uniform,10,0.0,0.0,0.0,1,
independent,1234,aggregation_softmax,4,16.354885,0.65000004,7,7,7,168.0356901884079,478.35803031921387,259.13147339454065,0.9457058727741241,0.0465628,33.511517,10,150,7.201356666666836,51.35489,35.000004,66.71610666666668,0.5,0.5068892240524292,uniform,uniform,10,0.0,0.0,0.0,1,
independent,1234,aggregation_softmax,5,13.863078,0.85,3,2,2,160.5165243850035,450.00160217285156,247.94151390300078,0.8683904647827149,0.07179819,78.69203,10,150,7.201356666666836,28.86308,15.000001,66.71610666666668,0.5,0.5068892240524292,uniform,uniform,10,0.0,0.0,0.0,1,
independent,1234,aggregation_softmax,6,13.7625885,0.90000004,2,2,2,138.89268577098846,475.6274127960205,216.54780983924866,0.8182100236415863,0.0773149,203.00447,10,150,7.201356666666836,23.762589,10.0,66.71610666666668,0.5,0.5068892240524292,uniform,uniform,10,0.0,0.0,0.0,1,
independent,1234,aggregation_softmax,7,14.222486,0.8,4,0,0,145.83135198801756,433.302583694458,247.21314579248428,0.8781506508588791,0.06867983,43.25351,10,150,7.201356666666836,34.222485,20.0,66.71610666666668,0.5,0.5068892240524292,uniform,uniform,10,0.0,0.0,0.0,1,
independent,1234,aggregation_softmax,8,15.484867,0.8,4,3,3,156.70816406607628,478.3076763153076,242.59729765355587,0.9078568339347839,0.072874,48.0,10,150,7.201356666666836,35.484863,19.999996,66.71610666666668,0.5,0.5068892240524292,uniform,uniform,10,0.0,0.0,0.0,1,
independent,1234,aggregation_softmax,9,16.619999,0.6,8,7,7,232.99632102251053,471.1036491394043,315.1961088180542,0.9505902498960495,0.06235494,0.0,10,150,7.201356666666836,56.620007,40.000008,66.71610666666668,0.5,0.5068892240524292,uniform,uniform,10,0.0,0.0,0.0,1,
independent,1234,aggregation_softmax,10,14.457029,0.85,3,2,2,177.61482670026666,450.3904724121094,267.0347754394307,0.8740301907062531,0.10006847,75.651855,10,150,7.201356666666836,29.457027,14.999998,66.71610666666668,0.5,0.5068892240524292,uniform,uniform,10,0.0,0.0,0.0,1,
independent,1234,aggregation_softmax,11,14.489706,0.7,6,5,5,132.59652716772896,429.0116214752197,217.4105544601168,0.8139334917068481,0.12755275,165.24779,10,150,7.201356666666836,44.4897,29.999994,66.71610666666668,0.5,0.5068892240524292,uniform,uniform,10,0.0,0.0,0.0,1,
independent,1234,aggregation_softmax,12,14.85807,0.95,1,1,1,189.97553944587708,479.39223289489746,309.27564646068373,0.9227392345666885,0.04801749,96.0,10,150,7.201356666666836,19.858063,4.9999924,66.71610666666668,0.5,0.5068892240524292,uniform,uniform,10,0.0,0.0,0.0,1,
independent,1234,aggregation_softmax,13,14.732584,0.75,5,5,5,121.25293815135956,393.0897331237793,205.28665375709534,0.8430247902870178,0.06461071,109.392525,10,150,7.201356666666836,39.732586,25.000002,66.71610666666668,0.5,0.5068892240524292,uniform,uniform,10,0.0,0.0,0.0,1,
independent,1234,aggregation_softmax,14,14.505518,0.8,4,3,3,117.99315690994263,451.49036407470703,216.1987191438675,0.8465076327323914,0.1208061,122.19581,10,150,7.201356666666836,34.505516,19.999998,66.71610666666668,0.5,0.5068892240524292,uniform,uniform,10,0.0,0.0,0.0,1,
independent,1234,aggregation_softmax,15,14.948732,0.8,4,4,4,109.68671254813671,437.7581977844238,193.99502500891685,0.8670086205005646,0.06618666,69.10181,10,150,7.201356666666836,34.948734,20.000002,66.71610666666668,0.5,0.5068892240524292,uniform,uniform,10,0.0,0.0,0.0,1,
independent,1234,aggregation_softmax,16,14.608385,0.8,4,3,3,184.3421610072255,479.7484874725342,282.90056616067886,0.9015103638172149,0.08464419,104.359665,10,150,7.201356666666836,34.608383,19.999998,66.71610666666668,0.5,0.5068892240524292,uniform,uniform,10,0.0,0.0,0.0,1,
independent,1234,aggregation_softmax,17,16.313383,0.65000004,7,3,3,175.86557411230527,472.1232032775879,256.2818714288565,0.9132288724184037,0.03816244,48.0,10,150,7.201356666666836,51.313377,34.999992,66.71610666666668,0.5,0.5068892240524292,uniform,uniform,10,0.0,0.0,0.0,1,
independent,1234,aggregation_softmax,18,16.294146,0.7,6,5,5,153.5489075098719,397.3893642425537,215.0906012739454,0.8757102489471436,0.044210352,46.636482,10,150,7.201356666666836,46.294144,29.999998,66.71610666666668,0.5,0.5068892240524292,uniform,uniform,10,0.0,0.0,0.0,1,
independent,1234,aggregation_softmax,19,13.173524,0.75,5,2,2,141.74937051534653,418.6794376373291,226.22494173049927,0.779151201248169,0.13514608,232.02982,10,150,7.201356666666836,38.173527,25.000004,66.71610666666668,0.5,0.5068892240524292,uniform,uniform,10,0.0,0.0,0.0,1,
independent,1234,aggregation_softmax,20,14.171112,0.90000004,2,1,1,118.32856009403865,441.1329460144043,233.14435362815857,0.8744741022586823,0.08802045,58.142822,10,150,7.201356666666836,24.171116,10.000004,66.71610666666668,0.5,0.5068892240524292,uniform,uniform,10,0.0,0.0,0.0,1,
independent,1234,aggregation_softmax,21,16.159925,0.5,10,6,6,126.83013939857483,352.2974109649658,182.86796379089355,0.9000000953674316,0.09181257,0.0,10,150,7.201356666666836,66.15992,49.999992,66.71610666666668,0.5,0.5068892240524292,uniform,uniform,10,0.0,0.0,0.0,1,
independent,1234,aggregation_softmax,22,15.832666,0.65000004,7,7,7,144.67065494794113,403.4871768951416,227.21096882453332,0.8644839525222778,0.036356375,68.19091,10,150,7.201356666666836,50.832672,35.000008,66.71610666666668,0.5,0.5068892240524292,uniform,uniform,10,0.0,0.0,0.0,1,
independent,1234,aggregation_softmax,23,15.272761,0.8,4,4,4,101.81392941623926,471.9828128814697,253.45198273658752,0.9141218841075898,0.033276483,52.579277,10,150,7.201356666666836,35.272762,20.0,66.71610666666668,0.5,0.5068892240524292,uniform,uniform,10,0.0,0.0,0.0,1,
independent,1234,aggregation_softmax,24,14.125565,0.75,5,3,3,126.78622126579285,430.374813079834,226.5159134864807,0.8058199286460876,0.12195566,180.82594,10,150,7.201356666666836,39.125565,25.0,66.71610666666668,0.5,0.5068892240524292,uniform,uniform,10,0.0,0.0,0.0,1,
independent,1234,aggregation_softmax,25,16.703682,0.55,9,8,8,155.1695864308964,456.0249710083008,270.05336197939783,0.9095797181129456,0.08000215,5.632118,10,150,7.201356666666836,61.70369,45.000008,66.71610666666668,0.5,0.5068892240524292,uniform,uniform,10,0.0,0.0,0.0,1,
independent,1234,aggregation_softmax,26,14.447741,0.75,5,4,4,157.44831573963165,461.3273620605469,216.74399948120117,0.8486976206302643,0.022959642,154.22592,10,150,7.201356666666836,39.44774,24.999998,66.71610666666668,0.5,0.5068892240524292,uniform,uniform,10,0.0,0.0,0.0,1,
independent,1234,aggregation_softmax,27,11.363039,0.85,3,1,1,106.48229441222023,444.0764808654785,207.9850381262162,0.7478066623210907,0.104509935,304.28775,10,150,7.201356666666836,26.363043,15.000004,66.71610666666668,0.5,0.5068892240524292,uniform,uniform,10,0.0,0.0,0.0,1,
independent,1234,aggregation_softmax,28,12.572933,0.90000004,2,2,2,114.33948189020157,474.0622329711914,232.57417956988016,0.7892423510551453,0.09357455,254.71701,10,150,7.201356666666836,22.572931,9.999998,66.71610666666668,0.5,0.5068892240524292,uniform,uniform,10,0.0,0.0,0.0,1,
independent,1234,aggregation_softmax,29,15.388756,0.90000004,2,2,2,131.01332902908325,471.6182041168213,284.6646296977997,0.9199585735797882,0.045589697,43.68184,10,150,7.201356666666836,25.38876,10.000004,66.71610666666668,0.5,0.5068892240524292,uniform,uniform,10,0.0,0.0,0.0,1,
independent,1234,aggregation_softmax,30,14.463976,0.90000004,2,1,1,142.94511695702872,473.7776756286621,252.29040145874023,0.8979309678077698,0.07274739,83.92841,10,150,7.201356666666836,24.463974,9.999998,66.71610666666668,0.5,0.5068892240524292,uniform,uniform,10,0.0,0.0,0.0,1,
independent,1234,aggregation_softmax,31,14.734325,0.85,3,3,3,117.0071807679008,465.9802436828613,251.35338685091804,0.8379757732152939,0.0658499,164.56735,10,150,7.201356666666836,29.734325,15.0,66.71610666666668,0.5,0.5068892240524292,uniform,uniform,10,0.0,0.0,0.0,1,
independent,1234,aggregation_softmax,32,14.065907,0.75,5,4,4,88.72095704078674,429.2859077453613,185.6409604549408,0.8252718448638916,0.09716905,143.47821,10,150,7.201356666666836,39.065903,24.999996,66.71610666666668,0.5,0.5068892240524292,uniform,uniform,10,0.0,0.0,0.0,1,
independent,1234,aggregation_softmax,33,14.610473,0.7,6,2,2,132.98459121159144,471.1388683319092,246.90210444586617,0.8395889222621917,0.059493266,202.64125,10,150,7.201356666666836,44.610477,30.000004,66.71610666666668,0.5,0.5068892240524292,uniform,uniform,10,0.0,0.0,0.0,1,
independent,1234,aggregation_softmax,34,14.458511,0.75,5,2,2,107.62562465667725,479.0060234069824,230.38124108314514,0.828352290391922,0.17154013,194.89224,10,150,7.201356666666836,39.458515,25.000004,66.71610666666668,0.5,0.5068892240524292,uniform,uniform,10,0.0,0.0,0.0,1,
independent,1234,aggregation_softmax,35,13.140429,0.8,4,3,3,110.30977724120021,443.6578559875488,213.72582480311394,0.7813871443271637,0.10772185,239.39468,10,150,7.201356666666836,33.140427,19.999998,66.71610666666668,0.5,0.5068892240524292,uniform,uniform,10,0.0,0.0,0.0,1,
independent,1234,aggregation_softmax,36,13.951775,0.8,4,2,2,127.45679173618555,477.19502449035645,255.17255678772926,0.8406606674194336,0.062475216,253.63527,10,150,7.201356666666836,33.95178,20.000004,66.71610666666668,0.5,0.5068892240524292,uniform,uniform,10,0.0,0.0,0.0,1,
independent,1234,aggregation_softmax,37,14.966675,0.8,4,3,3,157.03998050652444,426.1141777038574,233.23737055063248,0.8545144200325012,0.045256525,87.3325,10,150,7.201356666666836,34.966675,20.0,66.71610666666668,0.5,0.5068892240524292,uniform,uniform,10,0.0,0.0,0.0,1,
independent,1234,aggregation_softmax,38,16.319677,0.7,6,6,6,155.9110164642334,390.3031253814697,226.6161356653486,0.9000000953674316,0.035242334,5.722046e-06,10,150,7.201356666666836,46.31967,29.999994,66.71610666666668,0.5,0.5068892240524292,uniform,uniform,10,0.0,0.0,0.0,1,
independent,1234,aggregation_softmax,39,14.516571,0.7,6,2,2,167.70105344908578,431.8934154510498,250.23910863058907,0.8206908702850342,0.09821726,152.27373,10,150,7.201356666666836,44.516575,30.000004,66.71610666666668,0.5,0.5068892240524292,uniform,uniform,10,0.0,0.0,0.0,1,
independent,1234,aggregation_softmax,40,15.649811,0.85,3,1,1,150.20049396683189,457.74730682373047,265.8310700865353,0.9134101510047913,0.12749775,0.0,10,150,7.201356666666836,30.64981,15.0,66.71610666666668,0.5,0.5068892240524292,uniform,uniform,10,0.0,0.0,0.0,1,
independent,1234,aggregation_softmax,41,13.083508,0.65000004,7,6,6,106.10987161214535,449.51308250427246,180.98100267923795,0.7636322855949402,0.057573225,285.93646,10,150,7.201356666666836,48.083504,34.999996,66.71610666666668,0.5,0.5068892240524292,uniform,uniform,10,0.0,0.0,0.0,1,
independent,1234,aggregation_softmax,42,11.28729,0.85,3,2,2,107.0024832907845,434.932165145874,222.19871289589827,0.7039902001619339,0.106334485,379.27097,10,150,7.201356666666836,26.28729,15.000001,66.71610666666668,0.5,0.5068892240524292,uniform,uniform,10,0.0,0.0,0.0,1,
independent,1234,aggregation_softmax,43,16.353384,0.55,9,7,7,134.61833368648183,471.9426155090332,249.31034933437002,0.8948443472385407,0.05970184,49.841625,10,150,7.201356666666836,61.353386,45.0,66.71610666666668,0.5,0.5068892240524292,uniform,uniform,10,0.0,0.0,0.0,1,
independent,1234,aggregation_softmax,44,15.723527,0.75,5,4,4,136.61185121536255,422.1309471130371,243.8647699356079,0.8836301565170288,0.05805804,31.430254,10,150,7.201356666666836,40.723526,25.0,66.71610666666668,0.5,0.5068892240524292,uniform,uniform,10,0.0,0.0,0.0,1,
independent,1234,aggregation_softmax,45,15.004257,0.7,6,6,6,134.45305045161928,378.12243461608887,190.6092124751636,0.8108420372009277,0.17757098,171.18336,10,150,7.201356666666836,45.004265,30.000008,66.71610666666668,0.5,0.5068892240524292,uniform,uniform,10,0.0,0.0,0.0,1,
independent,1234,aggregation_softmax,46,13.094946,0.8,4,2,2,118.60864296555519,478.0228042602539,211.44874915480614,0.7971017599105835,0.11280855,243.58755,10,150,7.201356666666836,33.094948,20.000002,66.71610666666668,0.5,0.5068892240524292,uniform,uniform,10,0.0,0.0,0.0,1,
independent,1234,aggregation_softmax,47,16.066124,0.7,6,5,5,134.08677258661814,473.23333740234375,250.13802000454493,0.9270076036453248,0.009747107,6.2967453,10,150,7.201356666666836,46.066124,30.0,66.71610666666668,0.5,0.5068892240524292,uniform,uniform,10,0.0,0.0,0.0,1,
independent,1234,aggregation_softmax,48,14.429691,0.7,6,3,3,94.25826392003468,422.3775100708008,206.28443368843622,0.8263223171234131,0.18499559,141.46121,10,150,7.201356666666836,44.429688,29.999996,66.71610666666668,0.5,0.5068892240524292,uniform,uniform,10,0.0,0.0,0.0,1,
independent,1234,aggregation_softmax,49,14.772888,0.7,6,2,2,113.50688670362744,450.7796287536621,214.13764536380768,0.870348209142685,0.10825167,75.71118,10,150,7.201356666666836,44.772892,30.000004,66.71610666666668,0.5,0.5068892240524292,uniform,uniform,10,0.0,0.0,0.0,1,
independent,1234,aggregation_softmax,50,16.003004,0.65000004,7,7,7,139.2534410036527,464.84347343444824,241.17656212586624,0.8924466758966446,0.075204745,47.346004,10,150,7.201356666666836,51.003,34.999992,66.71610666666668,0.5,0.5068892240524292,uniform,uniform,10,0.0,0.0,0.0,1,
independent,1234,aggregation_softmax,51,15.401396,0.85,3,3,3,133.96383583545685,474.1145896911621,225.0924770972308,0.9037782490253449,0.06755723,34.860474,10,150,7.201356666666836,30.401394,14.999998,66.71610666666668,0.5,0.5068892240524292,uniform,uniform,10,0.0,0.0,0.0,1,
independent,1234,aggregation_softmax,52,15.390841,0.8,4,4,4,171.1457124352455,438.45763206481934,235.11690840125084,0.8797681719064713,0.035658576,45.302906,10,150,7.201356666666836,35.39084,19.999998,66.71610666666668,0.5,0.5068892240524292,uniform,uniform,10,0.0,0.0,0.0,1,
independent,1234,aggregation_softmax,53,14.678201,0.85,3,1,1,177.08614279242124,470.7516574859619,284.4308853149414,0.9123897045850754,0.108005315,14.963568,10,150,7.201356666666836,29.678196,14.999995,66.71610666666668,0.5,0.5068892240524292,uniform,uniform,10,0.0,0.0,0.0,1,
independent,1234,aggregation_softmax,54,15.177836,0.75,5,3,3,204.65163791179657,464.0364074707031,268.2674367427826,0.9029181241989136,0.05870471,26.433674,10,150,7.201356666666836,40.177834,24.999996,66.71610666666668,0.5,0.5068892240524292,uniform,uniform,10,0.0,0.0,0.0,1,
independent,1234,aggregation_softmax,55,15.511753,0.8,4,4,4,153.69799308478832,479.6210289001465,244.63873140513897,0.9210750818252563,0.048682734,68.82477,10,150,7.201356666666836,35.511753,20.0,66.71610666666668,0.5,0.5068892240524292,uniform,uniform,10,0.0,0.0,0.0,1,
independent,1234,aggregation_softmax,56,14.933645,0.7,6,2,2,146.249543769019,472.73752212524414,256.6267398425511,0.8644060373306275,0.12228475,135.29102,10,150,7.201356666666836,44.933647,30.000002,66.71610666666668,0.5,0.5068892240524292,uniform,uniform,10,0.0,0.0,0.0,1,
independent,1234,aggregation_softmax,57,15.539033,0.75,5,5,5,129.74014520645142,471.95122718811035,233.1994607448578,0.8853445738554001,0.11238623,68.08977,10,150,7.201356666666836,40.53904,25.000008,66.71610666666668,0.5,0.5068892240524292,uniform,uniform,10,0.0,0.0,0.0,1,
independent,1234,aggregation_softmax,58,16.789257,0.55,9,8,8,103.62726932222193,386.31465911865234,199.53233014453542,0.8687113523483276,0.06922935,60.07432,10,150,7.201356666666836,61.789272,45.000015,66.71610666666668,0.5,0.5068892240524292,uniform,uniform,10,0.0,0.0,0.0,1,
independent,1234,aggregation_softmax,59,14.999161,0.85,3,3,3,170.451858885148,472.04569816589355,256.31058086367216,0.8882653594017029,0.038929548,78.63309,10,150,7.201356666666836,29.999165,15.000004,66.71610666666668,0.5,0.5068892240524292,uniform,uniform,10,0.0,0.0,0.0,1,
independent,1234,aggregation_softmax,0,14.192057,0.95,1,1,1,158.4908551605124,474.3039894104004,207.5323217793515,0.8532594919204712,0.08129463,144.96306,10,145,7.369531666666814,19.192057,5.0,66.93788166666666,0.5,0.5068892240524292,uniform,uniform,10,0.0,0.0,0.0,2,
independent,1234,aggregation_softmax,1,15.671851,0.8,4,3,3,144.911048412323,470.0503635406494,253.90354871749878,0.9050992846488952,0.0549374,71.8149,10,145,7.369531666666814,35.671852,20.0,66.93788166666666,0.5,0.5068892240524292,uniform,uniform,10,0.0,0.0,0.0,2,
independent,1234,aggregation_softmax,2,16.03771,0.65000004,7,6,6,148.1265350488516,467.5261116027832,250.35037664266733,0.9061752289533616,0.031245291,43.084225,10,145,7.369531666666814,51.03771,35.0,66.93788166666666,0.5,0.5068892240524292,uniform,uniform,10,0.0,0.0,0.0,2,
independent,1234,aggregation_softmax,3,16.373804,0.65000004,7,6,6,180.3598916530609,471.00311279296875,285.62556486863355,0.9404803544282914,0.108068585,0.0,10,145,7.369531666666814,51.373806,35.0,66.93788166666666,0.5,0.5068892240524292,uniform,uniform,10,0.0,0.0,0.0,2,
independent,1234,aggregation_softmax,4,15.071028,0.75,5,5,5,126.1203955411911,474.8354244232178,235.5531566143036,0.8670589119195938,0.09566748,106.08247,10,145,7.369531666666814,40.071022,24.999994,66.93788166666666,0.5,0.5068892240524292,uniform,uniform,10,0.0,0.0,0.0,2,
independent,1234,aggregation_softmax,5,13.642435,0.95,1,0,0,165.14819458911293,477.08913803100586,265.85475589099684,0.9026910603046417,0.035615504,39.922424,10,145,7.369531666666814,18.642435,5.0,66.93788166666666,0.5,0.5068892240524292,uniform,uniform,10,0.0,0.0,0.0,2,
independent,1234,aggregation_softmax,6,12.947492,0.95,1,1,1,112.0333743095398,454.33945655822754,202.49095634410256,0.8066507160663605,0.15379886,211.83356,10,145,7.369531666666814,17.947489,4.999997,66.93788166666666,0.5,0.5068892240524292,uniform,uniform,10,0.0,0.0,0.0,2,
independent,1234,aggregation_softmax,7,13.182398,0.8,4,0,0,168.09641685336828,445.41300773620605,269.2282095551491,0.8134834200143815,0.098677136,182.76024,10,145,7.369531666666814,33.182396,19.999998,66.93788166666666,0.5,0.5068892240524292,uniform,uniform,10,0.0,0.0,0.0,2,
independent,1234,aggregation_softmax,8,15.836025,0.7,6,4,4,129.07717159816198,446.1675453186035,221.77762397697992,0.8924282014369964,0.04602239,44.86093,10,145,7.369531666666814,45.83603,30.000004,66.93788166666666,0.5,0.5068892240524292,uniform,uniform,10,0.0,0.0,0.0,2,
independent,1234,aggregation_softmax,9,13.858848,0.85,3,2,2,144.72932780490203,456.531343460083,260.10713086408725,0.8452214121818542,0.19276893,151.20837,10,145,7.369531666666814,28.85885,15.000003,66.93788166666666,0.5,0.5068892240524292,uniform,uniform,10,0.0,0.0,0.0,2,
independent,1234,aggregation_softmax,10,11.9667425,0.90000004,2,2,2,142.59090473254523,459.2025661468506,210.63295245170593,0.7907343894243241,0.1906174,236.99269,10,145,7.369531666666814,21.966738,9.999995,66.93788166666666,0.5,0.5068892240524292,uniform,uniform,10,0.0,0.0,0.0,2,
independent,1234,aggregation_softmax,11,13.75447,0.85,3,2,2,168.33727009156172,477.01160430908203,269.9353400398703,0.8510467439889908,0.059003886,158.553,10,145,7.369531666666814,28.754475,15.000005,66.93788166666666,0.5,0.5068892240524292,uniform,uniform,10,0.0,0.0,0.0,2,
independent,1234,aggregation_softmax,12,15.657687,0.95,1,1,1,148.03073174075075,476.1624526977539,267.33083800265666,0.9230013728141785,0.05679867,0.0,10,145,7.369531666666814,20.657686,4.999999,66.93788166666666,0.5,0.5068892240524292,uniform,uniform,10,0.0,0.0,0.0,2,
independent,1234,aggregation_softmax,13,14.487223,0.7,6,6,6,101.81285900729043,411.4758110046387,198.6995655298233,0.8178894519805908,0.1600662,157.6523,10,145,7.369531666666814,44.487225,30.000002,66.93788166666666,0.5,0.5068892240524292,uniform,uniform,10,0.0,0.0,0.0,2,
independent,1234,aggregation_softmax,14,14.326477,0.85,3,2,2,173.02783790756675,478.423433303833,266.8683667743907,0.8807490646839142,0.08500554,121.035774,10,145,7.369531666666814,29.326473,14.999996,66.93788166666666,0.5,0.5068892240524292,uniform,uniform,10,0.0,0.0,0.0,2,
independent,1234,aggregation_softmax,15,13.618883,0.85,3,3,3,108.5579730833278,441.66661262512207,190.79104879323174,0.8198079556226731,0.11745766,163.63548,10,145,7.369531666666814,28.618881,14.999998,66.93788166666666,0.5,0.5068892240524292,uniform,uniform,10,0.0,0.0,0.0,2,
independent,1234,aggregation_softmax,16,14.544565,0.7,6,4,4,134.72225138119288,473.94264221191406,243.9273772920881,0.8534141212701798,0.109613545,169.47673,10,145,7.369531666666814,44.544567,30.000002,66.93788166666666,0.5,0.5068892240524292,uniform,uniform,10,0.0,0.0,0.0,2,
independent,1234,aggregation_softmax,17,15.612406,0.8,4,2,2,161.78491327911615,449.5056438446045,243.0100353062153,0.8935547858476639,0.13544802,29.880587,10,145,7.369531666666814,35.612408,20.000002,66.93788166666666,0.5,0.5068892240524292,uniform,uniform,10,0.0,0.0,0.0,2,
independent,1234,aggregation_softmax,18,14.535078,0.8,4,3,3,145.27018804103136,479.06630516052246,237.5776831805706,0.8445698410272598,0.20273219,153.49231,10,145,7.369531666666814,34.535076,19.999998,66.93788166666666,0.5,0.5068892240524292,uniform,uniform,10,0.0,0.0,0.0,2,
independent,1234,aggregation_softmax,19,14.170979,0.6,8,5,5,79.48886036872864,416.23620986938477,159.9094921350479,0.7668453454971313,0.14850475,255.65709,10,145,7.369531666666814,54.17098,40.0,66.93788166666666,0.5,0.5068892240524292,uniform,uniform,10,0.0,0.0,0.0,2,
independent,1234,aggregation_softmax,20,13.431997,0.90000004,2,1,1,120.02616594235103,455.1961040496826,229.17162537574768,0.8283690392971039,0.112933986,175.56146,10,145,7.369531666666814,23.432,10.000002,66.93788166666666,0.5,0.5068892240524292,uniform,uniform,10,0.0,0.0,0.0,2,
independent,1234,aggregation_softmax,21,15.454704,0.55,9,3,3,146.6635478626598,476.8297290802002,262.98434647646815,0.878914150595665,0.110242225,102.52946,10,145,7.369531666666814,60.454704,45.0,66.93788166666666,0.5,0.5068892240524292,uniform,uniform,10,0.0,0.0,0.0,2,
independent,1234,aggregation_softmax,22,14.259647,0.7,6,6,6,143.432751085077,434.52927589416504,221.50590062141418,0.7893198221921921,0.102161,215.03523,10,145,7.369531666666814,44.259647,30.0,66.93788166666666,0.5,0.5068892240524292,uniform,uniform,10,0.0,0.0,0.0,2,
independent,1234,aggregation_softmax,23,15.082855,0.65000004,7,6,6,118.25368812450996,471.9828414916992,221.80619936722977,0.855811619758606,0.08604871,124.82466,10,145,7.369531666666814,50.082863,35.000008,66.93788166666666,0.5,0.5068892240524292,uniform,uniform,10,0.0,0.0,0.0,2,
independent,1234,aggregation_softmax,24,15.647676,0.7,6,3,3,171.44689295973097,449.72182273864746,246.7306923866272,0.8777038842439652,0.14684728,60.530582,10,145,7.369531666666814,45.64767,29.999994,66.93788166666666,0.5,0.5068892240524292,uniform,uniform,10,0.0,0.0,0.0,2,
independent,1234,aggregation_softmax,25,15.78211,0.7,6,5,5,157.4792385527066,453.7561511993408,276.55817525727406,0.9137574762105942,0.041038584,0.0,10,145,7.369531666666814,45.78211,29.999998,66.93788166666666,0.5,0.5068892240524292,uniform,uniform,10,0.0,0.0,0.0,2,
independent,1234,aggregation_softmax,26,16.469997,0.55,9,7,7,172.64446085149592,450.52282333374023,224.29767933758822,0.884647423028946,0.008819585,48.0,10,145,7.369531666666814,61.469994,44.999996,66.93788166666666,0.5,0.5068892240524292,uniform,uniform,10,0.0,0.0,0.0,2,
independent,1234,aggregation_softmax,27,11.505266,0.85,3,0,0,89.97574452091666,444.1740417480469,213.69237479041604,0.7537232965230942,0.17467691,299.9083,10,145,7.369531666666814,26.50527,15.000004,66.93788166666666,0.5,0.5068892240524292,uniform,uniform,10,0.0,0.0,0.0,2,
independent,1234,aggregation_softmax,28,14.956776,0.75,5,5,5,102.66604173183441,423.847131729126,215.80567073822021,0.8430613279342651,0.12723757,109.3224,10,145,7.369531666666814,39.95678,25.000004,66.93788166666666,0.5,0.5068892240524292,uniform,uniform,10,0.0,0.0,0.0,2,
independent,1234,aggregation_softmax,29,14.312678,0.95,1,1,1,99.44472538797478,474.31697845458984,258.2444015302156,0.8845046281814575,0.0856376,103.98466,10,145,7.369531666666814,19.312675,4.999997,66.93788166666666,0.5,0.5068892240524292,uniform,uniform,10,0.0,0.0,0.0,2,
independent,1234,aggregation_softmax,30,16.12871,0.65000004,7,6,6,169.5298592860882,452.578125,269.2321570102985,0.9101404577493668,0.1253328,8.698334,10,145,7.369531666666814,51.1287,34.999992,66.93788166666666,0.5,0.5068892240524292,uniform,uniform,10,0.0,0.0,0.0,2,
independent,1234,aggregation_softmax,31,14.061701,0.85,3,3,3,96.11287951469421,405.49201011657715,217.42572216426626,0.8142596483230591,0.15269652,164.62161,10,145,7.369531666666814,29.061705,15.000004,66.93788166666666,0.5,0.5068892240524292,uniform,uniform,10,0.0,0.0,0.0,2,
independent,1234,aggregation_softmax,32,11.578608,0.85,3,2,2,107.45507997625015,445.85864067077637,195.5021425555734,0.710493603348732,0.16608584,377.711,10,145,7.369531666666814,26.57861,15.000002,66.93788166666666,0.5,0.5068892240524292,uniform,uniform,10,0.0,0.0,0.0,2,
independent,1234,aggregation_softmax,33,11.6731,0.8,4,3,3,84.24749605357647,441.07335090637207,201.14026106894016,0.7101329147815705,0.2173901,379.88593,10,145,7.369531666666814,31.673096,19.999996,66.93788166666666,0.5,0.5068892240524292,uniform,uniform,10,0.0,0.0,0.0,2,
independent,1234,aggregation_softmax,34,16.16363,0.7,6,2,2,164.68976165567125,473.8029384613037,259.50221044676647,0.9155451774597168,0.07198653,47.43165,10,145,7.369531666666814,46.163628,29.999998,66.93788166666666,0.5,0.5068892240524292,uniform,uniform,10,0.0,0.0,0.0,2,
independent,1234,aggregation_softmax,35,15.067955,0.65000004,7,2,2,104.65322765020224,476.8300151824951,184.4745425077585,0.8484669119119644,0.0922607,143.77364,10,145,7.369531666666814,50.067955,35.0,66.93788166666666,0.5,0.5068892240524292,uniform,uniform,10,0.0,0.0,0.0,2,
independent,1234,aggregation_softmax,36,15.104185,0.65000004,7,5,5,115.02300842450215,463.96965980529785,216.50237422723038,0.8484798401594162,0.16284634,139.58151,10,145,7.369531666666814,50.104195,35.000008,66.93788166666666,0.5,0.5068892240524292,uniform,uniform,10,0.0,0.0,0.0,2,
independent,1234,aggregation_softmax,37,15.255058,0.85,3,2,2,149.5429560279145,444.5310974121094,235.2331659373115,0.8864776730537415,0.10741204,38.49413,10,145,7.369531666666814,30.255054,14.999996,66.93788166666666,0.5,0.5068892240524292,uniform,uniform,10,0.0,0.0,0.0,2,
independent,1234,aggregation_softmax,38,13.331766,0.85,3,3,3,108.60610085375168,430.02342224121094,208.8461490238414,0.7891545295715332,0.08340932,212.82349,10,145,7.369531666666814,28.331768,15.000002,66.93788166666666,0.5,0.5068892240524292,uniform,uniform,10,0.0,0.0,0.0,2,
independent,1234,aggregation_softmax,39,15.855078,0.75,5,1,1,170.8944993019104,446.3979721069336,273.4597272872925,0.9132311820983887,0.08562426,3.1354065,10,145,7.369531666666814,40.855083,25.000006,66.93788166666666,0.5,0.5068892240524292,uniform,uniform,10,0.0,0.0,0.0,2,
independent,1234,aggregation_softmax,40,14.860623,0.8,4,1,1,153.244284465909,444.9513816833496,254.10506129264832,0.8765697419643402,0.047249172,57.937595,10,145,7.369531666666814,34.86062,19.999996,66.93788166666666,0.5,0.5068892240524292,uniform,uniform,10,0.0,0.0,0.0,2,
independent,1234,aggregation_softmax,41,12.758142,0.7,6,5,5,86.94809579423496,474.15804862976074,183.10608846800667,0.762213084101677,0.11977834,307.24783,10,145,7.369531666666814,42.75814,29.999998,66.93788166666666,0.5,0.5068892240524292,uniform,uniform,10,0.0,0.0,0.0,2,
independent,1234,aggregation_softmax,42,11.868096,0.90000004,2,1,1,99.86191143592198,434.932165145874,225.7890429099401,0.7499362021684647,0.20792401,291.0547,10,145,7.369531666666814,21.8681,10.000003,66.93788166666666,0.5,0.5068892240524292,uniform,uniform,10,0.0,0.0,0.0,2,
independent,1234,aggregation_softmax,43,15.857787,0.65000004,7,5,5,156.7167033598973,449.7388172149658,257.0714895541851,0.884223410487175,0.036466427,48.030006,10,145,7.369531666666814,50.85779,35.000004,66.93788166666666,0.5,0.5068892240524292,uniform,uniform,10,0.0,0.0,0.0,2,
independent,1234,aggregation_softmax,44,15.515199,0.75,5,4,4,133.8821039199829,441.9807243347168,235.16394758224487,0.8695316255092621,0.11293692,68.48018,10,145,7.369531666666814,40.515198,25.0,66.93788166666666,0.5,0.5068892240524292,uniform,uniform,10,0.0,0.0,0.0,2,
independent,1234,aggregation_softmax,45,16.586946,0.65000004,7,4,4,147.12247266219214,478.93775939941406,239.55852902852573,0.9469609886407853,0.059986714,0.0,10,145,7.369531666666814,51.586952,35.000008,66.93788166666666,0.5,0.5068892240524292,uniform,uniform,10,0.0,0.0,0.0,2,
independent,1234,aggregation_softmax,46,10.991217,0.8,4,2,2,88.21441166102886,472.7259349822998,203.4946569800377,0.6999000102281571,0.3046611,424.918,10,145,7.369531666666814,30.991219,20.000002,66.93788166666666,0.5,0.5068892240524292,uniform,uniform,10,0.0,0.0,0.0,2,
independent,1234,aggregation_softmax,47,15.022318,0.85,3,2,2,187.53577330533196,464.9059581756592,305.5489430708044,0.907680693268776,0.019152725,48.0,10,145,7.369531666666814,30.022318,15.0,66.93788166666666,0.5,0.5068892240524292,uniform,uniform,10,0.0,0.0,0.0,2,
independent,1234,aggregation_softmax,48,12.472376,0.7,6,3,3,123.8187479547092,460.3226566314697,212.657807299069,0.7258127421140671,0.24783294,362.76227,10,145,7.369531666666814,42.472374,29.999998,66.93788166666666,0.5,0.5068892240524292,uniform,uniform,10,0.0,0.0,0.0,2,
independent,1234,aggregation_softmax,49,14.502949,0.8,4,0,0,146.55479539185762,462.31959342956543,275.1588720828295,0.8997638016939163,0.06322961,30.773228,10,145,7.369531666666814,34.50295,20.0,66.93788166666666,0.5,0.5068892240524292,uniform,uniform,10,0.0,0.0,0.0,2,
independent,1234,aggregation_softmax,50,14.811677,0.90000004,2,2,2,164.2049447695414,470.53067207336426,276.42749269803363,0.9136693358421326,0.054566976,16.832296,10,145,7.369531666666814,24.811682,10.000005,66.93788166666666,0.5,0.5068892240524292,uniform,uniform,10,0.0,0.0,0.0,2,
independent,1234,aggregation_softmax,51,15.5536995,0.75,5,5,5,141.70824313163757,476.1354732513428,219.3420057296753,0.9021064221858979,0.04685519,49.0778,10,145,7.369531666666814,40.55369,24.999992,66.93788166666666,0.5,0.5068892240524292,uniform,uniform,10,0.0,0.0,0.0,2,
independent,1234,aggregation_softmax,52,16.620981,0.6,8,8,8,185.34092366695404,450.8068370819092,235.61705619096756,0.9041574984788895,0.015200375,10.824652,10,145,7.369531666666814,56.620987,40.000008,66.93788166666666,0.5,0.5068892240524292,uniform,uniform,10,0.0,0.0,0.0,2,
independent,1234,aggregation_softmax,53,13.458853,0.75,5,3,3,130.57437825202942,443.0233097076416,222.15753412246704,0.8029614865779877,0.21704753,198.20511,10,145,7.369531666666814,38.458847,24.999994,66.93788166666666,0.5,0.5068892240524292,uniform,uniform,10,0.0,0.0,0.0,2,
independent,1234,aggregation_softmax,54,12.723307,0.85,3,1,1,155.57838236584382,468.2241439819336,236.2106022414039,0.8065390825271607,0.07349251,215.66924,10,145,7.369531666666814,27.723309,15.000002,66.93788166666666,0.5,0.5068892240524292,uniform,uniform,10,0.0,0.0,0.0,2,
independent,1234,aggregation_softmax,55,15.213705,0.90000004,2,1,1,132.49531110127768,468.44621658325195,245.42096853256226,0.9321756541728974,0.09765141,0.0,10,145,7.369531666666814,25.213707,10.000002,66.93788166666666,0.5,0.5068892240524292,uniform,uniform,10,0.0,0.0,0.0,2,
independent,1234,aggregation_softmax,56,14.820187,0.85,3,1,1,146.33555931203506,391.8192386627197,240.0317706080044,0.8523396253585815,0.07115264,91.5081,10,145,7.369531666666814,29.82019,15.000004,66.93788166666666,0.5,0.5068892240524292,uniform,uniform,10,0.0,0.0,0.0,2,
independent,1234,aggregation_softmax,57,15.419481,0.8,4,4,4,160.36217272281647,426.52905464172363,256.57291911542416,0.8868864178657532,0.07866411,25.178232,10,145,7.369531666666814,35.41948,19.999998,66.93788166666666,0.5,0.5068892240524292,uniform,uniform,10,0.0,0.0,0.0,2,
independent,1234,aggregation_softmax,58,16.32,0.7,6,5,5,120.56220927408764,475.74631690979004,276.23987802437375,0.9172771841287612,0.05666483,48.0,10,145,7.369531666666814,46.320004,30.000004,66.93788166666666,0.5,0.5068892240524292,uniform,uniform,10,0.0,0.0,0.0,2,
independent,1234,aggregation_softmax,59,14.583339,0.75,5,5,5,149.80146658420563,476.6572093963623,207.27863013744354,0.8692780613899231,0.12153483,114.82527,10,145,7.369531666666814,39.58334,25.0,66.93788166666666,0.5,0.5068892240524292,uniform,uniform,10,0.0,0.0,0.0,2,
independent,1234,aggregation_softmax,0,15.338314,0.8,4,4,4,150.85512455552816,405.3849506378174,199.9433036148548,0.8902283906936646,0.05102217,18.761587,10,142,6.910961666667011,35.33831,19.999996,66.02368166666666,0.5,0.5068892240524292,uniform,uniform,10,0.0,0.0,0.0,3,
independent,1234,aggregation_softmax,1,15.196622,0.8,4,3,3,131.3853107392788,479.3660259246826,233.5088700056076,0.8886726468801498,0.09123445,127.33772,10,142,6.910961666667011,35.19662,20.0,66.02368166666666,0.5,0.5068892240524292,uniform,uniform,10,0.0,0.0,0.0,3,
independent,1234,aggregation_softmax,2,16.049667,0.7,6,4,4,153.3484125137329,417.921667098999,238.3505975348609,0.8947878479957581,0.063798875,10.007479,10,142,6.910961666667011,46.049667,30.0,66.02368166666666,0.5,0.5068892240524292,uniform,uniform,10,0.0,0.0,0.0,3,
independent,1234,aggregation_softmax,3,15.408382,0.7,6,6,6,159.00349361555917,451.03734970092773,263.0700547354562,0.8783764272928238,0.03523622,65.068985,10,142,6.910961666667011,45.408382,30.0,66.02368166666666,0.5,0.5068892240524292,uniform,uniform,10,0.0,0.0,0.0,3,
independent,1234,aggregation_softmax,4,15.840365,0.75,5,5,5,159.5314735174179,442.347936630249,239.91637682914734,0.891212859749794,0.043839723,27.219429,10,142,6.910961666667011,40.840363,24.999996,66.02368166666666,0.5,0.5068892240524292,uniform,uniform,10,0.0,0.0,0.0,3,
independent,1234,aggregation_softmax,5,13.17329,0.95,1,0,0,161.15815871640257,477.08913803100586,261.86472058296204,0.8630348473787308,0.08896439,124.73671,10,142,6.910961666667011,18.173294,5.000004,66.02368166666666,0.5,0.5068892240524292,uniform,uniform,10,0.0,0.0,0.0,3,
independent,1234,aggregation_softmax,6,13.070157,0.95,1,1,1,106.7484460378948,442.26330757141113,197.2060273195568,0.8097804218530655,0.053275418,189.72826,10,142,6.910961666667011,18.070158,5.000001,66.02368166666666,0.5,0.5068892240524292,uniform,uniform,10,0.0,0.0,0.0,3,
independent,1234,aggregation_softmax,7,14.137703,0.8,4,0,0,166.52479503303766,453.4906768798828,267.90658861398697,0.8749789237976074,0.05421435,69.5312,10,142,6.910961666667011,34.137703,20.0,66.02368166666666,0.5,0.5068892240524292,uniform,uniform,10,0.0,0.0,0.0,3,
independent,1234,aggregation_softmax,8,15.7929535,0.75,5,2,2,136.8418116569519,435.33559799194336,244.71967792510986,0.8763703644275666,0.039631438,48.704636,10,142,6.910961666667011,40.792953,25.0,66.02368166666666,0.5,0.5068892240524292,uniform,uniform,10,0.0,0.0,0.0,3,
independent,1234,aggregation_softmax,9,15.185374,0.7,6,5,5,105.24476332323891,453.59564781188965,219.09780468259538,0.8870915204286576,0.1005975,54.504185,10,142,6.910961666667011,45.185375,30.0,66.02368166666666,0.5,0.5068892240524292,uniform,uniform,10,0.0,0.0,0.0,3,
independent,1234,aggregation_softmax,10,14.695059,0.95,1,0,0,168.22847645533713,477.6310443878174,271.6177883901094,0.9091399580240249,0.06784874,41.474373,10,142,6.910961666667011,19.695053,4.9999943,66.02368166666666,0.5,0.5068892240524292,uniform,uniform,10,0.0,0.0,0.0,3,
independent,1234,aggregation_softmax,11,15.550295,0.75,5,5,5,140.0260313153267,477.01160430908203,229.54160261154175,0.9035499334335327,0.11835374,38.19583,10,142,6.910961666667011,40.550297,25.000002,66.02368166666666,0.5,0.5068892240524292,uniform,uniform,10,0.0,0.0,0.0,3,
independent,1234,aggregation_softmax,12,15.599999,0.90000004,2,2,2,171.93276584148407,440.8997440338135,289.1939628124237,0.8796354025602341,0.055736106,48.000008,10,142,6.910961666667011,25.599997,9.999997,66.02368166666666,0.5,0.5068892240524292,uniform,uniform,10,0.0,0.0,0.0,3,
independent,1234,aggregation_softmax,13,11.072485,0.8,4,4,4,91.68334051966667,341.1916923522949,179.20920856297016,0.6745538711547852,0.19027577,432.85663,10,142,6.910961666667011,31.072485,20.0,66.02368166666666,0.5,0.5068892240524292,uniform,uniform,10,0.0,0.0,0.0,3,
independent,1234,aggregation_softmax,14,14.526484,0.8,4,3,3,148.7207416445017,422.41713523864746,247.17630252242088,0.8750001192092896,0.18146522,48.0,10,142,6.910961666667011,34.52648,19.999998,66.02368166666666,0.5,0.5068892240524292,uniform,uniform,10,0.0,0.0,0.0,3,
independent,1234,aggregation_softmax,15,13.813322,0.90000004,2,2,2,90.5894969900449,441.66661262512207,182.37597147623697,0.8369786828756333,0.026028046,130.66771,10,142,6.910961666667011,23.813324,10.000002,66.02368166666666,0.5,0.5068892240524292,uniform,uniform,10,0.0,0.0,0.0,3,
independent,1234,aggregation_softmax,16,16.184986,0.6,8,7,7,164.688600897789,476.1270046234131,258.8036099076271,0.8898797065019608,0.076330155,69.5014,10,142,6.910961666667011,56.184982,39.999996,66.02368166666666,0.5,0.5068892240524292,uniform,uniform,10,0.0,0.0,0.0,3,
independent,1234,aggregation_softmax,17,15.076731,0.75,5,3,3,176.39102828502655,389.3130111694336,238.45157051086426,0.8299570083618164,0.12717827,134.48264,10,142,6.910961666667011,40.076733,25.000002,66.02368166666666,0.5,0.5068892240524292,uniform,uniform,10,0.0,0.0,0.0,3,
independent,1234,aggregation_softmax,18,16.01974,0.75,5,4,4,156.5698300600052,470.23890495300293,263.26996660232544,0.9036878377199173,0.07636112,34.592937,10,142,6.910961666667011,41.019737,24.999998,66.02368166666666,0.5,0.5068892240524292,uniform,uniform,10,0.0,0.0,0.0,3,
independent,1234,aggregation_softmax,19,14.448261,0.65000004,7,4,4,106.02469400717662,402.6921844482422,181.23114109039307,0.809935450553894,0.06252239,172.92401,10,142,6.910961666667011,49.448265,35.000004,66.02368166666666,0.5,0.5068892240524292,uniform,uniform,10,0.0,0.0,0.0,3,
independent,1234,aggregation_softmax,20,14.264428,0.90000004,2,1,1,115.20672808090846,471.20630264282227,224.66746966044107,0.8609562456607819,0.09377849,114.17044,10,142,6.910961666667011,24.264427,9.999999,66.02368166666666,0.5,0.5068892240524292,uniform,uniform,10,0.0,0.0,0.0,3,
independent,1234,aggregation_softmax,21,14.375898,0.7,6,2,2,114.65376096112388,462.2557067871094,212.93487208230155,0.8490969419479371,0.15947105,134.13486,10,142,6.910961666667011,44.3759,30.000002,66.02368166666666,0.5,0.5068892240524292,uniform,uniform,10,0.0,0.0,0.0,3,
independent,1234,aggregation_softmax,22,14.650809,0.8,4,4,4,149.21840015798807,467.4631118774414,254.84843842685223,0.8506156235933304,0.16232388,160.91916,10,142,6.910961666667011,34.650803,19.999992,66.02368166666666,0.5,0.5068892240524292,uniform,uniform,10,0.0,0.0,0.0,3,
independent,1234,aggregation_softmax,23,12.458029,0.75,5,5,5,102.99995136260986,452.5437641143799,208.09312105178833,0.7492022603750229,0.15758245,310.07547,10,142,6.910961666667011,37.458027,24.999998,66.02368166666666,0.5,0.5068892240524292,uniform,uniform,10,0.0,0.0,0.0,3,
independent,1234,aggregation_softmax,24,15.237059,0.85,3,2,2,138.078751003041,475.5896759033203,230.24479823953965,0.8960253238677979,0.10132134,51.221176,10,142,6.910961666667011,30.237059,15.0,66.02368166666666,0.5,0.5068892240524292,uniform,uniform,10,0.0,0.0,0.0,3,
independent,1234,aggregation_softmax,25,15.3706255,0.65000004,7,6,6,128.24534269479605,478.00615310668945,255.56112335278436,0.8937029570341111,0.050916716,99.9374,10,142,6.910961666667011,50.370632,35.000008,66.02368166666666,0.5,0.5068892240524292,uniform,uniform,10,0.0,0.0,0.0,3,
independent,1234,aggregation_softmax,26,13.584618,0.8,4,3,3,134.04558341950178,446.1180782318115,242.410359531641,0.8132104068994522,0.1625067,180.75423,10,142,6.910961666667011,33.58461,19.999992,66.02368166666666,0.5,0.5068892240524292,uniform,uniform,10,0.0,0.0,0.0,3,
independent,1234,aggregation_softmax,27,9.093501,0.90000004,2,0,0,76.42239997784297,436.4735698699951,194.76588288942972,0.640479126572609,0.18089874,502.75372,10,142,6.910961666667011,19.093502,10.000001,66.02368166666666,0.5,0.5068892240524292,uniform,uniform,10,0.0,0.0,0.0,3,
independent,1234,aggregation_softmax,28,14.058334,0.85,3,3,3,84.46434206822339,474.1286087036133,208.77389178556555,0.8385219812393189,0.13469197,160.16649,10,142,6.910961666667011,29.058334,15.0,66.02368166666666,0.5,0.5068892240524292,uniform,uniform,10,0.0,0.0,0.0,3,
independent,1234,aggregation_softmax,29,16.485168,0.65000004,7,7,7,137.62309532899124,440.452823638916,234.92907945926373,0.8864426553249359,0.08653878,34.48313,10,142,6.910961666667011,51.48517,35.0,66.02368166666666,0.5,0.5068892240524292,uniform,uniform,10,0.0,0.0,0.0,3,
independent,1234,aggregation_softmax,30,15.958899,0.7,6,5,5,157.60987860815865,471.7244625091553,256.70423933437894,0.9195908099412918,0.091749184,2.110299,10,142,6.910961666667011,45.9589,30.000002,66.02368166666666,0.5,0.5068892240524292,uniform,uniform,10,0.0,0.0,0.0,3,
independent,1234,aggregation_softmax,31,14.332245,0.75,5,5,5,80.98802864551544,386.5195083618164,197.78004360198975,0.8016374111175537,0.0837802,188.85626,10,142,6.910961666667011,39.332245,25.0,66.02368166666666,0.5,0.5068892240524292,uniform,uniform,10,0.0,0.0,0.0,3,
independent,1234,aggregation_softmax,32,14.809345,0.7,6,5,5,96.99978819915226,417.02839851379395,174.4971628699984,0.8558059930801392,0.12913527,84.85259,10,142,6.910961666667011,44.80934,29.999996,66.02368166666666,0.5,0.5068892240524292,uniform,uniform,10,0.0,0.0,0.0,3,
independent,1234,aggregation_softmax,33,14.172187,0.65000004,7,3,3,95.10428089361925,438.2677173614502,200.2542389356173,0.776230999827385,0.11827857,243.90424,10,142,6.910961666667011,49.172188,35.0,66.02368166666666,0.5,0.5068892240524292,uniform,uniform,10,0.0,0.0,0.0,3,
independent,1234,aggregation_softmax,34,13.852402,0.8,4,1,1,135.9364803135395,479.0060234069824,252.32343569397926,0.8371442228555679,0.06473258,222.33914,10,142,6.910961666667011,33.8524,20.0,66.02368166666666,0.5,0.5068892240524292,uniform,uniform,10,0.0,0.0,0.0,3,
independent,1234,aggregation_softmax,35,12.808424,0.7,6,2,2,97.85195774265698,402.72022247314453,197.51075685024261,0.7656446099281311,0.15160817,257.9624,10,142,6.910961666667011,42.808422,29.999998,66.02368166666666,0.5,0.5068892240524292,uniform,uniform,10,0.0,0.0,0.0,3,
independent,1234,aggregation_softmax,36,16.048328,0.55,9,6,6,152.3483295874162,417.4837589263916,224.61066354404795,0.8383002877235413,0.06682622,118.46355,10,142,6.910961666667011,61.04833,45.0,66.02368166666666,0.5,0.5068892240524292,uniform,uniform,10,0.0,0.0,0.0,3,
independent,1234,aggregation_softmax,37,15.945582,0.6,8,7,7,117.2798778489232,479.67976570129395,234.17453527450562,0.9080512404441834,0.039754197,66.399475,10,142,6.910961666667011,55.945576,39.999992,66.02368166666666,0.5,0.5068892240524292,uniform,uniform,10,0.0,0.0,0.0,3,
independent,1234,aggregation_softmax,38,15.597485,0.8,4,4,4,121.53472781181335,454.3747043609619,211.65056705474854,0.8866536110639572,0.08027728,48.0,10,142,6.910961666667011,35.59749,20.000004,66.02368166666666,0.5,0.5068892240524292,uniform,uniform,10,0.0,0.0,0.0,3,
independent,1234,aggregation_softmax,39,15.85499,0.75,5,2,2,174.25819927453995,453.142032623291,252.293719291687,0.8996420234441758,0.073062405,26.500849,10,142,6.910961666667011,40.85499,24.999998,66.02368166666666,0.5,0.5068892240524292,uniform,uniform,10,0.0,0.0,0.0,3,
independent,1234,aggregation_softmax,40,14.409551,0.85,3,2,2,181.3321846372941,478.1114101409912,275.8353638648987,0.8719341486692429,0.09735419,142.77356,10,142,6.910961666667011,29.409554,15.000003,66.02368166666666,0.5,0.5068892240524292,uniform,uniform,10,0.0,0.0,0.0,3,
independent,1234,aggregation_softmax,41,11.992758,0.8,4,3,3,121.4222645200789,460.3241157531738,232.82825767993927,0.7323967635631561,0.18866014,387.2288,10,142,6.910961666667011,31.992756,19.999998,66.02368166666666,0.5,0.5068892240524292,uniform,uniform,10,0.0,0.0,0.0,3,
independent,1234,aggregation_softmax,42,11.057964,0.8,4,2,2,103.66766285151243,434.932165145874,225.3761561214924,0.6825510054826737,0.16445957,420.43423,10,142,6.910961666667011,31.057962,19.999998,66.02368166666666,0.5,0.5068892240524292,uniform,uniform,10,0.0,0.0,0.0,3,
independent,1234,aggregation_softmax,43,16.57058,0.55,9,7,7,115.47554774717851,455.8116817474365,230.07665439085528,0.8989960134029389,0.030558791,31.298983,10,142,6.910961666667011,61.570587,45.000008,66.02368166666666,0.5,0.5068892240524292,uniform,uniform,10,0.0,0.0,0.0,3,
independent,1234,aggregation_softmax,44,15.315418,0.8,4,4,4,157.97578498721123,445.3238868713379,256.3924115896225,0.8885046184062958,0.09118836,35.395187,10,142,6.910961666667011,35.315422,20.000004,66.02368166666666,0.5,0.5068892240524292,uniform,uniform,10,0.0,0.0,0.0,3,
independent,1234,aggregation_softmax,45,16.183584,0.65000004,7,5,5,157.30740865835776,433.33971977233887,246.82547560104956,0.890070715546608,0.03950154,20.404108,10,142,6.910961666667011,51.183582,35.0,66.02368166666666,0.5,0.5068892240524292,uniform,uniform,10,0.0,0.0,0.0,3,
independent,1234,aggregation_softmax,46,11.347238,0.85,3,2,2,81.43440253594342,431.6788673400879,199.8261022567749,0.7425580024719238,0.09790058,302.28873,10,142,6.910961666667011,26.347239,15.000001,66.02368166666666,0.5,0.5068892240524292,uniform,uniform,10,0.0,0.0,0.0,3,
independent,1234,aggregation_softmax,47,16.08026,0.75,5,4,4,194.59471797943115,479.8714828491211,287.4694414138794,0.9406011581420899,0.058282338,12.974024,10,142,6.910961666667011,41.08026,25.000002,66.02368166666666,0.5,0.5068892240524292,uniform,uniform,10,0.0,0.0,0.0,3,
independent,1234,aggregation_softmax,48,13.98848,0.7,6,3,3,117.42733150720596,473.00445556640625,202.45592619691575,0.7996293187141419,0.060272325,260.47684,10,142,6.910961666667011,43.988476,29.999996,66.02368166666666,0.5,0.5068892240524292,uniform,uniform,10,0.0,0.0,0.0,3,
independent,1234,aggregation_softmax,49,15.248401,0.7,6,2,2,125.56544142110008,475.48919677734375,242.57461258343287,0.8783664345741272,0.093746774,85.02577,10,142,6.910961666667011,45.248405,30.000004,66.02368166666666,0.5,0.5068892240524292,uniform,uniform,10,0.0,0.0,0.0,3,
independent,1234,aggregation_softmax,50,14.965292,0.75,5,5,5,176.14664363861084,476.9428539276123,276.6139898300171,0.885676059126854,0.09605848,90.87792,10,142,6.910961666667011,39.965294,25.000002,66.02368166666666,0.5,0.5068892240524292,uniform,uniform,10,0.0,0.0,0.0,3,
independent,1234,aggregation_softmax,51,15.378651,0.7,6,6,6,116.1258266227586,473.6253547668457,222.63784851346696,0.902937400341034,0.05320603,47.05467,10,142,6.910961666667011,45.378647,29.999996,66.02368166666666,0.5,0.5068892240524292,uniform,uniform,10,0.0,0.0,0.0,3,
independent,1234,aggregation_softmax,52,14.857408,0.8,4,4,4,178.39525803923607,450.3379154205322,242.36645378172398,0.8803085774183274,0.07366544,56.145638,10,142,6.910961666667011,34.857403,19.999996,66.02368166666666,0.5,0.5068892240524292,uniform,uniform,10,0.0,0.0,0.0,3,
independent,1234,aggregation_softmax,53,13.406068,0.8,4,2,2,166.01560235023499,460.59725761413574,257.56817132234573,0.8148392826318741,0.061662693,192.10588,10,142,6.910961666667011,33.406067,20.0,66.02368166666666,0.5,0.5068892240524292,uniform,uniform,10,0.0,0.0,0.0,3,
independent,1234,aggregation_softmax,54,15.257454,0.75,5,2,2,181.3933378458023,475.3424549102783,269.84318804740906,0.8837804228067399,0.07282451,77.32797,10,142,6.910961666667011,40.257454,25.0,66.02368166666666,0.5,0.5068892240524292,uniform,uniform,10,0.0,0.0,0.0,3,
independent,1234,aggregation_softmax,55,14.956303,0.95,1,1,1,134.0272779841172,423.30897331237793,244.2640763207486,0.891351044178009,0.076627746,16.606133,10,142,6.910961666667011,19.956306,5.000004,66.02368166666666,0.5,0.5068892240524292,uniform,uniform,10,0.0,0.0,0.0,3,
independent,1234,aggregation_softmax,56,13.163865,0.75,5,1,1,121.31952357292175,376.86598777770996,225.84189748764038,0.7764728665351868,0.11901527,237.17221,10,142,6.910961666667011,38.16387,25.000008,66.02368166666666,0.5,0.5068892240524292,uniform,uniform,10,0.0,0.0,0.0,3,
independent,1234,aggregation_softmax,57,15.9451475,0.75,5,5,5,167.94793677330017,441.61142349243164,291.7432541847229,0.8992610394954681,0.054261364,23.211594,10,142,6.910961666667011,40.94514,24.999992,66.02368166666666,0.5,0.5068892240524292,uniform,uniform,10,0.0,0.0,0.0,3,
independent,1234,aggregation_softmax,58,17.025204,0.6,8,7,7,137.52555325627327,432.02467918395996,226.85519069433212,0.8935378581285477,0.04882088,12.432157,10,142,6.910961666667011,57.025204,40.0,66.02368166666666,0.5,0.5068892240524292,uniform,uniform,10,0.0,0.0,0.0,3,
independent,1234,aggregation_softmax,59,14.137554,0.85,3,3,3,156.68679325019613,445.7962417602539,238.2393446739982,0.826572859287262,0.12333731,154.77657,10,142,6.910961666667011,29.137552,14.999998,66.02368166666666,0.5,0.5068892240524292,uniform,uniform,10,0.0,0.0,0.0,3,
independent,1234,aggregation_softmax,0,13.796517,0.95,1,1,1,184.1068537925419,439.26624298095703,232.345088406613,0.8455230832099915,0.15256853,111.86211,10,155,7.793790000000022,18.796518,5.000001,70.33181166666668,0.5,0.5068892240524292,uniform,uniform,10,0.0,0.0,0.0,4,
independent,1234,aggregation_softmax,1,15.546045,0.6,8,7,7,166.6827929019928,467.6356887817383,237.67293244600296,0.8669983476400376,0.03446261,105.39548,10,155,7.793790000000022,55.546043,40.0,70.33181166666668,0.5,0.5068892240524292,uniform,uniform,10,0.0,0.0,0.0,4,
independent,1234,aggregation_softmax,2,15.624172,0.7,6,5,5,128.71047684124537,438.62597465515137,208.05621436664038,0.8718975573778153,0.08313322,60.582813,10,155,7.793790000000022,45.62417,29.999996,70.33181166666668,0.5,0.5068892240524292,uniform,uniform,10,0.0,0.0,0.0,4,
independent,1234,aggregation_softmax,3,14.92317,0.75,5,5,5,153.6557855606079,471.63594245910645,263.0565996170044,0.8600957483053208,0.130979,116.252205,10,155,7.793790000000022,39.92317,24.999998,70.33181166666668,0.5,0.5068892240524292,uniform,uniform,10,0.0,0.0,0.0,4,
independent,1234,aggregation_softmax,4,15.085647,0.8,4,4,4,142.36398942768574,432.0930576324463,242.5436094403267,0.8718348234891892,0.066811614,54.17038,10,155,7.793790000000022,35.085648,20.0,70.33181166666668,0.5,0.5068892240524292,uniform,uniform,10,0.0,0.0,0.0,4,
independent,1234,aggregation_softmax,5,15.100569,0.75,5,4,4,171.03562569618225,432.288179397583,237.6817455291748,0.8822149127721787,0.04103079,34.435738,10,155,7.793790000000022,40.100563,24.999994,70.33181166666668,0.5,0.5068892240524292,uniform,uniform,10,0.0,0.0,0.0,4,
independent,1234,aggregation_softmax,6,12.15391,0.95,1,1,1,111.16433265962098,438.24331283569336,201.62191422362076,0.7674669563770294,0.12686658,260.70673,10,155,7.793790000000022,17.15391,5.0,70.33181166666668,0.5,0.5068892240524292,uniform,uniform,10,0.0,0.0,0.0,4,
independent,1234,aggregation_softmax,7,14.588269,0.85,3,0,0,186.46665078752181,447.1684169769287,282.4142205013948,0.8682956874370575,0.09251879,77.17309,10,155,7.793790000000022,29.588266,14.999997,70.33181166666668,0.5,0.5068892240524292,uniform,uniform,10,0.0,0.0,0.0,4,
independent,1234,aggregation_softmax,8,16.827396,0.65000004,7,3,3,162.8761339187622,468.43311309814453,241.35373702416052,0.9250647306442261,0.028934734,10.2604685,10,155,7.793790000000022,51.8274,35.000004,70.33181166666668,0.5,0.5068892240524292,uniform,uniform,10,0.0,0.0,0.0,4,
independent,1234,aggregation_softmax,9,16.505583,0.6,8,7,7,137.34622687101364,439.0854549407959,267.5914388895035,0.9041223704814911,0.036948036,0.0,10,155,7.793790000000022,56.505573,39.999992,70.33181166666668,0.5,0.5068892240524292,uniform,uniform,10,0.0,0.0,0.0,4,
independent,1234,aggregation_softmax,10,14.68318,0.8,4,3,3,170.20063284784555,463.0199146270752,270.0765484571457,0.8822529494762421,0.11948378,72.73927,10,155,7.793790000000022,34.683174,19.999994,70.33181166666668,0.5,0.5068892240524292,uniform,uniform,10,0.0,0.0,0.0,4,
independent,1234,aggregation_softmax,11,14.116344,0.90000004,2,2,2,160.66288451353708,446.9761276245117,257.5610605875651,0.8529221653938294,0.1532083,105.36569,10,155,7.793790000000022,24.116343,9.999998,70.33181166666668,0.5,0.5068892240524292,uniform,uniform,10,0.0,0.0,0.0,4,
independent,1234,aggregation_softmax,12,15.65486,1.0,0,0,0,140.27678722143173,479.85843658447266,264.8850839138031,0.9323352754116059,0.07168439,10.513985,10,155,7.793790000000022,15.654858,-1.9073486e-06,70.33181166666668,0.5,0.5068892240524292,uniform,uniform,10,0.0,0.0,0.0,4,
independent,1234,aggregation_softmax,13,13.53376,0.75,5,5,5,96.02646851539612,364.48442459106445,169.28102469444275,0.7652645111083984,0.14154057,258.69223,10,155,7.793790000000022,38.533764,25.000004,70.33181166666668,0.5,0.5068892240524292,uniform,uniform,10,0.0,0.0,0.0,4,
independent,1234,aggregation_softmax,14,15.65336,0.75,5,4,4,167.2934546470642,454.8240280151367,255.36877059936523,0.8995105266571045,0.04718804,23.763954,10,155,7.793790000000022,40.653362,25.000002,70.33181166666668,0.5,0.5068892240524292,uniform,uniform,10,0.0,0.0,0.0,4,
independent,1234,aggregation_softmax,15,11.737083,0.90000004,2,2,2,121.04649653037389,441.66661262512207,212.83297379811606,0.753841170668602,0.22090016,290.29153,10,155,7.793790000000022,21.737083,10.0,70.33181166666668,0.5,0.5068892240524292,uniform,uniform,10,0.0,0.0,0.0,4,
independent,1234,aggregation_softmax,16,16.96986,0.5,10,8,8,161.48733419179916,455.8102798461914,239.81065142154694,0.9148937344551087,0.007719189,9.014156,10,155,7.793790000000022,66.96986,49.999996,70.33181166666668,0.5,0.5068892240524292,uniform,uniform,10,0.0,0.0,0.0,4,
independent,1234,aggregation_softmax,17,14.521395,0.8,4,3,3,141.74706626683474,378.7111186981201,233.1854183971882,0.8349500894546509,0.14680731,124.89588,10,155,7.793790000000022,34.521393,19.999998,70.33181166666668,0.5,0.5068892240524292,uniform,uniform,10,0.0,0.0,0.0,4,
independent,1234,aggregation_softmax,18,16.312035,0.75,5,4,4,132.31310045719147,446.9143867492676,237.31574010849,0.9008770525455475,0.019970333,13.230629,10,155,7.793790000000022,41.312035,25.0,70.33181166666668,0.5,0.5068892240524292,uniform,uniform,10,0.0,0.0,0.0,4,
independent,1234,aggregation_softmax,19,12.651365,0.75,5,2,2,102.08509993553162,474.2403030395508,199.43856835365295,0.7710651397705078,0.3075336,289.79535,10,155,7.793790000000022,37.651363,24.999998,70.33181166666668,0.5,0.5068892240524292,uniform,uniform,10,0.0,0.0,0.0,4,
independent,1234,aggregation_softmax,20,15.9,0.8,4,3,3,105.12645956128836,470.37220001220703,212.12879061698914,0.9199856162071228,0.032534715,0.0,10,155,7.793790000000022,35.899998,19.999998,70.33181166666668,0.5,0.5068892240524292,uniform,uniform,10,0.0,0.0,0.0,4,
independent,1234,aggregation_softmax,21,13.515098,0.65000004,7,4,4,127.69985208144554,412.76023864746094,184.90442000902615,0.7759379148483276,0.13670793,238.19934,10,155,7.793790000000022,48.5151,35.0,70.33181166666668,0.5,0.5068892240524292,uniform,uniform,10,0.0,0.0,0.0,4,
independent,1234,aggregation_softmax,22,16.023485,0.65000004,7,7,7,117.45902139406938,439.3466377258301,186.44210210213294,0.8755061566829682,0.03388725,54.374863,10,155,7.793790000000022,51.023483,35.0,70.33181166666668,0.5,0.5068892240524292,uniform,uniform,10,0.0,0.0,0.0,4,
independent,1234,aggregation_softmax,23,13.918663,0.8,4,3,3,117.47992057353258,471.9828128814697,245.62681943178177,0.8376226305961609,0.071358584,185.58435,10,155,7.793790000000022,33.918667,20.000004,70.33181166666668,0.5,0.5068892240524292,uniform,uniform,10,0.0,0.0,0.0,4,
independent,1234,aggregation_softmax,24,15.730629,0.65000004,7,4,4,146.47400351671072,414.8339366912842,213.87770010874823,0.8567646741867065,0.053150777,83.01196,10,155,7.793790000000022,50.73063,35.0,70.33181166666668,0.5,0.5068892240524292,uniform,uniform,10,0.0,0.0,0.0,4,
independent,1234,aggregation_softmax,25,16.141466,0.7,6,5,5,167.00425258704595,444.4593143463135,238.2908379180091,0.9064220279455185,0.052630525,0.12922096,10,155,7.793790000000022,46.14147,30.000006,70.33181166666668,0.5,0.5068892240524292,uniform,uniform,10,0.0,0.0,0.0,4,
independent,1234,aggregation_softmax,26,13.572236,0.75,5,2,2,133.074538230896,451.97439193725586,227.00158166885376,0.8047906696796417,0.08077542,202.77643,10,155,7.793790000000022,38.572243,25.000008,70.33181166666668,0.5,0.5068892240524292,uniform,uniform,10,0.0,0.0,0.0,4,
independent,1234,aggregation_softmax,27,12.352653,0.75,5,0,0,78.51517021656036,443.88742446899414,165.9178957939148,0.7741551339626312,0.14335836,253.50955,10,155,7.793790000000022,37.352654,25.0,70.33181166666668,0.5,0.5068892240524292,uniform,uniform,10,0.0,0.0,0.0,4,
independent,1234,aggregation_softmax,28,13.400925,0.95,1,1,1,137.03903703313125,462.9491329193115,265.28965699045284,0.8570146352052689,0.07318043,113.48117,10,155,7.793790000000022,18.40092,4.999996,70.33181166666668,0.5,0.5068892240524292,uniform,uniform,10,0.0,0.0,0.0,4,
independent,1234,aggregation_softmax,29,15.189468,0.85,3,3,3,158.12444686889648,445.31601905822754,279.1603176734027,0.8944557398557663,0.07761285,23.961153,10,155,7.793790000000022,30.189466,14.999998,70.33181166666668,0.5,0.5068892240524292,uniform,uniform,10,0.0,0.0,0.0,4,
independent,1234,aggregation_softmax,30,14.825381,0.75,5,4,4,159.33817505836487,452.56922721862793,252.4929118156433,0.8557851701974869,0.05335116,105.46185,10,155,7.793790000000022,39.82538,24.999996,70.33181166666668,0.5,0.5068892240524292,uniform,uniform,10,0.0,0.0,0.0,4,
independent,1234,aggregation_softmax,31,14.803457,0.65000004,7,7,7,84.92169045484982,423.34922790527344,216.52786126503577,0.7810096740722656,0.10460316,228.46156,10,155,7.793790000000022,49.803455,35.0,70.33181166666668,0.5,0.5068892240524292,uniform,uniform,10,0.0,0.0,0.0,4,
independent,1234,aggregation_softmax,32,9.364778,0.85,3,2,2,85.19715281093822,478.26107025146484,173.24421581100015,0.6212181687355042,0.07155567,581.5223,10,155,7.793790000000022,24.364777,14.999999,70.33181166666668,0.5,0.5068892240524292,uniform,uniform,10,0.0,0.0,0.0,4,
independent,1234,aggregation_softmax,33,14.247104,0.8,4,2,2,115.0525077804923,471.05584144592285,239.44055266678333,0.8401539355516434,0.16326776,184.60469,10,155,7.793790000000022,34.24711,20.000004,70.33181166666668,0.5,0.5068892240524292,uniform,uniform,10,0.0,0.0,0.0,4,
independent,1234,aggregation_softmax,34,13.870639,0.8,4,0,0,133.81750389933586,479.0060234069824,264.7454208880663,0.8418481469154357,0.15955895,194.93616,10,155,7.793790000000022,33.870636,19.999996,70.33181166666668,0.5,0.5068892240524292,uniform,uniform,10,0.0,0.0,0.0,4,
independent,1234,aggregation_softmax,35,13.843872,0.8,4,0,0,105.36070642992854,477.5442123413086,241.97006464004517,0.8745124220848084,0.06415456,124.612885,10,155,7.793790000000022,33.843872,20.0,70.33181166666668,0.5,0.5068892240524292,uniform,uniform,10,0.0,0.0,0.0,4,
independent,1234,aggregation_softmax,36,15.529183,0.75,5,3,3,171.61260622739792,467.8292655944824,281.82263684272766,0.9153908371925354,0.049458157,37.711193,10,155,7.793790000000022,40.529186,25.000004,70.33181166666668,0.5,0.5068892240524292,uniform,uniform,10,0.0,0.0,0.0,4,
independent,1234,aggregation_softmax,37,14.627821,0.75,5,4,4,119.54879143834114,438.4672164916992,228.74179792404175,0.8637742638587952,0.09284077,76.02074,10,155,7.793790000000022,39.627823,25.000002,70.33181166666668,0.5,0.5068892240524292,uniform,uniform,10,0.0,0.0,0.0,4,
independent,1234,aggregation_softmax,38,14.016553,0.85,3,3,3,133.51015658939585,444.0055561065674,223.4501922831816,0.8118819087743759,0.121891476,181.19244,10,155,7.793790000000022,29.016554,15.000001,70.33181166666668,0.5,0.5068892240524292,uniform,uniform,10,0.0,0.0,0.0,4,
independent,1234,aggregation_softmax,39,14.764419,0.55,9,3,3,159.3255446173928,444.38584327697754,257.64670567079025,0.8390887469053269,0.11220401,129.33559,10,155,7.793790000000022,59.764412,44.999992,70.33181166666668,0.5,0.5068892240524292,uniform,uniform,10,0.0,0.0,0.0,4,
independent,1234,aggregation_softmax,40,15.783318,0.75,5,1,1,148.70551323890686,418.3890151977539,254.3570113182068,0.8933632373809814,0.07107947,12.742675,10,155,7.793790000000022,40.78332,25.000004,70.33181166666668,0.5,0.5068892240524292,uniform,uniform,10,0.0,0.0,0.0,4,
independent,1234,aggregation_softmax,41,12.622148,0.65000004,7,6,6,116.38820604636119,425.9226322174072,190.36005267730127,0.7109179496765137,0.20255099,363.0377,10,155,7.793790000000022,47.62215,35.000004,70.33181166666668,0.5,0.5068892240524292,uniform,uniform,10,0.0,0.0,0.0,4,
independent,1234,aggregation_softmax,42,11.544498,0.90000004,2,1,1,117.29034592707951,468.6020851135254,243.21747918923697,0.7518526256084442,0.07992566,321.04507,10,155,7.793790000000022,21.544502,10.000004,70.33181166666668,0.5,0.5068892240524292,uniform,uniform,10,0.0,0.0,0.0,4,
independent,1234,aggregation_softmax,43,14.976986,0.6,8,6,6,143.99611353874207,471.64320945739746,250.51731407642365,0.8738667160272598,0.0598436,89.81925,10,155,7.793790000000022,54.976982,39.999996,70.33181166666668,0.5,0.5068892240524292,uniform,uniform,10,0.0,0.0,0.0,4,
independent,1234,aggregation_softmax,44,15.875077,0.8,4,2,2,146.97099566459656,477.5056457519531,259.5816895365715,0.9356282383203507,0.022617683,0.0,10,155,7.793790000000022,35.875072,19.999996,70.33181166666668,0.5,0.5068892240524292,uniform,uniform,10,0.0,0.0,0.0,4,
independent,1234,aggregation_softmax,45,15.448534,0.85,3,3,3,142.2088648291195,478.95023345947266,242.8233418043922,0.9282379657030105,0.0636466,57.396275,10,155,7.793790000000022,30.448532,14.999998,70.33181166666668,0.5,0.5068892240524292,uniform,uniform,10,0.0,0.0,0.0,4,
independent,1234,aggregation_softmax,46,11.059101,0.8,4,2,2,103.79083402454853,479.6788787841797,196.63094088435173,0.6851582765579224,0.15229368,460.17493,10,155,7.793790000000022,31.059101,20.0,70.33181166666668,0.5,0.5068892240524292,uniform,uniform,10,0.0,0.0,0.0,4,
independent,1234,aggregation_softmax,47,17.3693,0.45000002,11,10,10,179.40138697624207,453.46384048461914,279.36121304829913,0.9111791789531708,0.045140058,0.0,10,155,7.793790000000022,72.36931,55.000008,70.33181166666668,0.5,0.5068892240524292,uniform,uniform,10,0.0,0.0,0.0,4,
independent,1234,aggregation_softmax,48,14.922867,0.7,6,3,3,137.68795149666923,454.43650245666504,226.5270107133048,0.8404874980449677,0.15248291,141.10844,10,155,7.793790000000022,44.922863,29.999996,70.33181166666668,0.5,0.5068892240524292,uniform,uniform,10,0.0,0.0,0.0,4,
independent,1234,aggregation_softmax,49,15.133119,0.7,6,2,2,164.57272218806403,477.50475883483887,291.843650170735,0.9015795469284058,0.090039074,48.688057,10,155,7.793790000000022,45.133118,30.0,70.33181166666668,0.5,0.5068892240524292,uniform,uniform,10,0.0,0.0,0.0,4,
independent,1234,aggregation_softmax,50,14.065311,0.85,3,3,3,142.0791481522953,476.5513801574707,241.8410115732866,0.872461611032486,0.09377447,97.42523,10,155,7.793790000000022,29.065311,15.0,70.33181166666668,0.5,0.5068892240524292,uniform,uniform,10,0.0,0.0,0.0,4,
independent,1234,aggregation_softmax,51,14.841189,0.8,4,4,4,120.72138950228691,431.6187286376953,216.1080725491047,0.840687096118927,0.13767102,113.88093,10,155,7.793790000000022,34.84119,20.0,70.33181166666668,0.5,0.5068892240524292,uniform,uniform,10,0.0,0.0,0.0,4,
independent,1234,aggregation_softmax,52,13.873774,0.75,5,5,5,180.35177755355835,466.0627841949463,253.24721717834473,0.8477977484464645,0.17534938,175.97762,10,155,7.793790000000022,38.873775,25.000002,70.33181166666668,0.5,0.5068892240524292,uniform,uniform,10,0.0,0.0,0.0,4,
independent,1234,aggregation_softmax,53,13.52744,0.90000004,2,0,0,136.09146575133005,464.1295909881592,261.8552350997925,0.853578445315361,0.119538374,154.00284,10,155,7.793790000000022,23.527441,10.000001,70.33181166666668,0.5,0.5068892240524292,uniform,uniform,10,0.0,0.0,0.0,4,
independent,1234,aggregation_softmax,54,15.846204,0.65000004,7,5,5,183.62023789149063,438.178653717041,236.063728424219,0.8719000160694123,0.13134329,60.130806,10,155,7.793790000000022,50.846203,35.0,70.33181166666668,0.5,0.5068892240524292,uniform,uniform,10,0.0,0.0,0.0,4,
independent,1234,aggregation_softmax,55,14.360111,0.95,1,0,0,125.33921599388123,448.3685302734375,236.52338523613778,0.8802372843027115,0.05387792,66.15911,10,155,7.793790000000022,19.360111,5.0,70.33181166666668,0.5,0.5068892240524292,uniform,uniform,10,0.0,0.0,0.0,4,
independent,1234,aggregation_softmax,56,16.067766,0.65000004,7,2,2,206.49926882523758,474.2094898223877,319.9562793511611,0.9233611404895783,0.07072825,10.223476,10,155,7.793790000000022,51.067757,34.999992,70.33181166666668,0.5,0.5068892240524292,uniform,uniform,10,0.0,0.0,0.0,4,
independent,1234,aggregation_softmax,57,14.525575,0.90000004,2,2,2,144.8720214764277,439.72025871276855,276.5041575829188,0.8752676129341126,0.09693217,61.81272,10,155,7.793790000000022,24.525576,10.000001,70.33181166666668,0.5,0.5068892240524292,uniform,uniform,10,0.0,0.0,0.0,4,
independent,1234,aggregation_softmax,58,16.955982,0.65000004,7,6,6,148.71480331971094,449.5231246948242,258.848191683109,0.9066684484481812,0.050782066,4.719887,10,155,7.793790000000022,51.955986,35.000004,70.33181166666668,0.5,0.5068892240524292,uniform,uniform,10,0.0,0.0,0.0,4,
independent,1234,aggregation_softmax,59,13.90635,0.85,3,3,3,140.9594034096774,476.0587978363037,222.5119554645875,0.870888176560402,0.14523049,129.89697,10,155,7.793790000000022,28.90635,14.999999,70.33181166666668,0.5,0.5068892240524292,uniform,uniform,10,0.0,0.0,0.0,4,
independent,1234,aggregation_random,0,15.654556,0.8,4,4,4,167.58006133139133,417.84836769104004,221.05046600103378,0.8689843416213989,0.013472893,59.550163,10,154,1.6616599999999575,35.65456,20.000004,61.85000000000004,0.5,0.5068892240524292,uniform,uniform,10,0.0,0.0,0.0,0,
independent,1234,aggregation_random,1,15.966994,0.7,6,5,5,132.83082502228874,462.18804359436035,235.83258518150873,0.8721552580595017,0.0669436,83.65012,10,154,1.6616599999999575,45.966988,29.999992,61.85000000000004,0.5,0.5068892240524292,uniform,uniform,10,0.0,0.0,0.0,0,
independent,1234,aggregation_random,2,13.575796,0.8,4,4,4,134.15830850601196,390.62596321105957,227.79554307460785,0.8081143498420715,0.13885048,176.4205,10,154,1.6616599999999575,33.575794,19.999998,61.85000000000004,0.5,0.5068892240524292,uniform,uniform,10,0.0,0.0,0.0,0,
independent,1234,aggregation_random,3,13.855043,0.75,5,4,4,110.62881183624268,459.2621612548828,246.7585906982422,0.7994652569293976,0.11793543,238.98029,10,154,1.6616599999999575,38.85504,24.999998,61.85000000000004,0.5,0.5068892240524292,uniform,uniform,10,0.0,0.0,0.0,0,
independent,1234,aggregation_random,4,15.575527,0.8,4,4,4,146.91922154277563,431.5271186828613,225.248601436615,0.8906567096710205,0.04277184,17.93937,10,154,1.6616599999999575,35.575527,20.0,61.85000000000004,0.5,0.5068892240524292,uniform,uniform,10,0.0,0.0,0.0,0,
independent,1234,aggregation_random,5,11.966506,0.90000004,2,1,1,154.33032552401224,444.22207832336426,237.5094829003016,0.7927731961011887,0.11273637,218.09766,10,154,1.6616599999999575,21.966507,10.000001,61.85000000000004,0.5,0.5068892240524292,uniform,uniform,10,0.0,0.0,0.0,0,
independent,1234,aggregation_random,6,13.936534,0.85,3,3,3,107.20577611642726,442.88291931152344,167.98272055738113,0.8017151594161988,0.12660557,199.58987,10,154,1.6616599999999575,28.936527,14.999993,61.85000000000004,0.5,0.5068892240524292,uniform,uniform,10,0.0,0.0,0.0,0,
independent,1234,aggregation_random,7,15.922603,0.8,4,0,0,175.45047383755445,454.6253299713135,271.5810902416706,0.9117841213941574,0.056898154,0.0,10,154,1.6616599999999575,35.9226,19.999996,61.85000000000004,0.5,0.5068892240524292,uniform,uniform,10,0.0,0.0,0.0,0,
independent,1234,aggregation_random,8,15.625964,0.65000004,7,5,5,105.0984604542072,457.06028938293457,180.07181690289423,0.8698793143033982,0.056863096,82.892136,10,154,1.6616599999999575,50.62596,34.999996,61.85000000000004,0.5,0.5068892240524292,uniform,uniform,10,0.0,0.0,0.0,0,
independent,1234,aggregation_random,9,16.303946,0.65000004,7,6,6,170.86434190089886,455.77677726745605,258.74763360390295,0.922332975268364,0.07652548,0.0,10,154,1.6616599999999575,51.303947,35.0,61.85000000000004,0.5,0.5068892240524292,uniform,uniform,10,0.0,0.0,0.0,0,
independent,1234,aggregation_random,10,15.09314,0.8,4,3,3,194.1970758140087,461.61789894104004,265.5508317053318,0.8688147753477097,0.08562926,89.4936,10,154,1.6616599999999575,35.09314,20.0,61.85000000000004,0.5,0.5068892240524292,uniform,uniform,10,0.0,0.0,0.0,0,
independent,1234,aggregation_random,11,12.084979,0.8,4,4,4,113.17079549655318,333.8752269744873,185.06755895912647,0.7455717921257019,0.10941421,296.50217,10,154,1.6616599999999575,32.08498,20.0,61.85000000000004,0.5,0.5068892240524292,uniform,uniform,10,0.0,0.0,0.0,0,
independent,1234,aggregation_random,12,16.363472,0.8,4,4,4,146.56749084591866,478.8086700439453,262.728074491024,0.9243796110153198,0.0311405,0.0,10,154,1.6616599999999575,36.363464,19.999992,61.85000000000004,0.5,0.5068892240524292,uniform,uniform,10,0.0,0.0,0.0,0,
independent,1234,aggregation_random,13,11.596397,0.8,4,4,4,82.96989843249321,364.48442459106445,170.49576558172703,0.694064199924469,0.27106577,395.3968,10,154,1.6616599999999575,31.5964,20.000002,61.85000000000004,0.5,0.5068892240524292,uniform,uniform,10,0.0,0.0,0.0,0,
independent,1234,aggregation_random,14,15.752923,0.7,6,5,5,108.48128097397941,377.9257106781006,186.3178973538535,0.8852572441101074,0.08034853,28.306261,10,154,1.6616599999999575,45.752926,30.000004,61.85000000000004,0.5,0.5068892240524292,uniform,uniform,10,0.0,0.0,0.0,0,
independent,1234,aggregation_random,15,12.646223,0.90000004,2,2,2,114.4728097319603,478.3436107635498,206.25928739706674,0.8202948957681656,0.24709919,199.37761,10,154,1.6616599999999575,22.646221,9.999998,61.85000000000004,0.5,0.5068892240524292,uniform,uniform,10,0.0,0.0,0.0,0,
independent,1234,aggregation_random,16,16.337816,0.5,10,8,8,145.4028770327568,301.2093257904053,189.96335291862488,0.8538187742233276,0.062710375,88.66813,10,154,1.6616599999999575,66.337814,50.0,61.85000000000004,0.5,0.5068892240524292,uniform,uniform,10,0.0,0.0,0.0,0,
independent,1234,aggregation_random,17,15.272249,0.75,5,1,1,188.06669461727142,452.8806495666504,307.78052139282227,0.87272107899189,0.07198968,74.561295,10,154,1.6616599999999575,40.27224,24.99999,61.85000000000004,0.5,0.5068892240524292,uniform,uniform,10,0.0,0.0,0.0,0,
independent,1234,aggregation_random,18,16.768251,0.65000004,7,6,6,171.72901002260355,435.3123950958252,262.25117408312286,0.8808008521795273,0.02257102,40.17496,10,154,1.6616599999999575,51.768257,35.000008,61.85000000000004,0.5,0.5068892240524292,uniform,uniform,10,0.0,0.0,0.0,0,
independent,1234,aggregation_random,19,12.537249,0.65000004,7,4,4,103.35066119065651,463.63680839538574,178.55710827387296,0.7175035268068314,0.21583664,382.0301,10,154,1.6616599999999575,47.537254,35.000008,61.85000000000004,0.5,0.5068892240524292,uniform,uniform,10,0.0,0.0,0.0,0,
independent,1234,aggregation_random,20,15.241431,0.90000004,2,1,1,132.11259871721268,477.94973373413086,257.3410642147064,0.9256401538848877,0.041407075,0.0,10,154,1.6616599999999575,25.241432,10.000001,61.85000000000004,0.5,0.5068892240524292,uniform,uniform,10,0.0,0.0,0.0,0,
independent,1234,aggregation_random,21,15.208804,0.8,4,1,1,141.4307427406311,478.08897972106934,237.59822063148022,0.9216894894838333,0.07450017,4.4452944,10,154,1.6616599999999575,35.2088,19.999996,61.85000000000004,0.5,0.5068892240524292,uniform,uniform,10,0.0,0.0,0.0,0,
independent,1234,aggregation_random,22,13.421843,0.8,4,4,4,98.9108033850789,462.6379680633545,195.76844863593578,0.7774167448282242,0.14020817,265.998,10,154,1.6616599999999575,33.42184,19.999998,61.85000000000004,0.5,0.5068892240524292,uniform,uniform,10,0.0,0.0,0.0,0,
independent,1234,aggregation_random,23,15.466877,0.75,5,5,5,150.85913622379303,442.3838710784912,255.442036151886,0.8716064482927323,0.05596231,64.89971,10,154,1.6616599999999575,40.466877,25.0,61.85000000000004,0.5,0.5068892240524292,uniform,uniform,10,0.0,0.0,0.0,0,
independent,1234,aggregation_random,24,11.849495,0.8,4,3,3,133.09886053204536,436.9933032989502,217.35591262578964,0.7359076827764511,0.34324375,320.05057,10,154,1.6616599999999575,31.849493,19.999998,61.85000000000004,0.5,0.5068892240524292,uniform,uniform,10,0.0,0.0,0.0,0,
independent,1234,aggregation_random,25,15.3629265,0.8,4,3,3,146.0219855234027,476.6180419921875,279.0039597451687,0.9266984671354294,0.09602778,42.707325,10,154,1.6616599999999575,35.362926,20.0,61.85000000000004,0.5,0.5068892240524292,uniform,uniform,10,0.0,0.0,0.0,0,
independent,1234,aggregation_random,26,14.974551,0.85,3,3,3,170.4648914757897,461.3273620605469,256.03948200450225,0.8956657677888871,0.09602164,41.92225,10,154,1.6616599999999575,29.974556,15.000005,61.85000000000004,0.5,0.5068892240524292,uniform,uniform,10,0.0,0.0,0.0,0,
independent,1234,aggregation_random,27,13.33176,0.8,4,0,0,123.15643083304167,448.51189613342285,230.38623601198196,0.8392911583185196,0.12563221,144.96036,10,154,1.6616599999999575,33.331764,20.000004,61.85000000000004,0.5,0.5068892240524292,uniform,uniform,10,0.0,0.0,0.0,0,
independent,1234,aggregation_random,28,13.868673,0.8,4,4,4,120.60791552066803,411.1685085296631,209.58260267972946,0.8074207305908203,0.11789978,177.75223,10,154,1.6616599999999575,33.868675,20.000002,61.85000000000004,0.5,0.5068892240524292,uniform,uniform,10,0.0,0.0,0.0,0,
independent,1234,aggregation_random,29,15.01853,0.90000004,2,2,2,165.5371512969335,477.08404541015625,290.8312886953354,0.9083156317472458,0.12855656,48.0,10,154,1.6616599999999575,25.018532,10.000002,61.85000000000004,0.5,0.5068892240524292,uniform,uniform,10,0.0,0.0,0.0,0,
independent,1234,aggregation_random,30,15.389157,0.8,4,3,3,155.15184044837952,460.6845474243164,234.17956620454788,0.8909377694129944,0.030976353,46.084187,10,154,1.6616599999999575,35.38916,20.000004,61.85000000000004,0.5,0.5068892240524292,uniform,uniform,10,0.0,0.0,0.0,0,
independent,1234,aggregation_random,31,13.520009,0.85,3,3,3,117.45887907112346,478.8782787322998,229.52103474560906,0.7770204335451126,0.19434087,282.99905,10,154,1.6616599999999575,28.520008,14.999999,61.85000000000004,0.5,0.5068892240524292,uniform,uniform,10,0.0,0.0,0.0,0,
independent,1234,aggregation_random,32,13.672063,0.75,5,4,4,139.28044986724854,467.9508590698242,186.99018692970276,0.808952534198761,0.17599699,210.76205,10,154,1.6616599999999575,38.67206,24.999996,61.85000000000004,0.5,0.5068892240524292,uniform,uniform,10,0.0,0.0,0.0,0,
independent,1234,aggregation_random,33,15.50444,0.65000004,7,4,4,117.61236163286063,440.07216453552246,235.51109158075772,0.8367272406816483,0.038618293,129.55594,10,154,1.6616599999999575,50.504444,35.000004,61.85000000000004,0.5,0.5068892240524292,uniform,uniform,10,0.0,0.0,0.0,0,
independent,1234,aggregation_random,34,14.150097,0.75,5,2,2,122.11106538772583,468.64356994628906,222.6326448917389,0.8514816403388977,0.07416269,129.799,10,154,1.6616599999999575,39.1501,25.000004,61.85000000000004,0.5,0.5068892240524292,uniform,uniform,10,0.0,0.0,0.0,0,
independent,1234,aggregation_random,35,15.529202,0.6,8,4,4,80.61949171125889,326.7380905151367,141.4907893538475,0.8526206016540527,0.05777195,90.96854,10,154,1.6616599999999575,55.529198,39.999996,61.85000000000004,0.5,0.5068892240524292,uniform,uniform,10,0.0,0.0,0.0,0,
independent,1234,aggregation_random,36,14.980932,0.75,5,4,4,168.8860279917717,470.4012680053711,256.5829060077667,0.8503528565168381,0.042296898,134.9069,10,154,1.6616599999999575,39.980934,25.000002,61.85000000000004,0.5,0.5068892240524292,uniform,uniform,10,0.0,0.0,0.0,0,
independent,1234,aggregation_random,37,14.616941,0.8,4,3,3,142.27956681512296,424.3253231048584,231.7004156112671,0.8708531856536865,0.06646914,55.962124,10,154,1.6616599999999575,34.616943,20.000002,61.85000000000004,0.5,0.5068892240524292,uniform,uniform,10,0.0,0.0,0.0,0,
independent,1234,aggregation_random,38,15.955894,0.85,3,3,3,163.31145160338457,465.1980972290039,264.05840088339414,0.9172907710075379,0.02175385,0.0,10,154,1.6616599999999575,30.955893,14.999998,61.85000000000004,0.5,0.5068892240524292,uniform,uniform,10,0.0,0.0,0.0,0,
independent,1234,aggregation_random,39,16.012238,0.6,8,3,3,172.02139377593994,438.0249309539795,264.899126291275,0.8933588057756424,0.07217218,18.776138,10,154,1.6616599999999575,56.012238,40.0,61.85000000000004,0.5,0.5068892240524292,uniform,uniform,10,0.0,0.0,0.0,0,
independent,1234,aggregation_random,40,14.225256,0.90000004,2,1,1,135.82754532496133,441.9654178619385,244.6331791083018,0.859057554602623,0.08888063,88.575096,10,154,1.6616599999999575,24.225258,10.000002,61.85000000000004,0.5,0.5068892240524292,uniform,uniform,10,0.0,0.0,0.0,0,
independent,1234,aggregation_random,41,10.914253,0.75,5,4,4,96.23887914419174,433.6900806427002,187.71967220306396,0.6581099718809128,0.28216085,466.11902,10,154,1.6616599999999575,35.91425,24.999996,61.85000000000004,0.5,0.5068892240524292,uniform,uniform,10,0.0,0.0,0.0,0,
independent,1234,aggregation_random,42,13.093396,0.7,6,5,5,125.96988622631345,439.4633102416992,217.37018542630332,0.7929365873336792,0.18362936,213.02515,10,154,1.6616599999999575,43.093395,30.0,61.85000000000004,0.5,0.5068892240524292,uniform,uniform,10,0.0,0.0,0.0,0,
independent,1234,aggregation_random,43,15.162583,0.7,6,4,4,152.20723705632346,462.6983070373535,261.54171543461933,0.8763028651475906,0.051777508,95.99998,10,154,1.6616599999999575,45.16259,30.000008,61.85000000000004,0.5,0.5068892240524292,uniform,uniform,10,0.0,0.0,0.0,0,
independent,1234,aggregation_random,44,15.203305,0.75,5,4,4,109.11596274375916,418.4330177307129,215.702214717865,0.8908281326293945,0.05934712,17.610134,10,154,1.6616599999999575,40.203304,25.0,61.85000000000004,0.5,0.5068892240524292,uniform,uniform,10,0.0,0.0,0.0,0,
independent,1234,aggregation_random,45,14.223207,0.90000004,2,1,1,118.1852413713932,477.94718742370605,223.02090187867483,0.8771945863962174,0.12656054,97.520096,10,154,1.6616599999999575,24.22321,10.000002,61.85000000000004,0.5,0.5068892240524292,uniform,uniform,10,0.0,0.0,0.0,0,
independent,1234,aggregation_random,46,11.415129,0.85,3,1,1,97.74331948336433,454.9115467071533,208.1649588136112,0.7423878997564316,0.1748413,325.52676,10,154,1.6616599999999575,26.415127,14.999998,61.85000000000004,0.5,0.5068892240524292,uniform,uniform,10,0.0,0.0,0.0,0,
independent,1234,aggregation_random,47,16.857395,0.4,12,11,11,148.78788650035858,406.84630393981934,232.92143940925598,0.8654113411903381,0.032133818,66.410355,10,154,1.6616599999999575,76.85741,60.00001,61.85000000000004,0.5,0.5068892240524292,uniform,uniform,10,0.0,0.0,0.0,0,
independent,1234,aggregation_random,48,13.331148,0.7,6,3,3,90.94634311539787,476.86059951782227,206.78297741072518,0.7709897935390473,0.1375519,320.88525,10,154,1.6616599999999575,43.331146,29.999998,61.85000000000004,0.5,0.5068892240524292,uniform,uniform,10,0.0,0.0,0.0,0,
independent,1234,aggregation_random,49,15.484256,0.65000004,7,3,3,156.29650643238654,441.5695095062256,244.35410829690787,0.8659783035516739,0.096411854,84.262,10,154,1.6616599999999575,50.484253,34.999996,61.85000000000004,0.5,0.5068892240524292,uniform,uniform,10,0.0,0.0,0.0,0,
independent,1234,aggregation_random,50,14.705155,0.85,3,3,3,143.22155714035034,446.9457149505615,251.22470014235552,0.8828407853841782,0.07370079,62.78299,10,154,1.6616599999999575,29.705156,15.000001,61.85000000000004,0.5,0.5068892240524292,uniform,uniform,10,0.0,0.0,0.0,0,
independent,1234,aggregation_random,51,14.806335,0.95,1,1,1,153.55950236320496,476.64422035217285,271.232057747088,0.917571845650673,0.063432164,53.36641,10,154,1.6616599999999575,19.80633,4.9999943,61.85000000000004,0.5,0.5068892240524292,uniform,uniform,10,0.0,0.0,0.0,0,
independent,1234,aggregation_random,52,15.758165,0.7,6,6,6,169.0311006137303,456.8350410461426,230.91376917702812,0.8880207270383835,0.07904228,48.0,10,154,1.6616599999999575,45.75817,30.000006,61.85000000000004,0.5,0.5068892240524292,uniform,uniform,10,0.0,0.0,0.0,0,
independent,1234,aggregation_random,53,16.27,0.7,6,4,4,138.81161493914468,466.88255310058594,266.0873753683908,0.927425029873848,0.06702269,0.0,10,154,1.6616599999999575,46.27,30.0,61.85000000000004,0.5,0.5068892240524292,uniform,uniform,10,0.0,0.0,0.0,0,
independent,1234,aggregation_random,54,13.306626,0.75,5,3,3,138.9355696439743,445.5982303619385,189.04199194908142,0.780669578909874,0.119658,242.71274,10,154,1.6616599999999575,38.306625,25.0,61.85000000000004,0.5,0.5068892240524292,uniform,uniform,10,0.0,0.0,0.0,0,
independent,1234,aggregation_random,55,15.711792,0.90000004,2,2,2,161.541618903478,475.4476547241211,266.26371522744495,0.9228045821189881,0.046456467,20.820848,10,154,1.6616599999999575,25.711784,9.999992,61.85000000000004,0.5,0.5068892240524292,uniform,uniform,10,0.0,0.0,0.0,0,
independent,1234,aggregation_random,56,13.52814,0.85,3,1,1,139.90161853678086,475.0342655181885,236.97074637693518,0.84634048640728,0.12724373,146.06068,10,154,1.6616599999999575,28.528145,15.000005,61.85000000000004,0.5,0.5068892240524292,uniform,uniform,10,0.0,0.0,0.0,0,
independent,1234,aggregation_random,57,16.084736,0.8,4,4,4,136.34567342698574,446.91115379333496,254.02878284454346,0.9078077554702759,0.044701405,6.5265827,10,154,1.6616599999999575,36.084736,20.0,61.85000000000004,0.5,0.5068892240524292,uniform,uniform,10,0.0,0.0,0.0,0,
independent,1234,aggregation_random,58,16.706696,0.5,10,9,9,143.72942143678665,422.01541900634766,215.7384728193283,0.8654798269271851,0.056438074,66.278824,10,154,1.6616599999999575,66.706696,50.0,61.85000000000004,0.5,0.5068892240524292,uniform,uniform,10,0.0,0.0,0.0,0,
independent,1234,aggregation_random,59,16.10552,0.65000004,7,7,7,164.50305929550757,479.18317794799805,250.3072749192898,0.925550353527069,0.09497915,23.544962,10,154,1.6616599999999575,51.105522,35.0,61.85000000000004,0.5,0.5068892240524292,uniform,uniform,10,0.0,0.0,0.0,0,
independent,1234,aggregation_random,0,13.871542,1.0,0,0,0,206.6546135544777,469.6954822540283,258.699786901474,0.864717784523964,0.09471222,114.41453,10,156,1.707106666667239,13.871542,0.0,67.12906333333333,0.5,0.5068892240524292,uniform,uniform,10,0.0,0.0,0.0,1,
independent,1234,aggregation_random,1,16.179737,0.75,5,4,4,122.70241993665695,435.291166305542,211.24158000946045,0.8798256307840348,0.05772172,42.026108,10,156,1.707106666667239,41.17974,25.000004,67.12906333333333,0.5,0.5068892240524292,uniform,uniform,10,0.0,0.0,0.0,1,
independent,1234,aggregation_random,2,15.414223,0.75,5,3,3,158.67552947998047,462.98890113830566,268.0009517669678,0.8855495542287827,0.027035527,58.733864,10,156,1.707106666667239,40.414223,25.0,67.12906333333333,0.5,0.5068892240524292,uniform,uniform,10,0.0,0.0,0.0,1,
independent,1234,aggregation_random,3,15.875486,0.6,8,7,7,129.96197879314423,471.0874557495117,281.35941982269287,0.884049016237259,0.06601897,82.52652,10,156,1.707106666667239,55.875492,40.000008,67.12906333333333,0.5,0.5068892240524292,uniform,uniform,10,0.0,0.0,0.0,1,
independent,1234,aggregation_random,4,16.12337,0.7,6,6,6,129.34739355530058,467.1317481994629,247.62681560856956,0.9018067061901093,0.018347561,31.663015,10,156,1.707106666667239,46.123367,29.999998,67.12906333333333,0.5,0.5068892240524292,uniform,uniform,10,0.0,0.0,0.0,1,
independent,1234,aggregation_random,5,14.283604,0.85,3,2,2,160.10467013892006,454.9580669403076,252.159288630766,0.8730669796466828,0.0562858,90.12857,10,156,1.707106666667239,29.283604,15.0,67.12906333333333,0.5,0.5068892240524292,uniform,uniform,10,0.0,0.0,0.0,1,
independent,1234,aggregation_random,6,12.858178,0.95,1,1,1,115.79357630328128,442.26330757141113,206.25115814961885,0.8037357360124588,0.13916084,201.33412,10,156,1.707106666667239,17.858175,4.999997,67.12906333333333,0.5,0.5068892240524292,uniform,uniform,10,0.0,0.0,0.0,1,
independent,1234,aggregation_random,7,14.913066,0.85,3,0,0,167.69331241355223,440.77783584594727,263.99382465025957,0.8902604311704636,0.10532432,33.262577,10,156,1.707106666667239,29.913067,15.000001,67.12906333333333,0.5,0.5068892240524292,uniform,uniform,10,0.0,0.0,0.0,1,
independent,1234,aggregation_random,8,16.610167,0.6,8,6,6,124.70159620046616,439.3030071258545,180.60307025909424,0.881100931763649,0.08085547,43.589256,10,156,1.707106666667239,56.610165,40.0,67.12906333333333,0.5,0.5068892240524292,uniform,uniform,10,0.0,0.0,0.0,1,
independent,1234,aggregation_random,9,16.039404,0.7,6,5,5,194.65783212866103,460.823335647583,290.5493928704943,0.9264784812927246,0.050611325,19.059477,10,156,1.707106666667239,46.039406,30.000002,67.12906333333333,0.5,0.5068892240524292,uniform,uniform,10,0.0,0.0,0.0,1,
independent,1234,aggregation_random,10,13.849872,0.95,1,0,0,128.8050626767309,476.6154670715332,232.19437592907957,0.8829510539770127,0.14076926,106.01264,10,156,1.707106666667239,18.849867,4.999995,67.12906333333333,0.5,0.5068892240524292,uniform,uniform,10,0.0,0.0,0.0,1,
independent,1234,aggregation_random,11,12.575068,0.90000004,2,2,2,120.4519301156203,429.0116214752197,217.35010862350464,0.7817494869232178,0.03825188,227.04114,10,156,1.707106666667239,22.57507,10.000001,67.12906333333333,0.5,0.5068892240524292,uniform,uniform,10,0.0,0.0,0.0,1,
independent,1234,aggregation_random,12,15.166579,0.90000004,2,2,2,161.27224465211233,469.5944309234619,266.84099833170575,0.8963090062141419,0.06486255,48.0,10,156,1.707106666667239,25.16658,10.000001,67.12906333333333,0.5,0.5068892240524292,uniform,uniform,10,0.0,0.0,0.0,1,
independent,1234,aggregation_random,13,11.142517,0.8,4,4,4,98.40792909264565,349.77882385253906,185.9337980300188,0.6923186779022217,0.29141095,398.74826,10,156,1.707106666667239,31.142517,20.0,67.12906333333333,0.5,0.5068892240524292,uniform,uniform,10,0.0,0.0,0.0,1,
independent,1234,aggregation_random,14,14.716109,0.75,5,4,4,154.8259036540985,395.5363082885742,229.0854926109314,0.846282958984375,0.07470295,103.13677,10,156,1.707106666667239,39.716106,24.999996,67.12906333333333,0.5,0.5068892240524292,uniform,uniform,10,0.0,0.0,0.0,1,
independent,1234,aggregation_random,15,15.258292,0.8,4,4,4,104.71062563359737,441.66661262512207,203.01872223615646,0.8609422534704209,0.07913283,84.657616,10,156,1.707106666667239,35.25829,19.999996,67.12906333333333,0.5,0.5068892240524292,uniform,uniform,10,0.0,0.0,0.0,1,
independent,1234,aggregation_random,16,14.613039,0.7,6,4,4,118.09991112777165,439.1352081298828,203.92885872295923,0.8103260040283203,0.17596647,179.30934,10,156,1.707106666667239,44.613037,29.999998,67.12906333333333,0.5,0.5068892240524292,uniform,uniform,10,0.0,0.0,0.0,1,
independent,1234,aggregation_random,17,16.256645,0.7,6,1,1,207.64389944928033,471.48473739624023,318.875470161438,0.9257115006446839,0.05141021,0.33566666,10,156,1.707106666667239,46.256645,30.0,67.12906333333333,0.5,0.5068892240524292,uniform,uniform,10,0.0,0.0,0.0,1,
independent,1234,aggregation_random,18,16.947714,0.6,8,7,7,134.76840496063232,440.51713943481445,223.5950744152069,0.8893413484096527,0.055780757,28.981934,10,156,1.707106666667239,56.947712,40.0,67.12906333333333,0.5,0.5068892240524292,uniform,uniform,10,0.0,0.0,0.0,1,
independent,1234,aggregation_random,19,14.185243,0.6,8,5,5,103.23108099400997,412.35663414001465,164.53089773654938,0.7658981084823608,0.085849784,257.47574,10,156,1.707106666667239,54.185246,40.000004,67.12906333333333,0.5,0.5068892240524292,uniform,uniform,10,0.0,0.0,0.0,1,
independent,1234,aggregation_random,20,16.214956,0.7,6,5,5,166.32408844573158,441.6251850128174,239.4069222041539,0.9050132125616074,0.105152465,0.0,10,156,1.707106666667239,46.21496,30.000002,67.12906333333333,0.5,0.5068892240524292,uniform,uniform,10,0.0,0.0,0.0,1,
independent,1234,aggregation_random,21,16.683279,0.5,10,5,5,137.24905478954315,478.85504722595215,260.75862765312195,0.9196833401918412,0.092009135,9.672226,10,156,1.707106666667239,66.68328,50.0,67.12906333333333,0.5,0.5068892240524292,uniform,uniform,10,0.0,0.0,0.0,1,
independent,1234,aggregation_random,22,15.79483,0.65000004,7,7,7,97.05752780804268,454.2180919647217,193.25465083122253,0.874323645234108,0.07931313,71.51693,10,156,1.707106666667239,50.794834,35.000004,67.12906333333333,0.5,0.5068892240524292,uniform,uniform,10,0.0,0.0,0.0,1,
independent,1234,aggregation_random,23,14.495157,0.6,8,8,8,114.02983158826828,434.1533660888672,190.298810005188,0.7935966491699219,0.09412194,206.44789,10,156,1.707106666667239,54.49516,40.0,67.12906333333333,0.5,0.5068892240524292,uniform,uniform,10,0.0,0.0,0.0,1,
independent,1234,aggregation_random,24,15.828579,0.7,6,4,4,133.30689694200242,407.6523685455322,229.7217173235757,0.8885506987571716,0.067810774,21.982855,10,156,1.707106666667239,45.82858,30.0,67.12906333333333,0.5,0.5068892240524292,uniform,uniform,10,0.0,0.0,0.0,1,
independent,1234,aggregation_random,25,16.52,0.65000004,7,6,6,176.53353521457086,473.22452545166016,277.41865396499634,0.9279715538024902,0.06438136,5.722046e-06,10,156,1.707106666667239,51.519997,34.999996,67.12906333333333,0.5,0.5068892240524292,uniform,uniform,10,0.0,0.0,0.0,1,
independent,1234,aggregation_random,26,13.609739,0.8,4,3,3,135.13553235679865,394.33496475219727,203.5001988708973,0.7812365293502808,0.0974824,228.02599,10,156,1.707106666667239,33.609737,19.999998,67.12906333333333,0.5,0.5068892240524292,uniform,uniform,10,0.0,0.0,0.0,1,
independent,1234,aggregation_random,27,11.642076,0.8,4,1,1,88.94678715616465,427.5519275665283,195.1059526205063,0.7080092430114746,0.05839513,368.62222,10,156,1.707106666667239,31.642078,20.000004,67.12906333333333,0.5,0.5068892240524292,uniform,uniform,10,0.0,0.0,0.0,1,
independent,1234,aggregation_random,28,14.329843,0.8,4,4,4,125.45432176440954,439.54524993896484,211.22809700667858,0.8491497814655304,0.092944056,107.81155,10,156,1.707106666667239,34.329845,20.000004,67.12906333333333,0.5,0.5068892240524292,uniform,uniform,10,0.0,0.0,0.0,1,
independent,1234,aggregation_random,29,16.592756,0.45000002,11,11,11,121.2317685286204,446.7073917388916,204.55003142356873,0.8638142436742783,0.09796443,84.18417,10,156,1.707106666667239,71.59276,55.0,67.12906333333333,0.5,0.5068892240524292,uniform,uniform,10,0.0,0.0,0.0,1,
independent,1234,aggregation_random,30,13.686062,0.90000004,2,1,1,145.53978900114694,455.50329208374023,236.43076260884604,0.8385388791561127,0.1509209,141.50877,10,156,1.707106666667239,23.686066,10.000004,67.12906333333333,0.5,0.5068892240524292,uniform,uniform,10,0.0,0.0,0.0,1,
independent,1234,aggregation_random,31,16.722225,0.55,9,9,9,101.43692428415471,442.9514408111572,192.19320546497,0.8719657152891159,0.08221949,64.77739,10,156,1.707106666667239,61.72222,44.999996,67.12906333333333,0.5,0.5068892240524292,uniform,uniform,10,0.0,0.0,0.0,1,
independent,1234,aggregation_random,32,14.087679,0.8,4,3,3,146.9822097569704,429.2859077453613,217.04241670668125,0.8260725736618042,0.08521997,141.94075,10,156,1.707106666667239,34.087677,19.999998,67.12906333333333,0.5,0.5068892240524292,uniform,uniform,10,0.0,0.0,0.0,1,
independent,1234,aggregation_random,33,14.775253,0.8,4,2,2,113.89497019350529,468.04272651672363,235.86880959570408,0.8818830519914627,0.077231124,117.063446,10,156,1.707106666667239,34.775253,20.0,67.12906333333333,0.5,0.5068892240524292,uniform,uniform,10,0.0,0.0,0.0,1,
independent,1234,aggregation_random,34,14.556559,0.7,6,2,2,116.08786608491626,437.2133159637451,210.90031717504775,0.8297256618738175,0.04923368,140.14021,10,156,1.707106666667239,44.55656,30.000002,67.12906333333333,0.5,0.5068892240524292,uniform,uniform,10,0.0,0.0,0.0,1,
independent,1234,aggregation_random,35,13.575033,0.65000004,7,4,4,81.65835369091768,426.15955352783203,158.96743160027725,0.7536959052085876,0.11626331,280.90393,10,156,1.707106666667239,48.575027,34.999992,67.12906333333333,0.5,0.5068892240524292,uniform,uniform,10,0.0,0.0,0.0,1,
independent,1234,aggregation_random,36,13.773554,0.75,5,3,3,111.12132740020752,467.8292655944824,229.62337374687195,0.8285426676273346,0.17267838,198.48622,10,156,1.707106666667239,38.773552,24.999998,67.12906333333333,0.5,0.5068892240524292,uniform,uniform,10,0.0,0.0,0.0,1,
independent,1234,aggregation_random,37,15.160002,0.85,3,2,2,148.7659211281468,478.9129829406738,251.46950441248276,0.9124736666679383,0.063762754,48.0,10,156,1.707106666667239,30.160006,15.000004,67.12906333333333,0.5,0.5068892240524292,uniform,uniform,10,0.0,0.0,0.0,1,
independent,1234,aggregation_random,38,15.228354,0.90000004,2,2,2,102.64102399349213,477.13537216186523,211.49227261543274,0.9137433111667633,0.05897857,18.748392,10,156,1.707106666667239,25.228363,10.000009,67.12906333333333,0.5,0.5068892240524292,uniform,uniform,10,0.0,0.0,0.0,1,
independent,1234,aggregation_random,39,15.90724,0.55,9,4,4,158.8746487010609,412.1800231933594,258.6503583734686,0.8714232444763184,0.11654566,54.86757,10,156,1.707106666667239,60.907234,44.999992,67.12906333333333,0.5,0.5068892240524292,uniform,uniform,10,0.0,0.0,0.0,1,
independent,1234,aggregation_random,40,15.018776,0.75,5,3,3,119.81591069698334,453.7811851501465,247.36095333099365,0.8749938547611237,0.0659692,69.79312,10,156,1.707106666667239,40.018776,25.0,67.12906333333333,0.5,0.5068892240524292,uniform,uniform,10,0.0,0.0,0.0,1,
independent,1234,aggregation_random,41,12.972916,0.8,4,3,3,97.6468057371676,479.28099632263184,233.37257333099842,0.7742427319288254,0.2383844,316.7085,10,156,1.707106666667239,32.972916,20.0,67.12906333333333,0.5,0.5068892240524292,uniform,uniform,10,0.0,0.0,0.0,1,
independent,1234,aggregation_random,42,15.461643,0.75,5,3,3,134.0553308725357,452.6031017303467,261.9642753601074,0.8989729076623917,0.08192065,22.575216,10,156,1.707106666667239,40.461647,25.000004,67.12906333333333,0.5,0.5068892240524292,uniform,uniform,10,0.0,0.0,0.0,1,
independent,1234,aggregation_random,43,15.987625,0.65000004,7,5,5,158.8829532953409,477.53963470458984,259.16081401017993,0.9236031413078308,0.1029834,0.22175217,10,156,1.707106666667239,50.987617,34.999992,67.12906333333333,0.5,0.5068892240524292,uniform,uniform,10,0.0,0.0,0.0,1,
independent,1234,aggregation_random,44,13.981987,0.85,3,3,3,105.60943057431894,470.42049407958984,212.53714442253113,0.8375784486532212,0.07825722,159.05783,10,156,1.707106666667239,28.981987,15.0,67.12906333333333,0.5,0.5068892240524292,uniform,uniform,10,0.0,0.0,0.0,1,
independent,1234,aggregation_random,45,15.699436,0.7,6,6,6,192.93196825044495,459.7459316253662,255.49269906112127,0.8713710188865662,0.055046845,98.05647,10,156,1.707106666667239,45.69944,30.000004,67.12906333333333,0.5,0.5068892240524292,uniform,uniform,10,0.0,0.0,0.0,1,
independent,1234,aggregation_random,46,11.28419,0.85,3,1,1,83.70938122272491,466.0198402404785,194.13102065815644,0.7163743913173676,0.3017214,386.581,10,156,1.707106666667239,26.284187,14.999997,67.12906333333333,0.5,0.5068892240524292,uniform,uniform,10,0.0,0.0,0.0,1,
independent,1234,aggregation_random,47,16.793259,0.55,9,8,8,185.13789572499016,464.90867614746094,235.17541245980695,0.9171400308609009,0.060616795,0.0,10,156,1.707106666667239,61.793262,45.000004,67.12906333333333,0.5,0.5068892240524292,uniform,uniform,10,0.0,0.0,0.0,1,
independent,1234,aggregation_random,48,14.0943775,0.65000004,7,4,4,104.49456632137299,445.3995609283447,200.67825849239642,0.7931444734334946,0.11396324,218.56227,10,156,1.707106666667239,49.09438,35.0,67.12906333333333,0.5,0.5068892240524292,uniform,uniform,10,0.0,0.0,0.0,1,
independent,1234,aggregation_random,49,14.254404,0.7,6,2,2,120.87897126163755,406.5497303009033,221.82584166526794,0.8446711301803589,0.0974959,106.231544,10,156,1.707106666667239,44.25441,30.000006,67.12906333333333,0.5,0.5068892240524292,uniform,uniform,10,0.0,0.0,0.0,1,
independent,1234,aggregation_random,50,14.850834,0.85,3,3,3,124.41265498890596,462.2031784057617,245.3488023140851,0.9217927038669587,0.040024247,9.564978,10,156,1.707106666667239,29.850836,15.000002,67.12906333333333,0.5,0.5068892240524292,uniform,uniform,10,0.0,0.0,0.0,1,
independent,1234,aggregation_random,51,14.932064,0.75,5,5,5,139.42060923576355,443.9044189453125,234.85197687149048,0.8427661299705506,0.058665346,121.7936,10,156,1.707106666667239,39.932068,25.000004,67.12906333333333,0.5,0.5068892240524292,uniform,uniform,10,0.0,0.0,0.0,1,
independent,1234,aggregation_random,52,16.410002,0.75,5,5,5,176.95464324951172,476.1141586303711,236.34180402755737,0.9364396363496781,0.051603716,0.0,10,156,1.707106666667239,41.41,24.999998,67.12906333333333,0.5,0.5068892240524292,uniform,uniform,10,0.0,0.0,0.0,1,
independent,1234,aggregation_random,53,13.878218,0.85,3,1,1,139.39778524286606,464.1295909881592,246.74252860686357,0.8425455868244172,0.054758836,146.58876,10,156,1.707106666667239,28.878223,15.000006,67.12906333333333,0.5,0.5068892240524292,uniform,uniform,10,0.0,0.0,0.0,1,
independent,1234,aggregation_random,54,13.56249,0.85,3,2,2,171.8724666974124,465.63222885131836,252.50468604704912,0.8124366343021393,0.088045835,201.75398,10,156,1.707106666667239,28.562489,14.999998,67.12906333333333,0.5,0.5068892240524292,uniform,uniform,10,0.0,0.0,0.0,1,
independent,1234,aggregation_random,55,15.498744,0.85,3,3,3,132.38021934733672,467.4174499511719,227.36350915011238,0.9107934474945069,0.07444473,14.694191,10,156,1.707106666667239,30.498743,14.999999,67.12906333333333,0.5,0.5068892240524292,uniform,uniform,10,0.0,0.0,0.0,1,
independent,1234,aggregation_random,56,13.273493,0.75,5,1,1,144.69338536262512,387.6903820037842,249.28242444992065,0.7944528460502625,0.1798996,202.65065,10,156,1.707106666667239,38.273495,25.000002,67.12906333333333,0.5,0.5068892240524292,uniform,uniform,10,0.0,0.0,0.0,1,
independent,1234,aggregation_random,57,15.765888,0.75,5,5,5,160.3170874118805,479.83248710632324,270.0363733768463,0.907656791806221,0.022183374,47.64058,10,156,1.707106666667239,40.765877,24.999989,67.12906333333333,0.5,0.5068892240524292,uniform,uniform,10,0.0,0.0,0.0,1,
independent,1234,aggregation_random,58,16.852356,0.6,8,7,7,149.3288241326809,438.7129211425781,264.9422839283943,0.886891457438469,0.06570224,38.34567,10,156,1.707106666667239,56.852356,40.0,67.12906333333333,0.5,0.5068892240524292,uniform,uniform,10,0.0,0.0,0.0,1,
independent,1234,aggregation_random,59,14.56731,0.95,1,1,1,128.97240080331503,474.7656440734863,242.44059063886343,0.894301462173462,0.09249569,70.38937,10,156,1.707106666667239,19.567307,4.999996,67.12906333333333,0.5,0.5068892240524292,uniform,uniform,10,0.0,0.0,0.0,1,
independent,1234,aggregation_random,0,13.757175,0.95,1,1,1,149.66383940295168,428.13340187072754,203.81665405474212,0.8510470986366272,0.15153249,93.98967,10,147,1.5620433333333257,18.757172,4.999996,64.85462166666665,0.5,0.5068892240524292,uniform,uniform,10,0.0,0.0,0.0,2,
independent,1234,aggregation_random,1,16.554081,0.6,8,7,7,117.17820666730404,472.3871326446533,223.6854910850525,0.8964204877614975,0.07047053,47.25993,10,147,1.5620433333333257,56.55407,39.99999,64.85462166666665,0.5,0.5068892240524292,uniform,uniform,10,0.0,0.0,0.0,2,
independent,1234,aggregation_random,2,15.893604,0.75,5,3,3,126.32078742980957,457.9068374633789,259.33459997177124,0.914202156662941,0.06392112,5.26482,10,147,1.5620433333333257,40.893604,25.0,64.85462166666665,0.5,0.5068892240524292,uniform,uniform,10,0.0,0.0,0.0,2,
independent,1234,aggregation_random,3,13.853691,0.75,5,4,4,114.70652341842651,417.5906753540039,223.3740062713623,0.8050007224082947,0.13235359,182.3987,10,147,1.5620433333333257,38.85369,25.0,64.85462166666665,0.5,0.5068892240524292,uniform,uniform,10,0.0,0.0,0.0,2,
independent,1234,aggregation_random,4,16.115284,0.7,6,6,6,185.88008880615234,414.9471187591553,267.3333207198552,0.8750001192092896,0.0529708,48.0,10,147,1.5620433333333257,46.115295,30.000011,64.85462166666665,0.5,0.5068892240524292,uniform,uniform,10,0.0,0.0,0.0,2,
independent,1234,aggregation_random,5,15.77231,0.65000004,7,6,6,139.76705335653745,456.346435546875,248.53365623033963,0.8833656787872315,0.090244874,63.76904,10,147,1.5620433333333257,50.772312,35.0,64.85462166666665,0.5,0.5068892240524292,uniform,uniform,10,0.0,0.0,0.0,2,
independent,1234,aggregation_random,6,14.581278,0.8,4,4,4,155.4284369945526,418.26181411743164,196.25192061066628,0.8421138525009155,0.03774517,111.14158,10,147,1.5620433333333257,34.581276,19.999998,64.85462166666665,0.5,0.5068892240524292,uniform,uniform,10,0.0,0.0,0.0,2,
independent,1234,aggregation_random,7,13.083905,0.8,4,1,1,145.3442132100463,442.8104496002197,223.1644105911255,0.8037505835294724,0.1767341,195.6094,10,147,1.5620433333333257,33.083904,20.0,64.85462166666665,0.5,0.5068892240524292,uniform,uniform,10,0.0,0.0,0.0,2,
independent,1234,aggregation_random,8,17.27,0.6,8,4,4,143.21595132350922,396.40992164611816,218.90210032463074,0.9000000953674316,0.04722273,0.0,10,147,1.5620433333333257,57.27,40.0,64.85462166666665,0.5,0.5068892240524292,uniform,uniform,10,0.0,0.0,0.0,2,
independent,1234,aggregation_random,9,15.399335,0.75,5,4,4,160.57606196403503,447.2779941558838,259.7444624900818,0.8916376411914826,0.07017541,41.257294,10,147,1.5620433333333257,40.39934,25.000008,64.85462166666665,0.5,0.5068892240524292,uniform,uniform,10,0.0,0.0,0.0,2,
independent,1234,aggregation_random,10,14.237234,0.90000004,2,1,1,113.36380705237389,476.4367389678955,213.2910430431366,0.8766459316015244,0.02587686,89.27664,10,147,1.5620433333333257,24.237232,9.999998,64.85462166666665,0.5,0.5068892240524292,uniform,uniform,10,0.0,0.0,0.0,2,
independent,1234,aggregation_random,11,13.200439,0.95,1,1,1,126.61074931684293,471.4035987854004,240.63044240600183,0.8263140588998794,0.19662784,225.95602,10,147,1.5620433333333257,18.20044,5.0,64.85462166666665,0.5,0.5068892240524292,uniform,uniform,10,0.0,0.0,0.0,2,
independent,1234,aggregation_random,12,16.021723,0.8,4,4,4,120.06696090102196,437.54759788513184,249.38154011964798,0.903425681591034,0.08917624,0.0,10,147,1.5620433333333257,36.021717,19.999994,64.85462166666665,0.5,0.5068892240524292,uniform,uniform,10,0.0,0.0,0.0,2,
independent,1234,aggregation_random,13,14.335567,0.8,4,4,4,116.79243206977844,465.35496711730957,204.3183010071516,0.8299653619527817,0.09530161,167.82162,10,147,1.5620433333333257,34.33557,20.000004,64.85462166666665,0.5,0.5068892240524292,uniform,uniform,10,0.0,0.0,0.0,2,
independent,1234,aggregation_random,14,15.576292,0.75,5,4,4,136.65029573440552,455.11136054992676,225.93289279937744,0.8967480152845383,0.11968456,29.355377,10,147,1.5620433333333257,40.576294,25.000002,64.85462166666665,0.5,0.5068892240524292,uniform,uniform,10,0.0,0.0,0.0,2,
independent,1234,aggregation_random,15,14.435301,0.75,5,5,5,121.38466596603394,369.76046562194824,184.9541416168213,0.8087831735610962,0.117955655,175.1365,10,147,1.5620433333333257,39.435303,25.000002,64.85462166666665,0.5,0.5068892240524292,uniform,uniform,10,0.0,0.0,0.0,2,
independent,1234,aggregation_random,16,14.793171,0.75,5,3,3,129.59075355529785,454.52404975891113,253.90191507339478,0.8669220626354217,0.041350234,105.682915,10,147,1.5620433333333257,39.793175,25.000004,64.85462166666665,0.5,0.5068892240524292,uniform,uniform,10,0.0,0.0,0.0,2,
independent,1234,aggregation_random,17,13.057035,0.90000004,2,1,1,151.49036159118018,456.68498039245605,253.8629972934723,0.8048899561166764,0.11416289,207.29636,10,147,1.5620433333333257,23.057037,10.000002,64.85462166666665,0.5,0.5068892240524292,uniform,uniform,10,0.0,0.0,0.0,2,
independent,1234,aggregation_random,18,15.823493,0.7,6,5,5,148.2935317499297,447.1020698547363,204.0182135786329,0.8667654931545258,0.07642593,78.91249,10,147,1.5620433333333257,45.823494,30.0,64.85462166666665,0.5,0.5068892240524292,uniform,uniform,10,0.0,0.0,0.0,2,
independent,1234,aggregation_random,19,11.150041,0.75,5,2,2,99.69284385442734,398.13039779663086,184.16841769218445,0.7062716484069824,0.16493833,371.95853,10,147,1.5620433333333257,36.15004,25.0,64.85462166666665,0.5,0.5068892240524292,uniform,uniform,10,0.0,0.0,0.0,2,
independent,1234,aggregation_random,20,15.265331,0.85,3,2,2,139.4066934375202,465.7133102416992,260.2704738168155,0.9142435014247894,0.068614066,44.466927,10,147,1.5620433333333257,30.265331,15.0,64.85462166666665,0.5,0.5068892240524292,uniform,uniform,10,0.0,0.0,0.0,2,
independent,1234,aggregation_random,21,16.248806,0.5,10,6,6,139.07043278217316,460.9932518005371,222.70815432071686,0.9044386088848114,0.09932342,20.471334,10,147,1.5620433333333257,66.24881,50.000004,64.85462166666665,0.5,0.5068892240524292,uniform,uniform,10,0.0,0.0,0.0,2,
independent,1234,aggregation_random,22,16.02351,0.8,4,4,4,122.68405850976706,469.47933197021484,242.44554944336414,0.9262856274843216,0.026182896,17.649033,10,147,1.5620433333333257,36.023506,19.999996,64.85462166666665,0.5,0.5068892240524292,uniform,uniform,10,0.0,0.0,0.0,2,
independent,1234,aggregation_random,23,13.96769,0.65000004,7,7,7,99.92359152207008,392.08170890808105,172.30428897417508,0.774437665939331,0.11362441,241.07977,10,147,1.5620433333333257,48.967693,35.000004,64.85462166666665,0.5,0.5068892240524292,uniform,uniform,10,0.0,0.0,0.0,2,
independent,1234,aggregation_random,24,14.263531,0.90000004,2,1,1,133.84144524733225,475.01415252685547,259.96238708496094,0.9004189252853394,0.12395005,80.64689,10,147,1.5620433333333257,24.263538,10.000008,64.85462166666665,0.5,0.5068892240524292,uniform,uniform,10,0.0,0.0,0.0,2,
independent,1234,aggregation_random,25,15.855997,0.45000002,11,10,10,156.91898802916208,344.4877052307129,179.68298276265463,0.8360745906829834,0.09633493,122.73692,10,147,1.5620433333333257,70.855995,55.0,64.85462166666665,0.5,0.5068892240524292,uniform,uniform,10,0.0,0.0,0.0,2,
independent,1234,aggregation_random,26,14.853721,0.85,3,2,2,152.89678005611196,476.2426471710205,258.5804898598615,0.9010916024446487,0.12589286,58.900295,10,147,1.5620433333333257,29.853718,14.999997,64.85462166666665,0.5,0.5068892240524292,uniform,uniform,10,0.0,0.0,0.0,2,
independent,1234,aggregation_random,27,15.317286,0.7,6,2,2,65.4802794967379,429.17736053466797,184.67148619038718,0.863929808139801,0.05229121,69.2549,10,147,1.5620433333333257,45.317284,29.999998,64.85462166666665,0.5,0.5068892240524292,uniform,uniform,10,0.0,0.0,0.0,2,
independent,1234,aggregation_random,28,13.552818,0.90000004,2,2,2,121.65242006381352,476.5613079071045,239.78950321674347,0.845919343829155,0.09182534,175.56474,10,147,1.5620433333333257,23.552824,10.000006,64.85462166666665,0.5,0.5068892240524292,uniform,uniform,10,0.0,0.0,0.0,2,
independent,1234,aggregation_random,29,14.620386,0.90000004,2,2,2,145.97155809402466,465.9723472595215,269.21424746513367,0.8645777881145478,0.07602246,103.99405,10,147,1.5620433333333257,24.620388,10.000002,64.85462166666665,0.5,0.5068892240524292,uniform,uniform,10,0.0,0.0,0.0,2,
independent,1234,aggregation_random,30,15.701715,0.65000004,7,6,6,172.3614681684054,430.006685256958,230.99219799041748,0.8749178647994995,0.10212231,48.157837,10,147,1.5620433333333257,50.701717,35.0,64.85462166666665,0.5,0.5068892240524292,uniform,uniform,10,0.0,0.0,0.0,2,
independent,1234,aggregation_random,31,15.704831,0.85,3,3,3,102.61718409902909,475.8831310272217,223.93002664341645,0.8861282855272293,0.048710972,70.51693,10,147,1.5620433333333257,30.704828,14.999997,64.85462166666665,0.5,0.5068892240524292,uniform,uniform,10,0.0,0.0,0.0,2,
independent,1234,aggregation_random,32,13.593447,0.75,5,4,4,116.22340035438538,438.3924865722656,189.88761925697327,0.8114993810653687,0.12779658,176.31378,10,147,1.5620433333333257,38.59345,25.000002,64.85462166666665,0.5,0.5068892240524292,uniform,uniform,10,0.0,0.0,0.0,2,
independent,1234,aggregation_random,33,14.474659,0.65000004,7,4,4,129.80045433227832,479.1920757293701,206.44023766884436,0.827086666226387,0.10741519,187.18579,10,147,1.5620433333333257,49.47466,35.0,64.85462166666665,0.5,0.5068892240524292,uniform,uniform,10,0.0,0.0,0.0,2,
independent,1234,aggregation_random,34,14.830997,0.85,3,0,0,116.95042490959167,479.0060234069824,245.7308591113371,0.90033018887043,0.12488304,50.61264,10,147,1.5620433333333257,29.831003,15.000006,64.85462166666665,0.5,0.5068892240524292,uniform,uniform,10,0.0,0.0,0.0,2,
independent,1234,aggregation_random,35,13.986538,0.7,6,2,2,102.97830634883472,464.84055519104004,178.74095678329468,0.805165895819664,0.13043195,214.92209,10,147,1.5620433333333257,43.98654,30.000004,64.85462166666665,0.5,0.5068892240524292,uniform,uniform,10,0.0,0.0,0.0,2,
independent,1234,aggregation_random,36,14.080528,0.7,6,2,2,113.92390378883907,424.34597969055176,199.8226856333869,0.7891453504562378,0.06923666,212.8411,10,147,1.5620433333333257,44.08053,30.0,64.85462166666665,0.5,0.5068892240524292,uniform,uniform,10,0.0,0.0,0.0,2,
independent,1234,aggregation_random,37,15.229107,0.85,3,2,2,147.19707835246535,448.2303714752197,249.8418377427494,0.9162951976060867,0.079947285,0.0,10,147,1.5620433333333257,30.229103,14.999996,64.85462166666665,0.5,0.5068892240524292,uniform,uniform,10,0.0,0.0,0.0,2,
independent,1234,aggregation_random,38,16.269512,0.75,5,5,5,181.8313729763031,437.34532356262207,263.38924741744995,0.9008683055639267,0.05193131,3.6784115,10,147,1.5620433333333257,41.26952,25.000008,64.85462166666665,0.5,0.5068892240524292,uniform,uniform,10,0.0,0.0,0.0,2,
independent,1234,aggregation_random,39,15.448097,0.6,8,4,4,202.71934986114502,444.85785484313965,276.84942841529846,0.8624098092317581,0.043445043,85.03122,10,147,1.5620433333333257,55.44809,39.999992,64.85462166666665,0.5,0.5068892240524292,uniform,uniform,10,0.0,0.0,0.0,2,
independent,1234,aggregation_random,40,14.120205,0.85,3,2,2,116.69443929896636,438.35429191589355,249.4924521446228,0.8267449527978897,0.10890245,147.00417,10,147,1.5620433333333257,29.12021,15.000006,64.85462166666665,0.5,0.5068892240524292,uniform,uniform,10,0.0,0.0,0.0,2,
independent,1234,aggregation_random,41,14.060418,0.6,8,7,7,110.35758785903454,434.6477222442627,189.30131167173386,0.7624309152364731,0.12055856,266.78055,10,147,1.5620433333333257,54.060417,40.0,64.85462166666665,0.5,0.5068892240524292,uniform,uniform,10,0.0,0.0,0.0,2,
independent,1234,aggregation_random,42,11.490851,0.90000004,2,1,1,96.4973697066307,468.6020851135254,222.42450257142386,0.7269453942775727,0.093347095,368.867,10,147,1.5620433333333257,21.490852,10.000001,64.85462166666665,0.5,0.5068892240524292,uniform,uniform,10,0.0,0.0,0.0,2,
independent,1234,aggregation_random,43,13.89691,0.65000004,7,5,5,125.21560027049138,429.53962326049805,195.8115541934967,0.8030967712402344,0.14592232,186.05426,10,147,1.5620433333333257,48.896904,34.999992,64.85462166666665,0.5,0.5068892240524292,uniform,uniform,10,0.0,0.0,0.0,2,
independent,1234,aggregation_random,44,15.738507,0.7,6,4,4,102.6377363715853,476.58668518066406,227.46531639780318,0.8902560114860535,0.09600619,63.295296,10,147,1.5620433333333257,45.738506,30.0,64.85462166666665,0.5,0.5068892240524292,uniform,uniform,10,0.0,0.0,0.0,2,
independent,1234,aggregation_random,45,15.712584,0.90000004,2,1,1,176.45739073554674,455.2877998352051,270.44232845306396,0.892264062166214,0.020572813,38.140965,10,147,1.5620433333333257,25.712584,10.0,64.85462166666665,0.5,0.5068892240524292,uniform,uniform,10,0.0,0.0,0.0,2,
independent,1234,aggregation_random,46,12.996033,0.85,3,1,1,124.02638807016261,467.90717124938965,234.4480276107788,0.8164774805307389,0.07736684,215.39668,10,147,1.5620433333333257,27.99603,14.999998,64.85462166666665,0.5,0.5068892240524292,uniform,uniform,10,0.0,0.0,0.0,2,
independent,1234,aggregation_random,47,16.465092,0.6,8,7,7,157.80668377876282,433.5501766204834,243.72316300868988,0.886551895737648,0.062476687,27.370743,10,147,1.5620433333333257,56.465103,40.00001,64.85462166666665,0.5,0.5068892240524292,uniform,uniform,10,0.0,0.0,0.0,2,
independent,1234,aggregation_random,48,15.131777,0.6,8,5,5,119.07701328396797,460.3249740600586,196.0843950510025,0.8194332361221314,0.047558416,183.01326,10,147,1.5620433333333257,55.131775,40.0,64.85462166666665,0.5,0.5068892240524292,uniform,uniform,10,0.0,0.0,0.0,2,
independent,1234,aggregation_random,49,14.13095,0.75,5,3,3,126.48500192165375,474.6119499206543,224.20562934875488,0.8646416008472443,0.070008054,110.50027,10,147,1.5620433333333257,39.13095,25.0,64.85462166666665,0.5,0.5068892240524292,uniform,uniform,10,0.0,0.0,0.0,2,
independent,1234,aggregation_random,50,15.765698,0.7,6,6,6,134.94588349546706,429.6885108947754,236.02417281695776,0.8738754391670227,0.041257367,50.159344,10,147,1.5620433333333257,45.7657,30.000004,64.85462166666665,0.5,0.5068892240524292,uniform,uniform,10,0.0,0.0,0.0,2,
independent,1234,aggregation_random,51,14.654991,0.8,4,4,4,85.46048775315285,370.2418613433838,180.5971696972847,0.8474829196929932,0.07794313,100.83283,10,147,1.5620433333333257,34.654995,20.000004,64.85462166666665,0.5,0.5068892240524292,uniform,uniform,10,0.0,0.0,0.0,2,
independent,1234,aggregation_random,52,16.13573,0.8,4,4,4,164.60145235061646,473.3874320983887,243.03058683872223,0.9215560495853424,0.040233895,0.0,10,147,1.5620433333333257,36.135735,20.000004,64.85462166666665,0.5,0.5068892240524292,uniform,uniform,10,0.0,0.0,0.0,2,
independent,1234,aggregation_random,53,12.520724,0.90000004,2,0,0,128.5762087504069,464.1295909881592,254.33997770150503,0.8011453717947006,0.1875185,254.6743,10,147,1.5620433333333257,22.520721,9.999997,64.85462166666665,0.5,0.5068892240524292,uniform,uniform,10,0.0,0.0,0.0,2,
independent,1234,aggregation_random,54,12.2329,0.85,3,2,2,149.87392944448135,465.63222885131836,230.50614868893342,0.7546469509601593,0.09494954,312.71008,10,147,1.5620433333333257,27.232903,15.000003,64.85462166666665,0.5,0.5068892240524292,uniform,uniform,10,0.0,0.0,0.0,2,
independent,1234,aggregation_random,55,14.9298935,0.90000004,2,1,1,121.04303201039632,421.51514053344727,224.11584794521332,0.8838320374488831,0.07698754,31.04265,10,147,1.5620433333333257,24.929892,9.999998,64.85462166666665,0.5,0.5068892240524292,uniform,uniform,10,0.0,0.0,0.0,2,
independent,1234,aggregation_random,56,17.65,0.45000002,11,8,8,154.95224316914877,460.63164710998535,257.9107189178467,0.924652960896492,0.06062857,0.0,10,147,1.5620433333333257,72.65001,55.000008,64.85462166666665,0.5,0.5068892240524292,uniform,uniform,10,0.0,0.0,0.0,2,
independent,1234,aggregation_random,57,14.559083,0.85,3,3,3,129.0981699438656,435.95312118530273,245.13854826197905,0.8586755871772767,0.092842765,86.08962,10,147,1.5620433333333257,29.559084,15.000001,64.85462166666665,0.5,0.5068892240524292,uniform,uniform,10,0.0,0.0,0.0,2,
independent,1234,aggregation_random,58,14.852132,0.75,5,4,4,161.15989696979523,471.57471656799316,286.0134975910187,0.8541406512260437,0.10529556,182.78677,10,147,1.5620433333333257,39.85214,25.000008,64.85462166666665,0.5,0.5068892240524292,uniform,uniform,10,0.0,0.0,0.0,2,
independent,1234,aggregation_random,59,14.859731,0.8,4,4,4,151.84514455497265,477.6027202606201,251.77659954875708,0.894902977347374,0.09081728,61.288116,10,147,1.5620433333333257,34.859734,20.000004,64.85462166666665,0.5,0.5068892240524292,uniform,uniform,10,0.0,0.0,0.0,2,
independent,1234,aggregation_random,0,13.671371,1.0,0,0,0,163.88342660665512,478.2923984527588,215.92860209941864,0.8561764240264893,0.14707258,146.22888,10,147,1.3770449999994365,13.671375,3.8146973e-06,61.267441666666635,0.5,0.5068892240524292,uniform,uniform,10,0.0,0.0,0.0,3,
independent,1234,aggregation_random,1,16.147717,0.75,5,4,4,109.78575563430786,468.3943748474121,231.28311967849731,0.9294609397649765,0.074828975,37.22834,10,147,1.3770449999994365,41.147717,25.0,61.267441666666635,0.5,0.5068892240524292,uniform,uniform,10,0.0,0.0,0.0,3,
independent,1234,aggregation_random,2,14.097518,0.85,3,2,2,163.40136471916648,468.94237518310547,260.92047403840456,0.8816851019859314,0.044108808,72.1071,10,147,1.3770449999994365,29.097525,15.000007,61.267441666666635,0.5,0.5068892240524292,uniform,uniform,10,0.0,0.0,0.0,3,
independent,1234,aggregation_random,3,15.001905,0.85,3,3,3,126.31270029965569,459.2621612548828,261.7040709888234,0.9013361603021621,0.11451143,72.19827,10,147,1.3770449999994365,30.001904,14.999998,61.267441666666635,0.5,0.5068892240524292,uniform,uniform,10,0.0,0.0,0.0,3,
independent,1234,aggregation_random,4,15.852747,0.8,4,4,4,120.11917859315872,473.23699951171875,250.13735443353653,0.9371211647987365,0.05032025,14.125013,10,147,1.3770449999994365,35.85275,20.000002,61.267441666666635,0.5,0.5068892240524292,uniform,uniform,10,0.0,0.0,0.0,3,
independent,1234,aggregation_random,5,14.454065,0.8,4,3,3,150.84181241691113,479.4851016998291,263.38522776961327,0.8932504385709763,0.11738298,91.947845,10,147,1.3770449999994365,34.454063,19.999998,61.267441666666635,0.5,0.5068892240524292,uniform,uniform,10,0.0,0.0,0.0,3,
independent,1234,aggregation_random,6,14.239835,0.90000004,2,2,2,107.27703154087067,442.26330757141113,184.95890518029532,0.8409907251596451,0.098630786,129.80453,10,147,1.3770449999994365,24.239832,9.999997,61.267441666666635,0.5,0.5068892240524292,uniform,uniform,10,0.0,0.0,0.0,3,
independent,1234,aggregation_random,7,13.580354,0.85,3,1,1,171.1742203726488,441.5589237213135,245.65205349641687,0.8148928970098496,0.15718603,172.96461,10,147,1.3770449999994365,28.58036,15.000007,61.267441666666635,0.5,0.5068892240524292,uniform,uniform,10,0.0,0.0,0.0,3,
independent,1234,aggregation_random,8,16.334217,0.65000004,7,4,4,146.55043904597943,364.8481750488281,198.3686113357544,0.8782178163528442,0.0423183,41.822037,10,147,1.3770449999994365,51.334213,34.999996,61.267441666666635,0.5,0.5068892240524292,uniform,uniform,10,0.0,0.0,0.0,3,
independent,1234,aggregation_random,9,13.722971,0.85,3,2,2,156.45154511227327,451.5977668762207,261.5095887464636,0.8570977479219437,0.16352884,120.20701,10,147,1.3770449999994365,28.722973,15.000002,61.267441666666635,0.5,0.5068892240524292,uniform,uniform,10,0.0,0.0,0.0,3,
independent,1234,aggregation_random,10,16.379202,0.65000004,7,6,6,191.5029982649363,452.3885250091553,247.5329262476701,0.90974740087986,0.07149842,1.6736927,10,147,1.3770449999994365,51.379204,35.0,61.267441666666635,0.5,0.5068892240524292,uniform,uniform,10,0.0,0.0,0.0,3,
independent,1234,aggregation_random,11,11.8422575,0.90000004,2,2,2,132.70672480265299,429.0116214752197,229.60490306218466,0.7766801118850708,0.12961026,236.77428,10,147,1.3770449999994365,21.84226,10.000003,61.267441666666635,0.5,0.5068892240524292,uniform,uniform,10,0.0,0.0,0.0,3,
independent,1234,aggregation_random,12,14.7523155,1.0,0,0,0,146.55036574602127,438.15914154052734,271.15866243839264,0.8871126800775528,0.13583958,36.786015,10,147,1.3770449999994365,14.752314,-1.9073486e-06,61.267441666666635,0.5,0.5068892240524292,uniform,uniform,10,0.0,0.0,0.0,3,
independent,1234,aggregation_random,13,14.365385,0.75,5,5,5,110.2101047039032,402.0252799987793,202.50436329841614,0.8120605945587158,0.08229413,168.84378,10,147,1.3770449999994365,39.365387,25.000002,61.267441666666635,0.5,0.5068892240524292,uniform,uniform,10,0.0,0.0,0.0,3,
independent,1234,aggregation_random,14,14.627501,0.8,4,3,3,118.40228319168091,386.70501708984375,203.17112267017365,0.8732005953788757,0.0961971,51.45501,10,147,1.3770449999994365,34.627495,19.999994,61.267441666666635,0.5,0.5068892240524292,uniform,uniform,10,0.0,0.0,0.0,3,
independent,1234,aggregation_random,15,14.76078,0.85,3,3,3,111.68116208385018,438.1826591491699,202.10386886316186,0.868603640794754,0.14730588,66.46375,10,147,1.3770449999994365,29.76078,15.0,61.267441666666635,0.5,0.5068892240524292,uniform,uniform,10,0.0,0.0,0.0,3,
independent,1234,aggregation_random,16,14.218487,0.8,4,3,3,150.2695143967867,473.0459403991699,247.9297462105751,0.8527449399232865,0.1290422,160.7625,10,147,1.3770449999994365,34.218487,20.0,61.267441666666635,0.5,0.5068892240524292,uniform,uniform,10,0.0,0.0,0.0,3,
independent,1234,aggregation_random,17,14.997473,0.8,4,1,1,163.54565251618624,424.49283599853516,267.1438407897949,0.8825620412826538,0.078007974,33.481026,10,147,1.3770449999994365,34.99747,19.999998,61.267441666666635,0.5,0.5068892240524292,uniform,uniform,10,0.0,0.0,0.0,3,
independent,1234,aggregation_random,18,16.15453,0.85,3,2,2,177.5992320215001,465.77287673950195,265.827051190769,0.9234668046236039,0.05665252,0.0,10,147,1.3770449999994365,31.154537,15.000008,61.267441666666635,0.5,0.5068892240524292,uniform,uniform,10,0.0,0.0,0.0,3,
independent,1234,aggregation_random,19,13.297932,0.8,4,1,1,102.23030850291252,474.2403030395508,208.69206078350544,0.8198613166809082,0.13496283,196.10669,10,147,1.3770449999994365,33.29793,20.0,61.267441666666635,0.5,0.5068892240524292,uniform,uniform,10,0.0,0.0,0.0,3,
independent,1234,aggregation_random,20,15.730197,0.7,6,5,5,183.2672249845096,468.31369400024414,270.30920812061856,0.8892362058162689,0.06436775,56.98032,10,147,1.3770449999994365,45.730198,30.0,61.267441666666635,0.5,0.5068892240524292,uniform,uniform,10,0.0,0.0,0.0,3,
independent,1234,aggregation_random,21,15.97669,0.5,10,5,5,131.90351951122284,356.4379405975342,203.72548055648804,0.8654526472091675,0.05316273,66.33114,10,147,1.3770449999994365,65.97669,50.0,61.267441666666635,0.5,0.5068892240524292,uniform,uniform,10,0.0,0.0,0.0,3,
independent,1234,aggregation_random,22,15.277497,0.75,5,5,5,117.75691592693329,475.6161403656006,220.27174019813538,0.870503106713295,0.10192189,100.25029,10,147,1.3770449999994365,40.2775,25.000004,61.267441666666635,0.5,0.5068892240524292,uniform,uniform,10,0.0,0.0,0.0,3,
independent,1234,aggregation_random,23,14.503794,0.75,5,5,5,140.81443631649017,442.8178024291992,247.2584671974182,0.8460254102945328,0.08502889,115.9783,10,147,1.3770449999994365,39.503796,25.000002,61.267441666666635,0.5,0.5068892240524292,uniform,uniform,10,0.0,0.0,0.0,3,
independent,1234,aggregation_random,24,14.771874,0.8,4,1,1,108.43524299561977,475.74731826782227,228.70666220784187,0.8759835988283158,0.11286802,124.81253,10,147,1.3770449999994365,34.771873,20.0,61.267441666666635,0.5,0.5068892240524292,uniform,uniform,10,0.0,0.0,0.0,3,
independent,1234,aggregation_random,25,16.619331,0.6,8,7,7,151.64875581860542,440.3181838989258,232.566437125206,0.9016934275627136,0.049475837,5.0670204,10,147,1.3770449999994365,56.61933,40.0,61.267441666666635,0.5,0.5068892240524292,uniform,uniform,10,0.0,0.0,0.0,3,
independent,1234,aggregation_random,26,12.708824,0.8,4,3,3,128.66164572536945,340.6424331665039,197.02631190419197,0.759313702583313,0.050082743,270.1177,10,147,1.3770449999994365,32.708824,20.0,61.267441666666635,0.5,0.5068892240524292,uniform,uniform,10,0.0,0.0,0.0,3,
independent,1234,aggregation_random,27,13.196732,0.75,5,2,2,78.00821375846863,427.5519275665283,190.11132407188416,0.7718847393989563,0.107318744,245.98128,10,147,1.3770449999994365,38.196735,25.000004,61.267441666666635,0.5,0.5068892240524292,uniform,uniform,10,0.0,0.0,0.0,3,
independent,1234,aggregation_random,28,13.836992,0.85,3,3,3,112.1075353902929,440.50952911376953,253.26999075272505,0.8398006588220597,0.14746024,129.67154,10,147,1.3770449999994365,28.836994,15.000002,61.267441666666635,0.5,0.5068892240524292,uniform,uniform,10,0.0,0.0,0.0,3,
independent,1234,aggregation_random,29,14.686793,0.85,3,3,3,139.05617068795596,452.6857852935791,271.01466852075913,0.8701293557882309,0.065541826,78.03759,10,147,1.3770449999994365,29.686796,15.000003,61.267441666666635,0.5,0.5068892240524292,uniform,uniform,10,0.0,0.0,0.0,3,
independent,1234,aggregation_random,30,14.77368,0.8,4,3,3,110.92182956635952,467.59254455566406,232.62277454137802,0.9051144152879715,0.121730335,43.631943,10,147,1.3770449999994365,34.773678,19.999998,61.267441666666635,0.5,0.5068892240524292,uniform,uniform,10,0.0,0.0,0.0,3,
independent,1234,aggregation_random,31,15.248913,0.85,3,3,3,108.26640781234292,477.3962688446045,220.32856190905852,0.8818754941225052,0.04661248,80.19547,10,147,1.3770449999994365,30.24891,14.999998,61.267441666666635,0.5,0.5068892240524292,uniform,uniform,10,0.0,0.0,0.0,3,
independent,1234,aggregation_random,32,14.140846,0.8,4,3,3,111.40266381204128,470.6414794921875,206.56689293682575,0.8516429305076599,0.14721051,131.4872,10,147,1.3770449999994365,34.140846,20.0,61.267441666666635,0.5,0.5068892240524292,uniform,uniform,10,0.0,0.0,0.0,3,
independent,1234,aggregation_random,33,12.645021,0.8,4,3,3,106.48889265954494,469.876184463501,220.96745185554028,0.768175134062767,0.12891771,290.97995,10,147,1.3770449999994365,32.64502,19.999998,61.267441666666635,0.5,0.5068892240524292,uniform,uniform,10,0.0,0.0,0.0,3,
independent,1234,aggregation_random,34,16.382587,0.55,9,5,5,149.59981148893183,399.3723964691162,244.34669397094032,0.8561166524887085,0.036651917,84.25627,10,147,1.3770449999994365,61.38259,45.000004,61.267441666666635,0.5,0.5068892240524292,uniform,uniform,10,0.0,0.0,0.0,3,
independent,1234,aggregation_random,35,14.697721,0.55,9,4,4,79.70613257451491,424.57446098327637,188.29400766979563,0.7972772121429443,0.102041796,197.22792,10,147,1.3770449999994365,59.69772,45.0,61.267441666666635,0.5,0.5068892240524292,uniform,uniform,10,0.0,0.0,0.0,3,
independent,1234,aggregation_random,36,15.356322,0.7,6,5,5,144.0631914138794,441.9950580596924,229.70168607575553,0.8423776715993881,0.056062777,120.63005,10,147,1.3770449999994365,45.356323,30.0,61.267441666666635,0.5,0.5068892240524292,uniform,uniform,10,0.0,0.0,0.0,3,
independent,1234,aggregation_random,37,15.879999,0.8,4,3,3,129.70021954737604,441.34989738464355,219.24606889486313,0.9048698335886002,0.07352405,0.0,10,147,1.3770449999994365,35.880005,20.000006,61.267441666666635,0.5,0.5068892240524292,uniform,uniform,10,0.0,0.0,0.0,3,
independent,1234,aggregation_random,38,16.106949,0.8,4,4,4,110.08813306689262,458.5015869140625,213.98359179496765,0.9234701722860337,0.07129553,7.3052845,10,147,1.3770449999994365,36.106953,20.000004,61.267441666666635,0.5,0.5068892240524292,uniform,uniform,10,0.0,0.0,0.0,3,
independent,1234,aggregation_random,39,15.201681,0.75,5,2,2,169.22219133377075,386.95441246032715,247.257709980011,0.8771709203720093,0.08504569,43.831932,10,147,1.3770449999994365,40.201683,25.000002,61.267441666666635,0.5,0.5068892240524292,uniform,uniform,10,0.0,0.0,0.0,3,
independent,1234,aggregation_random,40,14.987062,0.85,3,1,1,132.14706995907952,450.76878547668457,246.52950903948616,0.8971592962741852,0.041031484,25.45164,10,147,1.3770449999994365,29.98706,14.999998,61.267441666666635,0.5,0.5068892240524292,uniform,uniform,10,0.0,0.0,0.0,3,
independent,1234,aggregation_random,41,9.720436,0.85,3,2,2,96.0853326495956,479.28099632263184,224.47429081972908,0.6556367695331573,0.14807291,562.3365,10,147,1.3770449999994365,24.720436,15.0,61.267441666666635,0.5,0.5068892240524292,uniform,uniform,10,0.0,0.0,0.0,3,
independent,1234,aggregation_random,42,11.640038,0.90000004,2,1,1,117.79219478368759,450.78795433044434,243.71932864189148,0.7538616240024567,0.21713386,302.12732,10,147,1.3770449999994365,21.640043,10.000006,61.267441666666635,0.5,0.5068892240524292,uniform,uniform,10,0.0,0.0,0.0,3,
independent,1234,aggregation_random,43,16.018585,0.55,9,7,7,89.78536995974454,425.8989143371582,177.70197662440214,0.8522971868515015,0.114885025,91.58954,10,147,1.3770449999994365,61.018578,44.999992,61.267441666666635,0.5,0.5068892240524292,uniform,uniform,10,0.0,0.0,0.0,3,
independent,1234,aggregation_random,44,15.916178,0.75,5,4,4,143.5477569103241,443.4506893157959,222.2863326072693,0.8906984120607376,0.040568378,29.309963,10,147,1.3770449999994365,40.916183,25.000006,61.267441666666635,0.5,0.5068892240524292,uniform,uniform,10,0.0,0.0,0.0,3,
independent,1234,aggregation_random,45,15.475295,0.75,5,3,3,187.15738797187805,476.9736385345459,320.1272130012512,0.9088387161493301,0.13378242,96.0,10,147,1.3770449999994365,40.475292,24.999996,61.267441666666635,0.5,0.5068892240524292,uniform,uniform,10,0.0,0.0,0.0,3,
independent,1234,aggregation_random,46,13.906976,0.85,3,2,2,84.80616352137397,439.01061058044434,203.19786324220544,0.8319375902414322,0.092116386,137.69058,10,147,1.3770449999994365,28.906973,14.999997,61.267441666666635,0.5,0.5068892240524292,uniform,uniform,10,0.0,0.0,0.0,3,
independent,1234,aggregation_random,47,16.327423,0.55,9,8,8,147.05917824398387,372.1097660064697,213.33812355995178,0.8673166632652283,0.06464354,62.752174,10,147,1.3770449999994365,61.32743,45.000008,61.267441666666635,0.5,0.5068892240524292,uniform,uniform,10,0.0,0.0,0.0,3,
independent,1234,aggregation_random,48,14.817557,0.65000004,7,4,4,131.6084735210125,457.5136470794678,226.28130610172565,0.8365087300539017,0.1133608,147.41699,10,147,1.3770449999994365,49.81756,35.0,61.267441666666635,0.5,0.5068892240524292,uniform,uniform,10,0.0,0.0,0.0,3,
independent,1234,aggregation_random,49,13.04543,0.65000004,7,3,3,117.0042560192255,432.4317741394043,201.35332400982196,0.77077596783638,0.1755468,248.54207,10,147,1.3770449999994365,48.04543,35.0,61.267441666666635,0.5,0.5068892240524292,uniform,uniform,10,0.0,0.0,0.0,3,
independent,1234,aggregation_random,50,15.374629,0.8,4,4,4,138.6586131155491,448.71665954589844,245.50673123449087,0.8866899847984314,0.058521852,42.27208,10,147,1.3770449999994365,35.37463,20.0,61.267441666666635,0.5,0.5068892240524292,uniform,uniform,10,0.0,0.0,0.0,3,
independent,1234,aggregation_random,51,16.184624,0.65000004,7,7,7,110.48965765879704,439.72829818725586,209.33314341765183,0.8959326088428498,0.055869833,15.537792,10,147,1.3770449999994365,51.184612,34.99999,61.267441666666635,0.5,0.5068892240524292,uniform,uniform,10,0.0,0.0,0.0,3,
independent,1234,aggregation_random,52,14.75641,0.75,5,5,5,126.37992787361145,397.6743793487549,181.85324382781982,0.8250000476837158,0.19465816,144.0,10,147,1.3770449999994365,39.75641,25.0,61.267441666666635,0.5,0.5068892240524292,uniform,uniform,10,0.0,0.0,0.0,3,
independent,1234,aggregation_random,53,15.988557,0.75,5,3,3,189.98253226280212,439.4553565979004,282.29902029037476,0.9044465601444245,0.05991673,1.7461739,10,147,1.3770449999994365,40.988556,25.0,61.267441666666635,0.5,0.5068892240524292,uniform,uniform,10,0.0,0.0,0.0,3,
independent,1234,aggregation_random,54,13.166236,0.85,3,2,2,170.78633697593912,465.63222885131836,251.41855464262122,0.8032582938671112,0.04721054,219.3764,10,147,1.3770449999994365,28.166237,15.000001,61.267441666666635,0.5,0.5068892240524292,uniform,uniform,10,0.0,0.0,0.0,3,
independent,1234,aggregation_random,55,15.92,0.90000004,2,1,1,117.39447454611461,458.3583927154541,222.11657146612802,0.9137284249067307,0.029993268,0.0,10,147,1.3770449999994365,25.920002,10.000002,61.267441666666635,0.5,0.5068892240524292,uniform,uniform,10,0.0,0.0,0.0,3,
independent,1234,aggregation_random,56,13.101239,0.7,6,1,1,119.51637038162777,423.7453365325928,254.1986606802259,0.7997614741325378,0.14010099,192.45802,10,147,1.3770449999994365,43.10124,30.0,61.267441666666635,0.5,0.5068892240524292,uniform,uniform,10,0.0,0.0,0.0,3,
independent,1234,aggregation_random,57,14.508938,0.8,4,4,4,158.2744451612234,471.95122718811035,275.45599713921547,0.8522271007299423,0.15384467,131.67535,10,147,1.3770449999994365,34.508934,19.999996,61.267441666666635,0.5,0.5068892240524292,uniform,uniform,10,0.0,0.0,0.0,3,
independent,1234,aggregation_random,58,16.895412,0.7,6,5,5,140.07024139165878,460.51005363464355,268.36547332150593,0.9148490816354752,0.08449218,0.0,10,147,1.3770449999994365,46.89541,29.999996,61.267441666666635,0.5,0.5068892240524292,uniform,uniform,10,0.0,0.0,0.0,3,
independent,1234,aggregation_random,59,14.624045,0.90000004,2,2,2,141.04279349247614,461.02895736694336,238.28968415657678,0.8950691163539887,0.05067103,38.496372,10,147,1.3770449999994365,24.624046,10.000001,61.267441666666635,0.5,0.5068892240524292,uniform,uniform,10,0.0,0.0,0.0,3,
independent,1234,aggregation_random,0,15.25737,1.0,0,0,0,186.2175576388836,473.89437675476074,238.2627301812172,0.9121189504861832,0.036309365,18.626226,10,145,1.3330433333335872,15.25737,0.0,56.64508166666676,0.5,0.5068892240524292,uniform,uniform,10,0.0,0.0,0.0,4,
independent,1234,aggregation_random,1,16.683222,0.65000004,7,6,6,134.78797564139734,389.1917610168457,212.25922630383417,0.8872671723365784,0.021350821,24.447203,10,145,1.3330433333335872,51.683224,35.0,56.64508166666676,0.5,0.5068892240524292,uniform,uniform,10,0.0,0.0,0.0,4,
independent,1234,aggregation_random,2,16.176254,0.65000004,7,5,5,157.54379235781155,469.9525451660156,251.6590976715088,0.8930093884468079,0.05504306,51.37469,10,145,1.3330433333335872,51.176258,35.000004,56.64508166666676,0.5,0.5068892240524292,uniform,uniform,10,0.0,0.0,0.0,4,
independent,1234,aggregation_random,3,15.629253,0.75,5,4,4,174.37878561019897,458.768835067749,283.04626655578613,0.9004088163375854,0.034014862,53.65404,10,145,1.3330433333335872,40.629253,25.0,56.64508166666676,0.5,0.5068892240524292,uniform,uniform,10,0.0,0.0,0.0,4,
independent,1234,aggregation_random,4,14.609378,0.75,5,5,5,141.63670217990875,475.9196376800537,259.4384255409241,0.8686060786247254,0.044055007,128.7325,10,145,1.3330433333335872,39.60938,25.0,56.64508166666676,0.5,0.5068892240524292,uniform,uniform,10,0.0,0.0,0.0,4,
independent,1234,aggregation_random,5,10.61871,0.95,1,0,0,143.6741912051251,477.08913803100586,244.38075090709486,0.7494584858417511,0.04962144,334.12894,10,145,1.3330433333335872,15.618708,4.999998,56.64508166666676,0.5,0.5068892240524292,uniform,uniform,10,0.0,0.0,0.0,4,
independent,1234,aggregation_random,6,14.411646,0.75,5,5,5,137.71051061153412,348.5743045806885,168.82562494277954,0.8126358389854431,0.094514586,167.73932,10,145,1.3330433333335872,39.411644,24.999998,56.64508166666676,0.5,0.5068892240524292,uniform,uniform,10,0.0,0.0,0.0,4,
independent,1234,aggregation_random,7,16.334034,0.65000004,7,2,2,152.89621531963348,440.5828285217285,231.85518264770508,0.9065806299448014,0.07636378,3.0548859,10,145,1.3330433333335872,51.33403,34.999996,56.64508166666676,0.5,0.5068892240524292,uniform,uniform,10,0.0,0.0,0.0,4,
independent,1234,aggregation_random,8,15.287063,0.75,5,3,3,154.98311471939087,457.1765899658203,238.98776412010193,0.8771714448928833,0.09381879,93.38189,10,145,1.3330433333335872,40.287064,25.0,56.64508166666676,0.5,0.5068892240524292,uniform,uniform,10,0.0,0.0,0.0,4,
independent,1234,aggregation_random,9,15.966564,0.7,6,5,5,181.6332279784339,464.58303451538086,268.13105157443454,0.9169704258441925,0.062484942,0.0,10,145,1.3330433333335872,45.966564,30.0,56.64508166666676,0.5,0.5068892240524292,uniform,uniform,10,0.0,0.0,0.0,4,
independent,1234,aggregation_random,10,15.189775,0.90000004,2,1,1,160.53630063931146,465.61500549316406,269.1139092048009,0.9247922867536544,0.0664638,23.231672,10,145,1.3330433333335872,25.189777,10.000002,56.64508166666676,0.5,0.5068892240524292,uniform,uniform,10,0.0,0.0,0.0,4,
independent,1234,aggregation_random,11,14.2903805,0.85,3,2,2,145.2574694857878,466.7724895477295,246.85553775114172,0.858407336473465,0.16081876,134.1816,10,145,1.3330433333335872,29.290382,15.000002,56.64508166666676,0.5,0.5068892240524292,uniform,uniform,10,0.0,0.0,0.0,4,
independent,1234,aggregation_random,12,16.348532,0.85,3,3,3,135.18025685759153,431.5534973144531,259.79911102968106,0.9000000953674316,0.055721972,0.0,10,145,1.3330433333335872,31.34853,14.999998,56.64508166666676,0.5,0.5068892240524292,uniform,uniform,10,0.0,0.0,0.0,4,
independent,1234,aggregation_random,13,12.731633,0.8,4,4,4,103.22771530598402,456.5317726135254,206.79278500378132,0.7457388579845429,0.064511605,320.71326,10,145,1.3330433333335872,32.731636,20.000004,56.64508166666676,0.5,0.5068892240524292,uniform,uniform,10,0.0,0.0,0.0,4,
independent,1234,aggregation_random,14,13.6789,0.8,4,3,3,133.0978663265705,441.7101860046387,225.86108967661858,0.8185642540454865,0.1572095,173.99733,10,145,1.3330433333335872,33.678898,19.999998,56.64508166666676,0.5,0.5068892240524292,uniform,uniform,10,0.0,0.0,0.0,4,
independent,1234,aggregation_random,15,14.007729,0.75,5,5,5,95.67875039577484,352.8647232055664,159.24822783470154,0.7865136861801147,0.17299075,217.8938,10,145,1.3330433333335872,39.007725,24.999996,56.64508166666676,0.5,0.5068892240524292,uniform,uniform,10,0.0,0.0,0.0,4,
independent,1234,aggregation_random,16,15.23277,0.65000004,7,6,6,160.4350504049888,468.4633255004883,226.5664711365333,0.8654223918914795,0.07084617,102.85246,10,145,1.3330433333335872,50.232773,35.000004,56.64508166666676,0.5,0.5068892240524292,uniform,uniform,10,0.0,0.0,0.0,4,
independent,1234,aggregation_random,17,14.1690235,0.90000004,2,1,1,141.74332727988562,448.81842613220215,244.11596179008484,0.8469210654497147,0.09796464,118.730194,10,145,1.3330433333335872,24.169018,9.999994,56.64508166666676,0.5,0.5068892240524292,uniform,uniform,10,0.0,0.0,0.0,4,
independent,1234,aggregation_random,18,15.46921,0.7,6,5,5,207.39051422902517,459.06274795532227,271.57054168837413,0.864095264673233,0.11680984,96.0,10,145,1.3330433333335872,45.469208,29.999998,56.64508166666676,0.5,0.5068892240524292,uniform,uniform,10,0.0,0.0,0.0,4,
independent,1234,aggregation_random,19,13.817489,0.75,5,2,2,132.7340030670166,432.03454971313477,217.20957493782043,0.8418846070766449,0.10601592,111.6162,10,145,1.3330433333335872,38.817486,24.999996,56.64508166666676,0.5,0.5068892240524292,uniform,uniform,10,0.0,0.0,0.0,4,
independent,1234,aggregation_random,20,15.59409,0.8,4,3,3,115.19448313862085,398.6751937866211,211.94960296154022,0.8928065896034241,0.080967374,13.811543,10,145,1.3330433333335872,35.59409,20.0,56.64508166666676,0.5,0.5068892240524292,uniform,uniform,10,0.0,0.0,0.0,4,
independent,1234,aggregation_random,21,15.680773,0.6,8,3,3,122.49352037906647,367.07061767578125,191.52714669704437,0.8746709823608398,0.09904709,48.63182,10,145,1.3330433333335872,55.680775,40.0,56.64508166666676,0.5,0.5068892240524292,uniform,uniform,10,0.0,0.0,0.0,4,
independent,1234,aggregation_random,22,14.937651,0.8,4,4,4,108.81510872393847,462.6379680633545,228.57660256326199,0.8629782229661942,0.16529548,102.251015,10,145,1.3330433333335872,34.937656,20.000006,56.64508166666676,0.5,0.5068892240524292,uniform,uniform,10,0.0,0.0,0.0,4,
independent,1234,aggregation_random,23,14.045571,0.7,6,6,6,109.57785142319543,413.567590713501,202.11511424609594,0.8019182682037354,0.066372305,188.31711,10,145,1.3330433333335872,44.04557,30.0,56.64508166666676,0.5,0.5068892240524292,uniform,uniform,10,0.0,0.0,0.0,4,
independent,1234,aggregation_random,24,15.757102,0.7,6,4,4,165.27424795286996,465.24521827697754,246.54821736471993,0.9105932295322419,0.051614065,24.332754,10,145,1.3330433333335872,45.7571,29.999996,56.64508166666676,0.5,0.5068892240524292,uniform,uniform,10,0.0,0.0,0.0,4,
independent,1234,aggregation_random,25,15.745054,0.6,8,7,7,142.297635525465,439.25851821899414,248.94109904766083,0.8625404715538025,0.09878786,85.49443,10,145,1.3330433333335872,55.745052,40.0,56.64508166666676,0.5,0.5068892240524292,uniform,uniform,10,0.0,0.0,0.0,4,
independent,1234,aggregation_random,26,12.448836,0.7,6,3,3,170.44215662138802,401.27294540405273,233.33431005477905,0.7421269416809082,0.18706335,303.11636,10,145,1.3330433333335872,42.448833,29.999996,56.64508166666676,0.5,0.5068892240524292,uniform,uniform,10,0.0,0.0,0.0,4,
independent,1234,aggregation_random,27,12.31628,0.75,5,1,1,106.19367039203644,444.80332374572754,193.59639644622803,0.7472608178853989,0.18279688,306.0626,10,145,1.3330433333335872,37.316284,25.000004,56.64508166666676,0.5,0.5068892240524292,uniform,uniform,10,0.0,0.0,0.0,4,
independent,1234,aggregation_random,28,13.463238,0.8,4,4,4,130.07265709340572,434.8867893218994,215.65657138824463,0.8162941962480545,0.15569268,166.23578,10,145,1.3330433333335872,33.46324,20.000004,56.64508166666676,0.5,0.5068892240524292,uniform,uniform,10,0.0,0.0,0.0,4,
independent,1234,aggregation_random,29,14.072121,0.95,1,1,1,132.40285371479234,461.83055877685547,270.39968189440276,0.867971095442772,0.023578236,103.37867,10,145,1.3330433333335872,19.07212,5.0,56.64508166666676,0.5,0.5068892240524292,uniform,uniform,10,0.0,0.0,0.0,4,
independent,1234,aggregation_random,30,16.816736,0.55,9,8,8,172.185521884398,412.79674530029297,254.86113114790484,0.9000000953674316,0.09344929,0.0,10,145,1.3330433333335872,61.816734,45.0,56.64508166666676,0.5,0.5068892240524292,uniform,uniform,10,0.0,0.0,0.0,4,
independent,1234,aggregation_random,31,15.307219,0.75,5,5,5,122.12752795219421,462.1831226348877,238.31954169273376,0.8725778132677078,0.07262019,135.56488,10,145,1.3330433333335872,40.307217,24.999998,56.64508166666676,0.5,0.5068892240524292,uniform,uniform,10,0.0,0.0,0.0,4,
independent,1234,aggregation_random,32,13.585021,0.8,4,3,3,106.2344703823328,470.6414794921875,201.89869724214077,0.8393417477607727,0.07451532,161.49796,10,145,1.3330433333335872,33.58502,19.999996,56.64508166666676,0.5,0.5068892240524292,uniform,uniform,10,0.0,0.0,0.0,4,
independent,1234,aggregation_random,33,13.755037,0.65000004,7,5,5,119.93333733998813,445.3512954711914,196.33507930315457,0.7781940340995789,0.09059757,247.21877,10,145,1.3330433333335872,48.755043,35.000008,56.64508166666676,0.5,0.5068892240524292,uniform,uniform,10,0.0,0.0,0.0,4,
independent,1234,aggregation_random,34,16.723515,0.55,9,5,5,99.87144616517153,441.41979217529297,194.527418830178,0.893215024471283,0.03845657,22.447124,10,145,1.3330433333335872,61.72352,45.000004,56.64508166666676,0.5,0.5068892240524292,uniform,uniform,10,0.0,0.0,0.0,4,
independent,1234,aggregation_random,35,13.571966,0.75,5,2,2,82.19395858049393,436.6655445098877,191.03914141654968,0.7869074434041977,0.18294474,221.80333,10,145,1.3330433333335872,38.57196,24.999994,56.64508166666676,0.5,0.5068892240524292,uniform,uniform,10,0.0,0.0,0.0,4,
independent,1234,aggregation_random,36,14.687876,0.55,9,6,6,147.1060824394226,423.32362174987793,203.68811325593427,0.7967644929885864,0.081612304,198.21236,10,145,1.3330433333335872,59.687874,45.0,56.64508166666676,0.5,0.5068892240524292,uniform,uniform,10,0.0,0.0,0.0,4,
independent,1234,aggregation_random,37,15.738903,0.8,4,3,3,134.2327610682696,469.37756538391113,262.48907178640366,0.9452446222305297,0.07273537,0.0,10,145,1.3330433333335872,35.738903,20.0,56.64508166666676,0.5,0.5068892240524292,uniform,uniform,10,0.0,0.0,0.0,4,
independent,1234,aggregation_random,38,15.408788,0.75,5,5,5,166.46275997161865,427.53064155578613,246.08336448669434,0.8568163514137268,0.05708145,82.91276,10,145,1.3330433333335872,40.408783,24.999996,56.64508166666676,0.5,0.5068892240524292,uniform,uniform,10,0.0,0.0,0.0,4,
independent,1234,aggregation_random,39,15.126468,0.65000004,7,2,2,202.30952244538528,403.403377532959,289.19665850125824,0.8344119787216187,0.1138745,125.92914,10,145,1.3330433333335872,50.126465,34.999996,56.64508166666676,0.5,0.5068892240524292,uniform,uniform,10,0.0,0.0,0.0,4,
independent,1234,aggregation_random,40,14.575611,0.90000004,2,0,0,149.71990605195364,475.6314468383789,276.7513636747996,0.8977248311042786,0.05520075,48.0,10,145,1.3330433333335872,24.575615,10.000004,56.64508166666676,0.5,0.5068892240524292,uniform,uniform,10,0.0,0.0,0.0,4,
independent,1234,aggregation_random,41,11.4316,0.75,5,4,4,116.07697719335556,477.9646968841553,210.70592403411865,0.7123030602931977,0.2112978,448.50085,10,145,1.3330433333335872,36.4316,25.0,56.64508166666676,0.5,0.5068892240524292,uniform,uniform,10,0.0,0.0,0.0,4,
independent,1234,aggregation_random,42,12.657236,0.85,3,2,2,135.9364112335093,448.5055732727051,251.13264083862305,0.7693727940320969,0.12066609,270.34357,10,145,1.3330433333335872,27.657236,15.0,56.64508166666676,0.5,0.5068892240524292,uniform,uniform,10,0.0,0.0,0.0,4,
independent,1234,aggregation_random,43,15.632761,0.7,6,4,4,130.317046216556,452.24430084228516,218.75656051295144,0.8830464720726013,0.08091915,52.79525,10,145,1.3330433333335872,45.632763,30.000002,56.64508166666676,0.5,0.5068892240524292,uniform,uniform,10,0.0,0.0,0.0,4,
independent,1234,aggregation_random,44,15.85171,0.75,5,4,4,135.60235571861267,419.4686222076416,242.8552746772766,0.8901818990707397,0.043690432,18.85088,10,145,1.3330433333335872,40.851707,24.999996,56.64508166666676,0.5,0.5068892240524292,uniform,uniform,10,0.0,0.0,0.0,4,
independent,1234,aggregation_random,45,15.64608,0.75,5,4,4,155.77059030532837,381.48244857788086,223.33191204071045,0.8668514490127563,0.07136141,63.64541,10,145,1.3330433333335872,40.646076,24.999996,56.64508166666676,0.5,0.5068892240524292,uniform,uniform,10,0.0,0.0,0.0,4,
independent,1234,aggregation_random,46,13.293913,0.8,4,2,2,118.47931556403637,435.6507682800293,211.31942063570023,0.7758772909641266,0.12437887,241.96649,10,145,1.3330433333335872,33.29391,19.999998,56.64508166666676,0.5,0.5068892240524292,uniform,uniform,10,0.0,0.0,0.0,4,
independent,1234,aggregation_random,47,16.52383,0.55,9,8,8,206.70962593772194,439.93014335632324,272.6249365373091,0.8791303426027298,0.07321312,48.000008,10,145,1.3330433333335872,61.523838,45.000008,56.64508166666676,0.5,0.5068892240524292,uniform,uniform,10,0.0,0.0,0.0,4,
independent,1234,aggregation_random,48,14.342782,0.75,5,2,2,120.60920763015747,473.00445556640625,225.67895698547363,0.8439181923866272,0.0916739,177.00662,10,145,1.3330433333335872,39.342785,25.000004,56.64508166666676,0.5,0.5068892240524292,uniform,uniform,10,0.0,0.0,0.0,4,
independent,1234,aggregation_random,49,13.246792,0.7,6,3,3,125.59216950620923,402.7046012878418,202.39735058375769,0.7788633704185486,0.20986106,232.58246,10,145,1.3330433333335872,43.24679,30.0,56.64508166666676,0.5,0.5068892240524292,uniform,uniform,10,0.0,0.0,0.0,4,
independent,1234,aggregation_random,50,16.412077,0.6,8,8,8,133.08967232704163,401.3000965118408,216.39288783073425,0.8979925513267517,0.023968026,3.8544676,10,145,1.3330433333335872,56.41207,39.999992,56.64508166666676,0.5,0.5068892240524292,uniform,uniform,10,0.0,0.0,0.0,4,
independent,1234,aggregation_random,51,14.671656,0.6,8,8,8,123.91901671886444,432.057523727417,200.56730031967163,0.826961675286293,0.12373966,140.29115,10,145,1.3330433333335872,54.671654,40.0,56.64508166666676,0.5,0.5068892240524292,uniform,uniform,10,0.0,0.0,0.0,4,
independent,1234,aggregation_random,52,15.4573145,0.85,3,3,3,146.3600225308362,449.5714473724365,220.4531375800862,0.9147009283304215,0.09495622,0.0,10,145,1.3330433333335872,30.457314,14.999999,56.64508166666676,0.5,0.5068892240524292,uniform,uniform,10,0.0,0.0,0.0,4,
independent,1234,aggregation_random,53,13.937358,0.85,3,1,1,157.2322179289425,464.1295909881592,264.5769621344174,0.8537626385688781,0.09699703,128.55731,10,145,1.3330433333335872,28.937355,14.999997,56.64508166666676,0.5,0.5068892240524292,uniform,uniform,10,0.0,0.0,0.0,4,
independent,1234,aggregation_random,54,14.489488,0.75,5,3,3,148.76438319683075,465.63222885131836,224.7715232372284,0.8341093838214875,0.092325225,169.0512,10,145,1.3330433333335872,39.489487,25.0,56.64508166666676,0.5,0.5068892240524292,uniform,uniform,10,0.0,0.0,0.0,4,
independent,1234,aggregation_random,55,16.030844,0.8,4,4,4,136.91225454211235,412.1026039123535,227.05294735729694,0.9000000953674316,0.04468054,0.0,10,145,1.3330433333335872,36.030846,20.000002,56.64508166666676,0.5,0.5068892240524292,uniform,uniform,10,0.0,0.0,0.0,4,
independent,1234,aggregation_random,56,14.759818,0.75,5,1,1,153.03456377983093,477.87245750427246,257.55693531036377,0.8703863054513932,0.12764409,139.1083,10,145,1.3330433333335872,39.75982,25.0,56.64508166666676,0.5,0.5068892240524292,uniform,uniform,10,0.0,0.0,0.0,4,
independent,1234,aggregation_random,57,16.239525,0.65000004,7,7,7,153.22757638417758,437.66773223876953,250.0696467436277,0.8810523390769959,0.078255,42.047375,10,145,1.3330433333335872,51.239532,35.000008,56.64508166666676,0.5,0.5068892240524292,uniform,uniform,10,0.0,0.0,0.0,4,
independent,1234,aggregation_random,58,16.370152,0.75,5,4,4,147.5747972726822,434.5535087585449,268.78368067741394,0.9013300478458405,0.04761759,5.722046e-06,10,145,1.3330433333335872,41.370155,25.000004,56.64508166666676,0.5,0.5068892240524292,uniform,uniform,10,0.0,0.0,0.0,4,
independent,1234,aggregation_random,59,15.739044,0.75,5,5,5,177.74864757061005,475.1122856140137,235.22580933570862,0.9027193129062653,0.048130386,37.891315,10,145,1.3330433333335872,40.73904,24.999996,56.64508166666676,0.5,0.5068892240524292,uniform,uniform,10,0.0,0.0,0.0,4,
independent,1234,vehicle_id_permuted,0,8.51092,1.0,0,0,0,159.60031655430794,479.5269012451172,211.64549034833908,0.6310515642166138,0.24046297,563.9079,10,151,7.209151666666476,8.5109215,1.9073486e-06,73.1572183333333,0.5,0.5068892240524292,uniform,uniform,10,0.0,0.0,0.0,0,1-3-0-2
independent,1234,vehicle_id_permuted,1,9.566437,0.65000004,7,6,6,134.24665331840515,476.97853088378906,261.3638267150292,0.5734263896942139,0.65059584,672.00006,10,151,7.209151666666476,44.56644,35.000004,73.1572183333333,0.5,0.5068892240524292,uniform,uniform,10,0.0,0.0,0.0,0,1-3-0-2
independent,1234,vehicle_id_permuted,2,9.492679,0.75,5,4,4,219.75830602645874,435.48248291015625,304.45823860168457,0.5768031120300293,0.55509084,624.0207,10,151,7.209151666666476,34.492683,25.000004,73.1572183333333,0.5,0.5068892240524292,uniform,uniform,10,0.0,0.0,0.0,0,1-3-0-2
independent,1234,vehicle_id_permuted,3,8.547138,0.7,6,6,6,140.2190898145948,427.3326587677002,256.07710463660106,0.5379462242126465,0.67133677,695.1434,10,151,7.209151666666476,38.547142,30.000004,73.1572183333333,0.5,0.5068892240524292,uniform,uniform,10,0.0,0.0,0.0,0,1-3-0-2
independent,1234,vehicle_id_permuted,4,7.3018637,0.75,5,5,5,177.25930225849152,479.14177894592285,269.012131690979,0.4865893304347992,0.85645694,858.2441,10,151,7.209151666666476,32.301865,25.0,73.1572183333333,0.5,0.5068892240524292,uniform,uniform,10,0.0,0.0,0.0,0,1-3-0-2
independent,1234,vehicle_id_permuted,5,7.260683,0.95,1,0,0,134.0526484815698,477.08913803100586,234.7592095952285,0.5668612062931061,0.60299784,684.71576,10,151,7.209151666666476,12.260684,5.000001,73.1572183333333,0.5,0.5068892240524292,uniform,uniform,10,0.0,0.0,0.0,0,1-3-0-2
independent,1234,vehicle_id_permuted,6,9.080066,0.85,3,3,3,145.32512352747077,409.2011260986328,202.59547906763413,0.6027734279632568,0.58187985,570.6751,10,151,7.209151666666476,24.080063,14.999997,73.1572183333333,0.5,0.5068892240524292,uniform,uniform,10,0.0,0.0,0.0,0,1-3-0-2
independent,1234,vehicle_id_permuted,7,8.874909,0.85,3,0,0,197.99597350990072,463.9120674133301,294.2964842740227,0.5938402146100998,0.6423294,624.00006,10,151,7.209151666666476,23.874912,15.000003,73.1572183333333,0.5,0.5068892240524292,uniform,uniform,10,0.0,0.0,0.0,0,1-3-0-2
independent,1234,vehicle_id_permuted,8,10.020751,0.85,3,3,3,137.83707660787246,478.89604568481445,274.6572787621442,0.6262386381626129,0.5114967,572.518,10,151,7.209151666666476,25.020754,15.000003,73.1572183333333,0.5,0.5068892240524292,uniform,uniform,10,0.0,0.0,0.0,0,1-3-0-2
independent,1234,vehicle_id_permuted,9,8.208763,0.8,4,3,3,199.34360727667809,464.5602607727051,297.904437482357,0.5646138966083527,0.72851276,694.5621,10,151,7.209151666666476,28.208763,20.0,73.1572183333333,0.5,0.5068892240524292,uniform,uniform,10,0.0,0.0,0.0,0,1-3-0-2
independent,1234,vehicle_id_permuted,10,9.571654,0.8,4,3,3,152.8176537528634,429.85499382019043,226.9899583607912,0.6187350749969482,0.57818145,540.0288,10,151,7.209151666666476,29.571657,20.000004,73.1572183333333,0.5,0.5068892240524292,uniform,uniform,10,0.0,0.0,0.0,0,1-3-0-2
independent,1234,vehicle_id_permuted,11,8.291812,0.8,4,3,3,160.00996381044388,467.7715015411377,246.9437413662672,0.5624753922224045,0.6932664,683.81885,10,151,7.209151666666476,28.291813,20.0,73.1572183333333,0.5,0.5068892240524292,uniform,uniform,10,0.0,0.0,0.0,0,1-3-0-2
independent,1234,vehicle_id_permuted,12,11.315208,0.95,1,1,1,166.93667819625452,437.85487174987793,280.72569495753237,0.6681131511926651,0.2998648,451.0777,10,151,7.209151666666476,16.315208,5.0,73.1572183333333,0.5,0.5068892240524292,uniform,uniform,10,0.0,0.0,0.0,0,1-3-0-2
independent,1234,vehicle_id_permuted,13,8.706152,0.65000004,7,7,7,165.48034250736237,421.48987770080566,250.38847198853125,0.5178138017654419,0.65933657,733.79767,10,151,7.209151666666476,43.70615,35.0,73.1572183333333,0.5,0.5068892240524292,uniform,uniform,10,0.0,0.0,0.0,0,1-3-0-2
independent,1234,vehicle_id_permuted,14,8.684261,0.85,3,2,2,176.3475880202125,478.4096431732178,254.24741169985603,0.6409584671258927,0.5987531,543.7695,10,151,7.209151666666476,23.684263,15.000002,73.1572183333333,0.5,0.5068892240524292,uniform,uniform,10,0.0,0.0,0.0,0,1-3-0-2
independent,1234,vehicle_id_permuted,15,10.731088,0.90000004,2,2,2,121.95870568354924,441.66661262512207,213.7451821565628,0.7152327388525009,0.33018777,364.4199,10,151,7.209151666666476,20.731087,9.999999,73.1572183333333,0.5,0.5068892240524292,uniform,uniform,10,0.0,0.0,0.0,0,1-3-0-2
independent,1234,vehicle_id_permuted,16,8.125312,0.65000004,7,6,6,192.59121083296262,469.2126274108887,257.9582267541152,0.5326113879680634,0.76847404,743.46893,10,151,7.209151666666476,43.125317,35.000004,73.1572183333333,0.5,0.5068892240524292,uniform,uniform,10,0.0,0.0,0.0,0,1-3-0-2
independent,1234,vehicle_id_permuted,17,9.616184,0.75,5,2,2,141.50174939632416,434.96352195739746,238.0359926223755,0.586240628361702,0.58545965,605.38165,10,151,7.209151666666476,34.616188,25.000004,73.1572183333333,0.5,0.5068892240524292,uniform,uniform,10,0.0,0.0,0.0,0,1-3-0-2
independent,1234,vehicle_id_permuted,18,9.784552,0.8,4,3,3,179.37504708766937,447.8680229187012,291.90249636769295,0.5902348786592484,0.6467909,612.1972,10,151,7.209151666666476,29.78455,19.999998,73.1572183333333,0.5,0.5068892240524292,uniform,uniform,10,0.0,0.0,0.0,0,1-3-0-2
independent,1234,vehicle_id_permuted,19,8.584934,0.7,6,3,3,174.37294466154916,420.256290435791,250.00753947666712,0.5500000715255737,0.6657795,672.00006,10,151,7.209151666666476,38.58493,29.999996,73.1572183333333,0.5,0.5068892240524292,uniform,uniform,10,0.0,0.0,0.0,0,1-3-0-2
independent,1234,vehicle_id_permuted,20,8.99,0.85,3,2,2,164.85207007211798,451.24749183654785,285.71585150326,0.5870260566473007,0.60026664,624.00006,10,151,7.209151666666476,23.989998,14.999998,73.1572183333333,0.5,0.5068892240524292,uniform,uniform,10,0.0,0.0,0.0,0,1-3-0-2
independent,1234,vehicle_id_permuted,21,7.6399994,0.6,8,4,4,140.46792536973953,471.9840431213379,266.57772719860077,0.5154360264539719,0.81573814,816.00006,10,151,7.209151666666476,47.639996,39.999996,73.1572183333333,0.5,0.5068892240524292,uniform,uniform,10,0.0,0.0,0.0,0,1-3-0-2
independent,1234,vehicle_id_permuted,22,9.360429,0.7,6,6,6,126.69267258473805,433.7812328338623,230.94164780208044,0.550927796959877,0.53064585,672.00006,10,151,7.209151666666476,39.360424,29.999996,73.1572183333333,0.5,0.5068892240524292,uniform,uniform,10,0.0,0.0,0.0,0,1-3-0-2
independent,1234,vehicle_id_permuted,23,8.227978,0.65000004,7,7,7,153.38269719710718,420.3764247894287,224.70098678882306,0.485599547624588,0.7280162,795.64905,10,151,7.209151666666476,43.227985,35.000008,73.1572183333333,0.5,0.5068892240524292,uniform,uniform,10,0.0,0.0,0.0,0,1-3-0-2
independent,1234,vehicle_id_permuted,24,8.571522,0.7,6,5,5,137.2412369932447,472.9217720031738,221.88997609274728,0.57816361784935,0.7007001,658.8477,10,151,7.209151666666476,38.571518,29.999996,73.1572183333333,0.5,0.5068892240524292,uniform,uniform,10,0.0,0.0,0.0,0,1-3-0-2
independent,1234,vehicle_id_permuted,25,8.404817,0.65000004,7,6,6,147.00558529450342,452.3004341125488,252.08096320812518,0.5240321099758148,0.6812301,742.15894,10,151,7.209151666666476,43.404816,35.0,73.1572183333333,0.5,0.5068892240524292,uniform,uniform,10,0.0,0.0,0.0,0,1-3-0-2
independent,1234,vehicle_id_permuted,26,6.9501157,0.75,5,2,2,149.79701578617096,468.42095375061035,257.74910068511963,0.4709497421979904,0.919537,867.9893,10,151,7.209151666666476,31.950111,24.999996,73.1572183333333,0.5,0.5068892240524292,uniform,uniform,10,0.0,0.0,0.0,0,1-3-0-2
independent,1234,vehicle_id_permuted,27,7.883342,0.75,5,1,1,115.16662526130676,417.08407402038574,203.23601627349854,0.5392366051673889,0.66013974,692.66583,10,151,7.209151666666476,32.883343,25.0,73.1572183333333,0.5,0.5068892240524292,uniform,uniform,10,0.0,0.0,0.0,0,1-3-0-2
independent,1234,vehicle_id_permuted,28,8.22177,0.95,1,1,1,129.59767812176756,455.80533027648926,257.8482949733734,0.6006459176540375,0.61232114,607.0046,10,151,7.209151666666476,13.221769,4.999999,73.1572183333333,0.5,0.5068892240524292,uniform,uniform,10,0.0,0.0,0.0,0,1-3-0-2
independent,1234,vehicle_id_permuted,29,8.074165,0.85,3,3,3,174.9785420473884,478.0800533294678,296.9803127120523,0.5541793823242187,0.7641619,758.62494,10,151,7.209151666666476,23.074163,14.999998,73.1572183333333,0.5,0.5068892240524292,uniform,uniform,10,0.0,0.0,0.0,0,1-3-0-2
independent,1234,vehicle_id_permuted,30,10.230949,0.90000004,2,1,1,131.8850964307785,473.708438873291,241.23038053512573,0.6920476496219635,0.28394273,440.97708,10,151,7.209151666666476,20.23095,10.0,73.1572183333333,0.5,0.5068892240524292,uniform,uniform,10,0.0,0.0,0.0,0,1-3-0-2
independent,1234,vehicle_id_permuted,31,7.986311,0.7,6,6,6,86.98475654636111,437.81785011291504,229.79320815631323,0.5064838618040085,0.7651793,761.36896,10,151,7.209151666666476,37.98631,29.999998,73.1572183333333,0.5,0.5068892240524292,uniform,uniform,10,0.0,0.0,0.0,0,1-3-0-2
independent,1234,vehicle_id_permuted,32,9.347242,0.75,5,4,4,188.60600590705872,438.7631034851074,262.0035560131073,0.5869472563266754,0.59227574,607.82446,10,151,7.209151666666476,34.347244,25.000002,73.1572183333333,0.5,0.5068892240524292,uniform,uniform,10,0.0,0.0,0.0,0,1-3-0-2
independent,1234,vehicle_id_permuted,33,6.0576124,0.8,4,3,3,151.34020417928696,457.58877754211426,274.0411904454231,0.4434769481420517,1.0009062,927.23883,10,151,7.209151666666476,26.057613,20.0,73.1572183333333,0.5,0.5068892240524292,uniform,uniform,10,0.0,0.0,0.0,0,1-3-0-2
independent,1234,vehicle_id_permuted,34,8.84,0.85,3,0,0,150.82319519099067,476.9992160797119,279.6036289719974,0.5863319903612136,0.6635327,672.00006,10,151,7.209151666666476,23.839996,14.999996,73.1572183333333,0.5,0.5068892240524292,uniform,uniform,10,0.0,0.0,0.0,0,1-3-0-2
independent,1234,vehicle_id_permuted,35,8.664735,0.65000004,7,3,3,139.59501564502716,426.1440181732178,262.03014850616455,0.5427178740501404,0.6623489,685.9819,10,151,7.209151666666476,43.664734,35.0,73.1572183333333,0.5,0.5068892240524292,uniform,uniform,10,0.0,0.0,0.0,0,1-3-0-2
independent,1234,vehicle_id_permuted,36,8.082137,0.7,6,5,5,157.97476140516144,442.26244926452637,219.75231094019753,0.5145627647638321,0.8248299,750.30206,10,151,7.209151666666476,38.082134,29.999996,73.1572183333333,0.5,0.5068892240524292,uniform,uniform,10,0.0,0.0,0.0,0,1-3-0-2
independent,1234,vehicle_id_permuted,37,9.441655,0.7,6,5,5,169.87684878919805,397.5174808502197,250.062267269407,0.5750000476837158,0.6090701,624.00006,10,151,7.209151666666476,39.441654,30.0,73.1572183333333,0.5,0.5068892240524292,uniform,uniform,10,0.0,0.0,0.0,0,1-3-0-2
independent,1234,vehicle_id_permuted,38,8.959987,0.8,4,4,4,163.48616123199463,444.0879821777344,264.54024732112885,0.5547326445579529,0.663941,675.0014,10,151,7.209151666666476,28.959986,20.0,73.1572183333333,0.5,0.5068892240524292,uniform,uniform,10,0.0,0.0,0.0,0,1-3-0-2
independent,1234,vehicle_id_permuted,39,9.097158,0.7,6,2,2,186.78286135196686,461.3520812988281,269.1780592714037,0.5866580247879029,0.6122142,630.9689,10,151,7.209151666666476,39.09716,30.000002,73.1572183333333,0.5,0.5068892240524292,uniform,uniform,10,0.0,0.0,0.0,0,1-3-0-2
independent,1234,vehicle_id_permuted,40,9.898912,0.75,5,3,3,161.51498770713806,471.52064323425293,288.163507938385,0.6337730467319489,0.6276308,575.99994,10,151,7.209151666666476,34.89891,24.999998,73.1572183333333,0.5,0.5068892240524292,uniform,uniform,10,0.0,0.0,0.0,0,1-3-0-2
independent,1234,vehicle_id_permuted,41,6.1688237,0.75,5,4,4,136.81177669763565,479.28099632263184,233.53212070465088,0.4552796810865402,1.0105063,929.11774,10,151,7.209151666666476,31.168825,25.000002,73.1572183333333,0.5,0.5068892240524292,uniform,uniform,10,0.0,0.0,0.0,0,1-3-0-2
independent,1234,vehicle_id_permuted,42,6.303053,0.85,3,2,2,122.00367566417245,434.932165145874,237.1999052692862,0.4943945795297623,0.70900136,781.6948,10,151,7.209151666666476,21.303051,14.999998,73.1572183333333,0.5,0.5068892240524292,uniform,uniform,10,0.0,0.0,0.0,0,1-3-0-2
independent,1234,vehicle_id_permuted,43,9.379999,0.6,8,6,6,173.94428580999374,452.688045501709,248.9232376217842,0.5607750952243805,0.6296986,672.00006,10,151,7.209151666666476,49.379997,40.0,73.1572183333333,0.5,0.5068892240524292,uniform,uniform,10,0.0,0.0,0.0,0,1-3-0-2
independent,1234,vehicle_id_permuted,44,7.0876617,0.8,4,4,4,157.86976494826376,467.8997039794922,267.72609896957874,0.49194450974464415,0.8204062,834.0167,10,151,7.209151666666476,27.087662,20.0,73.1572183333333,0.5,0.5068892240524292,uniform,uniform,10,0.0,0.0,0.0,0,1-3-0-2
independent,1234,vehicle_id_permuted,45,9.232058,0.95,1,0,0,125.35367159466995,452.45816230773926,233.59300864370246,0.6264425605535507,0.48395178,545.6885,10,151,7.209151666666476,14.232059,5.000001,73.1572183333333,0.5,0.5068892240524292,uniform,uniform,10,0.0,0.0,0.0,0,1-3-0-2
independent,1234,vehicle_id_permuted,46,7.163515,0.75,5,3,3,101.82819998264313,431.6788673400879,199.12431478500366,0.4990030527114868,0.7090649,769.9143,10,151,7.209151666666476,32.163517,25.000002,73.1572183333333,0.5,0.5068892240524292,uniform,uniform,10,0.0,0.0,0.0,0,1-3-0-2
independent,1234,vehicle_id_permuted,47,9.805712,0.65000004,7,6,6,130.3542256813783,424.6157455444336,232.45709277116336,0.5750000476837158,0.50714725,624.00006,10,151,7.209151666666476,44.80571,35.0,73.1572183333333,0.5,0.5068892240524292,uniform,uniform,10,0.0,0.0,0.0,0,1-3-0-2
independent,1234,vehicle_id_permuted,48,8.510025,0.7,6,3,3,169.421911750521,468.7620735168457,258.2609714780535,0.5540931254625321,0.71317846,725.1169,10,151,7.209151666666476,38.510025,30.0,73.1572183333333,0.5,0.5068892240524292,uniform,uniform,10,0.0,0.0,0.0,0,1-3-0-2
independent,1234,vehicle_id_permuted,49,7.7045937,0.8,4,2,2,151.46583762019873,470.56446075439453,244.3914256989956,0.5559050172567368,0.73004436,703.54065,10,151,7.209151666666476,27.704597,20.000004,73.1572183333333,0.5,0.5068892240524292,uniform,uniform,10,0.0,0.0,0.0,0,1-3-0-2
independent,1234,vehicle_id_permuted,50,8.617698,0.7,6,6,6,136.85051449707575,429.42249298095703,254.2760247843606,0.5334045886993408,0.61952126,703.86334,10,151,7.209151666666476,38.6177,30.0,73.1572183333333,0.5,0.5068892240524292,uniform,uniform,10,0.0,0.0,0.0,0,1-3-0-2
independent,1234,vehicle_id_permuted,51,8.960293,0.85,3,3,3,132.99894175108741,464.2302703857422,223.8922893299776,0.6178560495376587,0.5784385,573.9468,10,151,7.209151666666476,23.960293,15.0,73.1572183333333,0.5,0.5068892240524292,uniform,uniform,10,0.0,0.0,0.0,0,1-3-0-2
independent,1234,vehicle_id_permuted,52,9.789829,0.85,3,3,3,185.81174759303823,437.77052879333496,261.08133231892305,0.6212502300739289,0.62042063,544.01697,10,151,7.209151666666476,24.789833,15.000004,73.1572183333333,0.5,0.5068892240524292,uniform,uniform,10,0.0,0.0,0.0,0,1-3-0-2
independent,1234,vehicle_id_permuted,53,8.883674,0.8,4,2,2,173.79489675164223,464.1295909881592,286.8486861884594,0.5868938237428665,0.6233464,650.9225,10,151,7.209151666666476,28.883673,20.0,73.1572183333333,0.5,0.5068892240524292,uniform,uniform,10,0.0,0.0,0.0,0,1-3-0-2
independent,1234,vehicle_id_permuted,54,7.8613505,0.75,5,3,3,165.31483137607574,458.30291748046875,227.8639624118805,0.5001594066619873,0.765056,793.9971,10,151,7.209151666666476,32.86135,25.0,73.1572183333333,0.5,0.5068892240524292,uniform,uniform,10,0.0,0.0,0.0,0,1-3-0-2
independent,1234,vehicle_id_permuted,55,11.666285,0.90000004,2,2,2,185.058464606603,475.6119918823242,280.84959228833515,0.7116955161094666,0.28687587,405.15662,10,151,7.209151666666476,21.666286,10.000002,73.1572183333333,0.5,0.5068892240524292,uniform,uniform,10,0.0,0.0,0.0,0,1-3-0-2
independent,1234,vehicle_id_permuted,56,8.994429,0.8,4,1,1,131.7294893413782,375.75822830200195,230.59421584010124,0.5783556699752808,0.53095186,617.5572,10,151,7.209151666666476,28.99443,20.000002,73.1572183333333,0.5,0.5068892240524292,uniform,uniform,10,0.0,0.0,0.0,0,1-3-0-2
independent,1234,vehicle_id_permuted,57,9.516478,0.75,5,5,5,156.08601416647434,464.7326374053955,265.80530083179474,0.5770596534013748,0.53208774,672.00006,10,151,7.209151666666476,34.516476,24.999998,73.1572183333333,0.5,0.5068892240524292,uniform,uniform,10,0.0,0.0,0.0,0,1-3-0-2
independent,1234,vehicle_id_permuted,58,8.360001,0.6,8,7,7,133.67086932063103,478.4718132019043,252.68040925264359,0.5196395695209504,0.80781937,816.00006,10,151,7.209151666666476,48.360004,40.000004,73.1572183333333,0.5,0.5068892240524292,uniform,uniform,10,0.0,0.0,0.0,0,1-3-0-2
independent,1234,vehicle_id_permuted,59,9.698009,0.85,3,3,3,174.68382523340338,423.9408302307129,256.23637865571413,0.5905447006225586,0.418119,594.1543,10,151,7.209151666666476,24.698008,14.999999,73.1572183333333,0.5,0.5068892240524292,uniform,uniform,10,0.0,0.0,0.0,0,1-3-0-2
independent,1234,vehicle_id_permuted,0,8.51092,1.0,0,0,0,159.60031655430794,479.5269012451172,211.64549034833908,0.6310515642166138,0.24046297,563.9079,10,151,6.753958333334135,8.510921,9.536743e-07,65.056305,0.5,0.5068892240524292,uniform,uniform,10,0.0,0.0,0.0,1,2-0-1-3
independent,1234,vehicle_id_permuted,1,9.566437,0.65000004,7,6,6,134.24665331840515,476.97853088378906,261.3638267150292,0.5734263896942139,0.65059584,672.00006,10,151,6.753958333334135,44.56644,35.000004,65.056305,0.5,0.5068892240524292,uniform,uniform,10,0.0,0.0,0.0,1,2-0-1-3
independent,1234,vehicle_id_permuted,2,9.492679,0.75,5,4,4,219.75830602645874,435.48248291015625,304.45823860168457,0.5768031120300293,0.55509084,624.0207,10,151,6.753958333334135,34.49268,25.0,65.056305,0.5,0.5068892240524292,uniform,uniform,10,0.0,0.0,0.0,1,2-0-1-3
independent,1234,vehicle_id_permuted,3,8.547138,0.7,6,6,6,140.2190898145948,427.3326587677002,256.07710463660106,0.5379462242126465,0.6713367,695.1434,10,151,6.753958333334135,38.547142,30.000004,65.056305,0.5,0.5068892240524292,uniform,uniform,10,0.0,0.0,0.0,1,2-0-1-3
independent,1234,vehicle_id_permuted,4,7.3018637,0.75,5,5,5,177.25930225849152,479.14177894592285,269.012131690979,0.4865893304347992,0.85645694,858.2441,10,151,6.753958333334135,32.301865,25.0,65.056305,0.5,0.5068892240524292,uniform,uniform,10,0.0,0.0,0.0,1,2-0-1-3
independent,1234,vehicle_id_permuted,5,7.260683,0.95,1,0,0,134.0526484815698,477.08913803100586,234.7592095952285,0.5668612062931061,0.6029979,684.71576,10,151,6.753958333334135,12.260684,5.000001,65.056305,0.5,0.5068892240524292,uniform,uniform,10,0.0,0.0,0.0,1,2-0-1-3
independent,1234,vehicle_id_permuted,6,9.080066,0.85,3,3,3,145.32512352747077,409.2011260986328,202.59547906763413,0.6027734279632568,0.58187985,570.6751,10,151,6.753958333334135,24.080065,14.999999,65.056305,0.5,0.5068892240524292,uniform,uniform,10,0.0,0.0,0.0,1,2-0-1-3
independent,1234,vehicle_id_permuted,7,8.874909,0.85,3,0,0,197.99597350990072,463.9120674133301,294.2964842740227,0.5938402146100998,0.6423294,624.00006,10,151,6.753958333334135,23.874912,15.000003,65.056305,0.5,0.5068892240524292,uniform,uniform,10,0.0,0.0,0.0,1,2-0-1-3
independent,1234,vehicle_id_permuted,8,10.020751,0.85,3,3,3,137.83707660787246,478.89604568481445,274.6572787621442,0.6262386381626129,0.5114967,572.518,10,151,6.753958333334135,25.020754,15.000003,65.056305,0.5,0.5068892240524292,uniform,uniform,10,0.0,0.0,0.0,1,2-0-1-3
independent,1234,vehicle_id_permuted,9,8.208763,0.8,4,3,3,199.34360727667809,464.5602607727051,297.904437482357,0.5646138966083527,0.72851276,694.5621,10,151,6.753958333334135,28.208767,20.000004,65.056305,0.5,0.5068892240524292,uniform,uniform,10,0.0,0.0,0.0,1,2-0-1-3
independent,1234,vehicle_id_permuted,10,9.571654,0.8,4,3,3,152.8176537528634,429.85499382019043,226.9899583607912,0.6187350749969482,0.5781815,540.0288,10,151,6.753958333334135,29.571657,20.000004,65.056305,0.5,0.5068892240524292,uniform,uniform,10,0.0,0.0,0.0,1,2-0-1-3
independent,1234,vehicle_id_permuted,11,8.291812,0.8,4,3,3,160.00996381044388,467.7715015411377,246.9437413662672,0.5624753922224045,0.6932664,683.81885,10,151,6.753958333334135,28.291807,19.999996,65.056305,0.5,0.5068892240524292,uniform,uniform,10,0.0,0.0,0.0,1,2-0-1-3
independent,1234,vehicle_id_permuted,12,11.315208,0.95,1,1,1,166.93667819625452,437.85487174987793,280.72569495753237,0.6681131511926651,0.2998648,451.0777,10,151,6.753958333334135,16.315208,5.0,65.056305,0.5,0.5068892240524292,uniform,uniform,10,0.0,0.0,0.0,1,2-0-1-3
independent,1234,vehicle_id_permuted,13,8.706152,0.65000004,7,7,7,165.48034250736237,421.48987770080566,250.38847198853125,0.5178138017654419,0.65933657,733.79767,10,151,6.753958333334135,43.70615,35.0,65.056305,0.5,0.5068892240524292,uniform,uniform,10,0.0,0.0,0.0,1,2-0-1-3
independent,1234,vehicle_id_permuted,14,8.684261,0.85,3,2,2,176.3475880202125,478.4096431732178,254.24741169985603,0.6409584671258927,0.5987531,543.7695,10,151,6.753958333334135,23.684258,14.999996,65.056305,0.5,0.5068892240524292,uniform,uniform,10,0.0,0.0,0.0,1,2-0-1-3
independent,1234,vehicle_id_permuted,15,10.731088,0.90000004,2,2,2,121.95870568354924,441.66661262512207,213.7451821565628,0.7152327388525009,0.33018777,364.4199,10,151,6.753958333334135,20.731087,9.999999,65.056305,0.5,0.5068892240524292,uniform,uniform,10,0.0,0.0,0.0,1,2-0-1-3
independent,1234,vehicle_id_permuted,16,8.125312,0.65000004,7,6,6,192.59121083296262,469.2126274108887,257.9582267541152,0.5326113879680634,0.7684741,743.46893,10,151,6.753958333334135,43.125313,35.0,65.056305,0.5,0.5068892240524292,uniform,uniform,10,0.0,0.0,0.0,1,2-0-1-3
independent,1234,vehicle_id_permuted,17,9.616184,0.75,5,2,2,141.50174939632416,434.96352195739746,238.0359926223755,0.586240628361702,0.5854597,605.38165,10,151,6.753958333334135,34.616188,25.000004,65.056305,0.5,0.5068892240524292,uniform,uniform,10,0.0,0.0,0.0,1,2-0-1-3
independent,1234,vehicle_id_permuted,18,9.784552,0.8,4,3,3,179.37504708766937,447.8680229187012,291.90249636769295,0.5902348786592484,0.646791,612.1972,10,151,6.753958333334135,29.784555,20.000004,65.056305,0.5,0.5068892240524292,uniform,uniform,10,0.0,0.0,0.0,1,2-0-1-3
independent,1234,vehicle_id_permuted,19,8.584934,0.7,6,3,3,174.37294466154916,420.256290435791,250.00753947666712,0.5500000715255737,0.6657795,672.00006,10,151,6.753958333334135,38.58493,29.999996,65.056305,0.5,0.5068892240524292,uniform,uniform,10,0.0,0.0,0.0,1,2-0-1-3
independent,1234,vehicle_id_permuted,20,8.99,0.85,3,2,2,164.85207007211798,451.24749183654785,285.71585150326,0.5870260566473007,0.60026664,624.00006,10,151,6.753958333334135,23.989998,14.999998,65.056305,0.5,0.5068892240524292,uniform,uniform,10,0.0,0.0,0.0,1,2-0-1-3
independent,1234,vehicle_id_permuted,21,7.6399994,0.6,8,4,4,140.46792536973953,471.9840431213379,266.57772719860077,0.5154360264539719,0.8157381,816.00006,10,151,6.753958333334135,47.639996,39.999996,65.056305,0.5,0.5068892240524292,uniform,uniform,10,0.0,0.0,0.0,1,2-0-1-3
independent,1234,vehicle_id_permuted,22,9.360429,0.7,6,6,6,126.69267258473805,433.7812328338623,230.94164780208044,0.550927796959877,0.53064585,672.00006,10,151,6.753958333334135,39.360435,30.000008,65.056305,0.5,0.5068892240524292,uniform,uniform,10,0.0,0.0,0.0,1,2-0-1-3
independent,1234,vehicle_id_permuted,23,8.227978,0.65000004,7,7,7,153.38269719710718,420.3764247894287,224.70098678882306,0.485599547624588,0.7280162,795.64905,10,151,6.753958333334135,43.22798,35.000004,65.056305,0.5,0.5068892240524292,uniform,uniform,10,0.0,0.0,0.0,1,2-0-1-3
independent,1234,vehicle_id_permuted,24,8.571522,0.7,6,5,5,137.2412369932447,472.9217720031738,221.88997609274728,0.57816361784935,0.7007001,658.8477,10,151,6.753958333334135,38.571526,30.000004,65.056305,0.5,0.5068892240524292,uniform,uniform,10,0.0,0.0,0.0,1,2-0-1-3
independent,1234,vehicle_id_permuted,25,8.404817,0.65000004,7,6,6,147.00558529450342,452.3004341125488,252.08096320812518,0.5240321099758148,0.6812301,742.15894,10,151,6.753958333334135,43.40482,35.000004,65.056305,0.5,0.5068892240524292,uniform,uniform,10,0.0,0.0,0.0,1,2-0-1-3
independent,1234,vehicle_id_permuted,26,6.9501157,0.75,5,2,2,149.79701578617096,468.42095375061035,257.74910068511963,0.4709497421979904,0.919537,867.9893,10,151,6.753958333334135,31.950115,25.0,65.056305,0.5,0.5068892240524292,uniform,uniform,10,0.0,0.0,0.0,1,2-0-1-3
independent,1234,vehicle_id_permuted,27,7.883342,0.75,5,1,1,115.16662526130676,417.08407402038574,203.23601627349854,0.5392366051673889,0.66013974,692.66583,10,151,6.753958333334135,32.883343,25.0,65.056305,0.5,0.5068892240524292,uniform,uniform,10,0.0,0.0,0.0,1,2-0-1-3
independent,1234,vehicle_id_permuted,28,8.22177,0.95,1,1,1,129.59767812176756,455.80533027648926,257.8482949733734,0.6006459176540375,0.61232114,607.0045,10,151,6.753958333334135,13.221769,4.999999,65.056305,0.5,0.5068892240524292,uniform,uniform,10,0.0,0.0,0.0,1,2-0-1-3
independent,1234,vehicle_id_permuted,29,8.074165,0.85,3,3,3,174.9785420473884,478.0800533294678,296.9803127120523,0.5541793823242187,0.7641619,758.62494,10,151,6.753958333334135,23.074163,14.999998,65.056305,0.5,0.5068892240524292,uniform,uniform,10,0.0,0.0,0.0,1,2-0-1-3
independent,1234,vehicle_id_permuted,30,10.230949,0.90000004,2,1,1,131.8850964307785,473.708438873291,241.23038053512573,0.6920476496219635,0.28394273,440.97708,10,151,6.753958333334135,20.23095,10.0,65.056305,0.5,0.5068892240524292,uniform,uniform,10,0.0,0.0,0.0,1,2-0-1-3
independent,1234,vehicle_id_permuted,31,7.986311,0.7,6,6,6,86.98475654636111,437.81785011291504,229.79320815631323,0.5064838618040085,0.7651793,761.36896,10,151,6.753958333334135,37.986313,30.000002,65.056305,0.5,0.5068892240524292,uniform,uniform,10,0.0,0.0,0.0,1,2-0-1-3
independent,1234,vehicle_id_permuted,32,9.347242,0.75,5,4,4,188.60600590705872,438.7631034851074,262.0035560131073,0.5869472563266754,0.59227574,607.82446,10,151,6.753958333334135,34.34724,24.999998,65.056305,0.5,0.5068892240524292,uniform,uniform,10,0.0,0.0,0.0,1,2-0-1-3
independent,1234,vehicle_id_permuted,33,6.0576124,0.8,4,3,3,151.34020417928696,457.58877754211426,274.0411904454231,0.4434769481420517,1.0009062,927.23883,10,151,6.753958333334135,26.057613,20.0,65.056305,0.5,0.5068892240524292,uniform,uniform,10,0.0,0.0,0.0,1,2-0-1-3
independent,1234,vehicle_id_permuted,34,8.84,0.85,3,0,0,150.82319519099067,476.9992160797119,279.6036289719974,0.5863319903612136,0.6635327,672.00006,10,151,6.753958333334135,23.84,15.0,65.056305,0.5,0.5068892240524292,uniform,uniform,10,0.0,0.0,0.0,1,2-0-1-3
independent,1234,vehicle_id_permuted,35,8.664735,0.65000004,7,3,3,139.59501564502716,426.1440181732178,262.03014850616455,0.5427178740501404,0.6623489,685.9819,10,151,6.753958333334135,43.664734,35.0,65.056305,0.5,0.5068892240524292,uniform,uniform,10,0.0,0.0,0.0,1,2-0-1-3
independent,1234,vehicle_id_permuted,36,8.082137,0.7,6,5,5,157.97476140516144,442.26244926452637,219.75231094019753,0.5145627647638321,0.8248299,750.30206,10,151,6.753958333334135,38.082134,29.999996,65.056305,0.5,0.5068892240524292,uniform,uniform,10,0.0,0.0,0.0,1,2-0-1-3
independent,1234,vehicle_id_permuted,37,9.441655,0.7,6,5,5,169.87684878919805,397.5174808502197,250.062267269407,0.5750000476837158,0.6090701,624.00006,10,151,6.753958333334135,39.441658,30.000004,65.056305,0.5,0.5068892240524292,uniform,uniform,10,0.0,0.0,0.0,1,2-0-1-3
independent,1234,vehicle_id_permuted,38,8.959987,0.8,4,4,4,163.48616123199463,444.0879821777344,264.54024732112885,0.5547326445579529,0.66394097,675.0014,10,151,6.753958333334135,28.959986,20.0,65.056305,0.5,0.5068892240524292,uniform,uniform,10,0.0,0.0,0.0,1,2-0-1-3
independent,1234,vehicle_id_permuted,39,9.097158,0.7,6,2,2,186.78286135196686,461.3520812988281,269.1780592714037,0.5866580247879029,0.6122142,630.9689,10,151,6.753958333334135,39.09716,30.000002,65.056305,0.5,0.5068892240524292,uniform,uniform,10,0.0,0.0,0.0,1,2-0-1-3
independent,1234,vehicle_id_permuted,40,9.898912,0.75,5,3,3,161.51498770713806,471.52064323425293,288.163507938385,0.6337730467319489,0.6276308,575.99994,10,151,6.753958333334135,34.89891,24.999998,65.056305,0.5,0.5068892240524292,uniform,uniform,10,0.0,0.0,0.0,1,2-0-1-3
independent,1234,vehicle_id_permuted,41,6.1688237,0.75,5,4,4,136.81177669763565,479.28099632263184,233.53212070465088,0.4552796810865402,1.0105063,929.11774,10,151,6.753958333334135,31.168821,24.999998,65.056305,0.5,0.5068892240524292,uniform,uniform,10,0.0,0.0,0.0,1,2-0-1-3
independent,1234,vehicle_id_permuted,42,6.303053,0.85,3,2,2,122.00367566417245,434.932165145874,237.1999052692862,0.4943945795297623,0.70900136,781.6948,10,151,6.753958333334135,21.303051,14.999998,65.056305,0.5,0.5068892240524292,uniform,uniform,10,0.0,0.0,0.0,1,2-0-1-3
independent,1234,vehicle_id_permuted,43,9.379999,0.6,8,6,6,173.94428580999374,452.688045501709,248.9232376217842,0.5607750952243805,0.6296986,672.00006,10,151,6.753958333334135,49.379997,40.0,65.056305,0.5,0.5068892240524292,uniform,uniform,10,0.0,0.0,0.0,1,2-0-1-3
independent,1234,vehicle_id_permuted,44,7.0876617,0.8,4,4,4,157.86976494826376,467.8997039794922,267.72609896957874,0.49194450974464415,0.8204062,834.0167,10,151,6.753958333334135,27.087662,20.0,65.056305,0.5,0.5068892240524292,uniform,uniform,10,0.0,0.0,0.0,1,2-0-1-3
independent,1234,vehicle_id_permuted,45,9.232058,0.95,1,0,0,125.35367159466995,452.45816230773926,233.59300864370246,0.6264425605535507,0.48395178,545.6885,10,151,6.753958333334135,14.232057,4.999999,65.056305,0.5,0.5068892240524292,uniform,uniform,10,0.0,0.0,0.0,1,2-0-1-3
independent,1234,vehicle_id_permuted,46,7.163515,0.75,5,3,3,101.82819998264313,431.6788673400879,199.12431478500366,0.4990030527114868,0.7090649,769.9143,10,151,6.753958333334135,32.163517,25.000002,65.056305,0.5,0.5068892240524292,uniform,uniform,10,0.0,0.0,0.0,1,2-0-1-3
independent,1234,vehicle_id_permuted,47,9.805712,0.65000004,7,6,6,130.3542256813783,424.6157455444336,232.45709277116336,0.5750000476837158,0.50714725,624.00006,10,151,6.753958333334135,44.80571,35.0,65.056305,0.5,0.5068892240524292,uniform,uniform,10,0.0,0.0,0.0,1,2-0-1-3
independent,1234,vehicle_id_permuted,48,8.510025,0.7,6,3,3,169.421911750521,468.7620735168457,258.2609714780535,0.5540931254625321,0.71317846,725.1169,10,151,6.753958333334135,38.510025,30.0,65.056305,0.5,0.5068892240524292,uniform,uniform,10,0.0,0.0,0.0,1,2-0-1-3
independent,1234,vehicle_id_permuted,49,7.7045937,0.8,4,2,2,151.46583762019873,470.56446075439453,244.3914256989956,0.5559050172567368,0.73004436,703.54065,10,151,6.753958333334135,27.704594,20.0,65.056305,0.5,0.5068892240524292,uniform,uniform,10,0.0,0.0,0.0,1,2-0-1-3
independent,1234,vehicle_id_permuted,50,8.617698,0.7,6,6,6,136.85051449707575,429.42249298095703,254.2760247843606,0.5334045886993408,0.61952126,703.86334,10,151,6.753958333334135,38.6177,30.0,65.056305,0.5,0.5068892240524292,uniform,uniform,10,0.0,0.0,0.0,1,2-0-1-3
independent,1234,vehicle_id_permuted,51,8.960293,0.85,3,3,3,132.99894175108741,464.2302703857422,223.8922893299776,0.6178560495376587,0.5784385,573.9468,10,151,6.753958333334135,23.960297,15.000004,65.056305,0.5,0.5068892240524292,uniform,uniform,10,0.0,0.0,0.0,1,2-0-1-3
independent,1234,vehicle_id_permuted,52,9.789829,0.85,3,3,3,185.81174759303823,437.77052879333496,261.08133231892305,0.6212502300739289,0.62042063,544.01697,10,151,6.753958333334135,24.789833,15.000004,65.056305,0.5,0.5068892240524292,uniform,uniform,10,0.0,0.0,0.0,1,2-0-1-3
independent,1234,vehicle_id_permuted,53,8.883674,0.8,4,2,2,173.79489675164223,464.1295909881592,286.8486861884594,0.5868938237428665,0.6233464,650.9225,10,151,6.753958333334135,28.883675,20.0,65.056305,0.5,0.5068892240524292,uniform,uniform,10,0.0,0.0,0.0,1,2-0-1-3
independent,1234,vehicle_id_permuted,54,7.8613505,0.75,5,3,3,165.31483137607574,458.30291748046875,227.8639624118805,0.5001594066619873,0.7650561,793.9971,10,151,6.753958333334135,32.86135,25.0,65.056305,0.5,0.5068892240524292,uniform,uniform,10,0.0,0.0,0.0,1,2-0-1-3
independent,1234,vehicle_id_permuted,55,11.666285,0.90000004,2,2,2,185.058464606603,475.6119918823242,280.84959228833515,0.7116955161094666,0.28687587,405.15662,10,151,6.753958333334135,21.666288,10.000004,65.056305,0.5,0.5068892240524292,uniform,uniform,10,0.0,0.0,0.0,1,2-0-1-3
independent,1234,vehicle_id_permuted,56,8.994429,0.8,4,1,1,131.7294893413782,375.75822830200195,230.59421584010124,0.5783556699752808,0.5309518,617.5572,10,151,6.753958333334135,28.994427,19.999998,65.056305,0.5,0.5068892240524292,uniform,uniform,10,0.0,0.0,0.0,1,2-0-1-3
independent,1234,vehicle_id_permuted,57,9.516478,0.75,5,5,5,156.08601416647434,464.7326374053955,265.80530083179474,0.5770596534013748,0.53208774,672.00006,10,151,6.753958333334135,34.51648,25.000002,65.056305,0.5,0.5068892240524292,uniform,uniform,10,0.0,0.0,0.0,1,2-0-1-3
independent,1234,vehicle_id_permuted,58,8.360001,0.6,8,7,7,133.67086932063103,478.4718132019043,252.68040925264359,0.5196395695209504,0.80781937,816.00006,10,151,6.753958333334135,48.360004,40.000004,65.056305,0.5,0.5068892240524292,uniform,uniform,10,0.0,0.0,0.0,1,2-0-1-3
independent,1234,vehicle_id_permuted,59,9.698009,0.85,3,3,3,174.68382523340338,423.9408302307129,256.23637865571413,0.5905447006225586,0.418119,594.1543,10,151,6.753958333334135,24.698008,14.999999,65.056305,0.5,0.5068892240524292,uniform,uniform,10,0.0,0.0,0.0,1,2-0-1-3
independent,1234,vehicle_id_permuted,0,8.51092,1.0,0,0,0,159.60031655430794,479.5269012451172,211.64549034833908,0.6310515642166138,0.24046294,563.9079,10,151,6.459103333333142,8.5109215,1.9073486e-06,62.5214383333334,0.5,0.5068892240524292,uniform,uniform,10,0.0,0.0,0.0,2,2-0-3-1
independent,1234,vehicle_id_permuted,1,9.566437,0.65000004,7,6,6,134.24665331840515,476.97853088378906,261.3638267150292,0.5734263896942139,0.65059584,672.00006,10,151,6.459103333333142,44.56644,35.000004,62.5214383333334,0.5,0.5068892240524292,uniform,uniform,10,0.0,0.0,0.0,2,2-0-3-1
independent,1234,vehicle_id_permuted,2,9.492679,0.75,5,4,4,219.75830602645874,435.48248291015625,304.45823860168457,0.5768031120300293,0.55509084,624.0207,10,151,6.459103333333142,34.492676,24.999996,62.5214383333334,0.5,0.5068892240524292,uniform,uniform,10,0.0,0.0,0.0,2,2-0-3-1
independent,1234,vehicle_id_permuted,3,8.547138,0.7,6,6,6,140.2190898145948,427.3326587677002,256.07710463660106,0.5379462242126465,0.6713367,695.1434,10,151,6.459103333333142,38.547142,30.000004,62.5214383333334,0.5,0.5068892240524292,uniform,uniform,10,0.0,0.0,0.0,2,2-0-3-1
independent,1234,vehicle_id_permuted,4,7.3018637,0.75,5,5,5,177.25930225849152,479.14177894592285,269.012131690979,0.4865893304347992,0.85645694,858.2441,10,151,6.459103333333142,32.301865,25.0,62.5214383333334,0.5,0.5068892240524292,uniform,uniform,10,0.0,0.0,0.0,2,2-0-3-1
independent,1234,vehicle_id_permuted,5,7.260683,0.95,1,0,0,134.0526484815698,477.08913803100586,234.7592095952285,0.5668612062931061,0.60299784,684.71576,10,151,6.459103333333142,12.260683,5.0,62.5214383333334,0.5,0.5068892240524292,uniform,uniform,10,0.0,0.0,0.0,2,2-0-3-1
independent,1234,vehicle_id_permuted,6,9.080066,0.85,3,3,3,145.32512352747077,409.2011260986328,202.59547906763413,0.6027734279632568,0.5818798,570.6751,10,151,6.459103333333142,24.080063,14.999997,62.5214383333334,0.5,0.5068892240524292,uniform,uniform,10,0.0,0.0,0.0,2,2-0-3-1
independent,1234,vehicle_id_permuted,7,8.874909,0.85,3,0,0,197.99597350990072,463.9120674133301,294.2964842740227,0.5938402146100998,0.6423294,624.00006,10,151,6.459103333333142,23.874912,15.000003,62.5214383333334,0.5,0.5068892240524292,uniform,uniform,10,0.0,0.0,0.0,2,2-0-3-1
independent,1234,vehicle_id_permuted,8,10.020751,0.85,3,3,3,137.83707660787246,478.89604568481445,274.6572787621442,0.6262386381626129,0.5114967,572.518,10,151,6.459103333333142,25.020754,15.000003,62.5214383333334,0.5,0.5068892240524292,uniform,uniform,10,0.0,0.0,0.0,2,2-0-3-1
independent,1234,vehicle_id_permuted,9,8.208763,0.8,4,3,3,199.34360727667809,464.5602607727051,297.904437482357,0.5646138966083527,0.7285129,694.5621,10,151,6.459103333333142,28.208767,20.000004,62.5214383333334,0.5,0.5068892240524292,uniform,uniform,10,0.0,0.0,0.0,2,2-0-3-1
independent,1234,vehicle_id_permuted,10,9.571654,0.8,4,3,3,152.8176537528634,429.85499382019043,226.9899583607912,0.6187350749969482,0.57818145,540.0288,10,151,6.459103333333142,29.571657,20.000004,62.5214383333334,0.5,0.5068892240524292,uniform,uniform,10,0.0,0.0,0.0,2,2-0-3-1
independent,1234,vehicle_id_permuted,11,8.291812,0.8,4,3,3,160.00996381044388,467.7715015411377,246.9437413662672,0.5624753922224045,0.6932664,683.81885,10,151,6.459103333333142,28.291813,20.0,62.5214383333334,0.5,0.5068892240524292,uniform,uniform,10,0.0,0.0,0.0,2,2-0-3-1
independent,1234,vehicle_id_permuted,12,11.315208,0.95,1,1,1,166.93667819625452,437.85487174987793,280.72569495753237,0.6681131511926651,0.2998648,451.0777,10,151,6.459103333333142,16.315208,5.0,62.5214383333334,0.5,0.5068892240524292,uniform,uniform,10,0.0,0.0,0.0,2,2-0-3-1
independent,1234,vehicle_id_permuted,13,8.706152,0.65000004,7,7,7,165.48034250736237,421.48987770080566,250.38847198853125,0.5178138017654419,0.65933657,733.79767,10,151,6.459103333333142,43.70615,35.0,62.5214383333334,0.5,0.5068892240524292,uniform,uniform,10,0.0,0.0,0.0,2,2-0-3-1
independent,1234,vehicle_id_permuted,14,8.684261,0.85,3,2,2,176.3475880202125,478.4096431732178,254.24741169985603,0.6409584671258927,0.5987531,543.7695,10,151,6.459103333333142,23.684261,15.0,62.5214383333334,0.5,0.5068892240524292,uniform,uniform,10,0.0,0.0,0.0,2,2-0-3-1
independent,1234,vehicle_id_permuted,15,10.731088,0.90000004,2,2,2,121.95870568354924,441.66661262512207,213.7451821565628,0.7152327388525009,0.33018777,364.4199,10,151,6.459103333333142,20.731087,9.999999,62.5214383333334,0.5,0.5068892240524292,uniform,uniform,10,0.0,0.0,0.0,2,2-0-3-1
independent,1234,vehicle_id_permuted,16,8.125312,0.65000004,7,6,6,192.59121083296262,469.2126274108887,257.9582267541152,0.5326113879680634,0.7684741,743.46893,10,151,6.459103333333142,43.125313,35.0,62.5214383333334,0.5,0.5068892240524292,uniform,uniform,10,0.0,0.0,0.0,2,2-0-3-1
independent,1234,vehicle_id_permuted,17,9.616184,0.75,5,2,2,141.50174939632416,434.96352195739746,238.0359926223755,0.586240628361702,0.58545965,605.38165,10,151,6.459103333333142,34.616184,25.0,62.5214383333334,0.5,0.5068892240524292,uniform,uniform,10,0.0,0.0,0.0,2,2-0-3-1
independent,1234,vehicle_id_permuted,18,9.784552,0.8,4,3,3,179.37504708766937,447.8680229187012,291.90249636769295,0.5902348786592484,0.646791,612.1972,10,151,6.459103333333142,29.784555,20.000004,62.5214383333334,0.5,0.5068892240524292,uniform,uniform,10,0.0,0.0,0.0,2,2-0-3-1
independent,1234,vehicle_id_permuted,19,8.584934,0.7,6,3,3,174.37294466154916,420.256290435791,250.00753947666712,0.5500000715255737,0.6657795,672.00006,10,151,6.459103333333142,38.58493,29.999996,62.5214383333334,0.5,0.5068892240524292,uniform,uniform,10,0.0,0.0,0.0,2,2-0-3-1
independent,1234,vehicle_id_permuted,20,8.99,0.85,3,2,2,164.85207007211798,451.24749183654785,285.71585150326,0.5870260566473007,0.60026664,624.00006,10,151,6.459103333333142,23.99,15.0,62.5214383333334,0.5,0.5068892240524292,uniform,uniform,10,0.0,0.0,0.0,2,2-0-3-1
independent,1234,vehicle_id_permuted,21,7.6399994,0.6,8,4,4,140.46792536973953,471.9840431213379,266.57772719860077,0.5154360264539719,0.8157381,816.00006,10,151,6.459103333333142,47.639996,39.999996,62.5214383333334,0.5,0.5068892240524292,uniform,uniform,10,0.0,0.0,0.0,2,2-0-3-1
independent,1234,vehicle_id_permuted,22,9.360429,0.7,6,6,6,126.69267258473805,433.7812328338623,230.94164780208044,0.550927796959877,0.5306459,672.00006,10,151,6.459103333333142,39.36043,30.000004,62.5214383333334,0.5,0.5068892240524292,uniform,uniform,10,0.0,0.0,0.0,2,2-0-3-1
independent,1234,vehicle_id_permuted,23,8.227978,0.65000004,7,7,7,153.38269719710718,420.3764247894287,224.70098678882306,0.485599547624588,0.7280162,795.64905,10,151,6.459103333333142,43.22798,35.000004,62.5214383333334,0.5,0.5068892240524292,uniform,uniform,10,0.0,0.0,0.0,2,2-0-3-1
independent,1234,vehicle_id_permuted,24,8.571522,0.7,6,5,5,137.2412369932447,472.9217720031738,221.88997609274728,0.57816361784935,0.7007001,658.8477,10,151,6.459103333333142,38.571526,30.000004,62.5214383333334,0.5,0.5068892240524292,uniform,uniform,10,0.0,0.0,0.0,2,2-0-3-1
independent,1234,vehicle_id_permuted,25,8.404817,0.65000004,7,6,6,147.00558529450342,452.3004341125488,252.08096320812518,0.5240321099758148,0.6812301,742.15894,10,151,6.459103333333142,43.40482,35.000004,62.5214383333334,0.5,0.5068892240524292,uniform,uniform,10,0.0,0.0,0.0,2,2-0-3-1
independent,1234,vehicle_id_permuted,26,6.9501157,0.75,5,2,2,149.79701578617096,468.42095375061035,257.74910068511963,0.4709497421979904,0.91953707,867.9893,10,151,6.459103333333142,31.950115,25.0,62.5214383333334,0.5,0.5068892240524292,uniform,uniform,10,0.0,0.0,0.0,2,2-0-3-1
independent,1234,vehicle_id_permuted,27,7.883342,0.75,5,1,1,115.16662526130676,417.08407402038574,203.23601627349854,0.5392366051673889,0.66013974,692.66583,10,151,6.459103333333142,32.883343,25.0,62.5214383333334,0.5,0.5068892240524292,uniform,uniform,10,0.0,0.0,0.0,2,2-0-3-1
independent,1234,vehicle_id_permuted,28,8.22177,0.95,1,1,1,129.59767812176756,455.80533027648926,257.8482949733734,0.6006459176540375,0.61232114,607.0045,10,151,6.459103333333142,13.221769,4.999999,62.5214383333334,0.5,0.5068892240524292,uniform,uniform,10,0.0,0.0,0.0,2,2-0-3-1
independent,1234,vehicle_id_permuted,29,8.074165,0.85,3,3,3,174.9785420473884,478.0800533294678,296.9803127120523,0.5541793823242187,0.7641618,758.62494,10,151,6.459103333333142,23.074165,15.0,62.5214383333334,0.5,0.5068892240524292,uniform,uniform,10,0.0,0.0,0.0,2,2-0-3-1
independent,1234,vehicle_id_permuted,30,10.230949,0.90000004,2,1,1,131.8850964307785,473.708438873291,241.23038053512573,0.6920476496219635,0.28394273,440.97708,10,151,6.459103333333142,20.23095,10.0,62.5214383333334,0.5,0.5068892240524292,uniform,uniform,10,0.0,0.0,0.0,2,2-0-3-1
independent,1234,vehicle_id_permuted,31,7.986311,0.7,6,6,6,86.98475654636111,437.81785011291504,229.79320815631323,0.5064838618040085,0.76517934,761.36896,10,151,6.459103333333142,37.986313,30.000002,62.5214383333334,0.5,0.5068892240524292,uniform,uniform,10,0.0,0.0,0.0,2,2-0-3-1
independent,1234,vehicle_id_permuted,32,9.347242,0.75,5,4,4,188.60600590705872,438.7631034851074,262.0035560131073,0.5869472563266754,0.59227574,607.82446,10,151,6.459103333333142,34.34724,24.999998,62.5214383333334,0.5,0.5068892240524292,uniform,uniform,10,0.0,0.0,0.0,2,2-0-3-1
independent,1234,vehicle_id_permuted,33,6.0576124,0.8,4,3,3,151.34020417928696,457.58877754211426,274.0411904454231,0.4434769481420517,1.0009062,927.23883,10,151,6.459103333333142,26.057613,20.0,62.5214383333334,0.5,0.5068892240524292,uniform,uniform,10,0.0,0.0,0.0,2,2-0-3-1
independent,1234,vehicle_id_permuted,34,8.84,0.85,3,0,0,150.82319519099067,476.9992160797119,279.6036289719974,0.5863319903612136,0.6635327,672.00006,10,151,6.459103333333142,23.84,15.0,62.5214383333334,0.5,0.5068892240524292,uniform,uniform,10,0.0,0.0,0.0,2,2-0-3-1
independent,1234,vehicle_id_permuted,35,8.664735,0.65000004,7,3,3,139.59501564502716,426.1440181732178,262.03014850616455,0.5427178740501404,0.6623489,685.9819,10,151,6.459103333333142,43.664734,35.0,62.5214383333334,0.5,0.5068892240524292,uniform,uniform,10,0.0,0.0,0.0,2,2-0-3-1
independent,1234,vehicle_id_permuted,36,8.082137,0.7,6,5,5,157.97476140516144,442.26244926452637,219.75231094019753,0.5145627647638321,0.8248299,750.30206,10,151,6.459103333333142,38.082134,29.999996,62.5214383333334,0.5,0.5068892240524292,uniform,uniform,10,0.0,0.0,0.0,2,2-0-3-1
independent,1234,vehicle_id_permuted,37,9.441655,0.7,6,5,5,169.87684878919805,397.5174808502197,250.062267269407,0.5750000476837158,0.6090701,624.00006,10,151,6.459103333333142,39.441658,30.000004,62.5214383333334,0.5,0.5068892240524292,uniform,uniform,10,0.0,0.0,0.0,2,2-0-3-1
independent,1234,vehicle_id_permuted,38,8.959987,0.8,4,4,4,163.48616123199463,444.0879821777344,264.54024732112885,0.5547326445579529,0.663941,675.0014,10,151,6.459103333333142,28.959988,20.0,62.5214383333334,0.5,0.5068892240524292,uniform,uniform,10,0.0,0.0,0.0,2,2-0-3-1
independent,1234,vehicle_id_permuted,39,9.097158,0.7,6,2,2,186.78286135196686,461.3520812988281,269.1780592714037,0.5866580247879029,0.6122142,630.9689,10,151,6.459103333333142,39.09716,30.000002,62.5214383333334,0.5,0.5068892240524292,uniform,uniform,10,0.0,0.0,0.0,2,2-0-3-1
independent,1234,vehicle_id_permuted,40,9.898912,0.75,5,3,3,161.51498770713806,471.52064323425293,288.163507938385,0.6337730467319489,0.6276308,575.99994,10,151,6.459103333333142,34.89891,24.999998,62.5214383333334,0.5,0.5068892240524292,uniform,uniform,10,0.0,0.0,0.0,2,2-0-3-1
independent,1234,vehicle_id_permuted,41,6.1688237,0.75,5,4,4,136.81177669763565,479.28099632263184,233.53212070465088,0.4552796810865402,1.0105063,929.11774,10,151,6.459103333333142,31.168821,24.999998,62.5214383333334,0.5,0.5068892240524292,uniform,uniform,10,0.0,0.0,0.0,2,2-0-3-1
independent,1234,vehicle_id_permuted,42,6.303053,0.85,3,2,2,122.00367566417245,434.932165145874,237.1999052692862,0.4943945795297623,0.70900136,781.6948,10,151,6.459103333333142,21.303051,14.999998,62.5214383333334,0.5,0.5068892240524292,uniform,uniform,10,0.0,0.0,0.0,2,2-0-3-1
independent,1234,vehicle_id_permuted,43,9.379999,0.6,8,6,6,173.94428580999374,452.688045501709,248.9232376217842,0.5607750952243805,0.62969863,672.00006,10,151,6.459103333333142,49.379997,40.0,62.5214383333334,0.5,0.5068892240524292,uniform,uniform,10,0.0,0.0,0.0,2,2-0-3-1
independent,1234,vehicle_id_permuted,44,7.0876617,0.8,4,4,4,157.86976494826376,467.8997039794922,267.72609896957874,0.49194450974464415,0.8204062,834.0167,10,151,6.459103333333142,27.087662,20.0,62.5214383333334,0.5,0.5068892240524292,uniform,uniform,10,0.0,0.0,0.0,2,2-0-3-1
independent,1234,vehicle_id_permuted,45,9.232058,0.95,1,0,0,125.35367159466995,452.45816230773926,233.59300864370246,0.6264425605535507,0.48395178,545.6885,10,151,6.459103333333142,14.232057,4.999999,62.5214383333334,0.5,0.5068892240524292,uniform,uniform,10,0.0,0.0,0.0,2,2-0-3-1
independent,1234,vehicle_id_permuted,46,7.163515,0.75,5,3,3,101.82819998264313,431.6788673400879,199.12431478500366,0.4990030527114868,0.70906496,769.9143,10,151,6.459103333333142,32.163517,25.000002,62.5214383333334,0.5,0.5068892240524292,uniform,uniform,10,0.0,0.0,0.0,2,2-0-3-1
independent,1234,vehicle_id_permuted,47,9.805712,0.65000004,7,6,6,130.3542256813783,424.6157455444336,232.45709277116336,0.5750000476837158,0.50714725,624.00006,10,151,6.459103333333142,44.80571,35.0,62.5214383333334,0.5,0.5068892240524292,uniform,uniform,10,0.0,0.0,0.0,2,2-0-3-1
independent,1234,vehicle_id_permuted,48,8.510025,0.7,6,3,3,169.421911750521,468.7620735168457,258.2609714780535,0.5540931254625321,0.7131784,725.1169,10,151,6.459103333333142,38.510025,30.0,62.5214383333334,0.5,0.5068892240524292,uniform,uniform,10,0.0,0.0,0.0,2,2-0-3-1
independent,1234,vehicle_id_permuted,49,7.7045937,0.8,4,2,2,151.46583762019873,470.56446075439453,244.3914256989956,0.5559050172567368,0.7300443,703.54065,10,151,6.459103333333142,27.704596,20.000002,62.5214383333334,0.5,0.5068892240524292,uniform,uniform,10,0.0,0.0,0.0,2,2-0-3-1
independent,1234,vehicle_id_permuted,50,8.617698,0.7,6,6,6,136.85051449707575,429.42249298095703,254.2760247843606,0.5334045886993408,0.61952126,703.86334,10,151,6.459103333333142,38.6177,30.0,62.5214383333334,0.5,0.5068892240524292,uniform,uniform,10,0.0,0.0,0.0,2,2-0-3-1
independent,1234,vehicle_id_permuted,51,8.960293,0.85,3,3,3,132.99894175108741,464.2302703857422,223.8922893299776,0.6178560495376587,0.5784385,573.9468,10,151,6.459103333333142,23.960297,15.000004,62.5214383333334,0.5,0.5068892240524292,uniform,uniform,10,0.0,0.0,0.0,2,2-0-3-1
independent,1234,vehicle_id_permuted,52,9.789829,0.85,3,3,3,185.81174759303823,437.77052879333496,261.08133231892305,0.6212502300739289,0.62042063,544.01697,10,151,6.459103333333142,24.78983,15.0,62.5214383333334,0.5,0.5068892240524292,uniform,uniform,10,0.0,0.0,0.0,2,2-0-3-1
independent,1234,vehicle_id_permuted,53,8.883674,0.8,4,2,2,173.79489675164223,464.1295909881592,286.8486861884594,0.5868938237428665,0.6233464,650.9225,10,151,6.459103333333142,28.883677,20.000004,62.5214383333334,0.5,0.5068892240524292,uniform,uniform,10,0.0,0.0,0.0,2,2-0-3-1
independent,1234,vehicle_id_permuted,54,7.8613505,0.75,5,3,3,165.31483137607574,458.30291748046875,227.8639624118805,0.5001594066619873,0.7650561,793.9971,10,151,6.459103333333142,32.86135,25.0,62.5214383333334,0.5,0.5068892240524292,uniform,uniform,10,0.0,0.0,0.0,2,2-0-3-1
independent,1234,vehicle_id_permuted,55,11.666285,0.90000004,2,2,2,185.058464606603,475.6119918823242,280.84959228833515,0.7116955161094666,0.28687587,405.15662,10,151,6.459103333333142,21.666292,10.000008,62.5214383333334,0.5,0.5068892240524292,uniform,uniform,10,0.0,0.0,0.0,2,2-0-3-1
independent,1234,vehicle_id_permuted,56,8.994429,0.8,4,1,1,131.7294893413782,375.75822830200195,230.59421584010124,0.5783556699752808,0.5309518,617.5572,10,151,6.459103333333142,28.994427,19.999998,62.5214383333334,0.5,0.5068892240524292,uniform,uniform,10,0.0,0.0,0.0,2,2-0-3-1
independent,1234,vehicle_id_permuted,57,9.516478,0.75,5,5,5,156.08601416647434,464.7326374053955,265.80530083179474,0.5770596534013748,0.5320878,672.00006,10,151,6.459103333333142,34.51648,25.000002,62.5214383333334,0.5,0.5068892240524292,uniform,uniform,10,0.0,0.0,0.0,2,2-0-3-1
independent,1234,vehicle_id_permuted,58,8.360001,0.6,8,7,7,133.67086932063103,478.4718132019043,252.68040925264359,0.5196395695209504,0.80781937,816.00006,10,151,6.459103333333142,48.360004,40.000004,62.5214383333334,0.5,0.5068892240524292,uniform,uniform,10,0.0,0.0,0.0,2,2-0-3-1
independent,1234,vehicle_id_permuted,59,9.698009,0.85,3,3,3,174.68382523340338,423.9408302307129,256.23637865571413,0.5905447006225586,0.41811904,594.1543,10,151,6.459103333333142,24.698008,14.999999,62.5214383333334,0.5,0.5068892240524292,uniform,uniform,10,0.0,0.0,0.0,2,2-0-3-1
independent,1234,vehicle_id_permuted,0,8.51092,1.0,0,0,0,159.60031655430794,479.5269012451172,211.64549034833908,0.6310515642166138,0.24046297,563.9079,10,151,6.653628333334065,8.510921,9.536743e-07,63.74835333333332,0.5,0.5068892240524292,uniform,uniform,10,0.0,0.0,0.0,3,0-1-3-2
independent,1234,vehicle_id_permuted,1,9.566437,0.65000004,7,6,6,134.24665331840515,476.97853088378906,261.3638267150292,0.5734263896942139,0.65059584,672.00006,10,151,6.653628333334065,44.56644,35.000004,63.74835333333332,0.5,0.5068892240524292,uniform,uniform,10,0.0,0.0,0.0,3,0-1-3-2
independent,1234,vehicle_id_permuted,2,9.49268,0.75,5,4,4,219.75830602645874,435.48248291015625,304.45823860168457,0.5768031120300293,0.55509084,624.0207,10,151,6.653628333334065,34.49268,25.0,63.74835333333332,0.5,0.5068892240524292,uniform,uniform,10,0.0,0.0,0.0,3,0-1-3-2
independent,1234,vehicle_id_permuted,3,8.547138,0.7,6,6,6,140.2190898145948,427.3326587677002,256.07710463660106,0.5379462242126465,0.67133677,695.1434,10,151,6.653628333334065,38.547142,30.000004,63.74835333333332,0.5,0.5068892240524292,uniform,uniform,10,0.0,0.0,0.0,3,0-1-3-2
independent,1234,vehicle_id_permuted,4,7.3018637,0.75,5,5,5,177.25930225849152,479.14177894592285,269.012131690979,0.4865893304347992,0.85645694,858.2441,10,151,6.653628333334065,32.301865,25.0,63.74835333333332,0.5,0.5068892240524292,uniform,uniform,10,0.0,0.0,0.0,3,0-1-3-2
independent,1234,vehicle_id_permuted,5,7.2606826,0.95,1,0,0,134.0526484815698,477.08913803100586,234.7592095952285,0.5668612062931061,0.6029979,684.71576,10,151,6.653628333334065,12.260683,5.0000005,63.74835333333332,0.5,0.5068892240524292,uniform,uniform,10,0.0,0.0,0.0,3,0-1-3-2
independent,1234,vehicle_id_permuted,6,9.080066,0.85,3,3,3,145.32512352747077,409.2011260986328,202.59547906763413,0.6027734279632568,0.58187985,570.6751,10,151,6.653628333334065,24.080065,14.999999,63.74835333333332,0.5,0.5068892240524292,uniform,uniform,10,0.0,0.0,0.0,3,0-1-3-2
independent,1234,vehicle_id_permuted,7,8.874909,0.85,3,0,0,197.99597350990072,463.9120674133301,294.2964842740227,0.5938402146100998,0.6423294,624.00006,10,151,6.653628333334065,23.874912,15.000003,63.74835333333332,0.5,0.5068892240524292,uniform,uniform,10,0.0,0.0,0.0,3,0-1-3-2
independent,1234,vehicle_id_permuted,8,10.020751,0.85,3,3,3,137.83707660787246,478.89604568481445,274.6572787621442,0.6262386381626129,0.5114967,572.518,10,151,6.653628333334065,25.020754,15.000003,63.74835333333332,0.5,0.5068892240524292,uniform,uniform,10,0.0,0.0,0.0,3,0-1-3-2
independent,1234,vehicle_id_permuted,9,8.208763,0.8,4,3,3,199.34360727667809,464.5602607727051,297.904437482357,0.5646138966083527,0.72851276,694.5621,10,151,6.653628333334065,28.208767,20.000004,63.74835333333332,0.5,0.5068892240524292,uniform,uniform,10,0.0,0.0,0.0,3,0-1-3-2
independent,1234,vehicle_id_permuted,10,9.571653,0.8,4,3,3,152.8176537528634,429.85499382019043,226.9899583607912,0.6187350749969482,0.5781815,540.0288,10,151,6.653628333334065,29.571657,20.000004,63.74835333333332,0.5,0.5068892240524292,uniform,uniform,10,0.0,0.0,0.0,3,0-1-3-2
independent,1234,vehicle_id_permuted,11,8.291812,0.8,4,3,3,160.00996381044388,467.7715015411377,246.9437413662672,0.5624753922224045,0.6932664,683.81885,10,151,6.653628333334065,28.291807,19.999996,63.74835333333332,0.5,0.5068892240524292,uniform,uniform,10,0.0,0.0,0.0,3,0-1-3-2
independent,1234,vehicle_id_permuted,12,11.315208,0.95,1,1,1,166.93667819625452,437.85487174987793,280.72569495753237,0.6681131511926651,0.2998648,451.0777,10,151,6.653628333334065,16.315208,5.0,63.74835333333332,0.5,0.5068892240524292,uniform,uniform,10,0.0,0.0,0.0,3,0-1-3-2
independent,1234,vehicle_id_permuted,13,8.706152,0.65000004,7,7,7,165.48034250736237,421.48987770080566,250.38847198853125,0.5178138017654419,0.65933657,733.79767,10,151,6.653628333334065,43.70615,35.0,63.74835333333332,0.5,0.5068892240524292,uniform,uniform,10,0.0,0.0,0.0,3,0-1-3-2
independent,1234,vehicle_id_permuted,14,8.684261,0.85,3,2,2,176.3475880202125,478.4096431732178,254.24741169985603,0.6409584671258927,0.5987531,543.7695,10,151,6.653628333334065,23.684258,14.999996,63.74835333333332,0.5,0.5068892240524292,uniform,uniform,10,0.0,0.0,0.0,3,0-1-3-2
independent,1234,vehicle_id_permuted,15,10.731088,0.90000004,2,2,2,121.95870568354924,441.66661262512207,213.7451821565628,0.7152327388525009,0.33018777,364.4199,10,151,6.653628333334065,20.731087,9.999999,63.74835333333332,0.5,0.5068892240524292,uniform,uniform,10,0.0,0.0,0.0,3,0-1-3-2
independent,1234,vehicle_id_permuted,16,8.125311,0.65000004,7,6,6,192.59121083296262,469.2126274108887,257.9582267541152,0.5326113879680634,0.7684741,743.46893,10,151,6.653628333334065,43.125313,35.0,63.74835333333332,0.5,0.5068892240524292,uniform,uniform,10,0.0,0.0,0.0,3,0-1-3-2
independent,1234,vehicle_id_permuted,17,9.616183,0.75,5,2,2,141.50174939632416,434.96352195739746,238.0359926223755,0.586240628361702,0.5854597,605.38165,10,151,6.653628333334065,34.616184,25.0,63.74835333333332,0.5,0.5068892240524292,uniform,uniform,10,0.0,0.0,0.0,3,0-1-3-2
independent,1234,vehicle_id_permuted,18,9.784551,0.8,4,3,3,179.37504708766937,447.8680229187012,291.90249636769295,0.5902348786592484,0.646791,612.1972,10,151,6.653628333334065,29.784555,20.000004,63.74835333333332,0.5,0.5068892240524292,uniform,uniform,10,0.0,0.0,0.0,3,0-1-3-2
independent,1234,vehicle_id_permuted,19,8.584934,0.7,6,3,3,174.37294466154916,420.256290435791,250.00753947666712,0.5500000715255737,0.6657795,672.00006,10,151,6.653628333334065,38.58493,29.999996,63.74835333333332,0.5,0.5068892240524292,uniform,uniform,10,0.0,0.0,0.0,3,0-1-3-2
independent,1234,vehicle_id_permuted,20,8.99,0.85,3,2,2,164.85207007211798,451.24749183654785,285.71585150326,0.5870260566473007,0.60026664,624.00006,10,151,6.653628333334065,23.989998,14.999998,63.74835333333332,0.5,0.5068892240524292,uniform,uniform,10,0.0,0.0,0.0,3,0-1-3-2
independent,1234,vehicle_id_permuted,21,7.64,0.6,8,4,4,140.46792536973953,471.9840431213379,266.57772719860077,0.5154360264539719,0.8157381,816.00006,10,151,6.653628333334065,47.639996,39.999996,63.74835333333332,0.5,0.5068892240524292,uniform,uniform,10,0.0,0.0,0.0,3,0-1-3-2
independent,1234,vehicle_id_permuted,22,9.360429,0.7,6,6,6,126.69267258473805,433.7812328338623,230.94164780208044,0.550927796959877,0.53064585,672.00006,10,151,6.653628333334065,39.360435,30.000008,63.74835333333332,0.5,0.5068892240524292,uniform,uniform,10,0.0,0.0,0.0,3,0-1-3-2
independent,1234,vehicle_id_permuted,23,8.227978,0.65000004,7,7,7,153.38269719710718,420.3764247894287,224.70098678882306,0.4855995178222656,0.7280162,795.64905,10,151,6.653628333334065,43.22798,35.000004,63.74835333333332,0.5,0.5068892240524292,uniform,uniform,10,0.0,0.0,0.0,3,0-1-3-2
independent,1234,vehicle_id_permuted,24,8.571522,0.7,6,5,5,137.2412369932447,472.9217720031738,221.88997609274728,0.57816361784935,0.7007001,658.8477,10,151,6.653628333334065,38.571526,30.000004,63.74835333333332,0.5,0.5068892240524292,uniform,uniform,10,0.0,0.0,0.0,3,0-1-3-2
independent,1234,vehicle_id_permuted,25,8.404817,0.65000004,7,6,6,147.00558529450342,452.3004341125488,252.08096320812518,0.5240321099758148,0.6812301,742.15894,10,151,6.653628333334065,43.40482,35.000004,63.74835333333332,0.5,0.5068892240524292,uniform,uniform,10,0.0,0.0,0.0,3,0-1-3-2
independent,1234,vehicle_id_permuted,26,6.9501157,0.75,5,2,2,149.79701578617096,468.42095375061035,257.74910068511963,0.4709497421979904,0.919537,867.9893,10,151,6.653628333334065,31.950115,25.0,63.74835333333332,0.5,0.5068892240524292,uniform,uniform,10,0.0,0.0,0.0,3,0-1-3-2
independent,1234,vehicle_id_permuted,27,7.8833423,0.75,5,1,1,115.16662526130676,417.08407402038574,203.23601627349854,0.5392366051673889,0.66013974,692.66583,10,151,6.653628333334065,32.883343,25.0,63.74835333333332,0.5,0.5068892240524292,uniform,uniform,10,0.0,0.0,0.0,3,0-1-3-2
independent,1234,vehicle_id_permuted,28,8.22177,0.95,1,1,1,129.59767812176756,455.80533027648926,257.8482949733734,0.6006459176540375,0.61232114,607.0046,10,151,6.653628333334065,13.221769,4.999999,63.74835333333332,0.5,0.5068892240524292,uniform,uniform,10,0.0,0.0,0.0,3,0-1-3-2
independent,1234,vehicle_id_permuted,29,8.074165,0.85,3,3,3,174.9785420473884,478.0800533294678,296.9803127120523,0.5541793823242187,0.7641619,758.62494,10,151,6.653628333334065,23.074163,14.999998,63.74835333333332,0.5,0.5068892240524292,uniform,uniform,10,0.0,0.0,0.0,3,0-1-3-2
independent,1234,vehicle_id_permuted,30,10.230948,0.90000004,2,1,1,131.8850964307785,473.708438873291,241.23038053512573,0.6920476496219635,0.28394273,440.97708,10,151,6.653628333334065,20.23095,10.000001,63.74835333333332,0.5,0.5068892240524292,uniform,uniform,10,0.0,0.0,0.0,3,0-1-3-2
independent,1234,vehicle_id_permuted,31,7.986311,0.7,6,6,6,86.98475654636111,437.81785011291504,229.79320815631323,0.5064838618040085,0.7651793,761.36896,10,151,6.653628333334065,37.986313,30.000002,63.74835333333332,0.5,0.5068892240524292,uniform,uniform,10,0.0,0.0,0.0,3,0-1-3-2
independent,1234,vehicle_id_permuted,32,9.347242,0.75,5,4,4,188.60600590705872,438.7631034851074,262.0035560131073,0.5869472563266754,0.59227574,607.82446,10,151,6.653628333334065,34.34724,24.999998,63.74835333333332,0.5,0.5068892240524292,uniform,uniform,10,0.0,0.0,0.0,3,0-1-3-2
independent,1234,vehicle_id_permuted,33,6.0576124,0.8,4,3,3,151.34020417928696,457.58877754211426,274.0411904454231,0.4434769481420517,1.0009062,927.23883,10,151,6.653628333334065,26.057613,20.0,63.74835333333332,0.5,0.5068892240524292,uniform,uniform,10,0.0,0.0,0.0,3,0-1-3-2
independent,1234,vehicle_id_permuted,34,8.84,0.85,3,0,0,150.82319519099067,476.9992160797119,279.6036289719974,0.5863319903612136,0.6635327,672.00006,10,151,6.653628333334065,23.84,15.0,63.74835333333332,0.5,0.5068892240524292,uniform,uniform,10,0.0,0.0,0.0,3,0-1-3-2
independent,1234,vehicle_id_permuted,35,8.664735,0.65000004,7,3,3,139.59501564502716,426.1440181732178,262.03014850616455,0.5427178740501404,0.6623489,685.9819,10,151,6.653628333334065,43.664734,35.0,63.74835333333332,0.5,0.5068892240524292,uniform,uniform,10,0.0,0.0,0.0,3,0-1-3-2
independent,1234,vehicle_id_permuted,36,8.082137,0.7,6,5,5,157.97476140516144,442.26244926452637,219.75231094019753,0.5145627647638321,0.8248299,750.30206,10,151,6.653628333334065,38.082134,29.999996,63.74835333333332,0.5,0.5068892240524292,uniform,uniform,10,0.0,0.0,0.0,3,0-1-3-2
independent,1234,vehicle_id_permuted,37,9.441655,0.7,6,5,5,169.87684878919805,397.5174808502197,250.062267269407,0.5750000476837158,0.6090701,624.00006,10,151,6.653628333334065,39.441658,30.000004,63.74835333333332,0.5,0.5068892240524292,uniform,uniform,10,0.0,0.0,0.0,3,0-1-3-2
independent,1234,vehicle_id_permuted,38,8.959988,0.8,4,4,4,163.48616123199463,444.0879821777344,264.54024732112885,0.5547326445579529,0.66394097,675.0014,10,151,6.653628333334065,28.959988,20.0,63.74835333333332,0.5,0.5068892240524292,uniform,uniform,10,0.0,0.0,0.0,3,0-1-3-2
independent,1234,vehicle_id_permuted,39,9.097158,0.7,6,2,2,186.78286135196686,461.3520812988281,269.1780592714037,0.5866580247879029,0.6122142,630.9689,10,151,6.653628333334065,39.09716,30.000002,63.74835333333332,0.5,0.5068892240524292,uniform,uniform,10,0.0,0.0,0.0,3,0-1-3-2
independent,1234,vehicle_id_permuted,40,9.898912,0.75,5,3,3,161.51498770713806,471.52064323425293,288.163507938385,0.6337730467319489,0.6276308,575.99994,10,151,6.653628333334065,34.89891,24.999998,63.74835333333332,0.5,0.5068892240524292,uniform,uniform,10,0.0,0.0,0.0,3,0-1-3-2
independent,1234,vehicle_id_permuted,41,6.1688237,0.75,5,4,4,136.81177669763565,479.28099632263184,233.53212070465088,0.4552796810865402,1.0105063,929.11774,10,151,6.653628333334065,31.168821,24.999998,63.74835333333332,0.5,0.5068892240524292,uniform,uniform,10,0.0,0.0,0.0,3,0-1-3-2
independent,1234,vehicle_id_permuted,42,6.303053,0.85,3,2,2,122.00367566417245,434.932165145874,237.1999052692862,0.4943945795297623,0.70900136,781.6948,10,151,6.653628333334065,21.303051,14.999998,63.74835333333332,0.5,0.5068892240524292,uniform,uniform,10,0.0,0.0,0.0,3,0-1-3-2
independent,1234,vehicle_id_permuted,43,9.38,0.6,8,6,6,173.94428580999374,452.688045501709,248.9232376217842,0.5607750952243805,0.6296986,672.00006,10,151,6.653628333334065,49.379997,39.999996,63.74835333333332,0.5,0.5068892240524292,uniform,uniform,10,0.0,0.0,0.0,3,0-1-3-2
independent,1234,vehicle_id_permuted,44,7.0876617,0.8,4,4,4,157.86976494826376,467.8997039794922,267.72609896957874,0.49194453954696654,0.8204062,834.0167,10,151,6.653628333334065,27.087662,20.0,63.74835333333332,0.5,0.5068892240524292,uniform,uniform,10,0.0,0.0,0.0,3,0-1-3-2
independent,1234,vehicle_id_permuted,45,9.232058,0.95,1,0,0,125.35367159466995,452.45816230773926,233.59300864370246,0.6264425605535507,0.48395178,545.6885,10,151,6.653628333334065,14.232057,4.999999,63.74835333333332,0.5,0.5068892240524292,uniform,uniform,10,0.0,0.0,0.0,3,0-1-3-2
independent,1234,vehicle_id_permuted,46,7.163515,0.75,5,3,3,101.82819998264313,431.6788673400879,199.12431478500366,0.4990030527114868,0.70906484,769.9143,10,151,6.653628333334065,32.163517,25.000002,63.74835333333332,0.5,0.5068892240524292,uniform,uniform,10,0.0,0.0,0.0,3,0-1-3-2
independent,1234,vehicle_id_permuted,47,9.805712,0.65000004,7,6,6,130.3542256813783,424.6157455444336,232.45709277116336,0.5750000476837158,0.50714725,624.00006,10,151,6.653628333334065,44.80571,35.0,63.74835333333332,0.5,0.5068892240524292,uniform,uniform,10,0.0,0.0,0.0,3,0-1-3-2
independent,1234,vehicle_id_permuted,48,8.510025,0.7,6,3,3,169.421911750521,468.7620735168457,258.2609714780535,0.5540931254625321,0.71317846,725.1169,10,151,6.653628333334065,38.510025,30.0,63.74835333333332,0.5,0.5068892240524292,uniform,uniform,10,0.0,0.0,0.0,3,0-1-3-2
independent,1234,vehicle_id_permuted,49,7.7045937,0.8,4,2,2,151.46583762019873,470.56446075439453,244.3914256989956,0.5559050172567368,0.73004436,703.54065,10,151,6.653628333334065,27.704594,20.0,63.74835333333332,0.5,0.5068892240524292,uniform,uniform,10,0.0,0.0,0.0,3,0-1-3-2
independent,1234,vehicle_id_permuted,50,8.617698,0.7,6,6,6,136.85051449707575,429.42249298095703,254.2760247843606,0.5334045886993408,0.61952126,703.86334,10,151,6.653628333334065,38.6177,30.0,63.74835333333332,0.5,0.5068892240524292,uniform,uniform,10,0.0,0.0,0.0,3,0-1-3-2
independent,1234,vehicle_id_permuted,51,8.960293,0.85,3,3,3,132.99894175108741,464.2302703857422,223.8922893299776,0.6178560495376587,0.5784385,573.9468,10,151,6.653628333334065,23.960297,15.000004,63.74835333333332,0.5,0.5068892240524292,uniform,uniform,10,0.0,0.0,0.0,3,0-1-3-2
independent,1234,vehicle_id_permuted,52,9.789829,0.85,3,3,3,185.81174759303823,437.77052879333496,261.08133231892305,0.6212502300739289,0.62042063,544.01697,10,151,6.653628333334065,24.789833,15.000004,63.74835333333332,0.5,0.5068892240524292,uniform,uniform,10,0.0,0.0,0.0,3,0-1-3-2
independent,1234,vehicle_id_permuted,53,8.883674,0.8,4,2,2,173.79489675164223,464.1295909881592,286.8486861884594,0.5868938237428665,0.6233464,650.9225,10,151,6.653628333334065,28.883675,20.0,63.74835333333332,0.5,0.5068892240524292,uniform,uniform,10,0.0,0.0,0.0,3,0-1-3-2
independent,1234,vehicle_id_permuted,54,7.8613505,0.75,5,3,3,165.31483137607574,458.30291748046875,227.8639624118805,0.5001594066619873,0.765056,793.9971,10,151,6.653628333334065,32.86135,25.0,63.74835333333332,0.5,0.5068892240524292,uniform,uniform,10,0.0,0.0,0.0,3,0-1-3-2
independent,1234,vehicle_id_permuted,55,11.666285,0.90000004,2,2,2,185.058464606603,475.6119918823242,280.84959228833515,0.7116955161094666,0.28687587,405.15662,10,151,6.653628333334065,21.666288,10.000004,63.74835333333332,0.5,0.5068892240524292,uniform,uniform,10,0.0,0.0,0.0,3,0-1-3-2
independent,1234,vehicle_id_permuted,56,8.994429,0.8,4,1,1,131.7294893413782,375.75822830200195,230.59421584010124,0.5783556699752808,0.53095186,617.5572,10,151,6.653628333334065,28.994427,19.999998,63.74835333333332,0.5,0.5068892240524292,uniform,uniform,10,0.0,0.0,0.0,3,0-1-3-2
independent,1234,vehicle_id_permuted,57,9.516478,0.75,5,5,5,156.08601416647434,464.7326374053955,265.80530083179474,0.5770596534013748,0.53208774,672.00006,10,151,6.653628333334065,34.51648,25.000002,63.74835333333332,0.5,0.5068892240524292,uniform,uniform,10,0.0,0.0,0.0,3,0-1-3-2
independent,1234,vehicle_id_permuted,58,8.360001,0.6,8,7,7,133.67086932063103,478.4718132019043,252.68040925264359,0.5196395695209504,0.80781937,816.00006,10,151,6.653628333334065,48.360004,40.000004,63.74835333333332,0.5,0.5068892240524292,uniform,uniform,10,0.0,0.0,0.0,3,0-1-3-2
independent,1234,vehicle_id_permuted,59,9.698009,0.85,3,3,3,174.68382523340338,423.9408302307129,256.23637865571413,0.5905447006225586,0.418119,594.1543,10,151,6.653628333334065,24.698008,14.999999,63.74835333333332,0.5,0.5068892240524292,uniform,uniform,10,0.0,0.0,0.0,3,0-1-3-2
independent,1234,vehicle_id_permuted,0,8.51092,1.0,0,0,0,159.60031655430794,479.5269012451172,211.64549034833908,0.6310515642166138,0.24046297,563.9079,10,151,6.487636666668924,8.510923,3.8146973e-06,63.01065333333339,0.5,0.5068892240524292,uniform,uniform,10,0.0,0.0,0.0,4,1-0-2-3
independent,1234,vehicle_id_permuted,1,9.566437,0.65000004,7,6,6,134.24665331840515,476.97853088378906,261.3638267150292,0.5734263896942139,0.65059584,672.00006,10,151,6.487636666668924,44.566437,35.0,63.01065333333339,0.5,0.5068892240524292,uniform,uniform,10,0.0,0.0,0.0,4,1-0-2-3
independent,1234,vehicle_id_permuted,2,9.49268,0.75,5,4,4,219.75830602645874,435.48248291015625,304.45823860168457,0.5768031120300293,0.55509084,624.0207,10,151,6.487636666668924,34.49268,25.0,63.01065333333339,0.5,0.5068892240524292,uniform,uniform,10,0.0,0.0,0.0,4,1-0-2-3
independent,1234,vehicle_id_permuted,3,8.547138,0.7,6,6,6,140.2190898145948,427.3326587677002,256.07710463660106,0.5379462242126465,0.6713367,695.1434,10,151,6.487636666668924,38.547142,30.000004,63.01065333333339,0.5,0.5068892240524292,uniform,uniform,10,0.0,0.0,0.0,4,1-0-2-3
independent,1234,vehicle_id_permuted,4,7.3018637,0.75,5,5,5,177.25930225849152,479.14177894592285,269.012131690979,0.4865893304347992,0.85645694,858.2441,10,151,6.487636666668924,32.301865,25.0,63.01065333333339,0.5,0.5068892240524292,uniform,uniform,10,0.0,0.0,0.0,4,1-0-2-3
independent,1234,vehicle_id_permuted,5,7.2606826,0.95,1,0,0,134.0526484815698,477.08913803100586,234.7592095952285,0.5668612062931061,0.6029979,684.71576,10,151,6.487636666668924,12.260683,5.0000005,63.01065333333339,0.5,0.5068892240524292,uniform,uniform,10,0.0,0.0,0.0,4,1-0-2-3
independent,1234,vehicle_id_permuted,6,9.080066,0.85,3,3,3,145.32512352747077,409.2011260986328,202.59547906763413,0.6027734279632568,0.58187985,570.6751,10,151,6.487636666668924,24.080065,14.999999,63.01065333333339,0.5,0.5068892240524292,uniform,uniform,10,0.0,0.0,0.0,4,1-0-2-3
independent,1234,vehicle_id_permuted,7,8.874909,0.85,3,0,0,197.99597350990072,463.9120674133301,294.2964842740227,0.5938402146100998,0.6423294,624.00006,10,151,6.487636666668924,23.874912,15.000003,63.01065333333339,0.5,0.5068892240524292,uniform,uniform,10,0.0,0.0,0.0,4,1-0-2-3
independent,1234,vehicle_id_permuted,8,10.020751,0.85,3,3,3,137.83707660787246,478.89604568481445,274.6572787621442,0.6262386381626129,0.5114967,572.518,10,151,6.487636666668924,25.020754,15.000003,63.01065333333339,0.5,0.5068892240524292,uniform,uniform,10,0.0,0.0,0.0,4,1-0-2-3
independent,1234,vehicle_id_permuted,9,8.208763,0.8,4,3,3,199.34360727667809,464.5602607727051,297.904437482357,0.5646138966083527,0.72851276,694.5621,10,151,6.487636666668924,28.208765,20.000002,63.01065333333339,0.5,0.5068892240524292,uniform,uniform,10,0.0,0.0,0.0,4,1-0-2-3
independent,1234,vehicle_id_permuted,10,9.571653,0.8,4,3,3,152.8176537528634,429.85499382019043,226.9899583607912,0.6187350749969482,0.5781815,540.0288,10,151,6.487636666668924,29.571657,20.000004,63.01065333333339,0.5,0.5068892240524292,uniform,uniform,10,0.0,0.0,0.0,4,1-0-2-3
independent,1234,vehicle_id_permuted,11,8.291812,0.8,4,3,3,160.00996381044388,467.7715015411377,246.9437413662672,0.5624753922224045,0.6932664,683.81885,10,151,6.487636666668924,28.29181,19.999996,63.01065333333339,0.5,0.5068892240524292,uniform,uniform,10,0.0,0.0,0.0,4,1-0-2-3
independent,1234,vehicle_id_permuted,12,11.315208,0.95,1,1,1,166.93667819625452,437.85487174987793,280.72569495753237,0.6681131511926651,0.2998648,451.0777,10,151,6.487636666668924,16.315208,5.0,63.01065333333339,0.5,0.5068892240524292,uniform,uniform,10,0.0,0.0,0.0,4,1-0-2-3
independent,1234,vehicle_id_permuted,13,8.706152,0.65000004,7,7,7,165.48034250736237,421.48987770080566,250.38847198853125,0.5178138017654419,0.65933657,733.79767,10,151,6.487636666668924,43.70615,35.0,63.01065333333339,0.5,0.5068892240524292,uniform,uniform,10,0.0,0.0,0.0,4,1-0-2-3
independent,1234,vehicle_id_permuted,14,8.684261,0.85,3,2,2,176.3475880202125,478.4096431732178,254.24741169985603,0.6409584671258927,0.5987531,543.7695,10,151,6.487636666668924,23.684261,15.0,63.01065333333339,0.5,0.5068892240524292,uniform,uniform,10,0.0,0.0,0.0,4,1-0-2-3
independent,1234,vehicle_id_permuted,15,10.731088,0.90000004,2,2,2,121.95870568354924,441.66661262512207,213.7451821565628,0.7152327388525009,0.33018777,364.4199,10,151,6.487636666668924,20.731087,9.999999,63.01065333333339,0.5,0.5068892240524292,uniform,uniform,10,0.0,0.0,0.0,4,1-0-2-3
independent,1234,vehicle_id_permuted,16,8.125311,0.65000004,7,6,6,192.59121083296262,469.2126274108887,257.9582267541152,0.5326113879680634,0.7684741,743.46893,10,151,6.487636666668924,43.125313,35.0,63.01065333333339,0.5,0.5068892240524292,uniform,uniform,10,0.0,0.0,0.0,4,1-0-2-3
independent,1234,vehicle_id_permuted,17,9.616183,0.75,5,2,2,141.50174939632416,434.96352195739746,238.0359926223755,0.586240628361702,0.5854597,605.38165,10,151,6.487636666668924,34.616184,25.0,63.01065333333339,0.5,0.5068892240524292,uniform,uniform,10,0.0,0.0,0.0,4,1-0-2-3
independent,1234,vehicle_id_permuted,18,9.784551,0.8,4,3,3,179.37504708766937,447.8680229187012,291.90249636769295,0.5902348786592484,0.646791,612.1972,10,151,6.487636666668924,29.784552,20.0,63.01065333333339,0.5,0.5068892240524292,uniform,uniform,10,0.0,0.0,0.0,4,1-0-2-3
independent,1234,vehicle_id_permuted,19,8.584934,0.7,6,3,3,174.37294466154916,420.256290435791,250.00753947666712,0.5500000715255737,0.6657795,672.00006,10,151,6.487636666668924,38.58493,29.999996,63.01065333333339,0.5,0.5068892240524292,uniform,uniform,10,0.0,0.0,0.0,4,1-0-2-3
independent,1234,vehicle_id_permuted,20,8.99,0.85,3,2,2,164.85207007211798,451.24749183654785,285.71585150326,0.5870260566473007,0.60026664,624.00006,10,151,6.487636666668924,23.989998,14.999998,63.01065333333339,0.5,0.5068892240524292,uniform,uniform,10,0.0,0.0,0.0,4,1-0-2-3
independent,1234,vehicle_id_permuted,21,7.64,0.6,8,4,4,140.46792536973953,471.9840431213379,266.57772719860077,0.5154360264539719,0.8157381,816.00006,10,151,6.487636666668924,47.639996,39.999996,63.01065333333339,0.5,0.5068892240524292,uniform,uniform,10,0.0,0.0,0.0,4,1-0-2-3
independent,1234,vehicle_id_permuted,22,9.360429,0.7,6,6,6,126.69267258473805,433.7812328338623,230.94164780208044,0.550927796959877,0.53064585,672.00006,10,151,6.487636666668924,39.360428,30.0,63.01065333333339,0.5,0.5068892240524292,uniform,uniform,10,0.0,0.0,0.0,4,1-0-2-3
independent,1234,vehicle_id_permuted,23,8.227978,0.65000004,7,7,7,153.38269719710718,420.3764247894287,224.70098678882306,0.4855995178222656,0.7280162,795.64905,10,151,6.487636666668924,43.227985,35.000008,63.01065333333339,0.5,0.5068892240524292,uniform,uniform,10,0.0,0.0,0.0,4,1-0-2-3
independent,1234,vehicle_id_permuted,24,8.571522,0.7,6,5,5,137.2412369932447,472.9217720031738,221.88997609274728,0.57816361784935,0.7007001,658.8477,10,151,6.487636666668924,38.571526,30.000004,63.01065333333339,0.5,0.5068892240524292,uniform,uniform,10,0.0,0.0,0.0,4,1-0-2-3
independent,1234,vehicle_id_permuted,25,8.404817,0.65000004,7,6,6,147.00558529450342,452.3004341125488,252.08096320812518,0.5240321099758148,0.6812301,742.15894,10,151,6.487636666668924,43.404816,35.0,63.01065333333339,0.5,0.5068892240524292,uniform,uniform,10,0.0,0.0,0.0,4,1-0-2-3
independent,1234,vehicle_id_permuted,26,6.9501157,0.75,5,2,2,149.79701578617096,468.42095375061035,257.74910068511963,0.4709497421979904,0.919537,867.9893,10,151,6.487636666668924,31.950115,25.0,63.01065333333339,0.5,0.5068892240524292,uniform,uniform,10,0.0,0.0,0.0,4,1-0-2-3
independent,1234,vehicle_id_permuted,27,7.8833423,0.75,5,1,1,115.16662526130676,417.08407402038574,203.23601627349854,0.5392366051673889,0.66013974,692.66583,10,151,6.487636666668924,32.883343,25.0,63.01065333333339,0.5,0.5068892240524292,uniform,uniform,10,0.0,0.0,0.0,4,1-0-2-3
independent,1234,vehicle_id_permuted,28,8.22177,0.95,1,1,1,129.59767812176756,455.80533027648926,257.8482949733734,0.6006459176540375,0.61232114,607.0046,10,151,6.487636666668924,13.221769,4.999999,63.01065333333339,0.5,0.5068892240524292,uniform,uniform,10,0.0,0.0,0.0,4,1-0-2-3
independent,1234,vehicle_id_permuted,29,8.074165,0.85,3,3,3,174.9785420473884,478.0800533294678,296.9803127120523,0.5541793823242187,0.7641619,758.62494,10,151,6.487636666668924,23.074163,14.999998,63.01065333333339,0.5,0.5068892240524292,uniform,uniform,10,0.0,0.0,0.0,4,1-0-2-3
independent,1234,vehicle_id_permuted,30,10.230948,0.90000004,2,1,1,131.8850964307785,473.708438873291,241.23038053512573,0.6920476496219635,0.28394273,440.97708,10,151,6.487636666668924,20.23095,10.000001,63.01065333333339,0.5,0.5068892240524292,uniform,uniform,10,0.0,0.0,0.0,4,1-0-2-3
independent,1234,vehicle_id_permuted,31,7.986311,0.7,6,6,6,86.98475654636111,437.81785011291504,229.79320815631323,0.5064838618040085,0.7651793,761.36896,10,151,6.487636666668924,37.986313,30.000002,63.01065333333339,0.5,0.5068892240524292,uniform,uniform,10,0.0,0.0,0.0,4,1-0-2-3
independent,1234,vehicle_id_permuted,32,9.347242,0.75,5,4,4,188.60600590705872,438.7631034851074,262.0035560131073,0.5869472563266754,0.59227574,607.82446,10,151,6.487636666668924,34.34724,24.999998,63.01065333333339,0.5,0.5068892240524292,uniform,uniform,10,0.0,0.0,0.0,4,1-0-2-3
independent,1234,vehicle_id_permuted,33,6.0576124,0.8,4,3,3,151.34020417928696,457.58877754211426,274.0411904454231,0.4434769481420517,1.0009062,927.23883,10,151,6.487636666668924,26.057613,20.0,63.01065333333339,0.5,0.5068892240524292,uniform,uniform,10,0.0,0.0,0.0,4,1-0-2-3
independent,1234,vehicle_id_permuted,34,8.84,0.85,3,0,0,150.82319519099067,476.9992160797119,279.6036289719974,0.5863319903612136,0.6635327,672.00006,10,151,6.487636666668924,23.84,15.0,63.01065333333339,0.5,0.5068892240524292,uniform,uniform,10,0.0,0.0,0.0,4,1-0-2-3
independent,1234,vehicle_id_permuted,35,8.664735,0.65000004,7,3,3,139.59501564502716,426.1440181732178,262.03014850616455,0.5427178740501404,0.66234887,685.9819,10,151,6.487636666668924,43.664734,35.0,63.01065333333339,0.5,0.5068892240524292,uniform,uniform,10,0.0,0.0,0.0,4,1-0-2-3
independent,1234,vehicle_id_permuted,36,8.082137,0.7,6,5,5,157.97476140516144,442.26244926452637,219.75231094019753,0.5145627647638321,0.8248299,750.30206,10,151,6.487636666668924,38.082134,29.999996,63.01065333333339,0.5,0.5068892240524292,uniform,uniform,10,0.0,0.0,0.0,4,1-0-2-3
independent,1234,vehicle_id_permuted,37,9.441655,0.7,6,5,5,169.87684878919805,397.5174808502197,250.062267269407,0.5750000476837158,0.6090701,624.00006,10,151,6.487636666668924,39.441658,30.000004,63.01065333333339,0.5,0.5068892240524292,uniform,uniform,10,0.0,0.0,0.0,4,1-0-2-3
independent,1234,vehicle_id_permuted,38,8.959988,0.8,4,4,4,163.48616123199463,444.0879821777344,264.54024732112885,0.5547326445579529,0.66394097,675.0014,10,151,6.487636666668924,28.959984,19.999996,63.01065333333339,0.5,0.5068892240524292,uniform,uniform,10,0.0,0.0,0.0,4,1-0-2-3
independent,1234,vehicle_id_permuted,39,9.097158,0.7,6,2,2,186.78286135196686,461.3520812988281,269.1780592714037,0.5866580247879029,0.6122142,630.9689,10,151,6.487636666668924,39.09716,30.000002,63.01065333333339,0.5,0.5068892240524292,uniform,uniform,10,0.0,0.0,0.0,4,1-0-2-3
independent,1234,vehicle_id_permuted,40,9.898912,0.75,5,3,3,161.51498770713806,471.52064323425293,288.163507938385,0.6337730467319489,0.6276308,575.99994,10,151,6.487636666668924,34.89891,24.999998,63.01065333333339,0.5,0.5068892240524292,uniform,uniform,10,0.0,0.0,0.0,4,1-0-2-3
independent,1234,vehicle_id_permuted,41,6.1688237,0.75,5,4,4,136.81177669763565,479.28099632263184,233.53212070465088,0.4552796810865402,1.0105063,929.11774,10,151,6.487636666668924,31.168821,24.999998,63.01065333333339,0.5,0.5068892240524292,uniform,uniform,10,0.0,0.0,0.0,4,1-0-2-3
independent,1234,vehicle_id_permuted,42,6.303053,0.85,3,2,2,122.00367566417245,434.932165145874,237.1999052692862,0.4943945795297623,0.70900136,781.6948,10,151,6.487636666668924,21.303051,14.999998,63.01065333333339,0.5,0.5068892240524292,uniform,uniform,10,0.0,0.0,0.0,4,1-0-2-3
independent,1234,vehicle_id_permuted,43,9.38,0.6,8,6,6,173.94428580999374,452.688045501709,248.9232376217842,0.5607750952243805,0.6296986,672.00006,10,151,6.487636666668924,49.379997,39.999996,63.01065333333339,0.5,0.5068892240524292,uniform,uniform,10,0.0,0.0,0.0,4,1-0-2-3
independent,1234,vehicle_id_permuted,44,7.0876617,0.8,4,4,4,157.86976494826376,467.8997039794922,267.72609896957874,0.49194453954696654,0.8204062,834.0167,10,151,6.487636666668924,27.087662,20.0,63.01065333333339,0.5,0.5068892240524292,uniform,uniform,10,0.0,0.0,0.0,4,1-0-2-3
independent,1234,vehicle_id_permuted,45,9.232058,0.95,1,0,0,125.35367159466995,452.45816230773926,233.59300864370246,0.6264425605535507,0.48395178,545.6885,10,151,6.487636666668924,14.232057,4.999999,63.01065333333339,0.5,0.5068892240524292,uniform,uniform,10,0.0,0.0,0.0,4,1-0-2-3
independent,1234,vehicle_id_permuted,46,7.163515,0.75,5,3,3,101.82819998264313,431.6788673400879,199.12431478500366,0.4990030527114868,0.70906484,769.9143,10,151,6.487636666668924,32.163517,25.000002,63.01065333333339,0.5,0.5068892240524292,uniform,uniform,10,0.0,0.0,0.0,4,1-0-2-3
independent,1234,vehicle_id_permuted,47,9.805712,0.65000004,7,6,6,130.3542256813783,424.6157455444336,232.45709277116336,0.5750000476837158,0.50714725,624.00006,10,151,6.487636666668924,44.805714,35.0,63.01065333333339,0.5,0.5068892240524292,uniform,uniform,10,0.0,0.0,0.0,4,1-0-2-3
independent,1234,vehicle_id_permuted,48,8.510025,0.7,6,3,3,169.421911750521,468.7620735168457,258.2609714780535,0.5540931254625321,0.71317846,725.1169,10,151,6.487636666668924,38.510025,30.0,63.01065333333339,0.5,0.5068892240524292,uniform,uniform,10,0.0,0.0,0.0,4,1-0-2-3
independent,1234,vehicle_id_permuted,49,7.7045937,0.8,4,2,2,151.46583762019873,470.56446075439453,244.3914256989956,0.5559050172567368,0.73004436,703.54065,10,151,6.487636666668924,27.704594,20.0,63.01065333333339,0.5,0.5068892240524292,uniform,uniform,10,0.0,0.0,0.0,4,1-0-2-3
independent,1234,vehicle_id_permuted,50,8.617698,0.7,6,6,6,136.85051449707575,429.42249298095703,254.2760247843606,0.5334045886993408,0.61952126,703.86334,10,151,6.487636666668924,38.617695,29.999996,63.01065333333339,0.5,0.5068892240524292,uniform,uniform,10,0.0,0.0,0.0,4,1-0-2-3
independent,1234,vehicle_id_permuted,51,8.960293,0.85,3,3,3,132.99894175108741,464.2302703857422,223.8922893299776,0.6178560495376587,0.5784385,573.9468,10,151,6.487636666668924,23.960297,15.000004,63.01065333333339,0.5,0.5068892240524292,uniform,uniform,10,0.0,0.0,0.0,4,1-0-2-3
independent,1234,vehicle_id_permuted,52,9.789829,0.85,3,3,3,185.81174759303823,437.77052879333496,261.08133231892305,0.6212502300739289,0.62042063,544.01697,10,151,6.487636666668924,24.789833,15.000004,63.01065333333339,0.5,0.5068892240524292,uniform,uniform,10,0.0,0.0,0.0,4,1-0-2-3
independent,1234,vehicle_id_permuted,53,8.883674,0.8,4,2,2,173.79489675164223,464.1295909881592,286.8486861884594,0.5868938237428665,0.6233464,650.9225,10,151,6.487636666668924,28.883675,20.0,63.01065333333339,0.5,0.5068892240524292,uniform,uniform,10,0.0,0.0,0.0,4,1-0-2-3
independent,1234,vehicle_id_permuted,54,7.8613505,0.75,5,3,3,165.31483137607574,458.30291748046875,227.8639624118805,0.5001594066619873,0.7650561,793.9971,10,151,6.487636666668924,32.86135,25.0,63.01065333333339,0.5,0.5068892240524292,uniform,uniform,10,0.0,0.0,0.0,4,1-0-2-3
independent,1234,vehicle_id_permuted,55,11.666285,0.90000004,2,2,2,185.058464606603,475.6119918823242,280.84959228833515,0.7116955161094666,0.28687587,405.15662,10,151,6.487636666668924,21.666292,10.000008,63.01065333333339,0.5,0.5068892240524292,uniform,uniform,10,0.0,0.0,0.0,4,1-0-2-3
independent,1234,vehicle_id_permuted,56,8.994429,0.8,4,1,1,131.7294893413782,375.75822830200195,230.59421584010124,0.5783556699752808,0.5309518,617.5572,10,151,6.487636666668924,28.994427,19.999998,63.01065333333339,0.5,0.5068892240524292,uniform,uniform,10,0.0,0.0,0.0,4,1-0-2-3
independent,1234,vehicle_id_permuted,57,9.516478,0.75,5,5,5,156.08601416647434,464.7326374053955,265.80530083179474,0.5770596534013748,0.5320878,672.00006,10,151,6.487636666668924,34.516476,24.999998,63.01065333333339,0.5,0.5068892240524292,uniform,uniform,10,0.0,0.0,0.0,4,1-0-2-3
independent,1234,vehicle_id_permuted,58,8.360001,0.6,8,7,7,133.67086932063103,478.4718132019043,252.68040925264359,0.5196395695209504,0.80781937,816.00006,10,151,6.487636666668924,48.360004,40.000004,63.01065333333339,0.5,0.5068892240524292,uniform,uniform,10,0.0,0.0,0.0,4,1-0-2-3
independent,1234,vehicle_id_permuted,59,9.698009,0.85,3,3,3,174.68382523340338,423.9408302307129,256.23637865571413,0.5905447006225586,0.418119,594.1543,10,151,6.487636666668924,24.698011,15.000003,63.01065333333339,0.5,0.5068892240524292,uniform,uniform,10,0.0,0.0,0.0,4,1-0-2-3
independent,1234,vehicle_id_permuted,0,8.51092,1.0,0,0,0,159.60031655430794,479.5269012451172,211.64549034833908,0.6310515642166138,0.24046297,563.9079,10,151,6.929220000000906,8.510921,9.536743e-07,66.05586666666667,0.5,0.5068892240524292,uniform,uniform,10,0.0,0.0,0.0,5,2-0-1-3
independent,1234,vehicle_id_permuted,1,9.566437,0.65000004,7,6,6,134.24665331840515,476.97853088378906,261.3638267150292,0.5734263896942139,0.65059584,672.00006,10,151,6.929220000000906,44.56644,35.000004,66.05586666666667,0.5,0.5068892240524292,uniform,uniform,10,0.0,0.0,0.0,5,2-0-1-3
independent,1234,vehicle_id_permuted,2,9.492679,0.75,5,4,4,219.75830602645874,435.48248291015625,304.45823860168457,0.5768031120300293,0.55509084,624.0207,10,151,6.929220000000906,34.49268,25.0,66.05586666666667,0.5,0.5068892240524292,uniform,uniform,10,0.0,0.0,0.0,5,2-0-1-3
independent,1234,vehicle_id_permuted,3,8.547138,0.7,6,6,6,140.2190898145948,427.3326587677002,256.07710463660106,0.5379462242126465,0.6713367,695.1434,10,151,6.929220000000906,38.547142,30.000004,66.05586666666667,0.5,0.5068892240524292,uniform,uniform,10,0.0,0.0,0.0,5,2-0-1-3
independent,1234,vehicle_id_permuted,4,7.3018637,0.75,5,5,5,177.25930225849152,479.14177894592285,269.012131690979,0.4865893304347992,0.85645694,858.2441,10,151,6.929220000000906,32.301865,25.0,66.05586666666667,0.5,0.5068892240524292,uniform,uniform,10,0.0,0.0,0.0,5,2-0-1-3
independent,1234,vehicle_id_permuted,5,7.260683,0.95,1,0,0,134.0526484815698,477.08913803100586,234.7592095952285,0.5668612062931061,0.6029979,684.71576,10,151,6.929220000000906,12.260684,5.000001,66.05586666666667,0.5,0.5068892240524292,uniform,uniform,10,0.0,0.0,0.0,5,2-0-1-3
independent,1234,vehicle_id_permuted,6,9.080066,0.85,3,3,3,145.32512352747077,409.2011260986328,202.59547906763413,0.6027734279632568,0.58187985,570.6751,10,151,6.929220000000906,24.080065,14.999999,66.05586666666667,0.5,0.5068892240524292,uniform,uniform,10,0.0,0.0,0.0,5,2-0-1-3
independent,1234,vehicle_id_permuted,7,8.874909,0.85,3,0,0,197.99597350990072,463.9120674133301,294.2964842740227,0.5938402146100998,0.6423294,624.00006,10,151,6.929220000000906,23.874912,15.000003,66.05586666666667,0.5,0.5068892240524292,uniform,uniform,10,0.0,0.0,0.0,5,2-0-1-3
independent,1234,vehicle_id_permuted,8,10.020751,0.85,3,3,3,137.83707660787246,478.89604568481445,274.6572787621442,0.6262386381626129,0.5114967,572.518,10,151,6.929220000000906,25.020754,15.000003,66.05586666666667,0.5,0.5068892240524292,uniform,uniform,10,0.0,0.0,0.0,5,2-0-1-3
independent,1234,vehicle_id_permuted,9,8.208763,0.8,4,3,3,199.34360727667809,464.5602607727051,297.904437482357,0.5646138966083527,0.72851276,694.5621,10,151,6.929220000000906,28.208767,20.000004,66.05586666666667,0.5,0.5068892240524292,uniform,uniform,10,0.0,0.0,0.0,5,2-0-1-3
independent,1234,vehicle_id_permuted,10,9.571654,0.8,4,3,3,152.8176537528634,429.85499382019043,226.9899583607912,0.6187350749969482,0.5781815,540.0288,10,151,6.929220000000906,29.571657,20.000004,66.05586666666667,0.5,0.5068892240524292,uniform,uniform,10,0.0,0.0,0.0,5,2-0-1-3
independent,1234,vehicle_id_permuted,11,8.291812,0.8,4,3,3,160.00996381044388,467.7715015411377,246.9437413662672,0.5624753922224045,0.6932664,683.81885,10,151,6.929220000000906,28.291807,19.999996,66.05586666666667,0.5,0.5068892240524292,uniform,uniform,10,0.0,0.0,0.0,5,2-0-1-3
independent,1234,vehicle_id_permuted,12,11.315208,0.95,1,1,1,166.93667819625452,437.85487174987793,280.72569495753237,0.6681131511926651,0.2998648,451.0777,10,151,6.929220000000906,16.315208,5.0,66.05586666666667,0.5,0.5068892240524292,uniform,uniform,10,0.0,0.0,0.0,5,2-0-1-3
independent,1234,vehicle_id_permuted,13,8.706152,0.65000004,7,7,7,165.48034250736237,421.48987770080566,250.38847198853125,0.5178138017654419,0.65933657,733.79767,10,151,6.929220000000906,43.70615,35.0,66.05586666666667,0.5,0.5068892240524292,uniform,uniform,10,0.0,0.0,0.0,5,2-0-1-3
independent,1234,vehicle_id_permuted,14,8.684261,0.85,3,2,2,176.3475880202125,478.4096431732178,254.24741169985603,0.6409584671258927,0.5987531,543.7695,10,151,6.929220000000906,23.684258,14.999996,66.05586666666667,0.5,0.5068892240524292,uniform,uniform,10,0.0,0.0,0.0,5,2-0-1-3
independent,1234,vehicle_id_permuted,15,10.731088,0.90000004,2,2,2,121.95870568354924,441.66661262512207,213.7451821565628,0.7152327388525009,0.33018777,364.4199,10,151,6.929220000000906,20.731087,9.999999,66.05586666666667,0.5,0.5068892240524292,uniform,uniform,10,0.0,0.0,0.0,5,2-0-1-3
independent,1234,vehicle_id_permuted,16,8.125312,0.65000004,7,6,6,192.59121083296262,469.2126274108887,257.9582267541152,0.5326113879680634,0.7684741,743.46893,10,151,6.929220000000906,43.125313,35.0,66.05586666666667,0.5,0.5068892240524292,uniform,uniform,10,0.0,0.0,0.0,5,2-0-1-3
independent,1234,vehicle_id_permuted,17,9.616184,0.75,5,2,2,141.50174939632416,434.96352195739746,238.0359926223755,0.586240628361702,0.5854597,605.38165,10,151,6.929220000000906,34.616188,25.000004,66.05586666666667,0.5,0.5068892240524292,uniform,uniform,10,0.0,0.0,0.0,5,2-0-1-3
independent,1234,vehicle_id_permuted,18,9.784552,0.8,4,3,3,179.37504708766937,447.8680229187012,291.90249636769295,0.5902348786592484,0.646791,612.1972,10,151,6.929220000000906,29.784555,20.000004,66.05586666666667,0.5,0.5068892240524292,uniform,uniform,10,0.0,0.0,0.0,5,2-0-1-3
independent,1234,vehicle_id_permuted,19,8.584934,0.7,6,3,3,174.37294466154916,420.256290435791,250.00753947666712,0.5500000715255737,0.6657795,672.00006,10,151,6.929220000000906,38.58493,29.999996,66.05586666666667,0.5,0.5068892240524292,uniform,uniform,10,0.0,0.0,0.0,5,2-0-1-3
independent,1234,vehicle_id_permuted,20,8.99,0.85,3,2,2,164.85207007211798,451.24749183654785,285.71585150326,0.5870260566473007,0.60026664,624.00006,10,151,6.929220000000906,23.989998,14.999998,66.05586666666667,0.5,0.5068892240524292,uniform,uniform,10,0.0,0.0,0.0,5,2-0-1-3
independent,1234,vehicle_id_permuted,21,7.6399994,0.6,8,4,4,140.46792536973953,471.9840431213379,266.57772719860077,0.5154360264539719,0.8157381,816.00006,10,151,6.929220000000906,47.639996,39.999996,66.05586666666667,0.5,0.5068892240524292,uniform,uniform,10,0.0,0.0,0.0,5,2-0-1-3
independent,1234,vehicle_id_permuted,22,9.360429,0.7,6,6,6,126.69267258473805,433.7812328338623,230.94164780208044,0.550927796959877,0.53064585,672.00006,10,151,6.929220000000906,39.360435,30.000008,66.05586666666667,0.5,0.5068892240524292,uniform,uniform,10,0.0,0.0,0.0,5,2-0-1-3
independent,1234,vehicle_id_permuted,23,8.227978,0.65000004,7,7,7,153.38269719710718,420.3764247894287,224.70098678882306,0.485599547624588,0.7280162,795.64905,10,151,6.929220000000906,43.22798,35.000004,66.05586666666667,0.5,0.5068892240524292,uniform,uniform,10,0.0,0.0,0.0,5,2-0-1-3
independent,1234,vehicle_id_permuted,24,8.571522,0.7,6,5,5,137.2412369932447,472.9217720031738,221.88997609274728,0.57816361784935,0.7007001,658.8477,10,151,6.929220000000906,38.571526,30.000004,66.05586666666667,0.5,0.5068892240524292,uniform,uniform,10,0.0,0.0,0.0,5,2-0-1-3
independent,1234,vehicle_id_permuted,25,8.404817,0.65000004,7,6,6,147.00558529450342,452.3004341125488,252.08096320812518,0.5240321099758148,0.6812301,742.15894,10,151,6.929220000000906,43.40482,35.000004,66.05586666666667,0.5,0.5068892240524292,uniform,uniform,10,0.0,0.0,0.0,5,2-0-1-3
independent,1234,vehicle_id_permuted,26,6.9501157,0.75,5,2,2,149.79701578617096,468.42095375061035,257.74910068511963,0.4709497421979904,0.919537,867.9893,10,151,6.929220000000906,31.950115,25.0,66.05586666666667,0.5,0.5068892240524292,uniform,uniform,10,0.0,0.0,0.0,5,2-0-1-3
independent,1234,vehicle_id_permuted,27,7.883342,0.75,5,1,1,115.16662526130676,417.08407402038574,203.23601627349854,0.5392366051673889,0.66013974,692.66583,10,151,6.929220000000906,32.883343,25.0,66.05586666666667,0.5,0.5068892240524292,uniform,uniform,10,0.0,0.0,0.0,5,2-0-1-3
independent,1234,vehicle_id_permuted,28,8.22177,0.95,1,1,1,129.59767812176756,455.80533027648926,257.8482949733734,0.6006459176540375,0.61232114,607.0045,10,151,6.929220000000906,13.221769,4.999999,66.05586666666667,0.5,0.5068892240524292,uniform,uniform,10,0.0,0.0,0.0,5,2-0-1-3
independent,1234,vehicle_id_permuted,29,8.074165,0.85,3,3,3,174.9785420473884,478.0800533294678,296.9803127120523,0.5541793823242187,0.7641619,758.62494,10,151,6.929220000000906,23.074163,14.999998,66.05586666666667,0.5,0.5068892240524292,uniform,uniform,10,0.0,0.0,0.0,5,2-0-1-3
independent,1234,vehicle_id_permuted,30,10.230949,0.90000004,2,1,1,131.8850964307785,473.708438873291,241.23038053512573,0.6920476496219635,0.28394273,440.97708,10,151,6.929220000000906,20.23095,10.0,66.05586666666667,0.5,0.5068892240524292,uniform,uniform,10,0.0,0.0,0.0,5,2-0-1-3
independent,1234,vehicle_id_permuted,31,7.986311,0.7,6,6,6,86.98475654636111,437.81785011291504,229.79320815631323,0.5064838618040085,0.7651793,761.36896,10,151,6.929220000000906,37.986313,30.000002,66.05586666666667,0.5,0.5068892240524292,uniform,uniform,10,0.0,0.0,0.0,5,2-0-1-3
independent,1234,vehicle_id_permuted,32,9.347242,0.75,5,4,4,188.60600590705872,438.7631034851074,262.0035560131073,0.5869472563266754,0.59227574,607.82446,10,151,6.929220000000906,34.34724,24.999998,66.05586666666667,0.5,0.5068892240524292,uniform,uniform,10,0.0,0.0,0.0,5,2-0-1-3
independent,1234,vehicle_id_permuted,33,6.0576124,0.8,4,3,3,151.34020417928696,457.58877754211426,274.0411904454231,0.4434769481420517,1.0009062,927.23883,10,151,6.929220000000906,26.057613,20.0,66.05586666666667,0.5,0.5068892240524292,uniform,uniform,10,0.0,0.0,0.0,5,2-0-1-3
independent,1234,vehicle_id_permuted,34,8.84,0.85,3,0,0,150.82319519099067,476.9992160797119,279.6036289719974,0.5863319903612136,0.6635327,672.00006,10,151,6.929220000000906,23.84,15.0,66.05586666666667,0.5,0.5068892240524292,uniform,uniform,10,0.0,0.0,0.0,5,2-0-1-3
independent,1234,vehicle_id_permuted,35,8.664735,0.65000004,7,3,3,139.59501564502716,426.1440181732178,262.03014850616455,0.5427178740501404,0.6623489,685.9819,10,151,6.929220000000906,43.664734,35.0,66.05586666666667,0.5,0.5068892240524292,uniform,uniform,10,0.0,0.0,0.0,5,2-0-1-3
independent,1234,vehicle_id_permuted,36,8.082137,0.7,6,5,5,157.97476140516144,442.26244926452637,219.75231094019753,0.5145627647638321,0.8248299,750.30206,10,151,6.929220000000906,38.082134,29.999996,66.05586666666667,0.5,0.5068892240524292,uniform,uniform,10,0.0,0.0,0.0,5,2-0-1-3
independent,1234,vehicle_id_permuted,37,9.441655,0.7,6,5,5,169.87684878919805,397.5174808502197,250.062267269407,0.5750000476837158,0.6090701,624.00006,10,151,6.929220000000906,39.441658,30.000004,66.05586666666667,0.5,0.5068892240524292,uniform,uniform,10,0.0,0.0,0.0,5,2-0-1-3
independent,1234,vehicle_id_permuted,38,8.959987,0.8,4,4,4,163.48616123199463,444.0879821777344,264.54024732112885,0.5547326445579529,0.66394097,675.0014,10,151,6.929220000000906,28.959986,20.0,66.05586666666667,0.5,0.5068892240524292,uniform,uniform,10,0.0,0.0,0.0,5,2-0-1-3
independent,1234,vehicle_id_permuted,39,9.097158,0.7,6,2,2,186.78286135196686,461.3520812988281,269.1780592714037,0.5866580247879029,0.6122142,630.9689,10,151,6.929220000000906,39.09716,30.000002,66.05586666666667,0.5,0.5068892240524292,uniform,uniform,10,0.0,0.0,0.0,5,2-0-1-3
independent,1234,vehicle_id_permuted,40,9.898912,0.75,5,3,3,161.51498770713806,471.52064323425293,288.163507938385,0.6337730467319489,0.6276308,575.99994,10,151,6.929220000000906,34.89891,24.999998,66.05586666666667,0.5,0.5068892240524292,uniform,uniform,10,0.0,0.0,0.0,5,2-0-1-3
independent,1234,vehicle_id_permuted,41,6.1688237,0.75,5,4,4,136.81177669763565,479.28099632263184,233.53212070465088,0.4552796810865402,1.0105063,929.11774,10,151,6.929220000000906,31.168821,24.999998,66.05586666666667,0.5,0.5068892240524292,uniform,uniform,10,0.0,0.0,0.0,5,2-0-1-3
independent,1234,vehicle_id_permuted,42,6.303053,0.85,3,2,2,122.00367566417245,434.932165145874,237.1999052692862,0.4943945795297623,0.70900136,781.6948,10,151,6.929220000000906,21.303051,14.999998,66.05586666666667,0.5,0.5068892240524292,uniform,uniform,10,0.0,0.0,0.0,5,2-0-1-3
independent,1234,vehicle_id_permuted,43,9.379999,0.6,8,6,6,173.94428580999374,452.688045501709,248.9232376217842,0.5607750952243805,0.6296986,672.00006,10,151,6.929220000000906,49.379997,40.0,66.05586666666667,0.5,0.5068892240524292,uniform,uniform,10,0.0,0.0,0.0,5,2-0-1-3
independent,1234,vehicle_id_permuted,44,7.0876617,0.8,4,4,4,157.86976494826376,467.8997039794922,267.72609896957874,0.49194450974464415,0.8204062,834.0167,10,151,6.929220000000906,27.087662,20.0,66.05586666666667,0.5,0.5068892240524292,uniform,uniform,10,0.0,0.0,0.0,5,2-0-1-3
independent,1234,vehicle_id_permuted,45,9.232058,0.95,1,0,0,125.35367159466995,452.45816230773926,233.59300864370246,0.6264425605535507,0.48395178,545.6885,10,151,6.929220000000906,14.232057,4.999999,66.05586666666667,0.5,0.5068892240524292,uniform,uniform,10,0.0,0.0,0.0,5,2-0-1-3
independent,1234,vehicle_id_permuted,46,7.163515,0.75,5,3,3,101.82819998264313,431.6788673400879,199.12431478500366,0.4990030527114868,0.7090649,769.9143,10,151,6.929220000000906,32.163517,25.000002,66.05586666666667,0.5,0.5068892240524292,uniform,uniform,10,0.0,0.0,0.0,5,2-0-1-3
independent,1234,vehicle_id_permuted,47,9.805712,0.65000004,7,6,6,130.3542256813783,424.6157455444336,232.45709277116336,0.5750000476837158,0.50714725,624.00006,10,151,6.929220000000906,44.80571,35.0,66.05586666666667,0.5,0.5068892240524292,uniform,uniform,10,0.0,0.0,0.0,5,2-0-1-3
independent,1234,vehicle_id_permuted,48,8.510025,0.7,6,3,3,169.421911750521,468.7620735168457,258.2609714780535,0.5540931254625321,0.71317846,725.1169,10,151,6.929220000000906,38.510025,30.0,66.05586666666667,0.5,0.5068892240524292,uniform,uniform,10,0.0,0.0,0.0,5,2-0-1-3
independent,1234,vehicle_id_permuted,49,7.7045937,0.8,4,2,2,151.46583762019873,470.56446075439453,244.3914256989956,0.5559050172567368,0.73004436,703.54065,10,151,6.929220000000906,27.704594,20.0,66.05586666666667,0.5,0.5068892240524292,uniform,uniform,10,0.0,0.0,0.0,5,2-0-1-3
independent,1234,vehicle_id_permuted,50,8.617698,0.7,6,6,6,136.85051449707575,429.42249298095703,254.2760247843606,0.5334045886993408,0.61952126,703.86334,10,151,6.929220000000906,38.6177,30.0,66.05586666666667,0.5,0.5068892240524292,uniform,uniform,10,0.0,0.0,0.0,5,2-0-1-3
independent,1234,vehicle_id_permuted,51,8.960293,0.85,3,3,3,132.99894175108741,464.2302703857422,223.8922893299776,0.6178560495376587,0.5784385,573.9468,10,151,6.929220000000906,23.960297,15.000004,66.05586666666667,0.5,0.5068892240524292,uniform,uniform,10,0.0,0.0,0.0,5,2-0-1-3
independent,1234,vehicle_id_permuted,52,9.789829,0.85,3,3,3,185.81174759303823,437.77052879333496,261.08133231892305,0.6212502300739289,0.62042063,544.01697,10,151,6.929220000000906,24.789833,15.000004,66.05586666666667,0.5,0.5068892240524292,uniform,uniform,10,0.0,0.0,0.0,5,2-0-1-3
independent,1234,vehicle_id_permuted,53,8.883674,0.8,4,2,2,173.79489675164223,464.1295909881592,286.8486861884594,0.5868938237428665,0.6233464,650.9225,10,151,6.929220000000906,28.883675,20.0,66.05586666666667,0.5,0.5068892240524292,uniform,uniform,10,0.0,0.0,0.0,5,2-0-1-3
independent,1234,vehicle_id_permuted,54,7.8613505,0.75,5,3,3,165.31483137607574,458.30291748046875,227.8639624118805,0.5001594066619873,0.7650561,793.9971,10,151,6.929220000000906,32.86135,25.0,66.05586666666667,0.5,0.5068892240524292,uniform,uniform,10,0.0,0.0,0.0,5,2-0-1-3
independent,1234,vehicle_id_permuted,55,11.666285,0.90000004,2,2,2,185.058464606603,475.6119918823242,280.84959228833515,0.7116955161094666,0.28687587,405.15662,10,151,6.929220000000906,21.666288,10.000004,66.05586666666667,0.5,0.5068892240524292,uniform,uniform,10,0.0,0.0,0.0,5,2-0-1-3
independent,1234,vehicle_id_permuted,56,8.994429,0.8,4,1,1,131.7294893413782,375.75822830200195,230.59421584010124,0.5783556699752808,0.5309518,617.5572,10,151,6.929220000000906,28.994427,19.999998,66.05586666666667,0.5,0.5068892240524292,uniform,uniform,10,0.0,0.0,0.0,5,2-0-1-3
independent,1234,vehicle_id_permuted,57,9.516478,0.75,5,5,5,156.08601416647434,464.7326374053955,265.80530083179474,0.5770596534013748,0.53208774,672.00006,10,151,6.929220000000906,34.51648,25.000002,66.05586666666667,0.5,0.5068892240524292,uniform,uniform,10,0.0,0.0,0.0,5,2-0-1-3
independent,1234,vehicle_id_permuted,58,8.360001,0.6,8,7,7,133.67086932063103,478.4718132019043,252.68040925264359,0.5196395695209504,0.80781937,816.00006,10,151,6.929220000000906,48.360004,40.000004,66.05586666666667,0.5,0.5068892240524292,uniform,uniform,10,0.0,0.0,0.0,5,2-0-1-3
independent,1234,vehicle_id_permuted,59,9.698009,0.85,3,3,3,174.68382523340338,423.9408302307129,256.23637865571413,0.5905447006225586,0.418119,594.1543,10,151,6.929220000000906,24.698008,14.999999,66.05586666666667,0.5,0.5068892240524292,uniform,uniform,10,0.0,0.0,0.0,5,2-0-1-3
independent,1234,vehicle_id_permuted,0,8.51092,1.0,0,0,0,159.60031655430794,479.5269012451172,211.64549034833908,0.6310515642166138,0.24046294,563.9079,10,151,6.941860000000825,8.5109215,1.9073486e-06,67.40090166666685,0.5,0.5068892240524292,uniform,uniform,10,0.0,0.0,0.0,6,2-3-0-1
independent,1234,vehicle_id_permuted,1,9.566437,0.65000004,7,6,6,134.24665331840515,476.97853088378906,261.3638267150292,0.5734263896942139,0.65059584,672.00006,10,151,6.941860000000825,44.56644,35.000004,67.40090166666685,0.5,0.5068892240524292,uniform,uniform,10,0.0,0.0,0.0,6,2-3-0-1
independent,1234,vehicle_id_permuted,2,9.49268,0.75,5,4,4,219.75830602645874,435.48248291015625,304.45823860168457,0.5768031120300293,0.5550908,624.0207,10,151,6.941860000000825,34.492683,25.000004,67.40090166666685,0.5,0.5068892240524292,uniform,uniform,10,0.0,0.0,0.0,6,2-3-0-1
independent,1234,vehicle_id_permuted,3,8.547138,0.7,6,6,6,140.2190898145948,427.3326587677002,256.07710463660106,0.5379462242126465,0.6713367,695.1434,10,151,6.941860000000825,38.547142,30.000004,67.40090166666685,0.5,0.5068892240524292,uniform,uniform,10,0.0,0.0,0.0,6,2-3-0-1
independent,1234,vehicle_id_permuted,4,7.3018637,0.75,5,5,5,177.25930225849152,479.14177894592285,269.012131690979,0.4865893304347992,0.85645694,858.2441,10,151,6.941860000000825,32.301865,25.0,67.40090166666685,0.5,0.5068892240524292,uniform,uniform,10,0.0,0.0,0.0,6,2-3-0-1
independent,1234,vehicle_id_permuted,5,7.2606826,0.95,1,0,0,134.0526484815698,477.08913803100586,234.7592095952285,0.5668612062931061,0.60299784,684.71576,10,151,6.941860000000825,12.260683,5.0000005,67.40090166666685,0.5,0.5068892240524292,uniform,uniform,10,0.0,0.0,0.0,6,2-3-0-1
independent,1234,vehicle_id_permuted,6,9.080066,0.85,3,3,3,145.32512352747077,409.2011260986328,202.59547906763413,0.6027734279632568,0.5818798,570.6751,10,151,6.941860000000825,24.080063,14.999997,67.40090166666685,0.5,0.5068892240524292,uniform,uniform,10,0.0,0.0,0.0,6,2-3-0-1
independent,1234,vehicle_id_permuted,7,8.874909,0.85,3,0,0,197.99597350990072,463.9120674133301,294.2964842740227,0.5938402146100998,0.6423294,624.00006,10,151,6.941860000000825,23.874912,15.000003,67.40090166666685,0.5,0.5068892240524292,uniform,uniform,10,0.0,0.0,0.0,6,2-3-0-1
independent,1234,vehicle_id_permuted,8,10.020751,0.85,3,3,3,137.83707660787246,478.89604568481445,274.6572787621442,0.6262386381626129,0.5114967,572.518,10,151,6.941860000000825,25.020754,15.000003,67.40090166666685,0.5,0.5068892240524292,uniform,uniform,10,0.0,0.0,0.0,6,2-3-0-1
independent,1234,vehicle_id_permuted,9,8.208763,0.8,4,3,3,199.34360727667809,464.5602607727051,297.904437482357,0.5646138966083527,0.7285129,694.5621,10,151,6.941860000000825,28.208763,20.0,67.40090166666685,0.5,0.5068892240524292,uniform,uniform,10,0.0,0.0,0.0,6,2-3-0-1
independent,1234,vehicle_id_permuted,10,9.571653,0.8,4,3,3,152.8176537528634,429.85499382019043,226.9899583607912,0.6187350749969482,0.57818145,540.0288,10,151,6.941860000000825,29.571653,20.0,67.40090166666685,0.5,0.5068892240524292,uniform,uniform,10,0.0,0.0,0.0,6,2-3-0-1
independent,1234,vehicle_id_permuted,11,8.291812,0.8,4,3,3,160.00996381044388,467.7715015411377,246.9437413662672,0.5624753922224045,0.6932664,683.81885,10,151,6.941860000000825,28.291813,20.0,67.40090166666685,0.5,0.5068892240524292,uniform,uniform,10,0.0,0.0,0.0,6,2-3-0-1
independent,1234,vehicle_id_permuted,12,11.315208,0.95,1,1,1,166.93667819625452,437.85487174987793,280.72569495753237,0.6681131511926651,0.2998648,451.0777,10,151,6.941860000000825,16.315208,5.0,67.40090166666685,0.5,0.5068892240524292,uniform,uniform,10,0.0,0.0,0.0,6,2-3-0-1
independent,1234,vehicle_id_permuted,13,8.706152,0.65000004,7,7,7,165.48034250736237,421.48987770080566,250.38847198853125,0.5178138017654419,0.65933657,733.79767,10,151,6.941860000000825,43.70615,35.0,67.40090166666685,0.5,0.5068892240524292,uniform,uniform,10,0.0,0.0,0.0,6,2-3-0-1
independent,1234,vehicle_id_permuted,14,8.684261,0.85,3,2,2,176.3475880202125,478.4096431732178,254.24741169985603,0.6409584671258927,0.5987531,543.7695,10,151,6.941860000000825,23.684261,15.0,67.40090166666685,0.5,0.5068892240524292,uniform,uniform,10,0.0,0.0,0.0,6,2-3-0-1
independent,1234,vehicle_id_permuted,15,10.731088,0.90000004,2,2,2,121.95870568354924,441.66661262512207,213.7451821565628,0.7152327388525009,0.33018777,364.4199,10,151,6.941860000000825,20.731085,9.999997,67.40090166666685,0.5,0.5068892240524292,uniform,uniform,10,0.0,0.0,0.0,6,2-3-0-1
independent,1234,vehicle_id_permuted,16,8.125311,0.65000004,7,6,6,192.59121083296262,469.2126274108887,257.9582267541152,0.5326113879680634,0.7684741,743.46893,10,151,6.941860000000825,43.125317,35.000008,67.40090166666685,0.5,0.5068892240524292,uniform,uniform,10,0.0,0.0,0.0,6,2-3-0-1
independent,1234,vehicle_id_permuted,17,9.616183,0.75,5,2,2,141.50174939632416,434.96352195739746,238.0359926223755,0.586240628361702,0.58545965,605.38165,10,151,6.941860000000825,34.616184,25.0,67.40090166666685,0.5,0.5068892240524292,uniform,uniform,10,0.0,0.0,0.0,6,2-3-0-1
independent,1234,vehicle_id_permuted,18,9.784551,0.8,4,3,3,179.37504708766937,447.8680229187012,291.90249636769295,0.5902348786592484,0.646791,612.1972,10,151,6.941860000000825,29.784546,19.999996,67.40090166666685,0.5,0.5068892240524292,uniform,uniform,10,0.0,0.0,0.0,6,2-3-0-1
independent,1234,vehicle_id_permuted,19,8.584934,0.7,6,3,3,174.37294466154916,420.256290435791,250.00753947666712,0.5500000715255737,0.6657795,672.00006,10,151,6.941860000000825,38.58493,29.999996,67.40090166666685,0.5,0.5068892240524292,uniform,uniform,10,0.0,0.0,0.0,6,2-3-0-1
independent,1234,vehicle_id_permuted,20,8.99,0.85,3,2,2,164.85207007211798,451.24749183654785,285.71585150326,0.5870260566473007,0.60026664,624.00006,10,151,6.941860000000825,23.990002,15.000002,67.40090166666685,0.5,0.5068892240524292,uniform,uniform,10,0.0,0.0,0.0,6,2-3-0-1
independent,1234,vehicle_id_permuted,21,7.64,0.6,8,4,4,140.46792536973953,471.9840431213379,266.57772719860077,0.5154360264539719,0.8157381,816.00006,10,151,6.941860000000825,47.639996,39.999996,67.40090166666685,0.5,0.5068892240524292,uniform,uniform,10,0.0,0.0,0.0,6,2-3-0-1
independent,1234,vehicle_id_permuted,22,9.360429,0.7,6,6,6,126.69267258473805,433.7812328338623,230.94164780208044,0.550927796959877,0.5306459,672.00006,10,151,6.941860000000825,39.360428,30.0,67.40090166666685,0.5,0.5068892240524292,uniform,uniform,10,0.0,0.0,0.0,6,2-3-0-1
independent,1234,vehicle_id_permuted,23,8.227978,0.65000004,7,7,7,153.38269719710718,420.3764247894287,224.70098678882306,0.4855995178222656,0.7280162,795.64905,10,151,6.941860000000825,43.227985,35.000008,67.40090166666685,0.5,0.5068892240524292,uniform,uniform,10,0.0,0.0,0.0,6,2-3-0-1
independent,1234,vehicle_id_permuted,24,8.571522,0.7,6,5,5,137.2412369932447,472.9217720031738,221.88997609274728,0.57816361784935,0.7007001,658.8477,10,151,6.941860000000825,38.571526,30.000004,67.40090166666685,0.5,0.5068892240524292,uniform,uniform,10,0.0,0.0,0.0,6,2-3-0-1
independent,1234,vehicle_id_permuted,25,8.404817,0.65000004,7,6,6,147.00558529450342,452.3004341125488,252.08096320812518,0.5240321099758148,0.6812302,742.15894,10,151,6.941860000000825,43.40482,35.000004,67.40090166666685,0.5,0.5068892240524292,uniform,uniform,10,0.0,0.0,0.0,6,2-3-0-1
independent,1234,vehicle_id_permuted,26,6.9501157,0.75,5,2,2,149.79701578617096,468.42095375061035,257.74910068511963,0.4709497421979904,0.919537,867.9893,10,151,6.941860000000825,31.950111,24.999996,67.40090166666685,0.5,0.5068892240524292,uniform,uniform,10,0.0,0.0,0.0,6,2-3-0-1
independent,1234,vehicle_id_permuted,27,7.8833423,0.75,5,1,1,115.16662526130676,417.08407402038574,203.23601627349854,0.5392366051673889,0.66013974,692.66583,10,151,6.941860000000825,32.883343,25.0,67.40090166666685,0.5,0.5068892240524292,uniform,uniform,10,0.0,0.0,0.0,6,2-3-0-1
independent,1234,vehicle_id_permuted,28,8.22177,0.95,1,1,1,129.59767812176756,455.80533027648926,257.8482949733734,0.6006459176540375,0.61232114,607.0045,10,151,6.941860000000825,13.22177,5.0,67.40090166666685,0.5,0.5068892240524292,uniform,uniform,10,0.0,0.0,0.0,6,2-3-0-1
independent,1234,vehicle_id_permuted,29,8.074165,0.85,3,3,3,174.9785420473884,478.0800533294678,296.9803127120523,0.5541793823242187,0.7641618,758.62494,10,151,6.941860000000825,23.074165,15.0,67.40090166666685,0.5,0.5068892240524292,uniform,uniform,10,0.0,0.0,0.0,6,2-3-0-1
independent,1234,vehicle_id_permuted,30,10.230948,0.90000004,2,1,1,131.8850964307785,473.708438873291,241.23038053512573,0.6920476496219635,0.28394273,440.97708,10,151,6.941860000000825,20.230947,9.999999,67.40090166666685,0.5,0.5068892240524292,uniform,uniform,10,0.0,0.0,0.0,6,2-3-0-1
independent,1234,vehicle_id_permuted,31,7.986311,0.7,6,6,6,86.98475654636111,437.81785011291504,229.79320815631323,0.5064838618040085,0.76517934,761.36896,10,151,6.941860000000825,37.986313,30.000002,67.40090166666685,0.5,0.5068892240524292,uniform,uniform,10,0.0,0.0,0.0,6,2-3-0-1
independent,1234,vehicle_id_permuted,32,9.347242,0.75,5,4,4,188.60600590705872,438.7631034851074,262.0035560131073,0.5869472563266754,0.59227574,607.82446,10,151,6.941860000000825,34.34724,24.999998,67.40090166666685,0.5,0.5068892240524292,uniform,uniform,10,0.0,0.0,0.0,6,2-3-0-1
independent,1234,vehicle_id_permuted,33,6.0576124,0.8,4,3,3,151.34020417928696,457.58877754211426,274.0411904454231,0.4434769481420517,1.0009062,927.23883,10,151,6.941860000000825,26.057613,20.0,67.40090166666685,0.5,0.5068892240524292,uniform,uniform,10,0.0,0.0,0.0,6,2-3-0-1
independent,1234,vehicle_id_permuted,34,8.84,0.85,3,0,0,150.82319519099067,476.9992160797119,279.6036289719974,0.5863319903612136,0.6635327,672.00006,10,151,6.941860000000825,23.839996,14.999996,67.40090166666685,0.5,0.5068892240524292,uniform,uniform,10,0.0,0.0,0.0,6,2-3-0-1
independent,1234,vehicle_id_permuted,35,8.664735,0.65000004,7,3,3,139.59501564502716,426.1440181732178,262.03014850616455,0.5427178740501404,0.6623489,685.9819,10,151,6.941860000000825,43.664738,35.000004,67.40090166666685,0.5,0.5068892240524292,uniform,uniform,10,0.0,0.0,0.0,6,2-3-0-1
independent,1234,vehicle_id_permuted,36,8.082137,0.7,6,5,5,157.97476140516144,442.26244926452637,219.75231094019753,0.5145627647638321,0.8248299,750.30206,10,151,6.941860000000825,38.082134,29.999996,67.40090166666685,0.5,0.5068892240524292,uniform,uniform,10,0.0,0.0,0.0,6,2-3-0-1
independent,1234,vehicle_id_permuted,37,9.441655,0.7,6,5,5,169.87684878919805,397.5174808502197,250.062267269407,0.5750000476837158,0.6090701,624.00006,10,151,6.941860000000825,39.441654,30.0,67.40090166666685,0.5,0.5068892240524292,uniform,uniform,10,0.0,0.0,0.0,6,2-3-0-1
independent,1234,vehicle_id_permuted,38,8.959988,0.8,4,4,4,163.48616123199463,444.0879821777344,264.54024732112885,0.5547326445579529,0.6639411,675.0014,10,151,6.941860000000825,28.959988,20.0,67.40090166666685,0.5,0.5068892240524292,uniform,uniform,10,0.0,0.0,0.0,6,2-3-0-1
independent,1234,vehicle_id_permuted,39,9.097158,0.7,6,2,2,186.78286135196686,461.3520812988281,269.1780592714037,0.5866580247879029,0.6122142,630.9689,10,151,6.941860000000825,39.09716,30.000002,67.40090166666685,0.5,0.5068892240524292,uniform,uniform,10,0.0,0.0,0.0,6,2-3-0-1
independent,1234,vehicle_id_permuted,40,9.898912,0.75,5,3,3,161.51498770713806,471.52064323425293,288.163507938385,0.6337730467319489,0.6276308,575.99994,10,151,6.941860000000825,34.89891,24.999998,67.40090166666685,0.5,0.5068892240524292,uniform,uniform,10,0.0,0.0,0.0,6,2-3-0-1
independent,1234,vehicle_id_permuted,41,6.1688237,0.75,5,4,4,136.81177669763565,479.28099632263184,233.53212070465088,0.4552796810865402,1.0105063,929.11774,10,151,6.941860000000825,31.168825,25.000002,67.40090166666685,0.5,0.5068892240524292,uniform,uniform,10,0.0,0.0,0.0,6,2-3-0-1
independent,1234,vehicle_id_permuted,42,6.303053,0.85,3,2,2,122.00367566417245,434.932165145874,237.1999052692862,0.4943945795297623,0.7090013,781.6948,10,151,6.941860000000825,21.303051,14.999998,67.40090166666685,0.5,0.5068892240524292,uniform,uniform,10,0.0,0.0,0.0,6,2-3-0-1
independent,1234,vehicle_id_permuted,43,9.38,0.6,8,6,6,173.94428580999374,452.688045501709,248.9232376217842,0.5607750952243805,0.62969863,672.00006,10,151,6.941860000000825,49.38,40.0,67.40090166666685,0.5,0.5068892240524292,uniform,uniform,10,0.0,0.0,0.0,6,2-3-0-1
independent,1234,vehicle_id_permuted,44,7.0876617,0.8,4,4,4,157.86976494826376,467.8997039794922,267.72609896957874,0.49194453954696654,0.8204062,834.0167,10,151,6.941860000000825,27.087662,20.0,67.40090166666685,0.5,0.5068892240524292,uniform,uniform,10,0.0,0.0,0.0,6,2-3-0-1
independent,1234,vehicle_id_permuted,45,9.232058,0.95,1,0,0,125.35367159466995,452.45816230773926,233.59300864370246,0.6264425605535507,0.48395178,545.6885,10,151,6.941860000000825,14.232059,5.000001,67.40090166666685,0.5,0.5068892240524292,uniform,uniform,10,0.0,0.0,0.0,6,2-3-0-1
independent,1234,vehicle_id_permuted,46,7.163515,0.75,5,3,3,101.82819998264313,431.6788673400879,199.12431478500366,0.4990030527114868,0.7090649,769.9143,10,151,6.941860000000825,32.163517,25.000002,67.40090166666685,0.5,0.5068892240524292,uniform,uniform,10,0.0,0.0,0.0,6,2-3-0-1
independent,1234,vehicle_id_permuted,47,9.805712,0.65000004,7,6,6,130.3542256813783,424.6157455444336,232.45709277116336,0.5750000476837158,0.50714725,624.00006,10,151,6.941860000000825,44.80571,35.0,67.40090166666685,0.5,0.5068892240524292,uniform,uniform,10,0.0,0.0,0.0,6,2-3-0-1
independent,1234,vehicle_id_permuted,48,8.510025,0.7,6,3,3,169.421911750521,468.7620735168457,258.2609714780535,0.5540931254625321,0.7131784,725.1169,10,151,6.941860000000825,38.510025,30.0,67.40090166666685,0.5,0.5068892240524292,uniform,uniform,10,0.0,0.0,0.0,6,2-3-0-1
independent,1234,vehicle_id_permuted,49,7.7045937,0.8,4,2,2,151.46583762019873,470.56446075439453,244.3914256989956,0.5559050172567368,0.73004425,703.54065,10,151,6.941860000000825,27.7046,20.000006,67.40090166666685,0.5,0.5068892240524292,uniform,uniform,10,0.0,0.0,0.0,6,2-3-0-1
independent,1234,vehicle_id_permuted,50,8.617698,0.7,6,6,6,136.85051449707575,429.42249298095703,254.2760247843606,0.5334045886993408,0.6195213,703.86334,10,151,6.941860000000825,38.6177,30.0,67.40090166666685,0.5,0.5068892240524292,uniform,uniform,10,0.0,0.0,0.0,6,2-3-0-1
independent,1234,vehicle_id_permuted,51,8.960293,0.85,3,3,3,132.99894175108741,464.2302703857422,223.8922893299776,0.6178560495376587,0.5784385,573.9468,10,151,6.941860000000825,23.960293,15.0,67.40090166666685,0.5,0.5068892240524292,uniform,uniform,10,0.0,0.0,0.0,6,2-3-0-1
independent,1234,vehicle_id_permuted,52,9.789829,0.85,3,3,3,185.81174759303823,437.77052879333496,261.08133231892305,0.6212502300739289,0.62042063,544.01697,10,151,6.941860000000825,24.789833,15.000004,67.40090166666685,0.5,0.5068892240524292,uniform,uniform,10,0.0,0.0,0.0,6,2-3-0-1
independent,1234,vehicle_id_permuted,53,8.883674,0.8,4,2,2,173.79489675164223,464.1295909881592,286.8486861884594,0.5868938237428665,0.6233464,650.9225,10,151,6.941860000000825,28.883675,20.0,67.40090166666685,0.5,0.5068892240524292,uniform,uniform,10,0.0,0.0,0.0,6,2-3-0-1
independent,1234,vehicle_id_permuted,54,7.8613505,0.75,5,3,3,165.31483137607574,458.30291748046875,227.8639624118805,0.5001594066619873,0.7650561,793.9971,10,151,6.941860000000825,32.86135,25.0,67.40090166666685,0.5,0.5068892240524292,uniform,uniform,10,0.0,0.0,0.0,6,2-3-0-1
independent,1234,vehicle_id_permuted,55,11.666285,0.90000004,2,2,2,185.058464606603,475.6119918823242,280.84959228833515,0.7116955161094666,0.28687587,405.15662,10,151,6.941860000000825,21.666286,10.000002,67.40090166666685,0.5,0.5068892240524292,uniform,uniform,10,0.0,0.0,0.0,6,2-3-0-1
independent,1234,vehicle_id_permuted,56,8.994429,0.8,4,1,1,131.7294893413782,375.75822830200195,230.59421584010124,0.5783556699752808,0.5309518,617.5572,10,151,6.941860000000825,28.99443,20.000002,67.40090166666685,0.5,0.5068892240524292,uniform,uniform,10,0.0,0.0,0.0,6,2-3-0-1
independent,1234,vehicle_id_permuted,57,9.516478,0.75,5,5,5,156.08601416647434,464.7326374053955,265.80530083179474,0.5770596534013748,0.5320878,672.00006,10,151,6.941860000000825,34.516483,25.000006,67.40090166666685,0.5,0.5068892240524292,uniform,uniform,10,0.0,0.0,0.0,6,2-3-0-1
independent,1234,vehicle_id_permuted,58,8.360001,0.6,8,7,7,133.67086932063103,478.4718132019043,252.68040925264359,0.5196395695209504,0.80781937,816.00006,10,151,6.941860000000825,48.36001,40.000008,67.40090166666685,0.5,0.5068892240524292,uniform,uniform,10,0.0,0.0,0.0,6,2-3-0-1
independent,1234,vehicle_id_permuted,59,9.698009,0.85,3,3,3,174.68382523340338,423.9408302307129,256.23637865571413,0.5905447006225586,0.41811904,594.1543,10,151,6.941860000000825,24.69801,15.000001,67.40090166666685,0.5,0.5068892240524292,uniform,uniform,10,0.0,0.0,0.0,6,2-3-0-1
independent,1234,vehicle_id_permuted,0,8.51092,1.0,0,0,0,159.60031655430794,479.5269012451172,211.64549034833908,0.6310515642166138,0.24046294,563.9079,10,151,6.830641666667485,8.51092,0.0,65.43687333333352,0.5,0.5068892240524292,uniform,uniform,10,0.0,0.0,0.0,7,3-2-0-1
independent,1234,vehicle_id_permuted,1,9.566437,0.65000004,7,6,6,134.24665331840515,476.97853088378906,261.3638267150292,0.5734263896942139,0.65059584,672.00006,10,151,6.830641666667485,44.56644,35.000004,65.43687333333352,0.5,0.5068892240524292,uniform,uniform,10,0.0,0.0,0.0,7,3-2-0-1
independent,1234,vehicle_id_permuted,2,9.49268,0.75,5,4,4,219.75830602645874,435.48248291015625,304.45823860168457,0.5768031120300293,0.5550908,624.0207,10,151,6.830641666667485,34.492683,25.000004,65.43687333333352,0.5,0.5068892240524292,uniform,uniform,10,0.0,0.0,0.0,7,3-2-0-1
independent,1234,vehicle_id_permuted,3,8.547138,0.7,6,6,6,140.2190898145948,427.3326587677002,256.07710463660106,0.5379462242126465,0.6713367,695.1434,10,151,6.830641666667485,38.547142,30.000004,65.43687333333352,0.5,0.5068892240524292,uniform,uniform,10,0.0,0.0,0.0,7,3-2-0-1
independent,1234,vehicle_id_permuted,4,7.3018637,0.75,5,5,5,177.25930225849152,479.14177894592285,269.012131690979,0.4865893304347992,0.85645694,858.2441,10,151,6.830641666667485,32.301865,25.0,65.43687333333352,0.5,0.5068892240524292,uniform,uniform,10,0.0,0.0,0.0,7,3-2-0-1
independent,1234,vehicle_id_permuted,5,7.2606826,0.95,1,0,0,134.0526484815698,477.08913803100586,234.7592095952285,0.5668612062931061,0.60299784,684.71576,10,151,6.830641666667485,12.260683,5.0000005,65.43687333333352,0.5,0.5068892240524292,uniform,uniform,10,0.0,0.0,0.0,7,3-2-0-1
independent,1234,vehicle_id_permuted,6,9.080066,0.85,3,3,3,145.32512352747077,409.2011260986328,202.59547906763413,0.6027734279632568,0.5818798,570.6751,10,151,6.830641666667485,24.080063,14.999997,65.43687333333352,0.5,0.5068892240524292,uniform,uniform,10,0.0,0.0,0.0,7,3-2-0-1
independent,1234,vehicle_id_permuted,7,8.874909,0.85,3,0,0,197.99597350990072,463.9120674133301,294.2964842740227,0.5938402146100998,0.6423294,624.00006,10,151,6.830641666667485,23.874912,15.000003,65.43687333333352,0.5,0.5068892240524292,uniform,uniform,10,0.0,0.0,0.0,7,3-2-0-1
independent,1234,vehicle_id_permuted,8,10.020751,0.85,3,3,3,137.83707660787246,478.89604568481445,274.6572787621442,0.6262386381626129,0.5114967,572.518,10,151,6.830641666667485,25.020754,15.000003,65.43687333333352,0.5,0.5068892240524292,uniform,uniform,10,0.0,0.0,0.0,7,3-2-0-1
independent,1234,vehicle_id_permuted,9,8.208763,0.8,4,3,3,199.34360727667809,464.5602607727051,297.904437482357,0.5646138966083527,0.7285129,694.5621,10,151,6.830641666667485,28.208763,20.0,65.43687333333352,0.5,0.5068892240524292,uniform,uniform,10,0.0,0.0,0.0,7,3-2-0-1
independent,1234,vehicle_id_permuted,10,9.571653,0.8,4,3,3,152.8176537528634,429.85499382019043,226.9899583607912,0.6187350749969482,0.57818145,540.0288,10,151,6.830641666667485,29.571653,20.0,65.43687333333352,0.5,0.5068892240524292,uniform,uniform,10,0.0,0.0,0.0,7,3-2-0-1
independent,1234,vehicle_id_permuted,11,8.291812,0.8,4,3,3,160.00996381044388,467.7715015411377,246.9437413662672,0.5624753922224045,0.6932664,683.81885,10,151,6.830641666667485,28.291813,20.0,65.43687333333352,0.5,0.5068892240524292,uniform,uniform,10,0.0,0.0,0.0,7,3-2-0-1
independent,1234,vehicle_id_permuted,12,11.315208,0.95,1,1,1,166.93667819625452,437.85487174987793,280.72569495753237,0.6681131511926651,0.2998648,451.0777,10,151,6.830641666667485,16.315208,5.0,65.43687333333352,0.5,0.5068892240524292,uniform,uniform,10,0.0,0.0,0.0,7,3-2-0-1
independent,1234,vehicle_id_permuted,13,8.706152,0.65000004,7,7,7,165.48034250736237,421.48987770080566,250.38847198853125,0.5178138017654419,0.65933657,733.79767,10,151,6.830641666667485,43.70615,35.0,65.43687333333352,0.5,0.5068892240524292,uniform,uniform,10,0.0,0.0,0.0,7,3-2-0-1
independent,1234,vehicle_id_permuted,14,8.684261,0.85,3,2,2,176.3475880202125,478.4096431732178,254.24741169985603,0.6409584671258927,0.5987531,543.7695,10,151,6.830641666667485,23.684261,15.0,65.43687333333352,0.5,0.5068892240524292,uniform,uniform,10,0.0,0.0,0.0,7,3-2-0-1
independent,1234,vehicle_id_permuted,15,10.731088,0.90000004,2,2,2,121.95870568354924,441.66661262512207,213.7451821565628,0.7152327388525009,0.33018777,364.4199,10,151,6.830641666667485,20.731085,9.999997,65.43687333333352,0.5,0.5068892240524292,uniform,uniform,10,0.0,0.0,0.0,7,3-2-0-1
independent,1234,vehicle_id_permuted,16,8.125311,0.65000004,7,6,6,192.59121083296262,469.2126274108887,257.9582267541152,0.5326113879680634,0.7684741,743.46893,10,151,6.830641666667485,43.125317,35.000008,65.43687333333352,0.5,0.5068892240524292,uniform,uniform,10,0.0,0.0,0.0,7,3-2-0-1
independent,1234,vehicle_id_permuted,17,9.616183,0.75,5,2,2,141.50174939632416,434.96352195739746,238.0359926223755,0.586240628361702,0.58545965,605.38165,10,151,6.830641666667485,34.616184,25.0,65.43687333333352,0.5,0.5068892240524292,uniform,uniform,10,0.0,0.0,0.0,7,3-2-0-1
independent,1234,vehicle_id_permuted,18,9.784551,0.8,4,3,3,179.37504708766937,447.8680229187012,291.90249636769295,0.5902348786592484,0.646791,612.1972,10,151,6.830641666667485,29.784546,19.999996,65.43687333333352,0.5,0.5068892240524292,uniform,uniform,10,0.0,0.0,0.0,7,3-2-0-1
independent,1234,vehicle_id_permuted,19,8.584934,0.7,6,3,3,174.37294466154916,420.256290435791,250.00753947666712,0.5500000715255737,0.6657795,672.00006,10,151,6.830641666667485,38.58493,29.999996,65.43687333333352,0.5,0.5068892240524292,uniform,uniform,10,0.0,0.0,0.0,7,3-2-0-1
independent,1234,vehicle_id_permuted,20,8.99,0.85,3,2,2,164.85207007211798,451.24749183654785,285.71585150326,0.5870260566473007,0.60026664,624.00006,10,151,6.830641666667485,23.990002,15.000002,65.43687333333352,0.5,0.5068892240524292,uniform,uniform,10,0.0,0.0,0.0,7,3-2-0-1
independent,1234,vehicle_id_permuted,21,7.64,0.6,8,4,4,140.46792536973953,471.9840431213379,266.57772719860077,0.5154360264539719,0.8157381,816.00006,10,151,6.830641666667485,47.639996,39.999996,65.43687333333352,0.5,0.5068892240524292,uniform,uniform,10,0.0,0.0,0.0,7,3-2-0-1
independent,1234,vehicle_id_permuted,22,9.360429,0.7,6,6,6,126.69267258473805,433.7812328338623,230.94164780208044,0.550927796959877,0.5306459,672.00006,10,151,6.830641666667485,39.360428,30.0,65.43687333333352,0.5,0.5068892240524292,uniform,uniform,10,0.0,0.0,0.0,7,3-2-0-1
independent,1234,vehicle_id_permuted,23,8.227978,0.65000004,7,7,7,153.38269719710718,420.3764247894287,224.70098678882306,0.4855995178222656,0.7280162,795.64905,10,151,6.830641666667485,43.227985,35.000008,65.43687333333352,0.5,0.5068892240524292,uniform,uniform,10,0.0,0.0,0.0,7,3-2-0-1
independent,1234,vehicle_id_permuted,24,8.571522,0.7,6,5,5,137.2412369932447,472.9217720031738,221.88997609274728,0.57816361784935,0.7007001,658.8477,10,151,6.830641666667485,38.571526,30.000004,65.43687333333352,0.5,0.5068892240524292,uniform,uniform,10,0.0,0.0,0.0,7,3-2-0-1
independent,1234,vehicle_id_permuted,25,8.404817,0.65000004,7,6,6,147.00558529450342,452.3004341125488,252.08096320812518,0.5240321099758148,0.6812302,742.15894,10,151,6.830641666667485,43.40482,35.000004,65.43687333333352,0.5,0.5068892240524292,uniform,uniform,10,0.0,0.0,0.0,7,3-2-0-1
independent,1234,vehicle_id_permuted,26,6.9501157,0.75,5,2,2,149.79701578617096,468.42095375061035,257.74910068511963,0.4709497421979904,0.919537,867.9893,10,151,6.830641666667485,31.950111,24.999996,65.43687333333352,0.5,0.5068892240524292,uniform,uniform,10,0.0,0.0,0.0,7,3-2-0-1
independent,1234,vehicle_id_permuted,27,7.8833423,0.75,5,1,1,115.16662526130676,417.08407402038574,203.23601627349854,0.5392366051673889,0.66013974,692.66583,10,151,6.830641666667485,32.883343,25.0,65.43687333333352,0.5,0.5068892240524292,uniform,uniform,10,0.0,0.0,0.0,7,3-2-0-1
independent,1234,vehicle_id_permuted,28,8.22177,0.95,1,1,1,129.59767812176756,455.80533027648926,257.8482949733734,0.6006459176540375,0.61232114,607.0045,10,151,6.830641666667485,13.22177,5.0,65.43687333333352,0.5,0.5068892240524292,uniform,uniform,10,0.0,0.0,0.0,7,3-2-0-1
independent,1234,vehicle_id_permuted,29,8.074165,0.85,3,3,3,174.9785420473884,478.0800533294678,296.9803127120523,0.5541793823242187,0.7641618,758.62494,10,151,6.830641666667485,23.074165,15.0,65.43687333333352,0.5,0.5068892240524292,uniform,uniform,10,0.0,0.0,0.0,7,3-2-0-1
independent,1234,vehicle_id_permuted,30,10.230948,0.90000004,2,1,1,131.8850964307785,473.708438873291,241.23038053512573,0.6920476496219635,0.28394273,440.97708,10,151,6.830641666667485,20.230947,9.999999,65.43687333333352,0.5,0.5068892240524292,uniform,uniform,10,0.0,0.0,0.0,7,3-2-0-1
independent,1234,vehicle_id_permuted,31,7.986311,0.7,6,6,6,86.98475654636111,437.81785011291504,229.79320815631323,0.5064838618040085,0.76517934,761.36896,10,151,6.830641666667485,37.986313,30.000002,65.43687333333352,0.5,0.5068892240524292,uniform,uniform,10,0.0,0.0,0.0,7,3-2-0-1
independent,1234,vehicle_id_permuted,32,9.347242,0.75,5,4,4,188.60600590705872,438.7631034851074,262.0035560131073,0.5869472563266754,0.59227574,607.82446,10,151,6.830641666667485,34.34724,24.999998,65.43687333333352,0.5,0.5068892240524292,uniform,uniform,10,0.0,0.0,0.0,7,3-2-0-1
independent,1234,vehicle_id_permuted,33,6.0576124,0.8,4,3,3,151.34020417928696,457.58877754211426,274.0411904454231,0.4434769481420517,1.0009062,927.23883,10,151,6.830641666667485,26.057613,20.0,65.43687333333352,0.5,0.5068892240524292,uniform,uniform,10,0.0,0.0,0.0,7,3-2-0-1
independent,1234,vehicle_id_permuted,34,8.84,0.85,3,0,0,150.82319519099067,476.9992160797119,279.6036289719974,0.5863319903612136,0.6635327,672.00006,10,151,6.830641666667485,23.839996,14.999996,65.43687333333352,0.5,0.5068892240524292,uniform,uniform,10,0.0,0.0,0.0,7,3-2-0-1
independent,1234,vehicle_id_permuted,35,8.664735,0.65000004,7,3,3,139.59501564502716,426.1440181732178,262.03014850616455,0.5427178740501404,0.6623489,685.9819,10,151,6.830641666667485,43.664738,35.000004,65.43687333333352,0.5,0.5068892240524292,uniform,uniform,10,0.0,0.0,0.0,7,3-2-0-1
independent,1234,vehicle_id_permuted,36,8.082137,0.7,6,5,5,157.97476140516144,442.26244926452637,219.75231094019753,0.5145627647638321,0.8248299,750.30206,10,151,6.830641666667485,38.082134,29.999996,65.43687333333352,0.5,0.5068892240524292,uniform,uniform,10,0.0,0.0,0.0,7,3-2-0-1
independent,1234,vehicle_id_permuted,37,9.441655,0.7,6,5,5,169.87684878919805,397.5174808502197,250.062267269407,0.5750000476837158,0.6090701,624.00006,10,151,6.830641666667485,39.441654,30.0,65.43687333333352,0.5,0.5068892240524292,uniform,uniform,10,0.0,0.0,0.0,7,3-2-0-1
independent,1234,vehicle_id_permuted,38,8.959988,0.8,4,4,4,163.48616123199463,444.0879821777344,264.54024732112885,0.5547326445579529,0.6639411,675.0014,10,151,6.830641666667485,28.959988,20.0,65.43687333333352,0.5,0.5068892240524292,uniform,uniform,10,0.0,0.0,0.0,7,3-2-0-1
independent,1234,vehicle_id_permuted,39,9.097158,0.7,6,2,2,186.78286135196686,461.3520812988281,269.1780592714037,0.5866580247879029,0.6122142,630.9689,10,151,6.830641666667485,39.09716,30.000002,65.43687333333352,0.5,0.5068892240524292,uniform,uniform,10,0.0,0.0,0.0,7,3-2-0-1
independent,1234,vehicle_id_permuted,40,9.898912,0.75,5,3,3,161.51498770713806,471.52064323425293,288.163507938385,0.6337730467319489,0.6276308,575.99994,10,151,6.830641666667485,34.89891,24.999998,65.43687333333352,0.5,0.5068892240524292,uniform,uniform,10,0.0,0.0,0.0,7,3-2-0-1
independent,1234,vehicle_id_permuted,41,6.1688237,0.75,5,4,4,136.81177669763565,479.28099632263184,233.53212070465088,0.4552796810865402,1.0105063,929.11774,10,151,6.830641666667485,31.168825,25.000002,65.43687333333352,0.5,0.5068892240524292,uniform,uniform,10,0.0,0.0,0.0,7,3-2-0-1
independent,1234,vehicle_id_permuted,42,6.303053,0.85,3,2,2,122.00367566417245,434.932165145874,237.1999052692862,0.4943945795297623,0.7090013,781.6948,10,151,6.830641666667485,21.303051,14.999998,65.43687333333352,0.5,0.5068892240524292,uniform,uniform,10,0.0,0.0,0.0,7,3-2-0-1
independent,1234,vehicle_id_permuted,43,9.38,0.6,8,6,6,173.94428580999374,452.688045501709,248.9232376217842,0.5607750952243805,0.62969863,672.00006,10,151,6.830641666667485,49.38,40.0,65.43687333333352,0.5,0.5068892240524292,uniform,uniform,10,0.0,0.0,0.0,7,3-2-0-1
independent,1234,vehicle_id_permuted,44,7.0876617,0.8,4,4,4,157.86976494826376,467.8997039794922,267.72609896957874,0.49194453954696654,0.8204062,834.0167,10,151,6.830641666667485,27.087662,20.0,65.43687333333352,0.5,0.5068892240524292,uniform,uniform,10,0.0,0.0,0.0,7,3-2-0-1
independent,1234,vehicle_id_permuted,45,9.232058,0.95,1,0,0,125.35367159466995,452.45816230773926,233.59300864370246,0.6264425605535507,0.48395178,545.6885,10,151,6.830641666667485,14.232059,5.000001,65.43687333333352,0.5,0.5068892240524292,uniform,uniform,10,0.0,0.0,0.0,7,3-2-0-1
independent,1234,vehicle_id_permuted,46,7.163515,0.75,5,3,3,101.82819998264313,431.6788673400879,199.12431478500366,0.4990030527114868,0.7090649,769.9143,10,151,6.830641666667485,32.163517,25.000002,65.43687333333352,0.5,0.5068892240524292,uniform,uniform,10,0.0,0.0,0.0,7,3-2-0-1
independent,1234,vehicle_id_permuted,47,9.805712,0.65000004,7,6,6,130.3542256813783,424.6157455444336,232.45709277116336,0.5750000476837158,0.50714725,624.00006,10,151,6.830641666667485,44.80571,35.0,65.43687333333352,0.5,0.5068892240524292,uniform,uniform,10,0.0,0.0,0.0,7,3-2-0-1
independent,1234,vehicle_id_permuted,48,8.510025,0.7,6,3,3,169.421911750521,468.7620735168457,258.2609714780535,0.5540931254625321,0.7131784,725.1169,10,151,6.830641666667485,38.510025,30.0,65.43687333333352,0.5,0.5068892240524292,uniform,uniform,10,0.0,0.0,0.0,7,3-2-0-1
independent,1234,vehicle_id_permuted,49,7.7045937,0.8,4,2,2,151.46583762019873,470.56446075439453,244.3914256989956,0.5559050172567368,0.73004425,703.54065,10,151,6.830641666667485,27.7046,20.000006,65.43687333333352,0.5,0.5068892240524292,uniform,uniform,10,0.0,0.0,0.0,7,3-2-0-1
independent,1234,vehicle_id_permuted,50,8.617698,0.7,6,6,6,136.85051449707575,429.42249298095703,254.2760247843606,0.5334045886993408,0.6195213,703.86334,10,151,6.830641666667485,38.6177,30.0,65.43687333333352,0.5,0.5068892240524292,uniform,uniform,10,0.0,0.0,0.0,7,3-2-0-1
independent,1234,vehicle_id_permuted,51,8.960293,0.85,3,3,3,132.99894175108741,464.2302703857422,223.8922893299776,0.6178560495376587,0.5784385,573.9468,10,151,6.830641666667485,23.960293,15.0,65.43687333333352,0.5,0.5068892240524292,uniform,uniform,10,0.0,0.0,0.0,7,3-2-0-1
independent,1234,vehicle_id_permuted,52,9.789829,0.85,3,3,3,185.81174759303823,437.77052879333496,261.08133231892305,0.6212502300739289,0.62042063,544.01697,10,151,6.830641666667485,24.789833,15.000004,65.43687333333352,0.5,0.5068892240524292,uniform,uniform,10,0.0,0.0,0.0,7,3-2-0-1
independent,1234,vehicle_id_permuted,53,8.883674,0.8,4,2,2,173.79489675164223,464.1295909881592,286.8486861884594,0.5868938237428665,0.6233464,650.9225,10,151,6.830641666667485,28.883675,20.0,65.43687333333352,0.5,0.5068892240524292,uniform,uniform,10,0.0,0.0,0.0,7,3-2-0-1
independent,1234,vehicle_id_permuted,54,7.8613505,0.75,5,3,3,165.31483137607574,458.30291748046875,227.8639624118805,0.5001594066619873,0.7650561,793.9971,10,151,6.830641666667485,32.86135,25.0,65.43687333333352,0.5,0.5068892240524292,uniform,uniform,10,0.0,0.0,0.0,7,3-2-0-1
independent,1234,vehicle_id_permuted,55,11.666285,0.90000004,2,2,2,185.058464606603,475.6119918823242,280.84959228833515,0.7116955161094666,0.28687587,405.15662,10,151,6.830641666667485,21.666286,10.000002,65.43687333333352,0.5,0.5068892240524292,uniform,uniform,10,0.0,0.0,0.0,7,3-2-0-1
independent,1234,vehicle_id_permuted,56,8.994429,0.8,4,1,1,131.7294893413782,375.75822830200195,230.59421584010124,0.5783556699752808,0.5309518,617.5572,10,151,6.830641666667485,28.99443,20.000002,65.43687333333352,0.5,0.5068892240524292,uniform,uniform,10,0.0,0.0,0.0,7,3-2-0-1
independent,1234,vehicle_id_permuted,57,9.516478,0.75,5,5,5,156.08601416647434,464.7326374053955,265.80530083179474,0.5770596534013748,0.5320878,672.00006,10,151,6.830641666667485,34.516483,25.000006,65.43687333333352,0.5,0.5068892240524292,uniform,uniform,10,0.0,0.0,0.0,7,3-2-0-1
independent,1234,vehicle_id_permuted,58,8.360001,0.6,8,7,7,133.67086932063103,478.4718132019043,252.68040925264359,0.5196395695209504,0.80781937,816.00006,10,151,6.830641666667485,48.36001,40.000008,65.43687333333352,0.5,0.5068892240524292,uniform,uniform,10,0.0,0.0,0.0,7,3-2-0-1
independent,1234,vehicle_id_permuted,59,9.698009,0.85,3,3,3,174.68382523340338,423.9408302307129,256.23637865571413,0.5905447006225586,0.41811904,594.1543,10,151,6.830641666667485,24.69801,15.000001,65.43687333333352,0.5,0.5068892240524292,uniform,uniform,10,0.0,0.0,0.0,7,3-2-0-1
independent,2345,aggregation_argmax,0,10.043837,0.95,1,1,1,184.90727785386537,434.3272876739502,232.6767494803981,0.6606834024190903,0.38347223,461.81522,10,164,7.403464999999443,15.043833,4.999996,71.54562166666665,0.5,0.5068892240524292,uniform,uniform,10,0.0,0.0,0.0,0,
independent,2345,aggregation_argmax,1,9.322171,0.7,6,4,4,165.43671905994415,472.4655246734619,256.1160498006003,0.5920007258653641,0.6451117,672.00006,10,164,7.403464999999443,39.322166,29.999996,71.54562166666665,0.5,0.5068892240524292,uniform,uniform,10,0.0,0.0,0.0,0,
independent,2345,aggregation_argmax,2,9.861722,0.65000004,7,7,7,174.53938227433426,442.8430938720703,269.65468883514404,0.5806474924087525,0.55973625,624.00006,10,164,7.403464999999443,44.861717,34.999996,71.54562166666665,0.5,0.5068892240524292,uniform,uniform,10,0.0,0.0,0.0,0,
independent,2345,aggregation_argmax,3,6.809571,0.65000004,7,7,7,169.05526440877182,453.0640125274658,295.4884176987868,0.4461566597223282,0.741096,892.44336,10,164,7.403464999999443,41.80957,35.0,71.54562166666665,0.5,0.5068892240524292,uniform,uniform,10,0.0,0.0,0.0,0,
independent,2345,aggregation_argmax,4,8.1,0.90000004,2,2,2,152.16867804527283,478.38340759277344,294.72471475601196,0.5857315629720687,0.7019687,720.00006,10,164,7.403464999999443,18.100002,10.000002,71.54562166666665,0.5,0.5068892240524292,uniform,uniform,10,0.0,0.0,0.0,0,
independent,2345,aggregation_argmax,5,8.304958,0.7,6,5,5,179.8807609932763,476.38638496398926,263.27066915375843,0.5552194744348526,0.68055606,708.36255,10,164,7.403464999999443,38.304962,30.000004,71.54562166666665,0.5,0.5068892240524292,uniform,uniform,10,0.0,0.0,0.0,0,
independent,2345,aggregation_argmax,6,10.199818,0.95,1,1,1,174.25005112823686,458.4829330444336,264.70763344513745,0.6679306358098984,0.39383364,482.3195,10,164,7.403464999999443,15.199818,5.0,71.54562166666665,0.5,0.5068892240524292,uniform,uniform,10,0.0,0.0,0.0,0,
independent,2345,aggregation_argmax,7,8.026955,0.90000004,2,1,1,177.95536249876022,461.2122631072998,270.07251183191937,0.5659710556268692,0.66836786,670.548,10,164,7.403464999999443,18.026955,10.0,71.54562166666665,0.5,0.5068892240524292,uniform,uniform,10,0.0,0.0,0.0,0,
independent,2345,aggregation_argmax,8,9.881323,0.75,5,5,5,145.15973591804504,407.2180652618408,212.32455205917358,0.6136842370033264,0.58449286,549.7264,10,164,7.403464999999443,34.88132,24.999998,71.54562166666665,0.5,0.5068892240524292,uniform,uniform,10,0.0,0.0,0.0,0,
independent,2345,aggregation_argmax,9,9.5767565,0.75,5,4,4,178.2078958749771,464.11251068115234,244.31218457221985,0.6167253494262696,0.60322607,575.99994,10,164,7.403464999999443,34.57675,24.999996,71.54562166666665,0.5,0.5068892240524292,uniform,uniform,10,0.0,0.0,0.0,0,
independent,2345,aggregation_argmax,10,7.6740274,0.90000004,2,2,2,141.79520418246588,470.3594398498535,215.4938018321991,0.5826886832714081,0.5986903,647.59717,10,164,7.403464999999443,17.67403,10.000003,71.54562166666665,0.5,0.5068892240524292,uniform,uniform,10,0.0,0.0,0.0,0,
independent,2345,aggregation_argmax,11,7.063983,0.85,3,3,3,134.3967506289482,395.89619636535645,216.0049215485068,0.5135536193847656,0.77989507,741.97723,10,164,7.403464999999443,22.063984,15.000001,71.54562166666665,0.5,0.5068892240524292,uniform,uniform,10,0.0,0.0,0.0,0,
independent,2345,aggregation_argmax,12,13.746499,0.85,3,1,1,110.53865643108593,411.189022064209,218.70215514126946,0.8162579536437988,0.089060284,160.78484,10,164,7.403464999999443,28.746498,14.999999,71.54562166666665,0.5,0.5068892240524292,uniform,uniform,10,0.0,0.0,0.0,0,
independent,2345,aggregation_argmax,13,6.839553,0.8,4,4,4,150.16476083546877,469.7245788574219,262.28492975234985,0.4939837694168091,0.6966542,817.2758,10,164,7.403464999999443,26.839552,20.0,71.54562166666665,0.5,0.5068892240524292,uniform,uniform,10,0.0,0.0,0.0,0,
independent,2345,aggregation_argmax,14,10.213435,0.75,5,4,4,201.30435729026794,445.15514373779297,299.3716244697571,0.6352486789226532,0.58741254,527.99994,10,164,7.403464999999443,35.213436,25.0,71.54562166666665,0.5,0.5068892240524292,uniform,uniform,10,0.0,0.0,0.0,0,
independent,2345,aggregation_argmax,15,8.127787,0.85,3,3,3,159.61867795271033,454.81761932373047,233.79300250726587,0.570061418414116,0.71574056,665.2214,10,164,7.403464999999443,23.127789,15.000002,71.54562166666665,0.5,0.5068892240524292,uniform,uniform,10,0.0,0.0,0.0,0,
independent,2345,aggregation_argmax,16,10.112302,0.75,5,4,4,179.3231953382492,449.21393394470215,281.96077489852905,0.6001729398965836,0.5012509,595.8215,10,164,7.403464999999443,35.112305,25.000004,71.54562166666665,0.5,0.5068892240524292,uniform,uniform,10,0.0,0.0,0.0,0,
independent,2345,aggregation_argmax,17,8.65777,0.8,4,4,4,121.65077839046717,438.3739185333252,217.15499013662338,0.5506749838590622,0.51801586,677.07806,10,164,7.403464999999443,28.657772,20.000002,71.54562166666665,0.5,0.5068892240524292,uniform,uniform,10,0.0,0.0,0.0,0,
independent,2345,aggregation_argmax,18,8.370904,0.85,3,3,3,163.89448022141175,447.1020698547363,252.122298969942,0.5359160482883454,0.719272,725.39954,10,164,7.403464999999443,23.370903,14.999999,71.54562166666665,0.5,0.5068892240524292,uniform,uniform,10,0.0,0.0,0.0,0,
independent,2345,aggregation_argmax,19,7.764509,0.7,6,3,3,145.49328906195504,430.9467601776123,234.64568853378296,0.5170292258262634,0.7158489,735.3041,10,164,7.403464999999443,37.764507,29.999998,71.54562166666665,0.5,0.5068892240524292,uniform,uniform,10,0.0,0.0,0.0,0,
independent,2345,aggregation_argmax,20,8.178142,0.7,6,5,5,132.1228746005467,463.6977767944336,282.9934675352914,0.5185077518224717,0.7525722,768.00006,10,164,7.403464999999443,38.178146,30.000004,71.54562166666665,0.5,0.5068892240524292,uniform,uniform,10,0.0,0.0,0.0,0,
independent,2345,aggregation_argmax,21,8.541129,0.4,12,10,10,189.78208780288696,436.8735694885254,272.55953773856163,0.477538400888443,0.84474015,816.00006,10,164,7.403464999999443,68.54112,59.999992,71.54562166666665,0.5,0.5068892240524292,uniform,uniform,10,0.0,0.0,0.0,0,
independent,2345,aggregation_argmax,22,9.315796,0.75,5,4,4,176.8346756696701,477.75455474853516,278.3494987487793,0.5773469090461731,0.5367816,672.00006,10,164,7.403464999999443,34.315792,24.999996,71.54562166666665,0.5,0.5068892240524292,uniform,uniform,10,0.0,0.0,0.0,0,
independent,2345,aggregation_argmax,23,7.755994,0.6,8,8,8,183.62418740987778,464.3524360656738,261.54541432857513,0.4661207735538483,0.7117209,865.4007,10,164,7.403464999999443,47.755997,40.000004,71.54562166666665,0.5,0.5068892240524292,uniform,uniform,10,0.0,0.0,0.0,0,
independent,2345,aggregation_argmax,24,9.119373,0.7,6,5,5,138.002051455634,454.6226406097412,200.2955491202218,0.6179728299379349,0.58573484,564.11487,10,164,7.403464999999443,39.11937,29.999996,71.54562166666665,0.5,0.5068892240524292,uniform,uniform,10,0.0,0.0,0.0,0,
independent,2345,aggregation_argmax,25,8.038396,0.65000004,7,4,4,203.6629454447673,449.1280746459961,272.70907842195953,0.5089209318161011,0.6204023,768.00006,10,164,7.403464999999443,43.03839,34.999996,71.54562166666665,0.5,0.5068892240524292,uniform,uniform,10,0.0,0.0,0.0,0,
independent,2345,aggregation_argmax,26,8.11594,0.7,6,6,6,152.74276371513093,469.32738304138184,243.9725431374141,0.5624170631170273,0.7614591,721.40607,10,164,7.403464999999443,38.11594,30.0,71.54562166666665,0.5,0.5068892240524292,uniform,uniform,10,0.0,0.0,0.0,0,
independent,2345,aggregation_argmax,27,7.287533,0.85,3,2,2,133.95943196380838,435.1714897155762,235.4621765192817,0.5297924220561981,0.63029534,713.9702,10,164,7.403464999999443,22.287533,15.0,71.54562166666665,0.5,0.5068892240524292,uniform,uniform,10,0.0,0.0,0.0,0,
independent,2345,aggregation_argmax,28,8.476081,0.8,4,3,3,147.4753886461258,461.8355655670166,245.1637713611126,0.5952286809682846,0.6298442,614.9967,10,164,7.403464999999443,28.476082,20.0,71.54562166666665,0.5,0.5068892240524292,uniform,uniform,10,0.0,0.0,0.0,0,
independent,2345,aggregation_argmax,29,6.997645,0.65000004,7,5,5,138.90039957486667,396.0611915588379,247.7262783050537,0.42819902300834656,0.8687445,905.85803,10,164,7.403464999999443,41.99765,35.000004,71.54562166666665,0.5,0.5068892240524292,uniform,uniform,10,0.0,0.0,0.0,0,
independent,2345,aggregation_argmax,30,10.31367,0.75,5,4,4,140.77998042106628,447.59044647216797,228.91954946517944,0.6546654343605042,0.41929895,486.63293,10,164,7.403464999999443,35.313667,24.999996,71.54562166666665,0.5,0.5068892240524292,uniform,uniform,10,0.0,0.0,0.0,0,
independent,2345,aggregation_argmax,31,10.023142,0.75,5,5,5,142.95754027366638,457.85144805908203,259.149555683136,0.5892436683177948,0.4831182,624.00006,10,164,7.403464999999443,35.02314,24.999998,71.54562166666665,0.5,0.5068892240524292,uniform,uniform,10,0.0,0.0,0.0,0,
independent,2345,aggregation_argmax,32,9.021323,0.65000004,7,6,6,201.5022116440993,408.1702709197998,254.39806112876306,0.571801483631134,0.64284265,630.1413,10,164,7.403464999999443,44.02133,35.000008,71.54562166666665,0.5,0.5068892240524292,uniform,uniform,10,0.0,0.0,0.0,0,
independent,2345,aggregation_argmax,33,6.2378216,0.6,8,8,8,147.53800630569458,456.9275093078613,234.45906281471252,0.41645345389842986,1.0118892,964.63385,10,164,7.403464999999443,46.237816,39.999992,71.54562166666665,0.5,0.5068892240524292,uniform,uniform,10,0.0,0.0,0.0,0,
independent,2345,aggregation_argmax,34,8.691894,0.75,5,4,4,134.24952173233032,390.9162139892578,226.37064051628113,0.5361576080322266,0.6623492,698.5776,10,164,7.403464999999443,33.69189,24.999996,71.54562166666665,0.5,0.5068892240524292,uniform,uniform,10,0.0,0.0,0.0,0,
independent,2345,aggregation_argmax,35,8.454046,0.8,4,4,4,147.87494709715247,456.3882637023926,258.4632794559002,0.5578509509563446,0.6587312,681.31464,10,164,7.403464999999443,28.454044,19.999998,71.54562166666665,0.5,0.5068892240524292,uniform,uniform,10,0.0,0.0,0.0,0,
independent,2345,aggregation_argmax,36,8.226798,0.65000004,7,7,7,147.0584763930394,385.1831245422363,211.51122093200684,0.527428388595581,0.631383,715.33765,10,164,7.403464999999443,43.2268,35.0,71.54562166666665,0.5,0.5068892240524292,uniform,uniform,10,0.0,0.0,0.0,0,
independent,2345,aggregation_argmax,37,9.48,0.7,6,4,4,195.81894763878412,442.7829837799072,272.6399384226118,0.5806161850690842,0.6022607,624.00006,10,164,7.403464999999443,39.48,30.0,71.54562166666665,0.5,0.5068892240524292,uniform,uniform,10,0.0,0.0,0.0,0,
independent,2345,aggregation_argmax,38,8.275453,0.65000004,7,7,7,204.09784665474524,477.73183822631836,285.93190945111786,0.5178550809621811,0.6586036,786.0276,10,164,7.403464999999443,43.27545,35.0,71.54562166666665,0.5,0.5068892240524292,uniform,uniform,10,0.0,0.0,0.0,0,
independent,2345,aggregation_argmax,39,9.739441,0.65000004,7,6,6,196.37405193769015,428.95331382751465,270.0958255621103,0.5661166906356812,0.656676,641.0561,10,164,7.403464999999443,44.73944,35.0,71.54562166666665,0.5,0.5068892240524292,uniform,uniform,10,0.0,0.0,0.0,0,
independent,2345,aggregation_argmax,40,9.030521,0.8,4,4,4,154.28387749940157,441.36022567749023,254.27015617489815,0.6048752009868622,0.59642565,575.99994,10,164,7.403464999999443,29.030521,20.0,71.54562166666665,0.5,0.5068892240524292,uniform,uniform,10,0.0,0.0,0.0,0,
independent,2345,aggregation_argmax,41,7.082921,0.7,6,5,5,193.67698475718498,459.9734687805176,291.46742258753096,0.46336412727832793,0.91389334,871.9584,10,164,7.403464999999443,37.082924,30.000004,71.54562166666665,0.5,0.5068892240524292,uniform,uniform,10,0.0,0.0,0.0,0,
independent,2345,aggregation_argmax,42,6.806298,0.8,4,3,3,135.8082975447178,465.82305908203125,236.01864382624626,0.5195067167282105,0.72709376,764.3703,10,164,7.403464999999443,26.806297,20.0,71.54562166666665,0.5,0.5068892240524292,uniform,uniform,10,0.0,0.0,0.0,0,
independent,2345,aggregation_argmax,43,6.686172,0.65000004,7,2,2,116.3296219935784,444.2662525177002,216.60748408390924,0.45454088747501376,0.93693745,867.548,10,164,7.403464999999443,41.68617,34.999996,71.54562166666665,0.5,0.5068892240524292,uniform,uniform,10,0.0,0.0,0.0,0,
independent,2345,aggregation_argmax,44,8.745604,0.7,6,6,6,117.72604372884545,419.4686222076416,234.89271410873957,0.5379099249839783,0.6492606,695.2131,10,164,7.403464999999443,38.7456,29.999998,71.54562166666665,0.5,0.5068892240524292,uniform,uniform,10,0.0,0.0,0.0,0,
independent,2345,aggregation_argmax,45,11.233185,0.85,3,3,3,141.6554048832725,477.94718742370605,226.10007594613467,0.6843477070331574,0.38237718,480.49518,10,164,7.403464999999443,26.233187,15.000002,71.54562166666665,0.5,0.5068892240524292,uniform,uniform,10,0.0,0.0,0.0,0,
independent,2345,aggregation_argmax,46,7.643441,0.8,4,4,4,124.17803451418877,465.2929401397705,234.70077574253082,0.5670126765966416,0.61877894,672.6287,10,164,7.403464999999443,27.64344,20.0,71.54562166666665,0.5,0.5068892240524292,uniform,uniform,10,0.0,0.0,0.0,0,
independent,2345,aggregation_argmax,47,9.116025,0.75,5,4,4,162.27637612819672,429.13744926452637,232.58638858795166,0.5746899247169495,0.62655795,624.5955,10,164,7.403464999999443,34.116024,25.0,71.54562166666665,0.5,0.5068892240524292,uniform,uniform,10,0.0,0.0,0.0,0,
independent,2345,aggregation_argmax,48,6.525214,0.7,6,3,3,151.95747166872025,476.1738109588623,240.79652973583765,0.44932050406932833,1.0239002,909.4787,10,164,7.403464999999443,36.52521,29.999996,71.54562166666665,0.5,0.5068892240524292,uniform,uniform,10,0.0,0.0,0.0,0,
independent,2345,aggregation_argmax,49,8.706421,0.75,5,4,4,133.0639923810959,448.0026054382324,230.78461861610413,0.5831482946872711,0.609752,624.35803,10,164,7.403464999999443,33.70642,25.0,71.54562166666665,0.5,0.5068892240524292,uniform,uniform,10,0.0,0.0,0.0,0,
independent,2345,aggregation_argmax,50,8.337688,0.85,3,3,3,202.23726321669187,476.5536117553711,302.5876820788664,0.5897243797779084,0.6646246,672.00006,10,164,7.403464999999443,23.337692,15.000004,71.54562166666665,0.5,0.5068892240524292,uniform,uniform,10,0.0,0.0,0.0,0,
independent,2345,aggregation_argmax,51,8.828625,0.7,6,6,6,150.22593191691809,463.17352294921875,235.23886697632926,0.5811594903469086,0.63336897,661.2213,10,164,7.403464999999443,38.82863,30.000004,71.54562166666665,0.5,0.5068892240524292,uniform,uniform,10,0.0,0.0,0.0,0,
independent,2345,aggregation_argmax,52,9.429669,0.6,8,8,8,178.67617279291153,470.02684593200684,305.35119116306305,0.5714280635118485,0.6706543,672.00006,10,164,7.403464999999443,49.429672,40.000004,71.54562166666665,0.5,0.5068892240524292,uniform,uniform,10,0.0,0.0,0.0,0,
independent,2345,aggregation_argmax,53,8.518963,0.85,3,1,1,133.48136186599731,460.59725761413574,241.34221883381113,0.5652850449085236,0.6419925,675.39667,10,164,7.403464999999443,23.518963,15.0,71.54562166666665,0.5,0.5068892240524292,uniform,uniform,10,0.0,0.0,0.0,0,
independent,2345,aggregation_argmax,54,7.894669,0.75,5,4,4,165.62321174144745,429.79591369628906,228.1723449230194,0.49618300795555115,0.724231,775.3288,10,164,7.403464999999443,32.89467,25.0,71.54562166666665,0.5,0.5068892240524292,uniform,uniform,10,0.0,0.0,0.0,0,
independent,2345,aggregation_argmax,55,9.869577,0.75,5,5,5,138.07875394821167,413.46190452575684,203.7307198047638,0.6135196685791016,0.36458465,550.04224,10,164,7.403464999999443,34.869576,24.999998,71.54562166666665,0.5,0.5068892240524292,uniform,uniform,10,0.0,0.0,0.0,0,
independent,2345,aggregation_argmax,56,10.014361,0.85,3,1,1,118.61431507503285,410.5549907684326,232.52914414686316,0.6137688755989075,0.5156764,549.5639,10,164,7.403464999999443,25.014362,15.000001,71.54562166666665,0.5,0.5068892240524292,uniform,uniform,10,0.0,0.0,0.0,0,
independent,2345,aggregation_argmax,57,8.738836,0.75,5,5,5,172.60814905166626,438.6061191558838,258.93794202804565,0.5483164966106415,0.65595436,685.37836,10,164,7.403464999999443,33.73884,25.000002,71.54562166666665,0.5,0.5068892240524292,uniform,uniform,10,0.0,0.0,0.0,0,
independent,2345,aggregation_argmax,58,9.032084,0.5,10,9,9,180.24485564231873,465.8593940734863,249.40050601959229,0.4926351845264435,0.8035363,816.00006,10,164,7.403464999999443,59.03208,49.999996,71.54562166666665,0.5,0.5068892240524292,uniform,uniform,10,0.0,0.0,0.0,0,
independent,2345,aggregation_argmax,59,10.13,0.7,6,6,6,247.91283130645752,459.58651542663574,297.978903395789,0.589368024468422,0.5088373,624.00006,10,164,7.403464999999443,40.129997,29.999996,71.54562166666665,0.5,0.5068892240524292,uniform,uniform,10,0.0,0.0,0.0,0,
independent,2345,aggregation_softmax,0,13.1785755,1.0,0,0,0,185.11387610435486,437.9161262512207,237.1590507030487,0.851769083738327,0.14826721,98.51961,10,152,6.987294999998284,13.178574,-1.9073486e-06,66.7945349999999,0.5,0.5068892240524292,uniform,uniform,10,0.0,0.0,0.0,0,
independent,2345,aggregation_softmax,1,15.276173,0.65000004,7,6,6,92.43968161252829,479.3660545349121,180.7197841314169,0.8694110989570618,0.08935703,138.2186,10,152,6.987294999998284,50.276176,35.000004,66.7945349999999,0.5,0.5068892240524292,uniform,uniform,10,0.0,0.0,0.0,0,
independent,2345,aggregation_softmax,2,16.188591,0.7,6,6,6,184.00896874921662,465.88059425354004,253.22449973651342,0.921197983622551,0.08610727,15.1409,10,152,6.987294999998284,46.188587,29.999996,66.7945349999999,0.5,0.5068892240524292,uniform,uniform,10,0.0,0.0,0.0,0,
independent,2345,aggregation_softmax,3,15.988024,0.7,6,6,6,172.66543277672358,475.4795837402344,289.02344737734114,0.9492138296365737,0.062483035,26.197718,10,152,6.987294999998284,45.98803,30.000006,66.7945349999999,0.5,0.5068892240524292,uniform,uniform,10,0.0,0.0,0.0,0,
independent,2345,aggregation_softmax,4,15.914705,0.8,4,4,4,167.43154630064964,475.78722953796387,259.58957746624947,0.9229956597089768,0.0319536,9.459927,10,152,6.987294999998284,35.914703,19.999998,66.7945349999999,0.5,0.5068892240524292,uniform,uniform,10,0.0,0.0,0.0,0,
independent,2345,aggregation_softmax,5,14.369781,0.95,1,0,0,160.63115593634154,477.08913803100586,261.337718273464,0.8900345832109451,0.14564942,94.98609,10,152,6.987294999998284,19.369781,5.000001,66.7945349999999,0.5,0.5068892240524292,uniform,uniform,10,0.0,0.0,0.0,0,
independent,2345,aggregation_softmax,6,14.875736,0.85,3,3,3,164.4912766709047,447.00757026672363,244.75425713202532,0.8860436260700226,0.07235233,52.06722,10,152,6.987294999998284,29.875729,14.999992,66.7945349999999,0.5,0.5068892240524292,uniform,uniform,10,0.0,0.0,0.0,0,
independent,2345,aggregation_softmax,7,15.429899,0.75,5,4,4,147.38954985141754,444.592809677124,249.0622091293335,0.897742310166359,0.047600154,16.927752,10,152,6.987294999998284,40.4299,25.000002,66.7945349999999,0.5,0.5068892240524292,uniform,uniform,10,0.0,0.0,0.0,0,
independent,2345,aggregation_softmax,8,13.396297,0.8,4,4,4,94.64105352759361,445.49872398376465,196.90809421241283,0.790721395611763,0.1406743,223.31381,10,152,6.987294999998284,33.396297,20.0,66.7945349999999,0.5,0.5068892240524292,uniform,uniform,10,0.0,0.0,0.0,0,
independent,2345,aggregation_softmax,9,15.50183,0.7,6,5,5,193.51978412696295,433.11455726623535,265.1687903063638,0.8755806177854538,0.11539347,48.0,10,152,6.987294999998284,45.501835,30.000004,66.7945349999999,0.5,0.5068892240524292,uniform,uniform,10,0.0,0.0,0.0,0,
independent,2345,aggregation_softmax,10,16.42,0.7,6,6,6,143.03184079272407,466.6106414794922,209.8981672525406,0.9180264711380005,0.0788337,0.0,10,152,6.987294999998284,46.42,29.999998,66.7945349999999,0.5,0.5068892240524292,uniform,uniform,10,0.0,0.0,0.0,0,
independent,2345,aggregation_softmax,11,15.502993,0.90000004,2,2,2,190.6275089085102,449.71607208251953,287.52568384011585,0.9182065457105637,0.0741608,5.722046e-06,10,152,6.987294999998284,25.502995,10.000002,66.7945349999999,0.5,0.5068892240524292,uniform,uniform,10,0.0,0.0,0.0,0,
independent,2345,aggregation_softmax,12,15.167454,0.75,5,2,2,162.10386085510254,472.4032402038574,252.81740379333496,0.8654689133167267,0.057020523,106.703094,10,152,6.987294999998284,40.16745,24.999996,66.7945349999999,0.5,0.5068892240524292,uniform,uniform,10,0.0,0.0,0.0,0,
independent,2345,aggregation_softmax,13,11.790842,0.8,4,4,4,130.43117243796587,437.191686630249,217.9570423811674,0.7171627074480057,0.17024082,356.23932,10,152,6.987294999998284,31.790848,20.000006,66.7945349999999,0.5,0.5068892240524292,uniform,uniform,10,0.0,0.0,0.0,0,
independent,2345,aggregation_softmax,14,14.803606,0.85,3,2,2,154.34803983744453,471.9675064086914,240.9585604948156,0.9105884671211243,0.050162137,19.637735,10,152,6.987294999998284,29.803608,15.000002,66.7945349999999,0.5,0.5068892240524292,uniform,uniform,10,0.0,0.0,0.0,0,
independent,2345,aggregation_softmax,15,12.226512,0.85,3,3,3,145.2518953295315,443.2537078857422,241.14345788955688,0.7437005281448364,0.24165414,311.34888,10,152,6.987294999998284,27.226513,15.000001,66.7945349999999,0.5,0.5068892240524292,uniform,uniform,10,0.0,0.0,0.0,0,
independent,2345,aggregation_softmax,16,13.932714,0.75,5,4,4,175.46687483787537,474.5018005371094,277.2366487979889,0.8119908809661865,0.14220482,211.47935,10,152,6.987294999998284,38.93272,25.000006,66.7945349999999,0.5,0.5068892240524292,uniform,uniform,10,0.0,0.0,0.0,0,
independent,2345,aggregation_softmax,17,14.329312,0.85,3,3,3,141.2533087239546,444.0886974334717,231.72785913243013,0.8388592392206192,0.11646694,129.47906,10,152,6.987294999998284,29.329311,14.999999,66.7945349999999,0.5,0.5068892240524292,uniform,uniform,10,0.0,0.0,0.0,0,
independent,2345,aggregation_softmax,18,14.910736,0.7,6,6,6,172.6725509762764,359.09019470214844,212.40940945489066,0.8069438934326172,0.067876175,178.66783,10,152,6.987294999998284,44.91073,29.999992,66.7945349999999,0.5,0.5068892240524292,uniform,uniform,10,0.0,0.0,0.0,0,
independent,2345,aggregation_softmax,19,13.32742,0.75,5,2,2,159.5962896347046,418.6794376373291,244.07186269760132,0.8192872405052185,0.013544659,154.96864,10,152,6.987294999998284,38.32742,25.0,66.7945349999999,0.5,0.5068892240524292,uniform,uniform,10,0.0,0.0,0.0,0,
independent,2345,aggregation_softmax,20,16.02039,0.7,6,5,5,169.3781932762691,459.28688049316406,276.14396350724354,0.8933416038751603,0.062494792,53.95724,10,152,6.987294999998284,46.020393,30.000004,66.7945349999999,0.5,0.5068892240524292,uniform,uniform,10,0.0,0.0,0.0,0,
independent,2345,aggregation_softmax,21,13.272699,0.8,4,2,2,142.77015075087547,469.65296745300293,239.8126284778118,0.8613438189029694,0.07754272,115.908264,10,152,6.987294999998284,33.272697,19.999998,66.7945349999999,0.5,0.5068892240524292,uniform,uniform,10,0.0,0.0,0.0,0,
independent,2345,aggregation_softmax,22,16.023182,0.7,6,6,6,146.29778457539422,346.1418914794922,211.2106444154467,0.879522979259491,0.08479615,39.31603,10,152,6.987294999998284,46.023186,30.000004,66.7945349999999,0.5,0.5068892240524292,uniform,uniform,10,0.0,0.0,0.0,0,
independent,2345,aggregation_softmax,23,11.574269,0.65000004,7,7,7,118.75375160804161,470.7260227203369,225.82193558032697,0.6625013232231141,0.06332285,496.60703,10,152,6.987294999998284,46.57427,35.0,66.7945349999999,0.5,0.5068892240524292,uniform,uniform,10,0.0,0.0,0.0,0,
independent,2345,aggregation_softmax,24,13.806617,0.7,6,5,5,116.64222325597491,388.1685161590576,176.8296366078513,0.8196417689323425,0.11755488,154.28789,10,152,6.987294999998284,43.806614,29.999996,66.7945349999999,0.5,0.5068892240524292,uniform,uniform,10,0.0,0.0,0.0,0,
independent,2345,aggregation_softmax,25,15.454277,0.65000004,7,4,4,157.9093028948857,445.15771865844727,232.9102412553934,0.8690812170505524,0.0897242,78.09546,10,152,6.987294999998284,50.454277,35.0,66.7945349999999,0.5,0.5068892240524292,uniform,uniform,10,0.0,0.0,0.0,0,
independent,2345,aggregation_softmax,26,12.348623,0.85,3,3,3,176.9935422083911,458.0075168609619,262.5681306334103,0.7599604219198227,0.13495214,294.8836,10,152,6.987294999998284,27.34862,14.999996,66.7945349999999,0.5,0.5068892240524292,uniform,uniform,10,0.0,0.0,0.0,0,
independent,2345,aggregation_softmax,27,12.179643,0.75,5,4,4,98.0292501449585,458.45303535461426,224.68864059448242,0.7238881468772889,0.12971279,371.89975,10,152,6.987294999998284,37.179638,24.999996,66.7945349999999,0.5,0.5068892240524292,uniform,uniform,10,0.0,0.0,0.0,0,
independent,2345,aggregation_softmax,28,12.618418,0.90000004,2,1,1,85.30245890220006,428.2868957519531,203.70592176914215,0.8170678615570068,0.08887122,159.22978,10,152,6.987294999998284,22.61842,10.000002,66.7945349999999,0.5,0.5068892240524292,uniform,uniform,10,0.0,0.0,0.0,0,
independent,2345,aggregation_softmax,29,14.512284,0.8,4,2,2,125.77661208808422,454.5263671875,237.89528019726276,0.8454774588346481,0.04915443,164.69884,10,152,6.987294999998284,34.51228,19.999996,66.7945349999999,0.5,0.5068892240524292,uniform,uniform,10,0.0,0.0,0.0,0,
independent,2345,aggregation_softmax,30,15.372852,0.7,6,5,5,185.81345098359245,436.03835105895996,270.80791098730907,0.856568256020546,0.06931731,87.427444,10,152,6.987294999998284,45.37285,29.999996,66.7945349999999,0.5,0.5068892240524292,uniform,uniform,10,0.0,0.0,0.0,0,
independent,2345,aggregation_softmax,31,14.044233,0.85,3,3,3,100.84555706557106,391.98649406433105,222.0407541359172,0.8007413744926453,0.11609282,190.57669,10,152,6.987294999998284,29.044235,15.000002,66.7945349999999,0.5,0.5068892240524292,uniform,uniform,10,0.0,0.0,0.0,0,
independent,2345,aggregation_softmax,32,16.295504,0.7,6,5,5,149.4296944141388,456.09901428222656,251.80351649011885,0.9023244023323059,0.054671038,19.636333,10,152,6.987294999998284,46.29551,30.000006,66.7945349999999,0.5,0.5068892240524292,uniform,uniform,10,0.0,0.0,0.0,0,
independent,2345,aggregation_softmax,33,13.35874,0.90000004,2,2,2,113.10454785823822,471.44617080688477,249.70025261243185,0.8048737913370132,0.15298907,271.12592,10,152,6.987294999998284,23.358744,10.000004,66.7945349999999,0.5,0.5068892240524292,uniform,uniform,10,0.0,0.0,0.0,0,
independent,2345,aggregation_softmax,34,16.547241,0.65000004,7,6,6,139.5250445145827,479.1541385650635,236.03167863992545,0.9245595425367356,0.051520947,0.0,10,152,6.987294999998284,51.54724,35.0,66.7945349999999,0.5,0.5068892240524292,uniform,uniform,10,0.0,0.0,0.0,0,
independent,2345,aggregation_softmax,35,14.003981,0.85,3,3,3,127.51791799769683,463.97183418273926,234.89493622499353,0.8324662417173385,0.13375737,186.01398,10,152,6.987294999998284,29.003979,14.999998,66.7945349999999,0.5,0.5068892240524292,uniform,uniform,10,0.0,0.0,0.0,0,
independent,2345,aggregation_softmax,36,14.237282,0.7,6,6,6,103.00748188580785,446.11241340637207,187.86026435238975,0.7907676428556443,0.09758957,231.36005,10,152,6.987294999998284,44.237286,30.000004,66.7945349999999,0.5,0.5068892240524292,uniform,uniform,10,0.0,0.0,0.0,0,
independent,2345,aggregation_softmax,37,15.66,0.8,4,3,3,158.28839242458344,454.28223609924316,271.6614720225334,0.9116054266691208,0.05591773,0.0,10,152,6.987294999998284,35.659996,19.999996,66.7945349999999,0.5,0.5068892240524292,uniform,uniform,10,0.0,0.0,0.0,0,
independent,2345,aggregation_softmax,38,15.496333,0.8,4,4,4,198.37042540311813,472.7322292327881,274.6577422320843,0.9164389699697495,0.08544178,48.0,10,152,6.987294999998284,35.49633,19.999996,66.7945349999999,0.5,0.5068892240524292,uniform,uniform,10,0.0,0.0,0.0,0,
independent,2345,aggregation_softmax,39,15.426935,0.75,5,4,4,194.865860581398,462.72668838500977,254.31528091430664,0.8851415455341339,0.09783663,59.255054,10,152,6.987294999998284,40.426933,24.999998,66.7945349999999,0.5,0.5068892240524292,uniform,uniform,10,0.0,0.0,0.0,0,
independent,2345,aggregation_softmax,40,14.403787,0.75,5,5,5,151.51725268363953,458.6831760406494,227.42333364486694,0.8307945221662522,0.039937973,159.55771,10,152,6.987294999998284,39.403786,25.0,66.7945349999999,0.5,0.5068892240524292,uniform,uniform,10,0.0,0.0,0.0,0,
independent,2345,aggregation_softmax,41,11.732833,0.75,5,4,4,122.72690087556839,433.6900806427002,214.207692861557,0.7057584017515183,0.15886176,374.63403,10,152,6.987294999998284,36.732834,25.0,66.7945349999999,0.5,0.5068892240524292,uniform,uniform,10,0.0,0.0,0.0,0,
independent,2345,aggregation_softmax,42,12.39468,0.90000004,2,1,1,106.49358193079631,475.7474613189697,232.4207148949305,0.7751475751399994,0.042039797,284.64236,10,152,6.987294999998284,22.394684,10.000004,66.7945349999999,0.5,0.5068892240524292,uniform,uniform,10,0.0,0.0,0.0,0,
independent,2345,aggregation_softmax,43,11.31764,0.65000004,7,2,2,114.70420855742235,473.8988971710205,214.9820684469663,0.7034703582525254,0.23012392,419.23587,10,152,6.987294999998284,46.317635,34.999992,66.7945349999999,0.5,0.5068892240524292,uniform,uniform,10,0.0,0.0,0.0,0,
independent,2345,aggregation_softmax,44,15.107601,0.7,6,6,6,120.61464457639626,477.35767364501953,227.45482742786407,0.8649798154830932,0.06807198,117.23985,10,152,6.987294999998284,45.1076,30.0,66.7945349999999,0.5,0.5068892240524292,uniform,uniform,10,0.0,0.0,0.0,0,
independent,2345,aggregation_softmax,45,13.689849,0.90000004,2,2,2,114.74807227651279,467.65485763549805,226.447301308314,0.8175207912921906,0.13926299,194.01501,10,152,6.987294999998284,23.689852,10.000003,66.7945349999999,0.5,0.5068892240524292,uniform,uniform,10,0.0,0.0,0.0,0,
independent,2345,aggregation_softmax,46,12.210529,0.8,4,4,4,93.88167880475521,455.94457626342773,184.79719251394272,0.763472992181778,0.085923515,302.56293,10,152,6.987294999998284,32.21053,20.0,66.7945349999999,0.5,0.5068892240524292,uniform,uniform,10,0.0,0.0,0.0,0,
independent,2345,aggregation_softmax,47,14.472034,0.65000004,7,6,6,139.92950554077441,459.8159980773926,203.54446443227621,0.8140695035457611,0.16770585,192.80273,10,152,6.987294999998284,49.47204,35.000004,66.7945349999999,0.5,0.5068892240524292,uniform,uniform,10,0.0,0.0,0.0,0,
independent,2345,aggregation_softmax,48,13.379268,0.65000004,7,4,4,153.11143453304584,445.1107120513916,225.19517375872687,0.7368503302335739,0.15148517,326.3582,10,152,6.987294999998284,48.379265,34.999996,66.7945349999999,0.5,0.5068892240524292,uniform,uniform,10,0.0,0.0,0.0,0,
independent,2345,aggregation_softmax,49,14.059347,0.85,3,2,2,168.05185033994562,473.8117790222168,278.46283267526064,0.8690170824527741,0.06270853,137.4599,10,152,6.987294999998284,29.05935,15.000002,66.7945349999999,0.5,0.5068892240524292,uniform,uniform,10,0.0,0.0,0.0,0,
independent,2345,aggregation_softmax,50,14.997296,0.8,4,4,4,121.51696141809225,470.766019821167,222.3248816281557,0.8932021290063858,0.113739215,79.27053,10,152,6.987294999998284,34.99729,19.999996,66.7945349999999,0.5,0.5068892240524292,uniform,uniform,10,0.0,0.0,0.0,0,
independent,2345,aggregation_softmax,51,14.895329,0.85,3,3,3,144.38287612269906,474.5167064666748,235.27622433269724,0.889218607544899,0.064627714,63.2171,10,152,6.987294999998284,29.895327,14.999997,66.7945349999999,0.5,0.5068892240524292,uniform,uniform,10,0.0,0.0,0.0,0,
independent,2345,aggregation_softmax,52,15.992698,0.8,4,4,4,184.0636968612671,473.4551239013672,281.1421798914671,0.9428624331951141,0.09277414,3.730251,10,152,6.987294999998284,35.992695,19.999996,66.7945349999999,0.5,0.5068892240524292,uniform,uniform,10,0.0,0.0,0.0,0,
independent,2345,aggregation_softmax,53,14.4444685,0.7,6,4,4,116.79472497531346,416.82955741882324,204.15356755256653,0.822641134262085,0.1791049,148.52917,10,152,6.987294999998284,44.444466,29.999996,66.7945349999999,0.5,0.5068892240524292,uniform,uniform,10,0.0,0.0,0.0,0,
independent,2345,aggregation_softmax,54,14.661596,0.75,5,4,4,111.26868677139282,478.46288681030273,195.92418813705444,0.8501494467258454,0.11856304,142.17603,10,152,6.987294999998284,39.661602,25.000006,66.7945349999999,0.5,0.5068892240524292,uniform,uniform,10,0.0,0.0,0.0,0,
independent,2345,aggregation_softmax,55,16.095943,0.75,5,5,5,163.8003795146942,473.2562255859375,271.4272418022156,0.9352936029434205,0.061559092,14.362461,10,152,6.987294999998284,41.09594,24.999996,66.7945349999999,0.5,0.5068892240524292,uniform,uniform,10,0.0,0.0,0.0,0,
independent,2345,aggregation_softmax,56,14.496052,0.85,3,1,1,160.1895323395729,442.56431579589844,253.88574263628792,0.8564799666404724,0.065561846,94.12293,10,152,6.987294999998284,29.496056,15.000004,66.7945349999999,0.5,0.5068892240524292,uniform,uniform,10,0.0,0.0,0.0,0,
independent,2345,aggregation_softmax,57,14.516041,0.8,4,4,4,117.87224618252367,423.1482410430908,216.4066532626748,0.8339354395866394,0.15931582,126.844055,10,152,6.987294999998284,34.51604,20.0,66.7945349999999,0.5,0.5068892240524292,uniform,uniform,10,0.0,0.0,0.0,0,
independent,2345,aggregation_softmax,58,16.782701,0.55,9,8,8,200.79041849483144,435.4314994812012,279.34972936456853,0.8694593846797943,0.087343186,62.06965,10,152,6.987294999998284,61.782707,45.000008,66.7945349999999,0.5,0.5068892240524292,uniform,uniform,10,0.0,0.0,0.0,0,
independent,2345,aggregation_softmax,59,15.484687,0.75,5,5,5,171.4149385690689,427.33357429504395,238.1642370223999,0.8624831438064575,0.04325266,72.03251,10,152,6.987294999998284,40.484688,25.0,66.7945349999999,0.5,0.5068892240524292,uniform,uniform,10,0.0,0.0,0.0,0,
independent,2345,aggregation_softmax,0,13.989426,1.0,0,0,0,199.7949803173542,435.66081047058105,251.84015429019928,0.8819814801216126,0.105282314,41.455467,10,156,7.1652500000008486,13.989423,-2.861023e-06,65.74118166666665,0.5,0.5068892240524292,uniform,uniform,10,0.0,0.0,0.0,1,
independent,2345,aggregation_softmax,1,16.086006,0.7,6,5,5,133.0300073325634,478.92199516296387,226.89339433397566,0.9147137880325318,0.044389002,65.39931,10,156,7.1652500000008486,46.086006,30.0,65.74118166666665,0.5,0.5068892240524292,uniform,uniform,10,0.0,0.0,0.0,1,
independent,2345,aggregation_softmax,2,16.23146,0.6,8,8,8,161.2362264841795,469.6640110015869,256.1473739147186,0.8946167916059494,0.06028794,48.0,10,156,7.1652500000008486,56.231457,39.999996,65.74118166666665,0.5,0.5068892240524292,uniform,uniform,10,0.0,0.0,0.0,1,
independent,2345,aggregation_softmax,3,14.952072,0.65000004,7,7,7,195.51785533244794,433.4625720977783,254.31154544536884,0.829739996790886,0.090607874,136.36183,10,156,7.1652500000008486,49.952065,34.999992,65.74118166666665,0.5,0.5068892240524292,uniform,uniform,10,0.0,0.0,0.0,1,
independent,2345,aggregation_softmax,4,15.616835,0.8,4,4,4,152.21281841397285,467.48270988464355,230.5421981960535,0.8942946463823318,0.059317354,76.31654,10,156,7.1652500000008486,35.616833,19.999998,65.74118166666665,0.5,0.5068892240524292,uniform,uniform,10,0.0,0.0,0.0,1,
independent,2345,aggregation_softmax,5,14.009947,0.90000004,2,1,1,126.38199925422668,456.346435546875,225.43281654516855,0.8507152438163758,0.049565013,118.973305,10,156,7.1652500000008486,24.009949,10.000002,65.74118166666665,0.5,0.5068892240524292,uniform,uniform,10,0.0,0.0,0.0,1,
independent,2345,aggregation_softmax,6,14.080862,0.8,4,4,4,132.44448143988848,438.24331283569336,195.14706954360008,0.8098776280879975,0.13071442,179.27832,10,156,7.1652500000008486,34.080856,19.999994,65.74118166666665,0.5,0.5068892240524292,uniform,uniform,10,0.0,0.0,0.0,1,
independent,2345,aggregation_softmax,7,14.853744,0.85,3,2,2,181.51348482160006,438.605375289917,255.9913158416748,0.8620291978120804,0.0745611,85.3527,10,156,7.1652500000008486,29.853745,15.000001,65.74118166666665,0.5,0.5068892240524292,uniform,uniform,10,0.0,0.0,0.0,1,
independent,2345,aggregation_softmax,8,15.429405,0.65000004,7,6,6,128.39122102810785,406.6028594970703,222.85812322910016,0.8521867394447327,0.14131702,91.80163,10,156,7.1652500000008486,50.429405,35.0,65.74118166666665,0.5,0.5068892240524292,uniform,uniform,10,0.0,0.0,0.0,1,
independent,2345,aggregation_softmax,9,14.617167,0.8,4,3,3,137.1165369451046,446.13441467285156,212.58421048521996,0.8680913090705872,0.043360196,75.39923,10,156,7.1652500000008486,34.617165,19.999996,65.74118166666665,0.5,0.5068892240524292,uniform,uniform,10,0.0,0.0,0.0,1,
independent,2345,aggregation_softmax,10,14.366074,0.95,1,1,1,153.3604174224954,477.6310443878174,246.03581522640428,0.9119173556566238,0.0734744,70.69797,10,156,7.1652500000008486,19.366072,4.999998,65.74118166666665,0.5,0.5068892240524292,uniform,uniform,10,0.0,0.0,0.0,1,
independent,2345,aggregation_softmax,11,12.546441,0.85,3,3,3,94.13803323226817,429.0116214752197,182.79547375791213,0.7289847135543823,0.13389377,328.34946,10,156,7.1652500000008486,27.546442,15.000001,65.74118166666665,0.5,0.5068892240524292,uniform,uniform,10,0.0,0.0,0.0,1,
independent,2345,aggregation_softmax,12,15.553826,0.7,6,4,4,126.55897991997855,346.6732406616211,197.5760293006897,0.8536278009414673,0.097183004,89.03476,10,156,7.1652500000008486,45.553825,30.0,65.74118166666665,0.5,0.5068892240524292,uniform,uniform,10,0.0,0.0,0.0,1,
independent,2345,aggregation_softmax,13,15.019476,0.8,4,4,4,156.93663854151964,454.24272537231445,260.50170846283436,0.8940090477466583,0.14342593,33.7455,10,156,7.1652500000008486,35.019478,20.000002,65.74118166666665,0.5,0.5068892240524292,uniform,uniform,10,0.0,0.0,0.0,1,
independent,2345,aggregation_softmax,14,14.203974,0.7,6,5,5,174.37998456614358,452.5293159484863,250.5743612561907,0.8155195057392121,0.086228356,182.73196,10,156,7.1652500000008486,44.20398,30.000006,65.74118166666665,0.5,0.5068892240524292,uniform,uniform,10,0.0,0.0,0.0,1,
independent,2345,aggregation_softmax,15,12.707213,0.90000004,2,2,2,140.50931523243585,421.8370056152344,232.29578892389932,0.7798951864242554,0.08788463,230.60129,10,156,7.1652500000008486,22.707218,10.000005,65.74118166666665,0.5,0.5068892240524292,uniform,uniform,10,0.0,0.0,0.0,1,
independent,2345,aggregation_softmax,16,14.053661,0.7,6,5,5,122.07416985716138,450.06102561950684,206.0311151402337,0.7911929875612259,0.15402971,226.9706,10,156,7.1652500000008486,44.053658,29.999996,65.74118166666665,0.5,0.5068892240524292,uniform,uniform,10,0.0,0.0,0.0,1,
independent,2345,aggregation_softmax,17,15.209574,0.85,3,3,3,152.87754777599784,469.6575164794922,243.35209734299605,0.8998931318521499,0.086822055,84.769424,10,156,7.1652500000008486,30.209576,15.000002,65.74118166666665,0.5,0.5068892240524292,uniform,uniform,10,0.0,0.0,0.0,1,
independent,2345,aggregation_softmax,18,16.78886,0.65000004,7,7,7,208.764719917224,471.71213150024414,273.62751465577344,0.9398662716150283,0.026598524,0.0,10,156,7.1652500000008486,51.78886,35.0,65.74118166666665,0.5,0.5068892240524292,uniform,uniform,10,0.0,0.0,0.0,1,
independent,2345,aggregation_softmax,19,11.79471,0.8,4,1,1,117.15817429125309,474.2403030395508,223.61992791295052,0.7599855989217759,0.19969007,333.7155,10,156,7.1652500000008486,31.794706,19.999996,65.74118166666665,0.5,0.5068892240524292,uniform,uniform,10,0.0,0.0,0.0,1,
independent,2345,aggregation_softmax,20,15.699543,0.75,5,4,4,167.4561939239502,465.560302734375,268.4375786781311,0.9050826668739319,0.044810858,23.801765,10,156,7.1652500000008486,40.699547,25.000004,65.74118166666665,0.5,0.5068892240524292,uniform,uniform,10,0.0,0.0,0.0,1,
independent,2345,aggregation_softmax,21,16.026283,0.6,8,6,6,144.49008859694004,452.20808029174805,253.61748725175858,0.9177968531847001,0.09253575,0.0,10,156,7.1652500000008486,56.026295,40.00001,65.74118166666665,0.5,0.5068892240524292,uniform,uniform,10,0.0,0.0,0.0,1,
independent,2345,aggregation_softmax,22,13.967396,0.75,5,5,5,128.31688058376312,389.3195343017578,201.9851529598236,0.804794192314148,0.11783931,182.79523,10,156,7.1652500000008486,38.9674,25.000004,65.74118166666665,0.5,0.5068892240524292,uniform,uniform,10,0.0,0.0,0.0,1,
independent,2345,aggregation_softmax,23,12.47481,0.55,9,9,9,134.5269122990695,430.84728240966797,219.72106283361262,0.6880694031715393,0.14739342,406.90683,10,156,7.1652500000008486,57.47481,45.0,65.74118166666665,0.5,0.5068892240524292,uniform,uniform,10,0.0,0.0,0.0,1,
independent,2345,aggregation_softmax,24,15.940811,0.75,5,4,4,115.6855525970459,466.5916156768799,234.87086153030396,0.9083374828100205,0.031777985,18.583815,10,156,7.1652500000008486,40.940804,24.999992,65.74118166666665,0.5,0.5068892240524292,uniform,uniform,10,0.0,0.0,0.0,1,
independent,2345,aggregation_softmax,25,15.637405,0.5,10,7,7,206.50539082288742,479.94998931884766,308.20739579200745,0.8813864022493363,0.16155562,128.04906,10,156,7.1652500000008486,65.6374,49.999992,65.74118166666665,0.5,0.5068892240524292,uniform,uniform,10,0.0,0.0,0.0,1,
independent,2345,aggregation_softmax,26,13.037721,0.8,4,4,4,127.97556191682816,432.2405433654785,208.3072815835476,0.7750066459178925,0.13523993,240.22784,10,156,7.1652500000008486,33.03772,20.0,65.74118166666665,0.5,0.5068892240524292,uniform,uniform,10,0.0,0.0,0.0,1,
independent,2345,aggregation_softmax,27,12.482075,0.8,4,3,3,110.99484991282225,439.31193351745605,217.77901522815228,0.7627704530954361,0.18634169,270.79266,10,156,7.1652500000008486,32.48207,19.999996,65.74118166666665,0.5,0.5068892240524292,uniform,uniform,10,0.0,0.0,0.0,1,
independent,2345,aggregation_softmax,28,14.36615,0.8,4,3,3,154.21753987669945,477.24225997924805,260.9262789040804,0.8716505110263825,0.09103944,99.67346,10,156,7.1652500000008486,34.36615,20.0,65.74118166666665,0.5,0.5068892240524292,uniform,uniform,10,0.0,0.0,0.0,1,
independent,2345,aggregation_softmax,29,13.7865095,0.75,5,4,4,125.66719627380371,436.02184295654297,246.84873962402344,0.796816372871399,0.22246882,202.13458,10,156,7.1652500000008486,38.78651,25.0,65.74118166666665,0.5,0.5068892240524292,uniform,uniform,10,0.0,0.0,0.0,1,
independent,2345,aggregation_softmax,30,13.229612,0.85,3,2,2,163.05727306534263,419.19276237487793,240.97946152967566,0.801551103591919,0.17367473,189.02193,10,156,7.1652500000008486,28.229614,15.000002,65.74118166666665,0.5,0.5068892240524292,uniform,uniform,10,0.0,0.0,0.0,1,
independent,2345,aggregation_softmax,31,14.897762,0.90000004,2,2,2,165.27045567830405,478.3966255187988,281.010361512502,0.8766977161169052,0.09897275,103.737175,10,156,7.1652500000008486,24.897762,10.0,65.74118166666665,0.5,0.5068892240524292,uniform,uniform,10,0.0,0.0,0.0,1,
independent,2345,aggregation_softmax,32,14.656341,0.65000004,7,6,6,168.59852479054376,477.1388912200928,248.30179672974808,0.8606588035821915,0.09790868,120.67412,10,156,7.1652500000008486,49.65634,35.0,65.74118166666665,0.5,0.5068892240524292,uniform,uniform,10,0.0,0.0,0.0,1,
independent,2345,aggregation_softmax,33,13.46378,0.8,4,4,4,106.38566292822361,472.33428955078125,247.71964386105537,0.7879306197166442,0.14324936,301.30887,10,156,7.1652500000008486,33.463776,19.999996,65.74118166666665,0.5,0.5068892240524292,uniform,uniform,10,0.0,0.0,0.0,1,
independent,2345,aggregation_softmax,34,16.027721,0.6,8,7,7,147.24284142255783,432.4503993988037,221.96039855480194,0.863411882519722,0.096604265,70.69972,10,156,7.1652500000008486,56.02772,40.0,65.74118166666665,0.5,0.5068892240524292,uniform,uniform,10,0.0,0.0,0.0,1,
independent,2345,aggregation_softmax,35,14.486095,0.7,6,6,6,106.09213452254023,423.64102363586426,217.0884449141366,0.7900047302246094,0.16084425,211.19107,10,156,7.1652500000008486,44.48609,29.999996,65.74118166666665,0.5,0.5068892240524292,uniform,uniform,10,0.0,0.0,0.0,1,
independent,2345,aggregation_softmax,36,15.307538,0.6,8,8,8,100.36354221403599,431.46517753601074,159.5599964261055,0.8214734196662903,0.04507471,150.7711,10,156,7.1652500000008486,55.30754,40.000004,65.74118166666665,0.5,0.5068892240524292,uniform,uniform,10,0.0,0.0,0.0,1,
independent,2345,aggregation_softmax,37,15.869999,0.8,4,3,3,173.2531213760376,466.69612884521484,283.3702205121517,0.9401595562696456,0.054391436,0.0,10,156,7.1652500000008486,35.870003,20.000004,65.74118166666665,0.5,0.5068892240524292,uniform,uniform,10,0.0,0.0,0.0,1,
independent,2345,aggregation_softmax,38,15.417434,0.75,5,5,5,181.86123418807983,437.9707431793213,249.23988342285156,0.8868302792310715,0.09140087,31.256697,10,156,7.1652500000008486,40.417442,25.000008,65.74118166666665,0.5,0.5068892240524292,uniform,uniform,10,0.0,0.0,0.0,1,
independent,2345,aggregation_softmax,39,15.001611,0.85,3,2,2,180.84841710679672,450.94242095947266,273.52361861397236,0.8810690015554428,0.058993366,65.16936,10,156,7.1652500000008486,30.001614,15.000003,65.74118166666665,0.5,0.5068892240524292,uniform,uniform,10,0.0,0.0,0.0,1,
independent,2345,aggregation_softmax,40,15.827922,0.7,6,6,6,185.9088713356427,476.9217109680176,287.86870173045565,0.8962051808834076,0.11791241,52.208004,10,156,7.1652500000008486,45.82792,29.999996,65.74118166666665,0.5,0.5068892240524292,uniform,uniform,10,0.0,0.0,0.0,1,
independent,2345,aggregation_softmax,41,13.405162,0.65000004,7,6,6,109.30675155841388,451.2364196777344,184.1778816626622,0.749886417388916,0.1492728,307.45456,10,156,7.1652500000008486,48.405167,35.000004,65.74118166666665,0.5,0.5068892240524292,uniform,uniform,10,0.0,0.0,0.0,1,
independent,2345,aggregation_softmax,42,11.846792,0.8,4,3,3,121.96208842098713,388.0781650543213,219.50921908020973,0.7441037893295288,0.22864702,299.32083,10,156,7.1652500000008486,31.846794,20.000002,65.74118166666665,0.5,0.5068892240524292,uniform,uniform,10,0.0,0.0,0.0,1,
independent,2345,aggregation_softmax,43,13.929672,0.6,8,4,4,127.949039041996,351.7444896697998,203.87447357177734,0.7583162784576416,0.14713411,272.03275,10,156,7.1652500000008486,53.929665,39.999992,65.74118166666665,0.5,0.5068892240524292,uniform,uniform,10,0.0,0.0,0.0,1,
independent,2345,aggregation_softmax,44,14.933554,0.75,5,5,5,135.96963503956795,441.7989921569824,215.05769634246826,0.8492945373058319,0.052427974,107.153625,10,156,7.1652500000008486,39.933556,25.000002,65.74118166666665,0.5,0.5068892240524292,uniform,uniform,10,0.0,0.0,0.0,1,
independent,2345,aggregation_softmax,45,14.2890835,0.8,4,4,4,101.74655953422189,429.94717597961426,173.95855620503426,0.7978461980819702,0.12677936,196.13528,10,156,7.1652500000008486,34.289085,20.000002,65.74118166666665,0.5,0.5068892240524292,uniform,uniform,10,0.0,0.0,0.0,1,
independent,2345,aggregation_softmax,46,13.254144,0.8,4,4,4,105.93279920518398,479.6788787841797,198.7729051709175,0.8137502253055573,0.0562231,237.22311,10,156,7.1652500000008486,33.254143,20.0,65.74118166666665,0.5,0.5068892240524292,uniform,uniform,10,0.0,0.0,0.0,1,
independent,2345,aggregation_softmax,47,14.975788,0.7,6,5,5,142.95410858733314,406.2466049194336,238.43791007995605,0.8389168977737427,0.124626495,117.27968,10,156,7.1652500000008486,44.975792,30.000004,65.74118166666665,0.5,0.5068892240524292,uniform,uniform,10,0.0,0.0,0.0,1,
independent,2345,aggregation_softmax,48,15.822005,0.65000004,7,4,4,141.74222959921912,460.3249740600586,213.82596896244928,0.8617321491241455,0.06507496,101.79942,10,156,7.1652500000008486,50.822006,35.0,65.74118166666665,0.5,0.5068892240524292,uniform,uniform,10,0.0,0.0,0.0,1,
independent,2345,aggregation_softmax,49,13.322342,0.90000004,2,1,1,133.20595055818558,472.70344734191895,250.43966392676035,0.8658918231725693,0.08603642,106.191246,10,156,7.1652500000008486,23.322346,10.000004,65.74118166666665,0.5,0.5068892240524292,uniform,uniform,10,0.0,0.0,0.0,1,
independent,2345,aggregation_softmax,50,14.56426,0.90000004,2,2,2,135.66617657740912,475.22294998168945,254.5132706562678,0.9037466824054718,0.08651582,38.87902,10,156,7.1652500000008486,24.564262,10.000003,65.74118166666665,0.5,0.5068892240524292,uniform,uniform,10,0.0,0.0,0.0,1,
independent,2345,aggregation_softmax,51,14.126148,0.95,1,1,1,156.13376507633612,470.9395980834961,255.4030627953379,0.8757923722267151,0.04897325,96.02606,10,156,7.1652500000008486,19.126146,4.999998,65.74118166666665,0.5,0.5068892240524292,uniform,uniform,10,0.0,0.0,0.0,1,
independent,2345,aggregation_softmax,52,16.055405,0.6,8,8,8,132.86066710948944,435.56193351745605,199.97291773557663,0.8758277088403702,0.035578657,49.972904,10,156,7.1652500000008486,56.055405,40.0,65.74118166666665,0.5,0.5068892240524292,uniform,uniform,10,0.0,0.0,0.0,1,
independent,2345,aggregation_softmax,53,15.833178,0.7,6,4,4,117.1596326146807,460.59725761413574,234.367561851229,0.9027752161026001,0.10438082,51.6821,10,156,7.1652500000008486,45.833176,29.999998,65.74118166666665,0.5,0.5068892240524292,uniform,uniform,10,0.0,0.0,0.0,1,
independent,2345,aggregation_softmax,54,13.637484,0.85,3,2,2,165.00668627374313,462.4343490600586,245.6389064648572,0.8316911786794663,0.12752827,164.92297,10,156,7.1652500000008486,28.637484,15.0,65.74118166666665,0.5,0.5068892240524292,uniform,uniform,10,0.0,0.0,0.0,1,
independent,2345,aggregation_softmax,55,15.840001,0.75,5,5,5,173.67249536514282,462.96924591064453,269.8759489059448,0.8961458086967469,0.041532546,48.0,10,156,7.1652500000008486,40.84,25.0,65.74118166666665,0.5,0.5068892240524292,uniform,uniform,10,0.0,0.0,0.0,1,
independent,2345,aggregation_softmax,56,14.5948105,0.90000004,2,0,0,185.00354170799255,471.75822257995605,293.1453249851863,0.9093534231185914,0.0539929,58.600044,10,156,7.1652500000008486,24.594814,10.000004,65.74118166666665,0.5,0.5068892240524292,uniform,uniform,10,0.0,0.0,0.0,1,
independent,2345,aggregation_softmax,57,16.034376,0.75,5,5,5,101.59409059584141,473.0957508087158,220.76690113544464,0.9308171689510345,0.06450719,15.999159,10,156,7.1652500000008486,41.03438,25.000006,65.74118166666665,0.5,0.5068892240524292,uniform,uniform,10,0.0,0.0,0.0,1,
independent,2345,aggregation_softmax,58,16.8,0.55,9,8,8,175.31126130710948,457.9453182220459,272.2163200378418,0.8885133057832718,0.054006137,48.0,10,156,7.1652500000008486,61.800003,45.000004,65.74118166666665,0.5,0.5068892240524292,uniform,uniform,10,0.0,0.0,0.0,1,
independent,2345,aggregation_softmax,59,14.608182,0.85,3,3,3,222.85112710560068,462.9077625274658,305.8613369044136,0.8753238290548324,0.088517435,114.181885,10,156,7.1652500000008486,29.608181,14.999999,65.74118166666665,0.5,0.5068892240524292,uniform,uniform,10,0.0,0.0,0.0,1,
independent,2345,aggregation_softmax,0,14.411399,0.90000004,2,2,2,142.17730740706125,409.71988677978516,192.998854915301,0.8517012596130371,0.10127851,92.733696,10,148,7.301956666667071,24.411396,9.999997,70.13543500000002,0.5,0.5068892240524292,uniform,uniform,10,0.0,0.0,0.0,2,
independent,2345,aggregation_softmax,1,16.568695,0.45000002,11,9,9,100.39742509524028,393.5276126861572,173.82506171862283,0.8527792096138,0.03700146,90.66406,10,148,7.301956666667071,71.56869,54.999992,70.13543500000002,0.5,0.5068892240524292,uniform,uniform,10,0.0,0.0,0.0,2,
independent,2345,aggregation_softmax,2,16.59633,0.65000004,7,7,7,147.81390715103882,476.43877029418945,249.10722283216623,0.9362189650535584,0.028460626,0.0,10,148,7.301956666667071,51.59633,35.0,70.13543500000002,0.5,0.5068892240524292,uniform,uniform,10,0.0,0.0,0.0,2,
independent,2345,aggregation_softmax,3,14.50075,0.8,4,4,4,121.52920804917812,455.9322166442871,251.3383761048317,0.8413610994815827,0.1458821,136.519,10,148,7.301956666667071,34.50075,20.000002,70.13543500000002,0.5,0.5068892240524292,uniform,uniform,10,0.0,0.0,0.0,2,
independent,2345,aggregation_softmax,4,16.354053,0.7,6,6,6,149.55641384635652,463.0260944366455,250.80667223249162,0.9103385895490647,0.067681804,11.176184,10,148,7.301956666667071,46.354053,30.0,70.13543500000002,0.5,0.5068892240524292,uniform,uniform,10,0.0,0.0,0.0,2,
independent,2345,aggregation_softmax,5,14.255671,0.90000004,2,1,1,124.31620985269547,477.08913803100586,230.06202538808188,0.8586751759052277,0.13860594,124.4329,10,148,7.301956666667071,24.255669,9.999998,70.13543500000002,0.5,0.5068892240524292,uniform,uniform,10,0.0,0.0,0.0,2,
independent,2345,aggregation_softmax,6,15.412582,0.8,4,4,4,190.52990768104792,440.38418769836426,253.48249442875385,0.902428874373436,0.11060669,3.7209835,10,148,7.301956666667071,35.412582,20.0,70.13543500000002,0.5,0.5068892240524292,uniform,uniform,10,0.0,0.0,0.0,2,
independent,2345,aggregation_softmax,7,15.828856,0.7,6,5,5,166.03889835732323,430.0275135040283,246.54635105814253,0.8710286617279053,0.05005023,55.62511,10,148,7.301956666667071,45.82886,30.000004,70.13543500000002,0.5,0.5068892240524292,uniform,uniform,10,0.0,0.0,0.0,2,
independent,2345,aggregation_softmax,8,16.311365,0.7,6,5,5,117.02997079917363,469.6112251281738,213.1175537620272,0.9111242473125458,0.010656631,16.863342,10,148,7.301956666667071,46.311367,30.000002,70.13543500000002,0.5,0.5068892240524292,uniform,uniform,10,0.0,0.0,0.0,2,
independent,2345,aggregation_softmax,9,14.710001,0.85,3,2,2,167.09772653439467,467.4854278564453,260.68196906762967,0.8847477704286575,0.080168575,96.0,10,148,7.301956666667071,29.710001,15.0,70.13543500000002,0.5,0.5068892240524292,uniform,uniform,10,0.0,0.0,0.0,2,
independent,2345,aggregation_softmax,10,13.532295,0.85,3,3,3,174.28056383834166,435.3841209411621,232.70365203128142,0.8538696706295014,0.05162733,91.95448,10,148,7.301956666667071,28.532291,14.999996,70.13543500000002,0.5,0.5068892240524292,uniform,uniform,10,0.0,0.0,0.0,2,
independent,2345,aggregation_softmax,11,13.253811,0.85,3,3,3,134.0521404147148,398.4791851043701,215.6603100720574,0.8134521842002869,0.093395084,166.17194,10,148,7.301956666667071,28.25381,15.0,70.13543500000002,0.5,0.5068892240524292,uniform,uniform,10,0.0,0.0,0.0,2,
independent,2345,aggregation_softmax,12,14.622834,0.90000004,2,0,0,151.24627033869425,471.8415355682373,269.8753301302592,0.901443886756897,0.11238646,68.75787,10,148,7.301956666667071,24.622835,10.000001,70.13543500000002,0.5,0.5068892240524292,uniform,uniform,10,0.0,0.0,0.0,2,
independent,2345,aggregation_softmax,13,11.474189,0.8,4,4,4,108.7960172072053,378.80736351013184,196.32188513875008,0.6704759001731873,0.10379261,440.68637,10,148,7.301956666667071,31.47419,20.0,70.13543500000002,0.5,0.5068892240524292,uniform,uniform,10,0.0,0.0,0.0,2,
independent,2345,aggregation_softmax,14,13.705395,0.85,3,2,2,172.5743165436913,447.9939651489258,259.47895456762876,0.8403820633888245,0.16636504,130.4606,10,148,7.301956666667071,28.705402,15.000008,70.13543500000002,0.5,0.5068892240524292,uniform,uniform,10,0.0,0.0,0.0,2,
independent,2345,aggregation_softmax,15,15.81279,0.7,6,6,6,152.5518582548414,468.2951831817627,239.61440639836448,0.8857157915830612,0.11540965,63.720963,10,148,7.301956666667071,45.812794,30.000004,70.13543500000002,0.5,0.5068892240524292,uniform,uniform,10,0.0,0.0,0.0,2,
independent,2345,aggregation_softmax,16,14.053038,0.7,6,5,5,150.92670244829995,459.0892696380615,234.17262170995986,0.8039102345705033,0.14067812,211.58171,10,148,7.301956666667071,44.053036,29.999998,70.13543500000002,0.5,0.5068892240524292,uniform,uniform,10,0.0,0.0,0.0,2,
independent,2345,aggregation_softmax,17,14.801977,0.90000004,2,2,2,134.11218156417212,463.80223274230957,243.49376718203226,0.8824601531028747,0.07340667,116.587875,10,148,7.301956666667071,24.801977,10.0,70.13543500000002,0.5,0.5068892240524292,uniform,uniform,10,0.0,0.0,0.0,2,
independent,2345,aggregation_softmax,18,14.107878,0.75,5,5,5,152.54241132736206,436.18861198425293,248.55492782592773,0.7906127363443375,0.10715304,214.21222,10,148,7.301956666667071,39.10788,25.000002,70.13543500000002,0.5,0.5068892240524292,uniform,uniform,10,0.0,0.0,0.0,2,
independent,2345,aggregation_softmax,19,15.451391,0.6,8,5,5,143.87004636228085,423.48647117614746,205.1698625087738,0.8688462972640991,0.032261174,59.8152,10,148,7.301956666667071,55.45139,40.0,70.13543500000002,0.5,0.5068892240524292,uniform,uniform,10,0.0,0.0,0.0,2,
independent,2345,aggregation_softmax,20,15.892369,0.8,4,3,3,157.95022755861282,443.2511043548584,267.44878202676773,0.9058600455522537,0.05691141,5.722046e-06,10,148,7.301956666667071,35.892372,20.000004,70.13543500000002,0.5,0.5068892240524292,uniform,uniform,10,0.0,0.0,0.0,2,
independent,2345,aggregation_softmax,21,16.197033,0.55,9,7,7,167.61341474272987,472.5508975982666,264.01336864991623,0.916052731871605,0.024590025,19.29666,10,148,7.301956666667071,61.197037,45.000004,70.13543500000002,0.5,0.5068892240524292,uniform,uniform,10,0.0,0.0,0.0,2,
independent,2345,aggregation_softmax,22,15.24769,0.7,6,6,6,118.67376399891717,317.8857135772705,196.03262850216456,0.8592548370361328,0.0716055,78.230896,10,148,7.301956666667071,45.247692,30.000002,70.13543500000002,0.5,0.5068892240524292,uniform,uniform,10,0.0,0.0,0.0,2,
independent,2345,aggregation_softmax,23,14.29906,0.65000004,7,7,7,158.69865032342764,470.8329105377197,256.04647251275867,0.7983016461133957,0.11775918,234.09393,10,148,7.301956666667071,49.299057,34.999996,70.13543500000002,0.5,0.5068892240524292,uniform,uniform,10,0.0,0.0,0.0,2,
independent,2345,aggregation_softmax,24,15.09597,0.8,4,3,3,153.1043989956379,456.89002990722656,253.98375257849693,0.8832257568836213,0.07401716,65.21203,10,148,7.301956666667071,35.09597,20.0,70.13543500000002,0.5,0.5068892240524292,uniform,uniform,10,0.0,0.0,0.0,2,
independent,2345,aggregation_softmax,25,15.52146,0.7,6,3,3,203.9719079221998,454.4760990142822,275.2584929977144,0.8829657912254334,0.05963351,60.666203,10,148,7.301956666667071,45.521454,29.999994,70.13543500000002,0.5,0.5068892240524292,uniform,uniform,10,0.0,0.0,0.0,2,
independent,2345,aggregation_softmax,26,13.919359,0.8,4,4,4,183.08402806520462,407.968053817749,251.44869536161423,0.817312479019165,0.056157492,158.7601,10,148,7.301956666667071,33.919353,19.999994,70.13543500000002,0.5,0.5068892240524292,uniform,uniform,10,0.0,0.0,0.0,2,
independent,2345,aggregation_softmax,27,13.51,0.85,3,2,2,127.50059502966263,436.4735698699951,251.80545729749343,0.8141675382852555,0.12931992,169.27199,10,148,7.301956666667071,28.51,15.0,70.13543500000002,0.5,0.5068892240524292,uniform,uniform,10,0.0,0.0,0.0,2,
independent,2345,aggregation_softmax,28,14.059238,0.85,3,2,2,131.17401922450347,450.30853271484375,235.20182911087485,0.86291463971138,0.05417756,107.667046,10,148,7.301956666667071,29.05924,15.000002,70.13543500000002,0.5,0.5068892240524292,uniform,uniform,10,0.0,0.0,0.0,2,
independent,2345,aggregation_softmax,29,13.204499,0.8,4,4,4,127.09786020219326,452.3185443878174,241.33055828511715,0.7701062053442002,0.22095203,269.71466,10,148,7.301956666667071,33.2045,20.0,70.13543500000002,0.5,0.5068892240524292,uniform,uniform,10,0.0,0.0,0.0,2,
independent,2345,aggregation_softmax,30,15.126066,0.65000004,7,6,6,184.19230066812955,467.0555305480957,282.6610367114727,0.8733384728431701,0.07971284,112.69907,10,148,7.301956666667071,50.12606,34.999992,70.13543500000002,0.5,0.5068892240524292,uniform,uniform,10,0.0,0.0,0.0,2,
independent,2345,aggregation_softmax,31,13.302713,0.85,3,3,3,139.1115795514163,472.65432357788086,260.4244218854343,0.7743963539600373,0.094927706,281.8134,10,148,7.301956666667071,28.302717,15.000004,70.13543500000002,0.5,0.5068892240524292,uniform,uniform,10,0.0,0.0,0.0,2,
independent,2345,aggregation_softmax,32,12.489662,0.8,4,3,3,136.06191247701645,429.2859077453613,206.1221180856228,0.7565335035324097,0.08182981,275.4558,10,148,7.301956666667071,32.489655,19.999992,70.13543500000002,0.5,0.5068892240524292,uniform,uniform,10,0.0,0.0,0.0,2,
independent,2345,aggregation_softmax,33,11.431414,0.85,3,3,3,99.23581291647518,445.3512954711914,220.38596980711992,0.6992581725120545,0.12555791,398.7757,10,148,7.301956666667071,26.431412,14.999998,70.13543500000002,0.5,0.5068892240524292,uniform,uniform,10,0.0,0.0,0.0,2,
independent,2345,aggregation_softmax,34,14.0308,0.8,4,3,3,123.6782792955637,445.8684539794922,232.98272542655468,0.7998523950576782,0.1329028,206.15202,10,148,7.301956666667071,34.0308,20.0,70.13543500000002,0.5,0.5068892240524292,uniform,uniform,10,0.0,0.0,0.0,2,
independent,2345,aggregation_softmax,35,15.239452,0.65000004,7,7,7,161.73211097717285,473.1104564666748,253.07856724812433,0.8622391998767853,0.08897144,126.20965,10,148,7.301956666667071,50.239456,35.000004,70.13543500000002,0.5,0.5068892240524292,uniform,uniform,10,0.0,0.0,0.0,2,
independent,2345,aggregation_softmax,36,14.494509,0.7,6,6,6,111.67981490492821,470.65589904785156,183.62113467284613,0.8037014842033386,0.07664847,223.54918,10,148,7.301956666667071,44.494507,29.999998,70.13543500000002,0.5,0.5068892240524292,uniform,uniform,10,0.0,0.0,0.0,2,
independent,2345,aggregation_softmax,37,16.947424,0.5,10,9,9,116.53997491300106,432.34362602233887,197.87771487236023,0.8973434358835221,0.01605389,5.444435,10,148,7.301956666667071,66.94743,50.000008,70.13543500000002,0.5,0.5068892240524292,uniform,uniform,10,0.0,0.0,0.0,2,
independent,2345,aggregation_softmax,38,15.466965,0.8,4,4,4,147.64953218400478,479.7223091125488,256.0553687810898,0.909810158610344,0.088693395,44.457874,10,148,7.301956666667071,35.46696,19.999996,70.13543500000002,0.5,0.5068892240524292,uniform,uniform,10,0.0,0.0,0.0,2,
independent,2345,aggregation_softmax,39,15.975703,0.7,6,5,5,208.25056876455034,457.30250358581543,270.3749462536403,0.8970430284738541,0.061362654,30.980112,10,148,7.301956666667071,45.9757,29.999996,70.13543500000002,0.5,0.5068892240524292,uniform,uniform,10,0.0,0.0,0.0,2,
independent,2345,aggregation_softmax,40,14.688036,0.8,4,4,4,161.55987594276667,479.0482521057129,280.4110564291477,0.9229221761226654,0.06383154,90.19643,10,148,7.301956666667071,34.688034,19.999998,70.13543500000002,0.5,0.5068892240524292,uniform,uniform,10,0.0,0.0,0.0,2,
independent,2345,aggregation_softmax,41,12.455646,0.8,4,3,3,113.43111617490649,468.8731098175049,226.18187002837658,0.7651907831430436,0.10959,296.2457,10,148,7.301956666667071,32.45565,20.000004,70.13543500000002,0.5,0.5068892240524292,uniform,uniform,10,0.0,0.0,0.0,2,
independent,2345,aggregation_softmax,42,13.736927,0.90000004,2,1,1,125.10411441326141,475.7474613189697,251.03124837080637,0.8526980370283127,0.0908361,134.56735,10,148,7.301956666667071,23.736925,9.999998,70.13543500000002,0.5,0.5068892240524292,uniform,uniform,10,0.0,0.0,0.0,2,
independent,2345,aggregation_softmax,43,12.823635,0.7,6,2,2,144.91638294288092,410.61490058898926,239.31725544588906,0.7711642384529114,0.07976442,247.36473,10,148,7.301956666667071,42.823635,30.0,70.13543500000002,0.5,0.5068892240524292,uniform,uniform,10,0.0,0.0,0.0,2,
independent,2345,aggregation_softmax,44,14.878744,0.85,3,3,3,92.8316448979518,412.1407699584961,187.5553010491764,0.857718288898468,0.09125204,81.18108,10,148,7.301956666667071,29.878742,14.999998,70.13543500000002,0.5,0.5068892240524292,uniform,uniform,10,0.0,0.0,0.0,2,
independent,2345,aggregation_softmax,45,15.703423,0.8,4,4,4,142.57680125534534,444.98133659362793,225.421996191144,0.8730852991342545,0.06404277,64.65772,10,148,7.301956666667071,35.703423,20.0,70.13543500000002,0.5,0.5068892240524292,uniform,uniform,10,0.0,0.0,0.0,2,
independent,2345,aggregation_softmax,46,11.928439,0.85,3,3,3,106.75105438512914,479.6788787841797,214.82995748519897,0.7651089906692505,0.16138172,323.1561,10,148,7.301956666667071,26.92844,15.000001,70.13543500000002,0.5,0.5068892240524292,uniform,uniform,10,0.0,0.0,0.0,2,
independent,2345,aggregation_softmax,47,15.905499,0.6,8,7,7,146.09676346182823,405.2274513244629,233.5293884575367,0.8642830848693848,0.059345156,68.576675,10,148,7.301956666667071,55.905502,40.000004,70.13543500000002,0.5,0.5068892240524292,uniform,uniform,10,0.0,0.0,0.0,2,
independent,2345,aggregation_softmax,48,12.806162,0.65000004,7,4,4,111.41181335999416,460.3249740600586,183.4955543738145,0.7296569585800171,0.17797299,355.3837,10,148,7.301956666667071,47.80616,35.0,70.13543500000002,0.5,0.5068892240524292,uniform,uniform,10,0.0,0.0,0.0,2,
independent,2345,aggregation_softmax,49,14.7814045,0.75,5,4,4,139.09959423542023,435.377140045166,235.124409198761,0.8440195858478546,0.034558766,110.85969,10,148,7.301956666667071,39.78141,25.000006,70.13543500000002,0.5,0.5068892240524292,uniform,uniform,10,0.0,0.0,0.0,2,
independent,2345,aggregation_softmax,50,14.596255,0.90000004,2,2,2,127.29131470123927,450.8042335510254,250.68110724290213,0.884732973575592,0.106943786,65.78896,10,148,7.301956666667071,24.596254,9.999999,70.13543500000002,0.5,0.5068892240524292,uniform,uniform,10,0.0,0.0,0.0,2,
independent,2345,aggregation_softmax,51,14.312455,0.8,4,4,4,175.1808013021946,477.1325969696045,274.79598328471184,0.8712710857391357,0.10850754,155.4313,10,148,7.301956666667071,34.31246,20.000008,70.13543500000002,0.5,0.5068892240524292,uniform,uniform,10,0.0,0.0,0.0,2,
independent,2345,aggregation_softmax,52,15.5602,0.7,6,6,6,124.05321708747319,439.4413089752197,192.24676302501135,0.8863834828138352,0.07154575,33.585186,10,148,7.301956666667071,45.560204,30.000004,70.13543500000002,0.5,0.5068892240524292,uniform,uniform,10,0.0,0.0,0.0,2,
independent,2345,aggregation_softmax,53,11.3431015,0.85,3,1,1,113.44604646458345,470.5866050720215,220.79078982858096,0.7414752185344696,0.14372548,342.95416,10,148,7.301956666667071,26.343102,15.0,70.13543500000002,0.5,0.5068892240524292,uniform,uniform,10,0.0,0.0,0.0,2,
independent,2345,aggregation_softmax,54,15.693991,0.6,8,7,7,172.26880729198456,402.36937522888184,210.61253130435944,0.8577632904052734,0.1335796,81.09455,10,148,7.301956666667071,55.693993,40.0,70.13543500000002,0.5,0.5068892240524292,uniform,uniform,10,0.0,0.0,0.0,2,
independent,2345,aggregation_softmax,55,16.156616,0.8,4,4,4,146.39309003949165,437.7553939819336,227.67977356910706,0.9029976963996887,0.10205437,0.0,10,148,7.301956666667071,36.156624,20.000008,70.13543500000002,0.5,0.5068892240524292,uniform,uniform,10,0.0,0.0,0.0,2,
independent,2345,aggregation_softmax,56,16.843388,0.6,8,6,6,135.30079752206802,466.0447025299072,262.06989347934723,0.9158248394727707,0.08274618,3.661211,10,148,7.301956666667071,56.843388,40.0,70.13543500000002,0.5,0.5068892240524292,uniform,uniform,10,0.0,0.0,0.0,2,
independent,2345,aggregation_softmax,57,15.529451,0.85,3,3,3,140.3788841954049,464.9271583557129,252.19681673190172,0.9132573872804641,0.04752147,37.054893,10,148,7.301956666667071,30.529453,15.000002,70.13543500000002,0.5,0.5068892240524292,uniform,uniform,10,0.0,0.0,0.0,2,
independent,2345,aggregation_softmax,58,16.674114,0.65000004,7,6,6,170.6410323198025,477.69161224365234,283.9277554475344,0.939329308271408,0.032595802,0.0,10,148,7.301956666667071,51.674107,34.999992,70.13543500000002,0.5,0.5068892240524292,uniform,uniform,10,0.0,0.0,0.0,2,
independent,2345,aggregation_softmax,59,14.512811,0.65000004,7,7,7,178.0398325736706,403.9699459075928,224.8019346824059,0.8023165464401245,0.1309604,187.5523,10,148,7.301956666667071,49.512814,35.000004,70.13543500000002,0.5,0.5068892240524292,uniform,uniform,10,0.0,0.0,0.0,2,
independent,2345,aggregation_softmax,0,14.902468,0.85,3,3,3,190.05349117166855,456.029634475708,239.35246257221,0.8732333064079285,0.10112459,97.92925,10,156,7.1437766666671605,29.902466,14.999998,65.97060500000016,0.5,0.5068892240524292,uniform,uniform,10,0.0,0.0,0.0,3,
independent,2345,aggregation_softmax,1,15.946203,0.6,8,6,6,129.6273697167635,431.2415313720703,206.48839265108109,0.8451055884361267,0.061214164,105.39745,10,156,7.1437766666671605,55.9462,40.0,65.97060500000016,0.5,0.5068892240524292,uniform,uniform,10,0.0,0.0,0.0,3,
independent,2345,aggregation_softmax,2,16.675903,0.55,9,9,9,153.42431992292404,448.38624000549316,261.4950500835072,0.910961526632309,0.063013576,0.0,10,156,7.1437766666671605,61.675907,45.000004,65.97060500000016,0.5,0.5068892240524292,uniform,uniform,10,0.0,0.0,0.0,3,
independent,2345,aggregation_softmax,3,15.607586,0.6,8,8,8,144.78937044739723,471.75487518310547,233.01158845424652,0.9034585386514664,0.11856974,58.241455,10,156,7.1437766666671605,55.60759,40.000004,65.97060500000016,0.5,0.5068892240524292,uniform,uniform,10,0.0,0.0,0.0,3,
independent,2345,aggregation_softmax,4,14.924546,0.85,3,3,3,151.18187679963953,456.3626289367676,238.97767235251035,0.8818657338619232,0.07173682,59.180573,10,156,7.1437766666671605,29.924545,14.999999,65.97060500000016,0.5,0.5068892240524292,uniform,uniform,10,0.0,0.0,0.0,3,
independent,2345,aggregation_softmax,5,13.025275,0.90000004,2,1,1,94.12353704373042,477.08910942077637,185.5490118265152,0.8112587124109268,0.15205207,215.47253,10,156,7.1437766666671605,23.025276,10.000001,65.97060500000016,0.5,0.5068892240524292,uniform,uniform,10,0.0,0.0,0.0,3,
independent,2345,aggregation_softmax,6,15.179794,0.85,3,3,3,133.6805884627735,443.53878021240234,214.8731610354255,0.8708331316709519,0.065820664,77.80259,10,156,7.1437766666671605,30.17979,14.999996,65.97060500000016,0.5,0.5068892240524292,uniform,uniform,10,0.0,0.0,0.0,3,
independent,2345,aggregation_softmax,7,14.461754,0.85,3,2,2,143.8685146850698,428.9270496368408,218.34634696736055,0.8580349683761597,0.110989876,80.57301,10,156,7.1437766666671605,29.46175,14.999996,65.97060500000016,0.5,0.5068892240524292,uniform,uniform,10,0.0,0.0,0.0,3,
independent,2345,aggregation_softmax,8,16.171318,0.75,5,4,4,130.07313323020935,449.2779350280762,214.94444870948792,0.9090335488319397,0.050403085,13.069376,10,156,7.1437766666671605,41.171318,25.0,65.97060500000016,0.5,0.5068892240524292,uniform,uniform,10,0.0,0.0,0.0,3,
independent,2345,aggregation_softmax,9,15.294458,0.8,4,3,3,169.40024837851524,450.432186126709,264.98768001794815,0.8914053976535797,0.027803453,34.933968,10,156,7.1437766666671605,35.294456,19.999998,65.97060500000016,0.5,0.5068892240524292,uniform,uniform,10,0.0,0.0,0.0,3,
independent,2345,aggregation_softmax,10,13.899393,0.95,1,1,1,127.2468038922862,477.6310443878174,230.63611545060812,0.8671460419893264,0.110714905,142.3158,10,156,7.1437766666671605,18.899393,5.0,65.97060500000016,0.5,0.5068892240524292,uniform,uniform,10,0.0,0.0,0.0,3,
independent,2345,aggregation_softmax,11,11.437583,0.90000004,2,2,2,116.89282630880673,433.8988208770752,213.7910028298696,0.7315923064947129,0.24496897,325.24176,10,156,7.1437766666671605,21.437582,9.999999,65.97060500000016,0.5,0.5068892240524292,uniform,uniform,10,0.0,0.0,0.0,3,
independent,2345,aggregation_softmax,12,15.212968,0.8,4,2,2,134.252088367939,431.6176128387451,240.5250607430935,0.8669623732566833,0.05104244,63.43245,10,156,7.1437766666671605,35.212963,19.999996,65.97060500000016,0.5,0.5068892240524292,uniform,uniform,10,0.0,0.0,0.0,3,
independent,2345,aggregation_softmax,13,9.730345,0.8,4,4,4,98.05534712970257,389.1916751861572,185.58121472597122,0.6218739748001099,0.30604437,534.002,10,156,7.1437766666671605,29.730347,20.000002,65.97060500000016,0.5,0.5068892240524292,uniform,uniform,10,0.0,0.0,0.0,3,
independent,2345,aggregation_softmax,14,15.21409,0.85,3,2,2,167.6781562496634,462.870397567749,253.99455701603608,0.9012922435998917,0.070426166,28.38945,10,156,7.1437766666671605,30.214092,15.000002,65.97060500000016,0.5,0.5068892240524292,uniform,uniform,10,0.0,0.0,0.0,3,
independent,2345,aggregation_softmax,15,14.842842,0.85,3,3,3,173.54503459790175,474.6115493774414,269.4365966320038,0.9041458696126938,0.121353246,46.370064,10,156,7.1437766666671605,29.842838,14.999996,65.97060500000016,0.5,0.5068892240524292,uniform,uniform,10,0.0,0.0,0.0,3,
independent,2345,aggregation_softmax,16,15.031572,0.7,6,5,5,151.614927649498,469.2032718658447,259.4364230121885,0.8700994282960892,0.025419254,124.71281,10,156,7.1437766666671605,45.031574,30.000002,65.97060500000016,0.5,0.5068892240524292,uniform,uniform,10,0.0,0.0,0.0,3,
independent,2345,aggregation_softmax,17,13.801162,0.85,3,3,3,91.0243474034702,450.9774398803711,181.49889875860777,0.8313232898712158,0.13297151,150.8368,10,156,7.1437766666671605,28.801163,15.000001,65.97060500000016,0.5,0.5068892240524292,uniform,uniform,10,0.0,0.0,0.0,3,
independent,2345,aggregation_softmax,18,15.5523205,0.8,4,4,4,162.01485637575388,473.7645721435547,254.3848519027233,0.8703108072280884,0.07145023,98.76799,10,156,7.1437766666671605,35.552315,19.999994,65.97060500000016,0.5,0.5068892240524292,uniform,uniform,10,0.0,0.0,0.0,3,
independent,2345,aggregation_softmax,19,14.926607,0.7,6,3,3,190.97418308258057,475.676908493042,264.12043588502064,0.8762175232172013,0.086326845,89.33949,10,156,7.1437766666671605,44.92661,30.000002,65.97060500000016,0.5,0.5068892240524292,uniform,uniform,10,0.0,0.0,0.0,3,
independent,2345,aggregation_softmax,20,15.85664,0.7,6,5,5,169.09395728792464,446.32092475891113,258.3603685242789,0.8844770818948746,0.123457134,54.335995,10,156,7.1437766666671605,45.85664,30.0,65.97060500000016,0.5,0.5068892240524292,uniform,uniform,10,0.0,0.0,0.0,3,
independent,2345,aggregation_softmax,21,14.406802,0.65000004,7,5,5,166.44623197042026,454.8672580718994,252.78488764396081,0.8531364887952805,0.12036734,112.84522,10,156,7.1437766666671605,49.406807,35.000004,65.97060500000016,0.5,0.5068892240524292,uniform,uniform,10,0.0,0.0,0.0,3,
independent,2345,aggregation_softmax,22,13.682295,0.8,4,4,4,119.89602115005255,466.28954887390137,216.75366707146168,0.817291471362114,0.14784893,198.40955,10,156,7.1437766666671605,33.682297,20.000002,65.97060500000016,0.5,0.5068892240524292,uniform,uniform,10,0.0,0.0,0.0,3,
independent,2345,aggregation_softmax,23,11.620754,0.5,10,10,10,121.91146659851074,429.8242664337158,183.30306029319763,0.6330193281173706,0.17480348,512.60297,10,156,7.1437766666671605,61.620754,50.0,65.97060500000016,0.5,0.5068892240524292,uniform,uniform,10,0.0,0.0,0.0,3,
independent,2345,aggregation_softmax,24,15.596771,0.75,5,4,4,154.35342597961426,443.16126823425293,248.73958206176758,0.8790093392133713,0.0730331,54.682903,10,156,7.1437766666671605,40.596775,25.000004,65.97060500000016,0.5,0.5068892240524292,uniform,uniform,10,0.0,0.0,0.0,3,
independent,2345,aggregation_softmax,25,14.624012,0.8,4,1,1,156.55194953083992,477.7691459655762,288.8464229553938,0.8914618223905564,0.028500639,79.59879,10,156,7.1437766666671605,34.624012,20.0,65.97060500000016,0.5,0.5068892240524292,uniform,uniform,10,0.0,0.0,0.0,3,
independent,2345,aggregation_softmax,26,14.36709,0.8,4,4,4,211.21929824352264,456.0945510864258,279.5839637517929,0.8455186665058136,0.0568295,138.09962,10,156,7.1437766666671605,34.36709,19.999998,65.97060500000016,0.5,0.5068892240524292,uniform,uniform,10,0.0,0.0,0.0,3,
independent,2345,aggregation_softmax,27,12.9702215,0.85,3,2,2,122.09742896697101,441.1893653869629,236.62042337305405,0.8103719532489777,0.18748246,182.9408,10,156,7.1437766666671605,27.970224,15.000003,65.97060500000016,0.5,0.5068892240524292,uniform,uniform,10,0.0,0.0,0.0,3,
independent,2345,aggregation_softmax,28,10.679834,0.95,1,0,0,93.70783115688123,453.4057331085205,221.9584512083154,0.747598597407341,0.032355696,314.01648,10,156,7.1437766666671605,15.679834,5.0,65.97060500000016,0.5,0.5068892240524292,uniform,uniform,10,0.0,0.0,0.0,3,
independent,2345,aggregation_softmax,29,14.679469,0.7,6,5,5,128.2391401699611,465.972318649292,239.5608605657305,0.8375776201486588,0.17624524,153.82346,10,156,7.1437766666671605,44.679466,29.999996,65.97060500000016,0.5,0.5068892240524292,uniform,uniform,10,0.0,0.0,0.0,3,
independent,2345,aggregation_softmax,30,15.765016,0.65000004,7,6,6,192.67678526731638,423.5446071624756,265.09983466221735,0.9000000953674316,0.057470728,0.0,10,156,7.1437766666671605,50.765015,35.0,65.97060500000016,0.5,0.5068892240524292,uniform,uniform,10,0.0,0.0,0.0,3,
independent,2345,aggregation_softmax,31,13.205674,0.90000004,2,2,2,96.99863851070404,466.7431640625,231.3854710261027,0.7889101922512054,0.17255509,258.33716,10,156,7.1437766666671605,23.205675,10.000001,65.97060500000016,0.5,0.5068892240524292,uniform,uniform,10,0.0,0.0,0.0,3,
independent,2345,aggregation_softmax,32,13.864885,0.8,4,3,3,173.98804306983948,456.70254707336426,266.4755465090275,0.8454786211252212,0.1701382,148.51129,10,156,7.1437766666671605,33.864887,20.000002,65.97060500000016,0.5,0.5068892240524292,uniform,uniform,10,0.0,0.0,0.0,3,
independent,2345,aggregation_softmax,33,13.18325,0.8,4,4,4,106.37607760727406,445.3512954711914,212.17725299298763,0.7644147515296936,0.11928182,273.67502,10,156,7.1437766666671605,33.18325,20.0,65.97060500000016,0.5,0.5068892240524292,uniform,uniform,10,0.0,0.0,0.0,3,
independent,2345,aggregation_softmax,34,16.169594,0.7,6,5,5,206.9597600187574,474.51001167297363,290.9664697306497,0.9248178362846374,0.09772155,55.04041,10,156,7.1437766666671605,46.169586,29.999992,65.97060500000016,0.5,0.5068892240524292,uniform,uniform,10,0.0,0.0,0.0,3,
independent,2345,aggregation_softmax,35,14.978155,0.7,6,6,6,161.35613220078605,452.28137969970703,236.26163976533073,0.850418421626091,0.16385563,135.71217,10,156,7.1437766666671605,44.97815,29.999994,65.97060500000016,0.5,0.5068892240524292,uniform,uniform,10,0.0,0.0,0.0,3,
independent,2345,aggregation_softmax,36,13.355267,0.65000004,7,7,7,86.44957718940881,414.40638542175293,156.51425490012537,0.7179826498031616,0.18024194,349.47336,10,156,7.1437766666671605,48.35527,35.000004,65.97060500000016,0.5,0.5068892240524292,uniform,uniform,10,0.0,0.0,0.0,3,
independent,2345,aggregation_softmax,37,15.985076,0.75,5,4,4,157.35049533843994,459.1930389404297,240.32215976715088,0.9141631364822388,0.018035645,0.0,10,156,7.1437766666671605,40.985077,25.0,65.97060500000016,0.5,0.5068892240524292,uniform,uniform,10,0.0,0.0,0.0,3,
independent,2345,aggregation_softmax,38,15.607206,0.8,4,4,4,155.64831152558327,461.0724449157715,249.402614235878,0.907114440202713,0.030993473,15.412937,10,156,7.1437766666671605,35.60721,20.000002,65.97060500000016,0.5,0.5068892240524292,uniform,uniform,10,0.0,0.0,0.0,3,
independent,2345,aggregation_softmax,39,14.649111,0.75,5,4,4,175.5224893093109,478.23437690734863,278.7354316711426,0.8772696346044541,0.039870214,89.87689,10,156,7.1437766666671605,39.64911,24.999998,65.97060500000016,0.5,0.5068892240524292,uniform,uniform,10,0.0,0.0,0.0,3,
independent,2345,aggregation_softmax,40,14.156979,0.7,6,6,6,164.73620678697313,433.3652973175049,266.33889658110485,0.7934181183576584,0.20853864,206.00267,10,156,7.1437766666671605,44.156982,30.000004,65.97060500000016,0.5,0.5068892240524292,uniform,uniform,10,0.0,0.0,0.0,3,
independent,2345,aggregation_softmax,41,12.84045,0.75,5,4,4,138.10776036977768,478.7321949005127,231.0816731452942,0.7961518287658691,0.19216886,300.95508,10,156,7.1437766666671605,37.84045,25.0,65.97060500000016,0.5,0.5068892240524292,uniform,uniform,10,0.0,0.0,0.0,3,
independent,2345,aggregation_softmax,42,13.282517,0.90000004,2,1,1,136.09130084514618,436.9695568084717,262.0184350013733,0.8251024276018143,0.22025497,148.77298,10,156,7.1437766666671605,23.282516,9.999999,65.97060500000016,0.5,0.5068892240524292,uniform,uniform,10,0.0,0.0,0.0,3,
independent,2345,aggregation_softmax,43,14.049923,0.6,8,3,3,154.09917682409286,431.4875793457031,236.85606479644775,0.7872214913368225,0.15728962,216.5348,10,156,7.1437766666671605,54.049927,40.000004,65.97060500000016,0.5,0.5068892240524292,uniform,uniform,10,0.0,0.0,0.0,3,
independent,2345,aggregation_softmax,44,14.728889,0.85,3,3,3,150.04718060879145,465.15807151794434,246.9279426686904,0.8680129170417785,0.06158924,117.11114,10,156,7.1437766666671605,29.72889,15.0,65.97060500000016,0.5,0.5068892240524292,uniform,uniform,10,0.0,0.0,0.0,3,
independent,2345,aggregation_softmax,45,15.676315,0.8,4,4,4,136.48429350927472,464.6716117858887,203.94389770925045,0.886634173989296,0.075671755,80.36846,10,156,7.1437766666671605,35.676315,20.0,65.97060500000016,0.5,0.5068892240524292,uniform,uniform,10,0.0,0.0,0.0,3,
independent,2345,aggregation_softmax,46,11.155327,0.95,1,1,1,85.00658625050595,476.6030788421631,221.39915792565597,0.7216548711061478,0.18088554,387.02585,10,156,7.1437766666671605,16.155327,5.0,65.97060500000016,0.5,0.5068892240524292,uniform,uniform,10,0.0,0.0,0.0,3,
independent,2345,aggregation_softmax,47,14.218658,0.7,6,5,5,123.71382479156766,437.5802993774414,197.2602647117206,0.8216025471687317,0.13168667,156.10349,10,156,7.1437766666671605,44.21866,30.0,65.97060500000016,0.5,0.5068892240524292,uniform,uniform,10,0.0,0.0,0.0,3,
independent,2345,aggregation_softmax,48,13.992832,0.7,6,3,3,127.62882024049759,465.79158782958984,216.46787984030587,0.7953310489654541,0.05620499,239.0016,10,156,7.1437766666671605,43.99283,29.999996,65.97060500000016,0.5,0.5068892240524292,uniform,uniform,10,0.0,0.0,0.0,3,
independent,2345,aggregation_softmax,49,13.265476,0.90000004,2,1,1,118.42983673016231,470.1894950866699,235.6435755888621,0.8442557632923127,0.09593679,158.45229,10,156,7.1437766666671605,23.265469,9.999992,65.97060500000016,0.5,0.5068892240524292,uniform,uniform,10,0.0,0.0,0.0,3,
independent,2345,aggregation_softmax,50,14.889226,0.75,5,5,5,97.808624625206,354.8042106628418,189.01300036907196,0.8355861902236938,0.10732555,123.67474,10,156,7.1437766666671605,39.88923,25.000004,65.97060500000016,0.5,0.5068892240524292,uniform,uniform,10,0.0,0.0,0.0,3,
independent,2345,aggregation_softmax,51,14.817051,0.85,3,3,3,109.45290926624747,392.3059272766113,200.346257686615,0.8637570738792419,0.11135863,69.58655,10,156,7.1437766666671605,29.81705,15.0,65.97060500000016,0.5,0.5068892240524292,uniform,uniform,10,0.0,0.0,0.0,3,
independent,2345,aggregation_softmax,52,14.753546,0.75,5,5,5,157.99586176872253,472.1404552459717,222.10849523544312,0.859894135594368,0.014320406,117.14383,10,156,7.1437766666671605,39.753555,25.00001,65.97060500000016,0.5,0.5068892240524292,uniform,uniform,10,0.0,0.0,0.0,3,
independent,2345,aggregation_softmax,53,12.93895,0.85,3,1,1,123.95121406106388,471.1808109283447,231.81206913555368,0.799568635225296,0.10585805,286.9662,10,156,7.1437766666671605,27.93895,15.0,65.97060500000016,0.5,0.5068892240524292,uniform,uniform,10,0.0,0.0,0.0,3,
independent,2345,aggregation_softmax,54,12.144241,0.85,3,2,2,135.83178625387305,465.63222885131836,216.46400760201846,0.7821117669343949,0.15121071,273.57587,10,156,7.1437766666671605,27.144243,15.000002,65.97060500000016,0.5,0.5068892240524292,uniform,uniform,10,0.0,0.0,0.0,3,
independent,2345,aggregation_softmax,55,15.078903,0.85,3,3,3,186.09193850966062,439.12479400634766,258.10846356784594,0.8599037766456604,0.056132074,84.10961,10,156,7.1437766666671605,30.078901,14.999998,65.97060500000016,0.5,0.5068892240524292,uniform,uniform,10,0.0,0.0,0.0,3,
independent,2345,aggregation_softmax,56,16.42138,0.7,6,4,4,161.61009524549758,424.73753929138184,252.74239693369185,0.8917386531829834,0.038298566,15.8619585,10,156,7.1437766666671605,46.42138,30.0,65.97060500000016,0.5,0.5068892240524292,uniform,uniform,10,0.0,0.0,0.0,3,
independent,2345,aggregation_softmax,57,16.223492,0.65000004,7,7,7,144.7313072761664,466.23870849609375,255.2532378068337,0.8996991157531739,0.048333768,34.816483,10,156,7.1437766666671605,51.223495,35.000004,65.97060500000016,0.5,0.5068892240524292,uniform,uniform,10,0.0,0.0,0.0,3,
independent,2345,aggregation_softmax,58,16.19577,0.7,6,5,5,187.81634765011924,476.8706703186035,267.74441395487105,0.9106169283390045,0.069425955,24.486328,10,156,7.1437766666671605,46.195778,30.000008,65.97060500000016,0.5,0.5068892240524292,uniform,uniform,10,0.0,0.0,0.0,3,
independent,2345,aggregation_softmax,59,15.510045,0.75,5,5,5,213.72633385658264,478.00724029541016,281.66785955429077,0.9033382266759873,0.07383904,62.899925,10,156,7.1437766666671605,40.510048,25.000004,65.97060500000016,0.5,0.5068892240524292,uniform,uniform,10,0.0,0.0,0.0,3,
independent,2345,aggregation_softmax,0,15.351658,0.90000004,2,2,2,172.78109282255173,447.53849029541016,222.64886617660522,0.9047336220741272,0.068168506,6.450033,10,151,7.41270499999942,25.351656,9.999998,70.65482499999997,0.5,0.5068892240524292,uniform,uniform,10,0.0,0.0,0.0,4,
independent,2345,aggregation_softmax,1,14.503937,0.75,5,4,4,110.95707774162292,479.21253204345703,190.62797832489014,0.8398991465568543,0.18789716,162.60625,10,151,7.41270499999942,39.503933,24.999996,70.65482499999997,0.5,0.5068892240524292,uniform,uniform,10,0.0,0.0,0.0,4,
independent,2345,aggregation_softmax,2,15.482773,0.7,6,6,6,120.15561914869717,438.1304454803467,214.28109296730585,0.8585456997156143,0.07698084,85.72289,10,151,7.41270499999942,45.482773,30.0,70.65482499999997,0.5,0.5068892240524292,uniform,uniform,10,0.0,0.0,0.0,4,
independent,2345,aggregation_softmax,3,15.754066,0.75,5,5,5,127.84065437316895,464.86690521240234,257.63622760772705,0.9074258238077164,0.06934141,27.59337,10,151,7.41270499999942,40.754066,25.0,70.65482499999997,0.5,0.5068892240524292,uniform,uniform,10,0.0,0.0,0.0,4,
independent,2345,aggregation_softmax,4,15.611805,0.75,5,5,5,163.60037755966187,476.86323165893555,266.8945736885071,0.8946440160274506,0.028489225,55.1469,10,151,7.41270499999942,40.6118,24.999996,70.65482499999997,0.5,0.5068892240524292,uniform,uniform,10,0.0,0.0,0.0,4,
independent,2345,aggregation_softmax,5,11.8573475,0.95,1,0,0,121.71996954240296,477.08913803100586,222.42653131484985,0.7917156755924225,0.2384152,252.99512,10,151,7.41270499999942,16.85735,5.000002,70.65482499999997,0.5,0.5068892240524292,uniform,uniform,10,0.0,0.0,0.0,4,
independent,2345,aggregation_softmax,6,15.023962,0.8,4,4,4,195.2903501316905,441.58827781677246,258.36585469543934,0.853520679473877,0.062874496,99.07524,10,151,7.41270499999942,35.023964,20.000002,70.65482499999997,0.5,0.5068892240524292,uniform,uniform,10,0.0,0.0,0.0,4,
independent,2345,aggregation_softmax,7,16.101425,0.7,6,5,5,225.6307185121945,452.3939609527588,302.1811386517116,0.908566015958786,0.020909037,21.643904,10,151,7.41270499999942,46.10142,29.999996,70.65482499999997,0.5,0.5068892240524292,uniform,uniform,10,0.0,0.0,0.0,4,
independent,2345,aggregation_softmax,8,15.582844,0.8,4,4,4,114.82766412198544,444.6364688873291,217.0947054773569,0.8723546355962754,0.04615198,65.71566,10,151,7.41270499999942,35.582844,20.0,70.65482499999997,0.5,0.5068892240524292,uniform,uniform,10,0.0,0.0,0.0,4,
independent,2345,aggregation_softmax,9,15.551927,0.7,6,5,5,203.45498059477126,447.30926513671875,285.77121428080966,0.8829736948013306,0.090688825,48.0,10,151,7.41270499999942,45.551937,30.000011,70.65482499999997,0.5,0.5068892240524292,uniform,uniform,10,0.0,0.0,0.0,4,
independent,2345,aggregation_softmax,10,14.275133,0.90000004,2,2,2,152.33283311128616,455.79983711242676,237.34056214491525,0.8773894339799881,0.087319784,76.85338,10,151,7.41270499999942,24.275131,9.999998,70.65482499999997,0.5,0.5068892240524292,uniform,uniform,10,0.0,0.0,0.0,4,
independent,2345,aggregation_softmax,11,12.884777,0.90000004,2,2,2,127.39498878518741,446.4791965484619,224.29316500822702,0.8119705408811569,0.12219981,183.49585,10,151,7.41270499999942,22.884777,10.0,70.65482499999997,0.5,0.5068892240524292,uniform,uniform,10,0.0,0.0,0.0,4,
independent,2345,aggregation_softmax,12,15.189798,0.8,4,1,1,158.18273663520813,448.0999946594238,250.2024284005165,0.8853404462337494,0.04449543,44.246487,10,151,7.41270499999942,35.1898,20.000002,70.65482499999997,0.5,0.5068892240524292,uniform,uniform,10,0.0,0.0,0.0,4,
independent,2345,aggregation_softmax,13,12.563269,0.75,5,5,5,126.90828394889832,389.2529296875,210.9419994354248,0.7320767641067505,0.25590497,322.4127,10,151,7.41270499999942,37.56327,25.000002,70.65482499999997,0.5,0.5068892240524292,uniform,uniform,10,0.0,0.0,0.0,4,
independent,2345,aggregation_softmax,14,16.097279,0.75,5,4,4,172.52415299415588,442.69500732421875,260.65473556518555,0.9055704116821289,0.06352356,5.722046e-06,10,151,7.41270499999942,41.097275,24.999996,70.65482499999997,0.5,0.5068892240524292,uniform,uniform,10,0.0,0.0,0.0,4,
independent,2345,aggregation_softmax,15,15.747129,0.75,5,5,5,173.59113907814026,441.66661262512207,263.5886206626892,0.8772810786962509,0.04571878,53.287052,10,151,7.41270499999942,40.74713,25.000002,70.65482499999997,0.5,0.5068892240524292,uniform,uniform,10,0.0,0.0,0.0,4,
independent,2345,aggregation_softmax,16,14.02811,0.75,5,4,4,161.1132709980011,458.3654594421387,240.53861212730408,0.824832433462143,0.09369703,170.68733,10,151,7.41270499999942,39.028114,25.000004,70.65482499999997,0.5,0.5068892240524292,uniform,uniform,10,0.0,0.0,0.0,4,
independent,2345,aggregation_softmax,17,14.70171,0.95,1,1,1,118.72220908340655,463.80226135253906,238.38055522818314,0.8828848868608474,0.1190772,106.43337,10,151,7.41270499999942,19.701708,4.999998,70.65482499999997,0.5,0.5068892240524292,uniform,uniform,10,0.0,0.0,0.0,4,
independent,2345,aggregation_softmax,18,15.737,0.75,5,5,5,135.94237232208252,437.7231502532959,216.6825716495514,0.8828037768602371,0.09231576,38.740047,10,151,7.41270499999942,40.737003,25.000004,70.65482499999997,0.5,0.5068892240524292,uniform,uniform,10,0.0,0.0,0.0,4,
independent,2345,aggregation_softmax,19,13.8906355,0.75,5,2,2,174.7990379333496,478.54339599609375,259.2746081352234,0.8768808275461197,0.12504035,134.60924,10,151,7.41270499999942,38.890636,25.0,70.65482499999997,0.5,0.5068892240524292,uniform,uniform,10,0.0,0.0,0.0,4,
independent,2345,aggregation_softmax,20,14.280918,0.7,6,5,5,114.08619965825763,466.7017936706543,244.1125764165606,0.8097666084766388,0.090797774,217.90807,10,151,7.41270499999942,44.28092,30.0,70.65482499999997,0.5,0.5068892240524292,uniform,uniform,10,0.0,0.0,0.0,4,
independent,2345,aggregation_softmax,21,15.266287,0.7,6,4,4,166.5840298788888,442.90560722351074,248.61278108188085,0.8961140900850296,0.040464953,18.36665,10,151,7.41270499999942,45.26629,30.000002,70.65482499999997,0.5,0.5068892240524292,uniform,uniform,10,0.0,0.0,0.0,4,
independent,2345,aggregation_softmax,22,13.930143,0.8,4,4,4,106.2036358192563,478.48666191101074,203.0612837523222,0.8080735594034195,0.13583364,222.98561,10,151,7.41270499999942,33.930145,20.000002,70.65482499999997,0.5,0.5068892240524292,uniform,uniform,10,0.0,0.0,0.0,4,
independent,2345,aggregation_softmax,23,13.945099,0.6,8,8,8,135.98646968603134,471.9828414916992,248.2352113723755,0.7874254018068314,0.102646865,262.73752,10,151,7.41270499999942,53.9451,40.0,70.65482499999997,0.5,0.5068892240524292,uniform,uniform,10,0.0,0.0,0.0,4,
independent,2345,aggregation_softmax,24,14.523607,0.75,5,4,4,100.40860509872437,405.7669258117676,177.79764032363892,0.8182801604270935,0.08305692,156.90227,10,151,7.41270499999942,39.523605,24.999998,70.65482499999997,0.5,0.5068892240524292,uniform,uniform,10,0.0,0.0,0.0,4,
independent,2345,aggregation_softmax,25,14.15356,0.8,4,1,1,198.71514525264502,472.18119621276855,312.21528366208076,0.8572572499513627,0.10817655,143.99998,10,151,7.41270499999942,34.153557,19.999996,70.65482499999997,0.5,0.5068892240524292,uniform,uniform,10,0.0,0.0,0.0,4,
independent,2345,aggregation_softmax,26,12.474933,0.8,4,4,4,149.40701857209206,355.7926082611084,217.7716827392578,0.7541394233703613,0.10506,280.05237,10,151,7.41270499999942,32.47493,19.999996,70.65482499999997,0.5,0.5068892240524292,uniform,uniform,10,0.0,0.0,0.0,4,
independent,2345,aggregation_softmax,27,14.818779,0.65000004,7,6,6,126.70687670891101,464.4498538970947,229.42682972321143,0.867032715678215,0.09060621,95.74714,10,151,7.41270499999942,49.818775,34.999996,70.65482499999997,0.5,0.5068892240524292,uniform,uniform,10,0.0,0.0,0.0,4,
independent,2345,aggregation_softmax,28,13.541821,0.8,4,3,3,90.83001617342234,460.9113121032715,197.53875598311424,0.8074502617120742,0.24428238,220.94598,10,151,7.41270499999942,33.541817,19.999996,70.65482499999997,0.5,0.5068892240524292,uniform,uniform,10,0.0,0.0,0.0,4,
independent,2345,aggregation_softmax,29,14.287973,0.75,5,5,5,136.83250164985657,472.4413776397705,232.88159680366516,0.8057131946086884,0.14612752,226.20274,10,151,7.41270499999942,39.28797,24.999998,70.65482499999997,0.5,0.5068892240524292,uniform,uniform,10,0.0,0.0,0.0,4,
independent,2345,aggregation_softmax,30,15.1504345,0.8,4,3,3,212.0805249363184,473.9729690551758,315.8474712073803,0.901683795452118,0.11409746,75.67756,10,151,7.41270499999942,35.150433,19.999998,70.65482499999997,0.5,0.5068892240524292,uniform,uniform,10,0.0,0.0,0.0,4,
independent,2345,aggregation_softmax,31,16.079609,0.7,6,6,6,157.0847866364888,475.22509574890137,243.84307290826524,0.9047844797372818,0.07889895,34.038956,10,151,7.41270499999942,46.0796,29.999992,70.65482499999997,0.5,0.5068892240524292,uniform,uniform,10,0.0,0.0,0.0,4,
independent,2345,aggregation_softmax,32,13.8428545,0.75,5,4,4,163.1785397529602,451.0971736907959,235.38804006576538,0.825520732998848,0.03445063,162.09758,10,151,7.41270499999942,38.842854,25.0,70.65482499999997,0.5,0.5068892240524292,uniform,uniform,10,0.0,0.0,0.0,4,
independent,2345,aggregation_softmax,33,13.961522,0.75,5,5,5,114.47135710716248,471.44617080688477,213.11482310295105,0.7888532817363739,0.15643737,252.84785,10,151,7.41270499999942,38.961525,25.000004,70.65482499999997,0.5,0.5068892240524292,uniform,uniform,10,0.0,0.0,0.0,4,
independent,2345,aggregation_softmax,34,16.44331,0.65000004,7,6,6,146.1022321535991,475.60203552246094,237.19096816503085,0.9277075111865998,0.0659426,31.936962,10,151,7.41270499999942,51.443306,34.999996,70.65482499999997,0.5,0.5068892240524292,uniform,uniform,10,0.0,0.0,0.0,4,
independent,2345,aggregation_softmax,35,15.615578,0.7,6,6,6,108.09545536126409,479.30179595947266,224.7104103224618,0.9143554598093033,0.09103201,66.51244,10,151,7.41270499999942,45.615578,30.0,70.65482499999997,0.5,0.5068892240524292,uniform,uniform,10,0.0,0.0,0.0,4,
independent,2345,aggregation_softmax,36,14.120916,0.65000004,7,7,7,116.45486258543454,387.8181838989258,180.83068480858435,0.7705426216125488,0.14994927,248.55826,10,151,7.41270499999942,49.12092,35.0,70.65482499999997,0.5,0.5068892240524292,uniform,uniform,10,0.0,0.0,0.0,4,
independent,2345,aggregation_softmax,37,16.008928,0.65000004,7,6,6,182.61858206528885,475.17285346984863,269.8885125380296,0.9015967935323715,0.049642373,40.107124,10,151,7.41270499999942,51.008926,35.0,70.65482499999997,0.5,0.5068892240524292,uniform,uniform,10,0.0,0.0,0.0,4,
independent,2345,aggregation_softmax,38,14.914178,0.90000004,2,2,2,129.73111808300018,478.7395191192627,238.5823647181193,0.8894086569547653,0.13399324,67.075066,10,151,7.41270499999942,24.914185,10.000007,70.65482499999997,0.5,0.5068892240524292,uniform,uniform,10,0.0,0.0,0.0,4,
independent,2345,aggregation_softmax,39,15.280855,0.75,5,4,4,157.69017452001572,435.3607749938965,226.4045124053955,0.8564825594425202,0.05105275,86.914375,10,151,7.41270499999942,40.280853,24.999998,70.65482499999997,0.5,0.5068892240524292,uniform,uniform,10,0.0,0.0,0.0,4,
independent,2345,aggregation_softmax,40,14.099073,0.85,3,3,3,111.59085862776813,470.2437973022461,244.38887441859526,0.8441483199596405,0.08168279,161.72658,10,151,7.41270499999942,29.099072,14.999998,70.65482499999997,0.5,0.5068892240524292,uniform,uniform,10,0.0,0.0,0.0,4,
independent,2345,aggregation_softmax,41,12.120486,0.65000004,7,6,6,140.11672902565735,449.51308250427246,214.98786091804504,0.7056151509284974,0.29983523,392.42212,10,151,7.41270499999942,47.120487,35.0,70.65482499999997,0.5,0.5068892240524292,uniform,uniform,10,0.0,0.0,0.0,4,
independent,2345,aggregation_softmax,42,12.359555,0.85,3,2,2,107.76745277292588,430.04027366638184,222.963682903963,0.7703037261962891,0.18211986,249.01689,10,151,7.41270499999942,27.359558,15.000003,70.65482499999997,0.5,0.5068892240524292,uniform,uniform,10,0.0,0.0,0.0,4,
independent,2345,aggregation_softmax,43,11.408424,0.6,8,4,4,122.05940365791321,341.68310165405273,173.3573815226555,0.6452305316925049,0.18698211,489.15738,10,151,7.41270499999942,51.40843,40.000004,70.65482499999997,0.5,0.5068892240524292,uniform,uniform,10,0.0,0.0,0.0,4,
independent,2345,aggregation_softmax,44,15.188852,0.8,4,4,4,143.52360726334155,433.17094802856445,227.84763112664223,0.8700563848018646,0.08235289,58.662907,10,151,7.41270499999942,35.18885,19.999998,70.65482499999997,0.5,0.5068892240524292,uniform,uniform,10,0.0,0.0,0.0,4,
independent,2345,aggregation_softmax,45,13.779634,0.85,3,3,3,184.90293334512148,479.3312358856201,269.34760156799763,0.8269857883453369,0.10606402,246.11884,10,151,7.41270499999942,28.77964,15.000006,70.65482499999997,0.5,0.5068892240524292,uniform,uniform,10,0.0,0.0,0.0,4,
independent,2345,aggregation_softmax,46,13.825121,0.8,4,4,4,98.14042299985886,431.6788673400879,201.93787425756454,0.7957221865653992,0.11189758,200.2135,10,151,7.41270499999942,33.825127,20.000006,70.65482499999997,0.5,0.5068892240524292,uniform,uniform,10,0.0,0.0,0.0,4,
independent,2345,aggregation_softmax,47,14.655204,0.8,4,3,3,115.64211711287498,478.27646255493164,223.9842053130269,0.8973659902811051,0.121387824,94.46707,10,151,7.41270499999942,34.655205,20.0,70.65482499999997,0.5,0.5068892240524292,uniform,uniform,10,0.0,0.0,0.0,4,
independent,2345,aggregation_softmax,48,16.511131,0.5,10,7,7,204.96826046705246,441.7525291442871,256.5125298500061,0.8738651007413865,0.05777645,69.67914,10,151,7.41270499999942,66.51114,50.000008,70.65482499999997,0.5,0.5068892240524292,uniform,uniform,10,0.0,0.0,0.0,4,
independent,2345,aggregation_softmax,49,13.39351,0.8,4,3,3,116.38458363711834,476.37577056884766,230.8164019882679,0.8541518777608872,0.102771595,175.6746,10,151,7.41270499999942,33.393513,20.000004,70.65482499999997,0.5,0.5068892240524292,uniform,uniform,10,0.0,0.0,0.0,4,
independent,2345,aggregation_softmax,50,15.91477,0.8,4,4,4,127.98545625060797,442.7497100830078,236.92439384758472,0.9018319875001908,0.046384323,11.094812,10,151,7.41270499999942,35.91477,19.999998,70.65482499999997,0.5,0.5068892240524292,uniform,uniform,10,0.0,0.0,0.0,4,
independent,2345,aggregation_softmax,51,14.870581,0.95,1,1,1,158.3946552402095,466.59948348999023,257.6639553120262,0.923338708281517,0.05283247,16.990715,10,151,7.41270499999942,19.870583,5.000002,70.65482499999997,0.5,0.5068892240524292,uniform,uniform,10,0.0,0.0,0.0,4,
independent,2345,aggregation_softmax,52,15.06288,0.65000004,7,7,7,133.43106288176315,391.01683616638184,187.36918880389288,0.8605106472969055,0.09452999,75.81969,10,151,7.41270499999942,50.062885,35.000008,70.65482499999997,0.5,0.5068892240524292,uniform,uniform,10,0.0,0.0,0.0,4,
independent,2345,aggregation_softmax,53,15.152726,0.75,5,3,3,124.21327543258667,465.7517623901367,200.9570209980011,0.8588668942451477,0.082812384,112.72744,10,151,7.41270499999942,40.15272,24.999996,70.65482499999997,0.5,0.5068892240524292,uniform,uniform,10,0.0,0.0,0.0,4,
independent,2345,aggregation_softmax,54,13.24934,0.85,3,2,2,114.2345017895979,465.63222885131836,194.86672261182,0.8075866043567658,0.13797781,211.066,10,151,7.41270499999942,28.249342,15.000002,70.65482499999997,0.5,0.5068892240524292,uniform,uniform,10,0.0,0.0,0.0,4,
independent,2345,aggregation_softmax,55,15.5029335,0.85,3,3,3,110.44464342734393,461.85482025146484,229.30710301679724,0.9029820203781128,0.038837552,24.129496,10,151,7.41270499999942,30.502937,15.000004,70.65482499999997,0.5,0.5068892240524292,uniform,uniform,10,0.0,0.0,0.0,4,
independent,2345,aggregation_softmax,56,14.288406,0.85,3,1,1,161.33174131898318,437.9146385192871,275.1877448138069,0.8797673523426056,0.131499,44.76147,10,151,7.41270499999942,29.288404,14.999998,70.65482499999997,0.5,0.5068892240524292,uniform,uniform,10,0.0,0.0,0.0,4,
independent,2345,aggregation_softmax,57,15.855013,0.55,9,9,9,105.55341923101382,430.5739116668701,215.0066651539369,0.8570051193237305,0.055246573,82.55031,10,151,7.41270499999942,60.85501,45.0,70.65482499999997,0.5,0.5068892240524292,uniform,uniform,10,0.0,0.0,0.0,4,
independent,2345,aggregation_softmax,58,15.406818,0.8,4,3,3,125.39953853935003,456.25614166259766,246.73809550702572,0.8893356055021286,0.08023757,57.79097,10,151,7.41270499999942,35.40681,19.999992,70.65482499999997,0.5,0.5068892240524292,uniform,uniform,10,0.0,0.0,0.0,4,
independent,2345,aggregation_softmax,59,14.401599,0.8,4,4,4,168.35170336067677,447.1943664550781,242.4094194173813,0.8537498354911804,0.10077387,103.99485,10,151,7.41270499999942,34.4016,20.0,70.65482499999997,0.5,0.5068892240524292,uniform,uniform,10,0.0,0.0,0.0,4,
independent,2345,aggregation_random,0,14.795779,1.0,0,0,0,188.8901742696762,452.84268379211426,240.93535029888153,0.906501579284668,0.055545796,21.20716,10,147,1.3739066666673239,14.795786,6.67572e-06,58.564798333333336,0.5,0.5068892240524292,uniform,uniform,10,0.0,0.0,0.0,0,
independent,2345,aggregation_random,1,14.193229,0.8,4,2,2,104.28087774664164,467.6356887817383,214.48726549744606,0.8485062956809998,0.07631212,134.50368,10,147,1.3739066666673239,34.193226,19.999996,58.564798333333336,0.5,0.5068892240524292,uniform,uniform,10,0.0,0.0,0.0,0,
independent,2345,aggregation_random,2,14.973596,0.85,3,3,3,132.16492353116766,430.427827835083,238.08711837319765,0.8905976414680481,0.14859536,18.052626,10,147,1.3739066666673239,29.973589,14.999993,58.564798333333336,0.5,0.5068892240524292,uniform,uniform,10,0.0,0.0,0.0,0,
independent,2345,aggregation_random,3,15.298871,0.65000004,7,7,7,211.3982391357422,477.42831230163574,304.7271917416499,0.8837481021881104,0.024906632,109.11298,10,147,1.3739066666673239,50.298874,35.000004,58.564798333333336,0.5,0.5068892240524292,uniform,uniform,10,0.0,0.0,0.0,0,
independent,2345,aggregation_random,4,15.658174,0.8,4,4,4,132.14767042547464,476.86323165893555,236.46872989833355,0.9032586753368378,0.060000323,38.606735,10,147,1.3739066666673239,35.658173,20.0,58.564798333333336,0.5,0.5068892240524292,uniform,uniform,10,0.0,0.0,0.0,0,
independent,2345,aggregation_random,5,15.240861,0.85,3,2,2,154.08899135449354,479.00050163269043,263.6433840499205,0.9320959120988845,0.03416023,35.785187,10,147,1.3739066666673239,30.24086,14.999999,58.564798333333336,0.5,0.5068892240524292,uniform,uniform,10,0.0,0.0,0.0,0,
independent,2345,aggregation_random,6,13.702877,0.75,5,5,5,132.31368923187256,396.33307456970215,182.5366234779358,0.7934666872024536,0.09377236,204.54405,10,147,1.3739066666673239,38.702873,24.999996,58.564798333333336,0.5,0.5068892240524292,uniform,uniform,10,0.0,0.0,0.0,0,
independent,2345,aggregation_random,7,16.112047,0.7,6,5,5,145.35222415413176,457.8523635864258,241.95460183279855,0.9021518468856812,0.06175575,21.721012,10,147,1.3739066666673239,46.112045,29.999998,58.564798333333336,0.5,0.5068892240524292,uniform,uniform,10,0.0,0.0,0.0,0,
independent,2345,aggregation_random,8,15.969898,0.75,5,5,5,123.25719666481018,355.7076644897461,188.8061168193817,0.8720065951347351,0.07396271,53.74743,10,147,1.3739066666673239,40.969902,25.000004,58.564798333333336,0.5,0.5068892240524292,uniform,uniform,10,0.0,0.0,0.0,0,
independent,2345,aggregation_random,9,14.430057,0.90000004,2,1,1,142.2692714134852,449.0927982330322,274.0690330664317,0.8848154425621033,0.05909377,58.994335,10,147,1.3739066666673239,24.430058,10.000001,58.564798333333336,0.5,0.5068892240524292,uniform,uniform,10,0.0,0.0,0.0,0,
independent,2345,aggregation_random,10,13.820708,0.90000004,2,2,2,149.9045905470848,479.1569709777832,217.94663886229196,0.8636035948991776,0.108849056,143.43097,10,147,1.3739066666673239,23.820704,9.999995,58.564798333333336,0.5,0.5068892240524292,uniform,uniform,10,0.0,0.0,0.0,0,
independent,2345,aggregation_random,11,12.95574,0.90000004,2,2,2,148.67394586404166,429.0116214752197,245.57212193806967,0.8029512763023376,0.10612931,186.33366,10,147,1.3739066666673239,22.955742,10.000002,58.564798333333336,0.5,0.5068892240524292,uniform,uniform,10,0.0,0.0,0.0,0,
independent,2345,aggregation_random,12,15.5031395,0.7,6,3,3,194.68628679003035,456.32503509521484,273.86051416397095,0.8810619950294495,0.022674307,60.686123,10,147,1.3739066666673239,45.503143,30.000004,58.564798333333336,0.5,0.5068892240524292,uniform,uniform,10,0.0,0.0,0.0,0,
independent,2345,aggregation_random,13,14.06632,0.7,6,6,6,141.57190522977285,477.0692539215088,240.59673658439092,0.801859924197197,0.13520145,233.49826,10,147,1.3739066666673239,44.066326,30.000006,58.564798333333336,0.5,0.5068892240524292,uniform,uniform,10,0.0,0.0,0.0,0,
independent,2345,aggregation_random,14,14.970541,0.85,3,2,2,161.47302999215967,432.83105850219727,256.2629783854765,0.8958814084529877,0.075038545,8.7389145,10,147,1.3739066666673239,29.97054,14.999998,58.564798333333336,0.5,0.5068892240524292,uniform,uniform,10,0.0,0.0,0.0,0,
independent,2345,aggregation_random,15,15.170345,0.75,5,5,5,149.80907940864563,396.12213134765625,228.5248408317566,0.875677764415741,0.10687718,46.698887,10,147,1.3739066666673239,40.17035,25.000004,58.564798333333336,0.5,0.5068892240524292,uniform,uniform,10,0.0,0.0,0.0,0,
independent,2345,aggregation_random,16,14.54805,0.7,6,5,5,133.43984803983145,478.22444915771484,241.19439789227076,0.8383333325386048,0.05932567,164.62451,10,147,1.3739066666673239,44.548058,30.000008,58.564798333333336,0.5,0.5068892240524292,uniform,uniform,10,0.0,0.0,0.0,0,
independent,2345,aggregation_random,17,15.843676,0.75,5,5,5,96.10522925853729,464.36144828796387,213.87960767745972,0.8943347126245499,0.13778904,43.238934,10,147,1.3739066666673239,40.843674,24.999998,58.564798333333336,0.5,0.5068892240524292,uniform,uniform,10,0.0,0.0,0.0,0,
independent,2345,aggregation_random,18,13.784094,0.8,4,4,4,152.26892542093992,427.2435665130615,225.30674904584885,0.7866715788841248,0.23729715,217.59068,10,147,1.3739066666673239,33.7841,20.000006,58.564798333333336,0.5,0.5068892240524292,uniform,uniform,10,0.0,0.0,0.0,0,
independent,2345,aggregation_random,19,14.123377,0.7,6,3,3,147.35058316162653,439.2732238769531,220.49683826310294,0.8276259541511536,0.08899603,146.23146,10,147,1.3739066666673239,44.123375,29.999998,58.564798333333336,0.5,0.5068892240524292,uniform,uniform,10,0.0,0.0,0.0,0,
independent,2345,aggregation_random,20,15.765625,0.75,5,4,4,146.52295684814453,467.47532844543457,275.50696992874146,0.9204066663980484,0.043526232,48.0,10,147,1.3739066666673239,40.765625,25.0,58.564798333333336,0.5,0.5068892240524292,uniform,uniform,10,0.0,0.0,0.0,0,
independent,2345,aggregation_random,21,16.32,0.45000002,11,9,9,152.72260427474976,407.73359298706055,210.16387462615967,0.8750001192092896,0.053614322,48.0,10,147,1.3739066666673239,71.32001,55.000008,58.564798333333336,0.5,0.5068892240524292,uniform,uniform,10,0.0,0.0,0.0,0,
independent,2345,aggregation_random,22,15.454619,0.75,5,5,5,178.44913613796234,430.7442855834961,252.1174077987671,0.8575446605682373,0.078531146,81.51442,10,147,1.3739066666673239,40.45462,25.0,58.564798333333336,0.5,0.5068892240524292,uniform,uniform,10,0.0,0.0,0.0,0,
independent,2345,aggregation_random,23,14.530983,0.7,6,6,6,145.88247503553117,460.98901748657227,282.0692753791809,0.8286042541265488,0.066823155,173.1976,10,147,1.3739066666673239,44.530983,30.0,58.564798333333336,0.5,0.5068892240524292,uniform,uniform,10,0.0,0.0,0.0,0,
independent,2345,aggregation_random,24,15.483755,0.75,5,4,4,145.54220247268677,439.1799831390381,226.4143581390381,0.8609624087810517,0.06967542,83.624466,10,147,1.3739066666673239,40.48376,25.000006,58.564798333333336,0.5,0.5068892240524292,uniform,uniform,10,0.0,0.0,0.0,0,
independent,2345,aggregation_random,25,15.375532,0.75,5,2,2,176.95898008346558,477.1959114074707,296.4924623966217,0.9009600907564164,0.07417193,61.83085,10,147,1.3739066666673239,40.375534,25.000002,58.564798333333336,0.5,0.5068892240524292,uniform,uniform,10,0.0,0.0,0.0,0,
independent,2345,aggregation_random,26,15.066959,0.85,3,3,3,171.38243857552024,476.4865493774414,256.95702805238614,0.8910691380500794,0.1005757,61.633957,10,147,1.3739066666673239,30.066956,14.999996,58.564798333333336,0.5,0.5068892240524292,uniform,uniform,10,0.0,0.0,0.0,0,
independent,2345,aggregation_random,27,11.920058,0.8,4,3,3,100.01621603965759,435.1714897155762,196.40714317560196,0.7368891775608063,0.07900653,316.34424,10,147,1.3739066666673239,31.920057,20.0,58.564798333333336,0.5,0.5068892240524292,uniform,uniform,10,0.0,0.0,0.0,0,
independent,2345,aggregation_random,28,10.473796,0.95,1,0,0,95.64859139291863,466.22666358947754,223.89921106790243,0.7334685415029526,0.1741365,353.9671,10,147,1.3739066666673239,15.473796,5.0,58.564798333333336,0.5,0.5068892240524292,uniform,uniform,10,0.0,0.0,0.0,0,
independent,2345,aggregation_random,29,14.877402,0.7,6,5,5,138.87979439326696,445.02965927124023,240.4323971271515,0.8456429779529572,0.09603252,117.395226,10,147,1.3739066666673239,44.877407,30.000004,58.564798333333336,0.5,0.5068892240524292,uniform,uniform,10,0.0,0.0,0.0,0,
independent,2345,aggregation_random,30,15.357862,0.7,6,5,5,166.33214030947005,469.92136001586914,255.22096957479204,0.8877325594425202,0.03028991,61.474945,10,147,1.3739066666673239,45.357872,30.00001,58.564798333333336,0.5,0.5068892240524292,uniform,uniform,10,0.0,0.0,0.0,0,
independent,2345,aggregation_random,31,14.772552,0.85,3,3,3,115.64857952735004,476.7037582397461,236.96142449098474,0.8688234716653824,0.0958344,105.07311,10,147,1.3739066666673239,29.772552,15.000001,58.564798333333336,0.5,0.5068892240524292,uniform,uniform,10,0.0,0.0,0.0,0,
independent,2345,aggregation_random,32,13.619973,0.8,4,3,3,163.16181376576424,429.2859077453613,233.22201803326607,0.8288675546646118,0.15621488,136.57443,10,147,1.3739066666673239,33.619972,20.0,58.564798333333336,0.5,0.5068892240524292,uniform,uniform,10,0.0,0.0,0.0,0,
independent,2345,aggregation_random,33,13.516903,0.85,3,3,3,102.1445339567521,438.2677173614502,232.1374158298268,0.787466236948967,0.105713725,222.3327,10,147,1.3739066666673239,28.5169,14.999996,58.564798333333336,0.5,0.5068892240524292,uniform,uniform,10,0.0,0.0,0.0,0,
independent,2345,aggregation_random,34,16.393578,0.6,8,7,7,133.18409234285355,404.1151714324951,181.90622448921204,0.8746654987335205,0.06801675,48.64243,10,147,1.3739066666673239,56.393574,39.999996,58.564798333333336,0.5,0.5068892240524292,uniform,uniform,10,0.0,0.0,0.0,0,
independent,2345,aggregation_random,35,15.888177,0.75,5,5,5,142.67984986305237,437.61815071105957,237.604332447052,0.8865867346525192,0.028255468,31.371725,10,147,1.3739066666673239,40.888176,25.0,58.564798333333336,0.5,0.5068892240524292,uniform,uniform,10,0.0,0.0,0.0,0,
independent,2345,aggregation_random,36,11.982978,0.75,5,5,5,114.31714403629303,465.19311904907227,195.31307291984558,0.6904022634029389,0.36256194,435.62085,10,147,1.3739066666673239,36.982983,25.000004,58.564798333333336,0.5,0.5068892240524292,uniform,uniform,10,0.0,0.0,0.0,0,
independent,2345,aggregation_random,37,15.756679,0.65000004,7,6,6,117.84877665914021,332.7092456817627,180.6919081394489,0.8693317770957947,0.060153786,58.883114,10,147,1.3739066666673239,50.756676,34.999996,58.564798333333336,0.5,0.5068892240524292,uniform,uniform,10,0.0,0.0,0.0,0,
independent,2345,aggregation_random,38,15.020792,0.85,3,3,3,153.6454262452967,451.15184783935547,243.58546257019043,0.8686731636524201,0.055282563,85.92085,10,147,1.3739066666673239,30.020796,15.000004,58.564798333333336,0.5,0.5068892240524292,uniform,uniform,10,0.0,0.0,0.0,0,
independent,2345,aggregation_random,39,14.609431,0.85,3,2,2,159.74984181277893,479.6004867553711,252.42504147922293,0.8969872921705246,0.06329245,69.0569,10,147,1.3739066666673239,29.609432,15.000001,58.564798333333336,0.5,0.5068892240524292,uniform,uniform,10,0.0,0.0,0.0,0,
independent,2345,aggregation_random,40,15.536626,0.65000004,7,7,7,170.81198958250192,479.7806739807129,252.8580852655264,0.8995905101299286,0.048246037,89.34018,10,147,1.3739066666673239,50.536636,35.00001,58.564798333333336,0.5,0.5068892240524292,uniform,uniform,10,0.0,0.0,0.0,0,
independent,2345,aggregation_random,41,9.373062,0.75,5,4,4,104.48739582300186,433.6900806427002,195.96818852424622,0.5941158622503281,0.30770174,588.98773,10,147,1.3739066666673239,34.373062,25.0,58.564798333333336,0.5,0.5068892240524292,uniform,uniform,10,0.0,0.0,0.0,0,
independent,2345,aggregation_random,42,11.997437,0.85,3,2,2,125.51752167589524,475.08195877075195,255.44530391693115,0.7836235702037812,0.16815096,266.52475,10,147,1.3739066666673239,26.997437,15.0,58.564798333333336,0.5,0.5068892240524292,uniform,uniform,10,0.0,0.0,0.0,0,
independent,2345,aggregation_random,43,11.762689,0.7,6,2,2,132.26476524557387,473.8988971710205,226.66563774858201,0.7360249251127243,0.24335185,356.73105,10,147,1.3739066666673239,41.762688,30.0,58.564798333333336,0.5,0.5068892240524292,uniform,uniform,10,0.0,0.0,0.0,0,
independent,2345,aggregation_random,44,15.680001,0.75,5,5,5,99.61291393637657,465.31293869018555,198.58192682266235,0.891727501153946,0.060718,49.196327,10,147,1.3739066666673239,40.679996,24.999996,58.564798333333336,0.5,0.5068892240524292,uniform,uniform,10,0.0,0.0,0.0,0,
independent,2345,aggregation_random,45,16.046427,0.75,5,5,5,147.04058915376663,477.94718742370605,233.2115035057068,0.9088683605194092,0.06413784,66.50382,10,147,1.3739066666673239,41.046432,25.000006,58.564798333333336,0.5,0.5068892240524292,uniform,uniform,10,0.0,0.0,0.0,0,
independent,2345,aggregation_random,46,11.186131,0.95,1,1,1,103.76475541215194,478.52611541748047,240.63274872930427,0.7748688966035843,0.14348772,384.387,10,147,1.3739066666673239,16.186129,4.999998,58.564798333333336,0.5,0.5068892240524292,uniform,uniform,10,0.0,0.0,0.0,0,
independent,2345,aggregation_random,47,15.210226,0.65000004,7,6,6,104.1180905011984,452.6382350921631,190.2660724749932,0.8597930461168289,0.1463837,97.83577,10,147,1.3739066666673239,50.21023,35.000008,58.564798333333336,0.5,0.5068892240524292,uniform,uniform,10,0.0,0.0,0.0,0,
independent,2345,aggregation_random,48,15.565451,0.7,6,3,3,161.22163615056448,460.3249740600586,250.0606952394758,0.8758492946624756,0.07362209,101.45501,10,147,1.3739066666673239,45.565445,29.999994,58.564798333333336,0.5,0.5068892240524292,uniform,uniform,10,0.0,0.0,0.0,0,
independent,2345,aggregation_random,49,15.131386,0.75,5,4,4,109.81135487556458,460.20360946655273,207.53198289871216,0.9010189116001129,0.09080856,26.247482,10,147,1.3739066666673239,40.131382,24.999996,58.564798333333336,0.5,0.5068892240524292,uniform,uniform,10,0.0,0.0,0.0,0,
independent,2345,aggregation_random,50,15.292097,0.8,4,4,4,143.8131332024932,474.11805152893066,259.1848099976778,0.901500540971756,0.07505336,48.0,10,147,1.3739066666673239,35.2921,20.000002,58.564798333333336,0.5,0.5068892240524292,uniform,uniform,10,0.0,0.0,0.0,0,
independent,2345,aggregation_random,51,15.2434845,0.8,4,4,4,114.46246046572924,471.23891830444336,188.09302881360054,0.8836393296718598,0.043954413,70.651535,10,147,1.3739066666673239,35.243484,20.0,58.564798333333336,0.5,0.5068892240524292,uniform,uniform,10,0.0,0.0,0.0,0,
independent,2345,aggregation_random,52,15.717489,0.8,4,4,4,170.79103365540504,451.69249534606934,243.11856217682362,0.9104719191789628,0.08977073,0.0,10,147,1.3739066666673239,35.717487,19.999998,58.564798333333336,0.5,0.5068892240524292,uniform,uniform,10,0.0,0.0,0.0,0,
independent,2345,aggregation_random,53,15.429141,0.8,4,2,2,109.48887549340725,461.87976837158203,213.74744430184364,0.8977092146873474,0.09504375,34.27825,10,147,1.3739066666673239,35.42914,19.999996,58.564798333333336,0.5,0.5068892240524292,uniform,uniform,10,0.0,0.0,0.0,0,
independent,2345,aggregation_random,54,14.046616,0.7,6,5,5,129.4980025291443,383.7106704711914,178.8383868762425,0.7955745458602905,0.03952164,200.49698,10,147,1.3739066666673239,44.04662,30.000004,58.564798333333336,0.5,0.5068892240524292,uniform,uniform,10,0.0,0.0,0.0,0,
independent,2345,aggregation_random,55,15.983346,0.8,4,4,4,156.90414547920227,452.89037704467773,257.5172209739685,0.8986325800418854,0.032774314,23.516012,10,147,1.3739066666673239,35.983337,19.999992,58.564798333333336,0.5,0.5068892240524292,uniform,uniform,10,0.0,0.0,0.0,0,
independent,2345,aggregation_random,56,14.882309,0.85,3,1,1,167.53798169248245,443.9549160003662,271.78609665702373,0.8904642254114151,0.06830438,30.26374,10,147,1.3739066666673239,29.88231,15.000002,58.564798333333336,0.5,0.5068892240524292,uniform,uniform,10,0.0,0.0,0.0,0,
independent,2345,aggregation_random,57,15.394696,0.8,4,4,4,128.3624798571691,438.6061191558838,226.89688604325056,0.8866914004087448,0.047781147,32.158836,10,147,1.3739066666673239,35.3947,20.000004,58.564798333333336,0.5,0.5068892240524292,uniform,uniform,10,0.0,0.0,0.0,0,
independent,2345,aggregation_random,58,16.290836,0.6,8,7,7,210.2249675989151,477.54618644714355,273.1046760082245,0.9000816226005555,0.05519412,53.493336,10,147,1.3739066666673239,56.290833,39.999996,58.564798333333336,0.5,0.5068892240524292,uniform,uniform,10,0.0,0.0,0.0,0,
independent,2345,aggregation_random,59,16.12909,0.75,5,5,5,124.87276637554169,468.3072853088379,200.11735665798187,0.9151461660861969,0.09829084,7.226761,10,147,1.3739066666673239,41.12909,25.0,58.564798333333336,0.5,0.5068892240524292,uniform,uniform,10,0.0,0.0,0.0,0,
independent,2345,aggregation_random,0,15.391569,0.8,4,4,4,184.60262641310692,444.8473262786865,243.93800497055054,0.8766395837068558,0.049943063,57.69945,10,161,1.4746249999997,35.391567,19.999998,62.37244999999992,0.5,0.5068892240524292,uniform,uniform,10,0.0,0.0,0.0,1,
independent,2345,aggregation_random,1,15.809254,0.7,6,4,4,131.43411646996225,423.39755058288574,210.16765339033944,0.8651571273803711,0.09367648,66.89855,10,161,1.4746249999997,45.809258,30.000004,62.37244999999992,0.5,0.5068892240524292,uniform,uniform,10,0.0,0.0,0.0,1,
independent,2345,aggregation_random,2,14.786882,0.85,3,3,3,115.03848189816756,449.70760345458984,225.66072379841523,0.8811340898275375,0.15423802,72.39758,10,161,1.4746249999997,29.786884,15.000002,62.37244999999992,0.5,0.5068892240524292,uniform,uniform,10,0.0,0.0,0.0,1,
independent,2345,aggregation_random,3,12.897574,0.90000004,2,2,2,137.07080781459808,477.19347953796387,275.50045768419903,0.8086788535118103,0.092113845,244.09933,10,161,1.4746249999997,22.897575,10.000001,62.37244999999992,0.5,0.5068892240524292,uniform,uniform,10,0.0,0.0,0.0,1,
independent,2345,aggregation_random,4,14.596991,0.85,3,3,3,164.3467396848342,454.92064476013184,252.14253439622766,0.8669857770204544,0.034964815,86.30814,10,161,1.4746249999997,29.596992,15.000002,62.37244999999992,0.5,0.5068892240524292,uniform,uniform,10,0.0,0.0,0.0,1,
independent,2345,aggregation_random,5,13.950247,0.85,3,2,2,134.8727794605143,458.11025619506836,235.03986828467424,0.8386825859546662,0.12613925,143.83975,10,161,1.4746249999997,28.950247,15.0,62.37244999999992,0.5,0.5068892240524292,uniform,uniform,10,0.0,0.0,0.0,1,
independent,2345,aggregation_random,6,15.529862,0.85,3,3,3,130.55958425297456,476.6338348388672,211.92862756112044,0.913938719034195,0.07300036,24.14456,10,161,1.4746249999997,30.529863,15.000001,62.37244999999992,0.5,0.5068892240524292,uniform,uniform,10,0.0,0.0,0.0,1,
independent,2345,aggregation_random,7,15.025212,0.8,4,3,3,200.1709832623601,478.157901763916,303.72356951236725,0.894765880703926,0.01647123,87.084175,10,161,1.4746249999997,35.02521,20.0,62.37244999999992,0.5,0.5068892240524292,uniform,uniform,10,0.0,0.0,0.0,1,
independent,2345,aggregation_random,8,14.811298,0.75,5,5,5,128.5756437778473,467.97348976135254,217.39778017997742,0.8385641068220139,0.037401732,153.93048,10,161,1.4746249999997,39.811302,25.000004,62.37244999999992,0.5,0.5068892240524292,uniform,uniform,10,0.0,0.0,0.0,1,
independent,2345,aggregation_random,9,16.283815,0.65000004,7,6,6,139.84728125425485,396.87180519104004,217.26246962180505,0.8929070830345154,0.050391797,13.618612,10,161,1.4746249999997,51.283813,35.0,62.37244999999992,0.5,0.5068892240524292,uniform,uniform,10,0.0,0.0,0.0,1,
independent,2345,aggregation_random,10,13.849199,1.0,0,0,0,154.56708052754402,478.1572723388672,254.186927318573,0.9310593426227569,0.11725807,78.080086,10,161,1.4746249999997,13.8491955,-3.8146973e-06,62.37244999999992,0.5,0.5068892240524292,uniform,uniform,10,0.0,0.0,0.0,1,
independent,2345,aggregation_random,11,13.374239,0.85,3,3,3,120.87448397103478,428.3708953857422,209.53192360260908,0.8177372217178345,0.18155722,157.94467,10,161,1.4746249999997,28.37424,15.000002,62.37244999999992,0.5,0.5068892240524292,uniform,uniform,10,0.0,0.0,0.0,1,
independent,2345,aggregation_random,12,15.734519,0.7,6,0,0,178.5412016936711,447.3624801635742,243.34025246756417,0.8912089705467224,0.04227941,32.241467,10,161,1.4746249999997,45.734516,29.999996,62.37244999999992,0.5,0.5068892240524292,uniform,uniform,10,0.0,0.0,0.0,1,
independent,2345,aggregation_random,13,10.933944,0.8,4,4,4,108.23647767305374,380.74012756347656,195.76234593987465,0.6624382734298706,0.15329978,456.11847,10,161,1.4746249999997,30.933945,20.0,62.37244999999992,0.5,0.5068892240524292,uniform,uniform,10,0.0,0.0,0.0,1,
independent,2345,aggregation_random,14,15.819796,0.6,8,7,7,202.86497741937637,466.37569427490234,287.75841653347015,0.8781861394643784,0.060952287,86.02055,10,161,1.4746249999997,55.819798,40.0,62.37244999999992,0.5,0.5068892240524292,uniform,uniform,10,0.0,0.0,0.0,1,
independent,2345,aggregation_random,15,15.088532,0.85,3,3,3,137.61855314759646,450.8939838409424,233.5101159179912,0.8767781436443329,0.09723115,73.14673,10,161,1.4746249999997,30.08854,15.000007,62.37244999999992,0.5,0.5068892240524292,uniform,uniform,10,0.0,0.0,0.0,1,
independent,2345,aggregation_random,16,15.417738,0.65000004,7,6,6,184.96424812536972,445.9215259552002,272.6136993444883,0.8446330517530442,0.14179495,120.22625,10,161,1.4746249999997,50.417732,34.999992,62.37244999999992,0.5,0.5068892240524292,uniform,uniform,10,0.0,0.0,0.0,1,
independent,2345,aggregation_random,17,14.488887,0.90000004,2,2,2,133.7674456834793,477.49128341674805,236.14007910092673,0.8847186297178269,0.060304493,92.337296,10,161,1.4746249999997,24.488886,9.999999,62.37244999999992,0.5,0.5068892240524292,uniform,uniform,10,0.0,0.0,0.0,1,
independent,2345,aggregation_random,18,15.793411,0.75,5,5,5,148.6179028749466,475.23167610168457,224.06247282028198,0.8836317151784897,0.029854616,74.65892,10,161,1.4746249999997,40.79341,25.0,62.37244999999992,0.5,0.5068892240524292,uniform,uniform,10,0.0,0.0,0.0,1,
independent,2345,aggregation_random,19,13.740448,0.7,6,3,3,154.5854391370501,388.2421875,226.56285677637374,0.8135426044464111,0.20443755,165.99826,10,161,1.4746249999997,43.740448,30.0,62.37244999999992,0.5,0.5068892240524292,uniform,uniform,10,0.0,0.0,0.0,1,
independent,2345,aggregation_random,20,15.972079,0.7,6,5,5,145.50842923777444,473.19668769836426,273.00135254859924,0.8934400171041489,0.05362898,53.792038,10,161,1.4746249999997,45.972076,29.999996,62.37244999999992,0.5,0.5068892240524292,uniform,uniform,10,0.0,0.0,0.0,1,
independent,2345,aggregation_random,21,16.08883,0.5,10,8,8,100.0216019153595,389.07337188720703,179.5186471939087,0.8746291399002075,0.048731614,48.712242,10,161,1.4746249999997,66.08884,50.000008,62.37244999999992,0.5,0.5068892240524292,uniform,uniform,10,0.0,0.0,0.0,1,
independent,2345,aggregation_random,22,15.741886,0.75,5,5,5,147.6321622133255,473.9480495452881,234.54009675979614,0.8879378467798233,0.031817038,67.81144,10,161,1.4746249999997,40.74189,25.000004,62.37244999999992,0.5,0.5068892240524292,uniform,uniform,10,0.0,0.0,0.0,1,
independent,2345,aggregation_random,23,14.971836,0.75,5,5,5,163.16810083389282,469.44308280944824,291.580050945282,0.8733492463827133,0.09101142,128.81636,10,161,1.4746249999997,39.97184,25.000004,62.37244999999992,0.5,0.5068892240524292,uniform,uniform,10,0.0,0.0,0.0,1,
independent,2345,aggregation_random,24,14.009644,0.85,3,2,2,116.40873397097869,465.6910514831543,237.20090852064246,0.8464868038892746,0.09388812,151.91154,10,161,1.4746249999997,29.009647,15.000004,62.37244999999992,0.5,0.5068892240524292,uniform,uniform,10,0.0,0.0,0.0,1,
independent,2345,aggregation_random,25,15.826342,0.6,8,5,5,151.33986040949821,467.8721237182617,250.84770023822784,0.8801883101463318,0.07493572,73.91072,10,161,1.4746249999997,55.826344,40.0,62.37244999999992,0.5,0.5068892240524292,uniform,uniform,10,0.0,0.0,0.0,1,
independent,2345,aggregation_random,26,14.800038,0.85,3,3,3,172.4643054779838,442.54634857177734,258.03889611188106,0.8684320092201233,0.0303829,71.15695,10,161,1.4746249999997,29.800032,14.999993,62.37244999999992,0.5,0.5068892240524292,uniform,uniform,10,0.0,0.0,0.0,1,
independent,2345,aggregation_random,27,11.31838,0.85,3,2,2,115.02571232178632,434.27624702453613,229.54870672786936,0.7487849086523056,0.2868939,292.60928,10,161,1.4746249999997,26.318382,15.000002,62.37244999999992,0.5,0.5068892240524292,uniform,uniform,10,0.0,0.0,0.0,1,
independent,2345,aggregation_random,28,13.630296,0.95,1,0,0,119.51061167215046,466.22666358947754,247.7612298413327,0.8719911098480224,0.060066063,101.98949,10,161,1.4746249999997,18.630299,5.000003,62.37244999999992,0.5,0.5068892240524292,uniform,uniform,10,0.0,0.0,0.0,1,
independent,2345,aggregation_random,29,16.06,0.8,4,2,2,122.70620316267014,464.1535949707031,259.8542319238186,0.924845027923584,0.06262663,0.0,10,161,1.4746249999997,36.05999,19.99999,62.37244999999992,0.5,0.5068892240524292,uniform,uniform,10,0.0,0.0,0.0,1,
independent,2345,aggregation_random,30,15.469012,0.8,4,3,3,196.7869095504284,469.4303512573242,280.10525688529015,0.8956706106662751,0.10970413,56.09881,10,161,1.4746249999997,35.46902,20.000008,62.37244999999992,0.5,0.5068892240524292,uniform,uniform,10,0.0,0.0,0.0,1,
independent,2345,aggregation_random,31,16.027327,0.8,4,4,4,123.91609456390142,430.720739364624,251.37349091470242,0.8859196305274963,0.06488852,27.034475,10,161,1.4746249999997,36.027325,19.999998,62.37244999999992,0.5,0.5068892240524292,uniform,uniform,10,0.0,0.0,0.0,1,
independent,2345,aggregation_random,32,14.175937,0.90000004,2,1,1,164.31926329930624,479.4437026977539,271.5621244907379,0.9103103995323181,0.112459406,111.42337,10,161,1.4746249999997,24.175938,10.000001,62.37244999999992,0.5,0.5068892240524292,uniform,uniform,10,0.0,0.0,0.0,1,
independent,2345,aggregation_random,33,12.985784,0.85,3,3,3,106.49991463212406,455.11802673339844,227.6500715227688,0.7696335554122925,0.14107902,273.42178,10,161,1.4746249999997,27.985785,15.000001,62.37244999999992,0.5,0.5068892240524292,uniform,uniform,10,0.0,0.0,0.0,1,
independent,2345,aggregation_random,34,15.933474,0.85,3,2,2,137.19940581742455,462.44625091552734,253.90773990575005,0.9259822189807891,0.03185557,6.756094,10,161,1.4746249999997,30.933475,15.000002,62.37244999999992,0.5,0.5068892240524292,uniform,uniform,10,0.0,0.0,0.0,1,
independent,2345,aggregation_random,35,14.524324,0.7,6,6,6,119.47652131319046,478.77299308776855,211.41449587685722,0.8535790026187897,0.1816661,170.80472,10,161,1.4746249999997,44.52432,29.999994,62.37244999999992,0.5,0.5068892240524292,uniform,uniform,10,0.0,0.0,0.0,1,
independent,2345,aggregation_random,36,15.089551,0.85,3,3,3,133.49382240982618,467.8292655944824,252.91756868362427,0.8880285739898681,0.11632425,97.36478,10,161,1.4746249999997,30.08955,14.999999,62.37244999999992,0.5,0.5068892240524292,uniform,uniform,10,0.0,0.0,0.0,1,
independent,2345,aggregation_random,37,16.320936,0.7,6,5,5,191.5641152858734,448.44311714172363,260.66720928464616,0.9054879635572434,0.04766472,5.906393,10,161,1.4746249999997,46.32094,30.000002,62.37244999999992,0.5,0.5068892240524292,uniform,uniform,10,0.0,0.0,0.0,1,
independent,2345,aggregation_random,38,15.4421215,0.75,5,5,5,158.3599500656128,478.7205505371094,277.89589262008667,0.9273452132940292,0.08917978,76.78787,10,161,1.4746249999997,40.442127,25.000006,62.37244999999992,0.5,0.5068892240524292,uniform,uniform,10,0.0,0.0,0.0,1,
independent,2345,aggregation_random,39,16.670002,0.65000004,7,6,6,216.95663864795978,450.0812530517578,269.1757579950186,0.9094174146652222,0.03116483,0.0,10,161,1.4746249999997,51.669994,34.999992,62.37244999999992,0.5,0.5068892240524292,uniform,uniform,10,0.0,0.0,0.0,1,
independent,2345,aggregation_random,40,14.471632,0.90000004,2,2,2,147.71339803934097,471.3508987426758,255.97000122070312,0.9196346819400787,0.07556281,57.427574,10,161,1.4746249999997,24.47163,9.999998,62.37244999999992,0.5,0.5068892240524292,uniform,uniform,10,0.0,0.0,0.0,1,
independent,2345,aggregation_random,41,11.579122,0.85,3,2,2,128.16569256431916,474.15804862976074,258.41840070836685,0.741617602109909,0.19503069,411.09894,10,161,1.4746249999997,26.579123,15.000001,62.37244999999992,0.5,0.5068892240524292,uniform,uniform,10,0.0,0.0,0.0,1,
independent,2345,aggregation_random,42,10.922161,0.85,3,2,2,99.74107966703527,419.82410430908203,214.9373081151177,0.7004441618919373,0.19074729,383.14725,10,161,1.4746249999997,25.922161,15.0,62.37244999999992,0.5,0.5068892240524292,uniform,uniform,10,0.0,0.0,0.0,1,
independent,2345,aggregation_random,43,10.954454,0.7,6,2,2,107.70684369972774,477.53963470458984,202.107715180942,0.6708256244659424,0.20849264,485.5545,10,161,1.4746249999997,40.954456,30.000002,62.37244999999992,0.5,0.5068892240524292,uniform,uniform,10,0.0,0.0,0.0,1,
independent,2345,aggregation_random,44,15.426438,0.90000004,2,2,2,111.62588181595008,476.4529323577881,230.99639435609183,0.9188362747430802,0.07892912,8.287462,10,161,1.4746249999997,25.42644,10.000001,62.37244999999992,0.5,0.5068892240524292,uniform,uniform,10,0.0,0.0,0.0,1,
independent,2345,aggregation_random,45,14.652134,0.75,5,5,5,135.84775519371033,405.0874614715576,200.1382886171341,0.800546407699585,0.09436121,190.95099,10,161,1.4746249999997,39.652134,25.0,62.37244999999992,0.5,0.5068892240524292,uniform,uniform,10,0.0,0.0,0.0,1,
independent,2345,aggregation_random,46,14.16313,0.8,4,4,4,104.3750935792923,430.7361602783203,195.2906070649624,0.8173505067825317,0.07120716,158.68709,10,161,1.4746249999997,34.163128,19.999998,62.37244999999992,0.5,0.5068892240524292,uniform,uniform,10,0.0,0.0,0.0,1,
independent,2345,aggregation_random,47,16.103523,0.6,8,7,7,135.2541795372963,433.800630569458,206.65161192417145,0.8731843918561936,0.054537896,53.28675,10,161,1.4746249999997,56.103527,40.000004,62.37244999999992,0.5,0.5068892240524292,uniform,uniform,10,0.0,0.0,0.0,1,
independent,2345,aggregation_random,48,16.307396,0.65000004,7,4,4,185.7771266423739,475.91174125671387,257.8608642174647,0.9152157098054886,0.024758097,14.697756,10,161,1.4746249999997,51.3074,35.000004,62.37244999999992,0.5,0.5068892240524292,uniform,uniform,10,0.0,0.0,0.0,1,
independent,2345,aggregation_random,49,14.067736,0.85,3,2,2,157.75893593535704,470.66064834594727,280.65345525741577,0.8858784466981888,0.052328914,102.22648,10,161,1.4746249999997,29.067741,15.000006,62.37244999999992,0.5,0.5068892240524292,uniform,uniform,10,0.0,0.0,0.0,1,
independent,2345,aggregation_random,50,15.3402195,0.90000004,2,2,2,121.66695614655812,473.13809394836426,263.0745527148247,0.9354214489459991,0.06915959,26.978056,10,161,1.4746249999997,25.340221,10.000002,62.37244999999992,0.5,0.5068892240524292,uniform,uniform,10,0.0,0.0,0.0,1,
independent,2345,aggregation_random,51,15.340088,0.85,3,3,3,111.85247382696937,470.56251525878906,223.60381112379187,0.9166574448347091,0.06606381,47.991173,10,161,1.4746249999997,30.340088,15.0,62.37244999999992,0.5,0.5068892240524292,uniform,uniform,10,0.0,0.0,0.0,1,
independent,2345,aggregation_random,52,15.42,0.90000004,2,2,2,149.58544035752615,478.6083698272705,254.5460214217504,0.9516196370124816,0.07718065,0.0,10,161,1.4746249999997,25.420002,10.000002,62.37244999999992,0.5,0.5068892240524292,uniform,uniform,10,0.0,0.0,0.0,1,
independent,2345,aggregation_random,53,15.727251,0.65000004,7,5,5,122.14446709706233,464.1295909881592,219.70936390069815,0.8831073433160782,0.08751588,64.56357,10,161,1.4746249999997,50.72725,35.0,62.37244999999992,0.5,0.5068892240524292,uniform,uniform,10,0.0,0.0,0.0,1,
independent,2345,aggregation_random,54,14.553277,0.85,3,2,2,153.24939461315378,465.63222885131836,233.88161364723655,0.8560544282197953,0.060709164,121.343506,10,161,1.4746249999997,29.553276,14.999999,62.37244999999992,0.5,0.5068892240524292,uniform,uniform,10,0.0,0.0,0.0,1,
independent,2345,aggregation_random,55,16.067184,0.75,5,5,5,147.32796692848206,427.0407199859619,253.37569570541382,0.9000000953674316,0.005129248,0.0,10,161,1.4746249999997,41.06718,24.999996,62.37244999999992,0.5,0.5068892240524292,uniform,uniform,10,0.0,0.0,0.0,1,
independent,2345,aggregation_random,56,14.394855,0.85,3,1,1,155.30081138891333,478.4644889831543,269.0391694096958,0.8842649340629578,0.155679,77.569626,10,161,1.4746249999997,29.39485,14.999995,62.37244999999992,0.5,0.5068892240524292,uniform,uniform,10,0.0,0.0,0.0,1,
independent,2345,aggregation_random,57,15.785727,0.7,6,6,6,131.1773429332035,446.8805694580078,221.85827174357004,0.8778403043746948,0.063168325,57.42731,10,161,1.4746249999997,45.785725,29.999998,62.37244999999992,0.5,0.5068892240524292,uniform,uniform,10,0.0,0.0,0.0,1,
independent,2345,aggregation_random,58,16.37934,0.6,8,7,7,161.00849360227585,469.400053024292,289.692639708519,0.905829805135727,0.03426736,63.06606,10,161,1.4746249999997,56.379333,39.999992,62.37244999999992,0.5,0.5068892240524292,uniform,uniform,10,0.0,0.0,0.0,1,
independent,2345,aggregation_random,59,16.75,0.6,8,8,8,188.4124532341957,478.6486530303955,280.8227413892746,0.9242962688207627,0.075372964,0.0,10,161,1.4746249999997,56.750008,40.000008,62.37244999999992,0.5,0.5068892240524292,uniform,uniform,10,0.0,0.0,0.0,1,
independent,2345,aggregation_random,0,14.35236,0.95,1,1,1,153.45376987206308,444.8473262786865,201.69200589782312,0.8613197594881058,0.10434983,87.1135,10,152,1.4375016666669183,19.352362,5.000002,62.799978333333215,0.5,0.5068892240524292,uniform,uniform,10,0.0,0.0,0.0,2,
independent,2345,aggregation_random,1,16.160442,0.7,6,5,5,120.12399322220257,476.955041885376,209.42555129528046,0.9171923726797104,0.06956221,55.7743,10,152,1.4375016666669183,46.160446,30.000004,62.799978333333215,0.5,0.5068892240524292,uniform,uniform,10,0.0,0.0,0.0,2,
independent,2345,aggregation_random,2,15.826139,0.7,6,6,6,133.93550066011292,451.41406059265137,242.4540421792439,0.9101115852594376,0.09618574,0.0,10,152,1.4375016666669183,45.82614,30.000002,62.799978333333215,0.5,0.5068892240524292,uniform,uniform,10,0.0,0.0,0.0,2,
independent,2345,aggregation_random,3,15.930269,0.6,8,8,8,191.95009618997574,473.14453125,279.53669250011444,0.9177603840827941,0.07327456,61.973133,10,152,1.4375016666669183,55.93027,40.0,62.799978333333215,0.5,0.5068892240524292,uniform,uniform,10,0.0,0.0,0.0,2,
independent,2345,aggregation_random,4,15.191733,0.85,3,3,3,116.95655107498169,474.72890853881836,245.51695157499876,0.9075635939836502,0.07163216,76.82654,10,152,1.4375016666669183,30.191736,15.000003,62.799978333333215,0.5,0.5068892240524292,uniform,uniform,10,0.0,0.0,0.0,2,
independent,2345,aggregation_random,5,14.420603,0.90000004,2,1,1,139.49359079202017,478.91066551208496,244.5727397998174,0.8858651906251908,0.08630762,74.04962,10,152,1.4375016666669183,24.4206,9.999998,62.799978333333215,0.5,0.5068892240524292,uniform,uniform,10,0.0,0.0,0.0,2,
independent,2345,aggregation_random,6,12.670277,0.90000004,2,2,2,148.05845568577448,438.24331283569336,222.4285513162613,0.7882174789905548,0.22717409,220.86588,10,152,1.4375016666669183,22.670273,9.999996,62.799978333333215,0.5,0.5068892240524292,uniform,uniform,10,0.0,0.0,0.0,2,
independent,2345,aggregation_random,7,13.319207,0.85,3,2,2,166.59877275719361,461.31311416625977,263.01693088868086,0.8213647544384003,0.1433146,180.29286,10,152,1.4375016666669183,28.31921,15.000003,62.799978333333215,0.5,0.5068892240524292,uniform,uniform,10,0.0,0.0,0.0,2,
independent,2345,aggregation_random,8,16.865528,0.6,8,6,6,118.77952545881271,449.2079544067383,233.42343389987946,0.9136773973703385,0.027325777,0.0,10,152,1.4375016666669183,56.86553,40.0,62.799978333333215,0.5,0.5068892240524292,uniform,uniform,10,0.0,0.0,0.0,2,
independent,2345,aggregation_random,9,13.79845,0.85,3,2,2,136.08469563371995,447.57147789001465,229.6689382721396,0.8675923138856888,0.11470856,77.79434,10,152,1.4375016666669183,28.798452,15.000002,62.799978333333215,0.5,0.5068892240524292,uniform,uniform,10,0.0,0.0,0.0,2,
independent,2345,aggregation_random,10,15.621159,0.8,4,4,4,169.03029698878527,473.78271102905273,266.398718431592,0.9395207792520524,0.10303964,0.0,10,152,1.4375016666669183,35.62116,20.0,62.799978333333215,0.5,0.5068892240524292,uniform,uniform,10,0.0,0.0,0.0,2,
independent,2345,aggregation_random,11,13.747391,0.90000004,2,2,2,161.40780786673227,450.8444881439209,258.3059823513031,0.8312307387590409,0.10901239,150.88168,10,152,1.4375016666669183,23.74739,10.0,62.799978333333215,0.5,0.5068892240524292,uniform,uniform,10,0.0,0.0,0.0,2,
independent,2345,aggregation_random,12,15.053179,0.65000004,7,4,4,145.6902656188378,465.0691223144531,220.9393941439115,0.832493269443512,0.07967966,162.68216,10,152,1.4375016666669183,50.053185,35.000008,62.799978333333215,0.5,0.5068892240524292,uniform,uniform,10,0.0,0.0,0.0,2,
independent,2345,aggregation_random,13,11.735355,0.8,4,4,4,87.43950001895428,458.61345291137695,193.74844998121262,0.7156836330890656,0.121169,380.50085,10,152,1.4375016666669183,31.735355,20.0,62.799978333333215,0.5,0.5068892240524292,uniform,uniform,10,0.0,0.0,0.0,2,
independent,2345,aggregation_random,14,15.457901,0.75,5,4,4,211.1068468093872,471.6456127166748,290.6598834991455,0.9088177859783173,0.031943176,23.058851,10,152,1.4375016666669183,40.457905,25.000004,62.799978333333215,0.5,0.5068892240524292,uniform,uniform,10,0.0,0.0,0.0,2,
independent,2345,aggregation_random,15,16.169193,0.7,6,6,6,177.51688420772552,416.3338851928711,244.05560782977514,0.8853747844696045,0.045670465,28.080654,10,152,1.4375016666669183,46.169193,30.0,62.799978333333215,0.5,0.5068892240524292,uniform,uniform,10,0.0,0.0,0.0,2,
independent,2345,aggregation_random,16,15.728699,0.6,8,7,7,163.1972387433052,467.7546215057373,283.74279111623764,0.8636070758104324,0.081456594,125.43583,10,152,1.4375016666669183,55.728695,39.999996,62.799978333333215,0.5,0.5068892240524292,uniform,uniform,10,0.0,0.0,0.0,2,
independent,2345,aggregation_random,17,12.683394,0.95,1,1,1,95.48674219533017,463.80226135253906,215.1450901282461,0.7901265650987626,0.178784,260.26498,10,152,1.4375016666669183,17.683395,5.000001,62.799978333333215,0.5,0.5068892240524292,uniform,uniform,10,0.0,0.0,0.0,2,
independent,2345,aggregation_random,18,14.959044,0.85,3,3,3,164.202860418488,477.7127265930176,254.19442597557517,0.8866007506847382,0.121395394,85.095634,10,152,1.4375016666669183,29.959047,15.000003,62.799978333333215,0.5,0.5068892240524292,uniform,uniform,10,0.0,0.0,0.0,2,
independent,2345,aggregation_random,19,13.8121395,0.75,5,2,2,129.53634357452393,474.2403030395508,226.88981080055237,0.8310911893844605,0.11981826,174.54529,10,152,1.4375016666669183,38.81214,25.000002,62.799978333333215,0.5,0.5068892240524292,uniform,uniform,10,0.0,0.0,0.0,2,
independent,2345,aggregation_random,20,14.569539,0.7,6,5,5,119.69641532216754,435.83699226379395,242.12333474840437,0.8149562567472458,0.035447847,167.12103,10,152,1.4375016666669183,44.56954,30.0,62.799978333333215,0.5,0.5068892240524292,uniform,uniform,10,0.0,0.0,0.0,2,
independent,2345,aggregation_random,21,14.799889,0.7,6,4,4,170.65948273454393,466.59690856933594,252.18823415892464,0.8790487229824067,0.02548184,81.373344,10,152,1.4375016666669183,44.799892,30.000004,62.799978333333215,0.5,0.5068892240524292,uniform,uniform,10,0.0,0.0,0.0,2,
independent,2345,aggregation_random,22,15.501111,0.7,6,6,6,164.3021222949028,478.2901954650879,236.30102251257216,0.870000833272934,0.117451146,103.88877,10,152,1.4375016666669183,45.501114,30.000004,62.799978333333215,0.5,0.5068892240524292,uniform,uniform,10,0.0,0.0,0.0,2,
independent,2345,aggregation_random,23,15.770684,0.65000004,7,7,7,179.83707684736984,470.7631587982178,275.8066722062918,0.8816591888666153,0.098716184,73.97765,10,152,1.4375016666669183,50.770687,35.000004,62.799978333333215,0.5,0.5068892240524292,uniform,uniform,10,0.0,0.0,0.0,2,
independent,2345,aggregation_random,24,16.003712,0.65000004,7,6,6,135.2830883172842,441.298770904541,224.64721496288593,0.8964608252048493,0.05012966,16.094175,10,152,1.4375016666669183,51.003708,34.999996,62.799978333333215,0.5,0.5068892240524292,uniform,uniform,10,0.0,0.0,0.0,2,
independent,2345,aggregation_random,25,15.66539,0.6,8,5,5,204.33239415287971,470.3421878814697,253.78860533237457,0.8643910169601441,0.069256164,113.66572,10,152,1.4375016666669183,55.66539,40.0,62.799978333333215,0.5,0.5068892240524292,uniform,uniform,10,0.0,0.0,0.0,2,
independent,2345,aggregation_random,26,12.140776,0.85,3,3,3,125.79073106541352,420.42097091674805,211.36532054227942,0.7691086530685425,0.18610165,251.31154,10,152,1.4375016666669183,27.140778,15.000002,62.799978333333215,0.5,0.5068892240524292,uniform,uniform,10,0.0,0.0,0.0,2,
independent,2345,aggregation_random,27,12.460765,0.85,3,2,2,108.53153817793903,453.4913635253906,215.2371517349692,0.7781602174043656,0.14837587,276.728,10,152,1.4375016666669183,27.460766,15.000001,62.799978333333215,0.5,0.5068892240524292,uniform,uniform,10,0.0,0.0,0.0,2,
independent,2345,aggregation_random,28,13.722092,0.90000004,2,1,1,128.5853331287702,476.51244163513184,246.82003458340964,0.8784360259771347,0.11106912,120.37684,10,152,1.4375016666669183,23.72209,9.999998,62.799978333333215,0.5,0.5068892240524292,uniform,uniform,10,0.0,0.0,0.0,2,
independent,2345,aggregation_random,29,16.283216,0.7,6,6,6,124.37251184667859,436.098690032959,237.1471940619605,0.8940979421138764,0.07343178,19.45269,10,152,1.4375016666669183,46.28321,29.999994,62.799978333333215,0.5,0.5068892240524292,uniform,uniform,10,0.0,0.0,0.0,2,
independent,2345,aggregation_random,30,14.779129,0.8,4,3,3,161.88576444983482,462.78931617736816,261.67458817362785,0.8680741280317307,0.07234094,92.08715,10,152,1.4375016666669183,34.77912,19.999992,62.799978333333215,0.5,0.5068892240524292,uniform,uniform,10,0.0,0.0,0.0,2,
independent,2345,aggregation_random,31,12.495953,0.90000004,2,2,2,96.01219673951466,437.81785011291504,211.75210376580557,0.7346069306135178,0.22131006,323.37265,10,152,1.4375016666669183,22.495949,9.999996,62.799978333333215,0.5,0.5068892240524292,uniform,uniform,10,0.0,0.0,0.0,2,
independent,2345,aggregation_random,32,15.367144,0.7,6,5,5,116.92866223199027,444.2955207824707,192.86741520677293,0.8614635407924652,0.06736491,86.28571,10,152,1.4375016666669183,45.36715,30.000006,62.799978333333215,0.5,0.5068892240524292,uniform,uniform,10,0.0,0.0,0.0,2,
independent,2345,aggregation_random,33,13.767912,0.85,3,3,3,111.821850047392,457.0220375061035,232.97200714840608,0.8109309494495391,0.055769194,234.24275,10,152,1.4375016666669183,28.767914,15.000002,62.799978333333215,0.5,0.5068892240524292,uniform,uniform,10,0.0,0.0,0.0,2,
independent,2345,aggregation_random,34,14.535021,0.7,6,5,5,119.23527896404266,404.1151714324951,196.32281286375863,0.8218109607696533,0.10742284,150.12308,10,152,1.4375016666669183,44.535015,29.999994,62.799978333333215,0.5,0.5068892240524292,uniform,uniform,10,0.0,0.0,0.0,2,
independent,2345,aggregation_random,35,15.995187,0.65000004,7,7,7,129.9913501051756,386.15381240844727,196.3922813305488,0.8578336238861084,0.062505625,80.959595,10,152,1.4375016666669183,50.995182,34.999996,62.799978333333215,0.5,0.5068892240524292,uniform,uniform,10,0.0,0.0,0.0,2,
independent,2345,aggregation_random,36,13.448189,0.75,5,5,5,120.8510153889656,474.7536277770996,224.36009573936462,0.7999356329441071,0.13440199,234.87721,10,152,1.4375016666669183,38.448193,25.000004,62.799978333333215,0.5,0.5068892240524292,uniform,uniform,10,0.0,0.0,0.0,2,
independent,2345,aggregation_random,37,16.07473,0.65000004,7,6,6,210.8818162404574,474.1648578643799,291.84612640967737,0.9271710842847825,0.026467767,3.4211655,10,152,1.4375016666669183,51.074738,35.000008,62.799978333333215,0.5,0.5068892240524292,uniform,uniform,10,0.0,0.0,0.0,2,
independent,2345,aggregation_random,38,14.702805,0.95,1,1,1,144.32593891495154,439.1381549835205,259.24504543605605,0.8963708966970444,0.07542848,14.1062565,10,152,1.4375016666669183,19.702805,5.0,62.799978333333215,0.5,0.5068892240524292,uniform,uniform,10,0.0,0.0,0.0,2,
independent,2345,aggregation_random,39,15.855228,0.65000004,7,6,6,164.68438143913562,420.0655746459961,247.1436221782978,0.8651762008666992,0.11123091,66.86191,10,152,1.4375016666669183,50.855225,34.999996,62.799978333333215,0.5,0.5068892240524292,uniform,uniform,10,0.0,0.0,0.0,2,
independent,2345,aggregation_random,40,15.340498,0.75,5,5,5,141.26623928546906,434.7208499908447,237.84383964538574,0.8982054680585861,0.0672117,6.16652,10,152,1.4375016666669183,40.340496,24.999998,62.799978333333215,0.5,0.5068892240524292,uniform,uniform,10,0.0,0.0,0.0,2,
independent,2345,aggregation_random,41,12.375716,0.85,3,2,2,109.47531249593285,479.28099632263184,237.864270140143,0.7858330428600311,0.23330496,312.35962,10,152,1.4375016666669183,27.37572,15.000003,62.799978333333215,0.5,0.5068892240524292,uniform,uniform,10,0.0,0.0,0.0,2,
independent,2345,aggregation_random,42,10.915617,0.95,1,0,0,110.03838281882436,463.6903381347656,248.16228314449913,0.7517291933298111,0.21890897,319.3025,10,152,1.4375016666669183,15.915619,5.000002,62.799978333333215,0.5,0.5068892240524292,uniform,uniform,10,0.0,0.0,0.0,2,
independent,2345,aggregation_random,43,13.946762,0.65000004,7,2,2,116.18525862693787,425.8989143371582,216.4631187915802,0.810727596282959,0.04984947,171.40312,10,152,1.4375016666669183,48.946762,35.0,62.799978333333215,0.5,0.5068892240524292,uniform,uniform,10,0.0,0.0,0.0,2,
independent,2345,aggregation_random,44,14.934069,0.75,5,5,5,89.24682787060738,316.00072860717773,163.76118731498718,0.8643876314163208,0.10210376,68.37593,10,152,1.4375016666669183,39.93407,25.000002,62.799978333333215,0.5,0.5068892240524292,uniform,uniform,10,0.0,0.0,0.0,2,
independent,2345,aggregation_random,45,15.04183,0.85,3,3,3,105.69475782268188,472.3869323730469,194.60971018847297,0.8518594145774842,0.054104116,132.81703,10,152,1.4375016666669183,30.041828,14.999998,62.799978333333215,0.5,0.5068892240524292,uniform,uniform,10,0.0,0.0,0.0,2,
independent,2345,aggregation_random,46,10.960364,0.8,4,4,4,100.85279602557421,449.42848205566406,191.76831007003784,0.6994308471679688,0.14312385,402.52133,10,152,1.4375016666669183,30.960365,20.0,62.799978333333215,0.5,0.5068892240524292,uniform,uniform,10,0.0,0.0,0.0,2,
independent,2345,aggregation_random,47,14.034252,0.85,3,2,2,119.43384594777051,456.01633071899414,221.33264969376955,0.8340841472148895,0.07131765,150.57483,10,152,1.4375016666669183,29.034246,14.999994,62.799978333333215,0.5,0.5068892240524292,uniform,uniform,10,0.0,0.0,0.0,2,
independent,2345,aggregation_random,48,12.405002,0.7,6,3,3,155.13610788754053,435.1659107208252,243.97516761507308,0.7160587996244431,0.10038667,356.33313,10,152,1.4375016666669183,42.405003,30.0,62.799978333333215,0.5,0.5068892240524292,uniform,uniform,10,0.0,0.0,0.0,2,
independent,2345,aggregation_random,49,14.795059,0.8,4,3,3,147.900380641222,437.76580810546875,275.9194855391979,0.8872862100601197,0.081825055,30.176447,10,152,1.4375016666669183,34.795063,20.000004,62.799978333333215,0.5,0.5068892240524292,uniform,uniform,10,0.0,0.0,0.0,2,
independent,2345,aggregation_random,50,15.121965,0.7,6,6,6,128.59205948454994,435.04526138305664,215.5894786119461,0.8575478732585907,0.08687543,84.55348,10,152,1.4375016666669183,45.121967,30.000002,62.799978333333215,0.5,0.5068892240524292,uniform,uniform,10,0.0,0.0,0.0,2,
independent,2345,aggregation_random,51,15.04734,0.8,4,4,4,125.8627513423562,449.8945713043213,212.590249478817,0.878680893778801,0.09147357,58.827427,10,152,1.4375016666669183,35.04734,20.0,62.799978333333215,0.5,0.5068892240524292,uniform,uniform,10,0.0,0.0,0.0,2,
independent,2345,aggregation_random,52,15.341782,0.75,5,5,5,166.4698371887207,474.0315341949463,233.9711034297943,0.9058982819318772,0.08672128,30.707052,10,152,1.4375016666669183,40.341785,25.000004,62.799978333333215,0.5,0.5068892240524292,uniform,uniform,10,0.0,0.0,0.0,2,
independent,2345,aggregation_random,53,15.289077,0.75,5,3,3,108.56405520439148,459.35319900512695,205.22012853622437,0.8857856929302216,0.008243755,54.64484,10,152,1.4375016666669183,40.289078,25.0,62.799978333333215,0.5,0.5068892240524292,uniform,uniform,10,0.0,0.0,0.0,2,
independent,2345,aggregation_random,54,14.181319,0.7,6,5,5,136.85707824570792,426.26383781433105,202.87400696958815,0.8078813552856445,0.18214014,176.868,10,152,1.4375016666669183,44.181313,29.999992,62.799978333333215,0.5,0.5068892240524292,uniform,uniform,10,0.0,0.0,0.0,2,
independent,2345,aggregation_random,55,15.725676,0.85,3,3,3,165.8557769831489,448.88943672180176,243.06677488719717,0.8951009601354599,0.03288875,26.295668,10,152,1.4375016666669183,30.72567,14.999994,62.799978333333215,0.5,0.5068892240524292,uniform,uniform,10,0.0,0.0,0.0,2,
independent,2345,aggregation_random,56,15.335762,0.85,3,1,1,187.95666575431824,458.81129264831543,292.2047798773822,0.8992421656847001,0.05687638,42.526516,10,152,1.4375016666669183,30.335766,15.000004,62.799978333333215,0.5,0.5068892240524292,uniform,uniform,10,0.0,0.0,0.0,2,
independent,2345,aggregation_random,57,14.917425,0.6,8,8,8,121.95560097694397,478.02775382995605,198.8665807247162,0.8462345987558365,0.15221408,149.25748,10,152,1.4375016666669183,54.917416,39.999992,62.799978333333215,0.5,0.5068892240524292,uniform,uniform,10,0.0,0.0,0.0,2,
independent,2345,aggregation_random,58,15.853902,0.75,5,4,4,149.84033250808716,470.91382026672363,273.97706508636475,0.8952677339315415,0.09040577,48.0,10,152,1.4375016666669183,40.85389,24.999989,62.799978333333215,0.5,0.5068892240524292,uniform,uniform,10,0.0,0.0,0.0,2,
independent,2345,aggregation_random,59,15.480502,0.85,3,3,3,163.17949217908523,464.8649597167969,258.11498165130615,0.9216349601745606,0.06029083,5.722046e-06,10,152,1.4375016666669183,30.480503,15.000001,62.799978333333215,0.5,0.5068892240524292,uniform,uniform,10,0.0,0.0,0.0,2,
independent,2345,aggregation_random,0,15.4429,0.8,4,4,4,173.83721262216568,434.3591022491455,226.10286578536034,0.8809080809354782,0.0912088,39.015755,10,154,1.434508333333658,35.442894,19.999994,61.10313333333318,0.5,0.5068892240524292,uniform,uniform,10,0.0,0.0,0.0,3,
independent,2345,aggregation_random,1,14.968534,0.7,6,5,5,129.29850531475884,400.4988670349121,208.03204025541032,0.8403278589248657,0.040963385,114.57058,10,154,1.434508333333658,44.968536,30.000002,61.10313333333318,0.5,0.5068892240524292,uniform,uniform,10,0.0,0.0,0.0,3,
independent,2345,aggregation_random,2,15.791333,0.7,6,6,6,157.63916315776962,442.3564052581787,252.26675059114183,0.890716353058815,0.10513539,28.181162,10,154,1.434508333333658,45.791332,30.0,61.10313333333318,0.5,0.5068892240524292,uniform,uniform,10,0.0,0.0,0.0,3,
independent,2345,aggregation_random,3,15.05876,0.75,5,5,5,162.34797501564026,475.654821395874,272.1487913131714,0.8875009596347809,0.04440705,72.386086,10,154,1.434508333333658,40.058758,24.999998,61.10313333333318,0.5,0.5068892240524292,uniform,uniform,10,0.0,0.0,0.0,3,
independent,2345,aggregation_random,4,14.930993,0.85,3,3,3,115.89216018424315,469.42726135253906,223.84112498339485,0.890381121635437,0.13484277,55.895714,10,154,1.434508333333658,29.930994,15.000001,61.10313333333318,0.5,0.5068892240524292,uniform,uniform,10,0.0,0.0,0.0,3,
independent,2345,aggregation_random,5,15.529143,0.7,6,5,5,127.43079108851296,477.08910942077637,200.11761827128274,0.8961236357688904,0.07851137,56.452084,10,154,1.434508333333658,45.52914,29.999996,61.10313333333318,0.5,0.5068892240524292,uniform,uniform,10,0.0,0.0,0.0,3,
independent,2345,aggregation_random,6,15.428883,0.75,5,5,5,146.89782905578613,443.5443878173828,211.5270528793335,0.8846491813659668,0.01792777,41.018013,10,154,1.434508333333658,40.42888,24.999996,61.10313333333318,0.5,0.5068892240524292,uniform,uniform,10,0.0,0.0,0.0,3,
independent,2345,aggregation_random,7,14.249369,0.90000004,2,1,1,189.748697578907,454.8325252532959,281.8658471107483,0.8839005351066589,0.01952265,74.131615,10,154,1.434508333333658,24.24937,10.000002,61.10313333333318,0.5,0.5068892240524292,uniform,uniform,10,0.0,0.0,0.0,3,
independent,2345,aggregation_random,8,15.309153,0.75,5,4,4,109.25712549686432,464.4470500946045,197.57754826545715,0.877152481675148,0.08768635,76.31441,10,154,1.434508333333658,40.309155,25.000002,61.10313333333318,0.5,0.5068892240524292,uniform,uniform,10,0.0,0.0,0.0,3,
independent,2345,aggregation_random,9,14.729591,0.75,5,4,4,114.89489078521729,414.3779182434082,200.0416374206543,0.8627562522888184,0.12688622,71.50823,10,154,1.434508333333658,39.72959,25.0,61.10313333333318,0.5,0.5068892240524292,uniform,uniform,10,0.0,0.0,0.0,3,
independent,2345,aggregation_random,10,15.26086,0.85,3,3,3,189.80358323630165,463.2116889953613,266.19033483897937,0.8990440398454667,0.08471385,48.0,10,154,1.434508333333658,30.260857,14.999996,61.10313333333318,0.5,0.5068892240524292,uniform,uniform,10,0.0,0.0,0.0,3,
independent,2345,aggregation_random,11,14.806772,0.75,5,5,5,122.88251489400864,430.79678535461426,212.33141946792603,0.8634310960769653,0.08301697,70.21247,10,154,1.434508333333658,39.80677,24.999998,61.10313333333318,0.5,0.5068892240524292,uniform,uniform,10,0.0,0.0,0.0,3,
independent,2345,aggregation_random,12,15.570542,0.75,5,2,2,152.01645040512085,395.98520278930664,227.52649068832397,0.8623495697975159,0.059002258,72.28894,10,154,1.434508333333658,40.57054,25.0,61.10313333333318,0.5,0.5068892240524292,uniform,uniform,10,0.0,0.0,0.0,3,
independent,2345,aggregation_random,13,10.620636,0.8,4,4,4,87.0592700690031,337.1967887878418,174.5851367712021,0.6432432532310486,0.21296376,492.97302,10,154,1.434508333333658,30.620636,20.0,61.10313333333318,0.5,0.5068892240524292,uniform,uniform,10,0.0,0.0,0.0,3,
independent,2345,aggregation_random,14,15.393879,0.75,5,4,4,150.56452822685242,416.02675437927246,248.45464372634888,0.8804104328155518,0.053963386,37.612133,10,154,1.434508333333658,40.393883,25.000004,61.10313333333318,0.5,0.5068892240524292,uniform,uniform,10,0.0,0.0,0.0,3,
independent,2345,aggregation_random,15,15.427633,0.7,6,6,6,209.17066582611628,430.4314613342285,278.4398925304413,0.8669916391372681,0.076836444,63.376266,10,154,1.434508333333658,45.427635,30.000002,61.10313333333318,0.5,0.5068892240524292,uniform,uniform,10,0.0,0.0,0.0,3,
independent,2345,aggregation_random,16,16.121414,0.6,8,7,7,222.20725908875465,478.07799339294434,288.39695632457733,0.8950389415025711,0.03226362,55.60335,10,154,1.434508333333658,56.121414,40.0,61.10313333333318,0.5,0.5068892240524292,uniform,uniform,10,0.0,0.0,0.0,3,
independent,2345,aggregation_random,17,15.780224,0.85,3,3,3,134.28813867709215,424.407320022583,241.74151518765618,0.8854501247406006,0.04194016,27.935984,10,154,1.434508333333658,30.780222,14.999998,61.10313333333318,0.5,0.5068892240524292,uniform,uniform,10,0.0,0.0,0.0,3,
independent,2345,aggregation_random,18,14.656319,0.8,4,4,4,188.15754633396864,462.69453048706055,259.57432731986046,0.8347945153713227,0.13811766,155.8891,10,154,1.434508333333658,34.65631,19.999992,61.10313333333318,0.5,0.5068892240524292,uniform,uniform,10,0.0,0.0,0.0,3,
independent,2345,aggregation_random,19,16.014088,0.55,9,6,6,139.07236088405955,340.2422046661377,204.12670612335205,0.8632553219795227,0.092187956,70.54998,10,154,1.434508333333658,61.014088,45.0,61.10313333333318,0.5,0.5068892240524292,uniform,uniform,10,0.0,0.0,0.0,3,
independent,2345,aggregation_random,20,15.812618,0.65000004,7,6,6,148.7300865466778,428.0639934539795,256.7672197635357,0.8556256294250488,0.08368626,85.198906,10,154,1.434508333333658,50.812622,35.000004,61.10313333333318,0.5,0.5068892240524292,uniform,uniform,10,0.0,0.0,0.0,3,
independent,2345,aggregation_random,21,16.983078,0.4,12,10,10,159.35892775654793,406.7908000946045,206.91705912351608,0.9000000953674316,0.030644031,5.722046e-06,10,154,1.434508333333658,76.983086,60.000008,61.10313333333318,0.5,0.5068892240524292,uniform,uniform,10,0.0,0.0,0.0,3,
independent,2345,aggregation_random,22,13.792691,0.75,5,5,5,142.54410588741302,462.6379680633545,226.14996147155762,0.7935576826334,0.12474957,235.00732,10,154,1.434508333333658,38.792694,25.000004,61.10313333333318,0.5,0.5068892240524292,uniform,uniform,10,0.0,0.0,0.0,3,
independent,2345,aggregation_random,23,12.021078,0.65000004,7,7,7,137.09054396702692,452.5437641143799,236.16819400053757,0.6803639143705368,0.24607328,461.31485,10,154,1.434508333333658,47.021076,35.0,61.10313333333318,0.5,0.5068892240524292,uniform,uniform,10,0.0,0.0,0.0,3,
independent,2345,aggregation_random,24,15.144806,0.8,4,3,3,154.96913440525532,478.0594253540039,252.80088499188423,0.8963618755340577,0.07509126,86.51944,10,154,1.434508333333658,35.144802,19.999996,61.10313333333318,0.5,0.5068892240524292,uniform,uniform,10,0.0,0.0,0.0,3,
independent,2345,aggregation_random,25,15.559169,0.6,8,5,5,144.64329302310944,406.7998695373535,222.07020729780197,0.8503461480140686,0.061721183,95.335594,10,154,1.434508333333658,55.55917,40.0,61.10313333333318,0.5,0.5068892240524292,uniform,uniform,10,0.0,0.0,0.0,3,
independent,2345,aggregation_random,26,12.409873,0.85,3,3,3,134.22540054601782,468.42095375061035,219.79998939177568,0.7476084917783737,0.07007734,329.01273,10,154,1.434508333333658,27.40987,14.999997,61.10313333333318,0.5,0.5068892240524292,uniform,uniform,10,0.0,0.0,0.0,3,
independent,2345,aggregation_random,27,13.612598,0.75,5,4,4,148.3086040019989,451.63244247436523,249.3255934715271,0.8255004614591599,0.13505706,166.34575,10,154,1.434508333333658,38.6126,25.0,61.10313333333318,0.5,0.5068892240524292,uniform,uniform,10,0.0,0.0,0.0,3,
independent,2345,aggregation_random,28,12.029725,0.85,3,2,2,111.51996731758118,456.1782646179199,213.41009595814873,0.7535437285900116,0.18369085,305.37436,10,154,1.434508333333658,27.029726,15.000001,61.10313333333318,0.5,0.5068892240524292,uniform,uniform,10,0.0,0.0,0.0,3,
independent,2345,aggregation_random,29,15.300101,0.75,5,3,3,135.8115518093109,436.02184295654297,257.32643008232117,0.860633933544159,0.07392688,79.60481,10,154,1.434508333333658,40.300102,25.0,61.10313333333318,0.5,0.5068892240524292,uniform,uniform,10,0.0,0.0,0.0,3,
independent,2345,aggregation_random,30,15.875846,0.75,5,4,4,179.1231791973114,466.7387008666992,260.4513416290283,0.9103376001119614,0.048132174,18.665869,10,154,1.434508333333658,40.875847,25.0,61.10313333333318,0.5,0.5068892240524292,uniform,uniform,10,0.0,0.0,0.0,3,
independent,2345,aggregation_random,31,15.138886,0.85,3,3,3,131.1554625455071,449.3533229827881,243.21761748370002,0.8690703988075257,0.13323551,78.29831,10,154,1.434508333333658,30.138885,14.999999,61.10313333333318,0.5,0.5068892240524292,uniform,uniform,10,0.0,0.0,0.0,3,
independent,2345,aggregation_random,32,12.178955,0.85,3,2,2,120.42044878005981,477.28589057922363,208.46751072827507,0.7672820180654526,0.21363181,300.1045,10,154,1.434508333333658,27.178955,15.0,61.10313333333318,0.5,0.5068892240524292,uniform,uniform,10,0.0,0.0,0.0,3,
independent,2345,aggregation_random,33,13.175365,0.90000004,2,2,2,85.87380508581798,445.3512954711914,221.99518958727518,0.7772203415632248,0.102474265,255.35591,10,154,1.434508333333658,23.175367,10.000002,61.10313333333318,0.5,0.5068892240524292,uniform,uniform,10,0.0,0.0,0.0,3,
independent,2345,aggregation_random,34,16.245308,0.65000004,7,6,6,107.63114099319165,462.72791862487793,207.7368573959057,0.8931234270334244,0.10159763,43.931046,10,154,1.434508333333658,51.24531,35.000004,61.10313333333318,0.5,0.5068892240524292,uniform,uniform,10,0.0,0.0,0.0,3,
independent,2345,aggregation_random,35,14.9780855,0.7,6,6,6,128.8009823007243,466.8267345428467,212.00376212596893,0.8393709689378739,0.19296011,162.5772,10,154,1.434508333333658,44.978085,30.0,61.10313333333318,0.5,0.5068892240524292,uniform,uniform,10,0.0,0.0,0.0,3,
independent,2345,aggregation_random,36,13.120175,0.75,5,5,5,125.90529006719589,432.6226329803467,206.90121912956238,0.7642973452806473,0.17362939,261.1718,10,154,1.434508333333658,38.120174,25.0,61.10313333333318,0.5,0.5068892240524292,uniform,uniform,10,0.0,0.0,0.0,3,
independent,2345,aggregation_random,37,15.044695,0.85,3,2,2,171.76319781471702,453.15728187561035,257.4534088022569,0.9050140470266342,0.102491386,11.530506,10,154,1.434508333333658,30.044693,14.999998,61.10313333333318,0.5,0.5068892240524292,uniform,uniform,10,0.0,0.0,0.0,3,
independent,2345,aggregation_random,38,14.509579,0.85,3,3,3,124.46965582230511,402.58755683898926,216.62304892259485,0.8754534721374512,0.12341534,47.129494,10,154,1.434508333333658,29.50958,15.000002,61.10313333333318,0.5,0.5068892240524292,uniform,uniform,10,0.0,0.0,0.0,3,
independent,2345,aggregation_random,39,15.396458,0.7,6,5,5,181.50909738881248,383.1595230102539,243.66548333849227,0.8487738966941833,0.071662776,98.35423,10,154,1.434508333333658,45.39646,30.000004,61.10313333333318,0.5,0.5068892240524292,uniform,uniform,10,0.0,0.0,0.0,3,
independent,2345,aggregation_random,40,15.75544,0.65000004,7,7,7,158.13652382447168,461.8264675140381,251.26849761376013,0.8785707980394364,0.0384374,78.06927,10,154,1.434508333333658,50.755444,35.000004,61.10313333333318,0.5,0.5068892240524292,uniform,uniform,10,0.0,0.0,0.0,3,
independent,2345,aggregation_random,41,12.907631,0.6,8,7,7,113.5682950168848,370.15299797058105,162.63053178787231,0.7086370587348938,0.045510497,367.4168,10,154,1.434508333333658,52.90763,40.0,61.10313333333318,0.5,0.5068892240524292,uniform,uniform,10,0.0,0.0,0.0,3,
independent,2345,aggregation_random,42,12.368044,0.95,1,0,0,121.17455871481644,469.4314956665039,259.29845734646443,0.8091163456439971,0.14423545,249.55487,10,154,1.434508333333658,17.368046,5.000002,61.10313333333318,0.5,0.5068892240524292,uniform,uniform,10,0.0,0.0,0.0,3,
independent,2345,aggregation_random,43,14.3088255,0.65000004,7,3,3,127.04876606280988,425.8989143371582,227.55739523814276,0.8140013217926025,0.16376041,165.11752,10,154,1.434508333333658,49.308815,34.99999,61.10313333333318,0.5,0.5068892240524292,uniform,uniform,10,0.0,0.0,0.0,3,
independent,2345,aggregation_random,44,15.328245,0.8,4,4,4,117.56905973888934,433.11206817626953,229.80475410819054,0.8705055952072144,0.104855664,57.741463,10,154,1.434508333333658,35.328255,20.00001,61.10313333333318,0.5,0.5068892240524292,uniform,uniform,10,0.0,0.0,0.0,3,
independent,2345,aggregation_random,45,15.715329,0.75,5,5,5,131.12055945396423,422.376708984375,201.41080391407013,0.8511579632759094,0.05218651,93.776794,10,154,1.434508333333658,40.71533,25.0,61.10313333333318,0.5,0.5068892240524292,uniform,uniform,10,0.0,0.0,0.0,3,
independent,2345,aggregation_random,46,12.010836,0.85,3,3,3,83.62477141268113,465.2929401397705,191.31050137912527,0.7495662659406662,0.19227125,322.12576,10,154,1.434508333333658,27.010834,14.999998,61.10313333333318,0.5,0.5068892240524292,uniform,uniform,10,0.0,0.0,0.0,3,
independent,2345,aggregation_random,47,15.87724,0.6,8,7,7,88.76292794942856,444.73520278930664,185.67073091864586,0.8622448980808258,0.05497057,85.225136,10,154,1.434508333333658,55.877243,40.000004,61.10313333333318,0.5,0.5068892240524292,uniform,uniform,10,0.0,0.0,0.0,3,
independent,2345,aggregation_random,48,14.76613,0.6,8,5,5,117.12959483265877,324.7620964050293,163.08315485715866,0.7865829467773438,0.104952306,217.76086,10,154,1.434508333333658,54.76613,40.0,61.10313333333318,0.5,0.5068892240524292,uniform,uniform,10,0.0,0.0,0.0,3,
independent,2345,aggregation_random,49,13.651918,0.85,3,2,2,117.6324215706657,437.78231620788574,218.78948113497566,0.8298570096492768,0.1643519,143.80814,10,154,1.434508333333658,28.651917,14.999998,61.10313333333318,0.5,0.5068892240524292,uniform,uniform,10,0.0,0.0,0.0,3,
independent,2345,aggregation_random,50,15.671882,0.7,6,6,6,196.23282653944833,434.07588958740234,280.75170125280107,0.8760813117027283,0.062524885,48.0,10,154,1.434508333333658,45.671883,30.0,61.10313333333318,0.5,0.5068892240524292,uniform,uniform,10,0.0,0.0,0.0,3,
independent,2345,aggregation_random,51,15.602796,0.8,4,4,4,141.6873475536704,471.48974418640137,233.83345797657967,0.9087341219186783,0.1450388,22.720436,10,154,1.434508333333658,35.60279,19.999996,61.10313333333318,0.5,0.5068892240524292,uniform,uniform,10,0.0,0.0,0.0,3,
independent,2345,aggregation_random,52,16.499573,0.55,9,9,9,132.69471775401723,367.7757453918457,180.24337941950017,0.8749778270721436,0.0645339,48.04273,10,154,1.434508333333658,61.49958,45.000008,61.10313333333318,0.5,0.5068892240524292,uniform,uniform,10,0.0,0.0,0.0,3,
independent,2345,aggregation_random,53,13.929016,0.8,4,2,2,105.63472956418991,464.1295909881592,218.3760204166174,0.8471967697143554,0.09457263,151.63184,10,154,1.434508333333658,33.929016,20.0,61.10313333333318,0.5,0.5068892240524292,uniform,uniform,10,0.0,0.0,0.0,3,
independent,2345,aggregation_random,54,15.31797,0.75,5,4,4,139.4628244638443,426.0015106201172,187.51384615898132,0.8670802712440491,0.088903084,63.206062,10,154,1.434508333333658,40.31797,25.0,61.10313333333318,0.5,0.5068892240524292,uniform,uniform,10,0.0,0.0,0.0,3,
independent,2345,aggregation_random,55,15.948876,0.8,4,4,4,144.08060565590858,442.37608909606934,240.28313532471657,0.9048084199428559,0.05495208,1.4327002,10,154,1.434508333333658,35.948875,20.0,61.10313333333318,0.5,0.5068892240524292,uniform,uniform,10,0.0,0.0,0.0,3,
independent,2345,aggregation_random,56,16.979275,0.55,9,7,7,161.4516562765295,413.6897850036621,228.7063466418873,0.8978789448738098,0.064055674,4.072563,10,154,1.434508333333658,61.97927,44.999996,61.10313333333318,0.5,0.5068892240524292,uniform,uniform,10,0.0,0.0,0.0,3,
independent,2345,aggregation_random,57,15.329347,0.65000004,7,7,7,129.070783458077,452.7092456817627,208.98392489323248,0.8635826200246811,0.06894638,90.63077,10,154,1.434508333333658,50.329346,35.0,61.10313333333318,0.5,0.5068892240524292,uniform,uniform,10,0.0,0.0,0.0,3,
independent,2345,aggregation_random,58,15.722704,0.8,4,3,3,142.24849954247475,464.70067977905273,259.62668538093567,0.9022241175174713,0.0498359,28.430563,10,154,1.434508333333658,35.722702,19.999998,61.10313333333318,0.5,0.5068892240524292,uniform,uniform,10,0.0,0.0,0.0,3,
independent,2345,aggregation_random,59,13.580928,0.85,3,3,3,146.83345335371354,467.8281784057617,229.84366304734175,0.8368540048599243,0.23156941,157.06865,10,154,1.434508333333658,28.580925,14.999997,61.10313333333318,0.5,0.5068892240524292,uniform,uniform,10,0.0,0.0,0.0,3,
independent,2345,aggregation_random,0,15.233438,0.95,1,1,1,205.76118632366783,474.9231433868408,257.7804524020145,0.9102281510829926,0.1069998,44.633236,10,159,1.6346116666670223,20.233438,5.000001,73.85166833333325,0.5,0.5068892240524292,uniform,uniform,10,0.0,0.0,0.0,4,
independent,2345,aggregation_random,1,15.215794,0.6,8,7,7,86.24248191714287,354.83227729797363,185.45996874570847,0.8095259666442871,0.09891261,173.7103,10,159,1.6346116666670223,55.21579,39.999996,73.85166833333325,0.5,0.5068892240524292,uniform,uniform,10,0.0,0.0,0.0,4,
independent,2345,aggregation_random,2,15.266133,0.75,5,5,5,137.70995897054672,429.75085258483887,245.83161520957947,0.8749254941940308,0.09555681,48.14317,10,159,1.6346116666670223,40.266136,25.000004,73.85166833333325,0.5,0.5068892240524292,uniform,uniform,10,0.0,0.0,0.0,4,
independent,2345,aggregation_random,3,12.827474,0.85,3,3,3,137.06307460280027,461.3866424560547,258.3453802501454,0.817257308959961,0.10946617,188.25262,10,159,1.6346116666670223,27.827473,14.999999,73.85166833333325,0.5,0.5068892240524292,uniform,uniform,10,0.0,0.0,0.0,4,
independent,2345,aggregation_random,4,15.077718,0.90000004,2,2,2,148.78767440716425,473.2155132293701,264.0866929292679,0.9304614394903183,0.050205205,5.342692,10,159,1.6346116666670223,25.077717,9.999999,73.85166833333325,0.5,0.5068892240524292,uniform,uniform,10,0.0,0.0,0.0,4,
independent,2345,aggregation_random,5,16.075624,0.75,5,4,4,201.30356335639954,452.7311897277832,281.7642731666565,0.9164153456687927,0.08095061,0.0,10,159,1.6346116666670223,41.075623,24.999998,73.85166833333325,0.5,0.5068892240524292,uniform,uniform,10,0.0,0.0,0.0,4,
independent,2345,aggregation_random,6,14.083649,0.8,4,4,4,154.48188353329897,393.7892532348633,214.39413763582706,0.8171065449714661,0.18944797,159.1555,10,159,1.6346116666670223,34.08365,20.0,73.85166833333325,0.5,0.5068892240524292,uniform,uniform,10,0.0,0.0,0.0,4,
independent,2345,aggregation_random,7,13.33935,0.85,3,2,2,167.69303704009337,442.2293186187744,242.17086763942942,0.8255435913801193,0.07071967,153.18565,10,159,1.6346116666670223,28.339352,15.000002,73.85166833333325,0.5,0.5068892240524292,uniform,uniform,10,0.0,0.0,0.0,4,
independent,2345,aggregation_random,8,15.147942,0.8,4,3,3,132.35866159200668,472.7991771697998,234.6257009357214,0.8849729776382447,0.11788341,109.205795,10,159,1.6346116666670223,35.14794,20.0,73.85166833333325,0.5,0.5068892240524292,uniform,uniform,10,0.0,0.0,0.0,4,
independent,2345,aggregation_random,9,15.957711,0.7,6,5,5,157.80866069453103,418.82423400878906,265.58556165013994,0.8822495937347412,0.10560136,34.08095,10,159,1.6346116666670223,45.957718,30.000008,73.85166833333325,0.5,0.5068892240524292,uniform,uniform,10,0.0,0.0,0.0,4,
independent,2345,aggregation_random,10,14.43181,0.90000004,2,2,2,161.13820304473242,473.32780838012695,246.1459324757258,0.9179584860801697,0.13841175,45.207035,10,159,1.6346116666670223,24.431807,9.999996,73.85166833333325,0.5,0.5068892240524292,uniform,uniform,10,0.0,0.0,0.0,4,
independent,2345,aggregation_random,11,15.451467,0.85,3,3,3,140.78478639616685,476.4159107208252,242.38285471411314,0.9370498031377792,0.06658987,36.85335,10,159,1.6346116666670223,30.451466,14.999999,73.85166833333325,0.5,0.5068892240524292,uniform,uniform,10,0.0,0.0,0.0,4,
independent,2345,aggregation_random,12,16.480001,0.75,5,2,2,183.82843160629272,439.04168128967285,266.95183753967285,0.9036676377058029,0.07247095,0.0,10,159,1.6346116666670223,41.480003,25.000002,73.85166833333325,0.5,0.5068892240524292,uniform,uniform,10,0.0,0.0,0.0,4,
independent,2345,aggregation_random,13,13.634228,0.85,3,3,3,124.43758838316974,479.46956634521484,232.72296162212595,0.8094392746686936,0.1895132,231.5773,10,159,1.6346116666670223,28.634232,15.000004,73.85166833333325,0.5,0.5068892240524292,uniform,uniform,10,0.0,0.0,0.0,4,
independent,2345,aggregation_random,14,14.791685,0.85,3,2,2,169.0948590811561,422.33036041259766,272.606160921209,0.8591330051422119,0.0951138,78.46486,10,159,1.6346116666670223,29.791683,14.999998,73.85166833333325,0.5,0.5068892240524292,uniform,uniform,10,0.0,0.0,0.0,4,
independent,2345,aggregation_random,15,15.036119,0.85,3,3,3,155.9803627168431,472.77588844299316,238.21344074080972,0.8827313274145127,0.027633077,73.93187,10,159,1.6346116666670223,30.036121,15.000002,73.85166833333325,0.5,0.5068892240524292,uniform,uniform,10,0.0,0.0,0.0,4,
independent,2345,aggregation_random,16,16.317835,0.65000004,7,6,6,175.10038293324985,475.6834316253662,289.143745807501,0.9335988193750382,0.09355516,0.0,10,159,1.6346116666670223,51.317825,34.999992,73.85166833333325,0.5,0.5068892240524292,uniform,uniform,10,0.0,0.0,0.0,4,
independent,2345,aggregation_random,17,14.380209,0.90000004,2,2,2,78.4444538752238,463.80226135253906,204.13937528928122,0.8434433221817017,0.08436792,149.58357,10,159,1.6346116666670223,24.380213,10.000004,73.85166833333325,0.5,0.5068892240524292,uniform,uniform,10,0.0,0.0,0.0,4,
independent,2345,aggregation_random,18,15.7411995,0.7,6,6,6,151.85067210878645,475.6728458404541,245.48352215971266,0.8914616584777832,0.064105526,99.58963,10,159,1.6346116666670223,45.741196,29.999996,73.85166833333325,0.5,0.5068892240524292,uniform,uniform,10,0.0,0.0,0.0,4,
independent,2345,aggregation_random,19,11.910366,0.8,4,1,1,100.67885376513004,474.2403030395508,207.1406078338623,0.7695282340049744,0.015022167,292.7461,10,159,1.6346116666670223,31.910368,20.000002,73.85166833333325,0.5,0.5068892240524292,uniform,uniform,10,0.0,0.0,0.0,4,
independent,2345,aggregation_random,20,15.941395,0.8,4,3,3,173.10774452984333,471.6423797607422,268.92536491155624,0.9222202181816102,0.102070995,12.114635,10,159,1.6346116666670223,35.9414,20.000004,73.85166833333325,0.5,0.5068892240524292,uniform,uniform,10,0.0,0.0,0.0,4,
independent,2345,aggregation_random,21,16.58,0.5,10,8,8,161.88661086559296,411.3585662841797,249.78035509586334,0.9000000953674316,0.13435195,0.0,10,159,1.6346116666670223,66.58,50.0,73.85166833333325,0.5,0.5068892240524292,uniform,uniform,10,0.0,0.0,0.0,4,
independent,2345,aggregation_random,22,15.736041,0.7,6,6,6,135.13870839561736,399.51833724975586,212.49757187707084,0.8596897125244141,0.10641089,77.39595,10,159,1.6346116666670223,45.736046,30.000004,73.85166833333325,0.5,0.5068892240524292,uniform,uniform,10,0.0,0.0,0.0,4,
independent,2345,aggregation_random,23,12.249132,0.7,6,6,6,159.1873585326331,444.00867462158203,253.05640952927726,0.7101452380418778,0.08865912,378.00845,10,159,1.6346116666670223,42.249134,30.000002,73.85166833333325,0.5,0.5068892240524292,uniform,uniform,10,0.0,0.0,0.0,4,
independent,2345,aggregation_random,24,15.8831415,0.75,5,4,4,132.02931785583496,473.1482219696045,254.50862836837769,0.9289343923330307,0.03671377,35.067947,10,159,1.6346116666670223,40.88314,25.0,73.85166833333325,0.5,0.5068892240524292,uniform,uniform,10,0.0,0.0,0.0,4,
independent,2345,aggregation_random,25,16.971298,0.5,10,7,7,262.7347521185875,470.9178829193115,321.17611169815063,0.9250971108675003,0.03722323,16.193167,10,159,1.6346116666670223,66.9713,50.0,73.85166833333325,0.5,0.5068892240524292,uniform,uniform,10,0.0,0.0,0.0,4,
independent,2345,aggregation_random,26,15.773706,0.6,8,8,8,178.498372733593,472.2630786895752,278.0817151069641,0.8660922378301621,0.13331868,112.62929,10,159,1.6346116666670223,55.773705,40.0,73.85166833333325,0.5,0.5068892240524292,uniform,uniform,10,0.0,0.0,0.0,4,
independent,2345,aggregation_random,27,11.698349,0.8,4,3,3,114.00929667055607,427.5519275665283,210.4002258181572,0.7475212216377258,0.09842514,292.75925,10,159,1.6346116666670223,31.698347,19.999998,73.85166833333325,0.5,0.5068892240524292,uniform,uniform,10,0.0,0.0,0.0,4,
independent,2345,aggregation_random,28,15.527517,0.75,5,4,4,166.24040508270264,458.5935688018799,246.7850000858307,0.9093990415334702,0.03881192,8.547575,10,159,1.6346116666670223,40.52752,25.000002,73.85166833333325,0.5,0.5068892240524292,uniform,uniform,10,0.0,0.0,0.0,4,
independent,2345,aggregation_random,29,15.667358,0.7,6,4,4,141.93144065993172,462.7455139160156,269.3158486911229,0.8910133481025696,0.081458725,48.000008,10,159,1.6346116666670223,45.667362,30.000004,73.85166833333325,0.5,0.5068892240524292,uniform,uniform,10,0.0,0.0,0.0,4,
independent,2345,aggregation_random,30,15.17861,0.7,6,5,5,127.38648099558694,382.4719047546387,195.13645495687211,0.8684812784194946,0.104928605,60.516106,10,159,1.6346116666670223,45.178604,29.999994,73.85166833333325,0.5,0.5068892240524292,uniform,uniform,10,0.0,0.0,0.0,4,
independent,2345,aggregation_random,31,16.501572,0.6,8,8,8,166.5158934891224,469.4643974304199,254.2346951365471,0.8846718698740006,0.066942155,75.176636,10,159,1.6346116666670223,56.501568,39.999996,73.85166833333325,0.5,0.5068892240524292,uniform,uniform,10,0.0,0.0,0.0,4,
independent,2345,aggregation_random,32,13.486972,0.8,4,3,3,163.4570351243019,429.2859077453613,233.51723939180374,0.8060923218727112,0.036268346,180.30284,10,159,1.6346116666670223,33.486973,20.0,73.85166833333325,0.5,0.5068892240524292,uniform,uniform,10,0.0,0.0,0.0,4,
independent,2345,aggregation_random,33,13.14821,0.7,6,6,6,95.47763586044312,443.6245822906494,182.95028814247675,0.7301128000020981,0.11585269,337.80807,10,159,1.6346116666670223,43.14821,30.0,73.85166833333325,0.5,0.5068892240524292,uniform,uniform,10,0.0,0.0,0.0,4,
independent,2345,aggregation_random,34,16.455614,0.6,8,7,7,135.55461823940277,472.29503631591797,257.83539056777954,0.8957016199827195,0.11002373,61.02793,10,159,1.6346116666670223,56.455612,40.0,73.85166833333325,0.5,0.5068892240524292,uniform,uniform,10,0.0,0.0,0.0,4,
independent,2345,aggregation_random,35,14.61694,0.7,6,6,6,146.0651000056948,466.32293701171875,232.40497061184473,0.839606049656868,0.09123402,162.87779,10,159,1.6346116666670223,44.616943,30.000004,73.85166833333325,0.5,0.5068892240524292,uniform,uniform,10,0.0,0.0,0.0,4,
independent,2345,aggregation_random,36,14.292183,0.85,3,3,3,124.98598589616664,469.72134590148926,243.51699429399827,0.8270542651414872,0.14367531,183.34561,10,159,1.6346116666670223,29.292183,15.0,73.85166833333325,0.5,0.5068892240524292,uniform,uniform,10,0.0,0.0,0.0,4,
independent,2345,aggregation_random,37,16.68,0.55,9,8,8,145.20933102477682,479.53076362609863,216.93303368308327,0.9420038789510727,0.05087103,0.0,10,159,1.6346116666670223,61.68,45.0,73.85166833333325,0.5,0.5068892240524292,uniform,uniform,10,0.0,0.0,0.0,4,
independent,2345,aggregation_random,38,15.813245,0.8,4,4,4,145.74461951851845,472.50792503356934,237.0399172604084,0.9096210032701493,0.029784745,36.675472,10,159,1.6346116666670223,35.813244,20.0,73.85166833333325,0.5,0.5068892240524292,uniform,uniform,10,0.0,0.0,0.0,4,
independent,2345,aggregation_random,39,15.552031,0.8,4,3,3,145.77624740079045,469.72835540771484,219.87204641103745,0.921030405163765,0.051846933,0.0,10,159,1.6346116666670223,35.55203,19.999998,73.85166833333325,0.5,0.5068892240524292,uniform,uniform,10,0.0,0.0,0.0,4,
independent,2345,aggregation_random,40,17.029255,0.5,10,10,10,103.18944329023361,439.960241317749,234.37879586219788,0.8994242936372757,0.028236385,9.065729,10,159,1.6346116666670223,67.02927,50.00001,73.85166833333325,0.5,0.5068892240524292,uniform,uniform,10,0.0,0.0,0.0,4,
independent,2345,aggregation_random,41,15.182372,0.8,4,3,3,115.35003690049052,476.18791580200195,253.05604062974453,0.9020772695541381,0.059593905,78.76289,10,159,1.6346116666670223,35.182373,20.0,73.85166833333325,0.5,0.5068892240524292,uniform,uniform,10,0.0,0.0,0.0,4,
independent,2345,aggregation_random,42,10.625842,0.85,3,2,2,114.56742483026841,478.86975288391113,230.23155149291543,0.7234048336744309,0.079006724,385.93253,10,159,1.6346116666670223,25.62584,14.999997,73.85166833333325,0.5,0.5068892240524292,uniform,uniform,10,0.0,0.0,0.0,4,
independent,2345,aggregation_random,43,13.499706,0.65000004,7,2,2,126.42604763691241,473.8988971710205,226.70390835175147,0.7996973484754563,0.17407085,234.48013,10,159,1.6346116666670223,48.499706,35.0,73.85166833333325,0.5,0.5068892240524292,uniform,uniform,10,0.0,0.0,0.0,4,
independent,2345,aggregation_random,44,15.47426,0.7,6,6,6,135.4757991326707,463.05235862731934,213.88404147965568,0.8804735273122788,0.0915788,78.07504,10,159,1.6346116666670223,45.47426,29.999998,73.85166833333325,0.5,0.5068892240524292,uniform,uniform,10,0.0,0.0,0.0,4,
independent,2345,aggregation_random,45,15.134904,0.95,1,1,1,146.2566467492204,477.94718742370605,254.4959813042691,0.9139593213796615,0.026830738,49.465458,10,159,1.6346116666670223,20.134907,5.000003,73.85166833333325,0.5,0.5068892240524292,uniform,uniform,10,0.0,0.0,0.0,4,
independent,2345,aggregation_random,46,12.670935,0.8,4,4,4,93.70820224285126,466.8738269805908,194.3994641304016,0.7756927698850632,0.07036783,273.54376,10,159,1.6346116666670223,32.670933,19.999998,73.85166833333325,0.5,0.5068892240524292,uniform,uniform,10,0.0,0.0,0.0,4,
independent,2345,aggregation_random,47,14.872279,0.7,6,5,5,114.4109097974641,445.93305587768555,209.8947125673294,0.8365422427654267,0.16426548,135.77206,10,159,1.6346116666670223,44.87228,30.0,73.85166833333325,0.5,0.5068892240524292,uniform,uniform,10,0.0,0.0,0.0,4,
independent,2345,aggregation_random,48,14.252423,0.65000004,7,4,4,148.45507016548743,465.79158782958984,220.53880746547992,0.793098533153534,0.11268201,239.0426,10,159,1.6346116666670223,49.25242,34.999996,73.85166833333325,0.5,0.5068892240524292,uniform,uniform,10,0.0,0.0,0.0,4,
independent,2345,aggregation_random,49,14.762201,0.8,4,3,3,141.02649237960577,454.83089447021484,226.06939405202866,0.865939462184906,0.044230025,88.22717,10,159,1.6346116666670223,34.762203,20.000002,73.85166833333325,0.5,0.5068892240524292,uniform,uniform,10,0.0,0.0,0.0,4,
independent,2345,aggregation_random,50,15.860001,0.85,3,3,3,154.85158134909238,479.2675495147705,281.93239699391756,0.9590353935956955,0.054165807,0.0,10,159,1.6346116666670223,30.859997,14.999996,73.85166833333325,0.5,0.5068892240524292,uniform,uniform,10,0.0,0.0,0.0,4,
independent,2345,aggregation_random,51,15.436514,0.8,4,4,4,107.1125765517354,471.2372875213623,217.19179451465607,0.8947337657213211,0.07606017,49.348618,10,159,1.6346116666670223,35.43651,19.999994,73.85166833333325,0.5,0.5068892240524292,uniform,uniform,10,0.0,0.0,0.0,4,
independent,2345,aggregation_random,52,16.660812,0.55,9,9,9,219.7445128180764,467.36549377441406,276.37247410687536,0.9243859827518464,0.09007201,0.0,10,159,1.6346116666670223,61.660797,44.999985,73.85166833333325,0.5,0.5068892240524292,uniform,uniform,10,0.0,0.0,0.0,4,
independent,2345,aggregation_random,53,11.145213,0.85,3,1,1,113.30378104658688,474.5485496520996,220.6485250416924,0.7298003166913987,0.15857504,373.47855,10,159,1.6346116666670223,26.14521,14.999997,73.85166833333325,0.5,0.5068892240524292,uniform,uniform,10,0.0,0.0,0.0,4,
independent,2345,aggregation_random,54,14.593147,0.8,4,3,3,167.6491455361247,465.63222885131836,239.78083714842796,0.8483672082424164,0.067781284,132.7673,10,159,1.6346116666670223,34.59315,20.000004,73.85166833333325,0.5,0.5068892240524292,uniform,uniform,10,0.0,0.0,0.0,4,
independent,2345,aggregation_random,55,16.329998,0.75,5,5,5,202.74557614326477,472.58594512939453,284.1288847923279,0.9488369792699813,0.049397375,0.0,10,159,1.6346116666670223,41.329994,24.999996,73.85166833333325,0.5,0.5068892240524292,uniform,uniform,10,0.0,0.0,0.0,4,
independent,2345,aggregation_random,56,13.443789,0.85,3,1,1,156.39082999790415,380.615873336792,250.08704213535086,0.8158223628997803,0.11209792,161.62112,10,159,1.6346116666670223,28.443787,14.999998,73.85166833333325,0.5,0.5068892240524292,uniform,uniform,10,0.0,0.0,0.0,4,
independent,2345,aggregation_random,57,14.610941,0.75,5,5,5,117.80448020994663,425.2375888824463,204.13427412509918,0.8185314536094666,0.029191148,156.4198,10,159,1.6346116666670223,39.61094,24.999998,73.85166833333325,0.5,0.5068892240524292,uniform,uniform,10,0.0,0.0,0.0,4,
independent,2345,aggregation_random,58,16.035992,0.6,8,7,7,133.86987924575806,463.6200428009033,216.82205438613892,0.8810796767473221,0.07814933,82.32962,10,159,1.6346116666670223,56.035988,39.999996,73.85166833333325,0.5,0.5068892240524292,uniform,uniform,10,0.0,0.0,0.0,4,
independent,2345,aggregation_random,59,14.890661,0.90000004,2,2,2,175.05664984385172,447.0707130432129,272.3035415013631,0.8836162209510803,0.037032176,57.386505,10,159,1.6346116666670223,24.890661,10.0,73.85166833333325,0.5,0.5068892240524292,uniform,uniform,10,0.0,0.0,0.0,4,
independent,2345,vehicle_id_permuted,0,10.043837,0.95,1,1,1,184.90727785386537,434.3272876739502,232.6767494803981,0.6606834024190903,0.38347223,461.81522,10,164,7.118516666665424,15.043835,4.999998,67.91349666666662,0.5,0.5068892240524292,uniform,uniform,10,0.0,0.0,0.0,0,0-2-1-3
independent,2345,vehicle_id_permuted,1,9.322171,0.7,6,4,4,165.43671905994415,472.4655246734619,256.1160498006003,0.5920007258653641,0.6451117,672.00006,10,164,7.118516666665424,39.322166,29.999996,67.91349666666662,0.5,0.5068892240524292,uniform,uniform,10,0.0,0.0,0.0,0,0-2-1-3
independent,2345,vehicle_id_permuted,2,9.861722,0.65000004,7,7,7,174.53938227433426,442.8430938720703,269.65468883514404,0.5806474924087525,0.55973625,624.00006,10,164,7.118516666665424,44.861717,34.999996,67.91349666666662,0.5,0.5068892240524292,uniform,uniform,10,0.0,0.0,0.0,0,0-2-1-3
independent,2345,vehicle_id_permuted,3,6.809571,0.65000004,7,7,7,169.05526440877182,453.0640125274658,295.4884176987868,0.4461566597223282,0.741096,892.44336,10,164,7.118516666665424,41.80957,35.0,67.91349666666662,0.5,0.5068892240524292,uniform,uniform,10,0.0,0.0,0.0,0,0-2-1-3
independent,2345,vehicle_id_permuted,4,8.1,0.90000004,2,2,2,152.16867804527283,478.38340759277344,294.72471475601196,0.585731503367424,0.7019687,720.00006,10,164,7.118516666665424,18.100002,10.000002,67.91349666666662,0.5,0.5068892240524292,uniform,uniform,10,0.0,0.0,0.0,0,0-2-1-3
independent,2345,vehicle_id_permuted,5,8.304958,0.7,6,5,5,179.8807609932763,476.38638496398926,263.27066915375843,0.5552194744348526,0.68055606,708.36255,10,164,7.118516666665424,38.304962,30.000004,67.91349666666662,0.5,0.5068892240524292,uniform,uniform,10,0.0,0.0,0.0,0,0-2-1-3
independent,2345,vehicle_id_permuted,6,10.199819,0.95,1,1,1,174.25005112823686,458.4829330444336,264.70763344513745,0.6679306358098984,0.39383364,482.3195,10,164,7.118516666665424,15.199816,4.999997,67.91349666666662,0.5,0.5068892240524292,uniform,uniform,10,0.0,0.0,0.0,0,0-2-1-3
independent,2345,vehicle_id_permuted,7,8.026955,0.90000004,2,1,1,177.95536249876022,461.2122631072998,270.07251183191937,0.5659710556268692,0.6683678,670.548,10,164,7.118516666665424,18.026955,10.0,67.91349666666662,0.5,0.5068892240524292,uniform,uniform,10,0.0,0.0,0.0,0,0-2-1-3
independent,2345,vehicle_id_permuted,8,9.881323,0.75,5,5,5,145.15973591804504,407.2180652618408,212.32455205917358,0.6136842370033264,0.58449286,549.7264,10,164,7.118516666665424,34.88132,24.999998,67.91349666666662,0.5,0.5068892240524292,uniform,uniform,10,0.0,0.0,0.0,0,0-2-1-3
independent,2345,vehicle_id_permuted,9,9.5767565,0.75,5,4,4,178.2078958749771,464.11251068115234,244.31218457221985,0.6167253494262696,0.60322607,575.99994,10,164,7.118516666665424,34.57675,24.999996,67.91349666666662,0.5,0.5068892240524292,uniform,uniform,10,0.0,0.0,0.0,0,0-2-1-3
independent,2345,vehicle_id_permuted,10,7.674028,0.90000004,2,2,2,141.79520418246588,470.3594398498535,215.4938018321991,0.5826886832714081,0.5986902,647.59717,10,164,7.118516666665424,17.67403,10.000002,67.91349666666662,0.5,0.5068892240524292,uniform,uniform,10,0.0,0.0,0.0,0,0-2-1-3
independent,2345,vehicle_id_permuted,11,7.063983,0.85,3,3,3,134.3967506289482,395.89619636535645,216.0049215485068,0.5135536193847656,0.77989507,741.97723,10,164,7.118516666665424,22.063984,15.000001,67.91349666666662,0.5,0.5068892240524292,uniform,uniform,10,0.0,0.0,0.0,0,0-2-1-3
independent,2345,vehicle_id_permuted,12,13.746499,0.85,3,1,1,110.53865643108593,411.189022064209,218.70215514126946,0.8162579536437988,0.089060284,160.78484,10,164,7.118516666665424,28.746498,14.999999,67.91349666666662,0.5,0.5068892240524292,uniform,uniform,10,0.0,0.0,0.0,0,0-2-1-3
independent,2345,vehicle_id_permuted,13,6.839553,0.8,4,4,4,150.16476083546877,469.7245788574219,262.28492975234985,0.4939837992191315,0.6966542,817.2758,10,164,7.118516666665424,26.83955,19.999996,67.91349666666662,0.5,0.5068892240524292,uniform,uniform,10,0.0,0.0,0.0,0,0-2-1-3
independent,2345,vehicle_id_permuted,14,10.213434,0.75,5,4,4,201.30435729026794,445.15514373779297,299.3716244697571,0.6352486789226532,0.58741266,527.99994,10,164,7.118516666665424,35.213436,25.000002,67.91349666666662,0.5,0.5068892240524292,uniform,uniform,10,0.0,0.0,0.0,0,0-2-1-3
independent,2345,vehicle_id_permuted,15,8.127787,0.85,3,3,3,159.61867795271033,454.81761932373047,233.79300250726587,0.570061418414116,0.7157405,665.2214,10,164,7.118516666665424,23.127789,15.000002,67.91349666666662,0.5,0.5068892240524292,uniform,uniform,10,0.0,0.0,0.0,0,0-2-1-3
independent,2345,vehicle_id_permuted,16,10.112303,0.75,5,4,4,179.3231953382492,449.21393394470215,281.96077489852905,0.6001729398965836,0.5012509,595.8215,10,164,7.118516666665424,35.112305,25.000002,67.91349666666662,0.5,0.5068892240524292,uniform,uniform,10,0.0,0.0,0.0,0,0-2-1-3
independent,2345,vehicle_id_permuted,17,8.657771,0.8,4,4,4,121.65077839046717,438.3739185333252,217.15499013662338,0.550675043463707,0.51801586,677.07806,10,164,7.118516666665424,28.657774,20.000004,67.91349666666662,0.5,0.5068892240524292,uniform,uniform,10,0.0,0.0,0.0,0,0-2-1-3
independent,2345,vehicle_id_permuted,18,8.370904,0.85,3,3,3,163.89448022141175,447.1020698547363,252.122298969942,0.5359160482883454,0.719272,725.39954,10,164,7.118516666665424,23.370903,14.999999,67.91349666666662,0.5,0.5068892240524292,uniform,uniform,10,0.0,0.0,0.0,0,0-2-1-3
independent,2345,vehicle_id_permuted,19,7.764509,0.7,6,3,3,145.49328906195504,430.9467601776123,234.64568853378296,0.5170292258262634,0.7158489,735.3041,10,164,7.118516666665424,37.764507,29.999998,67.91349666666662,0.5,0.5068892240524292,uniform,uniform,10,0.0,0.0,0.0,0,0-2-1-3
independent,2345,vehicle_id_permuted,20,8.178142,0.7,6,5,5,132.1228746005467,463.6977767944336,282.9934675352914,0.5185077518224717,0.7525722,768.00006,10,164,7.118516666665424,38.178146,30.000004,67.91349666666662,0.5,0.5068892240524292,uniform,uniform,10,0.0,0.0,0.0,0,0-2-1-3
independent,2345,vehicle_id_permuted,21,8.541129,0.4,12,10,10,189.78208780288696,436.8735694885254,272.55953773856163,0.477538400888443,0.84474015,816.00006,10,164,7.118516666665424,68.54112,59.999992,67.91349666666662,0.5,0.5068892240524292,uniform,uniform,10,0.0,0.0,0.0,0,0-2-1-3
independent,2345,vehicle_id_permuted,22,9.315796,0.75,5,4,4,176.8346756696701,477.75455474853516,278.3494987487793,0.5773469090461731,0.5367816,672.00006,10,164,7.118516666665424,34.315792,24.999996,67.91349666666662,0.5,0.5068892240524292,uniform,uniform,10,0.0,0.0,0.0,0,0-2-1-3
independent,2345,vehicle_id_permuted,23,7.7559943,0.6,8,8,8,183.62418740987778,464.3524360656738,261.54541432857513,0.46612083315849306,0.7117209,865.4007,10,164,7.118516666665424,47.755997,40.000004,67.91349666666662,0.5,0.5068892240524292,uniform,uniform,10,0.0,0.0,0.0,0,0-2-1-3
independent,2345,vehicle_id_permuted,24,9.119373,0.7,6,5,5,138.002051455634,454.6226406097412,200.2955491202218,0.6179728299379349,0.58573484,564.11487,10,164,7.118516666665424,39.11937,29.999996,67.91349666666662,0.5,0.5068892240524292,uniform,uniform,10,0.0,0.0,0.0,0,0-2-1-3
independent,2345,vehicle_id_permuted,25,8.038396,0.65000004,7,4,4,203.6629454447673,449.1280746459961,272.70907842195953,0.5089209318161011,0.6204023,768.00006,10,164,7.118516666665424,43.0384,35.000004,67.91349666666662,0.5,0.5068892240524292,uniform,uniform,10,0.0,0.0,0.0,0,0-2-1-3
independent,2345,vehicle_id_permuted,26,8.11594,0.7,6,6,6,152.74276371513093,469.32738304138184,243.9725431374141,0.5624170035123826,0.7614591,721.40607,10,164,7.118516666665424,38.11594,30.0,67.91349666666662,0.5,0.5068892240524292,uniform,uniform,10,0.0,0.0,0.0,0,0-2-1-3
independent,2345,vehicle_id_permuted,27,7.287533,0.85,3,2,2,133.95943196380838,435.1714897155762,235.4621765192817,0.5297924220561981,0.63029534,713.9702,10,164,7.118516666665424,22.287533,15.0,67.91349666666662,0.5,0.5068892240524292,uniform,uniform,10,0.0,0.0,0.0,0,0-2-1-3
independent,2345,vehicle_id_permuted,28,8.47608,0.8,4,3,3,147.4753886461258,461.8355655670166,245.1637713611126,0.5952286213636399,0.62984425,614.9967,10,164,7.118516666665424,28.476078,19.999998,67.91349666666662,0.5,0.5068892240524292,uniform,uniform,10,0.0,0.0,0.0,0,0-2-1-3
independent,2345,vehicle_id_permuted,29,6.997645,0.65000004,7,5,5,138.90039957486667,396.0611915588379,247.7262783050537,0.42819905281066895,0.8687445,905.85803,10,164,7.118516666665424,41.99765,35.000004,67.91349666666662,0.5,0.5068892240524292,uniform,uniform,10,0.0,0.0,0.0,0,0-2-1-3
independent,2345,vehicle_id_permuted,30,10.313671,0.75,5,4,4,140.77998042106628,447.59044647216797,228.91954946517944,0.6546654343605042,0.41929895,486.63293,10,164,7.118516666665424,35.313667,24.999996,67.91349666666662,0.5,0.5068892240524292,uniform,uniform,10,0.0,0.0,0.0,0,0-2-1-3
independent,2345,vehicle_id_permuted,31,10.023142,0.75,5,5,5,142.95754027366638,457.85144805908203,259.149555683136,0.5892436683177948,0.48311827,624.00006,10,164,7.118516666665424,35.02314,24.999998,67.91349666666662,0.5,0.5068892240524292,uniform,uniform,10,0.0,0.0,0.0,0,0-2-1-3
independent,2345,vehicle_id_permuted,32,9.021323,0.65000004,7,6,6,201.5022116440993,408.1702709197998,254.39806112876306,0.571801483631134,0.64284265,630.1413,10,164,7.118516666665424,44.021324,35.0,67.91349666666662,0.5,0.5068892240524292,uniform,uniform,10,0.0,0.0,0.0,0,0-2-1-3
independent,2345,vehicle_id_permuted,33,6.2378216,0.6,8,8,8,147.53800630569458,456.9275093078613,234.45906281471252,0.41645345389842986,1.0118892,964.63385,10,164,7.118516666665424,46.237816,39.999992,67.91349666666662,0.5,0.5068892240524292,uniform,uniform,10,0.0,0.0,0.0,0,0-2-1-3
independent,2345,vehicle_id_permuted,34,8.691894,0.75,5,4,4,134.24952173233032,390.9162139892578,226.37064051628113,0.5361576080322266,0.6623493,698.5776,10,164,7.118516666665424,33.69189,24.999996,67.91349666666662,0.5,0.5068892240524292,uniform,uniform,10,0.0,0.0,0.0,0,0-2-1-3
independent,2345,vehicle_id_permuted,35,8.454046,0.8,4,4,4,147.87494709715247,456.3882637023926,258.4632794559002,0.5578509509563446,0.6587312,681.31464,10,164,7.118516666665424,28.454044,19.999998,67.91349666666662,0.5,0.5068892240524292,uniform,uniform,10,0.0,0.0,0.0,0,0-2-1-3
independent,2345,vehicle_id_permuted,36,8.226799,0.65000004,7,7,7,147.0584763930394,385.1831245422363,211.51122093200684,0.527428388595581,0.63138294,715.33765,10,164,7.118516666665424,43.2268,35.0,67.91349666666662,0.5,0.5068892240524292,uniform,uniform,10,0.0,0.0,0.0,0,0-2-1-3
independent,2345,vehicle_id_permuted,37,9.48,0.7,6,4,4,195.81894763878412,442.7829837799072,272.6399384226118,0.5806161850690842,0.6022607,624.00006,10,164,7.118516666665424,39.48,30.0,67.91349666666662,0.5,0.5068892240524292,uniform,uniform,10,0.0,0.0,0.0,0,0-2-1-3
independent,2345,vehicle_id_permuted,38,8.275453,0.65000004,7,7,7,204.09784665474524,477.73183822631836,285.93190945111786,0.5178550511598587,0.6586036,786.0276,10,164,7.118516666665424,43.27545,35.0,67.91349666666662,0.5,0.5068892240524292,uniform,uniform,10,0.0,0.0,0.0,0,0-2-1-3
independent,2345,vehicle_id_permuted,39,9.739441,0.65000004,7,6,6,196.37405193769015,428.95331382751465,270.0958255621103,0.5661166906356812,0.656676,641.0561,10,164,7.118516666665424,44.73944,35.0,67.91349666666662,0.5,0.5068892240524292,uniform,uniform,10,0.0,0.0,0.0,0,0-2-1-3
independent,2345,vehicle_id_permuted,40,9.030521,0.8,4,4,4,154.28387749940157,441.36022567749023,254.27015617489815,0.6048752009868622,0.59642565,575.99994,10,164,7.118516666665424,29.030521,20.0,67.91349666666662,0.5,0.5068892240524292,uniform,uniform,10,0.0,0.0,0.0,0,0-2-1-3
independent,2345,vehicle_id_permuted,41,7.082921,0.7,6,5,5,193.67698475718498,459.9734687805176,291.46742258753096,0.46336412727832793,0.91389334,871.9584,10,164,7.118516666665424,37.082924,30.000004,67.91349666666662,0.5,0.5068892240524292,uniform,uniform,10,0.0,0.0,0.0,0,0-2-1-3
independent,2345,vehicle_id_permuted,42,6.8062983,0.8,4,3,3,135.8082975447178,465.82305908203125,236.01864382624626,0.5195067167282105,0.72709364,764.3703,10,164,7.118516666665424,26.806297,20.0,67.91349666666662,0.5,0.5068892240524292,uniform,uniform,10,0.0,0.0,0.0,0,0-2-1-3
independent,2345,vehicle_id_permuted,43,6.6861715,0.65000004,7,2,2,116.3296219935784,444.2662525177002,216.60748408390924,0.45454088747501376,0.9369375,867.548,10,164,7.118516666665424,41.68617,34.999996,67.91349666666662,0.5,0.5068892240524292,uniform,uniform,10,0.0,0.0,0.0,0,0-2-1-3
independent,2345,vehicle_id_permuted,44,8.7456045,0.7,6,6,6,117.72604372884545,419.4686222076416,234.89271410873957,0.5379099249839783,0.64926046,695.2131,10,164,7.118516666665424,38.745605,30.0,67.91349666666662,0.5,0.5068892240524292,uniform,uniform,10,0.0,0.0,0.0,0,0-2-1-3
independent,2345,vehicle_id_permuted,45,11.233185,0.85,3,3,3,141.6554048832725,477.94718742370605,226.10007594613467,0.6843477070331574,0.38237718,480.49518,10,164,7.118516666665424,26.233187,15.000002,67.91349666666662,0.5,0.5068892240524292,uniform,uniform,10,0.0,0.0,0.0,0,0-2-1-3
independent,2345,vehicle_id_permuted,46,7.643441,0.8,4,4,4,124.17803451418877,465.2929401397705,234.70077574253082,0.5670126765966416,0.61877894,672.6287,10,164,7.118516666665424,27.64344,20.0,67.91349666666662,0.5,0.5068892240524292,uniform,uniform,10,0.0,0.0,0.0,0,0-2-1-3
independent,2345,vehicle_id_permuted,47,9.116025,0.75,5,4,4,162.27637612819672,429.13744926452637,232.58638858795166,0.5746899247169495,0.6265579,624.5955,10,164,7.118516666665424,34.116024,25.0,67.91349666666662,0.5,0.5068892240524292,uniform,uniform,10,0.0,0.0,0.0,0,0-2-1-3
independent,2345,vehicle_id_permuted,48,6.525214,0.7,6,3,3,151.95747166872025,476.1738109588623,240.79652973583765,0.44932047426700594,1.0239002,909.4787,10,164,7.118516666665424,36.52521,29.999996,67.91349666666662,0.5,0.5068892240524292,uniform,uniform,10,0.0,0.0,0.0,0,0-2-1-3
independent,2345,vehicle_id_permuted,49,8.706421,0.75,5,4,4,133.0639923810959,448.0026054382324,230.78461861610413,0.5831482946872711,0.609752,624.35803,10,164,7.118516666665424,33.70642,25.0,67.91349666666662,0.5,0.5068892240524292,uniform,uniform,10,0.0,0.0,0.0,0,0-2-1-3
independent,2345,vehicle_id_permuted,50,8.337688,0.85,3,3,3,202.23726321669187,476.5536117553711,302.5876820788664,0.5897243797779084,0.6646246,672.00006,10,164,7.118516666665424,23.337692,15.000004,67.91349666666662,0.5,0.5068892240524292,uniform,uniform,10,0.0,0.0,0.0,0,0-2-1-3
independent,2345,vehicle_id_permuted,51,8.828625,0.7,6,6,6,150.22593191691809,463.17352294921875,235.23886697632926,0.5811594903469086,0.63336897,661.2213,10,164,7.118516666665424,38.82863,30.000004,67.91349666666662,0.5,0.5068892240524292,uniform,uniform,10,0.0,0.0,0.0,0,0-2-1-3
independent,2345,vehicle_id_permuted,52,9.429669,0.6,8,8,8,178.67617279291153,470.02684593200684,305.35119116306305,0.5714280635118485,0.6706543,672.00006,10,164,7.118516666665424,49.429672,40.000004,67.91349666666662,0.5,0.5068892240524292,uniform,uniform,10,0.0,0.0,0.0,0,0-2-1-3
independent,2345,vehicle_id_permuted,53,8.518963,0.85,3,1,1,133.48136186599731,460.59725761413574,241.34221883381113,0.5652850449085236,0.6419925,675.39667,10,164,7.118516666665424,23.518963,15.0,67.91349666666662,0.5,0.5068892240524292,uniform,uniform,10,0.0,0.0,0.0,0,0-2-1-3
independent,2345,vehicle_id_permuted,54,7.894669,0.75,5,4,4,165.62321174144745,429.79591369628906,228.1723449230194,0.49618303775787354,0.72423106,775.3288,10,164,7.118516666665424,32.89467,25.0,67.91349666666662,0.5,0.5068892240524292,uniform,uniform,10,0.0,0.0,0.0,0,0-2-1-3
independent,2345,vehicle_id_permuted,55,9.869577,0.75,5,5,5,138.07875394821167,413.46190452575684,203.7307198047638,0.6135196685791016,0.36458462,550.04224,10,164,7.118516666665424,34.86958,25.000002,67.91349666666662,0.5,0.5068892240524292,uniform,uniform,10,0.0,0.0,0.0,0,0-2-1-3
independent,2345,vehicle_id_permuted,56,10.014361,0.85,3,1,1,118.61431507503285,410.5549907684326,232.52914414686316,0.6137688755989075,0.5156764,549.5639,10,164,7.118516666665424,25.014362,15.000001,67.91349666666662,0.5,0.5068892240524292,uniform,uniform,10,0.0,0.0,0.0,0,0-2-1-3
independent,2345,vehicle_id_permuted,57,8.738836,0.75,5,5,5,172.60814905166626,438.6061191558838,258.93794202804565,0.5483164966106415,0.65595436,685.37836,10,164,7.118516666665424,33.73884,25.000002,67.91349666666662,0.5,0.5068892240524292,uniform,uniform,10,0.0,0.0,0.0,0,0-2-1-3
independent,2345,vehicle_id_permuted,58,9.0320835,0.5,10,9,9,180.24485564231873,465.8593940734863,249.40050601959229,0.4926351845264435,0.80353636,816.00006,10,164,7.118516666665424,59.032078,49.999992,67.91349666666662,0.5,0.5068892240524292,uniform,uniform,10,0.0,0.0,0.0,0,0-2-1-3
independent,2345,vehicle_id_permuted,59,10.13,0.7,6,6,6,247.91283130645752,459.58651542663574,297.978903395789,0.589368024468422,0.50883734,624.00006,10,164,7.118516666665424,40.129997,29.999996,67.91349666666662,0.5,0.5068892240524292,uniform,uniform,10,0.0,0.0,0.0,0,0-2-1-3
independent,2345,vehicle_id_permuted,0,10.043837,0.95,1,1,1,184.90727785386537,434.3272876739502,232.6767494803981,0.6606834024190903,0.38347217,461.81522,10,164,7.476674999998541,15.043834,4.999997,69.81654999999995,0.5,0.5068892240524292,uniform,uniform,10,0.0,0.0,0.0,1,3-2-1-0
independent,2345,vehicle_id_permuted,1,9.322171,0.7,6,4,4,165.43671905994415,472.4655246734619,256.1160498006003,0.5920007258653641,0.6451117,672.00006,10,164,7.476674999998541,39.32217,30.0,69.81654999999995,0.5,0.5068892240524292,uniform,uniform,10,0.0,0.0,0.0,1,3-2-1-0
independent,2345,vehicle_id_permuted,2,9.861722,0.65000004,7,7,7,174.53938227433426,442.8430938720703,269.65468883514404,0.5806474924087525,0.55973625,624.00006,10,164,7.476674999998541,44.861717,34.999996,69.81654999999995,0.5,0.5068892240524292,uniform,uniform,10,0.0,0.0,0.0,1,3-2-1-0
independent,2345,vehicle_id_permuted,3,6.809571,0.65000004,7,7,7,169.05526440877182,453.0640125274658,295.4884176987868,0.4461566597223282,0.741096,892.44336,10,164,7.476674999998541,41.80957,35.0,69.81654999999995,0.5,0.5068892240524292,uniform,uniform,10,0.0,0.0,0.0,1,3-2-1-0
independent,2345,vehicle_id_permuted,4,8.1,0.90000004,2,2,2,152.16867804527283,478.38340759277344,294.72471475601196,0.5857315629720687,0.7019688,720.00006,10,164,7.476674999998541,18.1,10.0,69.81654999999995,0.5,0.5068892240524292,uniform,uniform,10,0.0,0.0,0.0,1,3-2-1-0
independent,2345,vehicle_id_permuted,5,8.304958,0.7,6,5,5,179.8807609932763,476.38638496398926,263.27066915375843,0.5552194744348526,0.68055606,708.36255,10,164,7.476674999998541,38.304962,30.000004,69.81654999999995,0.5,0.5068892240524292,uniform,uniform,10,0.0,0.0,0.0,1,3-2-1-0
independent,2345,vehicle_id_permuted,6,10.199818,0.95,1,1,1,174.25005112823686,458.4829330444336,264.70763344513745,0.6679306358098984,0.39383358,482.3195,10,164,7.476674999998541,15.1998205,5.000003,69.81654999999995,0.5,0.5068892240524292,uniform,uniform,10,0.0,0.0,0.0,1,3-2-1-0
independent,2345,vehicle_id_permuted,7,8.026955,0.90000004,2,1,1,177.95536249876022,461.2122631072998,270.07251183191937,0.5659710556268692,0.66836786,670.548,10,164,7.476674999998541,18.026955,10.0,69.81654999999995,0.5,0.5068892240524292,uniform,uniform,10,0.0,0.0,0.0,1,3-2-1-0
independent,2345,vehicle_id_permuted,8,9.881323,0.75,5,5,5,145.15973591804504,407.2180652618408,212.32455205917358,0.6136842370033264,0.58449286,549.7264,10,164,7.476674999998541,34.881325,25.000002,69.81654999999995,0.5,0.5068892240524292,uniform,uniform,10,0.0,0.0,0.0,1,3-2-1-0
independent,2345,vehicle_id_permuted,9,9.5767565,0.75,5,4,4,178.2078958749771,464.11251068115234,244.31218457221985,0.6167253494262696,0.60322607,575.99994,10,164,7.476674999998541,34.576756,25.0,69.81654999999995,0.5,0.5068892240524292,uniform,uniform,10,0.0,0.0,0.0,1,3-2-1-0
independent,2345,vehicle_id_permuted,10,7.6740274,0.90000004,2,2,2,141.79520418246588,470.3594398498535,215.4938018321991,0.5826886832714081,0.5986903,647.5971,10,164,7.476674999998541,17.67403,10.000003,69.81654999999995,0.5,0.5068892240524292,uniform,uniform,10,0.0,0.0,0.0,1,3-2-1-0
independent,2345,vehicle_id_permuted,11,7.063983,0.85,3,3,3,134.3967506289482,395.89619636535645,216.0049215485068,0.5135536193847656,0.77989495,741.97723,10,164,7.476674999998541,22.063984,15.000001,69.81654999999995,0.5,0.5068892240524292,uniform,uniform,10,0.0,0.0,0.0,1,3-2-1-0
independent,2345,vehicle_id_permuted,12,13.746499,0.85,3,1,1,110.53865643108593,411.189022064209,218.70215514126946,0.8162579536437988,0.089060284,160.78484,10,164,7.476674999998541,28.746498,14.999999,69.81654999999995,0.5,0.5068892240524292,uniform,uniform,10,0.0,0.0,0.0,1,3-2-1-0
independent,2345,vehicle_id_permuted,13,6.839553,0.8,4,4,4,150.16476083546877,469.7245788574219,262.28492975234985,0.4939837694168091,0.6966542,817.2758,10,164,7.476674999998541,26.839554,20.0,69.81654999999995,0.5,0.5068892240524292,uniform,uniform,10,0.0,0.0,0.0,1,3-2-1-0
independent,2345,vehicle_id_permuted,14,10.213435,0.75,5,4,4,201.30435729026794,445.15514373779297,299.3716244697571,0.6352486789226532,0.58741254,527.99994,10,164,7.476674999998541,35.21344,25.000004,69.81654999999995,0.5,0.5068892240524292,uniform,uniform,10,0.0,0.0,0.0,1,3-2-1-0
independent,2345,vehicle_id_permuted,15,8.127787,0.85,3,3,3,159.61867795271033,454.81761932373047,233.79300250726587,0.570061418414116,0.71574056,665.2214,10,164,7.476674999998541,23.127789,15.000002,69.81654999999995,0.5,0.5068892240524292,uniform,uniform,10,0.0,0.0,0.0,1,3-2-1-0
independent,2345,vehicle_id_permuted,16,10.112302,0.75,5,4,4,179.3231953382492,449.21393394470215,281.96077489852905,0.6001729398965836,0.501251,595.8215,10,164,7.476674999998541,35.112305,25.000004,69.81654999999995,0.5,0.5068892240524292,uniform,uniform,10,0.0,0.0,0.0,1,3-2-1-0
independent,2345,vehicle_id_permuted,17,8.65777,0.8,4,4,4,121.65077839046717,438.3739185333252,217.15499013662338,0.5506749838590622,0.51801586,677.07806,10,164,7.476674999998541,28.657772,20.000002,69.81654999999995,0.5,0.5068892240524292,uniform,uniform,10,0.0,0.0,0.0,1,3-2-1-0
independent,2345,vehicle_id_permuted,18,8.370904,0.85,3,3,3,163.89448022141175,447.1020698547363,252.122298969942,0.5359160482883454,0.71927196,725.3995,10,164,7.476674999998541,23.370907,15.000003,69.81654999999995,0.5,0.5068892240524292,uniform,uniform,10,0.0,0.0,0.0,1,3-2-1-0
independent,2345,vehicle_id_permuted,19,7.764509,0.7,6,3,3,145.49328906195504,430.9467601776123,234.64568853378296,0.5170292258262634,0.7158489,735.3041,10,164,7.476674999998541,37.76451,30.000002,69.81654999999995,0.5,0.5068892240524292,uniform,uniform,10,0.0,0.0,0.0,1,3-2-1-0
independent,2345,vehicle_id_permuted,20,8.178142,0.7,6,5,5,132.1228746005467,463.6977767944336,282.9934675352914,0.5185077518224717,0.7525722,768.00006,10,164,7.476674999998541,38.178143,30.0,69.81654999999995,0.5,0.5068892240524292,uniform,uniform,10,0.0,0.0,0.0,1,3-2-1-0
independent,2345,vehicle_id_permuted,21,8.541129,0.4,12,10,10,189.78208780288696,436.8735694885254,272.55953773856163,0.477538400888443,0.84474015,816.00006,10,164,7.476674999998541,68.54112,59.999992,69.81654999999995,0.5,0.5068892240524292,uniform,uniform,10,0.0,0.0,0.0,1,3-2-1-0
independent,2345,vehicle_id_permuted,22,9.315796,0.75,5,4,4,176.8346756696701,477.75455474853516,278.3494987487793,0.5773469090461731,0.5367816,672.00006,10,164,7.476674999998541,34.315792,24.999996,69.81654999999995,0.5,0.5068892240524292,uniform,uniform,10,0.0,0.0,0.0,1,3-2-1-0
independent,2345,vehicle_id_permuted,23,7.755994,0.6,8,8,8,183.62418740987778,464.3524360656738,261.54541432857513,0.4661207735538483,0.7117209,865.4007,10,164,7.476674999998541,47.755997,40.000004,69.81654999999995,0.5,0.5068892240524292,uniform,uniform,10,0.0,0.0,0.0,1,3-2-1-0
independent,2345,vehicle_id_permuted,24,9.119373,0.7,6,5,5,138.002051455634,454.6226406097412,200.2955491202218,0.6179728299379349,0.58573484,564.11487,10,164,7.476674999998541,39.119373,30.0,69.81654999999995,0.5,0.5068892240524292,uniform,uniform,10,0.0,0.0,0.0,1,3-2-1-0
independent,2345,vehicle_id_permuted,25,8.038396,0.65000004,7,4,4,203.6629454447673,449.1280746459961,272.70907842195953,0.5089209318161011,0.6204023,768.00006,10,164,7.476674999998541,43.0384,35.000004,69.81654999999995,0.5,0.5068892240524292,uniform,uniform,10,0.0,0.0,0.0,1,3-2-1-0
independent,2345,vehicle_id_permuted,26,8.11594,0.7,6,6,6,152.74276371513093,469.32738304138184,243.9725431374141,0.5624170631170273,0.7614591,721.40607,10,164,7.476674999998541,38.115936,29.999996,69.81654999999995,0.5,0.5068892240524292,uniform,uniform,10,0.0,0.0,0.0,1,3-2-1-0
independent,2345,vehicle_id_permuted,27,7.287533,0.85,3,2,2,133.95943196380838,435.1714897155762,235.4621765192817,0.5297924220561981,0.63029534,713.9702,10,164,7.476674999998541,22.287533,15.0,69.81654999999995,0.5,0.5068892240524292,uniform,uniform,10,0.0,0.0,0.0,1,3-2-1-0
independent,2345,vehicle_id_permuted,28,8.476081,0.8,4,3,3,147.4753886461258,461.8355655670166,245.1637713611126,0.5952286809682846,0.6298442,614.99664,10,164,7.476674999998541,28.47608,20.0,69.81654999999995,0.5,0.5068892240524292,uniform,uniform,10,0.0,0.0,0.0,1,3-2-1-0
independent,2345,vehicle_id_permuted,29,6.997645,0.65000004,7,5,5,138.90039957486667,396.0611915588379,247.7262783050537,0.42819902300834656,0.8687445,905.85803,10,164,7.476674999998541,41.99765,35.000004,69.81654999999995,0.5,0.5068892240524292,uniform,uniform,10,0.0,0.0,0.0,1,3-2-1-0
independent,2345,vehicle_id_permuted,30,10.31367,0.75,5,4,4,140.77998042106628,447.59044647216797,228.91954946517944,0.6546654343605042,0.41929895,486.63293,10,164,7.476674999998541,35.31367,25.0,69.81654999999995,0.5,0.5068892240524292,uniform,uniform,10,0.0,0.0,0.0,1,3-2-1-0
independent,2345,vehicle_id_permuted,31,10.023142,0.75,5,5,5,142.95754027366638,457.85144805908203,259.149555683136,0.5892436683177948,0.48311827,624.00006,10,164,7.476674999998541,35.023144,25.000002,69.81654999999995,0.5,0.5068892240524292,uniform,uniform,10,0.0,0.0,0.0,1,3-2-1-0
independent,2345,vehicle_id_permuted,32,9.021323,0.65000004,7,6,6,201.5022116440993,408.1702709197998,254.39806112876306,0.571801483631134,0.64284265,630.1413,10,164,7.476674999998541,44.021328,35.000004,69.81654999999995,0.5,0.5068892240524292,uniform,uniform,10,0.0,0.0,0.0,1,3-2-1-0
independent,2345,vehicle_id_permuted,33,6.2378216,0.6,8,8,8,147.53800630569458,456.9275093078613,234.45906281471252,0.41645345389842986,1.0118892,964.63385,10,164,7.476674999998541,46.23782,40.0,69.81654999999995,0.5,0.5068892240524292,uniform,uniform,10,0.0,0.0,0.0,1,3-2-1-0
independent,2345,vehicle_id_permuted,34,8.691894,0.75,5,4,4,134.24952173233032,390.9162139892578,226.37064051628113,0.5361576080322266,0.6623493,698.5776,10,164,7.476674999998541,33.691895,25.0,69.81654999999995,0.5,0.5068892240524292,uniform,uniform,10,0.0,0.0,0.0,1,3-2-1-0
independent,2345,vehicle_id_permuted,35,8.454046,0.8,4,4,4,147.87494709715247,456.3882637023926,258.4632794559002,0.5578509509563446,0.6587312,681.31464,10,164,7.476674999998541,28.454044,19.999998,69.81654999999995,0.5,0.5068892240524292,uniform,uniform,10,0.0,0.0,0.0,1,3-2-1-0
independent,2345,vehicle_id_permuted,36,8.226798,0.65000004,7,7,7,147.0584763930394,385.1831245422363,211.51122093200684,0.527428388595581,0.63138294,715.33765,10,164,7.476674999998541,43.2268,35.0,69.81654999999995,0.5,0.5068892240524292,uniform,uniform,10,0.0,0.0,0.0,1,3-2-1-0
independent,2345,vehicle_id_permuted,37,9.48,0.7,6,4,4,195.81894763878412,442.7829837799072,272.6399384226118,0.5806161850690842,0.60226065,624.00006,10,164,7.476674999998541,39.48,30.0,69.81654999999995,0.5,0.5068892240524292,uniform,uniform,10,0.0,0.0,0.0,1,3-2-1-0
independent,2345,vehicle_id_permuted,38,8.275453,0.65000004,7,7,7,204.09784665474524,477.73183822631836,285.93190945111786,0.5178550809621811,0.6586036,786.0276,10,164,7.476674999998541,43.27545,35.0,69.81654999999995,0.5,0.5068892240524292,uniform,uniform,10,0.0,0.0,0.0,1,3-2-1-0
independent,2345,vehicle_id_permuted,39,9.739441,0.65000004,7,6,6,196.37405193769015,428.95331382751465,270.0958255621103,0.5661166906356812,0.65667605,641.0561,10,164,7.476674999998541,44.739437,34.999996,69.81654999999995,0.5,0.5068892240524292,uniform,uniform,10,0.0,0.0,0.0,1,3-2-1-0
independent,2345,vehicle_id_permuted,40,9.030521,0.8,4,4,4,154.28387749940157,441.36022567749023,254.27015617489815,0.6048752009868622,0.59642565,575.99994,10,164,7.476674999998541,29.030523,20.000002,69.81654999999995,0.5,0.5068892240524292,uniform,uniform,10,0.0,0.0,0.0,1,3-2-1-0
independent,2345,vehicle_id_permuted,41,7.082921,0.7,6,5,5,193.67698475718498,459.9734687805176,291.46742258753096,0.46336412727832793,0.91389334,871.9584,10,164,7.476674999998541,37.082924,30.000004,69.81654999999995,0.5,0.5068892240524292,uniform,uniform,10,0.0,0.0,0.0,1,3-2-1-0
independent,2345,vehicle_id_permuted,42,6.806298,0.8,4,3,3,135.8082975447178,465.82305908203125,236.01864382624626,0.5195067167282105,0.72709364,764.3703,10,164,7.476674999998541,26.806297,20.0,69.81654999999995,0.5,0.5068892240524292,uniform,uniform,10,0.0,0.0,0.0,1,3-2-1-0
independent,2345,vehicle_id_permuted,43,6.686172,0.65000004,7,2,2,116.3296219935784,444.2662525177002,216.60748408390924,0.45454088747501376,0.93693745,867.548,10,164,7.476674999998541,41.68617,34.999996,69.81654999999995,0.5,0.5068892240524292,uniform,uniform,10,0.0,0.0,0.0,1,3-2-1-0
independent,2345,vehicle_id_permuted,44,8.745604,0.7,6,6,6,117.72604372884545,419.4686222076416,234.89271410873957,0.5379099249839783,0.64926064,695.2131,10,164,7.476674999998541,38.745605,30.000002,69.81654999999995,0.5,0.5068892240524292,uniform,uniform,10,0.0,0.0,0.0,1,3-2-1-0
independent,2345,vehicle_id_permuted,45,11.233185,0.85,3,3,3,141.6554048832725,477.94718742370605,226.10007594613467,0.6843477070331574,0.38237718,480.49518,10,164,7.476674999998541,26.233189,15.000004,69.81654999999995,0.5,0.5068892240524292,uniform,uniform,10,0.0,0.0,0.0,1,3-2-1-0
independent,2345,vehicle_id_permuted,46,7.643441,0.8,4,4,4,124.17803451418877,465.2929401397705,234.70077574253082,0.5670126765966416,0.61877894,672.6287,10,164,7.476674999998541,27.64344,20.0,69.81654999999995,0.5,0.5068892240524292,uniform,uniform,10,0.0,0.0,0.0,1,3-2-1-0
independent,2345,vehicle_id_permuted,47,9.116025,0.75,5,4,4,162.27637612819672,429.13744926452637,232.58638858795166,0.5746899247169495,0.6265579,624.5955,10,164,7.476674999998541,34.116024,25.0,69.81654999999995,0.5,0.5068892240524292,uniform,uniform,10,0.0,0.0,0.0,1,3-2-1-0
independent,2345,vehicle_id_permuted,48,6.525214,0.7,6,3,3,151.95747166872025,476.1738109588623,240.79652973583765,0.44932050406932833,1.0239002,909.4787,10,164,7.476674999998541,36.525215,30.0,69.81654999999995,0.5,0.5068892240524292,uniform,uniform,10,0.0,0.0,0.0,1,3-2-1-0
independent,2345,vehicle_id_permuted,49,8.706421,0.75,5,4,4,133.0639923810959,448.0026054382324,230.78461861610413,0.5831482946872711,0.609752,624.35803,10,164,7.476674999998541,33.70642,25.0,69.81654999999995,0.5,0.5068892240524292,uniform,uniform,10,0.0,0.0,0.0,1,3-2-1-0
independent,2345,vehicle_id_permuted,50,8.337688,0.85,3,3,3,202.23726321669187,476.5536117553711,302.5876820788664,0.5897243797779084,0.6646246,672.00006,10,164,7.476674999998541,23.33769,15.000002,69.81654999999995,0.5,0.5068892240524292,uniform,uniform,10,0.0,0.0,0.0,1,3-2-1-0
independent,2345,vehicle_id_permuted,51,8.828625,0.7,6,6,6,150.22593191691809,463.17352294921875,235.23886697632926,0.5811594903469086,0.63336897,661.2213,10,164,7.476674999998541,38.82863,30.000004,69.81654999999995,0.5,0.5068892240524292,uniform,uniform,10,0.0,0.0,0.0,1,3-2-1-0
independent,2345,vehicle_id_permuted,52,9.429669,0.6,8,8,8,178.67617279291153,470.02684593200684,305.35119116306305,0.5714280635118485,0.6706543,672.00006,10,164,7.476674999998541,49.429672,40.000004,69.81654999999995,0.5,0.5068892240524292,uniform,uniform,10,0.0,0.0,0.0,1,3-2-1-0
independent,2345,vehicle_id_permuted,53,8.518963,0.85,3,1,1,133.48136186599731,460.59725761413574,241.34221883381113,0.5652850449085236,0.64199257,675.39667,10,164,7.476674999998541,23.518963,15.0,69.81654999999995,0.5,0.5068892240524292,uniform,uniform,10,0.0,0.0,0.0,1,3-2-1-0
independent,2345,vehicle_id_permuted,54,7.894669,0.75,5,4,4,165.62321174144745,429.79591369628906,228.1723449230194,0.49618300795555115,0.724231,775.3288,10,164,7.476674999998541,32.89467,25.0,69.81654999999995,0.5,0.5068892240524292,uniform,uniform,10,0.0,0.0,0.0,1,3-2-1-0
independent,2345,vehicle_id_permuted,55,9.869577,0.75,5,5,5,138.07875394821167,413.46190452575684,203.7307198047638,0.6135196685791016,0.36458468,550.04224,10,164,7.476674999998541,34.86958,25.000002,69.81654999999995,0.5,0.5068892240524292,uniform,uniform,10,0.0,0.0,0.0,1,3-2-1-0
independent,2345,vehicle_id_permuted,56,10.014361,0.85,3,1,1,118.61431507503285,410.5549907684326,232.52914414686316,0.6137688755989075,0.5156764,549.5639,10,164,7.476674999998541,25.014362,15.000001,69.81654999999995,0.5,0.5068892240524292,uniform,uniform,10,0.0,0.0,0.0,1,3-2-1-0
independent,2345,vehicle_id_permuted,57,8.738836,0.75,5,5,5,172.60814905166626,438.6061191558838,258.93794202804565,0.5483164966106415,0.65595436,685.37836,10,164,7.476674999998541,33.738834,24.999998,69.81654999999995,0.5,0.5068892240524292,uniform,uniform,10,0.0,0.0,0.0,1,3-2-1-0
independent,2345,vehicle_id_permuted,58,9.032084,0.5,10,9,9,180.24485564231873,465.8593940734863,249.40050601959229,0.4926351845264435,0.80353636,816.00006,10,164,7.476674999998541,59.03208,49.999996,69.81654999999995,0.5,0.5068892240524292,uniform,uniform,10,0.0,0.0,0.0,1,3-2-1-0
independent,2345,vehicle_id_permuted,59,10.13,0.7,6,6,6,247.91283130645752,459.58651542663574,297.978903395789,0.589368024468422,0.5088373,624.00006,10,164,7.476674999998541,40.13,30.0,69.81654999999995,0.5,0.5068892240524292,uniform,uniform,10,0.0,0.0,0.0,1,3-2-1-0
independent,2345,vehicle_id_permuted,0,10.043837,0.95,1,1,1,184.90727785386537,434.3272876739502,232.6767494803981,0.6606834024190903,0.38347217,461.81522,10,164,7.160993333334886,15.043833,4.999996,66.53039333333292,0.5,0.5068892240524292,uniform,uniform,10,0.0,0.0,0.0,2,3-2-0-1
independent,2345,vehicle_id_permuted,1,9.322171,0.7,6,4,4,165.43671905994415,472.4655246734619,256.1160498006003,0.5920007258653641,0.6451117,672.00006,10,164,7.160993333334886,39.322166,29.999996,66.53039333333292,0.5,0.5068892240524292,uniform,uniform,10,0.0,0.0,0.0,2,3-2-0-1
independent,2345,vehicle_id_permuted,2,9.861722,0.65000004,7,7,7,174.53938227433426,442.8430938720703,269.65468883514404,0.5806474924087525,0.55973625,624.00006,10,164,7.160993333334886,44.861717,34.999996,66.53039333333292,0.5,0.5068892240524292,uniform,uniform,10,0.0,0.0,0.0,2,3-2-0-1
independent,2345,vehicle_id_permuted,3,6.809571,0.65000004,7,7,7,169.05526440877182,453.0640125274658,295.4884176987868,0.4461566597223282,0.741096,892.44336,10,164,7.160993333334886,41.80957,35.0,66.53039333333292,0.5,0.5068892240524292,uniform,uniform,10,0.0,0.0,0.0,2,3-2-0-1
independent,2345,vehicle_id_permuted,4,8.1,0.90000004,2,2,2,152.16867804527283,478.38340759277344,294.72471475601196,0.5857315629720687,0.7019687,720.00006,10,164,7.160993333334886,18.099998,9.999998,66.53039333333292,0.5,0.5068892240524292,uniform,uniform,10,0.0,0.0,0.0,2,3-2-0-1
independent,2345,vehicle_id_permuted,5,8.304958,0.7,6,5,5,179.8807609932763,476.38638496398926,263.27066915375843,0.5552194744348526,0.68055606,708.36255,10,164,7.160993333334886,38.304962,30.000004,66.53039333333292,0.5,0.5068892240524292,uniform,uniform,10,0.0,0.0,0.0,2,3-2-0-1
independent,2345,vehicle_id_permuted,6,10.199818,0.95,1,1,1,174.25005112823686,458.4829330444336,264.70763344513745,0.6679306358098984,0.39383358,482.3195,10,164,7.160993333334886,15.199817,4.999999,66.53039333333292,0.5,0.5068892240524292,uniform,uniform,10,0.0,0.0,0.0,2,3-2-0-1
independent,2345,vehicle_id_permuted,7,8.026955,0.90000004,2,1,1,177.95536249876022,461.2122631072998,270.07251183191937,0.5659710556268692,0.66836786,670.548,10,164,7.160993333334886,18.026955,10.0,66.53039333333292,0.5,0.5068892240524292,uniform,uniform,10,0.0,0.0,0.0,2,3-2-0-1
independent,2345,vehicle_id_permuted,8,9.881323,0.75,5,5,5,145.15973591804504,407.2180652618408,212.32455205917358,0.6136842370033264,0.58449286,549.7264,10,164,7.160993333334886,34.881325,25.000002,66.53039333333292,0.5,0.5068892240524292,uniform,uniform,10,0.0,0.0,0.0,2,3-2-0-1
independent,2345,vehicle_id_permuted,9,9.5767565,0.75,5,4,4,178.2078958749771,464.11251068115234,244.31218457221985,0.6167253494262696,0.60322607,575.99994,10,164,7.160993333334886,34.57675,24.999996,66.53039333333292,0.5,0.5068892240524292,uniform,uniform,10,0.0,0.0,0.0,2,3-2-0-1
independent,2345,vehicle_id_permuted,10,7.6740274,0.90000004,2,2,2,141.79520418246588,470.3594398498535,215.4938018321991,0.5826886832714081,0.5986902,647.5971,10,164,7.160993333334886,17.67403,10.000003,66.53039333333292,0.5,0.5068892240524292,uniform,uniform,10,0.0,0.0,0.0,2,3-2-0-1
independent,2345,vehicle_id_permuted,11,7.063983,0.85,3,3,3,134.3967506289482,395.89619636535645,216.0049215485068,0.5135536193847656,0.77989495,741.97723,10,164,7.160993333334886,22.063984,15.000001,66.53039333333292,0.5,0.5068892240524292,uniform,uniform,10,0.0,0.0,0.0,2,3-2-0-1
independent,2345,vehicle_id_permuted,12,13.746499,0.85,3,1,1,110.53865643108593,411.189022064209,218.70215514126946,0.8162579536437988,0.089060284,160.78484,10,164,7.160993333334886,28.746498,14.999999,66.53039333333292,0.5,0.5068892240524292,uniform,uniform,10,0.0,0.0,0.0,2,3-2-0-1
independent,2345,vehicle_id_permuted,13,6.839553,0.8,4,4,4,150.16476083546877,469.7245788574219,262.28492975234985,0.4939837694168091,0.69665414,817.2758,10,164,7.160993333334886,26.83955,19.999996,66.53039333333292,0.5,0.5068892240524292,uniform,uniform,10,0.0,0.0,0.0,2,3-2-0-1
independent,2345,vehicle_id_permuted,14,10.213435,0.75,5,4,4,201.30435729026794,445.15514373779297,299.3716244697571,0.6352486789226532,0.5874126,527.99994,10,164,7.160993333334886,35.213436,25.0,66.53039333333292,0.5,0.5068892240524292,uniform,uniform,10,0.0,0.0,0.0,2,3-2-0-1
independent,2345,vehicle_id_permuted,15,8.127787,0.85,3,3,3,159.61867795271033,454.81761932373047,233.79300250726587,0.570061418414116,0.7157405,665.2214,10,164,7.160993333334886,23.127789,15.000002,66.53039333333292,0.5,0.5068892240524292,uniform,uniform,10,0.0,0.0,0.0,2,3-2-0-1
independent,2345,vehicle_id_permuted,16,10.112302,0.75,5,4,4,179.3231953382492,449.21393394470215,281.96077489852905,0.6001729398965836,0.501251,595.8215,10,164,7.160993333334886,35.112305,25.000004,66.53039333333292,0.5,0.5068892240524292,uniform,uniform,10,0.0,0.0,0.0,2,3-2-0-1
independent,2345,vehicle_id_permuted,17,8.65777,0.8,4,4,4,121.65077839046717,438.3739185333252,217.15499013662338,0.5506749838590622,0.51801586,677.07806,10,164,7.160993333334886,28.657774,20.000004,66.53039333333292,0.5,0.5068892240524292,uniform,uniform,10,0.0,0.0,0.0,2,3-2-0-1
independent,2345,vehicle_id_permuted,18,8.370904,0.85,3,3,3,163.89448022141175,447.1020698547363,252.122298969942,0.5359160482883454,0.719272,725.3995,10,164,7.160993333334886,23.370903,14.999999,66.53039333333292,0.5,0.5068892240524292,uniform,uniform,10,0.0,0.0,0.0,2,3-2-0-1
independent,2345,vehicle_id_permuted,19,7.764509,0.7,6,3,3,145.49328906195504,430.9467601776123,234.64568853378296,0.5170292258262634,0.7158489,735.3041,10,164,7.160993333334886,37.76451,30.000002,66.53039333333292,0.5,0.5068892240524292,uniform,uniform,10,0.0,0.0,0.0,2,3-2-0-1
independent,2345,vehicle_id_permuted,20,8.178142,0.7,6,5,5,132.1228746005467,463.6977767944336,282.9934675352914,0.5185077518224717,0.7525722,768.00006,10,164,7.160993333334886,38.178143,30.0,66.53039333333292,0.5,0.5068892240524292,uniform,uniform,10,0.0,0.0,0.0,2,3-2-0-1
independent,2345,vehicle_id_permuted,21,8.541129,0.4,12,10,10,189.78208780288696,436.8735694885254,272.55953773856163,0.477538400888443,0.84474015,816.00006,10,164,7.160993333334886,68.54112,59.999992,66.53039333333292,0.5,0.5068892240524292,uniform,uniform,10,0.0,0.0,0.0,2,3-2-0-1
independent,2345,vehicle_id_permuted,22,9.315796,0.75,5,4,4,176.8346756696701,477.75455474853516,278.3494987487793,0.5773469090461731,0.5367816,672.00006,10,164,7.160993333334886,34.315796,25.0,66.53039333333292,0.5,0.5068892240524292,uniform,uniform,10,0.0,0.0,0.0,2,3-2-0-1
independent,2345,vehicle_id_permuted,23,7.755994,0.6,8,8,8,183.62418740987778,464.3524360656738,261.54541432857513,0.4661207735538483,0.7117209,865.4007,10,164,7.160993333334886,47.755997,40.000004,66.53039333333292,0.5,0.5068892240524292,uniform,uniform,10,0.0,0.0,0.0,2,3-2-0-1
independent,2345,vehicle_id_permuted,24,9.119373,0.7,6,5,5,138.002051455634,454.6226406097412,200.2955491202218,0.6179728299379349,0.58573484,564.11487,10,164,7.160993333334886,39.11937,29.999996,66.53039333333292,0.5,0.5068892240524292,uniform,uniform,10,0.0,0.0,0.0,2,3-2-0-1
independent,2345,vehicle_id_permuted,25,8.038396,0.65000004,7,4,4,203.6629454447673,449.1280746459961,272.70907842195953,0.5089209318161011,0.6204023,768.00006,10,164,7.160993333334886,43.03839,34.999996,66.53039333333292,0.5,0.5068892240524292,uniform,uniform,10,0.0,0.0,0.0,2,3-2-0-1
independent,2345,vehicle_id_permuted,26,8.11594,0.7,6,6,6,152.74276371513093,469.32738304138184,243.9725431374141,0.5624170631170273,0.7614591,721.40607,10,164,7.160993333334886,38.11594,30.0,66.53039333333292,0.5,0.5068892240524292,uniform,uniform,10,0.0,0.0,0.0,2,3-2-0-1
independent,2345,vehicle_id_permuted,27,7.287533,0.85,3,2,2,133.95943196380838,435.1714897155762,235.4621765192817,0.5297924220561981,0.63029534,713.9702,10,164,7.160993333334886,22.287533,15.0,66.53039333333292,0.5,0.5068892240524292,uniform,uniform,10,0.0,0.0,0.0,2,3-2-0-1
independent,2345,vehicle_id_permuted,28,8.476081,0.8,4,3,3,147.4753886461258,461.8355655670166,245.1637713611126,0.5952286809682846,0.62984425,614.99664,10,164,7.160993333334886,28.476078,19.999996,66.53039333333292,0.5,0.5068892240524292,uniform,uniform,10,0.0,0.0,0.0,2,3-2-0-1
independent,2345,vehicle_id_permuted,29,6.997645,0.65000004,7,5,5,138.90039957486667,396.0611915588379,247.7262783050537,0.42819902300834656,0.8687445,905.85803,10,164,7.160993333334886,41.99765,35.000004,66.53039333333292,0.5,0.5068892240524292,uniform,uniform,10,0.0,0.0,0.0,2,3-2-0-1
independent,2345,vehicle_id_permuted,30,10.31367,0.75,5,4,4,140.77998042106628,447.59044647216797,228.91954946517944,0.6546654343605042,0.41929895,486.63293,10,164,7.160993333334886,35.313667,24.999996,66.53039333333292,0.5,0.5068892240524292,uniform,uniform,10,0.0,0.0,0.0,2,3-2-0-1
independent,2345,vehicle_id_permuted,31,10.023142,0.75,5,5,5,142.95754027366638,457.85144805908203,259.149555683136,0.5892436683177948,0.48311827,624.00006,10,164,7.160993333334886,35.02314,24.999998,66.53039333333292,0.5,0.5068892240524292,uniform,uniform,10,0.0,0.0,0.0,2,3-2-0-1
independent,2345,vehicle_id_permuted,32,9.021323,0.65000004,7,6,6,201.5022116440993,408.1702709197998,254.39806112876306,0.571801483631134,0.64284265,630.1413,10,164,7.160993333334886,44.021324,35.0,66.53039333333292,0.5,0.5068892240524292,uniform,uniform,10,0.0,0.0,0.0,2,3-2-0-1
independent,2345,vehicle_id_permuted,33,6.2378216,0.6,8,8,8,147.53800630569458,456.9275093078613,234.45906281471252,0.41645345389842986,1.0118893,964.63385,10,164,7.160993333334886,46.237816,39.999992,66.53039333333292,0.5,0.5068892240524292,uniform,uniform,10,0.0,0.0,0.0,2,3-2-0-1
independent,2345,vehicle_id_permuted,34,8.691894,0.75,5,4,4,134.24952173233032,390.9162139892578,226.37064051628113,0.5361576080322266,0.6623493,698.5776,10,164,7.160993333334886,33.69189,24.999996,66.53039333333292,0.5,0.5068892240524292,uniform,uniform,10,0.0,0.0,0.0,2,3-2-0-1
independent,2345,vehicle_id_permuted,35,8.454046,0.8,4,4,4,147.87494709715247,456.3882637023926,258.4632794559002,0.5578509509563446,0.6587312,681.31464,10,164,7.160993333334886,28.454044,19.999998,66.53039333333292,0.5,0.5068892240524292,uniform,uniform,10,0.0,0.0,0.0,2,3-2-0-1
independent,2345,vehicle_id_permuted,36,8.226798,0.65000004,7,7,7,147.0584763930394,385.1831245422363,211.51122093200684,0.527428388595581,0.6313829,715.33765,10,164,7.160993333334886,43.2268,35.0,66.53039333333292,0.5,0.5068892240524292,uniform,uniform,10,0.0,0.0,0.0,2,3-2-0-1
independent,2345,vehicle_id_permuted,37,9.48,0.7,6,4,4,195.81894763878412,442.7829837799072,272.6399384226118,0.5806161850690842,0.6022607,624.00006,10,164,7.160993333334886,39.480003,30.000004,66.53039333333292,0.5,0.5068892240524292,uniform,uniform,10,0.0,0.0,0.0,2,3-2-0-1
independent,2345,vehicle_id_permuted,38,8.275453,0.65000004,7,7,7,204.09784665474524,477.73183822631836,285.93190945111786,0.5178550809621811,0.65860355,786.0276,10,164,7.160993333334886,43.27545,35.0,66.53039333333292,0.5,0.5068892240524292,uniform,uniform,10,0.0,0.0,0.0,2,3-2-0-1
independent,2345,vehicle_id_permuted,39,9.739441,0.65000004,7,6,6,196.37405193769015,428.95331382751465,270.0958255621103,0.5661166906356812,0.656676,641.0561,10,164,7.160993333334886,44.73944,35.0,66.53039333333292,0.5,0.5068892240524292,uniform,uniform,10,0.0,0.0,0.0,2,3-2-0-1
independent,2345,vehicle_id_permuted,40,9.030521,0.8,4,4,4,154.28387749940157,441.36022567749023,254.27015617489815,0.6048752009868622,0.59642565,575.99994,10,164,7.160993333334886,29.030521,20.0,66.53039333333292,0.5,0.5068892240524292,uniform,uniform,10,0.0,0.0,0.0,2,3-2-0-1
independent,2345,vehicle_id_permuted,41,7.082921,0.7,6,5,5,193.67698475718498,459.9734687805176,291.46742258753096,0.46336412727832793,0.91389334,871.9584,10,164,7.160993333334886,37.082924,30.000004,66.53039333333292,0.5,0.5068892240524292,uniform,uniform,10,0.0,0.0,0.0,2,3-2-0-1
independent,2345,vehicle_id_permuted,42,6.806298,0.8,4,3,3,135.8082975447178,465.82305908203125,236.01864382624626,0.5195067167282105,0.72709376,764.3703,10,164,7.160993333334886,26.806297,20.0,66.53039333333292,0.5,0.5068892240524292,uniform,uniform,10,0.0,0.0,0.0,2,3-2-0-1
independent,2345,vehicle_id_permuted,43,6.686172,0.65000004,7,2,2,116.3296219935784,444.2662525177002,216.60748408390924,0.45454088747501376,0.9369375,867.548,10,164,7.160993333334886,41.68617,34.999996,66.53039333333292,0.5,0.5068892240524292,uniform,uniform,10,0.0,0.0,0.0,2,3-2-0-1
independent,2345,vehicle_id_permuted,44,8.745604,0.7,6,6,6,117.72604372884545,419.4686222076416,234.89271410873957,0.5379099249839783,0.64926046,695.2131,10,164,7.160993333334886,38.745605,30.000002,66.53039333333292,0.5,0.5068892240524292,uniform,uniform,10,0.0,0.0,0.0,2,3-2-0-1
independent,2345,vehicle_id_permuted,45,11.233185,0.85,3,3,3,141.6554048832725,477.94718742370605,226.10007594613467,0.6843477070331574,0.38237718,480.49518,10,164,7.160993333334886,26.233187,15.000002,66.53039333333292,0.5,0.5068892240524292,uniform,uniform,10,0.0,0.0,0.0,2,3-2-0-1
independent,2345,vehicle_id_permuted,46,7.643441,0.8,4,4,4,124.17803451418877,465.2929401397705,234.70077574253082,0.5670126765966416,0.61877894,672.6287,10,164,7.160993333334886,27.64344,20.0,66.53039333333292,0.5,0.5068892240524292,uniform,uniform,10,0.0,0.0,0.0,2,3-2-0-1
independent,2345,vehicle_id_permuted,47,9.116025,0.75,5,4,4,162.27637612819672,429.13744926452637,232.58638858795166,0.5746899247169495,0.6265579,624.5955,10,164,7.160993333334886,34.116024,25.0,66.53039333333292,0.5,0.5068892240524292,uniform,uniform,10,0.0,0.0,0.0,2,3-2-0-1
independent,2345,vehicle_id_permuted,48,6.525214,0.7,6,3,3,151.95747166872025,476.1738109588623,240.79652973583765,0.44932050406932833,1.0239002,909.4787,10,164,7.160993333334886,36.52521,29.999996,66.53039333333292,0.5,0.5068892240524292,uniform,uniform,10,0.0,0.0,0.0,2,3-2-0-1
independent,2345,vehicle_id_permuted,49,8.706421,0.75,5,4,4,133.0639923810959,448.0026054382324,230.78461861610413,0.5831482946872711,0.609752,624.35803,10,164,7.160993333334886,33.70642,25.0,66.53039333333292,0.5,0.5068892240524292,uniform,uniform,10,0.0,0.0,0.0,2,3-2-0-1
independent,2345,vehicle_id_permuted,50,8.337688,0.85,3,3,3,202.23726321669187,476.5536117553711,302.5876820788664,0.5897243797779084,0.6646246,672.00006,10,164,7.160993333334886,23.33769,15.000002,66.53039333333292,0.5,0.5068892240524292,uniform,uniform,10,0.0,0.0,0.0,2,3-2-0-1
independent,2345,vehicle_id_permuted,51,8.828625,0.7,6,6,6,150.22593191691809,463.17352294921875,235.23886697632926,0.5811594903469086,0.63336897,661.2213,10,164,7.160993333334886,38.82863,30.000004,66.53039333333292,0.5,0.5068892240524292,uniform,uniform,10,0.0,0.0,0.0,2,3-2-0-1
independent,2345,vehicle_id_permuted,52,9.429669,0.6,8,8,8,178.67617279291153,470.02684593200684,305.35119116306305,0.5714280635118485,0.6706543,672.00006,10,164,7.160993333334886,49.429672,40.000004,66.53039333333292,0.5,0.5068892240524292,uniform,uniform,10,0.0,0.0,0.0,2,3-2-0-1
independent,2345,vehicle_id_permuted,53,8.518963,0.85,3,1,1,133.48136186599731,460.59725761413574,241.34221883381113,0.5652850449085236,0.6419925,675.39667,10,164,7.160993333334886,23.518963,15.0,66.53039333333292,0.5,0.5068892240524292,uniform,uniform,10,0.0,0.0,0.0,2,3-2-0-1
independent,2345,vehicle_id_permuted,54,7.894669,0.75,5,4,4,165.62321174144745,429.79591369628906,228.1723449230194,0.49618300795555115,0.724231,775.3288,10,164,7.160993333334886,32.89467,25.0,66.53039333333292,0.5,0.5068892240524292,uniform,uniform,10,0.0,0.0,0.0,2,3-2-0-1
independent,2345,vehicle_id_permuted,55,9.869577,0.75,5,5,5,138.07875394821167,413.46190452575684,203.7307198047638,0.6135196685791016,0.36458468,550.04224,10,164,7.160993333334886,34.869576,24.999998,66.53039333333292,0.5,0.5068892240524292,uniform,uniform,10,0.0,0.0,0.0,2,3-2-0-1
independent,2345,vehicle_id_permuted,56,10.014361,0.85,3,1,1,118.61431507503285,410.5549907684326,232.52914414686316,0.6137688755989075,0.5156764,549.5639,10,164,7.160993333334886,25.014362,15.000001,66.53039333333292,0.5,0.5068892240524292,uniform,uniform,10,0.0,0.0,0.0,2,3-2-0-1
independent,2345,vehicle_id_permuted,57,8.738836,0.75,5,5,5,172.60814905166626,438.6061191558838,258.93794202804565,0.5483164966106415,0.65595436,685.37836,10,164,7.160993333334886,33.73884,25.000002,66.53039333333292,0.5,0.5068892240524292,uniform,uniform,10,0.0,0.0,0.0,2,3-2-0-1
independent,2345,vehicle_id_permuted,58,9.032084,0.5,10,9,9,180.24485564231873,465.8593940734863,249.40050601959229,0.4926351845264435,0.80353636,816.00006,10,164,7.160993333334886,59.03208,49.999996,66.53039333333292,0.5,0.5068892240524292,uniform,uniform,10,0.0,0.0,0.0,2,3-2-0-1
independent,2345,vehicle_id_permuted,59,10.13,0.7,6,6,6,247.91283130645752,459.58651542663574,297.978903395789,0.589368024468422,0.5088373,624.00006,10,164,7.160993333334886,40.129993,29.999992,66.53039333333292,0.5,0.5068892240524292,uniform,uniform,10,0.0,0.0,0.0,2,3-2-0-1
independent,2345,vehicle_id_permuted,0,10.043837,0.95,1,1,1,184.90727785386537,434.3272876739502,232.6767494803981,0.6606834024190903,0.38347223,461.81522,10,164,7.861436666666559,15.043833,4.999996,76.56203500000014,0.5,0.5068892240524292,uniform,uniform,10,0.0,0.0,0.0,3,2-1-0-3
independent,2345,vehicle_id_permuted,1,9.322171,0.7,6,4,4,165.43671905994415,472.4655246734619,256.1160498006003,0.5920007258653641,0.6451117,672.00006,10,164,7.861436666666559,39.32217,30.0,76.56203500000014,0.5,0.5068892240524292,uniform,uniform,10,0.0,0.0,0.0,3,2-1-0-3
independent,2345,vehicle_id_permuted,2,9.861722,0.65000004,7,7,7,174.53938227433426,442.8430938720703,269.65468883514404,0.5806474924087525,0.55973625,624.00006,10,164,7.861436666666559,44.861717,34.999996,76.56203500000014,0.5,0.5068892240524292,uniform,uniform,10,0.0,0.0,0.0,3,2-1-0-3
independent,2345,vehicle_id_permuted,3,6.809571,0.65000004,7,7,7,169.05526440877182,453.0640125274658,295.4884176987868,0.4461566895246506,0.741096,892.44336,10,164,7.861436666666559,41.80957,35.0,76.56203500000014,0.5,0.5068892240524292,uniform,uniform,10,0.0,0.0,0.0,3,2-1-0-3
independent,2345,vehicle_id_permuted,4,8.099999,0.90000004,2,2,2,152.16867804527283,478.38340759277344,294.72471475601196,0.585731503367424,0.7019688,720.00006,10,164,7.861436666666559,18.099998,9.999999,76.56203500000014,0.5,0.5068892240524292,uniform,uniform,10,0.0,0.0,0.0,3,2-1-0-3
independent,2345,vehicle_id_permuted,5,8.304958,0.7,6,5,5,179.8807609932763,476.38638496398926,263.27066915375843,0.5552194744348526,0.68055606,708.36255,10,164,7.861436666666559,38.304962,30.000004,76.56203500000014,0.5,0.5068892240524292,uniform,uniform,10,0.0,0.0,0.0,3,2-1-0-3
independent,2345,vehicle_id_permuted,6,10.199818,0.95,1,1,1,174.25005112823686,458.4829330444336,264.70763344513745,0.6679306954145432,0.39383364,482.3195,10,164,7.861436666666559,15.1998205,5.000003,76.56203500000014,0.5,0.5068892240524292,uniform,uniform,10,0.0,0.0,0.0,3,2-1-0-3
independent,2345,vehicle_id_permuted,7,8.026955,0.90000004,2,1,1,177.95536249876022,461.2122631072998,270.07251183191937,0.5659710556268692,0.6683678,670.548,10,164,7.861436666666559,18.026955,10.0,76.56203500000014,0.5,0.5068892240524292,uniform,uniform,10,0.0,0.0,0.0,3,2-1-0-3
independent,2345,vehicle_id_permuted,8,9.881323,0.75,5,5,5,145.15973591804504,407.2180652618408,212.32455205917358,0.6136842370033264,0.58449286,549.7264,10,164,7.861436666666559,34.881325,25.000002,76.56203500000014,0.5,0.5068892240524292,uniform,uniform,10,0.0,0.0,0.0,3,2-1-0-3
independent,2345,vehicle_id_permuted,9,9.5767565,0.75,5,4,4,178.2078958749771,464.11251068115234,244.31218457221985,0.6167253494262696,0.60322607,575.99994,10,164,7.861436666666559,34.576756,25.0,76.56203500000014,0.5,0.5068892240524292,uniform,uniform,10,0.0,0.0,0.0,3,2-1-0-3
independent,2345,vehicle_id_permuted,10,7.6740274,0.90000004,2,2,2,141.79520418246588,470.3594398498535,215.4938018321991,0.5826886832714081,0.5986903,647.59717,10,164,7.861436666666559,17.67403,10.000003,76.56203500000014,0.5,0.5068892240524292,uniform,uniform,10,0.0,0.0,0.0,3,2-1-0-3
independent,2345,vehicle_id_permuted,11,7.063983,0.85,3,3,3,134.3967506289482,395.89619636535645,216.0049215485068,0.5135536193847656,0.77989507,741.97723,10,164,7.861436666666559,22.063984,15.000001,76.56203500000014,0.5,0.5068892240524292,uniform,uniform,10,0.0,0.0,0.0,3,2-1-0-3
independent,2345,vehicle_id_permuted,12,13.746499,0.85,3,1,1,110.53865643108593,411.189022064209,218.70215514126946,0.8162579536437988,0.089060284,160.78484,10,164,7.861436666666559,28.746498,14.999999,76.56203500000014,0.5,0.5068892240524292,uniform,uniform,10,0.0,0.0,0.0,3,2-1-0-3
independent,2345,vehicle_id_permuted,13,6.839553,0.8,4,4,4,150.16476083546877,469.7245788574219,262.28492975234985,0.4939837992191315,0.6966542,817.2758,10,164,7.861436666666559,26.839554,20.0,76.56203500000014,0.5,0.5068892240524292,uniform,uniform,10,0.0,0.0,0.0,3,2-1-0-3
independent,2345,vehicle_id_permuted,14,10.213435,0.75,5,4,4,201.30435729026794,445.15514373779297,299.3716244697571,0.6352486789226532,0.58741254,527.99994,10,164,7.861436666666559,35.21344,25.000004,76.56203500000014,0.5,0.5068892240524292,uniform,uniform,10,0.0,0.0,0.0,3,2-1-0-3
independent,2345,vehicle_id_permuted,15,8.127787,0.85,3,3,3,159.61867795271033,454.81761932373047,233.79300250726587,0.570061418414116,0.71574056,665.2214,10,164,7.861436666666559,23.127789,15.000002,76.56203500000014,0.5,0.5068892240524292,uniform,uniform,10,0.0,0.0,0.0,3,2-1-0-3
independent,2345,vehicle_id_permuted,16,10.112303,0.75,5,4,4,179.3231953382492,449.21393394470215,281.96077489852905,0.6001729398965836,0.5012509,595.8215,10,164,7.861436666666559,35.112305,25.000002,76.56203500000014,0.5,0.5068892240524292,uniform,uniform,10,0.0,0.0,0.0,3,2-1-0-3
independent,2345,vehicle_id_permuted,17,8.657771,0.8,4,4,4,121.65077839046717,438.3739185333252,217.15499013662338,0.5506749838590622,0.51801586,677.07806,10,164,7.861436666666559,28.657772,20.0,76.56203500000014,0.5,0.5068892240524292,uniform,uniform,10,0.0,0.0,0.0,3,2-1-0-3
independent,2345,vehicle_id_permuted,18,8.370905,0.85,3,3,3,163.89448022141175,447.1020698547363,252.122298969942,0.5359160482883454,0.71927196,725.39954,10,164,7.861436666666559,23.370907,15.000002,76.56203500000014,0.5,0.5068892240524292,uniform,uniform,10,0.0,0.0,0.0,3,2-1-0-3
independent,2345,vehicle_id_permuted,19,7.764509,0.7,6,3,3,145.49328906195504,430.9467601776123,234.64568853378296,0.5170292258262634,0.7158489,735.3041,10,164,7.861436666666559,37.76451,30.000002,76.56203500000014,0.5,0.5068892240524292,uniform,uniform,10,0.0,0.0,0.0,3,2-1-0-3
independent,2345,vehicle_id_permuted,20,8.178142,0.7,6,5,5,132.1228746005467,463.6977767944336,282.9934675352914,0.5185077518224717,0.7525722,768.00006,10,164,7.861436666666559,38.178143,30.0,76.56203500000014,0.5,0.5068892240524292,uniform,uniform,10,0.0,0.0,0.0,3,2-1-0-3
independent,2345,vehicle_id_permuted,21,8.541129,0.4,12,10,10,189.78208780288696,436.8735694885254,272.55953773856163,0.477538400888443,0.84474015,816.00006,10,164,7.861436666666559,68.54112,59.999992,76.56203500000014,0.5,0.5068892240524292,uniform,uniform,10,0.0,0.0,0.0,3,2-1-0-3
independent,2345,vehicle_id_permuted,22,9.315796,0.75,5,4,4,176.8346756696701,477.75455474853516,278.3494987487793,0.5773469090461731,0.5367816,672.00006,10,164,7.861436666666559,34.315792,24.999996,76.56203500000014,0.5,0.5068892240524292,uniform,uniform,10,0.0,0.0,0.0,3,2-1-0-3
independent,2345,vehicle_id_permuted,23,7.755994,0.6,8,8,8,183.62418740987778,464.3524360656738,261.54541432857513,0.4661208033561707,0.7117209,865.4007,10,164,7.861436666666559,47.755997,40.000004,76.56203500000014,0.5,0.5068892240524292,uniform,uniform,10,0.0,0.0,0.0,3,2-1-0-3
independent,2345,vehicle_id_permuted,24,9.119373,0.7,6,5,5,138.002051455634,454.6226406097412,200.2955491202218,0.6179728299379349,0.58573484,564.11487,10,164,7.861436666666559,39.119373,30.0,76.56203500000014,0.5,0.5068892240524292,uniform,uniform,10,0.0,0.0,0.0,3,2-1-0-3
independent,2345,vehicle_id_permuted,25,8.038395,0.65000004,7,4,4,203.6629454447673,449.1280746459961,272.70907842195953,0.5089209318161011,0.6204023,768.00006,10,164,7.861436666666559,43.0384,35.000004,76.56203500000014,0.5,0.5068892240524292,uniform,uniform,10,0.0,0.0,0.0,3,2-1-0-3
independent,2345,vehicle_id_permuted,26,8.11594,0.7,6,6,6,152.74276371513093,469.32738304138184,243.9725431374141,0.5624170035123826,0.7614591,721.40607,10,164,7.861436666666559,38.115936,29.999996,76.56203500000014,0.5,0.5068892240524292,uniform,uniform,10,0.0,0.0,0.0,3,2-1-0-3
independent,2345,vehicle_id_permuted,27,7.287533,0.85,3,2,2,133.95943196380838,435.1714897155762,235.4621765192817,0.5297924220561981,0.63029534,713.9702,10,164,7.861436666666559,22.287533,15.0,76.56203500000014,0.5,0.5068892240524292,uniform,uniform,10,0.0,0.0,0.0,3,2-1-0-3
independent,2345,vehicle_id_permuted,28,8.476081,0.8,4,3,3,147.4753886461258,461.8355655670166,245.1637713611126,0.5952286213636399,0.6298442,614.9967,10,164,7.861436666666559,28.47608,20.0,76.56203500000014,0.5,0.5068892240524292,uniform,uniform,10,0.0,0.0,0.0,3,2-1-0-3
independent,2345,vehicle_id_permuted,29,6.997645,0.65000004,7,5,5,138.90039957486667,396.0611915588379,247.7262783050537,0.42819905281066895,0.8687445,905.85803,10,164,7.861436666666559,41.99765,35.000004,76.56203500000014,0.5,0.5068892240524292,uniform,uniform,10,0.0,0.0,0.0,3,2-1-0-3
independent,2345,vehicle_id_permuted,30,10.31367,0.75,5,4,4,140.77998042106628,447.59044647216797,228.91954946517944,0.6546654343605042,0.41929895,486.63293,10,164,7.861436666666559,35.313667,24.999996,76.56203500000014,0.5,0.5068892240524292,uniform,uniform,10,0.0,0.0,0.0,3,2-1-0-3
independent,2345,vehicle_id_permuted,31,10.023142,0.75,5,5,5,142.95754027366638,457.85144805908203,259.149555683136,0.5892436683177948,0.4831182,624.00006,10,164,7.861436666666559,35.023144,25.000002,76.56203500000014,0.5,0.5068892240524292,uniform,uniform,10,0.0,0.0,0.0,3,2-1-0-3
independent,2345,vehicle_id_permuted,32,9.021323,0.65000004,7,6,6,201.5022116440993,408.1702709197998,254.39806112876306,0.571801483631134,0.64284265,630.1413,10,164,7.861436666666559,44.021328,35.000004,76.56203500000014,0.5,0.5068892240524292,uniform,uniform,10,0.0,0.0,0.0,3,2-1-0-3
independent,2345,vehicle_id_permuted,33,6.2378216,0.6,8,8,8,147.53800630569458,456.9275093078613,234.45906281471252,0.41645345389842986,1.0118892,964.63385,10,164,7.861436666666559,46.23782,40.0,76.56203500000014,0.5,0.5068892240524292,uniform,uniform,10,0.0,0.0,0.0,3,2-1-0-3
independent,2345,vehicle_id_permuted,34,8.691894,0.75,5,4,4,134.24952173233032,390.9162139892578,226.37064051628113,0.5361576080322266,0.6623493,698.5776,10,164,7.861436666666559,33.691895,25.0,76.56203500000014,0.5,0.5068892240524292,uniform,uniform,10,0.0,0.0,0.0,3,2-1-0-3
independent,2345,vehicle_id_permuted,35,8.454046,0.8,4,4,4,147.87494709715247,456.3882637023926,258.4632794559002,0.5578509509563446,0.6587312,681.31464,10,164,7.861436666666559,28.454044,19.999998,76.56203500000014,0.5,0.5068892240524292,uniform,uniform,10,0.0,0.0,0.0,3,2-1-0-3
independent,2345,vehicle_id_permuted,36,8.226798,0.65000004,7,7,7,147.0584763930394,385.1831245422363,211.51122093200684,0.527428388595581,0.631383,715.33765,10,164,7.861436666666559,43.2268,35.0,76.56203500000014,0.5,0.5068892240524292,uniform,uniform,10,0.0,0.0,0.0,3,2-1-0-3
independent,2345,vehicle_id_permuted,37,9.4800005,0.7,6,4,4,195.81894763878412,442.7829837799072,272.6399384226118,0.5806161850690842,0.60226065,624.00006,10,164,7.861436666666559,39.48,30.0,76.56203500000014,0.5,0.5068892240524292,uniform,uniform,10,0.0,0.0,0.0,3,2-1-0-3
independent,2345,vehicle_id_permuted,38,8.275453,0.65000004,7,7,7,204.09784665474524,477.73183822631836,285.93190945111786,0.5178550809621811,0.6586036,786.0276,10,164,7.861436666666559,43.27545,35.0,76.56203500000014,0.5,0.5068892240524292,uniform,uniform,10,0.0,0.0,0.0,3,2-1-0-3
independent,2345,vehicle_id_permuted,39,9.73944,0.65000004,7,6,6,196.37405193769015,428.95331382751465,270.0958255621103,0.5661166906356812,0.65667605,641.0561,10,164,7.861436666666559,44.739433,34.999992,76.56203500000014,0.5,0.5068892240524292,uniform,uniform,10,0.0,0.0,0.0,3,2-1-0-3
independent,2345,vehicle_id_permuted,40,9.030521,0.8,4,4,4,154.28387749940157,441.36022567749023,254.27015617489815,0.6048752009868622,0.59642565,575.99994,10,164,7.861436666666559,29.030523,20.000002,76.56203500000014,0.5,0.5068892240524292,uniform,uniform,10,0.0,0.0,0.0,3,2-1-0-3
independent,2345,vehicle_id_permuted,41,7.082921,0.7,6,5,5,193.67698475718498,459.9734687805176,291.46742258753096,0.46336412727832793,0.91389334,871.9584,10,164,7.861436666666559,37.082924,30.000004,76.56203500000014,0.5,0.5068892240524292,uniform,uniform,10,0.0,0.0,0.0,3,2-1-0-3
independent,2345,vehicle_id_permuted,42,6.8062983,0.8,4,3,3,135.8082975447178,465.82305908203125,236.01864382624626,0.5195067167282105,0.72709364,764.3703,10,164,7.861436666666559,26.806297,20.0,76.56203500000014,0.5,0.5068892240524292,uniform,uniform,10,0.0,0.0,0.0,3,2-1-0-3
independent,2345,vehicle_id_permuted,43,6.6861715,0.65000004,7,2,2,116.3296219935784,444.2662525177002,216.60748408390924,0.45454088747501376,0.93693745,867.548,10,164,7.861436666666559,41.68617,34.999996,76.56203500000014,0.5,0.5068892240524292,uniform,uniform,10,0.0,0.0,0.0,3,2-1-0-3
independent,2345,vehicle_id_permuted,44,8.745604,0.7,6,6,6,117.72604372884545,419.4686222076416,234.89271410873957,0.5379099249839783,0.6492606,695.2131,10,164,7.861436666666559,38.745605,30.000002,76.56203500000014,0.5,0.5068892240524292,uniform,uniform,10,0.0,0.0,0.0,3,2-1-0-3
independent,2345,vehicle_id_permuted,45,11.233185,0.85,3,3,3,141.6554048832725,477.94718742370605,226.10007594613467,0.6843477070331574,0.38237718,480.49518,10,164,7.861436666666559,26.233189,15.000004,76.56203500000014,0.5,0.5068892240524292,uniform,uniform,10,0.0,0.0,0.0,3,2-1-0-3
independent,2345,vehicle_id_permuted,46,7.643441,0.8,4,4,4,124.17803451418877,465.2929401397705,234.70077574253082,0.5670126765966416,0.61877894,672.6287,10,164,7.861436666666559,27.64344,20.0,76.56203500000014,0.5,0.5068892240524292,uniform,uniform,10,0.0,0.0,0.0,3,2-1-0-3
independent,2345,vehicle_id_permuted,47,9.116025,0.75,5,4,4,162.27637612819672,429.13744926452637,232.58638858795166,0.5746899247169495,0.6265579,624.5955,10,164,7.861436666666559,34.116024,25.0,76.56203500000014,0.5,0.5068892240524292,uniform,uniform,10,0.0,0.0,0.0,3,2-1-0-3
independent,2345,vehicle_id_permuted,48,6.525214,0.7,6,3,3,151.95747166872025,476.1738109588623,240.79652973583765,0.44932047426700594,1.0239002,909.4787,10,164,7.861436666666559,36.525215,30.0,76.56203500000014,0.5,0.5068892240524292,uniform,uniform,10,0.0,0.0,0.0,3,2-1-0-3
independent,2345,vehicle_id_permuted,49,8.706421,0.75,5,4,4,133.0639923810959,448.0026054382324,230.78461861610413,0.5831482946872711,0.609752,624.35803,10,164,7.861436666666559,33.70642,25.0,76.56203500000014,0.5,0.5068892240524292,uniform,uniform,10,0.0,0.0,0.0,3,2-1-0-3
independent,2345,vehicle_id_permuted,50,8.337688,0.85,3,3,3,202.23726321669187,476.5536117553711,302.5876820788664,0.5897243797779084,0.6646246,672.00006,10,164,7.861436666666559,23.33769,15.000002,76.56203500000014,0.5,0.5068892240524292,uniform,uniform,10,0.0,0.0,0.0,3,2-1-0-3
independent,2345,vehicle_id_permuted,51,8.828625,0.7,6,6,6,150.22593191691809,463.17352294921875,235.23886697632926,0.5811594903469086,0.63336897,661.2213,10,164,7.861436666666559,38.82863,30.000004,76.56203500000014,0.5,0.5068892240524292,uniform,uniform,10,0.0,0.0,0.0,3,2-1-0-3
independent,2345,vehicle_id_permuted,52,9.429669,0.6,8,8,8,178.67617279291153,470.02684593200684,305.35119116306305,0.5714280635118485,0.6706543,672.00006,10,164,7.861436666666559,49.429672,40.000004,76.56203500000014,0.5,0.5068892240524292,uniform,uniform,10,0.0,0.0,0.0,3,2-1-0-3
independent,2345,vehicle_id_permuted,53,8.518963,0.85,3,1,1,133.48136186599731,460.59725761413574,241.34221883381113,0.5652850449085236,0.6419925,675.39667,10,164,7.861436666666559,23.518963,15.0,76.56203500000014,0.5,0.5068892240524292,uniform,uniform,10,0.0,0.0,0.0,3,2-1-0-3
independent,2345,vehicle_id_permuted,54,7.894669,0.75,5,4,4,165.62321174144745,429.79591369628906,228.1723449230194,0.49618303775787354,0.72423106,775.3288,10,164,7.861436666666559,32.89467,25.0,76.56203500000014,0.5,0.5068892240524292,uniform,uniform,10,0.0,0.0,0.0,3,2-1-0-3
independent,2345,vehicle_id_permuted,55,9.869578,0.75,5,5,5,138.07875394821167,413.46190452575684,203.7307198047638,0.6135196685791016,0.36458465,550.04224,10,164,7.861436666666559,34.86958,25.0,76.56203500000014,0.5,0.5068892240524292,uniform,uniform,10,0.0,0.0,0.0,3,2-1-0-3
independent,2345,vehicle_id_permuted,56,10.014362,0.85,3,1,1,118.61431507503285,410.5549907684326,232.52914414686316,0.6137688755989075,0.5156764,549.5639,10,164,7.861436666666559,25.014364,15.000002,76.56203500000014,0.5,0.5068892240524292,uniform,uniform,10,0.0,0.0,0.0,3,2-1-0-3
independent,2345,vehicle_id_permuted,57,8.738836,0.75,5,5,5,172.60814905166626,438.6061191558838,258.93794202804565,0.5483164966106415,0.65595436,685.37836,10,164,7.861436666666559,33.738834,24.999998,76.56203500000014,0.5,0.5068892240524292,uniform,uniform,10,0.0,0.0,0.0,3,2-1-0-3
independent,2345,vehicle_id_permuted,58,9.0320835,0.5,10,9,9,180.24485564231873,465.8593940734863,249.40050601959229,0.4926351845264435,0.80353636,816.00006,10,164,7.861436666666559,59.03208,50.0,76.56203500000014,0.5,0.5068892240524292,uniform,uniform,10,0.0,0.0,0.0,3,2-1-0-3
independent,2345,vehicle_id_permuted,59,10.13,0.7,6,6,6,247.91283130645752,459.58651542663574,297.978903395789,0.589368024468422,0.50883734,624.00006,10,164,7.861436666666559,40.13,30.0,76.56203500000014,0.5,0.5068892240524292,uniform,uniform,10,0.0,0.0,0.0,3,2-1-0-3
independent,2345,vehicle_id_permuted,0,10.043837,0.95,1,1,1,184.90727785386537,434.3272876739502,232.6767494803981,0.6606834024190903,0.38347217,461.81522,10,164,7.008829999999477,15.043835,4.999998,66.81943666666636,0.5,0.5068892240524292,uniform,uniform,10,0.0,0.0,0.0,4,3-0-2-1
independent,2345,vehicle_id_permuted,1,9.322171,0.7,6,4,4,165.43671905994415,472.4655246734619,256.1160498006003,0.5920007258653641,0.6451117,672.00006,10,164,7.008829999999477,39.322166,29.999996,66.81943666666636,0.5,0.5068892240524292,uniform,uniform,10,0.0,0.0,0.0,4,3-0-2-1
independent,2345,vehicle_id_permuted,2,9.861722,0.65000004,7,7,7,174.53938227433426,442.8430938720703,269.65468883514404,0.5806474924087525,0.55973625,624.00006,10,164,7.008829999999477,44.861717,34.999996,66.81943666666636,0.5,0.5068892240524292,uniform,uniform,10,0.0,0.0,0.0,4,3-0-2-1
independent,2345,vehicle_id_permuted,3,6.809571,0.65000004,7,7,7,169.05526440877182,453.0640125274658,295.4884176987868,0.4461566895246506,0.741096,892.44336,10,164,7.008829999999477,41.80957,35.0,66.81943666666636,0.5,0.5068892240524292,uniform,uniform,10,0.0,0.0,0.0,4,3-0-2-1
independent,2345,vehicle_id_permuted,4,8.099999,0.90000004,2,2,2,152.16867804527283,478.38340759277344,294.72471475601196,0.585731503367424,0.7019687,720.00006,10,164,7.008829999999477,18.1,10.000001,66.81943666666636,0.5,0.5068892240524292,uniform,uniform,10,0.0,0.0,0.0,4,3-0-2-1
independent,2345,vehicle_id_permuted,5,8.304958,0.7,6,5,5,179.8807609932763,476.38638496398926,263.27066915375843,0.5552194744348526,0.68055606,708.36255,10,164,7.008829999999477,38.304962,30.000004,66.81943666666636,0.5,0.5068892240524292,uniform,uniform,10,0.0,0.0,0.0,4,3-0-2-1
independent,2345,vehicle_id_permuted,6,10.199818,0.95,1,1,1,174.25005112823686,458.4829330444336,264.70763344513745,0.6679306954145432,0.39383358,482.3195,10,164,7.008829999999477,15.199815,4.999997,66.81943666666636,0.5,0.5068892240524292,uniform,uniform,10,0.0,0.0,0.0,4,3-0-2-1
independent,2345,vehicle_id_permuted,7,8.026955,0.90000004,2,1,1,177.95536249876022,461.2122631072998,270.07251183191937,0.5659710556268692,0.66836786,670.548,10,164,7.008829999999477,18.026955,10.0,66.81943666666636,0.5,0.5068892240524292,uniform,uniform,10,0.0,0.0,0.0,4,3-0-2-1
independent,2345,vehicle_id_permuted,8,9.881323,0.75,5,5,5,145.15973591804504,407.2180652618408,212.32455205917358,0.6136842370033264,0.58449286,549.7264,10,164,7.008829999999477,34.88132,24.999998,66.81943666666636,0.5,0.5068892240524292,uniform,uniform,10,0.0,0.0,0.0,4,3-0-2-1
independent,2345,vehicle_id_permuted,9,9.5767565,0.75,5,4,4,178.2078958749771,464.11251068115234,244.31218457221985,0.6167253494262696,0.60322607,575.99994,10,164,7.008829999999477,34.57675,24.999996,66.81943666666636,0.5,0.5068892240524292,uniform,uniform,10,0.0,0.0,0.0,4,3-0-2-1
independent,2345,vehicle_id_permuted,10,7.6740274,0.90000004,2,2,2,141.79520418246588,470.3594398498535,215.4938018321991,0.5826886832714081,0.5986902,647.5971,10,164,7.008829999999477,17.67403,10.000003,66.81943666666636,0.5,0.5068892240524292,uniform,uniform,10,0.0,0.0,0.0,4,3-0-2-1
independent,2345,vehicle_id_permuted,11,7.063983,0.85,3,3,3,134.3967506289482,395.89619636535645,216.0049215485068,0.5135536193847656,0.77989507,741.97723,10,164,7.008829999999477,22.063984,15.000001,66.81943666666636,0.5,0.5068892240524292,uniform,uniform,10,0.0,0.0,0.0,4,3-0-2-1
independent,2345,vehicle_id_permuted,12,13.746499,0.85,3,1,1,110.53865643108593,411.189022064209,218.70215514126946,0.8162579536437988,0.089060284,160.78484,10,164,7.008829999999477,28.746498,14.999999,66.81943666666636,0.5,0.5068892240524292,uniform,uniform,10,0.0,0.0,0.0,4,3-0-2-1
independent,2345,vehicle_id_permuted,13,6.839553,0.8,4,4,4,150.16476083546877,469.7245788574219,262.28492975234985,0.4939837992191315,0.69665414,817.2758,10,164,7.008829999999477,26.83955,19.999996,66.81943666666636,0.5,0.5068892240524292,uniform,uniform,10,0.0,0.0,0.0,4,3-0-2-1
independent,2345,vehicle_id_permuted,14,10.213435,0.75,5,4,4,201.30435729026794,445.15514373779297,299.3716244697571,0.6352486789226532,0.58741266,527.99994,10,164,7.008829999999477,35.21344,25.000004,66.81943666666636,0.5,0.5068892240524292,uniform,uniform,10,0.0,0.0,0.0,4,3-0-2-1
independent,2345,vehicle_id_permuted,15,8.127787,0.85,3,3,3,159.61867795271033,454.81761932373047,233.79300250726587,0.570061418414116,0.7157405,665.2214,10,164,7.008829999999477,23.127789,15.000002,66.81943666666636,0.5,0.5068892240524292,uniform,uniform,10,0.0,0.0,0.0,4,3-0-2-1
independent,2345,vehicle_id_permuted,16,10.112303,0.75,5,4,4,179.3231953382492,449.21393394470215,281.96077489852905,0.6001729398965836,0.501251,595.8215,10,164,7.008829999999477,35.112305,25.000002,66.81943666666636,0.5,0.5068892240524292,uniform,uniform,10,0.0,0.0,0.0,4,3-0-2-1
independent,2345,vehicle_id_permuted,17,8.657771,0.8,4,4,4,121.65077839046717,438.3739185333252,217.15499013662338,0.5506749838590622,0.51801586,677.07806,10,164,7.008829999999477,28.657774,20.000004,66.81943666666636,0.5,0.5068892240524292,uniform,uniform,10,0.0,0.0,0.0,4,3-0-2-1
independent,2345,vehicle_id_permuted,18,8.370905,0.85,3,3,3,163.89448022141175,447.1020698547363,252.122298969942,0.5359160482883454,0.719272,725.3995,10,164,7.008829999999477,23.370903,14.999998,66.81943666666636,0.5,0.5068892240524292,uniform,uniform,10,0.0,0.0,0.0,4,3-0-2-1
independent,2345,vehicle_id_permuted,19,7.764509,0.7,6,3,3,145.49328906195504,430.9467601776123,234.64568853378296,0.5170292258262634,0.7158489,735.3041,10,164,7.008829999999477,37.764507,29.999998,66.81943666666636,0.5,0.5068892240524292,uniform,uniform,10,0.0,0.0,0.0,4,3-0-2-1
independent,2345,vehicle_id_permuted,20,8.178142,0.7,6,5,5,132.1228746005467,463.6977767944336,282.9934675352914,0.5185077518224717,0.7525722,768.00006,10,164,7.008829999999477,38.178146,30.000004,66.81943666666636,0.5,0.5068892240524292,uniform,uniform,10,0.0,0.0,0.0,4,3-0-2-1
independent,2345,vehicle_id_permuted,21,8.541129,0.4,12,10,10,189.78208780288696,436.8735694885254,272.55953773856163,0.477538400888443,0.84474015,816.00006,10,164,7.008829999999477,68.54112,59.999992,66.81943666666636,0.5,0.5068892240524292,uniform,uniform,10,0.0,0.0,0.0,4,3-0-2-1
independent,2345,vehicle_id_permuted,22,9.315796,0.75,5,4,4,176.8346756696701,477.75455474853516,278.3494987487793,0.5773469090461731,0.5367816,672.00006,10,164,7.008829999999477,34.315792,24.999996,66.81943666666636,0.5,0.5068892240524292,uniform,uniform,10,0.0,0.0,0.0,4,3-0-2-1
independent,2345,vehicle_id_permuted,23,7.755994,0.6,8,8,8,183.62418740987778,464.3524360656738,261.54541432857513,0.4661208033561707,0.7117209,865.4007,10,164,7.008829999999477,47.755997,40.000004,66.81943666666636,0.5,0.5068892240524292,uniform,uniform,10,0.0,0.0,0.0,4,3-0-2-1
independent,2345,vehicle_id_permuted,24,9.119373,0.7,6,5,5,138.002051455634,454.6226406097412,200.2955491202218,0.6179728299379349,0.58573484,564.11487,10,164,7.008829999999477,39.11937,29.999996,66.81943666666636,0.5,0.5068892240524292,uniform,uniform,10,0.0,0.0,0.0,4,3-0-2-1
independent,2345,vehicle_id_permuted,25,8.038395,0.65000004,7,4,4,203.6629454447673,449.1280746459961,272.70907842195953,0.5089209318161011,0.6204023,768.00006,10,164,7.008829999999477,43.03839,34.999996,66.81943666666636,0.5,0.5068892240524292,uniform,uniform,10,0.0,0.0,0.0,4,3-0-2-1
independent,2345,vehicle_id_permuted,26,8.11594,0.7,6,6,6,152.74276371513093,469.32738304138184,243.9725431374141,0.5624170035123826,0.7614591,721.40607,10,164,7.008829999999477,38.11594,30.0,66.81943666666636,0.5,0.5068892240524292,uniform,uniform,10,0.0,0.0,0.0,4,3-0-2-1
independent,2345,vehicle_id_permuted,27,7.287533,0.85,3,2,2,133.95943196380838,435.1714897155762,235.4621765192817,0.5297924220561981,0.63029534,713.9702,10,164,7.008829999999477,22.287533,15.0,66.81943666666636,0.5,0.5068892240524292,uniform,uniform,10,0.0,0.0,0.0,4,3-0-2-1
independent,2345,vehicle_id_permuted,28,8.476081,0.8,4,3,3,147.4753886461258,461.8355655670166,245.1637713611126,0.5952286213636399,0.62984425,614.99664,10,164,7.008829999999477,28.476078,19.999996,66.81943666666636,0.5,0.5068892240524292,uniform,uniform,10,0.0,0.0,0.0,4,3-0-2-1
independent,2345,vehicle_id_permuted,29,6.997645,0.65000004,7,5,5,138.90039957486667,396.0611915588379,247.7262783050537,0.42819905281066895,0.8687445,905.85803,10,164,7.008829999999477,41.99765,35.000004,66.81943666666636,0.5,0.5068892240524292,uniform,uniform,10,0.0,0.0,0.0,4,3-0-2-1
independent,2345,vehicle_id_permuted,30,10.31367,0.75,5,4,4,140.77998042106628,447.59044647216797,228.91954946517944,0.6546654343605042,0.41929892,486.63293,10,164,7.008829999999477,35.313667,24.999996,66.81943666666636,0.5,0.5068892240524292,uniform,uniform,10,0.0,0.0,0.0,4,3-0-2-1
independent,2345,vehicle_id_permuted,31,10.023142,0.75,5,5,5,142.95754027366638,457.85144805908203,259.149555683136,0.5892436683177948,0.48311827,624.00006,10,164,7.008829999999477,35.02314,24.999998,66.81943666666636,0.5,0.5068892240524292,uniform,uniform,10,0.0,0.0,0.0,4,3-0-2-1
independent,2345,vehicle_id_permuted,32,9.021323,0.65000004,7,6,6,201.5022116440993,408.1702709197998,254.39806112876306,0.571801483631134,0.64284265,630.1413,10,164,7.008829999999477,44.021324,35.0,66.81943666666636,0.5,0.5068892240524292,uniform,uniform,10,0.0,0.0,0.0,4,3-0-2-1
independent,2345,vehicle_id_permuted,33,6.2378216,0.6,8,8,8,147.53800630569458,456.9275093078613,234.45906281471252,0.41645345389842986,1.0118892,964.63385,10,164,7.008829999999477,46.237816,39.999992,66.81943666666636,0.5,0.5068892240524292,uniform,uniform,10,0.0,0.0,0.0,4,3-0-2-1
independent,2345,vehicle_id_permuted,34,8.691894,0.75,5,4,4,134.24952173233032,390.9162139892578,226.37064051628113,0.5361576080322266,0.6623492,698.5776,10,164,7.008829999999477,33.69189,24.999996,66.81943666666636,0.5,0.5068892240524292,uniform,uniform,10,0.0,0.0,0.0,4,3-0-2-1
independent,2345,vehicle_id_permuted,35,8.454046,0.8,4,4,4,147.87494709715247,456.3882637023926,258.4632794559002,0.5578509509563446,0.6587312,681.31464,10,164,7.008829999999477,28.454044,19.999998,66.81943666666636,0.5,0.5068892240524292,uniform,uniform,10,0.0,0.0,0.0,4,3-0-2-1
independent,2345,vehicle_id_permuted,36,8.226798,0.65000004,7,7,7,147.0584763930394,385.1831245422363,211.51122093200684,0.527428388595581,0.6313829,715.33765,10,164,7.008829999999477,43.2268,35.0,66.81943666666636,0.5,0.5068892240524292,uniform,uniform,10,0.0,0.0,0.0,4,3-0-2-1
independent,2345,vehicle_id_permuted,37,9.4800005,0.7,6,4,4,195.81894763878412,442.7829837799072,272.6399384226118,0.5806161850690842,0.6022607,624.00006,10,164,7.008829999999477,39.480003,30.000004,66.81943666666636,0.5,0.5068892240524292,uniform,uniform,10,0.0,0.0,0.0,4,3-0-2-1
independent,2345,vehicle_id_permuted,38,8.275453,0.65000004,7,7,7,204.09784665474524,477.73183822631836,285.93190945111786,0.5178550809621811,0.6586036,786.0276,10,164,7.008829999999477,43.27545,35.0,66.81943666666636,0.5,0.5068892240524292,uniform,uniform,10,0.0,0.0,0.0,4,3-0-2-1
independent,2345,vehicle_id_permuted,39,9.73944,0.65000004,7,6,6,196.37405193769015,428.95331382751465,270.0958255621103,0.5661166906356812,0.656676,641.0561,10,164,7.008829999999477,44.739437,34.999996,66.81943666666636,0.5,0.5068892240524292,uniform,uniform,10,0.0,0.0,0.0,4,3-0-2-1
independent,2345,vehicle_id_permuted,40,9.030521,0.8,4,4,4,154.28387749940157,441.36022567749023,254.27015617489815,0.6048752009868622,0.59642565,575.99994,10,164,7.008829999999477,29.030521,20.0,66.81943666666636,0.5,0.5068892240524292,uniform,uniform,10,0.0,0.0,0.0,4,3-0-2-1
independent,2345,vehicle_id_permuted,41,7.082921,0.7,6,5,5,193.67698475718498,459.9734687805176,291.46742258753096,0.46336412727832793,0.91389334,871.9584,10,164,7.008829999999477,37.082924,30.000004,66.81943666666636,0.5,0.5068892240524292,uniform,uniform,10,0.0,0.0,0.0,4,3-0-2-1
independent,2345,vehicle_id_permuted,42,6.8062983,0.8,4,3,3,135.8082975447178,465.82305908203125,236.01864382624626,0.5195067167282105,0.72709376,764.3703,10,164,7.008829999999477,26.806297,20.0,66.81943666666636,0.5,0.5068892240524292,uniform,uniform,10,0.0,0.0,0.0,4,3-0-2-1
independent,2345,vehicle_id_permuted,43,6.6861715,0.65000004,7,2,2,116.3296219935784,444.2662525177002,216.60748408390924,0.45454088747501376,0.93693745,867.548,10,164,7.008829999999477,41.68617,34.999996,66.81943666666636,0.5,0.5068892240524292,uniform,uniform,10,0.0,0.0,0.0,4,3-0-2-1
independent,2345,vehicle_id_permuted,44,8.745604,0.7,6,6,6,117.72604372884545,419.4686222076416,234.89271410873957,0.5379099249839783,0.64926046,695.2131,10,164,7.008829999999477,38.7456,29.999998,66.81943666666636,0.5,0.5068892240524292,uniform,uniform,10,0.0,0.0,0.0,4,3-0-2-1
independent,2345,vehicle_id_permuted,45,11.233185,0.85,3,3,3,141.6554048832725,477.94718742370605,226.10007594613467,0.6843477070331574,0.38237718,480.49518,10,164,7.008829999999477,26.233187,15.000002,66.81943666666636,0.5,0.5068892240524292,uniform,uniform,10,0.0,0.0,0.0,4,3-0-2-1
independent,2345,vehicle_id_permuted,46,7.643441,0.8,4,4,4,124.17803451418877,465.2929401397705,234.70077574253082,0.5670126765966416,0.61877894,672.6287,10,164,7.008829999999477,27.64344,20.0,66.81943666666636,0.5,0.5068892240524292,uniform,uniform,10,0.0,0.0,0.0,4,3-0-2-1
independent,2345,vehicle_id_permuted,47,9.116025,0.75,5,4,4,162.27637612819672,429.13744926452637,232.58638858795166,0.5746899247169495,0.6265579,624.5955,10,164,7.008829999999477,34.116024,25.0,66.81943666666636,0.5,0.5068892240524292,uniform,uniform,10,0.0,0.0,0.0,4,3-0-2-1
independent,2345,vehicle_id_permuted,48,6.525214,0.7,6,3,3,151.95747166872025,476.1738109588623,240.79652973583765,0.44932047426700594,1.0239002,909.4787,10,164,7.008829999999477,36.52521,29.999996,66.81943666666636,0.5,0.5068892240524292,uniform,uniform,10,0.0,0.0,0.0,4,3-0-2-1
independent,2345,vehicle_id_permuted,49,8.706421,0.75,5,4,4,133.0639923810959,448.0026054382324,230.78461861610413,0.5831482946872711,0.609752,624.35803,10,164,7.008829999999477,33.70642,25.0,66.81943666666636,0.5,0.5068892240524292,uniform,uniform,10,0.0,0.0,0.0,4,3-0-2-1
independent,2345,vehicle_id_permuted,50,8.337688,0.85,3,3,3,202.23726321669187,476.5536117553711,302.5876820788664,0.5897243797779084,0.6646246,672.00006,10,164,7.008829999999477,23.337692,15.000004,66.81943666666636,0.5,0.5068892240524292,uniform,uniform,10,0.0,0.0,0.0,4,3-0-2-1
independent,2345,vehicle_id_permuted,51,8.828625,0.7,6,6,6,150.22593191691809,463.17352294921875,235.23886697632926,0.5811594903469086,0.63336897,661.2213,10,164,7.008829999999477,38.82863,30.000004,66.81943666666636,0.5,0.5068892240524292,uniform,uniform,10,0.0,0.0,0.0,4,3-0-2-1
independent,2345,vehicle_id_permuted,52,9.429669,0.6,8,8,8,178.67617279291153,470.02684593200684,305.35119116306305,0.5714280635118485,0.6706543,672.00006,10,164,7.008829999999477,49.429672,40.000004,66.81943666666636,0.5,0.5068892240524292,uniform,uniform,10,0.0,0.0,0.0,4,3-0-2-1
independent,2345,vehicle_id_permuted,53,8.518963,0.85,3,1,1,133.48136186599731,460.59725761413574,241.34221883381113,0.5652850449085236,0.6419925,675.39667,10,164,7.008829999999477,23.518963,15.0,66.81943666666636,0.5,0.5068892240524292,uniform,uniform,10,0.0,0.0,0.0,4,3-0-2-1
independent,2345,vehicle_id_permuted,54,7.894669,0.75,5,4,4,165.62321174144745,429.79591369628906,228.1723449230194,0.49618303775787354,0.724231,775.3288,10,164,7.008829999999477,32.89467,25.0,66.81943666666636,0.5,0.5068892240524292,uniform,uniform,10,0.0,0.0,0.0,4,3-0-2-1
independent,2345,vehicle_id_permuted,55,9.869578,0.75,5,5,5,138.07875394821167,413.46190452575684,203.7307198047638,0.6135196685791016,0.36458462,550.04224,10,164,7.008829999999477,34.86958,25.0,66.81943666666636,0.5,0.5068892240524292,uniform,uniform,10,0.0,0.0,0.0,4,3-0-2-1
independent,2345,vehicle_id_permuted,56,10.014362,0.85,3,1,1,118.61431507503285,410.5549907684326,232.52914414686316,0.6137688755989075,0.5156764,549.5639,10,164,7.008829999999477,25.014362,15.0,66.81943666666636,0.5,0.5068892240524292,uniform,uniform,10,0.0,0.0,0.0,4,3-0-2-1
independent,2345,vehicle_id_permuted,57,8.738836,0.75,5,5,5,172.60814905166626,438.6061191558838,258.93794202804565,0.5483164966106415,0.65595436,685.37836,10,164,7.008829999999477,33.73884,25.000002,66.81943666666636,0.5,0.5068892240524292,uniform,uniform,10,0.0,0.0,0.0,4,3-0-2-1
independent,2345,vehicle_id_permuted,58,9.0320835,0.5,10,9,9,180.24485564231873,465.8593940734863,249.40050601959229,0.4926351845264435,0.80353636,816.00006,10,164,7.008829999999477,59.032078,49.999992,66.81943666666636,0.5,0.5068892240524292,uniform,uniform,10,0.0,0.0,0.0,4,3-0-2-1
independent,2345,vehicle_id_permuted,59,10.13,0.7,6,6,6,247.91283130645752,459.58651542663574,297.978903395789,0.589368024468422,0.5088373,624.00006,10,164,7.008829999999477,40.129997,29.999996,66.81943666666636,0.5,0.5068892240524292,uniform,uniform,10,0.0,0.0,0.0,4,3-0-2-1
independent,2345,vehicle_id_permuted,0,10.043837,0.95,1,1,1,184.90727785386537,434.3272876739502,232.6767494803981,0.6606834024190903,0.38347223,461.81522,10,164,7.7347450000000135,15.043832,4.999995,73.39642833333359,0.5,0.5068892240524292,uniform,uniform,10,0.0,0.0,0.0,5,1-0-2-3
independent,2345,vehicle_id_permuted,1,9.322171,0.7,6,4,4,165.43671905994415,472.4655246734619,256.1160498006003,0.5920007258653641,0.6451117,672.00006,10,164,7.7347450000000135,39.322166,29.999996,73.39642833333359,0.5,0.5068892240524292,uniform,uniform,10,0.0,0.0,0.0,5,1-0-2-3
independent,2345,vehicle_id_permuted,2,9.861722,0.65000004,7,7,7,174.53938227433426,442.8430938720703,269.65468883514404,0.5806474924087525,0.55973625,624.00006,10,164,7.7347450000000135,44.861717,34.999996,73.39642833333359,0.5,0.5068892240524292,uniform,uniform,10,0.0,0.0,0.0,5,1-0-2-3
independent,2345,vehicle_id_permuted,3,6.809571,0.65000004,7,7,7,169.05526440877182,453.0640125274658,295.4884176987868,0.4461566597223282,0.741096,892.44336,10,164,7.7347450000000135,41.80957,35.0,73.39642833333359,0.5,0.5068892240524292,uniform,uniform,10,0.0,0.0,0.0,5,1-0-2-3
independent,2345,vehicle_id_permuted,4,8.1,0.90000004,2,2,2,152.16867804527283,478.38340759277344,294.72471475601196,0.5857315629720687,0.7019687,720.00006,10,164,7.7347450000000135,18.1,10.0,73.39642833333359,0.5,0.5068892240524292,uniform,uniform,10,0.0,0.0,0.0,5,1-0-2-3
independent,2345,vehicle_id_permuted,5,8.304958,0.7,6,5,5,179.8807609932763,476.38638496398926,263.27066915375843,0.5552194744348526,0.68055606,708.36255,10,164,7.7347450000000135,38.30496,30.0,73.39642833333359,0.5,0.5068892240524292,uniform,uniform,10,0.0,0.0,0.0,5,1-0-2-3
independent,2345,vehicle_id_permuted,6,10.199818,0.95,1,1,1,174.25005112823686,458.4829330444336,264.70763344513745,0.6679306358098984,0.39383364,482.3195,10,164,7.7347450000000135,15.199816,4.999998,73.39642833333359,0.5,0.5068892240524292,uniform,uniform,10,0.0,0.0,0.0,5,1-0-2-3
independent,2345,vehicle_id_permuted,7,8.026955,0.90000004,2,1,1,177.95536249876022,461.2122631072998,270.07251183191937,0.5659710556268692,0.66836786,670.548,10,164,7.7347450000000135,18.026953,9.999998,73.39642833333359,0.5,0.5068892240524292,uniform,uniform,10,0.0,0.0,0.0,5,1-0-2-3
independent,2345,vehicle_id_permuted,8,9.881323,0.75,5,5,5,145.15973591804504,407.2180652618408,212.32455205917358,0.6136842370033264,0.58449286,549.7264,10,164,7.7347450000000135,34.881325,25.000002,73.39642833333359,0.5,0.5068892240524292,uniform,uniform,10,0.0,0.0,0.0,5,1-0-2-3
independent,2345,vehicle_id_permuted,9,9.5767565,0.75,5,4,4,178.2078958749771,464.11251068115234,244.31218457221985,0.6167253494262696,0.60322607,575.99994,10,164,7.7347450000000135,34.576756,25.0,73.39642833333359,0.5,0.5068892240524292,uniform,uniform,10,0.0,0.0,0.0,5,1-0-2-3
independent,2345,vehicle_id_permuted,10,7.6740274,0.90000004,2,2,2,141.79520418246588,470.3594398498535,215.4938018321991,0.5826886832714081,0.5986903,647.59717,10,164,7.7347450000000135,17.67403,10.000003,73.39642833333359,0.5,0.5068892240524292,uniform,uniform,10,0.0,0.0,0.0,5,1-0-2-3
independent,2345,vehicle_id_permuted,11,7.063983,0.85,3,3,3,134.3967506289482,395.89619636535645,216.0049215485068,0.5135536193847656,0.77989507,741.97723,10,164,7.7347450000000135,22.063984,15.000001,73.39642833333359,0.5,0.5068892240524292,uniform,uniform,10,0.0,0.0,0.0,5,1-0-2-3
independent,2345,vehicle_id_permuted,12,13.746499,0.85,3,1,1,110.53865643108593,411.189022064209,218.70215514126946,0.8162579536437988,0.089060284,160.78484,10,164,7.7347450000000135,28.746494,14.999995,73.39642833333359,0.5,0.5068892240524292,uniform,uniform,10,0.0,0.0,0.0,5,1-0-2-3
independent,2345,vehicle_id_permuted,13,6.839553,0.8,4,4,4,150.16476083546877,469.7245788574219,262.28492975234985,0.4939837694168091,0.6966542,817.2758,10,164,7.7347450000000135,26.839554,20.0,73.39642833333359,0.5,0.5068892240524292,uniform,uniform,10,0.0,0.0,0.0,5,1-0-2-3
independent,2345,vehicle_id_permuted,14,10.213435,0.75,5,4,4,201.30435729026794,445.15514373779297,299.3716244697571,0.6352486789226532,0.58741254,527.99994,10,164,7.7347450000000135,35.213436,25.0,73.39642833333359,0.5,0.5068892240524292,uniform,uniform,10,0.0,0.0,0.0,5,1-0-2-3
independent,2345,vehicle_id_permuted,15,8.127787,0.85,3,3,3,159.61867795271033,454.81761932373047,233.79300250726587,0.570061418414116,0.71574056,665.2214,10,164,7.7347450000000135,23.127789,15.000002,73.39642833333359,0.5,0.5068892240524292,uniform,uniform,10,0.0,0.0,0.0,5,1-0-2-3
independent,2345,vehicle_id_permuted,16,10.112302,0.75,5,4,4,179.3231953382492,449.21393394470215,281.96077489852905,0.6001729398965836,0.5012509,595.8215,10,164,7.7347450000000135,35.112305,25.000004,73.39642833333359,0.5,0.5068892240524292,uniform,uniform,10,0.0,0.0,0.0,5,1-0-2-3
independent,2345,vehicle_id_permuted,17,8.65777,0.8,4,4,4,121.65077839046717,438.3739185333252,217.15499013662338,0.5506749838590622,0.51801586,677.07806,10,164,7.7347450000000135,28.657768,19.999998,73.39642833333359,0.5,0.5068892240524292,uniform,uniform,10,0.0,0.0,0.0,5,1-0-2-3
independent,2345,vehicle_id_permuted,18,8.370904,0.85,3,3,3,163.89448022141175,447.1020698547363,252.122298969942,0.5359160482883454,0.719272,725.39954,10,164,7.7347450000000135,23.370907,15.000003,73.39642833333359,0.5,0.5068892240524292,uniform,uniform,10,0.0,0.0,0.0,5,1-0-2-3
independent,2345,vehicle_id_permuted,19,7.764509,0.7,6,3,3,145.49328906195504,430.9467601776123,234.64568853378296,0.5170292258262634,0.7158489,735.3041,10,164,7.7347450000000135,37.764507,29.999998,73.39642833333359,0.5,0.5068892240524292,uniform,uniform,10,0.0,0.0,0.0,5,1-0-2-3
independent,2345,vehicle_id_permuted,20,8.178142,0.7,6,5,5,132.1228746005467,463.6977767944336,282.9934675352914,0.5185077518224717,0.7525722,768.00006,10,164,7.7347450000000135,38.178143,30.0,73.39642833333359,0.5,0.5068892240524292,uniform,uniform,10,0.0,0.0,0.0,5,1-0-2-3
independent,2345,vehicle_id_permuted,21,8.541129,0.4,12,10,10,189.78208780288696,436.8735694885254,272.55953773856163,0.477538400888443,0.84474015,816.00006,10,164,7.7347450000000135,68.54112,59.999992,73.39642833333359,0.5,0.5068892240524292,uniform,uniform,10,0.0,0.0,0.0,5,1-0-2-3
independent,2345,vehicle_id_permuted,22,9.315796,0.75,5,4,4,176.8346756696701,477.75455474853516,278.3494987487793,0.5773469090461731,0.5367816,672.00006,10,164,7.7347450000000135,34.315796,25.0,73.39642833333359,0.5,0.5068892240524292,uniform,uniform,10,0.0,0.0,0.0,5,1-0-2-3
independent,2345,vehicle_id_permuted,23,7.755994,0.6,8,8,8,183.62418740987778,464.3524360656738,261.54541432857513,0.4661207735538483,0.7117209,865.4007,10,164,7.7347450000000135,47.755997,40.000004,73.39642833333359,0.5,0.5068892240524292,uniform,uniform,10,0.0,0.0,0.0,5,1-0-2-3
independent,2345,vehicle_id_permuted,24,9.119373,0.7,6,5,5,138.002051455634,454.6226406097412,200.2955491202218,0.6179728299379349,0.58573484,564.11487,10,164,7.7347450000000135,39.119373,30.0,73.39642833333359,0.5,0.5068892240524292,uniform,uniform,10,0.0,0.0,0.0,5,1-0-2-3
independent,2345,vehicle_id_permuted,25,8.038396,0.65000004,7,4,4,203.6629454447673,449.1280746459961,272.70907842195953,0.5089209318161011,0.6204023,768.00006,10,164,7.7347450000000135,43.0384,35.000004,73.39642833333359,0.5,0.5068892240524292,uniform,uniform,10,0.0,0.0,0.0,5,1-0-2-3
independent,2345,vehicle_id_permuted,26,8.11594,0.7,6,6,6,152.74276371513093,469.32738304138184,243.9725431374141,0.5624170631170273,0.7614591,721.40607,10,164,7.7347450000000135,38.115936,29.999996,73.39642833333359,0.5,0.5068892240524292,uniform,uniform,10,0.0,0.0,0.0,5,1-0-2-3
independent,2345,vehicle_id_permuted,27,7.287533,0.85,3,2,2,133.95943196380838,435.1714897155762,235.4621765192817,0.5297924220561981,0.63029534,713.9702,10,164,7.7347450000000135,22.287533,15.0,73.39642833333359,0.5,0.5068892240524292,uniform,uniform,10,0.0,0.0,0.0,5,1-0-2-3
independent,2345,vehicle_id_permuted,28,8.476081,0.8,4,3,3,147.4753886461258,461.8355655670166,245.1637713611126,0.5952286809682846,0.6298442,614.9967,10,164,7.7347450000000135,28.476084,20.000004,73.39642833333359,0.5,0.5068892240524292,uniform,uniform,10,0.0,0.0,0.0,5,1-0-2-3
independent,2345,vehicle_id_permuted,29,6.997645,0.65000004,7,5,5,138.90039957486667,396.0611915588379,247.7262783050537,0.42819902300834656,0.8687445,905.85803,10,164,7.7347450000000135,41.99765,35.000004,73.39642833333359,0.5,0.5068892240524292,uniform,uniform,10,0.0,0.0,0.0,5,1-0-2-3
independent,2345,vehicle_id_permuted,30,10.31367,0.75,5,4,4,140.77998042106628,447.59044647216797,228.91954946517944,0.6546654343605042,0.41929895,486.63293,10,164,7.7347450000000135,35.313667,24.999996,73.39642833333359,0.5,0.5068892240524292,uniform,uniform,10,0.0,0.0,0.0,5,1-0-2-3
independent,2345,vehicle_id_permuted,31,10.023142,0.75,5,5,5,142.95754027366638,457.85144805908203,259.149555683136,0.5892436683177948,0.4831182,624.00006,10,164,7.7347450000000135,35.02314,24.999998,73.39642833333359,0.5,0.5068892240524292,uniform,uniform,10,0.0,0.0,0.0,5,1-0-2-3
independent,2345,vehicle_id_permuted,32,9.021323,0.65000004,7,6,6,201.5022116440993,408.1702709197998,254.39806112876306,0.571801483631134,0.64284265,630.1413,10,164,7.7347450000000135,44.02133,35.000008,73.39642833333359,0.5,0.5068892240524292,uniform,uniform,10,0.0,0.0,0.0,5,1-0-2-3
independent,2345,vehicle_id_permuted,33,6.2378216,0.6,8,8,8,147.53800630569458,456.9275093078613,234.45906281471252,0.41645345389842986,1.0118892,964.63385,10,164,7.7347450000000135,46.23782,40.0,73.39642833333359,0.5,0.5068892240524292,uniform,uniform,10,0.0,0.0,0.0,5,1-0-2-3
independent,2345,vehicle_id_permuted,34,8.691894,0.75,5,4,4,134.24952173233032,390.9162139892578,226.37064051628113,0.5361576080322266,0.6623492,698.5776,10,164,7.7347450000000135,33.691895,25.0,73.39642833333359,0.5,0.5068892240524292,uniform,uniform,10,0.0,0.0,0.0,5,1-0-2-3
independent,2345,vehicle_id_permuted,35,8.454046,0.8,4,4,4,147.87494709715247,456.3882637023926,258.4632794559002,0.5578509509563446,0.6587312,681.31464,10,164,7.7347450000000135,28.454044,19.999998,73.39642833333359,0.5,0.5068892240524292,uniform,uniform,10,0.0,0.0,0.0,5,1-0-2-3
independent,2345,vehicle_id_permuted,36,8.226798,0.65000004,7,7,7,147.0584763930394,385.1831245422363,211.51122093200684,0.527428388595581,0.631383,715.33765,10,164,7.7347450000000135,43.2268,35.0,73.39642833333359,0.5,0.5068892240524292,uniform,uniform,10,0.0,0.0,0.0,5,1-0-2-3
independent,2345,vehicle_id_permuted,37,9.48,0.7,6,4,4,195.81894763878412,442.7829837799072,272.6399384226118,0.5806161850690842,0.6022607,624.00006,10,164,7.7347450000000135,39.479996,29.999996,73.39642833333359,0.5,0.5068892240524292,uniform,uniform,10,0.0,0.0,0.0,5,1-0-2-3
independent,2345,vehicle_id_permuted,38,8.275453,0.65000004,7,7,7,204.09784665474524,477.73183822631836,285.93190945111786,0.5178550809621811,0.6586036,786.0276,10,164,7.7347450000000135,43.27545,35.0,73.39642833333359,0.5,0.5068892240524292,uniform,uniform,10,0.0,0.0,0.0,5,1-0-2-3
independent,2345,vehicle_id_permuted,39,9.739441,0.65000004,7,6,6,196.37405193769015,428.95331382751465,270.0958255621103,0.5661166906356812,0.656676,641.0561,10,164,7.7347450000000135,44.73944,35.0,73.39642833333359,0.5,0.5068892240524292,uniform,uniform,10,0.0,0.0,0.0,5,1-0-2-3
independent,2345,vehicle_id_permuted,40,9.030521,0.8,4,4,4,154.28387749940157,441.36022567749023,254.27015617489815,0.6048752009868622,0.59642565,575.99994,10,164,7.7347450000000135,29.030523,20.000002,73.39642833333359,0.5,0.5068892240524292,uniform,uniform,10,0.0,0.0,0.0,5,1-0-2-3
independent,2345,vehicle_id_permuted,41,7.082921,0.7,6,5,5,193.67698475718498,459.9734687805176,291.46742258753096,0.46336412727832793,0.91389334,871.9584,10,164,7.7347450000000135,37.082924,30.000004,73.39642833333359,0.5,0.5068892240524292,uniform,uniform,10,0.0,0.0,0.0,5,1-0-2-3
independent,2345,vehicle_id_permuted,42,6.806298,0.8,4,3,3,135.8082975447178,465.82305908203125,236.01864382624626,0.5195067167282105,0.72709376,764.3703,10,164,7.7347450000000135,26.806297,20.0,73.39642833333359,0.5,0.5068892240524292,uniform,uniform,10,0.0,0.0,0.0,5,1-0-2-3
independent,2345,vehicle_id_permuted,43,6.686172,0.65000004,7,2,2,116.3296219935784,444.2662525177002,216.60748408390924,0.45454088747501376,0.93693745,867.548,10,164,7.7347450000000135,41.68617,34.999996,73.39642833333359,0.5,0.5068892240524292,uniform,uniform,10,0.0,0.0,0.0,5,1-0-2-3
independent,2345,vehicle_id_permuted,44,8.745604,0.7,6,6,6,117.72604372884545,419.4686222076416,234.89271410873957,0.5379099249839783,0.6492606,695.2131,10,164,7.7347450000000135,38.7456,29.999998,73.39642833333359,0.5,0.5068892240524292,uniform,uniform,10,0.0,0.0,0.0,5,1-0-2-3
independent,2345,vehicle_id_permuted,45,11.233185,0.85,3,3,3,141.6554048832725,477.94718742370605,226.10007594613467,0.6843477070331574,0.38237718,480.49518,10,164,7.7347450000000135,26.233189,15.000004,73.39642833333359,0.5,0.5068892240524292,uniform,uniform,10,0.0,0.0,0.0,5,1-0-2-3
independent,2345,vehicle_id_permuted,46,7.643441,0.8,4,4,4,124.17803451418877,465.2929401397705,234.70077574253082,0.5670126765966416,0.61877894,672.6287,10,164,7.7347450000000135,27.64344,20.0,73.39642833333359,0.5,0.5068892240524292,uniform,uniform,10,0.0,0.0,0.0,5,1-0-2-3
independent,2345,vehicle_id_permuted,47,9.116025,0.75,5,4,4,162.27637612819672,429.13744926452637,232.58638858795166,0.5746899247169495,0.62655795,624.5955,10,164,7.7347450000000135,34.116028,25.000004,73.39642833333359,0.5,0.5068892240524292,uniform,uniform,10,0.0,0.0,0.0,5,1-0-2-3
independent,2345,vehicle_id_permuted,48,6.525214,0.7,6,3,3,151.95747166872025,476.1738109588623,240.79652973583765,0.44932050406932833,1.0239002,909.4787,10,164,7.7347450000000135,36.525215,30.0,73.39642833333359,0.5,0.5068892240524292,uniform,uniform,10,0.0,0.0,0.0,5,1-0-2-3
independent,2345,vehicle_id_permuted,49,8.706421,0.75,5,4,4,133.0639923810959,448.0026054382324,230.78461861610413,0.5831482946872711,0.609752,624.35803,10,164,7.7347450000000135,33.70642,25.0,73.39642833333359,0.5,0.5068892240524292,uniform,uniform,10,0.0,0.0,0.0,5,1-0-2-3
independent,2345,vehicle_id_permuted,50,8.337688,0.85,3,3,3,202.23726321669187,476.5536117553711,302.5876820788664,0.5897243797779084,0.6646246,672.00006,10,164,7.7347450000000135,23.33769,15.000002,73.39642833333359,0.5,0.5068892240524292,uniform,uniform,10,0.0,0.0,0.0,5,1-0-2-3
independent,2345,vehicle_id_permuted,51,8.828625,0.7,6,6,6,150.22593191691809,463.17352294921875,235.23886697632926,0.5811594903469086,0.63336897,661.2213,10,164,7.7347450000000135,38.82863,30.000004,73.39642833333359,0.5,0.5068892240524292,uniform,uniform,10,0.0,0.0,0.0,5,1-0-2-3
independent,2345,vehicle_id_permuted,52,9.429669,0.6,8,8,8,178.67617279291153,470.02684593200684,305.35119116306305,0.5714280635118485,0.6706543,672.00006,10,164,7.7347450000000135,49.42967,40.0,73.39642833333359,0.5,0.5068892240524292,uniform,uniform,10,0.0,0.0,0.0,5,1-0-2-3
independent,2345,vehicle_id_permuted,53,8.518963,0.85,3,1,1,133.48136186599731,460.59725761413574,241.34221883381113,0.5652850449085236,0.6419925,675.39667,10,164,7.7347450000000135,23.518963,15.0,73.39642833333359,0.5,0.5068892240524292,uniform,uniform,10,0.0,0.0,0.0,5,1-0-2-3
independent,2345,vehicle_id_permuted,54,7.894669,0.75,5,4,4,165.62321174144745,429.79591369628906,228.1723449230194,0.49618300795555115,0.724231,775.3288,10,164,7.7347450000000135,32.89467,25.0,73.39642833333359,0.5,0.5068892240524292,uniform,uniform,10,0.0,0.0,0.0,5,1-0-2-3
independent,2345,vehicle_id_permuted,55,9.869577,0.75,5,5,5,138.07875394821167,413.46190452575684,203.7307198047638,0.6135196685791016,0.36458465,550.04224,10,164,7.7347450000000135,34.86958,25.000002,73.39642833333359,0.5,0.5068892240524292,uniform,uniform,10,0.0,0.0,0.0,5,1-0-2-3
independent,2345,vehicle_id_permuted,56,10.014361,0.85,3,1,1,118.61431507503285,410.5549907684326,232.52914414686316,0.6137688755989075,0.5156764,549.5639,10,164,7.7347450000000135,25.014362,15.000001,73.39642833333359,0.5,0.5068892240524292,uniform,uniform,10,0.0,0.0,0.0,5,1-0-2-3
independent,2345,vehicle_id_permuted,57,8.738836,0.75,5,5,5,172.60814905166626,438.6061191558838,258.93794202804565,0.5483164966106415,0.65595436,685.37836,10,164,7.7347450000000135,33.738834,24.999998,73.39642833333359,0.5,0.5068892240524292,uniform,uniform,10,0.0,0.0,0.0,5,1-0-2-3
independent,2345,vehicle_id_permuted,58,9.032084,0.5,10,9,9,180.24485564231873,465.8593940734863,249.40050601959229,0.4926351845264435,0.8035363,816.00006,10,164,7.7347450000000135,59.03208,49.999996,73.39642833333359,0.5,0.5068892240524292,uniform,uniform,10,0.0,0.0,0.0,5,1-0-2-3
independent,2345,vehicle_id_permuted,59,10.13,0.7,6,6,6,247.91283130645752,459.58651542663574,297.978903395789,0.589368024468422,0.5088373,624.00006,10,164,7.7347450000000135,40.13,30.0,73.39642833333359,0.5,0.5068892240524292,uniform,uniform,10,0.0,0.0,0.0,5,1-0-2-3
independent,2345,vehicle_id_permuted,0,10.043837,0.95,1,1,1,184.90727785386537,434.3272876739502,232.6767494803981,0.6606834024190903,0.38347217,461.81522,10,164,8.006823333335925,15.043834,4.999997,72.69649500000006,0.5,0.5068892240524292,uniform,uniform,10,0.0,0.0,0.0,6,2-3-1-0
independent,2345,vehicle_id_permuted,1,9.322171,0.7,6,4,4,165.43671905994415,472.4655246734619,256.1160498006003,0.5920007258653641,0.6451117,672.00006,10,164,8.006823333335925,39.32217,30.0,72.69649500000006,0.5,0.5068892240524292,uniform,uniform,10,0.0,0.0,0.0,6,2-3-1-0
independent,2345,vehicle_id_permuted,2,9.861722,0.65000004,7,7,7,174.53938227433426,442.8430938720703,269.65468883514404,0.5806474924087525,0.55973625,624.00006,10,164,8.006823333335925,44.861717,34.999996,72.69649500000006,0.5,0.5068892240524292,uniform,uniform,10,0.0,0.0,0.0,6,2-3-1-0
independent,2345,vehicle_id_permuted,3,6.809571,0.65000004,7,7,7,169.05526440877182,453.0640125274658,295.4884176987868,0.4461566597223282,0.741096,892.44336,10,164,8.006823333335925,41.80957,35.0,72.69649500000006,0.5,0.5068892240524292,uniform,uniform,10,0.0,0.0,0.0,6,2-3-1-0
independent,2345,vehicle_id_permuted,4,8.1,0.90000004,2,2,2,152.16867804527283,478.38340759277344,294.72471475601196,0.5857315629720687,0.7019688,720.00006,10,164,8.006823333335925,18.1,10.0,72.69649500000006,0.5,0.5068892240524292,uniform,uniform,10,0.0,0.0,0.0,6,2-3-1-0
independent,2345,vehicle_id_permuted,5,8.304958,0.7,6,5,5,179.8807609932763,476.38638496398926,263.27066915375843,0.5552194744348526,0.68055606,708.36255,10,164,8.006823333335925,38.304962,30.000004,72.69649500000006,0.5,0.5068892240524292,uniform,uniform,10,0.0,0.0,0.0,6,2-3-1-0
independent,2345,vehicle_id_permuted,6,10.199818,0.95,1,1,1,174.25005112823686,458.4829330444336,264.70763344513745,0.6679306358098984,0.39383358,482.3195,10,164,8.006823333335925,15.1998205,5.000003,72.69649500000006,0.5,0.5068892240524292,uniform,uniform,10,0.0,0.0,0.0,6,2-3-1-0
independent,2345,vehicle_id_permuted,7,8.026955,0.90000004,2,1,1,177.95536249876022,461.2122631072998,270.07251183191937,0.5659710556268692,0.66836786,670.548,10,164,8.006823333335925,18.026955,10.0,72.69649500000006,0.5,0.5068892240524292,uniform,uniform,10,0.0,0.0,0.0,6,2-3-1-0
independent,2345,vehicle_id_permuted,8,9.881323,0.75,5,5,5,145.15973591804504,407.2180652618408,212.32455205917358,0.6136842370033264,0.58449286,549.7264,10,164,8.006823333335925,34.881325,25.000002,72.69649500000006,0.5,0.5068892240524292,uniform,uniform,10,0.0,0.0,0.0,6,2-3-1-0
independent,2345,vehicle_id_permuted,9,9.5767565,0.75,5,4,4,178.2078958749771,464.11251068115234,244.31218457221985,0.6167253494262696,0.60322607,575.99994,10,164,8.006823333335925,34.576756,25.0,72.69649500000006,0.5,0.5068892240524292,uniform,uniform,10,0.0,0.0,0.0,6,2-3-1-0
independent,2345,vehicle_id_permuted,10,7.6740274,0.90000004,2,2,2,141.79520418246588,470.3594398498535,215.4938018321991,0.5826886832714081,0.5986903,647.5971,10,164,8.006823333335925,17.67403,10.000003,72.69649500000006,0.5,0.5068892240524292,uniform,uniform,10,0.0,0.0,0.0,6,2-3-1-0
independent,2345,vehicle_id_permuted,11,7.063983,0.85,3,3,3,134.3967506289482,395.89619636535645,216.0049215485068,0.5135536193847656,0.77989495,741.97723,10,164,8.006823333335925,22.063984,15.000001,72.69649500000006,0.5,0.5068892240524292,uniform,uniform,10,0.0,0.0,0.0,6,2-3-1-0
independent,2345,vehicle_id_permuted,12,13.746499,0.85,3,1,1,110.53865643108593,411.189022064209,218.70215514126946,0.8162579536437988,0.089060284,160.78484,10,164,8.006823333335925,28.746498,14.999999,72.69649500000006,0.5,0.5068892240524292,uniform,uniform,10,0.0,0.0,0.0,6,2-3-1-0
independent,2345,vehicle_id_permuted,13,6.839553,0.8,4,4,4,150.16476083546877,469.7245788574219,262.28492975234985,0.4939837694168091,0.6966542,817.2758,10,164,8.006823333335925,26.839554,20.0,72.69649500000006,0.5,0.5068892240524292,uniform,uniform,10,0.0,0.0,0.0,6,2-3-1-0
independent,2345,vehicle_id_permuted,14,10.213435,0.75,5,4,4,201.30435729026794,445.15514373779297,299.3716244697571,0.6352486789226532,0.58741254,527.99994,10,164,8.006823333335925,35.21344,25.000004,72.69649500000006,0.5,0.5068892240524292,uniform,uniform,10,0.0,0.0,0.0,6,2-3-1-0
independent,2345,vehicle_id_permuted,15,8.127787,0.85,3,3,3,159.61867795271033,454.81761932373047,233.79300250726587,0.570061418414116,0.71574056,665.2214,10,164,8.006823333335925,23.127789,15.000002,72.69649500000006,0.5,0.5068892240524292,uniform,uniform,10,0.0,0.0,0.0,6,2-3-1-0
independent,2345,vehicle_id_permuted,16,10.112302,0.75,5,4,4,179.3231953382492,449.21393394470215,281.96077489852905,0.6001729398965836,0.501251,595.8215,10,164,8.006823333335925,35.112305,25.000004,72.69649500000006,0.5,0.5068892240524292,uniform,uniform,10,0.0,0.0,0.0,6,2-3-1-0
independent,2345,vehicle_id_permuted,17,8.65777,0.8,4,4,4,121.65077839046717,438.3739185333252,217.15499013662338,0.5506749838590622,0.51801586,677.07806,10,164,8.006823333335925,28.657772,20.000002,72.69649500000006,0.5,0.5068892240524292,uniform,uniform,10,0.0,0.0,0.0,6,2-3-1-0
independent,2345,vehicle_id_permuted,18,8.370904,0.85,3,3,3,163.89448022141175,447.1020698547363,252.122298969942,0.5359160482883454,0.71927196,725.39954,10,164,8.006823333335925,23.370907,15.000003,72.69649500000006,0.5,0.5068892240524292,uniform,uniform,10,0.0,0.0,0.0,6,2-3-1-0
independent,2345,vehicle_id_permuted,19,7.764509,0.7,6,3,3,145.49328906195504,430.9467601776123,234.64568853378296,0.5170292258262634,0.7158489,735.3041,10,164,8.006823333335925,37.76451,30.000002,72.69649500000006,0.5,0.5068892240524292,uniform,uniform,10,0.0,0.0,0.0,6,2-3-1-0
independent,2345,vehicle_id_permuted,20,8.178142,0.7,6,5,5,132.1228746005467,463.6977767944336,282.9934675352914,0.5185077518224717,0.7525722,768.00006,10,164,8.006823333335925,38.178143,30.0,72.69649500000006,0.5,0.5068892240524292,uniform,uniform,10,0.0,0.0,0.0,6,2-3-1-0
independent,2345,vehicle_id_permuted,21,8.541129,0.4,12,10,10,189.78208780288696,436.8735694885254,272.55953773856163,0.477538400888443,0.84474015,816.00006,10,164,8.006823333335925,68.54112,59.999992,72.69649500000006,0.5,0.5068892240524292,uniform,uniform,10,0.0,0.0,0.0,6,2-3-1-0
independent,2345,vehicle_id_permuted,22,9.315796,0.75,5,4,4,176.8346756696701,477.75455474853516,278.3494987487793,0.5773469090461731,0.5367816,672.00006,10,164,8.006823333335925,34.315792,24.999996,72.69649500000006,0.5,0.5068892240524292,uniform,uniform,10,0.0,0.0,0.0,6,2-3-1-0
independent,2345,vehicle_id_permuted,23,7.755994,0.6,8,8,8,183.62418740987778,464.3524360656738,261.54541432857513,0.4661207735538483,0.7117209,865.4007,10,164,8.006823333335925,47.755997,40.000004,72.69649500000006,0.5,0.5068892240524292,uniform,uniform,10,0.0,0.0,0.0,6,2-3-1-0
independent,2345,vehicle_id_permuted,24,9.119373,0.7,6,5,5,138.002051455634,454.6226406097412,200.2955491202218,0.6179728299379349,0.58573484,564.11487,10,164,8.006823333335925,39.119373,30.0,72.69649500000006,0.5,0.5068892240524292,uniform,uniform,10,0.0,0.0,0.0,6,2-3-1-0
independent,2345,vehicle_id_permuted,25,8.038396,0.65000004,7,4,4,203.6629454447673,449.1280746459961,272.70907842195953,0.5089209318161011,0.6204023,768.00006,10,164,8.006823333335925,43.0384,35.000004,72.69649500000006,0.5,0.5068892240524292,uniform,uniform,10,0.0,0.0,0.0,6,2-3-1-0
independent,2345,vehicle_id_permuted,26,8.11594,0.7,6,6,6,152.74276371513093,469.32738304138184,243.9725431374141,0.5624170631170273,0.7614591,721.40607,10,164,8.006823333335925,38.115936,29.999996,72.69649500000006,0.5,0.5068892240524292,uniform,uniform,10,0.0,0.0,0.0,6,2-3-1-0
independent,2345,vehicle_id_permuted,27,7.287533,0.85,3,2,2,133.95943196380838,435.1714897155762,235.4621765192817,0.5297924220561981,0.63029534,713.9702,10,164,8.006823333335925,22.287533,15.0,72.69649500000006,0.5,0.5068892240524292,uniform,uniform,10,0.0,0.0,0.0,6,2-3-1-0
independent,2345,vehicle_id_permuted,28,8.476081,0.8,4,3,3,147.4753886461258,461.8355655670166,245.1637713611126,0.5952286809682846,0.6298442,614.99664,10,164,8.006823333335925,28.47608,20.0,72.69649500000006,0.5,0.5068892240524292,uniform,uniform,10,0.0,0.0,0.0,6,2-3-1-0
independent,2345,vehicle_id_permuted,29,6.997645,0.65000004,7,5,5,138.90039957486667,396.0611915588379,247.7262783050537,0.42819902300834656,0.8687445,905.85803,10,164,8.006823333335925,41.99765,35.000004,72.69649500000006,0.5,0.5068892240524292,uniform,uniform,10,0.0,0.0,0.0,6,2-3-1-0
independent,2345,vehicle_id_permuted,30,10.31367,0.75,5,4,4,140.77998042106628,447.59044647216797,228.91954946517944,0.6546654343605042,0.41929895,486.63293,10,164,8.006823333335925,35.31367,25.0,72.69649500000006,0.5,0.5068892240524292,uniform,uniform,10,0.0,0.0,0.0,6,2-3-1-0
independent,2345,vehicle_id_permuted,31,10.023142,0.75,5,5,5,142.95754027366638,457.85144805908203,259.149555683136,0.5892436683177948,0.48311827,624.00006,10,164,8.006823333335925,35.023144,25.000002,72.69649500000006,0.5,0.5068892240524292,uniform,uniform,10,0.0,0.0,0.0,6,2-3-1-0
independent,2345,vehicle_id_permuted,32,9.021323,0.65000004,7,6,6,201.5022116440993,408.1702709197998,254.39806112876306,0.571801483631134,0.64284265,630.1413,10,164,8.006823333335925,44.021328,35.000004,72.69649500000006,0.5,0.5068892240524292,uniform,uniform,10,0.0,0.0,0.0,6,2-3-1-0
independent,2345,vehicle_id_permuted,33,6.2378216,0.6,8,8,8,147.53800630569458,456.9275093078613,234.45906281471252,0.41645345389842986,1.0118892,964.63385,10,164,8.006823333335925,46.23782,40.0,72.69649500000006,0.5,0.5068892240524292,uniform,uniform,10,0.0,0.0,0.0,6,2-3-1-0
independent,2345,vehicle_id_permuted,34,8.691894,0.75,5,4,4,134.24952173233032,390.9162139892578,226.37064051628113,0.5361576080322266,0.6623493,698.5776,10,164,8.006823333335925,33.691895,25.0,72.69649500000006,0.5,0.5068892240524292,uniform,uniform,10,0.0,0.0,0.0,6,2-3-1-0
independent,2345,vehicle_id_permuted,35,8.454046,0.8,4,4,4,147.87494709715247,456.3882637023926,258.4632794559002,0.5578509509563446,0.6587312,681.31464,10,164,8.006823333335925,28.454044,19.999998,72.69649500000006,0.5,0.5068892240524292,uniform,uniform,10,0.0,0.0,0.0,6,2-3-1-0
independent,2345,vehicle_id_permuted,36,8.226798,0.65000004,7,7,7,147.0584763930394,385.1831245422363,211.51122093200684,0.527428388595581,0.63138294,715.33765,10,164,8.006823333335925,43.2268,35.0,72.69649500000006,0.5,0.5068892240524292,uniform,uniform,10,0.0,0.0,0.0,6,2-3-1-0
independent,2345,vehicle_id_permuted,37,9.48,0.7,6,4,4,195.81894763878412,442.7829837799072,272.6399384226118,0.5806161850690842,0.60226065,624.00006,10,164,8.006823333335925,39.48,30.0,72.69649500000006,0.5,0.5068892240524292,uniform,uniform,10,0.0,0.0,0.0,6,2-3-1-0
independent,2345,vehicle_id_permuted,38,8.275453,0.65000004,7,7,7,204.09784665474524,477.73183822631836,285.93190945111786,0.5178550809621811,0.6586036,786.0276,10,164,8.006823333335925,43.27545,35.0,72.69649500000006,0.5,0.5068892240524292,uniform,uniform,10,0.0,0.0,0.0,6,2-3-1-0
independent,2345,vehicle_id_permuted,39,9.739441,0.65000004,7,6,6,196.37405193769015,428.95331382751465,270.0958255621103,0.5661166906356812,0.65667605,641.0561,10,164,8.006823333335925,44.739437,34.999996,72.69649500000006,0.5,0.5068892240524292,uniform,uniform,10,0.0,0.0,0.0,6,2-3-1-0
independent,2345,vehicle_id_permuted,40,9.030521,0.8,4,4,4,154.28387749940157,441.36022567749023,254.27015617489815,0.6048752009868622,0.59642565,575.99994,10,164,8.006823333335925,29.030523,20.000002,72.69649500000006,0.5,0.5068892240524292,uniform,uniform,10,0.0,0.0,0.0,6,2-3-1-0
independent,2345,vehicle_id_permuted,41,7.082921,0.7,6,5,5,193.67698475718498,459.9734687805176,291.46742258753096,0.46336412727832793,0.91389334,871.9584,10,164,8.006823333335925,37.082924,30.000004,72.69649500000006,0.5,0.5068892240524292,uniform,uniform,10,0.0,0.0,0.0,6,2-3-1-0
independent,2345,vehicle_id_permuted,42,6.806298,0.8,4,3,3,135.8082975447178,465.82305908203125,236.01864382624626,0.5195067167282105,0.72709364,764.3703,10,164,8.006823333335925,26.806297,20.0,72.69649500000006,0.5,0.5068892240524292,uniform,uniform,10,0.0,0.0,0.0,6,2-3-1-0
independent,2345,vehicle_id_permuted,43,6.686172,0.65000004,7,2,2,116.3296219935784,444.2662525177002,216.60748408390924,0.45454088747501376,0.93693745,867.548,10,164,8.006823333335925,41.68617,34.999996,72.69649500000006,0.5,0.5068892240524292,uniform,uniform,10,0.0,0.0,0.0,6,2-3-1-0
independent,2345,vehicle_id_permuted,44,8.745604,0.7,6,6,6,117.72604372884545,419.4686222076416,234.89271410873957,0.5379099249839783,0.64926064,695.2131,10,164,8.006823333335925,38.745605,30.000002,72.69649500000006,0.5,0.5068892240524292,uniform,uniform,10,0.0,0.0,0.0,6,2-3-1-0
independent,2345,vehicle_id_permuted,45,11.233185,0.85,3,3,3,141.6554048832725,477.94718742370605,226.10007594613467,0.6843477070331574,0.38237718,480.49518,10,164,8.006823333335925,26.233189,15.000004,72.69649500000006,0.5,0.5068892240524292,uniform,uniform,10,0.0,0.0,0.0,6,2-3-1-0
independent,2345,vehicle_id_permuted,46,7.643441,0.8,4,4,4,124.17803451418877,465.2929401397705,234.70077574253082,0.5670126765966416,0.61877894,672.6287,10,164,8.006823333335925,27.64344,20.0,72.69649500000006,0.5,0.5068892240524292,uniform,uniform,10,0.0,0.0,0.0,6,2-3-1-0
independent,2345,vehicle_id_permuted,47,9.116025,0.75,5,4,4,162.27637612819672,429.13744926452637,232.58638858795166,0.5746899247169495,0.6265579,624.5955,10,164,8.006823333335925,34.116024,25.0,72.69649500000006,0.5,0.5068892240524292,uniform,uniform,10,0.0,0.0,0.0,6,2-3-1-0
independent,2345,vehicle_id_permuted,48,6.525214,0.7,6,3,3,151.95747166872025,476.1738109588623,240.79652973583765,0.44932050406932833,1.0239002,909.4787,10,164,8.006823333335925,36.525215,30.0,72.69649500000006,0.5,0.5068892240524292,uniform,uniform,10,0.0,0.0,0.0,6,2-3-1-0
independent,2345,vehicle_id_permuted,49,8.706421,0.75,5,4,4,133.0639923810959,448.0026054382324,230.78461861610413,0.5831482946872711,0.609752,624.35803,10,164,8.006823333335925,33.70642,25.0,72.69649500000006,0.5,0.5068892240524292,uniform,uniform,10,0.0,0.0,0.0,6,2-3-1-0
independent,2345,vehicle_id_permuted,50,8.337688,0.85,3,3,3,202.23726321669187,476.5536117553711,302.5876820788664,0.5897243797779084,0.6646246,672.00006,10,164,8.006823333335925,23.33769,15.000002,72.69649500000006,0.5,0.5068892240524292,uniform,uniform,10,0.0,0.0,0.0,6,2-3-1-0
independent,2345,vehicle_id_permuted,51,8.828625,0.7,6,6,6,150.22593191691809,463.17352294921875,235.23886697632926,0.5811594903469086,0.63336897,661.2213,10,164,8.006823333335925,38.82863,30.000004,72.69649500000006,0.5,0.5068892240524292,uniform,uniform,10,0.0,0.0,0.0,6,2-3-1-0
independent,2345,vehicle_id_permuted,52,9.429669,0.6,8,8,8,178.67617279291153,470.02684593200684,305.35119116306305,0.5714280635118485,0.6706543,672.00006,10,164,8.006823333335925,49.429672,40.000004,72.69649500000006,0.5,0.5068892240524292,uniform,uniform,10,0.0,0.0,0.0,6,2-3-1-0
independent,2345,vehicle_id_permuted,53,8.518963,0.85,3,1,1,133.48136186599731,460.59725761413574,241.34221883381113,0.5652850449085236,0.64199257,675.39667,10,164,8.006823333335925,23.518963,15.0,72.69649500000006,0.5,0.5068892240524292,uniform,uniform,10,0.0,0.0,0.0,6,2-3-1-0
independent,2345,vehicle_id_permuted,54,7.894669,0.75,5,4,4,165.62321174144745,429.79591369628906,228.1723449230194,0.49618300795555115,0.724231,775.3288,10,164,8.006823333335925,32.89467,25.0,72.69649500000006,0.5,0.5068892240524292,uniform,uniform,10,0.0,0.0,0.0,6,2-3-1-0
independent,2345,vehicle_id_permuted,55,9.869577,0.75,5,5,5,138.07875394821167,413.46190452575684,203.7307198047638,0.6135196685791016,0.36458468,550.04224,10,164,8.006823333335925,34.86958,25.000002,72.69649500000006,0.5,0.5068892240524292,uniform,uniform,10,0.0,0.0,0.0,6,2-3-1-0
independent,2345,vehicle_id_permuted,56,10.014361,0.85,3,1,1,118.61431507503285,410.5549907684326,232.52914414686316,0.6137688755989075,0.5156764,549.5639,10,164,8.006823333335925,25.014362,15.000001,72.69649500000006,0.5,0.5068892240524292,uniform,uniform,10,0.0,0.0,0.0,6,2-3-1-0
independent,2345,vehicle_id_permuted,57,8.738836,0.75,5,5,5,172.60814905166626,438.6061191558838,258.93794202804565,0.5483164966106415,0.65595436,685.37836,10,164,8.006823333335925,33.738834,24.999998,72.69649500000006,0.5,0.5068892240524292,uniform,uniform,10,0.0,0.0,0.0,6,2-3-1-0
independent,2345,vehicle_id_permuted,58,9.032084,0.5,10,9,9,180.24485564231873,465.8593940734863,249.40050601959229,0.4926351845264435,0.80353636,816.00006,10,164,8.006823333335925,59.03208,49.999996,72.69649500000006,0.5,0.5068892240524292,uniform,uniform,10,0.0,0.0,0.0,6,2-3-1-0
independent,2345,vehicle_id_permuted,59,10.13,0.7,6,6,6,247.91283130645752,459.58651542663574,297.978903395789,0.589368024468422,0.5088373,624.00006,10,164,8.006823333335925,40.13,30.0,72.69649500000006,0.5,0.5068892240524292,uniform,uniform,10,0.0,0.0,0.0,6,2-3-1-0
independent,2345,vehicle_id_permuted,0,10.043837,0.95,1,1,1,184.90727785386537,434.3272876739502,232.6767494803981,0.6606834024190903,0.38347217,461.81522,10,164,7.554553333332119,15.043833,4.999996,71.56536000000007,0.5,0.5068892240524292,uniform,uniform,10,0.0,0.0,0.0,7,3-2-0-1
independent,2345,vehicle_id_permuted,1,9.322171,0.7,6,4,4,165.43671905994415,472.4655246734619,256.1160498006003,0.5920007258653641,0.6451117,672.00006,10,164,7.554553333332119,39.322166,29.999996,71.56536000000007,0.5,0.5068892240524292,uniform,uniform,10,0.0,0.0,0.0,7,3-2-0-1
independent,2345,vehicle_id_permuted,2,9.861722,0.65000004,7,7,7,174.53938227433426,442.8430938720703,269.65468883514404,0.5806474924087525,0.55973625,624.00006,10,164,7.554553333332119,44.861717,34.999996,71.56536000000007,0.5,0.5068892240524292,uniform,uniform,10,0.0,0.0,0.0,7,3-2-0-1
independent,2345,vehicle_id_permuted,3,6.809571,0.65000004,7,7,7,169.05526440877182,453.0640125274658,295.4884176987868,0.4461566597223282,0.741096,892.44336,10,164,7.554553333332119,41.80957,35.0,71.56536000000007,0.5,0.5068892240524292,uniform,uniform,10,0.0,0.0,0.0,7,3-2-0-1
independent,2345,vehicle_id_permuted,4,8.1,0.90000004,2,2,2,152.16867804527283,478.38340759277344,294.72471475601196,0.5857315629720687,0.7019687,720.00006,10,164,7.554553333332119,18.099998,9.999998,71.56536000000007,0.5,0.5068892240524292,uniform,uniform,10,0.0,0.0,0.0,7,3-2-0-1
independent,2345,vehicle_id_permuted,5,8.304958,0.7,6,5,5,179.8807609932763,476.38638496398926,263.27066915375843,0.5552194744348526,0.68055606,708.36255,10,164,7.554553333332119,38.304962,30.000004,71.56536000000007,0.5,0.5068892240524292,uniform,uniform,10,0.0,0.0,0.0,7,3-2-0-1
independent,2345,vehicle_id_permuted,6,10.199818,0.95,1,1,1,174.25005112823686,458.4829330444336,264.70763344513745,0.6679306358098984,0.39383358,482.3195,10,164,7.554553333332119,15.199817,4.999999,71.56536000000007,0.5,0.5068892240524292,uniform,uniform,10,0.0,0.0,0.0,7,3-2-0-1
independent,2345,vehicle_id_permuted,7,8.026955,0.90000004,2,1,1,177.95536249876022,461.2122631072998,270.07251183191937,0.5659710556268692,0.66836786,670.548,10,164,7.554553333332119,18.026955,10.0,71.56536000000007,0.5,0.5068892240524292,uniform,uniform,10,0.0,0.0,0.0,7,3-2-0-1
independent,2345,vehicle_id_permuted,8,9.881323,0.75,5,5,5,145.15973591804504,407.2180652618408,212.32455205917358,0.6136842370033264,0.58449286,549.7264,10,164,7.554553333332119,34.881325,25.000002,71.56536000000007,0.5,0.5068892240524292,uniform,uniform,10,0.0,0.0,0.0,7,3-2-0-1
independent,2345,vehicle_id_permuted,9,9.5767565,0.75,5,4,4,178.2078958749771,464.11251068115234,244.31218457221985,0.6167253494262696,0.60322607,575.99994,10,164,7.554553333332119,34.57675,24.999996,71.56536000000007,0.5,0.5068892240524292,uniform,uniform,10,0.0,0.0,0.0,7,3-2-0-1
independent,2345,vehicle_id_permuted,10,7.6740274,0.90000004,2,2,2,141.79520418246588,470.3594398498535,215.4938018321991,0.5826886832714081,0.5986902,647.5971,10,164,7.554553333332119,17.67403,10.000003,71.56536000000007,0.5,0.5068892240524292,uniform,uniform,10,0.0,0.0,0.0,7,3-2-0-1
independent,2345,vehicle_id_permuted,11,7.063983,0.85,3,3,3,134.3967506289482,395.89619636535645,216.0049215485068,0.5135536193847656,0.77989495,741.97723,10,164,7.554553333332119,22.063984,15.000001,71.56536000000007,0.5,0.5068892240524292,uniform,uniform,10,0.0,0.0,0.0,7,3-2-0-1
independent,2345,vehicle_id_permuted,12,13.746499,0.85,3,1,1,110.53865643108593,411.189022064209,218.70215514126946,0.8162579536437988,0.089060284,160.78484,10,164,7.554553333332119,28.746498,14.999999,71.56536000000007,0.5,0.5068892240524292,uniform,uniform,10,0.0,0.0,0.0,7,3-2-0-1
independent,2345,vehicle_id_permuted,13,6.839553,0.8,4,4,4,150.16476083546877,469.7245788574219,262.28492975234985,0.4939837694168091,0.69665414,817.2758,10,164,7.554553333332119,26.83955,19.999996,71.56536000000007,0.5,0.5068892240524292,uniform,uniform,10,0.0,0.0,0.0,7,3-2-0-1
independent,2345,vehicle_id_permuted,14,10.213435,0.75,5,4,4,201.30435729026794,445.15514373779297,299.3716244697571,0.6352486789226532,0.5874126,527.99994,10,164,7.554553333332119,35.213436,25.0,71.56536000000007,0.5,0.5068892240524292,uniform,uniform,10,0.0,0.0,0.0,7,3-2-0-1
independent,2345,vehicle_id_permuted,15,8.127787,0.85,3,3,3,159.61867795271033,454.81761932373047,233.79300250726587,0.570061418414116,0.7157405,665.2214,10,164,7.554553333332119,23.127789,15.000002,71.56536000000007,0.5,0.5068892240524292,uniform,uniform,10,0.0,0.0,0.0,7,3-2-0-1
independent,2345,vehicle_id_permuted,16,10.112302,0.75,5,4,4,179.3231953382492,449.21393394470215,281.96077489852905,0.6001729398965836,0.501251,595.8215,10,164,7.554553333332119,35.112305,25.000004,71.56536000000007,0.5,0.5068892240524292,uniform,uniform,10,0.0,0.0,0.0,7,3-2-0-1
independent,2345,vehicle_id_permuted,17,8.65777,0.8,4,4,4,121.65077839046717,438.3739185333252,217.15499013662338,0.5506749838590622,0.51801586,677.07806,10,164,7.554553333332119,28.657774,20.000004,71.56536000000007,0.5,0.5068892240524292,uniform,uniform,10,0.0,0.0,0.0,7,3-2-0-1
independent,2345,vehicle_id_permuted,18,8.370904,0.85,3,3,3,163.89448022141175,447.1020698547363,252.122298969942,0.5359160482883454,0.719272,725.3995,10,164,7.554553333332119,23.370903,14.999999,71.56536000000007,0.5,0.5068892240524292,uniform,uniform,10,0.0,0.0,0.0,7,3-2-0-1
independent,2345,vehicle_id_permuted,19,7.764509,0.7,6,3,3,145.49328906195504,430.9467601776123,234.64568853378296,0.5170292258262634,0.7158489,735.3041,10,164,7.554553333332119,37.76451,30.000002,71.56536000000007,0.5,0.5068892240524292,uniform,uniform,10,0.0,0.0,0.0,7,3-2-0-1
independent,2345,vehicle_id_permuted,20,8.178142,0.7,6,5,5,132.1228746005467,463.6977767944336,282.9934675352914,0.5185077518224717,0.7525722,768.00006,10,164,7.554553333332119,38.178143,30.0,71.56536000000007,0.5,0.5068892240524292,uniform,uniform,10,0.0,0.0,0.0,7,3-2-0-1
independent,2345,vehicle_id_permuted,21,8.541129,0.4,12,10,10,189.78208780288696,436.8735694885254,272.55953773856163,0.477538400888443,0.84474015,816.00006,10,164,7.554553333332119,68.54112,59.999992,71.56536000000007,0.5,0.5068892240524292,uniform,uniform,10,0.0,0.0,0.0,7,3-2-0-1
independent,2345,vehicle_id_permuted,22,9.315796,0.75,5,4,4,176.8346756696701,477.75455474853516,278.3494987487793,0.5773469090461731,0.5367816,672.00006,10,164,7.554553333332119,34.315796,25.0,71.56536000000007,0.5,0.5068892240524292,uniform,uniform,10,0.0,0.0,0.0,7,3-2-0-1
independent,2345,vehicle_id_permuted,23,7.755994,0.6,8,8,8,183.62418740987778,464.3524360656738,261.54541432857513,0.4661207735538483,0.7117209,865.4007,10,164,7.554553333332119,47.755997,40.000004,71.56536000000007,0.5,0.5068892240524292,uniform,uniform,10,0.0,0.0,0.0,7,3-2-0-1
independent,2345,vehicle_id_permuted,24,9.119373,0.7,6,5,5,138.002051455634,454.6226406097412,200.2955491202218,0.6179728299379349,0.58573484,564.11487,10,164,7.554553333332119,39.11937,29.999996,71.56536000000007,0.5,0.5068892240524292,uniform,uniform,10,0.0,0.0,0.0,7,3-2-0-1
independent,2345,vehicle_id_permuted,25,8.038396,0.65000004,7,4,4,203.6629454447673,449.1280746459961,272.70907842195953,0.5089209318161011,0.6204023,768.00006,10,164,7.554553333332119,43.03839,34.999996,71.56536000000007,0.5,0.5068892240524292,uniform,uniform,10,0.0,0.0,0.0,7,3-2-0-1
independent,2345,vehicle_id_permuted,26,8.11594,0.7,6,6,6,152.74276371513093,469.32738304138184,243.9725431374141,0.5624170631170273,0.7614591,721.40607,10,164,7.554553333332119,38.11594,30.0,71.56536000000007,0.5,0.5068892240524292,uniform,uniform,10,0.0,0.0,0.0,7,3-2-0-1
independent,2345,vehicle_id_permuted,27,7.287533,0.85,3,2,2,133.95943196380838,435.1714897155762,235.4621765192817,0.5297924220561981,0.63029534,713.9702,10,164,7.554553333332119,22.287533,15.0,71.56536000000007,0.5,0.5068892240524292,uniform,uniform,10,0.0,0.0,0.0,7,3-2-0-1
independent,2345,vehicle_id_permuted,28,8.476081,0.8,4,3,3,147.4753886461258,461.8355655670166,245.1637713611126,0.5952286809682846,0.62984425,614.99664,10,164,7.554553333332119,28.476078,19.999996,71.56536000000007,0.5,0.5068892240524292,uniform,uniform,10,0.0,0.0,0.0,7,3-2-0-1
independent,2345,vehicle_id_permuted,29,6.997645,0.65000004,7,5,5,138.90039957486667,396.0611915588379,247.7262783050537,0.42819902300834656,0.8687445,905.85803,10,164,7.554553333332119,41.99765,35.000004,71.56536000000007,0.5,0.5068892240524292,uniform,uniform,10,0.0,0.0,0.0,7,3-2-0-1
independent,2345,vehicle_id_permuted,30,10.31367,0.75,5,4,4,140.77998042106628,447.59044647216797,228.91954946517944,0.6546654343605042,0.41929895,486.63293,10,164,7.554553333332119,35.313667,24.999996,71.56536000000007,0.5,0.5068892240524292,uniform,uniform,10,0.0,0.0,0.0,7,3-2-0-1
independent,2345,vehicle_id_permuted,31,10.023142,0.75,5,5,5,142.95754027366638,457.85144805908203,259.149555683136,0.5892436683177948,0.48311827,624.00006,10,164,7.554553333332119,35.02314,24.999998,71.56536000000007,0.5,0.5068892240524292,uniform,uniform,10,0.0,0.0,0.0,7,3-2-0-1
independent,2345,vehicle_id_permuted,32,9.021323,0.65000004,7,6,6,201.5022116440993,408.1702709197998,254.39806112876306,0.571801483631134,0.64284265,630.1413,10,164,7.554553333332119,44.021324,35.0,71.56536000000007,0.5,0.5068892240524292,uniform,uniform,10,0.0,0.0,0.0,7,3-2-0-1
independent,2345,vehicle_id_permuted,33,6.2378216,0.6,8,8,8,147.53800630569458,456.9275093078613,234.45906281471252,0.41645345389842986,1.0118893,964.63385,10,164,7.554553333332119,46.237816,39.999992,71.56536000000007,0.5,0.5068892240524292,uniform,uniform,10,0.0,0.0,0.0,7,3-2-0-1
independent,2345,vehicle_id_permuted,34,8.691894,0.75,5,4,4,134.24952173233032,390.9162139892578,226.37064051628113,0.5361576080322266,0.6623493,698.5776,10,164,7.554553333332119,33.69189,24.999996,71.56536000000007,0.5,0.5068892240524292,uniform,uniform,10,0.0,0.0,0.0,7,3-2-0-1
independent,2345,vehicle_id_permuted,35,8.454046,0.8,4,4,4,147.87494709715247,456.3882637023926,258.4632794559002,0.5578509509563446,0.6587312,681.31464,10,164,7.554553333332119,28.454044,19.999998,71.56536000000007,0.5,0.5068892240524292,uniform,uniform,10,0.0,0.0,0.0,7,3-2-0-1
independent,2345,vehicle_id_permuted,36,8.226798,0.65000004,7,7,7,147.0584763930394,385.1831245422363,211.51122093200684,0.527428388595581,0.6313829,715.33765,10,164,7.554553333332119,43.2268,35.0,71.56536000000007,0.5,0.5068892240524292,uniform,uniform,10,0.0,0.0,0.0,7,3-2-0-1
independent,2345,vehicle_id_permuted,37,9.48,0.7,6,4,4,195.81894763878412,442.7829837799072,272.6399384226118,0.5806161850690842,0.6022607,624.00006,10,164,7.554553333332119,39.480003,30.000004,71.56536000000007,0.5,0.5068892240524292,uniform,uniform,10,0.0,0.0,0.0,7,3-2-0-1
independent,2345,vehicle_id_permuted,38,8.275453,0.65000004,7,7,7,204.09784665474524,477.73183822631836,285.93190945111786,0.5178550809621811,0.65860355,786.0276,10,164,7.554553333332119,43.27545,35.0,71.56536000000007,0.5,0.5068892240524292,uniform,uniform,10,0.0,0.0,0.0,7,3-2-0-1
independent,2345,vehicle_id_permuted,39,9.739441,0.65000004,7,6,6,196.37405193769015,428.95331382751465,270.0958255621103,0.5661166906356812,0.656676,641.0561,10,164,7.554553333332119,44.73944,35.0,71.56536000000007,0.5,0.5068892240524292,uniform,uniform,10,0.0,0.0,0.0,7,3-2-0-1
independent,2345,vehicle_id_permuted,40,9.030521,0.8,4,4,4,154.28387749940157,441.36022567749023,254.27015617489815,0.6048752009868622,0.59642565,575.99994,10,164,7.554553333332119,29.030521,20.0,71.56536000000007,0.5,0.5068892240524292,uniform,uniform,10,0.0,0.0,0.0,7,3-2-0-1
independent,2345,vehicle_id_permuted,41,7.082921,0.7,6,5,5,193.67698475718498,459.9734687805176,291.46742258753096,0.46336412727832793,0.91389334,871.9584,10,164,7.554553333332119,37.082924,30.000004,71.56536000000007,0.5,0.5068892240524292,uniform,uniform,10,0.0,0.0,0.0,7,3-2-0-1
independent,2345,vehicle_id_permuted,42,6.806298,0.8,4,3,3,135.8082975447178,465.82305908203125,236.01864382624626,0.5195067167282105,0.72709376,764.3703,10,164,7.554553333332119,26.806297,20.0,71.56536000000007,0.5,0.5068892240524292,uniform,uniform,10,0.0,0.0,0.0,7,3-2-0-1
independent,2345,vehicle_id_permuted,43,6.686172,0.65000004,7,2,2,116.3296219935784,444.2662525177002,216.60748408390924,0.45454088747501376,0.9369375,867.548,10,164,7.554553333332119,41.68617,34.999996,71.56536000000007,0.5,0.5068892240524292,uniform,uniform,10,0.0,0.0,0.0,7,3-2-0-1
independent,2345,vehicle_id_permuted,44,8.745604,0.7,6,6,6,117.72604372884545,419.4686222076416,234.89271410873957,0.5379099249839783,0.64926046,695.2131,10,164,7.554553333332119,38.745605,30.000002,71.56536000000007,0.5,0.5068892240524292,uniform,uniform,10,0.0,0.0,0.0,7,3-2-0-1
independent,2345,vehicle_id_permuted,45,11.233185,0.85,3,3,3,141.6554048832725,477.94718742370605,226.10007594613467,0.6843477070331574,0.38237718,480.49518,10,164,7.554553333332119,26.233187,15.000002,71.56536000000007,0.5,0.5068892240524292,uniform,uniform,10,0.0,0.0,0.0,7,3-2-0-1
independent,2345,vehicle_id_permuted,46,7.643441,0.8,4,4,4,124.17803451418877,465.2929401397705,234.70077574253082,0.5670126765966416,0.61877894,672.6287,10,164,7.554553333332119,27.64344,20.0,71.56536000000007,0.5,0.5068892240524292,uniform,uniform,10,0.0,0.0,0.0,7,3-2-0-1
independent,2345,vehicle_id_permuted,47,9.116025,0.75,5,4,4,162.27637612819672,429.13744926452637,232.58638858795166,0.5746899247169495,0.6265579,624.5955,10,164,7.554553333332119,34.116024,25.0,71.56536000000007,0.5,0.5068892240524292,uniform,uniform,10,0.0,0.0,0.0,7,3-2-0-1
independent,2345,vehicle_id_permuted,48,6.525214,0.7,6,3,3,151.95747166872025,476.1738109588623,240.79652973583765,0.44932050406932833,1.0239002,909.4787,10,164,7.554553333332119,36.52521,29.999996,71.56536000000007,0.5,0.5068892240524292,uniform,uniform,10,0.0,0.0,0.0,7,3-2-0-1
independent,2345,vehicle_id_permuted,49,8.706421,0.75,5,4,4,133.0639923810959,448.0026054382324,230.78461861610413,0.5831482946872711,0.609752,624.35803,10,164,7.554553333332119,33.70642,25.0,71.56536000000007,0.5,0.5068892240524292,uniform,uniform,10,0.0,0.0,0.0,7,3-2-0-1
independent,2345,vehicle_id_permuted,50,8.337688,0.85,3,3,3,202.23726321669187,476.5536117553711,302.5876820788664,0.5897243797779084,0.6646246,672.00006,10,164,7.554553333332119,23.33769,15.000002,71.56536000000007,0.5,0.5068892240524292,uniform,uniform,10,0.0,0.0,0.0,7,3-2-0-1
independent,2345,vehicle_id_permuted,51,8.828625,0.7,6,6,6,150.22593191691809,463.17352294921875,235.23886697632926,0.5811594903469086,0.63336897,661.2213,10,164,7.554553333332119,38.82863,30.000004,71.56536000000007,0.5,0.5068892240524292,uniform,uniform,10,0.0,0.0,0.0,7,3-2-0-1
independent,2345,vehicle_id_permuted,52,9.429669,0.6,8,8,8,178.67617279291153,470.02684593200684,305.35119116306305,0.5714280635118485,0.6706543,672.00006,10,164,7.554553333332119,49.429672,40.000004,71.56536000000007,0.5,0.5068892240524292,uniform,uniform,10,0.0,0.0,0.0,7,3-2-0-1
independent,2345,vehicle_id_permuted,53,8.518963,0.85,3,1,1,133.48136186599731,460.59725761413574,241.34221883381113,0.5652850449085236,0.6419925,675.39667,10,164,7.554553333332119,23.518963,15.0,71.56536000000007,0.5,0.5068892240524292,uniform,uniform,10,0.0,0.0,0.0,7,3-2-0-1
independent,2345,vehicle_id_permuted,54,7.894669,0.75,5,4,4,165.62321174144745,429.79591369628906,228.1723449230194,0.49618300795555115,0.724231,775.3288,10,164,7.554553333332119,32.89467,25.0,71.56536000000007,0.5,0.5068892240524292,uniform,uniform,10,0.0,0.0,0.0,7,3-2-0-1
independent,2345,vehicle_id_permuted,55,9.869577,0.75,5,5,5,138.07875394821167,413.46190452575684,203.7307198047638,0.6135196685791016,0.36458468,550.04224,10,164,7.554553333332119,34.869576,24.999998,71.56536000000007,0.5,0.5068892240524292,uniform,uniform,10,0.0,0.0,0.0,7,3-2-0-1
independent,2345,vehicle_id_permuted,56,10.014361,0.85,3,1,1,118.61431507503285,410.5549907684326,232.52914414686316,0.6137688755989075,0.5156764,549.5639,10,164,7.554553333332119,25.014362,15.000001,71.56536000000007,0.5,0.5068892240524292,uniform,uniform,10,0.0,0.0,0.0,7,3-2-0-1
independent,2345,vehicle_id_permuted,57,8.738836,0.75,5,5,5,172.60814905166626,438.6061191558838,258.93794202804565,0.5483164966106415,0.65595436,685.37836,10,164,7.554553333332119,33.73884,25.000002,71.56536000000007,0.5,0.5068892240524292,uniform,uniform,10,0.0,0.0,0.0,7,3-2-0-1
independent,2345,vehicle_id_permuted,58,9.032084,0.5,10,9,9,180.24485564231873,465.8593940734863,249.40050601959229,0.4926351845264435,0.80353636,816.00006,10,164,7.554553333332119,59.03208,49.999996,71.56536000000007,0.5,0.5068892240524292,uniform,uniform,10,0.0,0.0,0.0,7,3-2-0-1
independent,2345,vehicle_id_permuted,59,10.13,0.7,6,6,6,247.91283130645752,459.58651542663574,297.978903395789,0.589368024468422,0.5088373,624.00006,10,164,7.554553333332119,40.129993,29.999992,71.56536000000007,0.5,0.5068892240524292,uniform,uniform,10,0.0,0.0,0.0,7,3-2-0-1
independent,3456,aggregation_argmax,0,10.342005,1.0,0,0,0,167.22130626440048,476.1464595794678,219.2664806842804,0.7121687561273575,0.39521524,407.82843,10,159,7.934448333332019,10.342005,0.0,79.7401800000003,0.5,0.5068892240524292,uniform,uniform,10,0.0,0.0,0.0,0,
independent,3456,aggregation_argmax,1,9.67,0.65000004,7,6,6,153.6674381677921,479.4942855834961,284.11974769372205,0.6025130271911621,0.64996696,672.00006,10,159,7.934448333332019,44.670002,35.0,79.7401800000003,0.5,0.5068892240524292,uniform,uniform,10,0.0,0.0,0.0,0,
independent,3456,aggregation_argmax,2,9.926358,0.65000004,7,7,7,182.17749540622418,447.04590797424316,261.508621435899,0.5828364580869675,0.50669867,624.00006,10,159,7.934448333332019,44.926353,34.999996,79.7401800000003,0.5,0.5068892240524292,uniform,uniform,10,0.0,0.0,0.0,0,
independent,3456,aggregation_argmax,3,6.980609,0.6,8,8,8,156.2908624112606,443.6198043823242,287.29187846183777,0.4486900895833969,0.73793,887.14343,10,159,7.934448333332019,46.98061,40.0,79.7401800000003,0.5,0.5068892240524292,uniform,uniform,10,0.0,0.0,0.0,0,
independent,3456,aggregation_argmax,4,8.361804,0.75,5,5,5,127.18433284759521,467.12419509887695,269.4693512916565,0.5572320699691773,0.69722825,720.00006,10,159,7.934448333332019,33.3618,24.999996,79.7401800000003,0.5,0.5068892240524292,uniform,uniform,10,0.0,0.0,0.0,0,
independent,3456,aggregation_argmax,5,8.928733,0.7,6,5,5,128.2926202246121,466.11928939819336,257.7515264919826,0.5781212389469147,0.6382247,652.1266,10,159,7.934448333332019,38.928726,29.999992,79.7401800000003,0.5,0.5068892240524292,uniform,uniform,10,0.0,0.0,0.0,0,
independent,3456,aggregation_argmax,6,9.482162,0.90000004,2,2,2,142.40153749783835,438.24331283569336,216.77163243293762,0.6232157289981842,0.5812917,537.6692,10,159,7.934448333332019,19.48216,9.999998,79.7401800000003,0.5,0.5068892240524292,uniform,uniform,10,0.0,0.0,0.0,0,
independent,3456,aggregation_argmax,7,7.6442776,0.8,4,3,3,143.61185878515244,457.6169013977051,239.18243676424026,0.5250233352184296,0.7533347,745.57214,10,159,7.934448333332019,27.644278,20.0,79.7401800000003,0.5,0.5068892240524292,uniform,uniform,10,0.0,0.0,0.0,0,
independent,3456,aggregation_argmax,8,10.655815,0.7,6,6,6,164.77044620684214,371.8383979797363,215.03018157822746,0.6180801391601562,0.57789737,541.2862,10,159,7.934448333332019,40.65582,30.000004,79.7401800000003,0.5,0.5068892240524292,uniform,uniform,10,0.0,0.0,0.0,0,
independent,3456,aggregation_argmax,9,8.597968,0.75,5,4,4,174.11440896987915,474.4277000427246,279.14479875564575,0.5837168127298356,0.6690869,672.00006,10,159,7.934448333332019,33.59797,25.0,79.7401800000003,0.5,0.5068892240524292,uniform,uniform,10,0.0,0.0,0.0,0,
independent,3456,aggregation_argmax,10,8.779374,0.85,3,3,3,153.60080848721896,466.44049644470215,222.6970972033108,0.6162158638238907,0.6290574,579.30615,10,159,7.934448333332019,23.779377,15.000003,79.7401800000003,0.5,0.5068892240524292,uniform,uniform,10,0.0,0.0,0.0,0,
independent,3456,aggregation_argmax,11,8.454417,0.90000004,2,2,2,166.66619211435318,429.0116214752197,263.56437007586163,0.5657751560211182,0.63862854,641.7119,10,159,7.934448333332019,18.454422,10.000005,79.7401800000003,0.5,0.5068892240524292,uniform,uniform,10,0.0,0.0,0.0,0,
independent,3456,aggregation_argmax,12,11.581268,0.85,3,3,3,168.07229077114778,476.4444351196289,297.4589101006003,0.7245430320501327,0.2566854,432.0,10,159,7.934448333332019,26.581268,15.0,79.7401800000003,0.5,0.5068892240524292,uniform,uniform,10,0.0,0.0,0.0,0,
independent,3456,aggregation_argmax,13,6.690263,0.7,6,6,6,116.67922432933536,389.1916751861572,213.4945055416652,0.45948582887649536,0.678935,845.78735,10,159,7.934448333332019,36.69026,30.0,79.7401800000003,0.5,0.5068892240524292,uniform,uniform,10,0.0,0.0,0.0,0,
independent,3456,aggregation_argmax,14,9.194589,0.85,3,2,2,170.32274765126846,450.3515338897705,256.63915157318115,0.6399172425270081,0.5813542,527.99994,10,159,7.934448333332019,24.194592,15.000003,79.7401800000003,0.5,0.5068892240524292,uniform,uniform,10,0.0,0.0,0.0,0,
independent,3456,aggregation_argmax,15,8.067699,0.75,5,5,5,93.49029815196991,479.56621170043945,192.4360315799713,0.5533040702342987,0.59170437,713.2226,10,159,7.934448333332019,33.067703,25.000004,79.7401800000003,0.5,0.5068892240524292,uniform,uniform,10,0.0,0.0,0.0,0,
independent,3456,aggregation_argmax,16,8.542381,0.75,5,4,4,149.1511138677597,457.10211753845215,253.86618566513062,0.5552832216024399,0.7099401,687.8373,10,159,7.934448333332019,33.54238,25.0,79.7401800000003,0.5,0.5068892240524292,uniform,uniform,10,0.0,0.0,0.0,0,
independent,3456,aggregation_argmax,17,11.074003,0.90000004,2,2,2,132.16115345557532,463.80226135253906,257.91163206100464,0.712605619430542,0.25354335,391.59955,10,159,7.934448333332019,21.074005,10.000002,79.7401800000003,0.5,0.5068892240524292,uniform,uniform,10,0.0,0.0,0.0,0,
independent,3456,aggregation_argmax,18,7.479688,0.8,4,4,4,156.06121692806482,472.94257164001465,229.7265601158142,0.5088947743177414,0.8254715,800.03125,10,159,7.934448333332019,27.47969,20.000002,79.7401800000003,0.5,0.5068892240524292,uniform,uniform,10,0.0,0.0,0.0,0,
independent,3456,aggregation_argmax,19,8.384758,0.65000004,7,4,4,140.34948183940008,413.3310127258301,216.81468101648184,0.5098817944526672,0.7241584,749.02716,10,159,7.934448333332019,43.384758,35.0,79.7401800000003,0.5,0.5068892240524292,uniform,uniform,10,0.0,0.0,0.0,0,
independent,3456,aggregation_argmax,20,9.329518,0.65000004,7,6,6,160.06323296290176,389.1347122192383,234.9581474524278,0.5552011728286743,0.6216022,662.0139,10,159,7.934448333332019,44.329517,35.0,79.7401800000003,0.5,0.5068892240524292,uniform,uniform,10,0.0,0.0,0.0,0,
independent,3456,aggregation_argmax,21,7.240776,0.75,5,3,3,169.64518857002258,450.1635932922363,266.5593681335449,0.5089307755231858,0.7731898,779.92236,10,159,7.934448333332019,32.240776,25.0,79.7401800000003,0.5,0.5068892240524292,uniform,uniform,10,0.0,0.0,0.0,0,
independent,3456,aggregation_argmax,22,9.14549,0.7,6,6,6,183.92579095704215,465.0581932067871,261.42750927380155,0.5596912443637848,0.6295462,686.4511,10,159,7.934448333332019,39.145493,30.000004,79.7401800000003,0.5,0.5068892240524292,uniform,uniform,10,0.0,0.0,0.0,0,
independent,3456,aggregation_argmax,23,7.8231754,0.75,5,5,5,135.04783952236176,478.6736011505127,249.67961144447327,0.5516843616962432,0.7680483,776.6825,10,159,7.934448333332019,32.823177,25.000002,79.7401800000003,0.5,0.5068892240524292,uniform,uniform,10,0.0,0.0,0.0,0,
independent,3456,aggregation_argmax,24,9.04136,0.75,5,4,4,113.8321704864502,474.9456024169922,217.31936979293823,0.6173632383346558,0.6051495,585.6083,10,159,7.934448333332019,34.04136,25.0,79.7401800000003,0.5,0.5068892240524292,uniform,uniform,10,0.0,0.0,0.0,0,
independent,3456,aggregation_argmax,25,9.202005,0.6,8,7,7,107.93254554271698,466.4028739929199,250.54320842027664,0.542918199300766,0.5273183,720.00006,10,159,7.934448333332019,49.202003,40.0,79.7401800000003,0.5,0.5068892240524292,uniform,uniform,10,0.0,0.0,0.0,0,
independent,3456,aggregation_argmax,26,8.393645,0.75,5,5,5,152.2999701499939,470.28937339782715,260.6856265068054,0.5698307037353516,0.639682,708.63556,10,159,7.934448333332019,33.39364,24.999992,79.7401800000003,0.5,0.5068892240524292,uniform,uniform,10,0.0,0.0,0.0,0,
independent,3456,aggregation_argmax,27,7.220457,0.8,4,3,3,165.4900647327304,479.4789218902588,261.88099198043346,0.5363888770341874,0.6431803,748.7839,10,159,7.934448333332019,27.220455,19.999998,79.7401800000003,0.5,0.5068892240524292,uniform,uniform,10,0.0,0.0,0.0,0,
independent,3456,aggregation_argmax,28,7.6451416,0.8,4,4,4,134.51096780598164,476.28687858581543,234.8503578454256,0.5694649010896683,0.69605374,678.9143,10,159,7.934448333332019,27.64514,19.999998,79.7401800000003,0.5,0.5068892240524292,uniform,uniform,10,0.0,0.0,0.0,0,
independent,3456,aggregation_argmax,29,9.2049465,0.7,6,6,6,155.5329430103302,476.8268394470215,259.72376142229353,0.5595425307750702,0.6399348,698.5053,10,159,7.934448333332019,39.20495,30.000002,79.7401800000003,0.5,0.5068892240524292,uniform,uniform,10,0.0,0.0,0.0,0,
independent,3456,aggregation_argmax,30,12.276239,0.7,6,5,5,153.84086889880044,478.5640811920166,245.960670539311,0.7400434345006943,0.29965585,367.97433,10,159,7.934448333332019,42.276237,29.999998,79.7401800000003,0.5,0.5068892240524292,uniform,uniform,10,0.0,0.0,0.0,0,
independent,3456,aggregation_argmax,31,8.327523,0.75,5,5,5,120.19217240810394,390.6313419342041,234.19423079490662,0.503951907157898,0.7355394,760.4125,10,159,7.934448333332019,33.327522,25.0,79.7401800000003,0.5,0.5068892240524292,uniform,uniform,10,0.0,0.0,0.0,0,
independent,3456,aggregation_argmax,32,6.948742,0.75,5,4,4,156.5814208984375,441.6647529602051,229.31230640411377,0.483221971988678,0.78175014,809.8787,10,159,7.934448333332019,31.948742,25.0,79.7401800000003,0.5,0.5068892240524292,uniform,uniform,10,0.0,0.0,0.0,0,
independent,3456,aggregation_argmax,33,6.9316173,0.55,9,9,9,132.3191873593764,469.1835880279541,220.53219665180552,0.4257007330656052,1.0067012,947.8384,10,159,7.934448333332019,51.931614,44.999996,79.7401800000003,0.5,0.5068892240524292,uniform,uniform,10,0.0,0.0,0.0,0,
independent,3456,aggregation_argmax,34,9.869282,0.7,6,5,5,148.31787305218833,463.1576156616211,270.04769759518757,0.5730550915002823,0.62553513,672.00006,10,159,7.934448333332019,39.86928,30.0,79.7401800000003,0.5,0.5068892240524292,uniform,uniform,10,0.0,0.0,0.0,0,
independent,3456,aggregation_argmax,35,7.5425367,0.8,4,4,4,113.73755497857928,464.2160224914551,217.83683069050312,0.5101405322551728,0.803319,780.74646,10,159,7.934448333332019,27.542534,19.999996,79.7401800000003,0.5,0.5068892240524292,uniform,uniform,10,0.0,0.0,0.0,0,
independent,3456,aggregation_argmax,36,9.716948,0.65000004,7,7,7,143.1998202433953,371.02063179016113,208.88333448996912,0.5897318720817566,0.6267775,595.7149,10,159,7.934448333332019,44.716953,35.000008,79.7401800000003,0.5,0.5068892240524292,uniform,uniform,10,0.0,0.0,0.0,0,
independent,3456,aggregation_argmax,37,10.650001,0.4,12,10,10,156.79834887385368,412.4495601654053,276.16620004177094,0.5750000476837158,0.6172572,624.00006,10,159,7.934448333332019,70.65001,60.000008,79.7401800000003,0.5,0.5068892240524292,uniform,uniform,10,0.0,0.0,0.0,0,
independent,3456,aggregation_argmax,38,8.713358,0.75,5,5,5,138.1179757118225,385.4512310028076,229.6919140815735,0.5288207530975342,0.6212848,712.66425,10,159,7.934448333332019,33.713356,24.999998,79.7401800000003,0.5,0.5068892240524292,uniform,uniform,10,0.0,0.0,0.0,0,
independent,3456,aggregation_argmax,39,9.674069,0.65000004,7,6,6,212.46467718711267,428.6715030670166,278.1568523553702,0.5706908702850342,0.6488751,632.2737,10,159,7.934448333332019,44.67407,35.0,79.7401800000003,0.5,0.5068892240524292,uniform,uniform,10,0.0,0.0,0.0,0,
independent,3456,aggregation_argmax,40,9.317932,0.8,4,4,4,138.72986488044262,478.1198501586914,259.0253511071205,0.6003480792045593,0.6154188,621.45166,10,159,7.934448333332019,29.317932,20.0,79.7401800000003,0.5,0.5068892240524292,uniform,uniform,10,0.0,0.0,0.0,0,
independent,3456,aggregation_argmax,41,5.833708,0.7,6,5,5,146.33445835539274,474.7415828704834,270.5127361842564,0.4120867282152176,0.9214115,1012.78796,10,159,7.934448333332019,35.833706,29.999998,79.7401800000003,0.5,0.5068892240524292,uniform,uniform,10,0.0,0.0,0.0,0,
independent,3456,aggregation_argmax,42,6.507406,0.8,4,3,3,123.62829890102148,465.82305908203125,241.47320240736008,0.507064425945282,0.718845,788.25946,10,159,7.934448333332019,26.507406,20.0,79.7401800000003,0.5,0.5068892240524292,uniform,uniform,10,0.0,0.0,0.0,0,
independent,3456,aggregation_argmax,43,8.637093,0.65000004,7,5,5,118.1182273534628,425.8989143371582,218.62685900468094,0.5489464998245239,0.65644634,674.02277,10,159,7.934448333332019,43.63709,34.999996,79.7401800000003,0.5,0.5068892240524292,uniform,uniform,10,0.0,0.0,0.0,0,
independent,3456,aggregation_argmax,44,9.31,0.7,6,6,6,148.24116733457362,468.1819725036621,261.5249483074461,0.5796804904937745,0.6566438,672.00006,10,159,7.934448333332019,39.310005,30.000004,79.7401800000003,0.5,0.5068892240524292,uniform,uniform,10,0.0,0.0,0.0,0,
independent,3456,aggregation_argmax,45,10.400263,0.8,4,4,4,133.74008640646935,406.03434562683105,207.24728263914585,0.6338679194450378,0.45579335,510.97366,10,159,7.934448333332019,30.400263,20.0,79.7401800000003,0.5,0.5068892240524292,uniform,uniform,10,0.0,0.0,0.0,0,
independent,3456,aggregation_argmax,46,7.2763214,0.85,3,3,3,119.52883327708525,465.2929401397705,227.21456387463738,0.5583085507154465,0.60704035,689.3407,10,159,7.934448333332019,22.276321,15.0,79.7401800000003,0.5,0.5068892240524292,uniform,uniform,10,0.0,0.0,0.0,0,
independent,3456,aggregation_argmax,47,9.97,0.7,6,5,5,156.22811845370703,453.4837245941162,280.2867607559477,0.5861894875764847,0.5251276,624.00006,10,159,7.934448333332019,39.97,30.0,79.7401800000003,0.5,0.5068892240524292,uniform,uniform,10,0.0,0.0,0.0,0,
independent,3456,aggregation_argmax,48,9.241984,0.6,8,5,5,147.18422174453735,425.4378604888916,243.30091685056686,0.5250000357627869,0.67457336,720.00006,10,159,7.934448333332019,49.24199,40.000004,79.7401800000003,0.5,0.5068892240524292,uniform,uniform,10,0.0,0.0,0.0,0,
independent,3456,aggregation_argmax,49,8.251617,0.75,5,4,4,118.90170323848724,473.8117790222168,232.29261708259583,0.5748221218585968,0.6505807,666.1534,10,159,7.934448333332019,33.25162,25.000004,79.7401800000003,0.5,0.5068892240524292,uniform,uniform,10,0.0,0.0,0.0,0,
independent,3456,aggregation_argmax,50,9.424468,0.7,6,6,6,149.68880934374673,477.67215728759766,267.57374933787753,0.6040980249643326,0.63516116,624.00006,10,159,7.934448333332019,39.42447,30.0,79.7401800000003,0.5,0.5068892240524292,uniform,uniform,10,0.0,0.0,0.0,0,
independent,3456,aggregation_argmax,51,8.433636,0.75,5,5,5,156.73458409309387,471.2372875213623,259.4182415008545,0.5971879750490189,0.6245234,620.6365,10,159,7.934448333332019,33.433636,25.0,79.7401800000003,0.5,0.5068892240524292,uniform,uniform,10,0.0,0.0,0.0,0,
independent,3456,aggregation_argmax,52,9.520409,0.85,3,3,3,178.88685422785142,444.65572357177734,252.97996906673208,0.6079159021377564,0.58901995,573.45734,10,159,7.934448333332019,24.520405,14.999996,79.7401800000003,0.5,0.5068892240524292,uniform,uniform,10,0.0,0.0,0.0,0,
independent,3456,aggregation_argmax,53,8.56487,0.8,4,2,2,132.56021976470947,460.59725761413574,246.53737977147102,0.5736035495996475,0.62841356,655.2785,10,159,7.934448333332019,28.564875,20.000004,79.7401800000003,0.5,0.5068892240524292,uniform,uniform,10,0.0,0.0,0.0,0,
independent,3456,aggregation_argmax,54,6.4639897,0.75,5,4,4,162.8921514749527,434.8437309265137,221.64693403244019,0.4535251796245575,0.79535437,860.07556,10,159,7.934448333332019,31.46399,25.0,79.7401800000003,0.5,0.5068892240524292,uniform,uniform,10,0.0,0.0,0.0,0,
independent,3456,aggregation_argmax,55,12.02,0.90000004,2,2,2,161.87558035055795,455.4101085662842,265.9737281004588,0.7199538230895997,0.29574746,383.99997,10,159,7.934448333332019,22.020002,10.000002,79.7401800000003,0.5,0.5068892240524292,uniform,uniform,10,0.0,0.0,0.0,0,
independent,3456,aggregation_argmax,56,9.344519,0.7,6,4,4,107.32195053781781,375.75822830200195,212.74632019656045,0.5700269937515259,0.6333322,633.5482,10,159,7.934448333332019,39.34452,30.000002,79.7401800000003,0.5,0.5068892240524292,uniform,uniform,10,0.0,0.0,0.0,0,
independent,3456,aggregation_argmax,57,9.566265,0.7,6,6,6,179.3548881156104,436.1148262023926,284.8364161593573,0.5521432101726532,0.56350464,672.00006,10,159,7.934448333332019,39.566265,30.0,79.7401800000003,0.5,0.5068892240524292,uniform,uniform,10,0.0,0.0,0.0,0,
independent,3456,aggregation_argmax,58,8.563418,0.55,9,8,8,164.8360562324524,447.79048919677734,285.3376319191673,0.48322429656982424,0.83428437,816.00006,10,159,7.934448333332019,53.56342,45.0,79.7401800000003,0.5,0.5068892240524292,uniform,uniform,10,0.0,0.0,0.0,0,
independent,3456,aggregation_argmax,59,9.345766,0.65000004,7,7,7,148.47905626663794,399.7109127044678,246.10511486346905,0.5600212812423706,0.6398028,652.75934,10,159,7.934448333332019,44.345768,35.0,79.7401800000003,0.5,0.5068892240524292,uniform,uniform,10,0.0,0.0,0.0,0,
independent,3456,aggregation_softmax,0,12.423584,1.0,0,0,0,188.8227979838848,414.66113090515137,240.86797481775284,0.8346620202064514,0.13357462,125.44902,10,161,7.704818333335102,12.423584,0.0,73.19691999999993,0.5,0.5068892240524292,uniform,uniform,10,0.0,0.0,0.0,0,
independent,3456,aggregation_softmax,1,15.331106,0.7,6,5,5,83.89648714235851,475.0371551513672,201.00529049124037,0.8813937127590179,0.14112656,132.92976,10,161,7.704818333335102,45.331104,29.999998,73.19691999999993,0.5,0.5068892240524292,uniform,uniform,10,0.0,0.0,0.0,0,
independent,3456,aggregation_softmax,2,17.49,0.45000002,11,11,11,161.65144681930542,428.2019233703613,280.7551944255829,0.9000000953674316,0.06276558,0.0,10,161,7.704818333335102,72.48999,54.999992,73.19691999999993,0.5,0.5068892240524292,uniform,uniform,10,0.0,0.0,0.0,0,
independent,3456,aggregation_softmax,3,15.755541,0.75,5,5,5,149.89190983772278,478.42031478881836,284.74518871307373,0.9112935841083527,0.039501246,30.445768,10,161,7.704818333335102,40.75554,24.999998,73.19691999999993,0.5,0.5068892240524292,uniform,uniform,10,0.0,0.0,0.0,0,
independent,3456,aggregation_softmax,4,15.079504,0.8,4,4,4,130.57566717267036,477.476863861084,248.28463934361935,0.8850926637649537,0.13181183,104.04952,10,161,7.704818333335102,35.079506,20.000002,73.19691999999993,0.5,0.5068892240524292,uniform,uniform,10,0.0,0.0,0.0,0,
independent,3456,aggregation_softmax,5,14.586584,0.8,4,3,3,105.10204620659351,454.61182594299316,213.8467164337635,0.8556751698255539,0.17997345,107.71571,10,161,7.704818333335102,34.586582,19.999998,73.19691999999993,0.5,0.5068892240524292,uniform,uniform,10,0.0,0.0,0.0,0,
independent,3456,aggregation_softmax,6,14.136949,0.90000004,2,2,2,145.02510050932565,442.13144302368164,239.6747694412867,0.8546418428421021,0.10317605,103.46253,10,161,7.704818333335102,24.13695,10.000001,73.19691999999993,0.5,0.5068892240524292,uniform,uniform,10,0.0,0.0,0.0,0,
independent,3456,aggregation_softmax,7,12.54932,0.8,4,3,3,155.53122628480196,391.12441062927246,227.60799497365952,0.7530540823936462,0.17394061,282.13623,10,161,7.704818333335102,32.549324,20.000004,73.19691999999993,0.5,0.5068892240524292,uniform,uniform,10,0.0,0.0,0.0,0,
independent,3456,aggregation_softmax,8,16.083088,0.85,3,3,3,133.7313521609587,455.70467948913574,250.89871539789087,0.9215008288621902,0.07660617,0.0,10,161,7.704818333335102,31.083088,15.0,73.19691999999993,0.5,0.5068892240524292,uniform,uniform,10,0.0,0.0,0.0,0,
independent,3456,aggregation_softmax,9,16.052776,0.6,8,7,7,88.07312801480293,441.75135612487793,187.16673344373703,0.8906990081071854,0.05043979,27.609386,10,161,7.704818333335102,56.052773,39.999996,73.19691999999993,0.5,0.5068892240524292,uniform,uniform,10,0.0,0.0,0.0,0,
independent,3456,aggregation_softmax,10,13.977903,0.8,4,4,4,125.06659945473075,423.77031326293945,194.820751324296,0.8273614048957825,0.17407155,139.46619,10,161,7.704818333335102,33.9779,19.999998,73.19691999999993,0.5,0.5068892240524292,uniform,uniform,10,0.0,0.0,0.0,0,
independent,3456,aggregation_softmax,11,12.84392,0.90000004,2,2,2,126.23564993341763,440.8402633666992,223.13382605711618,0.7950125575065613,0.1630184,210.41623,10,161,7.704818333335102,22.84392,10.0,73.19691999999993,0.5,0.5068892240524292,uniform,uniform,10,0.0,0.0,0.0,0,
independent,3456,aggregation_softmax,12,14.626889,1.0,0,0,0,125.63394910097122,450.1761245727539,250.24224650859833,0.8830968171358109,0.10416133,53.827454,10,161,7.704818333335102,14.626897,7.6293945e-06,73.19691999999993,0.5,0.5068892240524292,uniform,uniform,10,0.0,0.0,0.0,0,
independent,3456,aggregation_softmax,13,11.136266,0.8,4,4,4,88.42554353177547,337.1967887878418,175.95141112804413,0.6734027862548828,0.18009777,435.0666,10,161,7.704818333335102,31.136269,20.000004,73.19691999999993,0.5,0.5068892240524292,uniform,uniform,10,0.0,0.0,0.0,0,
independent,3456,aggregation_softmax,14,15.450002,0.8,4,3,3,169.2998220026493,448.88986587524414,271.8168242275715,0.8837969243526459,0.08343992,48.0,10,161,7.704818333335102,35.450005,20.000004,73.19691999999993,0.5,0.5068892240524292,uniform,uniform,10,0.0,0.0,0.0,0,
independent,3456,aggregation_softmax,15,12.665676,0.90000004,2,2,2,71.11936459938686,474.97650146484375,185.98267197608948,0.7931654483079911,0.20245676,250.2673,10,161,7.704818333335102,22.665676,10.0,73.19691999999993,0.5,0.5068892240524292,uniform,uniform,10,0.0,0.0,0.0,0,
independent,3456,aggregation_softmax,16,14.012354,0.8,4,3,3,154.0851853787899,463.626766204834,251.11934937536716,0.8322383105754853,0.104309,161.72937,10,161,7.704818333335102,34.012356,20.000002,73.19691999999993,0.5,0.5068892240524292,uniform,uniform,10,0.0,0.0,0.0,0,
independent,3456,aggregation_softmax,17,15.1554165,0.8,4,4,4,104.11469377577305,442.9241466522217,199.61890250444412,0.8484907537698746,0.037599813,109.821976,10,161,7.704818333335102,35.155422,20.000006,73.19691999999993,0.5,0.5068892240524292,uniform,uniform,10,0.0,0.0,0.0,0,
independent,3456,aggregation_softmax,18,15.986784,0.6,8,8,8,181.09638810157776,380.5886650085449,222.98229336738586,0.845145046710968,0.07792602,105.32163,10,161,7.704818333335102,55.986786,40.0,73.19691999999993,0.5,0.5068892240524292,uniform,uniform,10,0.0,0.0,0.0,0,
independent,3456,aggregation_softmax,19,15.331621,0.7,6,3,3,182.40747009004866,467.09272384643555,271.559869817325,0.8721967279911041,0.061386682,88.4751,10,161,7.704818333335102,45.331627,30.000006,73.19691999999993,0.5,0.5068892240524292,uniform,uniform,10,0.0,0.0,0.0,0,
independent,3456,aggregation_softmax,20,14.802517,0.90000004,2,1,1,136.41655753056207,439.46866035461426,261.08946800231934,0.8693323820829392,0.06550226,66.35062,10,161,7.704818333335102,24.802515,9.999998,73.19691999999993,0.5,0.5068892240524292,uniform,uniform,10,0.0,0.0,0.0,0,
independent,3456,aggregation_softmax,21,15.0199995,0.75,5,3,3,210.96116399765015,476.2987232208252,312.87314224243164,0.9173682391643524,0.05565533,48.0,10,161,7.704818333335102,40.019993,24.999992,73.19691999999993,0.5,0.5068892240524292,uniform,uniform,10,0.0,0.0,0.0,0,
independent,3456,aggregation_softmax,22,14.886891,0.75,5,5,5,130.49705052375793,472.4424648284912,232.0351312160492,0.846032002568245,0.17105018,144.06116,10,161,7.704818333335102,39.886887,24.999996,73.19691999999993,0.5,0.5068892240524292,uniform,uniform,10,0.0,0.0,0.0,0,
independent,3456,aggregation_softmax,23,12.915222,0.8,4,4,4,110.75159836560488,476.4309597015381,263.9397905766964,0.8045041918754577,0.11492066,318.47772,10,161,7.704818333335102,32.915222,20.0,73.19691999999993,0.5,0.5068892240524292,uniform,uniform,10,0.0,0.0,0.0,0,
independent,3456,aggregation_softmax,24,16.15604,0.65000004,7,6,6,137.46898137606107,383.27585220336914,200.90158224105835,0.8805229663848877,0.02420052,37.396004,10,161,7.704818333335102,51.156036,34.999996,73.19691999999993,0.5,0.5068892240524292,uniform,uniform,10,0.0,0.0,0.0,0,
independent,3456,aggregation_softmax,25,16.55,0.65000004,7,6,6,130.87966341238754,438.20743560791016,212.20816859832178,0.9032331347465515,0.06418216,0.0,10,161,7.704818333335102,51.55,35.0,73.19691999999993,0.5,0.5068892240524292,uniform,uniform,10,0.0,0.0,0.0,0,
independent,3456,aggregation_softmax,26,15.102838,0.7,6,6,6,164.247881259237,470.06014823913574,267.0377234050206,0.8669441372156144,0.10151975,104.662796,10,161,7.704818333335102,45.102837,30.0,73.19691999999993,0.5,0.5068892240524292,uniform,uniform,10,0.0,0.0,0.0,0,
independent,3456,aggregation_softmax,27,12.284265,0.85,3,2,2,110.23303659523235,431.72475814819336,211.73578030922835,0.8124715089797974,0.029244449,168.05473,10,161,7.704818333335102,27.284264,14.999999,73.19691999999993,0.5,0.5068892240524292,uniform,uniform,10,0.0,0.0,0.0,0,
independent,3456,aggregation_softmax,28,13.746428,0.85,3,3,3,89.99039358952466,465.3769111633301,222.50106874634238,0.830877834558487,0.17486304,166.09154,10,161,7.704818333335102,28.74643,15.000002,73.19691999999993,0.5,0.5068892240524292,uniform,uniform,10,0.0,0.0,0.0,0,
independent,3456,aggregation_softmax,29,16.93,0.6,8,8,8,145.89076399803162,466.25667572021484,301.46559715270996,0.9245907545089722,0.04227709,0.0,10,161,7.704818333335102,56.929993,39.999992,73.19691999999993,0.5,0.5068892240524292,uniform,uniform,10,0.0,0.0,0.0,0,
independent,3456,aggregation_softmax,30,15.543096,0.6,8,7,7,146.33008509874344,456.84797286987305,274.24335420131683,0.8641059070825576,0.049412612,96.0,10,161,7.704818333335102,55.543095,40.0,73.19691999999993,0.5,0.5068892240524292,uniform,uniform,10,0.0,0.0,0.0,0,
independent,3456,aggregation_softmax,31,13.227111,0.85,3,3,3,108.50188546320972,413.74019622802734,229.81472948018242,0.7775387763977051,0.19732398,235.12561,10,161,7.704818333335102,28.22711,14.999999,73.19691999999993,0.5,0.5068892240524292,uniform,uniform,10,0.0,0.0,0.0,0,
independent,3456,aggregation_softmax,32,13.776735,0.75,5,4,4,167.1772017478943,434.74273681640625,240.4414200782776,0.8063140153884888,0.07887451,182.61995,10,161,7.704818333335102,38.77674,25.000006,73.19691999999993,0.5,0.5068892240524292,uniform,uniform,10,0.0,0.0,0.0,0,
independent,3456,aggregation_softmax,33,14.1478,0.85,3,3,3,102.92752188794753,450.1577568054199,233.6504158552955,0.8156005412340164,0.091357596,199.82391,10,161,7.704818333335102,29.147797,14.999996,73.19691999999993,0.5,0.5068892240524292,uniform,uniform,10,0.0,0.0,0.0,0,
independent,3456,aggregation_softmax,34,15.38665,0.85,3,2,2,149.7927706381854,477.5654697418213,295.07857455926785,0.9376409173011779,0.03690313,28.334991,10,161,7.704818333335102,30.38665,15.0,73.19691999999993,0.5,0.5068892240524292,uniform,uniform,10,0.0,0.0,0.0,0,
independent,3456,aggregation_softmax,35,15.368274,0.85,3,3,3,119.98707764288959,476.2185859680176,239.3555352267097,0.9327478438615799,0.08037658,22.22455,10,161,7.704818333335102,30.36827,14.999997,73.19691999999993,0.5,0.5068892240524292,uniform,uniform,10,0.0,0.0,0.0,0,
independent,3456,aggregation_softmax,36,15.698425,0.65000004,7,7,7,110.7512341783597,473.90965461730957,233.9304548043471,0.886958721280098,0.04805357,76.20618,10,161,7.704818333335102,50.698433,35.000008,73.19691999999993,0.5,0.5068892240524292,uniform,uniform,10,0.0,0.0,0.0,0,
independent,3456,aggregation_softmax,37,16.078465,0.5,10,8,8,136.4695440530777,455.36662101745605,213.06561398506165,0.8871702343225479,0.025590599,48.000008,10,161,7.704818333335102,66.07846,49.999996,73.19691999999993,0.5,0.5068892240524292,uniform,uniform,10,0.0,0.0,0.0,0,
independent,3456,aggregation_softmax,38,15.540551,0.75,5,5,5,127.17343020439148,432.9408359527588,226.2446870803833,0.869272717833519,0.04352691,59.93742,10,161,7.704818333335102,40.54055,25.0,73.19691999999993,0.5,0.5068892240524292,uniform,uniform,10,0.0,0.0,0.0,0,
independent,3456,aggregation_softmax,39,15.310988,0.7,6,5,5,146.7355613197599,445.34159660339355,215.6750224317823,0.8887992292642594,0.09590053,34.847214,10,161,7.704818333335102,45.31099,30.0,73.19691999999993,0.5,0.5068892240524292,uniform,uniform,10,0.0,0.0,0.0,0,
independent,3456,aggregation_softmax,40,14.246262,0.65000004,7,7,7,156.00723940592545,353.3061218261719,204.63206786375778,0.7722010612487793,0.17951973,245.37398,10,161,7.704818333335102,49.24626,35.0,73.19691999999993,0.5,0.5068892240524292,uniform,uniform,10,0.0,0.0,0.0,0,
independent,3456,aggregation_softmax,41,11.824029,0.75,5,4,4,176.10416716337204,468.8731098175049,270.51249384880066,0.7405323117971421,0.26024047,379.56778,10,161,7.704818333335102,36.82403,25.000004,73.19691999999993,0.5,0.5068892240524292,uniform,uniform,10,0.0,0.0,0.0,0,
independent,3456,aggregation_softmax,42,12.209529,0.90000004,2,1,1,111.79452866315842,437.6289939880371,237.72166152795157,0.7638409674167633,0.071516454,267.05435,10,161,7.704818333335102,22.209536,10.000007,73.19691999999993,0.5,0.5068892240524292,uniform,uniform,10,0.0,0.0,0.0,0,
independent,3456,aggregation_softmax,43,14.945936,0.65000004,7,5,5,109.06145178354703,450.65320014953613,225.19088827646695,0.8679193288087845,0.06437047,96.406494,10,161,7.704818333335102,49.94593,34.999992,73.19691999999993,0.5,0.5068892240524292,uniform,uniform,10,0.0,0.0,0.0,0,
independent,3456,aggregation_softmax,44,15.174801,0.8,4,4,4,133.9051326457411,432.5569725036621,218.22915583848953,0.8562040865421295,0.069349594,84.64534,10,161,7.704818333335102,35.1748,20.0,73.19691999999993,0.5,0.5068892240524292,uniform,uniform,10,0.0,0.0,0.0,0,
independent,3456,aggregation_softmax,45,15.029186,0.85,3,3,3,98.60417178448509,457.8321933746338,207.508447135196,0.8611975938081742,0.084960386,120.11331,10,161,7.704818333335102,30.029188,15.000002,73.19691999999993,0.5,0.5068892240524292,uniform,uniform,10,0.0,0.0,0.0,0,
independent,3456,aggregation_softmax,46,11.0686,0.90000004,2,2,2,96.38482213020325,473.40840339660645,230.93607425689697,0.7290392547845841,0.27715433,406.3004,10,161,7.704818333335102,21.068602,10.000002,73.19691999999993,0.5,0.5068892240524292,uniform,uniform,10,0.0,0.0,0.0,0,
independent,3456,aggregation_softmax,47,14.216137,0.7,6,5,5,99.38031984227044,457.7449893951416,201.9857034087181,0.8010977596044541,0.0630844,215.6374,10,161,7.704818333335102,44.216133,29.999996,73.19691999999993,0.5,0.5068892240524292,uniform,uniform,10,0.0,0.0,0.0,0,
independent,3456,aggregation_softmax,48,13.523557,0.7,6,3,3,68.63083809614182,460.3249740600586,183.89604347092765,0.8047200620174408,0.07417485,218.4324,10,161,7.704818333335102,43.52356,30.000004,73.19691999999993,0.5,0.5068892240524292,uniform,uniform,10,0.0,0.0,0.0,0,
independent,3456,aggregation_softmax,49,13.857409,0.8,4,3,3,122.47393973171711,454.5706272125244,251.05554409325123,0.8241567105054856,0.084693365,168.18994,10,161,7.704818333335102,33.85741,20.000002,73.19691999999993,0.5,0.5068892240524292,uniform,uniform,10,0.0,0.0,0.0,0,
independent,3456,aggregation_softmax,50,14.774125,0.75,5,5,5,165.12238895893097,413.22014808654785,246.98664784431458,0.8340690732002258,0.09333826,126.58753,10,161,7.704818333335102,39.774128,25.000004,73.19691999999993,0.5,0.5068892240524292,uniform,uniform,10,0.0,0.0,0.0,0,
independent,3456,aggregation_softmax,51,14.014114,0.95,1,1,1,101.6760967593444,479.5634365081787,219.34865186088965,0.9182584017515183,0.07351245,59.211315,10,161,7.704818333335102,19.01411,4.999996,73.19691999999993,0.5,0.5068892240524292,uniform,uniform,10,0.0,0.0,0.0,0,
independent,3456,aggregation_softmax,52,15.492672,0.85,3,3,3,167.48348257120918,475.56209564208984,241.57659614787383,0.9226886868476868,0.07995754,5.722046e-06,10,161,7.704818333335102,30.492672,15.0,73.19691999999993,0.5,0.5068892240524292,uniform,uniform,10,0.0,0.0,0.0,0,
independent,3456,aggregation_softmax,53,14.744984,0.7,6,4,4,104.84429700034005,476.78958892822266,186.19644769600458,0.8562986493110657,0.04811225,128.69632,10,161,7.704818333335102,44.744976,29.999992,73.19691999999993,0.5,0.5068892240524292,uniform,uniform,10,0.0,0.0,0.0,0,
independent,3456,aggregation_softmax,54,12.75374,0.85,3,2,2,152.73821480133955,465.63222885131836,233.3704344665303,0.8066864550113678,0.14975648,212.79442,10,161,7.704818333335102,27.75374,15.0,73.19691999999993,0.5,0.5068892240524292,uniform,uniform,10,0.0,0.0,0.0,0,
independent,3456,aggregation_softmax,55,15.865814,0.75,5,5,5,178.69167733192444,472.02601432800293,303.75069427490234,0.9199243158102035,0.059641656,48.000008,10,161,7.704818333335102,40.865814,25.0,73.19691999999993,0.5,0.5068892240524292,uniform,uniform,10,0.0,0.0,0.0,0,
independent,3456,aggregation_softmax,56,14.685616,0.8,4,2,2,160.890661329031,459.10231590270996,258.5678871721029,0.8583717375993729,0.14544709,108.64318,10,161,7.704818333335102,34.685616,20.0,73.19691999999993,0.5,0.5068892240524292,uniform,uniform,10,0.0,0.0,0.0,0,
independent,3456,aggregation_softmax,57,12.613661,0.85,3,3,3,110.96550939275937,438.6061191558838,222.78344256036422,0.757277199625969,0.15274283,280.63397,10,161,7.704818333335102,27.613663,15.000002,73.19691999999993,0.5,0.5068892240524292,uniform,uniform,10,0.0,0.0,0.0,0,
independent,3456,aggregation_softmax,58,16.703583,0.65000004,7,6,6,142.38671229435846,471.4189624786377,288.53677731293897,0.9376514971256256,0.0992767,31.641727,10,161,7.704818333335102,51.70358,34.999996,73.19691999999993,0.5,0.5068892240524292,uniform,uniform,10,0.0,0.0,0.0,0,
independent,3456,aggregation_softmax,59,15.406768,0.65000004,7,7,7,109.01465934056502,422.5800132751465,207.40994934852307,0.8501377105712891,0.08034391,95.735664,10,161,7.704818333335102,50.40677,35.0,73.19691999999993,0.5,0.5068892240524292,uniform,uniform,10,0.0,0.0,0.0,0,
independent,3456,aggregation_softmax,0,12.407576,1.0,0,0,0,180.8236438035965,416.0721015930176,232.86881947517395,0.8200661540031433,0.10482439,153.47313,10,145,6.774831666666614,12.407576,0.0,64.13245666666683,0.5,0.5068892240524292,uniform,uniform,10,0.0,0.0,0.0,1,
independent,3456,aggregation_softmax,1,16.820972,0.6,8,7,7,65.46515740454197,464.17473793029785,194.3289053440094,0.8975375384092331,0.07479268,36.90287,10,145,6.774831666666614,56.82097,39.999996,64.13245666666683,0.5,0.5068892240524292,uniform,uniform,10,0.0,0.0,0.0,1,
independent,3456,aggregation_softmax,2,15.409692,0.7,6,6,6,123.59661232147899,465.0875759124756,227.75345410619462,0.8750296622514725,0.076464936,81.03076,10,145,6.774831666666614,45.409695,30.000004,64.13245666666683,0.5,0.5068892240524292,uniform,uniform,10,0.0,0.0,0.0,1,
independent,3456,aggregation_softmax,3,15.1755085,0.7,6,6,6,162.11640996592385,479.33189392089844,269.4519932780947,0.8794109493494033,0.11140198,121.15129,10,145,6.774831666666614,45.175507,29.999998,64.13245666666683,0.5,0.5068892240524292,uniform,uniform,10,0.0,0.0,0.0,1,
independent,3456,aggregation_softmax,4,13.097982,0.90000004,2,2,2,106.04178756475449,452.32117652893066,209.38247660795847,0.7978989958763123,0.19271556,220.02773,10,145,6.774831666666614,23.097984,10.000002,64.13245666666683,0.5,0.5068892240524292,uniform,uniform,10,0.0,0.0,0.0,1,
independent,3456,aggregation_softmax,5,13.164942,0.85,3,2,2,163.615422985133,439.93700981140137,250.45217745444353,0.8048377424478531,0.15774423,190.64865,10,145,6.774831666666614,28.164944,15.000002,64.13245666666683,0.5,0.5068892240524292,uniform,uniform,10,0.0,0.0,0.0,1,
independent,3456,aggregation_softmax,6,14.538495,0.8,4,4,4,140.2726935222745,438.24331283569336,201.8000902980566,0.8404613077640534,0.15565203,120.55783,10,145,6.774831666666614,34.5385,20.000008,64.13245666666683,0.5,0.5068892240524292,uniform,uniform,10,0.0,0.0,0.0,1,
independent,3456,aggregation_softmax,7,14.601943,0.8,4,3,3,171.98395315557718,476.9270324707031,250.42914882302284,0.8720525741577149,0.11619211,98.58613,10,145,6.774831666666614,34.601944,20.0,64.13245666666683,0.5,0.5068892240524292,uniform,uniform,10,0.0,0.0,0.0,1,
independent,3456,aggregation_softmax,8,15.009834,0.85,3,3,3,112.47938075486351,471.0845375061035,235.79427733140832,0.8729522168636322,0.113173686,91.01643,10,145,6.774831666666614,30.00984,15.000006,64.13245666666683,0.5,0.5068892240524292,uniform,uniform,10,0.0,0.0,0.0,1,
independent,3456,aggregation_softmax,9,14.9169235,0.8,4,3,3,168.29198263585567,474.07118797302246,265.2708528935909,0.8966947376728058,0.06289699,49.3077,10,145,6.774831666666614,34.916924,20.0,64.13245666666683,0.5,0.5068892240524292,uniform,uniform,10,0.0,0.0,0.0,1,
independent,3456,aggregation_softmax,10,14.654603,0.85,3,3,3,181.96534237440895,436.6654872894287,265.41728643810046,0.8658289581537246,0.06336782,74.78681,10,145,6.774831666666614,29.654604,15.000001,64.13245666666683,0.5,0.5068892240524292,uniform,uniform,10,0.0,0.0,0.0,1,
independent,3456,aggregation_softmax,11,12.992691,0.90000004,2,2,2,127.61925756931305,441.60183906555176,224.51743364334106,0.8159551709890366,0.16544352,170.96799,10,145,6.774831666666614,22.992695,10.000004,64.13245666666683,0.5,0.5068892240524292,uniform,uniform,10,0.0,0.0,0.0,1,
independent,3456,aggregation_softmax,12,15.687733,0.90000004,2,2,2,136.85183306535086,434.07176971435547,266.7270569006602,0.8948289394378662,0.08310112,12.000412,10,145,6.774831666666614,25.687729,9.999996,64.13245666666683,0.5,0.5068892240524292,uniform,uniform,10,0.0,0.0,0.0,1,
independent,3456,aggregation_softmax,13,9.800504,0.8,4,4,4,86.27717513591051,355.70019721984863,173.80304373800755,0.6014049053192139,0.15257488,573.3026,10,145,6.774831666666614,29.800505,20.0,64.13245666666683,0.5,0.5068892240524292,uniform,uniform,10,0.0,0.0,0.0,1,
independent,3456,aggregation_softmax,14,14.205786,0.85,3,2,2,139.6069525269901,437.9773807525635,243.11825836406035,0.8539354294538498,0.13444594,94.42154,10,145,6.774831666666614,29.205791,15.000006,64.13245666666683,0.5,0.5068892240524292,uniform,uniform,10,0.0,0.0,0.0,1,
independent,3456,aggregation_softmax,15,13.520863,0.90000004,2,2,2,147.39615788062414,441.9448184967041,239.18263375759125,0.8089873373508454,0.13650584,194.35576,10,145,6.774831666666614,23.520863,10.0,64.13245666666683,0.5,0.5068892240524292,uniform,uniform,10,0.0,0.0,0.0,1,
independent,3456,aggregation_softmax,16,14.795419,0.65000004,7,6,6,179.64708869273846,428.3876037597656,267.29653881146356,0.8362853527069092,0.0920347,122.33222,10,145,6.774831666666614,49.79542,35.000004,64.13245666666683,0.5,0.5068892240524292,uniform,uniform,10,0.0,0.0,0.0,1,
independent,3456,aggregation_softmax,17,13.520354,0.90000004,2,2,2,116.41786634922028,449.5056438446045,218.79050016403198,0.8126896411180496,0.23632781,185.14165,10,145,6.774831666666614,23.520353,9.999999,64.13245666666683,0.5,0.5068892240524292,uniform,uniform,10,0.0,0.0,0.0,1,
independent,3456,aggregation_softmax,18,15.105776,0.8,4,4,4,146.60786848515272,465.8068370819092,225.9389727562666,0.8721531212329865,0.054699607,111.23868,10,145,6.774831666666614,35.105774,19.999998,64.13245666666683,0.5,0.5068892240524292,uniform,uniform,10,0.0,0.0,0.0,1,
independent,3456,aggregation_softmax,19,13.507071,0.7,6,3,3,114.81972347412791,474.2403030395508,216.38674122946603,0.8054406881332398,0.13652347,223.79431,10,145,6.774831666666614,43.507072,30.000002,64.13245666666683,0.5,0.5068892240524292,uniform,uniform,10,0.0,0.0,0.0,1,
independent,3456,aggregation_softmax,20,14.723913,0.90000004,2,1,1,139.4351515173912,398.84273529052734,242.9852024714152,0.8976165652275085,0.08571714,4.5763955,10,145,6.774831666666614,24.723913,10.0,64.13245666666683,0.5,0.5068892240524292,uniform,uniform,10,0.0,0.0,0.0,1,
independent,3456,aggregation_softmax,21,14.8419,0.65000004,7,5,5,167.4313878096067,441.742000579834,275.10159290753876,0.8705627650022507,0.15589103,68.71109,10,145,6.774831666666614,49.841904,35.000004,64.13245666666683,0.5,0.5068892240524292,uniform,uniform,10,0.0,0.0,0.0,1,
independent,3456,aggregation_softmax,22,15.205261,0.7,6,6,6,148.16978650433677,476.4060974121094,225.6715053319931,0.8657364428043366,0.074533455,115.51176,10,145,6.774831666666614,45.205265,30.000004,64.13245666666683,0.5,0.5068892240524292,uniform,uniform,10,0.0,0.0,0.0,1,
independent,3456,aggregation_softmax,23,13.333552,0.7,6,6,6,94.17763326849256,471.9828128814697,230.29578719820296,0.7868727624416352,0.048929162,266.74115,10,145,6.774831666666614,43.33355,29.999996,64.13245666666683,0.5,0.5068892240524292,uniform,uniform,10,0.0,0.0,0.0,1,
independent,3456,aggregation_softmax,24,15.914856,0.7,6,5,5,162.7464989253453,476.02721214294434,268.3584942136492,0.9088706761598587,0.046484493,26.995668,10,145,6.774831666666614,45.91486,30.000004,64.13245666666683,0.5,0.5068892240524292,uniform,uniform,10,0.0,0.0,0.0,1,
independent,3456,aggregation_softmax,25,14.830624,0.75,5,4,4,126.8167028427124,477.66926765441895,244.55756735801697,0.8952277779579163,0.08161121,80.93762,10,145,6.774831666666614,39.83062,24.999996,64.13245666666683,0.5,0.5068892240524292,uniform,uniform,10,0.0,0.0,0.0,1,
independent,3456,aggregation_softmax,26,12.366224,0.85,3,3,3,118.45012454425587,420.42097091674805,204.02471444186043,0.7588934898376465,0.024031624,270.92465,10,145,6.774831666666614,27.366226,15.000002,64.13245666666683,0.5,0.5068892240524292,uniform,uniform,10,0.0,0.0,0.0,1,
independent,3456,aggregation_softmax,27,12.300277,0.90000004,2,1,1,84.75987126429875,453.874454498291,203.10335417588553,0.8014833867549896,0.087324135,211.02643,10,145,6.774831666666614,22.30028,10.000003,64.13245666666683,0.5,0.5068892240524292,uniform,uniform,10,0.0,0.0,0.0,1,
independent,3456,aggregation_softmax,28,11.456226,0.85,3,3,3,94.64400919044719,418.70999336242676,198.6718206545886,0.7222074270248413,0.23125257,341.3618,10,145,6.774831666666614,26.456228,15.000002,64.13245666666683,0.5,0.5068892240524292,uniform,uniform,10,0.0,0.0,0.0,1,
independent,3456,aggregation_softmax,29,16.091354,0.75,5,5,5,170.22886323928833,439.1631317138672,289.7209749221802,0.9037308931350708,0.102533564,0.0,10,145,6.774831666666614,41.09135,24.999996,64.13245666666683,0.5,0.5068892240524292,uniform,uniform,10,0.0,0.0,0.0,1,
independent,3456,aggregation_softmax,30,15.711182,0.65000004,7,6,6,130.96632077143744,461.7396926879883,244.10989082776584,0.8832594394683838,0.08647923,61.88172,10,145,6.774831666666614,50.71118,35.0,64.13245666666683,0.5,0.5068892240524292,uniform,uniform,10,0.0,0.0,0.0,1,
independent,3456,aggregation_softmax,31,14.763072,0.90000004,2,2,2,135.57409962018332,458.09091567993164,251.3140078385671,0.8475216895341873,0.10116586,137.3367,10,145,6.774831666666614,24.763077,10.000005,64.13245666666683,0.5,0.5068892240524292,uniform,uniform,10,0.0,0.0,0.0,1,
independent,3456,aggregation_softmax,32,12.936599,0.85,3,2,2,154.6214764258441,458.61494064331055,242.668538794798,0.7970182240009308,0.0928845,224.34006,10,145,6.774831666666614,27.936598,14.999999,64.13245666666683,0.5,0.5068892240524292,uniform,uniform,10,0.0,0.0,0.0,1,
independent,3456,aggregation_softmax,33,11.830092,0.90000004,2,2,2,115.04827797412872,445.3512954711914,251.16966327031454,0.7246296644210816,0.1681849,350.0624,10,145,6.774831666666614,21.830091,9.999999,64.13245666666683,0.5,0.5068892240524292,uniform,uniform,10,0.0,0.0,0.0,1,
independent,3456,aggregation_softmax,34,15.190283,0.7,6,5,5,110.98723079477038,460.5413246154785,215.64635038375854,0.8419718682765961,0.07390655,139.95544,10,145,6.774831666666614,45.190285,30.000002,64.13245666666683,0.5,0.5068892240524292,uniform,uniform,10,0.0,0.0,0.0,1,
independent,3456,aggregation_softmax,35,12.892239,0.90000004,2,2,2,136.01347039143243,463.3813762664795,258.2689956823985,0.7993809401988983,0.07788272,251.7762,10,145,6.774831666666614,22.892239,10.0,64.13245666666683,0.5,0.5068892240524292,uniform,uniform,10,0.0,0.0,0.0,1,
independent,3456,aggregation_softmax,36,14.169226,0.7,6,6,6,97.11626140134675,414.40638542175293,183.1118996654238,0.7812950611114502,0.097913645,227.91357,10,145,6.774831666666614,44.169228,30.000002,64.13245666666683,0.5,0.5068892240524292,uniform,uniform,10,0.0,0.0,0.0,1,
independent,3456,aggregation_softmax,37,14.901728,0.75,5,3,3,136.00239217281342,458.9549732208252,257.33168840408325,0.8725525110960006,0.12880893,96.0,10,145,6.774831666666614,39.901726,24.999998,64.13245666666683,0.5,0.5068892240524292,uniform,uniform,10,0.0,0.0,0.0,1,
independent,3456,aggregation_softmax,38,14.4459,0.8,4,4,4,125.16281090676785,475.53606033325195,233.80262285470963,0.8707063674926758,0.11311645,99.95732,10,145,6.774831666666614,34.4459,20.0,64.13245666666683,0.5,0.5068892240524292,uniform,uniform,10,0.0,0.0,0.0,1,
independent,3456,aggregation_softmax,39,15.294796,0.7,6,5,5,124.82973818268094,416.17552757263184,203.75617810658045,0.8439998626708984,0.110012464,107.52041,10,145,6.774831666666614,45.2948,30.000004,64.13245666666683,0.5,0.5068892240524292,uniform,uniform,10,0.0,0.0,0.0,1,
independent,3456,aggregation_softmax,40,15.928782,0.6,8,8,8,112.3238092660904,400.3239154815674,236.92683577537537,0.8622232675552368,0.03493926,72.5314,10,145,6.774831666666614,55.928783,40.0,64.13245666666683,0.5,0.5068892240524292,uniform,uniform,10,0.0,0.0,0.0,1,
independent,3456,aggregation_softmax,41,12.927731,0.85,3,2,2,153.08659635922487,476.251916885376,283.3393057654886,0.8105268150568008,0.060203254,254.60371,10,145,6.774831666666614,27.927732,15.000002,64.13245666666683,0.5,0.5068892240524292,uniform,uniform,10,0.0,0.0,0.0,1,
independent,3456,aggregation_softmax,42,9.365199,0.85,3,2,2,87.39426476113937,430.8956050872803,201.30217888775994,0.6113075017929077,0.25418574,554.2896,10,145,6.774831666666614,24.365198,14.999999,64.13245666666683,0.5,0.5068892240524292,uniform,uniform,10,0.0,0.0,0.0,1,
independent,3456,aggregation_softmax,43,14.180276,0.7,6,4,4,129.762516106878,473.8988971710205,239.31127948420388,0.8224191755056381,0.1203313,190.85411,10,145,6.774831666666614,44.18027,29.999996,64.13245666666683,0.5,0.5068892240524292,uniform,uniform,10,0.0,0.0,0.0,1,
independent,3456,aggregation_softmax,44,13.082551,0.90000004,2,2,2,128.61705226202807,425.6239414215088,230.93767205874124,0.7881301641464233,0.16921958,214.79019,10,145,6.774831666666614,23.082554,10.000003,64.13245666666683,0.5,0.5068892240524292,uniform,uniform,10,0.0,0.0,0.0,1,
independent,3456,aggregation_softmax,45,16.366606,0.7,6,6,6,139.6568882039615,472.5711250305176,217.84587762185507,0.8996611773967743,0.022498524,41.22183,10,145,6.774831666666614,46.366608,30.000002,64.13245666666683,0.5,0.5068892240524292,uniform,uniform,10,0.0,0.0,0.0,1,
independent,3456,aggregation_softmax,46,11.513354,0.7,6,6,6,93.64978526319776,470.09413719177246,188.71579655579157,0.6831476271152497,0.1250438,458.75156,10,145,6.774831666666614,41.513355,30.0,64.13245666666683,0.5,0.5068892240524292,uniform,uniform,10,0.0,0.0,0.0,1,
independent,3456,aggregation_softmax,47,15.63825,0.65000004,7,6,6,116.51507432644183,464.9239253997803,235.15475763724402,0.8818788915872574,0.047410704,67.71656,10,145,6.774831666666614,50.638252,35.0,64.13245666666683,0.5,0.5068892240524292,uniform,uniform,10,0.0,0.0,0.0,1,
independent,3456,aggregation_softmax,48,15.295912,0.65000004,7,4,4,93.35669324948238,460.3249740600586,187.79875874519348,0.8498080611228943,0.030512035,124.693634,10,145,6.774831666666614,50.29591,35.0,64.13245666666683,0.5,0.5068892240524292,uniform,uniform,10,0.0,0.0,0.0,1,
independent,3456,aggregation_softmax,49,14.979584,0.8,4,3,3,137.38881390541792,472.18892097473145,265.58924317359924,0.8703893512487412,0.040283017,97.041595,10,145,6.774831666666614,34.979584,20.0,64.13245666666683,0.5,0.5068892240524292,uniform,uniform,10,0.0,0.0,0.0,1,
independent,3456,aggregation_softmax,50,15.05982,0.90000004,2,2,2,128.82718314727148,470.45851707458496,252.21697549025217,0.8914384633302689,0.05974683,54.896812,10,145,6.774831666666614,25.059824,10.000004,64.13245666666683,0.5,0.5068892240524292,uniform,uniform,10,0.0,0.0,0.0,1,
independent,3456,aggregation_softmax,51,15.259177,0.75,5,5,5,133.83489322662354,445.16223907470703,221.20475673675537,0.8634143710136414,0.025221074,83.406746,10,145,6.774831666666614,40.259174,24.999996,64.13245666666683,0.5,0.5068892240524292,uniform,uniform,10,0.0,0.0,0.0,1,
independent,3456,aggregation_softmax,52,16.428864,0.75,5,5,5,139.46887230873108,447.87975311279297,219.90773510932922,0.908270800113678,0.068983756,0.0,10,145,6.774831666666614,41.428867,25.000004,64.13245666666683,0.5,0.5068892240524292,uniform,uniform,10,0.0,0.0,0.0,1,
independent,3456,aggregation_softmax,53,12.725935,0.90000004,2,0,0,113.6827923854192,465.42683601379395,239.44656133651733,0.8121232509613037,0.15809402,231.05873,10,145,6.774831666666614,22.725937,10.000002,64.13245666666683,0.5,0.5068892240524292,uniform,uniform,10,0.0,0.0,0.0,1,
independent,3456,aggregation_softmax,54,13.073254,0.85,3,2,2,117.86111470531014,465.63222885131836,198.49333531716292,0.7734153807163239,0.18927178,276.6748,10,145,6.774831666666614,28.073252,14.999998,64.13245666666683,0.5,0.5068892240524292,uniform,uniform,10,0.0,0.0,0.0,1,
independent,3456,aggregation_softmax,55,15.90254,0.8,4,4,4,153.25496949255466,474.58680152893066,255.3965426981449,0.9304015517234803,0.05074735,14.639008,10,145,6.774831666666614,35.90254,19.999998,64.13245666666683,0.5,0.5068892240524292,uniform,uniform,10,0.0,0.0,0.0,1,
independent,3456,aggregation_softmax,56,13.770115,0.7,6,4,4,139.2213065283639,343.6941432952881,225.1150677885328,0.7782518863677979,0.13554777,233.75644,10,145,6.774831666666614,43.77012,30.000004,64.13245666666683,0.5,0.5068892240524292,uniform,uniform,10,0.0,0.0,0.0,1,
independent,3456,aggregation_softmax,57,15.096874,0.85,3,3,3,126.40494695042862,448.3806324005127,238.51794940583846,0.881758400797844,0.063162774,51.404636,10,145,6.774831666666614,30.096874,15.0,64.13245666666683,0.5,0.5068892240524292,uniform,uniform,10,0.0,0.0,0.0,1,
independent,3456,aggregation_softmax,58,15.521051,0.7,6,5,5,148.75327438116074,474.1137886047363,277.79247445719585,0.884052324295044,0.082612514,108.67779,10,145,6.774831666666614,45.52105,29.999998,64.13245666666683,0.5,0.5068892240524292,uniform,uniform,10,0.0,0.0,0.0,1,
independent,3456,aggregation_softmax,59,15.528758,0.85,3,3,3,128.10847836382248,463.0726718902588,230.19342110437506,0.9161837786436081,0.07180013,0.0,10,145,6.774831666666614,30.528759,15.000001,64.13245666666683,0.5,0.5068892240524292,uniform,uniform,10,0.0,0.0,0.0,1,
independent,3456,aggregation_softmax,0,13.851444,1.0,0,0,0,190.9652152955532,462.58026123046875,243.01039123535156,0.8791085511446,0.11927206,83.53928,10,152,7.26004333333113,13.851445,9.536743e-07,66.9858933333335,0.5,0.5068892240524292,uniform,uniform,10,0.0,0.0,0.0,2,
independent,3456,aggregation_softmax,1,15.918086,0.7,6,5,5,93.39821455734116,470.56214332580566,186.4044578586306,0.8710645467042923,0.0745561,94.19147,10,152,7.26004333333113,45.918083,29.999996,66.9858933333335,0.5,0.5068892240524292,uniform,uniform,10,0.0,0.0,0.0,2,
independent,3456,aggregation_softmax,2,16.613476,0.6,8,8,8,130.90118043124676,437.99686431884766,239.8022747039795,0.8999676883220673,0.015798662,10.984257,10,152,7.26004333333113,56.61347,39.999992,66.9858933333335,0.5,0.5068892240524292,uniform,uniform,10,0.0,0.0,0.0,2,
independent,3456,aggregation_softmax,3,17.51273,0.45000002,11,11,11,158.15447648366293,426.3028621673584,289.129425684611,0.9000000953674316,0.029218325,0.0,10,152,7.26004333333113,72.51273,55.000004,66.9858933333335,0.5,0.5068892240524292,uniform,uniform,10,0.0,0.0,0.0,2,
independent,3456,aggregation_softmax,4,16.900902,0.65000004,7,7,7,130.1934438943863,452.32117652893066,200.2770432142111,0.9085475891828537,0.08931573,3.9099195,10,152,7.26004333333113,51.900906,35.000004,66.9858933333335,0.5,0.5068892240524292,uniform,uniform,10,0.0,0.0,0.0,2,
independent,3456,aggregation_softmax,5,14.819562,0.8,4,3,3,182.5569600239396,453.1182861328125,291.30162835121155,0.856930935382843,0.04119768,103.81102,10,152,7.26004333333113,34.819565,20.000004,66.9858933333335,0.5,0.5068892240524292,uniform,uniform,10,0.0,0.0,0.0,2,
independent,3456,aggregation_softmax,6,15.231105,0.85,3,3,3,137.167009045096,451.99055671691895,197.06356118707095,0.8968058317899704,0.10112638,26.123478,10,152,7.26004333333113,30.2311,14.999995,66.9858933333335,0.5,0.5068892240524292,uniform,uniform,10,0.0,0.0,0.0,2,
independent,3456,aggregation_softmax,7,14.979279,0.85,3,2,2,116.82987434022567,470.4507637023926,212.71862184300142,0.8897415578365326,0.07204296,77.211075,10,152,7.26004333333113,29.979269,14.99999,66.9858933333335,0.5,0.5068892240524292,uniform,uniform,10,0.0,0.0,0.0,2,
independent,3456,aggregation_softmax,8,15.827783,0.85,3,3,3,122.70982430261724,476.4199161529541,248.53856037644778,0.936715054512024,0.027551465,17.22187,10,152,7.26004333333113,30.827787,15.000005,66.9858933333335,0.5,0.5068892240524292,uniform,uniform,10,0.0,0.0,0.0,2,
independent,3456,aggregation_softmax,9,15.906409,0.6,8,7,7,143.26466754078865,440.1240921020508,235.46694189310074,0.8674033522605896,0.09446017,70.70991,10,152,7.26004333333113,55.90641,40.0,66.9858933333335,0.5,0.5068892240524292,uniform,uniform,10,0.0,0.0,0.0,2,
independent,3456,aggregation_softmax,10,14.504929,0.90000004,2,2,2,166.55098885297775,455.75185775756836,246.9222684701284,0.8925614088773728,0.09974555,51.436176,10,152,7.26004333333113,24.504929,10.0,66.9858933333335,0.5,0.5068892240524292,uniform,uniform,10,0.0,0.0,0.0,2,
independent,3456,aggregation_softmax,11,14.408289,0.8,4,4,4,151.86553727835417,425.2396774291992,223.76230023801327,0.8375728726387024,0.058015443,119.86014,10,152,7.26004333333113,34.408295,20.000006,66.9858933333335,0.5,0.5068892240524292,uniform,uniform,10,0.0,0.0,0.0,2,
independent,3456,aggregation_softmax,12,16.148075,0.8,4,4,4,103.16832974553108,439.4664001464844,240.2954399585724,0.8988670438528061,0.094803005,12.210331,10,152,7.26004333333113,36.148075,20.0,66.9858933333335,0.5,0.5068892240524292,uniform,uniform,10,0.0,0.0,0.0,2,
independent,3456,aggregation_softmax,13,10.284714,0.75,5,5,5,68.39589810371399,341.1916923522949,160.5568244457245,0.6110236048698425,0.21206965,554.8347,10,152,7.26004333333113,35.284714,25.0,66.9858933333335,0.5,0.5068892240524292,uniform,uniform,10,0.0,0.0,0.0,2,
independent,3456,aggregation_softmax,14,15.359437,0.8,4,3,3,161.1206218600273,467.72151947021484,260.14744341373444,0.9017150431871415,0.09678521,51.30748,10,152,7.26004333333113,35.359444,20.000008,66.9858933333335,0.5,0.5068892240524292,uniform,uniform,10,0.0,0.0,0.0,2,
independent,3456,aggregation_softmax,15,13.508494,0.85,3,3,3,96.67814601870144,441.85638427734375,192.56970889428084,0.7847426772117615,0.15140143,231.1506,10,152,7.26004333333113,28.508495,15.000001,66.9858933333335,0.5,0.5068892240524292,uniform,uniform,10,0.0,0.0,0.0,2,
independent,3456,aggregation_softmax,16,15.279867,0.6,8,7,7,117.51450538635254,450.7774257659912,225.77369421720505,0.8500249773263931,0.04375531,114.72964,10,152,7.26004333333113,55.27987,40.0,66.9858933333335,0.5,0.5068892240524292,uniform,uniform,10,0.0,0.0,0.0,2,
independent,3456,aggregation_softmax,17,13.63155,0.90000004,2,2,2,112.01738188664119,438.2020568847656,214.3900148073832,0.8078982263803482,0.111346126,186.00104,10,152,7.26004333333113,23.63155,10.0,66.9858933333335,0.5,0.5068892240524292,uniform,uniform,10,0.0,0.0,0.0,2,
independent,3456,aggregation_softmax,18,15.546289,0.75,5,5,5,154.18625462055206,474.01302337646484,244.48925733566284,0.8678872227668762,0.112687886,103.66972,10,152,7.26004333333113,40.546295,25.000006,66.9858933333335,0.5,0.5068892240524292,uniform,uniform,10,0.0,0.0,0.0,2,
independent,3456,aggregation_softmax,19,13.931682,0.7,6,3,3,169.62937755244118,455.4150867462158,258.71034749916623,0.8216457396745682,0.12763816,179.70648,10,152,7.26004333333113,43.931683,30.0,66.9858933333335,0.5,0.5068892240524292,uniform,uniform,10,0.0,0.0,0.0,2,
independent,3456,aggregation_softmax,20,14.811265,0.90000004,2,1,1,117.17392136653264,441.89231872558594,220.72397430737814,0.8793759822845459,0.045933537,58.458565,10,152,7.26004333333113,24.811264,9.999999,66.9858933333335,0.5,0.5068892240524292,uniform,uniform,10,0.0,0.0,0.0,2,
independent,3456,aggregation_softmax,21,14.769824,0.55,9,7,7,163.14277865669945,451.5786838531494,259.45181835781443,0.8707487672567368,0.022373617,75.7412,10,152,7.26004333333113,59.76982,44.999996,66.9858933333335,0.5,0.5068892240524292,uniform,uniform,10,0.0,0.0,0.0,2,
independent,3456,aggregation_softmax,22,14.160119,0.7,6,6,6,136.9356130702155,477.7713203430176,245.70149762289864,0.8108397752046586,0.19243197,226.98814,10,152,7.26004333333113,44.160126,30.000008,66.9858933333335,0.5,0.5068892240524292,uniform,uniform,10,0.0,0.0,0.0,2,
independent,3456,aggregation_softmax,23,14.081359,0.75,5,5,5,117.40317273139954,428.5542869567871,239.4535059928894,0.7959041595458984,0.19215812,199.86417,10,152,7.26004333333113,39.081352,24.999992,66.9858933333335,0.5,0.5068892240524292,uniform,uniform,10,0.0,0.0,0.0,2,
independent,3456,aggregation_softmax,24,14.399147,0.85,3,2,2,140.11131342719582,476.7143440246582,233.8941356715034,0.8875024259090424,0.028868353,68.70982,10,152,7.26004333333113,29.39915,15.000004,66.9858933333335,0.5,0.5068892240524292,uniform,uniform,10,0.0,0.0,0.0,2,
independent,3456,aggregation_softmax,25,15.9768505,0.6,8,7,7,138.826562166214,448.84334564208984,221.37625962495804,0.8837726950645447,0.099714264,48.0,10,152,7.26004333333113,55.97685,40.0,66.9858933333335,0.5,0.5068892240524292,uniform,uniform,10,0.0,0.0,0.0,2,
independent,3456,aggregation_softmax,26,13.008148,0.85,3,3,3,134.50960825471316,420.42097091674805,220.08419710047104,0.7817568182945251,0.1263083,227.02701,10,152,7.26004333333113,28.008144,14.999996,66.9858933333335,0.5,0.5068892240524292,uniform,uniform,10,0.0,0.0,0.0,2,
independent,3456,aggregation_softmax,27,10.821614,0.85,3,2,2,89.67211551526013,444.9747848510742,213.21227263001833,0.687569522857666,0.14675064,420.84134,10,152,7.26004333333113,25.821613,14.999999,66.9858933333335,0.5,0.5068892240524292,uniform,uniform,10,0.0,0.0,0.0,2,
independent,3456,aggregation_softmax,28,13.135176,0.90000004,2,2,2,134.08706237872443,474.0487861633301,260.33985873063403,0.8340106636285782,0.20227158,209.44077,10,152,7.26004333333113,23.135176,10.0,66.9858933333335,0.5,0.5068892240524292,uniform,uniform,10,0.0,0.0,0.0,2,
independent,3456,aggregation_softmax,29,14.38657,0.75,5,5,5,96.66800713539124,417.9723644256592,202.43494534492493,0.8487797975540161,0.15575059,98.3429,10,152,7.26004333333113,39.386566,24.999996,66.9858933333335,0.5,0.5068892240524292,uniform,uniform,10,0.0,0.0,0.0,2,
independent,3456,aggregation_softmax,30,15.742996,0.65000004,7,6,6,143.5048548074869,473.7942409515381,288.90601763358484,0.9048055142164231,0.0823159,47.999985,10,152,7.26004333333113,50.742996,35.0,66.9858933333335,0.5,0.5068892240524292,uniform,uniform,10,0.0,0.0,0.0,2,
independent,3456,aggregation_softmax,31,14.261123,0.85,3,3,3,106.22844268293942,442.4003219604492,227.54128722583548,0.8035651087760926,0.14953567,195.55544,10,152,7.26004333333113,29.261122,14.999999,66.9858933333335,0.5,0.5068892240524292,uniform,uniform,10,0.0,0.0,0.0,2,
independent,3456,aggregation_softmax,32,11.883068,0.8,4,3,3,150.4067201167345,435.85304260253906,220.46692349016666,0.7245624303817749,0.09052577,340.69315,10,152,7.26004333333113,31.883066,19.999998,66.9858933333335,0.5,0.5068892240524292,uniform,uniform,10,0.0,0.0,0.0,2,
independent,3456,aggregation_softmax,33,13.409668,0.90000004,2,2,2,99.75307603677113,464.1226100921631,241.70448859532675,0.7923939853906632,0.103112236,248.97726,10,152,7.26004333333113,23.409666,9.999998,66.9858933333335,0.5,0.5068892240524292,uniform,uniform,10,0.0,0.0,0.0,2,
independent,3456,aggregation_softmax,34,14.534641,0.90000004,2,1,1,130.1634512344996,479.0060234069824,269.48893189430237,0.8892946362495422,0.11373306,115.96232,10,152,7.26004333333113,24.534641,10.0,66.9858933333335,0.5,0.5068892240524292,uniform,uniform,10,0.0,0.0,0.0,2,
independent,3456,aggregation_softmax,35,14.702218,0.75,5,5,5,118.21887075901031,475.24386405944824,226.59309434890747,0.8703475385904312,0.060036168,100.17679,10,152,7.26004333333113,39.702217,25.0,66.9858933333335,0.5,0.5068892240524292,uniform,uniform,10,0.0,0.0,0.0,2,
independent,3456,aggregation_softmax,36,14.57738,0.75,5,5,5,145.12271338701248,414.40638542175293,226.11864304542542,0.828715443611145,0.071542494,136.86636,10,152,7.26004333333113,39.57738,25.0,66.9858933333335,0.5,0.5068892240524292,uniform,uniform,10,0.0,0.0,0.0,2,
independent,3456,aggregation_softmax,37,16.18,0.7,6,4,4,136.00863831383842,451.3029098510742,250.57256954056876,0.9100536942481995,0.023092061,0.0,10,152,7.26004333333113,46.18,30.0,66.9858933333335,0.5,0.5068892240524292,uniform,uniform,10,0.0,0.0,0.0,2,
independent,3456,aggregation_softmax,38,15.891264,0.75,5,5,5,176.4081425666809,461.2291717529297,267.96593046188354,0.917727592587471,0.079070866,5.722046e-06,10,152,7.26004333333113,40.89126,24.999994,66.9858933333335,0.5,0.5068892240524292,uniform,uniform,10,0.0,0.0,0.0,2,
independent,3456,aggregation_softmax,39,15.367441,0.75,5,4,4,182.75756257772446,439.56719398498535,257.5016465187073,0.8595371335744858,0.06260773,85.256004,10,152,7.26004333333113,40.367447,25.000006,66.9858933333335,0.5,0.5068892240524292,uniform,uniform,10,0.0,0.0,0.0,2,
independent,3456,aggregation_softmax,40,15.390765,0.85,3,3,3,147.9938777404673,478.05639266967773,262.80139572480147,0.9271064072847366,0.0656308,17.286032,10,152,7.26004333333113,30.390768,15.000003,66.9858933333335,0.5,0.5068892240524292,uniform,uniform,10,0.0,0.0,0.0,2,
independent,3456,aggregation_softmax,41,11.711067,0.7,6,5,5,157.2901071182319,432.53889083862305,227.5990160873958,0.7138456642627716,0.13672228,357.95514,10,152,7.26004333333113,41.711067,30.0,66.9858933333335,0.5,0.5068892240524292,uniform,uniform,10,0.0,0.0,0.0,2,
independent,3456,aggregation_softmax,42,11.83669,0.85,3,2,2,132.9235916628557,473.3950996398926,249.7322837044211,0.7595896452665329,0.20906317,313.91528,10,152,7.26004333333113,26.836689,14.999999,66.9858933333335,0.5,0.5068892240524292,uniform,uniform,10,0.0,0.0,0.0,2,
independent,3456,aggregation_softmax,43,15.698789,0.75,5,3,3,160.4060924053192,451.68840408325195,249.91357135772705,0.9001754462718964,0.06670593,19.351734,10,152,7.26004333333113,40.69879,25.000004,66.9858933333335,0.5,0.5068892240524292,uniform,uniform,10,0.0,0.0,0.0,2,
independent,3456,aggregation_softmax,44,14.594175,0.8,4,4,4,138.68409574963152,456.624813079834,234.69832442700863,0.8460239201784134,0.077049635,137.10185,10,152,7.26004333333113,34.594173,19.999998,66.9858933333335,0.5,0.5068892240524292,uniform,uniform,10,0.0,0.0,0.0,2,
independent,3456,aggregation_softmax,45,16.608307,0.75,5,5,5,119.02534437179565,441.40480041503906,194.38481104373932,0.9035197138786316,0.03970737,2.6471143,10,152,7.26004333333113,41.608307,25.0,66.9858933333335,0.5,0.5068892240524292,uniform,uniform,10,0.0,0.0,0.0,2,
independent,3456,aggregation_softmax,46,10.867828,0.90000004,2,2,2,83.60639492670695,427.77013778686523,207.07215070724487,0.6894506216049194,0.1952174,404.25482,10,152,7.26004333333113,20.867828,10.0,66.9858933333335,0.5,0.5068892240524292,uniform,uniform,10,0.0,0.0,0.0,2,
independent,3456,aggregation_softmax,47,14.507298,0.7,6,5,5,122.15764569384712,449.81151580810547,255.70778552974974,0.8460513681173325,0.088335685,122.270195,10,152,7.26004333333113,44.507298,30.0,66.9858933333335,0.5,0.5068892240524292,uniform,uniform,10,0.0,0.0,0.0,2,
independent,3456,aggregation_softmax,48,13.513515,0.6,8,5,5,121.61094442009926,342.07343101501465,167.56450235843658,0.7352476119995117,0.15091315,316.3246,10,152,7.26004333333113,53.513515,40.0,66.9858933333335,0.5,0.5068892240524292,uniform,uniform,10,0.0,0.0,0.0,2,
independent,3456,aggregation_softmax,49,14.361207,0.90000004,2,1,1,142.5518497824669,474.04669761657715,259.78556354840595,0.894263306260109,0.09760129,53.061268,10,152,7.26004333333113,24.36121,10.000003,66.9858933333335,0.5,0.5068892240524292,uniform,uniform,10,0.0,0.0,0.0,2,
independent,3456,aggregation_softmax,50,14.452522,0.8,4,4,4,118.20472117513418,424.46651458740234,225.67798543721437,0.8241729140281677,0.06619083,145.58817,10,152,7.26004333333113,34.452522,20.0,66.9858933333335,0.5,0.5068892240524292,uniform,uniform,10,0.0,0.0,0.0,2,
independent,3456,aggregation_softmax,51,15.290356,0.90000004,2,2,2,135.33897429704666,445.16223907470703,238.6232328414917,0.8905591607093811,0.09136715,31.288845,10,152,7.26004333333113,25.290356,10.0,66.9858933333335,0.5,0.5068892240524292,uniform,uniform,10,0.0,0.0,0.0,2,
independent,3456,aggregation_softmax,52,14.599821,0.85,3,3,3,136.85943414183225,445.975341796875,198.8323229901931,0.8834780693054199,0.07732139,45.69756,10,152,7.26004333333113,29.599815,14.999994,66.9858933333335,0.5,0.5068892240524292,uniform,uniform,10,0.0,0.0,0.0,2,
independent,3456,aggregation_softmax,53,13.15072,0.85,3,1,1,141.11002080580766,477.8609848022461,248.4547641698052,0.8097972691059112,0.17997257,255.32642,10,152,7.26004333333113,28.150719,14.999999,66.9858933333335,0.5,0.5068892240524292,uniform,uniform,10,0.0,0.0,0.0,2,
independent,3456,aggregation_softmax,54,16.233461,0.55,9,8,8,116.85810945250772,374.7206211090088,177.45777758685026,0.8682428598403931,0.08238354,60.9739,10,152,7.26004333333113,61.23346,45.0,66.9858933333335,0.5,0.5068892240524292,uniform,uniform,10,0.0,0.0,0.0,2,
independent,3456,aggregation_softmax,55,15.906668,0.8,4,4,4,152.59741947054863,461.90348625183105,242.34946109354496,0.9099522411823273,0.10756491,11.177742,10,152,7.26004333333113,35.906662,19.999994,66.9858933333335,0.5,0.5068892240524292,uniform,uniform,10,0.0,0.0,0.0,2,
independent,3456,aggregation_softmax,56,15.411469,0.7,6,4,4,118.56659046241215,471.75822257995605,252.74888277053833,0.8682231932878495,0.14078401,115.853004,10,152,7.26004333333113,45.411472,30.000004,66.9858933333335,0.5,0.5068892240524292,uniform,uniform,10,0.0,0.0,0.0,2,
independent,3456,aggregation_softmax,57,14.762066,0.8,4,4,4,118.3059648424387,476.16236686706543,229.39002692699432,0.8639242827892304,0.086255506,115.60884,10,152,7.26004333333113,34.762062,19.999996,66.9858933333335,0.5,0.5068892240524292,uniform,uniform,10,0.0,0.0,0.0,2,
independent,3456,aggregation_softmax,58,16.210001,0.75,5,4,4,164.7159161567688,468.6668300628662,313.4399104118347,0.9309168726205825,0.060276803,48.0,10,152,7.26004333333113,41.210003,25.000002,66.9858933333335,0.5,0.5068892240524292,uniform,uniform,10,0.0,0.0,0.0,2,
independent,3456,aggregation_softmax,59,13.805003,0.85,3,3,3,149.7983077694388,470.0046157836914,231.3508582465789,0.8604918599128724,0.09091756,140.49988,10,152,7.26004333333113,28.805006,15.000003,66.9858933333335,0.5,0.5068892240524292,uniform,uniform,10,0.0,0.0,0.0,2,
independent,3456,aggregation_softmax,0,15.342535,0.65000004,7,7,7,157.5693362034284,438.39131355285645,219.4124353848971,0.8352437198162079,0.052733406,134.13849,10,162,7.796715000004895,50.342533,35.0,70.52308000000001,0.5,0.5068892240524292,uniform,uniform,10,0.0,0.0,0.0,3,
independent,3456,aggregation_softmax,1,15.324091,0.8,4,3,3,157.68327606841922,461.78669929504395,250.55981554090977,0.8665657967329026,0.04602391,111.590965,10,162,7.796715000004895,35.324085,19.999994,70.52308000000001,0.5,0.5068892240524292,uniform,uniform,10,0.0,0.0,0.0,3,
independent,3456,aggregation_softmax,2,15.960002,0.65000004,7,7,7,162.64482461489163,458.0001640319824,256.55082354178796,0.8885418713092804,0.042495735,48.0,10,162,7.796715000004895,50.96,34.999996,70.52308000000001,0.5,0.5068892240524292,uniform,uniform,10,0.0,0.0,0.0,3,
independent,3456,aggregation_softmax,3,15.245941,0.75,5,5,5,121.46497130393982,455.56912422180176,283.7805471420288,0.8859622001647949,0.04330084,88.93754,10,162,7.796715000004895,40.245945,25.000004,70.52308000000001,0.5,0.5068892240524292,uniform,uniform,10,0.0,0.0,0.0,3,
independent,3456,aggregation_softmax,4,13.232021,0.95,1,1,1,131.68996453285217,476.86323165893555,251.29582267058524,0.8422585159540177,0.10340713,160.63054,10,162,7.796715000004895,18.232016,4.9999943,70.52308000000001,0.5,0.5068892240524292,uniform,uniform,10,0.0,0.0,0.0,3,
independent,3456,aggregation_softmax,5,16.952747,0.55,9,8,8,148.4401759776202,457.1455478668213,275.9991418231617,0.9130967348814011,0.09075335,0.0,10,162,7.796715000004895,61.95275,45.000004,70.52308000000001,0.5,0.5068892240524292,uniform,uniform,10,0.0,0.0,0.0,3,
independent,3456,aggregation_softmax,6,13.838475,0.85,3,3,3,126.7204791658065,442.3784351348877,186.61703088704277,0.8192514270544052,0.0917835,165.4158,10,162,7.796715000004895,28.83847,14.999995,70.52308000000001,0.5,0.5068892240524292,uniform,uniform,10,0.0,0.0,0.0,3,
independent,3456,aggregation_softmax,7,14.247183,0.90000004,2,1,1,164.49138393004736,446.5637397766113,256.6085346539815,0.8724287480115891,0.12117731,74.10613,10,162,7.796715000004895,24.247177,9.999994,70.52308000000001,0.5,0.5068892240524292,uniform,uniform,10,0.0,0.0,0.0,3,
independent,3456,aggregation_softmax,8,16.614113,0.6,8,8,8,131.25234723091125,462.0450210571289,205.11210799217224,0.8991961717605591,0.13472788,31.588562,10,162,7.796715000004895,56.61412,40.000008,70.52308000000001,0.5,0.5068892240524292,uniform,uniform,10,0.0,0.0,0.0,3,
independent,3456,aggregation_softmax,9,15.7054,0.65000004,7,6,6,145.43701199384836,397.09768295288086,196.8056477033175,0.863758385181427,0.08709968,69.58408,10,162,7.796715000004895,50.7054,35.0,70.52308000000001,0.5,0.5068892240524292,uniform,uniform,10,0.0,0.0,0.0,3,
independent,3456,aggregation_softmax,10,14.030399,1.0,0,0,0,147.80693708360195,477.6310443878174,247.4267833828926,0.9129637360572815,0.11353728,43.61225,10,162,7.796715000004895,14.030399,0.0,70.52308000000001,0.5,0.5068892240524292,uniform,uniform,10,0.0,0.0,0.0,3,
independent,3456,aggregation_softmax,11,14.297139,0.75,5,5,5,156.41647005081177,440.1185989379883,255.0282347202301,0.828392493724823,0.10926037,153.6704,10,162,7.796715000004895,39.297142,25.000004,70.52308000000001,0.5,0.5068892240524292,uniform,uniform,10,0.0,0.0,0.0,3,
independent,3456,aggregation_softmax,12,15.309101,0.90000004,2,2,2,109.98982071876526,442.67781257629395,230.4872719446818,0.8849506467580796,0.063203745,39.572678,10,162,7.796715000004895,25.309097,9.999996,70.52308000000001,0.5,0.5068892240524292,uniform,uniform,10,0.0,0.0,0.0,3,
independent,3456,aggregation_softmax,13,14.312924,0.75,5,5,5,121.64420568943024,477.89628982543945,231.24694538116455,0.8444149971008301,0.14809659,169.66588,10,162,7.796715000004895,39.312927,25.000004,70.52308000000001,0.5,0.5068892240524292,uniform,uniform,10,0.0,0.0,0.0,3,
independent,3456,aggregation_softmax,14,15.42493,0.8,4,3,3,161.92274317145348,470.5008029937744,260.1283071935177,0.9019373744726181,0.04293628,34.781235,10,162,7.796715000004895,35.42494,20.000008,70.52308000000001,0.5,0.5068892240524292,uniform,uniform,10,0.0,0.0,0.0,3,
independent,3456,aggregation_softmax,15,13.0230465,0.90000004,2,2,2,119.326866765817,441.66661262512207,211.11334363619486,0.8051076024770737,0.08884632,191.86012,10,162,7.796715000004895,23.023046,10.0,70.52308000000001,0.5,0.5068892240524292,uniform,uniform,10,0.0,0.0,0.0,3,
independent,3456,aggregation_softmax,16,15.31541,0.8,4,3,3,142.99011211842299,466.7198181152344,284.8023806512356,0.8938755303621292,0.06473242,77.72944,10,162,7.796715000004895,35.315407,19.999996,70.52308000000001,0.5,0.5068892240524292,uniform,uniform,10,0.0,0.0,0.0,3,
independent,3456,aggregation_softmax,17,14.608419,0.8,4,4,4,93.26220005750656,430.8980083465576,178.6956511437893,0.8080407977104187,0.13493092,176.56177,10,162,7.796715000004895,34.60842,20.000002,70.52308000000001,0.5,0.5068892240524292,uniform,uniform,10,0.0,0.0,0.0,3,
independent,3456,aggregation_softmax,18,15.252491,0.75,5,5,5,120.89280450344086,478.01785469055176,182.0639681816101,0.8563890546560288,0.07895742,129.75093,10,162,7.796715000004895,40.252495,25.000004,70.52308000000001,0.5,0.5068892240524292,uniform,uniform,10,0.0,0.0,0.0,3,
independent,3456,aggregation_softmax,19,13.371948,0.75,5,2,2,137.48068541288376,447.65132904052734,221.95625758171082,0.8186698794364929,0.12563124,171.80518,10,162,7.796715000004895,38.37195,25.0,70.52308000000001,0.5,0.5068892240524292,uniform,uniform,10,0.0,0.0,0.0,3,
independent,3456,aggregation_softmax,20,14.91723,0.85,3,2,2,131.1966733722126,458.7484073638916,228.89074381660012,0.8884412735700608,0.09988117,48.941227,10,162,7.796715000004895,29.917229,14.999999,70.52308000000001,0.5,0.5068892240524292,uniform,uniform,10,0.0,0.0,0.0,3,
independent,3456,aggregation_softmax,21,16.25803,0.4,12,10,10,81.66414231061935,448.7973976135254,226.78521439433098,0.8615395307540894,0.09728665,96.86578,10,162,7.796715000004895,76.25803,60.000004,70.52308000000001,0.5,0.5068892240524292,uniform,uniform,10,0.0,0.0,0.0,3,
independent,3456,aggregation_softmax,22,15.669668,0.55,9,9,9,139.35366608879784,430.8148956298828,250.28471556576815,0.8345046043395996,0.19104367,125.75131,10,162,7.796715000004895,60.669666,45.0,70.52308000000001,0.5,0.5068892240524292,uniform,uniform,10,0.0,0.0,0.0,3,
independent,3456,aggregation_softmax,23,15.852362,0.7,6,6,6,145.01858877284187,467.028865814209,265.45006360326494,0.8876152217388154,0.069292195,60.763763,10,162,7.796715000004895,45.85236,29.999998,70.52308000000001,0.5,0.5068892240524292,uniform,uniform,10,0.0,0.0,0.0,3,
independent,3456,aggregation_softmax,24,15.919613,0.6,8,7,7,121.84166193008423,465.0022602081299,222.0478069782257,0.8791477173566818,0.08098093,73.038795,10,162,7.796715000004895,55.91962,40.000008,70.52308000000001,0.5,0.5068892240524292,uniform,uniform,10,0.0,0.0,0.0,3,
independent,3456,aggregation_softmax,25,15.776697,0.65000004,7,6,6,181.74786054171048,451.0411548614502,281.34182480665356,0.8849173873662949,0.08928582,48.000008,10,162,7.796715000004895,50.77669,34.999992,70.52308000000001,0.5,0.5068892240524292,uniform,uniform,10,0.0,0.0,0.0,3,
independent,3456,aggregation_softmax,26,15.851245,0.7,6,6,6,159.24260590757643,421.0324287414551,246.7645730291094,0.8826143145561218,0.056914356,33.38067,10,162,7.796715000004895,45.851234,29.999989,70.52308000000001,0.5,0.5068892240524292,uniform,uniform,10,0.0,0.0,0.0,3,
independent,3456,aggregation_softmax,27,13.022968,0.8,4,3,3,109.60260674357414,435.0317573547363,205.9935363382101,0.7732924163341522,0.057002977,246.31041,10,162,7.796715000004895,33.022964,19.999996,70.52308000000001,0.5,0.5068892240524292,uniform,uniform,10,0.0,0.0,0.0,3,
independent,3456,aggregation_softmax,28,12.983605,0.95,1,1,1,111.06924383263839,465.9194755554199,239.31986463697334,0.8418440163135529,0.09923152,145.57903,10,162,7.796715000004895,17.983604,4.999999,70.52308000000001,0.5,0.5068892240524292,uniform,uniform,10,0.0,0.0,0.0,3,
independent,3456,aggregation_softmax,29,14.366465,0.75,5,5,5,149.55568313598633,477.7928066253662,257.7843565940857,0.8456156641244889,0.11961533,150.21085,10,162,7.796715000004895,39.366467,25.000002,70.52308000000001,0.5,0.5068892240524292,uniform,uniform,10,0.0,0.0,0.0,3,
independent,3456,aggregation_softmax,30,15.668711,0.8,4,3,3,162.64300279319286,475.6527328491211,241.733228713274,0.9138145685195923,0.045666028,17.128847,10,162,7.796715000004895,35.66872,20.00001,70.52308000000001,0.5,0.5068892240524292,uniform,uniform,10,0.0,0.0,0.0,3,
independent,3456,aggregation_softmax,31,14.668449,1.0,0,0,0,136.73194098472595,476.343297958374,278.8215318918228,0.9112619429826736,0.11193687,72.15495,10,162,7.796715000004895,14.668449,0.0,70.52308000000001,0.5,0.5068892240524292,uniform,uniform,10,0.0,0.0,0.0,3,
independent,3456,aggregation_softmax,32,12.441895,0.8,4,3,3,159.23743441700935,419.4294548034668,229.29763868451118,0.7693445086479187,0.1229354,250.85864,10,162,7.796715000004895,32.441895,20.0,70.52308000000001,0.5,0.5068892240524292,uniform,uniform,10,0.0,0.0,0.0,3,
independent,3456,aggregation_softmax,33,13.573527,0.8,4,4,4,113.7878105789423,476.9219970703125,230.29362872242928,0.833383384346962,0.11268568,195.76605,10,162,7.796715000004895,33.573524,19.999996,70.52308000000001,0.5,0.5068892240524292,uniform,uniform,10,0.0,0.0,0.0,3,
independent,3456,aggregation_softmax,34,15.234217,0.8,4,3,3,152.82392598688602,452.1151828765869,242.09277391433716,0.8874530673027039,0.05552117,63.673332,10,162,7.796715000004895,35.23422,20.000002,70.52308000000001,0.5,0.5068892240524292,uniform,uniform,10,0.0,0.0,0.0,3,
independent,3456,aggregation_softmax,35,12.417627,0.8,4,4,4,128.16025357693434,473.1932830810547,231.53985500335693,0.7468521237373352,0.15778896,335.2373,10,162,7.796715000004895,32.41762,19.999994,70.52308000000001,0.5,0.5068892240524292,uniform,uniform,10,0.0,0.0,0.0,3,
independent,3456,aggregation_softmax,36,15.3359785,0.8,4,4,4,111.89127976074815,460.7187080383301,236.18869006633759,0.8865476280450821,0.108923845,83.24437,10,162,7.796715000004895,35.335976,19.999996,70.52308000000001,0.5,0.5068892240524292,uniform,uniform,10,0.0,0.0,0.0,3,
independent,3456,aggregation_softmax,37,17.11,0.5,10,8,8,109.06834656000137,453.9361381530762,214.22853326797485,0.9114251673221588,0.059473645,0.0,10,162,7.796715000004895,67.11001,50.000008,70.52308000000001,0.5,0.5068892240524292,uniform,uniform,10,0.0,0.0,0.0,3,
independent,3456,aggregation_softmax,38,15.606125,0.65000004,7,7,7,116.9920814037323,452.2378635406494,199.4210490813622,0.8599485844373703,0.027078252,97.13668,10,162,7.796715000004895,50.606117,34.999992,70.52308000000001,0.5,0.5068892240524292,uniform,uniform,10,0.0,0.0,0.0,3,
independent,3456,aggregation_softmax,39,14.537504,0.85,3,2,2,132.42963605067308,457.5633430480957,225.10483545415542,0.8763715565204621,0.0604199,70.93013,10,162,7.796715000004895,29.537506,15.000002,70.52308000000001,0.5,0.5068892240524292,uniform,uniform,10,0.0,0.0,0.0,3,
independent,3456,aggregation_softmax,40,15.248449,0.65000004,7,7,7,143.77597730893356,446.99315071105957,254.7578996878404,0.8520261824131012,0.12206615,116.557785,10,162,7.796715000004895,50.24845,35.0,70.52308000000001,0.5,0.5068892240524292,uniform,uniform,10,0.0,0.0,0.0,3,
independent,3456,aggregation_softmax,41,14.408139,0.6,8,7,7,165.2198151499033,477.14000701904297,248.48199903964996,0.8266040563583374,0.22367112,201.18605,10,162,7.796715000004895,54.408142,40.000004,70.52308000000001,0.5,0.5068892240524292,uniform,uniform,10,0.0,0.0,0.0,3,
independent,3456,aggregation_softmax,42,12.051305,0.75,5,4,4,117.51701772212982,458.58710289001465,241.75158143043518,0.7376283198595047,0.18676051,338.3407,10,162,7.796715000004895,37.05131,25.000008,70.52308000000001,0.5,0.5068892240524292,uniform,uniform,10,0.0,0.0,0.0,3,
independent,3456,aggregation_softmax,43,15.447861,0.8,4,2,2,155.02513200044632,475.29221534729004,253.1302995979786,0.9216036885976792,0.13506989,1.8132763,10,162,7.796715000004895,35.44786,20.0,70.52308000000001,0.5,0.5068892240524292,uniform,uniform,10,0.0,0.0,0.0,3,
independent,3456,aggregation_softmax,44,14.917242,0.90000004,2,2,2,126.80944370726745,461.072473526001,229.1300618648529,0.9169486343860627,0.1513524,0.85692215,10,162,7.796715000004895,24.91724,9.999998,70.52308000000001,0.5,0.5068892240524292,uniform,uniform,10,0.0,0.0,0.0,3,
independent,3456,aggregation_softmax,45,14.755635,0.95,1,1,1,115.25796151474903,457.8321933746338,227.04371725258073,0.8758174449205398,0.09119731,118.10082,10,162,7.796715000004895,19.755638,5.000003,70.52308000000001,0.5,0.5068892240524292,uniform,uniform,10,0.0,0.0,0.0,3,
independent,3456,aggregation_softmax,46,12.286705,0.7,6,6,6,83.08915563992092,304.69974517822266,146.39915100165777,0.7117824554443359,0.1436495,361.37772,10,162,7.796715000004895,42.286705,30.0,70.52308000000001,0.5,0.5068892240524292,uniform,uniform,10,0.0,0.0,0.0,3,
independent,3456,aggregation_softmax,47,15.55154,0.75,5,4,4,97.28607499599457,461.11132621765137,240.46248960494995,0.89067901968956,0.13860126,67.625656,10,162,7.796715000004895,40.551533,24.999992,70.52308000000001,0.5,0.5068892240524292,uniform,uniform,10,0.0,0.0,0.0,3,
independent,3456,aggregation_softmax,48,13.763943,0.6,8,5,5,88.4970061480999,407.7583694458008,158.42208415269852,0.7528095245361328,0.1242264,282.60574,10,162,7.796715000004895,53.763947,40.000004,70.52308000000001,0.5,0.5068892240524292,uniform,uniform,10,0.0,0.0,0.0,3,
independent,3456,aggregation_softmax,49,11.460569,0.90000004,2,1,1,113.45469405253728,469.75502014160156,238.01504810651144,0.734126341342926,0.2011856,364.28302,10,162,7.796715000004895,21.46057,10.0,70.52308000000001,0.5,0.5068892240524292,uniform,uniform,10,0.0,0.0,0.0,3,
independent,3456,aggregation_softmax,50,15.554085,0.75,5,5,5,146.37211394309998,455.7715129852295,253.23389673233032,0.9171365231275559,0.06881932,0.0,10,162,7.796715000004895,40.554085,25.0,70.52308000000001,0.5,0.5068892240524292,uniform,uniform,10,0.0,0.0,0.0,3,
independent,3456,aggregation_softmax,51,15.639811,0.65000004,7,7,7,126.70003006091484,381.11517906188965,194.0904455918532,0.8712059855461121,0.062296186,55.284645,10,162,7.796715000004895,50.63981,35.0,70.52308000000001,0.5,0.5068892240524292,uniform,uniform,10,0.0,0.0,0.0,3,
independent,3456,aggregation_softmax,52,15.611205,0.75,5,5,5,146.1122190952301,475.19402503967285,201.58553385734558,0.8858284443616867,0.039579798,70.4036,10,162,7.796715000004895,40.611217,25.000011,70.52308000000001,0.5,0.5068892240524292,uniform,uniform,10,0.0,0.0,0.0,3,
independent,3456,aggregation_softmax,53,14.971488,0.8,4,2,2,150.6868513673544,454.24089431762695,237.85856008529663,0.8928165316581727,0.1188661,47.368713,10,162,7.796715000004895,34.971493,20.000004,70.52308000000001,0.5,0.5068892240524292,uniform,uniform,10,0.0,0.0,0.0,3,
independent,3456,aggregation_softmax,54,13.24469,0.85,3,2,2,157.45303052313187,465.63222885131836,238.08525050387664,0.8073444306850434,0.1764579,211.53104,10,162,7.796715000004895,28.244686,14.999996,70.52308000000001,0.5,0.5068892240524292,uniform,uniform,10,0.0,0.0,0.0,3,
independent,3456,aggregation_softmax,55,16.01,0.85,3,3,3,155.06241013022031,464.3451690673828,277.0917740990134,0.9382636815309524,0.036777828,0.0,10,162,7.796715000004895,31.010002,15.000002,70.52308000000001,0.5,0.5068892240524292,uniform,uniform,10,0.0,0.0,0.0,3,
independent,3456,aggregation_softmax,56,15.487274,0.8,4,2,2,134.74917881190777,434.3401336669922,253.7211848795414,0.8641033411026001,0.06731442,71.26183,10,162,7.796715000004895,35.487274,20.0,70.52308000000001,0.5,0.5068892240524292,uniform,uniform,10,0.0,0.0,0.0,3,
independent,3456,aggregation_softmax,57,14.970428,0.85,3,3,3,120.05022588898154,478.0624008178711,255.55435748661264,0.8937073677778244,0.045271695,74.95715,10,162,7.796715000004895,29.970432,15.000004,70.52308000000001,0.5,0.5068892240524292,uniform,uniform,10,0.0,0.0,0.0,3,
independent,3456,aggregation_softmax,58,16.956387,0.55,9,8,8,127.30729189786044,459.50157165527344,250.14666405591097,0.9095946192741394,0.044268277,9.08008,10,162,7.796715000004895,61.956383,44.999996,70.52308000000001,0.5,0.5068892240524292,uniform,uniform,10,0.0,0.0,0.0,3,
independent,3456,aggregation_softmax,59,14.578154,0.85,3,3,3,108.56392832363353,433.08960914611816,191.57413570319906,0.8410515278577805,0.09451316,114.27076,10,162,7.796715000004895,29.578152,14.999998,70.52308000000001,0.5,0.5068892240524292,uniform,uniform,10,0.0,0.0,0.0,3,
independent,3456,aggregation_softmax,0,15.583979,0.85,3,3,3,216.84722027357887,465.94759941101074,269.1876853213591,0.9100649386644364,0.0788641,48.0,10,155,7.106103333334109,30.583973,14.999994,66.07377000000034,0.5,0.5068892240524292,uniform,uniform,10,0.0,0.0,0.0,4,
independent,3456,aggregation_softmax,1,15.351114,0.7,6,5,5,113.26785749622753,387.5577449798584,191.14424867289407,0.8285062313079834,0.10509297,137.26817,10,155,7.106103333334109,45.351116,30.000002,66.07377000000034,0.5,0.5068892240524292,uniform,uniform,10,0.0,0.0,0.0,4,
independent,3456,aggregation_softmax,2,15.340748,0.75,5,5,5,155.6639055609703,459.0557384490967,226.28421640396118,0.8714222103357315,0.046648,81.92518,10,155,7.106103333334109,40.34075,25.000004,66.07377000000034,0.5,0.5068892240524292,uniform,uniform,10,0.0,0.0,0.0,4,
independent,3456,aggregation_softmax,3,15.762924,0.7,6,6,6,168.5748484304973,441.3723850250244,270.2756258419582,0.8810700863599777,0.07674848,45.718063,10,155,7.106103333334109,45.762928,30.000004,66.07377000000034,0.5,0.5068892240524292,uniform,uniform,10,0.0,0.0,0.0,4,
independent,3456,aggregation_softmax,4,15.368051,0.8,4,4,4,160.98559699952602,476.42552375793457,249.9570992588997,0.897271403670311,0.10059572,49.664494,10,155,7.106103333334109,35.368057,20.000008,66.07377000000034,0.5,0.5068892240524292,uniform,uniform,10,0.0,0.0,0.0,4,
independent,3456,aggregation_softmax,5,15.61781,0.75,5,4,4,172.29993414878845,434.8245906829834,268.51492166519165,0.9014712363481522,0.05287436,0.0,10,155,7.106103333334109,40.61781,25.0,66.07377000000034,0.5,0.5068892240524292,uniform,uniform,10,0.0,0.0,0.0,4,
independent,3456,aggregation_softmax,6,12.313658,0.85,3,3,3,144.6007441773134,438.24331283569336,204.49729674002702,0.7638447225093842,0.16941017,267.6615,10,155,7.106103333334109,27.313654,14.999996,66.07377000000034,0.5,0.5068892240524292,uniform,uniform,10,0.0,0.0,0.0,4,
independent,3456,aggregation_softmax,7,16.771126,0.6,8,7,7,150.93348547816277,473.937349319458,252.56168842315674,0.9226832270622254,0.063600115,5.88739,10,155,7.106103333334109,56.771126,40.0,66.07377000000034,0.5,0.5068892240524292,uniform,uniform,10,0.0,0.0,0.0,4,
independent,3456,aggregation_softmax,8,15.491857,0.8,4,4,4,129.22099448740482,473.0613899230957,231.48803360760212,0.8960459113121033,0.023246257,74.814354,10,155,7.106103333334109,35.491863,20.000008,66.07377000000034,0.5,0.5068892240524292,uniform,uniform,10,0.0,0.0,0.0,4,
independent,3456,aggregation_softmax,9,15.227473,0.85,3,2,2,144.3283776325338,467.1262264251709,247.1101475463194,0.9145175009965897,0.06980771,7.2527905,10,155,7.106103333334109,30.227468,14.999995,66.07377000000034,0.5,0.5068892240524292,uniform,uniform,10,0.0,0.0,0.0,4,
independent,3456,aggregation_softmax,10,14.685989,0.8,4,4,4,149.84601493924856,477.6310443878174,228.7191666662693,0.8761398285627365,0.07212166,91.4427,10,155,7.106103333334109,34.68598,19.999992,66.07377000000034,0.5,0.5068892240524292,uniform,uniform,10,0.0,0.0,0.0,4,
independent,3456,aggregation_softmax,11,14.867027,0.65000004,7,7,7,122.07794604393152,477.01160430908203,233.39921263548044,0.8664438962936402,0.027751181,109.439476,10,155,7.106103333334109,49.867035,35.000008,66.07377000000034,0.5,0.5068892240524292,uniform,uniform,10,0.0,0.0,0.0,4,
independent,3456,aggregation_softmax,12,15.384665,0.90000004,2,2,2,149.92684304714203,439.7597122192383,249.67833797136942,0.8699095487594605,0.05627679,65.53353,10,155,7.106103333334109,25.384659,9.999994,66.07377000000034,0.5,0.5068892240524292,uniform,uniform,10,0.0,0.0,0.0,4,
independent,3456,aggregation_softmax,13,11.54889,0.8,4,4,4,109.41071402281523,410.535249710083,196.9365817308426,0.669893741607666,0.21634471,441.8041,10,155,7.106103333334109,31.548891,20.0,66.07377000000034,0.5,0.5068892240524292,uniform,uniform,10,0.0,0.0,0.0,4,
independent,3456,aggregation_softmax,14,14.666237,0.90000004,2,1,1,152.43897159894308,454.2931652069092,251.19964798291525,0.8957901388406754,0.088570185,30.376322,10,155,7.106103333334109,24.66624,10.000004,66.07377000000034,0.5,0.5068892240524292,uniform,uniform,10,0.0,0.0,0.0,4,
independent,3456,aggregation_softmax,15,14.824265,0.8,4,4,4,95.31923901289701,445.726318359375,204.4038087129593,0.8439086556434632,0.10150875,123.5735,10,155,7.106103333334109,34.82427,20.000004,66.07377000000034,0.5,0.5068892240524292,uniform,uniform,10,0.0,0.0,0.0,4,
independent,3456,aggregation_softmax,16,15.588228,0.75,5,4,4,179.564932346344,449.42925453186035,281.8691785335541,0.892780813574791,0.04716422,43.871777,10,155,7.106103333334109,40.588226,24.999998,66.07377000000034,0.5,0.5068892240524292,uniform,uniform,10,0.0,0.0,0.0,4,
independent,3456,aggregation_softmax,17,15.223573,0.85,3,3,3,116.59336640554316,467.7258110046387,249.09386957392974,0.9060626596212387,0.09390946,83.642815,10,155,7.106103333334109,30.223572,14.999999,66.07377000000034,0.5,0.5068892240524292,uniform,uniform,10,0.0,0.0,0.0,4,
independent,3456,aggregation_softmax,18,15.75907,0.8,4,4,4,178.30029230564833,455.38049697875977,249.7170750796795,0.8777707755565644,0.05363509,66.06082,10,155,7.106103333334109,35.759068,19.999996,66.07377000000034,0.5,0.5068892240524292,uniform,uniform,10,0.0,0.0,0.0,4,
independent,3456,aggregation_softmax,19,11.377678,0.75,5,2,2,124.06331485509872,475.676908493042,236.08918380737305,0.7179613143205643,0.22807062,435.43146,10,155,7.106103333334109,36.37768,25.000004,66.07377000000034,0.5,0.5068892240524292,uniform,uniform,10,0.0,0.0,0.0,4,
independent,3456,aggregation_softmax,20,15.330001,0.85,3,2,2,169.1531024610295,473.59591484069824,279.48322871152095,0.9425154387950897,0.03067269,48.0,10,155,7.106103333334109,30.330002,15.000001,66.07377000000034,0.5,0.5068892240524292,uniform,uniform,10,0.0,0.0,0.0,4,
independent,3456,aggregation_softmax,21,14.746035,0.65000004,7,5,5,153.79358961031988,472.45951652526855,261.61763961498553,0.8636887699365616,0.1594078,129.39662,10,155,7.106103333334109,49.74604,35.000008,66.07377000000034,0.5,0.5068892240524292,uniform,uniform,10,0.0,0.0,0.0,4,
independent,3456,aggregation_softmax,22,15.073655,0.7,6,6,6,120.40877529553005,460.0534915924072,228.81751452173506,0.8489850252866745,0.09252732,126.002396,10,155,7.106103333334109,45.07366,30.000008,66.07377000000034,0.5,0.5068892240524292,uniform,uniform,10,0.0,0.0,0.0,4,
independent,3456,aggregation_softmax,23,14.850147,0.65000004,7,7,7,76.73132121562958,471.9828128814697,207.71406384614798,0.8384583681821823,0.030750858,158.14287,10,155,7.106103333334109,49.850143,34.999996,66.07377000000034,0.5,0.5068892240524292,uniform,uniform,10,0.0,0.0,0.0,4,
independent,3456,aggregation_softmax,24,14.789017,0.75,5,4,4,150.7499804496765,459.1504955291748,250.65450811386108,0.8867200285196304,0.10013304,76.51806,10,155,7.106103333334109,39.78902,25.000004,66.07377000000034,0.5,0.5068892240524292,uniform,uniform,10,0.0,0.0,0.0,4,
independent,3456,aggregation_softmax,25,14.571718,0.7,6,5,5,125.1314275605338,468.2083797454834,251.2282896893365,0.8483918130397796,0.10025937,172.8281,10,155,7.106103333334109,44.571716,29.999998,66.07377000000034,0.5,0.5068892240524292,uniform,uniform,10,0.0,0.0,0.0,4,
independent,3456,aggregation_softmax,26,13.795926,0.85,3,3,3,152.11799193831052,447.9887294769287,240.09989682365867,0.8261035472154618,0.11611099,157.87003,10,155,7.106103333334109,28.795925,14.999999,66.07377000000034,0.5,0.5068892240524292,uniform,uniform,10,0.0,0.0,0.0,4,
independent,3456,aggregation_softmax,27,10.717834,0.90000004,2,1,1,91.01483136415482,451.0044479370117,209.35831328233084,0.709264475107193,0.23818943,397.10416,10,155,7.106103333334109,20.717836,10.000002,66.07377000000034,0.5,0.5068892240524292,uniform,uniform,10,0.0,0.0,0.0,4,
independent,3456,aggregation_softmax,28,13.530247,0.8,4,4,4,77.56636340171099,446.78486824035645,187.16077275574207,0.8346254318952561,0.1401782,140.30417,10,155,7.106103333334109,33.53025,20.000004,66.07377000000034,0.5,0.5068892240524292,uniform,uniform,10,0.0,0.0,0.0,4,
independent,3456,aggregation_softmax,29,14.021845,0.75,5,5,5,144.80223655700684,452.6857852935791,266.756085395813,0.8205053299665451,0.15115482,173.31567,10,155,7.106103333334109,39.021843,24.999998,66.07377000000034,0.5,0.5068892240524292,uniform,uniform,10,0.0,0.0,0.0,4,
independent,3456,aggregation_softmax,30,15.75774,0.7,6,5,5,149.05789860657282,423.17925453186035,232.22268513270788,0.8735186457633972,0.08294804,50.84438,10,155,7.106103333334109,45.75774,30.0,66.07377000000034,0.5,0.5068892240524292,uniform,uniform,10,0.0,0.0,0.0,4,
independent,3456,aggregation_softmax,31,15.727142,0.7,6,6,6,139.28816544158119,474.5175361633301,243.98378210408347,0.8689676463603974,0.110700704,102.09983,10,155,7.106103333334109,45.727146,30.000004,66.07377000000034,0.5,0.5068892240524292,uniform,uniform,10,0.0,0.0,0.0,4,
independent,3456,aggregation_softmax,32,14.484292,0.75,5,4,4,157.08761024475098,439.757080078125,254.20761394500732,0.8443001747131348,0.1267068,114.70083,10,155,7.106103333334109,39.484295,25.000004,66.07377000000034,0.5,0.5068892240524292,uniform,uniform,10,0.0,0.0,0.0,4,
independent,3456,aggregation_softmax,33,14.676203,0.65000004,7,7,7,113.17324175284459,470.5322742462158,259.20431036215564,0.820735764503479,0.085913405,227.11108,10,155,7.106103333334109,49.6762,35.0,66.07377000000034,0.5,0.5068892240524292,uniform,uniform,10,0.0,0.0,0.0,4,
independent,3456,aggregation_softmax,34,16.310402,0.7,6,5,5,135.60224890708923,479.0060234069824,250.38703603403908,0.9300543397665024,0.07425513,26.039692,10,155,7.106103333334109,46.31041,30.000008,66.07377000000034,0.5,0.5068892240524292,uniform,uniform,10,0.0,0.0,0.0,4,
independent,3456,aggregation_softmax,35,15.069597,0.75,5,5,5,113.30645895004272,472.68178939819336,244.715425491333,0.8689559280872345,0.04763854,129.23817,10,155,7.106103333334109,40.069588,24.99999,66.07377000000034,0.5,0.5068892240524292,uniform,uniform,10,0.0,0.0,0.0,4,
independent,3456,aggregation_softmax,36,15.891066,0.7,6,6,6,121.06434817825046,419.4106864929199,207.0599844626018,0.8772538900375366,0.0774516,43.672764,10,155,7.106103333334109,45.891068,30.000002,66.07377000000034,0.5,0.5068892240524292,uniform,uniform,10,0.0,0.0,0.0,4,
independent,3456,aggregation_softmax,37,15.133939,0.8,4,3,3,175.65490890294313,411.51944160461426,267.3942366242409,0.863226056098938,0.05263663,70.60613,10,155,7.106103333334109,35.133945,20.000008,66.07377000000034,0.5,0.5068892240524292,uniform,uniform,10,0.0,0.0,0.0,4,
independent,3456,aggregation_softmax,38,15.200468,0.90000004,2,2,2,117.05000519752502,455.16197204589844,221.21618588765463,0.9073739290237427,0.05017527,9.004166,10,155,7.106103333334109,25.20047,10.000002,66.07377000000034,0.5,0.5068892240524292,uniform,uniform,10,0.0,0.0,0.0,4,
independent,3456,aggregation_softmax,39,14.658348,0.85,3,2,2,135.87467414491317,469.7637176513672,228.54987312765684,0.895215654373169,0.067597315,46.94981,10,155,7.106103333334109,29.658354,15.000006,66.07377000000034,0.5,0.5068892240524292,uniform,uniform,10,0.0,0.0,0.0,4,
independent,3456,aggregation_softmax,40,14.961029,0.7,6,6,6,105.5158057808876,477.5808334350586,239.18169839041573,0.8753358364105225,0.12699321,92.936134,10,155,7.106103333334109,44.961037,30.000008,66.07377000000034,0.5,0.5068892240524292,uniform,uniform,10,0.0,0.0,0.0,4,
independent,3456,aggregation_softmax,41,9.964672,0.85,3,2,2,102.29187784826054,479.28099632263184,230.68083622876335,0.6611395806074143,0.1387779,533.86646,10,155,7.106103333334109,24.964672,15.0,66.07377000000034,0.5,0.5068892240524292,uniform,uniform,10,0.0,0.0,0.0,4,
independent,3456,aggregation_softmax,42,10.484058,0.85,3,2,2,115.00266783377704,451.2168788909912,230.1988960714901,0.6716007977724076,0.1996571,457.7433,10,155,7.106103333334109,25.484062,15.000004,66.07377000000034,0.5,0.5068892240524292,uniform,uniform,10,0.0,0.0,0.0,4,
independent,3456,aggregation_softmax,43,13.293621,0.8,4,2,2,129.38602298498154,447.47179985046387,227.4911905825138,0.8221999198198319,0.060094744,164.848,10,155,7.106103333334109,33.293617,19.999996,66.07377000000034,0.5,0.5068892240524292,uniform,uniform,10,0.0,0.0,0.0,4,
independent,3456,aggregation_softmax,44,15.790115,0.65000004,7,7,7,95.65221689068355,424.392728805542,179.49533068216763,0.8581240177154541,0.07951043,80.401955,10,155,7.106103333334109,50.790115,35.0,66.07377000000034,0.5,0.5068892240524292,uniform,uniform,10,0.0,0.0,0.0,4,
independent,3456,aggregation_softmax,45,15.283871,0.7,6,6,6,116.18200836437089,385.08007049560547,180.1066998073033,0.8210957646369934,0.07645782,151.4963,10,155,7.106103333334109,45.28387,30.0,66.07377000000034,0.5,0.5068892240524292,uniform,uniform,10,0.0,0.0,0.0,4,
independent,3456,aggregation_softmax,46,12.908728,0.75,5,5,5,108.21784615516663,455.94457626342773,219.7731614112854,0.7688165247440338,0.18432634,275.81696,10,155,7.106103333334109,37.90873,25.000002,66.07377000000034,0.5,0.5068892240524292,uniform,uniform,10,0.0,0.0,0.0,4,
independent,3456,aggregation_softmax,47,14.209522,0.7,6,5,5,114.49462601116726,448.238525390625,218.02857743842262,0.8203871726989747,0.1039888,178.52463,10,155,7.106103333334109,44.209526,30.000004,66.07377000000034,0.5,0.5068892240524292,uniform,uniform,10,0.0,0.0,0.0,4,
independent,3456,aggregation_softmax,48,15.024439,0.65000004,7,4,4,142.06069542811468,468.7620735168457,235.6566045834468,0.8430416792631149,0.06285158,182.55605,10,155,7.106103333334109,50.024437,35.0,66.07377000000034,0.5,0.5068892240524292,uniform,uniform,10,0.0,0.0,0.0,4,
independent,3456,aggregation_softmax,49,13.336916,0.8,4,3,3,125.95369588583708,478.09596061706543,255.1941530406475,0.8117704272270203,0.21213265,237.01924,10,155,7.106103333334109,33.336918,20.000002,66.07377000000034,0.5,0.5068892240524292,uniform,uniform,10,0.0,0.0,0.0,4,
independent,3456,aggregation_softmax,50,14.513962,0.90000004,2,2,2,160.14948666095734,457.9510974884033,275.75584928194684,0.8974386572837829,0.065233454,68.23423,10,155,7.106103333334109,24.513966,10.000004,66.07377000000034,0.5,0.5068892240524292,uniform,uniform,10,0.0,0.0,0.0,4,
independent,3456,aggregation_softmax,51,15.304529,0.7,6,6,6,143.34141088383538,468.87393951416016,225.69862501961845,0.8759372472763062,0.033210177,83.074524,10,155,7.106103333334109,45.30452,29.99999,66.07377000000034,0.5,0.5068892240524292,uniform,uniform,10,0.0,0.0,0.0,4,
independent,3456,aggregation_softmax,52,13.366623,0.75,5,5,5,122.68869972229004,467.7131652832031,199.51741671562195,0.8263678789138794,0.09986394,177.08696,10,155,7.106103333334109,38.366623,25.0,66.07377000000034,0.5,0.5068892240524292,uniform,uniform,10,0.0,0.0,0.0,4,
independent,3456,aggregation_softmax,53,14.234863,0.75,5,3,3,105.61064076423645,471.474666595459,210.2135350704193,0.8315298378467559,0.10764981,210.70827,10,155,7.106103333334109,39.23486,24.999996,66.07377000000034,0.5,0.5068892240524292,uniform,uniform,10,0.0,0.0,0.0,4,
independent,3456,aggregation_softmax,54,12.903531,0.85,3,2,2,154.34296604465035,465.63222885131836,234.9751864461338,0.8145757257938385,0.06414748,197.6469,10,155,7.106103333334109,27.903534,15.000003,66.07377000000034,0.5,0.5068892240524292,uniform,uniform,10,0.0,0.0,0.0,4,
independent,3456,aggregation_softmax,55,15.353724,0.90000004,2,2,2,145.135866800944,423.23533058166504,261.4969327052434,0.9000000953674316,0.03252006,0.0,10,155,7.106103333334109,25.35372,9.999996,66.07377000000034,0.5,0.5068892240524292,uniform,uniform,10,0.0,0.0,0.0,4,
independent,3456,aggregation_softmax,56,15.97426,0.65000004,7,5,5,193.6363024895008,460.1773166656494,285.3057492696322,0.8954334825277328,0.070920825,66.50397,10,155,7.106103333334109,50.974266,35.000008,66.07377000000034,0.5,0.5068892240524292,uniform,uniform,10,0.0,0.0,0.0,4,
independent,3456,aggregation_softmax,57,13.845848,0.85,3,3,3,118.9868723425795,438.6061191558838,230.80480635166168,0.8147556871175766,0.06416457,170.27528,10,155,7.106103333334109,28.84585,15.000002,66.07377000000034,0.5,0.5068892240524292,uniform,uniform,10,0.0,0.0,0.0,4,
independent,3456,aggregation_softmax,58,15.669886,0.75,5,4,4,138.87519347667694,474.4327926635742,265.08062958717346,0.9170912623405456,0.07952282,82.011444,10,155,7.106103333334109,40.669884,24.999998,66.07377000000034,0.5,0.5068892240524292,uniform,uniform,10,0.0,0.0,0.0,4,
independent,3456,aggregation_softmax,59,15.008001,0.8,4,4,4,117.64459546655416,478.03401947021484,225.30798241496086,0.882025682926178,0.03138257,80.544914,10,155,7.106103333334109,35.008003,20.000002,66.07377000000034,0.5,0.5068892240524292,uniform,uniform,10,0.0,0.0,0.0,4,
independent,3456,aggregation_random,0,14.8488655,0.95,1,1,1,203.85467093241843,430.2307891845703,255.87393785777846,0.8878961205482483,0.07508135,23.239586,10,155,1.4735866666640618,19.848867,5.000002,63.82400333333323,0.5,0.5068892240524292,uniform,uniform,10,0.0,0.0,0.0,0,
independent,3456,aggregation_random,1,15.926943,0.7,6,5,5,98.48825058766774,383.8409900665283,182.84993163176946,0.8571324944496155,0.061849,82.30573,10,155,1.4735866666640618,45.92694,29.999998,63.82400333333323,0.5,0.5068892240524292,uniform,uniform,10,0.0,0.0,0.0,0,
independent,3456,aggregation_random,2,15.006029,0.8,4,4,4,139.374515209347,446.04357719421387,250.85434712469578,0.882314482331276,0.101052314,48.0,10,155,1.4735866666640618,35.006027,19.999998,63.82400333333323,0.5,0.5068892240524292,uniform,uniform,10,0.0,0.0,0.0,0,
independent,3456,aggregation_random,3,14.177504,0.8,4,4,4,109.1207230836153,455.9322166442871,237.99239225685596,0.8393254756927491,0.16588575,146.24966,10,155,1.4735866666640618,34.1775,19.999998,63.82400333333323,0.5,0.5068892240524292,uniform,uniform,10,0.0,0.0,0.0,0,
independent,3456,aggregation_random,4,16.10759,0.75,5,5,5,111.2354406118393,470.0792598724365,220.57015919685364,0.9014432907104493,0.027091349,36.240833,10,155,1.4735866666640618,41.10759,25.0,63.82400333333323,0.5,0.5068892240524292,uniform,uniform,10,0.0,0.0,0.0,0,
independent,3456,aggregation_random,5,14.403211,0.85,3,2,2,132.1097795752918,477.08910942077637,242.78181889477898,0.8799011498689652,0.027133925,83.679054,10,155,1.4735866666640618,29.403214,15.000003,63.82400333333323,0.5,0.5068892240524292,uniform,uniform,10,0.0,0.0,0.0,0,
independent,3456,aggregation_random,6,13.725883,0.85,3,3,3,115.84905729574315,449.4381523132324,197.51221776008606,0.8068057477474213,0.085936286,199.39763,10,155,1.4735866666640618,28.725883,15.000001,63.82400333333323,0.5,0.5068892240524292,uniform,uniform,10,0.0,0.0,0.0,0,
independent,3456,aggregation_random,7,14.712453,0.75,5,4,4,137.0314985513687,429.2996406555176,244.70541095733643,0.8433915376663208,0.10894115,108.68843,10,155,1.4735866666640618,39.712456,25.000004,63.82400333333323,0.5,0.5068892240524292,uniform,uniform,10,0.0,0.0,0.0,0,
independent,3456,aggregation_random,8,15.283577,0.8,4,4,4,114.91061568260193,473.2861518859863,259.7195812314749,0.885473245382309,0.027272278,69.177734,10,155,1.4735866666640618,35.283577,20.0,63.82400333333323,0.5,0.5068892240524292,uniform,uniform,10,0.0,0.0,0.0,0,
independent,3456,aggregation_random,9,14.964605,0.90000004,2,1,1,134.6667872865995,467.93895721435547,244.91248905658722,0.9115524172782898,0.12246125,35.977455,10,155,1.4735866666640618,24.964605,10.0,63.82400333333323,0.5,0.5068892240524292,uniform,uniform,10,0.0,0.0,0.0,0,
independent,3456,aggregation_random,10,15.831371,0.75,5,5,5,110.50566565990448,479.0948295593262,188.44691514968872,0.9049674808979035,0.04654987,37.55746,10,155,1.4735866666640618,40.831375,25.000004,63.82400333333323,0.5,0.5068892240524292,uniform,uniform,10,0.0,0.0,0.0,0,
independent,3456,aggregation_random,11,13.755731,0.85,3,3,3,152.72406656952467,432.584810256958,241.3815042551826,0.820188769698143,0.18893313,153.82243,10,155,1.4735866666640618,28.75573,14.999999,63.82400333333323,0.5,0.5068892240524292,uniform,uniform,10,0.0,0.0,0.0,0,
independent,3456,aggregation_random,12,14.207863,0.95,1,1,1,123.8381833151767,445.56681632995605,237.62720045290496,0.8894134551286698,0.047209643,33.893124,10,155,1.4735866666640618,19.207863,5.0,63.82400333333323,0.5,0.5068892240524292,uniform,uniform,10,0.0,0.0,0.0,0,
independent,3456,aggregation_random,13,12.093305,0.75,5,5,5,108.50839519500732,346.44261360168457,192.54211163520813,0.6992106437683105,0.123769544,385.51562,10,155,1.4735866666640618,37.093304,25.0,63.82400333333323,0.5,0.5068892240524292,uniform,uniform,10,0.0,0.0,0.0,0,
independent,3456,aggregation_random,14,15.643691,0.7,6,5,5,154.75320390292578,445.8475971221924,243.76147627830505,0.8964671581983567,0.079244055,20.630842,10,155,1.4735866666640618,45.6437,30.000008,63.82400333333323,0.5,0.5068892240524292,uniform,uniform,10,0.0,0.0,0.0,0,
independent,3456,aggregation_random,15,14.565087,0.8,4,4,4,83.00612032413483,441.11157417297363,183.26590552926064,0.8537480264902115,0.13405797,103.95133,10,155,1.4735866666640618,34.56509,20.000004,63.82400333333323,0.5,0.5068892240524292,uniform,uniform,10,0.0,0.0,0.0,0,
independent,3456,aggregation_random,16,13.438759,0.8,4,3,3,145.5016902834177,456.11949920654297,249.78581987321377,0.7970696359872818,0.13549703,246.94212,10,155,1.4735866666640618,33.43876,20.0,63.82400333333323,0.5,0.5068892240524292,uniform,uniform,10,0.0,0.0,0.0,0,
independent,3456,aggregation_random,17,15.617505,0.85,3,3,3,122.13355316835292,461.1739253997803,228.93987094654756,0.9120503336191177,0.03295971,12.399142,10,155,1.4735866666640618,30.617506,15.000001,63.82400333333323,0.5,0.5068892240524292,uniform,uniform,10,0.0,0.0,0.0,0,
independent,3456,aggregation_random,18,14.999874,0.8,4,4,4,142.39900555461645,437.1536350250244,227.80513420701027,0.8505474418401718,0.0928897,100.102684,10,155,1.4735866666640618,34.999878,20.000004,63.82400333333323,0.5,0.5068892240524292,uniform,uniform,10,0.0,0.0,0.0,0,
independent,3456,aggregation_random,19,13.89255,0.8,4,1,1,138.8192307204008,474.2403030395508,245.28098434209824,0.8654940366744995,0.08332113,108.49188,10,155,1.4735866666640618,33.892548,19.999996,63.82400333333323,0.5,0.5068892240524292,uniform,uniform,10,0.0,0.0,0.0,0,
independent,3456,aggregation_random,20,15.531645,0.90000004,2,1,1,143.30572793881097,471.72094345092773,252.76647011439005,0.9354174911975861,0.044685584,2.8355398,10,155,1.4735866666640618,25.531645,10.0,63.82400333333323,0.5,0.5068892240524292,uniform,uniform,10,0.0,0.0,0.0,0,
independent,3456,aggregation_random,21,16.47747,0.5,10,8,8,119.80026590824127,444.41144943237305,231.14731407165527,0.898520165681839,0.07631522,15.252834,10,155,1.4735866666640618,66.47748,50.000008,63.82400333333323,0.5,0.5068892240524292,uniform,uniform,10,0.0,0.0,0.0,0,
independent,3456,aggregation_random,22,16.695,0.6,8,8,8,167.5485846400261,389.73363876342773,236.20864927768707,0.896460235118866,0.04941786,6.796526,10,155,1.4735866666640618,56.695,40.0,63.82400333333323,0.5,0.5068892240524292,uniform,uniform,10,0.0,0.0,0.0,0,
independent,3456,aggregation_random,23,15.102768,0.6,8,8,8,100.29830902814865,471.0432243347168,184.9373710155487,0.8334286749362946,0.10583658,166.86037,10,155,1.4735866666640618,55.102768,40.0,63.82400333333323,0.5,0.5068892240524292,uniform,uniform,10,0.0,0.0,0.0,0,
independent,3456,aggregation_random,24,15.389702,0.7,6,5,5,144.23645189830236,427.29283332824707,231.2801022189004,0.8711329698562622,0.034235884,55.424847,10,155,1.4735866666640618,45.38971,30.000008,63.82400333333323,0.5,0.5068892240524292,uniform,uniform,10,0.0,0.0,0.0,0,
independent,3456,aggregation_random,25,16.805079,0.55,9,8,8,160.13924620368263,442.3490238189697,247.04944838177073,0.9059939563274384,0.06971842,0.0,10,155,1.4735866666640618,61.805077,45.0,63.82400333333323,0.5,0.5068892240524292,uniform,uniform,10,0.0,0.0,0.0,0,
independent,3456,aggregation_random,26,15.327145,0.65000004,7,7,7,181.55923522435702,401.9450283050537,245.8234873184791,0.8529006838798523,0.0846378,90.43082,10,155,1.4735866666640618,50.32714,34.999996,63.82400333333323,0.5,0.5068892240524292,uniform,uniform,10,0.0,0.0,0.0,0,
independent,3456,aggregation_random,27,10.957211,0.85,3,2,2,95.2929110737408,435.1714897155762,196.79565604995278,0.7029357492923737,0.1814051,381.53485,10,155,1.4735866666640618,25.95721,15.0,63.82400333333323,0.5,0.5068892240524292,uniform,uniform,10,0.0,0.0,0.0,0,
independent,3456,aggregation_random,28,14.011112,0.8,4,4,4,97.81906004995108,479.51016426086426,219.3929361552,0.8351622551679612,0.10048602,180.50827,10,155,1.4735866666640618,34.011112,20.0,63.82400333333323,0.5,0.5068892240524292,uniform,uniform,10,0.0,0.0,0.0,0,
independent,3456,aggregation_random,29,16.625498,0.65000004,7,7,7,122.92393134190486,478.27932357788086,270.8354896765489,0.9252489089965821,0.028521748,4.082451,10,155,1.4735866666640618,51.625507,35.000008,63.82400333333323,0.5,0.5068892240524292,uniform,uniform,10,0.0,0.0,0.0,0,
independent,3456,aggregation_random,30,16.120485,0.65000004,7,6,6,116.41685128211975,422.2708225250244,214.4283832036532,0.9000000953674316,0.099625856,0.0,10,155,1.4735866666640618,51.120483,35.0,63.82400333333323,0.5,0.5068892240524292,uniform,uniform,10,0.0,0.0,0.0,0,
independent,3456,aggregation_random,31,14.034157,0.85,3,3,3,90.63423030516681,441.9034481048584,211.94707337547752,0.8064163118600846,0.06750174,189.58424,10,155,1.4735866666640618,29.03416,15.000004,63.82400333333323,0.5,0.5068892240524292,uniform,uniform,10,0.0,0.0,0.0,0,
independent,3456,aggregation_random,32,12.969459,0.8,4,3,3,135.37900261580944,429.2859077453613,205.43920800089836,0.7791385054588318,0.17193563,232.05412,10,155,1.4735866666640618,32.96946,20.0,63.82400333333323,0.5,0.5068892240524292,uniform,uniform,10,0.0,0.0,0.0,0,
independent,3456,aggregation_random,33,14.486477,0.7,6,6,6,120.50499532903943,423.44618797302246,226.1218512909753,0.8090822696685791,0.07182342,174.5621,10,155,1.4735866666640618,44.486477,30.0,63.82400333333323,0.5,0.5068892240524292,uniform,uniform,10,0.0,0.0,0.0,0,
independent,3456,aggregation_random,34,15.874215,0.75,5,4,4,141.23465168476105,473.195743560791,232.63511395454407,0.9116210877895355,0.06583548,18.883429,10,155,1.4735866666640618,40.874214,25.0,63.82400333333323,0.5,0.5068892240524292,uniform,uniform,10,0.0,0.0,0.0,0,
independent,3456,aggregation_random,35,16.01104,0.7,6,6,6,98.95317122340202,463.97183418273926,223.00675903047835,0.8765532553195954,0.09191534,77.89609,10,155,1.4735866666640618,46.011044,30.000004,63.82400333333323,0.5,0.5068892240524292,uniform,uniform,10,0.0,0.0,0.0,0,
independent,3456,aggregation_random,36,14.668226,0.65000004,7,7,7,149.5372223166319,467.0021724700928,249.03362191640414,0.8241788536310196,0.19412845,180.57895,10,155,1.4735866666640618,49.66823,35.0,63.82400333333323,0.5,0.5068892240524292,uniform,uniform,10,0.0,0.0,0.0,0,
independent,3456,aggregation_random,37,15.894699,0.7,6,4,4,118.92589777708054,427.87110328674316,219.12115216255188,0.8932247757911682,0.07274781,13.008591,10,155,1.4735866666640618,45.894707,30.000008,63.82400333333323,0.5,0.5068892240524292,uniform,uniform,10,0.0,0.0,0.0,0,
independent,3456,aggregation_random,38,17.14,0.55,9,9,9,129.0432130206715,477.37340927124023,218.20950183001432,0.946989330649376,0.0153476745,0.0,10,155,1.4735866666640618,62.139996,44.999996,63.82400333333323,0.5,0.5068892240524292,uniform,uniform,10,0.0,0.0,0.0,0,
independent,3456,aggregation_random,39,13.441955,0.85,3,2,2,120.6718717953738,449.79177474975586,213.34707372328813,0.8402640163898468,0.04582828,132.48505,10,155,1.4735866666640618,28.441956,15.000001,63.82400333333323,0.5,0.5068892240524292,uniform,uniform,10,0.0,0.0,0.0,0,
independent,3456,aggregation_random,40,15.681994,0.65000004,7,7,7,126.1718619786776,452.74120330810547,269.3392225412222,0.8757445454597473,0.04955574,67.31173,10,155,1.4735866666640618,50.682,35.000004,63.82400333333323,0.5,0.5068892240524292,uniform,uniform,10,0.0,0.0,0.0,0,
independent,3456,aggregation_random,41,16.583052,0.5,10,9,9,123.24673220515251,401.5130424499512,177.02141404151917,0.8852362632751465,0.047853433,28.346382,10,155,1.4735866666640618,66.58304,49.999985,63.82400333333323,0.5,0.5068892240524292,uniform,uniform,10,0.0,0.0,0.0,0,
independent,3456,aggregation_random,42,12.46724,0.8,4,3,3,123.23344990611076,394.87034797668457,219.41174760460854,0.750395655632019,0.16048491,287.2404,10,155,1.4735866666640618,32.467243,20.000004,63.82400333333323,0.5,0.5068892240524292,uniform,uniform,10,0.0,0.0,0.0,0,
independent,3456,aggregation_random,43,14.899241,0.75,5,3,3,127.4699239730835,462.8258514404297,244.7216968536377,0.875802856683731,0.05053937,107.656654,10,155,1.4735866666640618,39.899246,25.000004,63.82400333333323,0.5,0.5068892240524292,uniform,uniform,10,0.0,0.0,0.0,0,
independent,3456,aggregation_random,44,13.984482,0.85,3,3,3,106.89422925605493,479.4767189025879,232.4041809755213,0.8513805001974106,0.061267037,148.49509,10,155,1.4735866666640618,28.984482,15.0,63.82400333333323,0.5,0.5068892240524292,uniform,uniform,10,0.0,0.0,0.0,0,
independent,3456,aggregation_random,45,15.561912,0.8,4,4,4,93.66045970469713,470.0076484680176,207.69331399351358,0.88683480322361,0.08650972,89.117134,10,155,1.4735866666640618,35.561913,20.0,63.82400333333323,0.5,0.5068892240524292,uniform,uniform,10,0.0,0.0,0.0,0,
independent,3456,aggregation_random,46,12.3685875,0.85,3,3,3,91.47662064608406,450.0289535522461,206.14379546221565,0.7569657444953919,0.19722907,309.14124,10,155,1.4735866666640618,27.368584,14.999996,63.82400333333323,0.5,0.5068892240524292,uniform,uniform,10,0.0,0.0,0.0,0,
independent,3456,aggregation_random,47,13.550368,0.75,5,4,4,104.73615348339081,402.2373390197754,195.5210359096527,0.7734567523002625,0.16207355,242.96307,10,155,1.4735866666640618,38.550365,24.999996,63.82400333333323,0.5,0.5068892240524292,uniform,uniform,10,0.0,0.0,0.0,0,
independent,3456,aggregation_random,48,15.096925,0.7,6,3,3,112.58023342915943,460.3249740600586,203.2508054801396,0.8661935806274415,0.08921411,107.25584,10,155,1.4735866666640618,45.096928,30.000004,63.82400333333323,0.5,0.5068892240524292,uniform,uniform,10,0.0,0.0,0.0,0,
independent,3456,aggregation_random,49,14.914795,0.8,4,3,3,103.81510131061077,453.52234840393066,231.89670637249947,0.8733578354120255,0.13319649,82.520485,10,155,1.4735866666640618,34.9148,20.000004,63.82400333333323,0.5,0.5068892240524292,uniform,uniform,10,0.0,0.0,0.0,0,
independent,3456,aggregation_random,50,14.886988,0.90000004,2,2,2,139.62597290674844,464.68016624450684,271.2350421150525,0.8834334790706635,0.06658188,73.30124,10,155,1.4735866666640618,24.886993,10.000006,63.82400333333323,0.5,0.5068892240524292,uniform,uniform,10,0.0,0.0,0.0,0,
independent,3456,aggregation_random,51,14.901125,0.75,5,5,5,112.92534506320953,379.9083423614502,188.24241733551025,0.8748795390129089,0.070587695,48.231426,10,155,1.4735866666640618,39.901127,25.000002,63.82400333333323,0.5,0.5068892240524292,uniform,uniform,10,0.0,0.0,0.0,0,
independent,3456,aggregation_random,52,15.910001,0.85,3,3,3,156.18949623668894,477.70731925964355,253.12654116574456,0.9238059908151627,0.06261111,0.0,10,155,1.4735866666640618,30.910004,15.000003,63.82400333333323,0.5,0.5068892240524292,uniform,uniform,10,0.0,0.0,0.0,0,
independent,3456,aggregation_random,53,14.465776,0.8,4,2,2,135.69512955844402,436.14649772644043,222.86683782935143,0.8622724205255509,0.09112812,76.583664,10,155,1.4735866666640618,34.46578,20.000002,63.82400333333323,0.5,0.5068892240524292,uniform,uniform,10,0.0,0.0,0.0,0,
independent,3456,aggregation_random,54,15.054931,0.85,3,2,2,141.02279726196738,465.6321716308594,221.6550179790048,0.8781319290399552,0.025012918,78.50689,10,155,1.4735866666640618,30.05493,14.999999,63.82400333333323,0.5,0.5068892240524292,uniform,uniform,10,0.0,0.0,0.0,0,
independent,3456,aggregation_random,55,14.991935,0.90000004,2,2,2,158.31689337889352,447.8254508972168,265.8105192581813,0.8843848645687103,0.12429906,45.80665,10,155,1.4735866666640618,24.991938,10.000003,63.82400333333323,0.5,0.5068892240524292,uniform,uniform,10,0.0,0.0,0.0,0,
independent,3456,aggregation_random,56,15.403699,0.75,5,3,3,150.82824224233627,436.1202335357666,220.79618501663208,0.8568781107664108,0.04216026,86.91436,10,155,1.4735866666640618,40.403698,25.0,63.82400333333323,0.5,0.5068892240524292,uniform,uniform,10,0.0,0.0,0.0,0,
independent,3456,aggregation_random,57,14.117685,0.8,4,4,4,108.66027755197138,439.0340995788574,211.71578463166952,0.8273294597864151,0.16899008,153.16774,10,155,1.4735866666640618,34.11769,20.000006,63.82400333333323,0.5,0.5068892240524292,uniform,uniform,10,0.0,0.0,0.0,0,
independent,3456,aggregation_random,58,17.03175,0.55,9,8,8,133.65946542132986,458.82568359375,305.9142572229559,0.9155456006526947,0.042015437,13.183886,10,155,1.4735866666640618,62.031742,44.999992,63.82400333333323,0.5,0.5068892240524292,uniform,uniform,10,0.0,0.0,0.0,0,
independent,3456,aggregation_random,59,14.407242,0.85,3,3,3,143.47361210514518,445.5941390991211,243.13181330175962,0.8462897568941117,0.09348594,122.74957,10,155,1.4735866666640618,29.407242,15.0,63.82400333333323,0.5,0.5068892240524292,uniform,uniform,10,0.0,0.0,0.0,0,
independent,3456,aggregation_random,0,13.923882,0.95,1,1,1,194.21089495483199,449.3434810638428,246.2301626330928,0.8636367112398148,0.06826836,87.16108,10,151,1.3942733333327813,18.923885,5.000004,60.04424833333341,0.5,0.5068892240524292,uniform,uniform,10,0.0,0.0,0.0,1,
independent,3456,aggregation_random,1,15.940424,0.75,5,4,4,120.62669974565506,470.8927345275879,235.33074736595154,0.9177835255861282,0.11010796,54.957535,10,151,1.3942733333327813,40.940426,25.000002,60.04424833333341,0.5,0.5068892240524292,uniform,uniform,10,0.0,0.0,0.0,1,
independent,3456,aggregation_random,2,15.628788,0.7,6,6,6,183.85239805494035,478.844518661499,280.10716514928,0.9083354949951172,0.07661216,59.121155,10,151,1.3942733333327813,45.628784,29.999996,60.04424833333341,0.5,0.5068892240524292,uniform,uniform,10,0.0,0.0,0.0,1,
independent,3456,aggregation_random,3,14.698264,0.8,4,4,4,135.58471754193306,463.53123664855957,265.8767607808113,0.9007853150367737,0.10667643,49.777237,10,151,1.3942733333327813,34.698265,20.0,60.04424833333341,0.5,0.5068892240524292,uniform,uniform,10,0.0,0.0,0.0,1,
independent,3456,aggregation_random,4,15.015753,0.85,3,3,3,137.73688442566817,476.5197944641113,268.77549122361575,0.9188145428895951,0.062715106,51.42466,10,151,1.3942733333327813,30.015753,15.0,60.04424833333341,0.5,0.5068892240524292,uniform,uniform,10,0.0,0.0,0.0,1,
independent,3456,aggregation_random,5,14.34918,0.85,3,2,2,136.4453624977785,444.08177375793457,223.92917590982773,0.8653177112340927,0.09167444,78.6719,10,151,1.3942733333327813,29.349182,15.000002,60.04424833333341,0.5,0.5068892240524292,uniform,uniform,10,0.0,0.0,0.0,1,
independent,3456,aggregation_random,6,13.452097,0.90000004,2,2,2,121.99656983216603,442.26330757141113,197.19814598560333,0.8095694869756699,0.0960993,183.89009,10,151,1.3942733333327813,23.452099,10.000002,60.04424833333341,0.5,0.5068892240524292,uniform,uniform,10,0.0,0.0,0.0,1,
independent,3456,aggregation_random,7,14.057904,0.8,4,3,3,126.26109760254622,478.2386112213135,227.89289072155952,0.8624491184949875,0.08757291,118.33642,10,151,1.3942733333327813,34.0579,19.999996,60.04424833333341,0.5,0.5068892240524292,uniform,uniform,10,0.0,0.0,0.0,1,
independent,3456,aggregation_random,8,16.158169,0.65000004,7,7,7,147.10804609151987,424.6738529205322,220.51064482102026,0.8669494986534119,0.089808196,63.457123,10,151,1.3942733333327813,51.158173,35.000004,60.04424833333341,0.5,0.5068892240524292,uniform,uniform,10,0.0,0.0,0.0,1,
independent,3456,aggregation_random,9,14.649725,0.7,6,5,5,145.03674745559692,396.2553119659424,224.8159166744777,0.8420446515083313,0.15756346,111.2744,10,151,1.3942733333327813,44.649727,30.000002,60.04424833333341,0.5,0.5068892240524292,uniform,uniform,10,0.0,0.0,0.0,1,
independent,3456,aggregation_random,10,13.615906,0.85,3,3,3,137.24534374826095,400.3699779510498,202.73362776812385,0.8246774077415466,0.1429853,144.6195,10,151,1.3942733333327813,28.615906,15.0,60.04424833333341,0.5,0.5068892240524292,uniform,uniform,10,0.0,0.0,0.0,1,
independent,3456,aggregation_random,11,13.660876,0.85,3,3,3,180.2863322286045,455.04512786865234,268.9437696513008,0.839477750658989,0.09388661,140.26079,10,151,1.3942733333327813,28.660881,15.000005,60.04424833333341,0.5,0.5068892240524292,uniform,uniform,10,0.0,0.0,0.0,1,
independent,3456,aggregation_random,12,15.361336,1.0,0,0,0,128.04500073194504,452.0036029815674,252.6532984972,0.910418638586998,0.05397558,0.0,10,151,1.3942733333327813,15.361332,-3.8146973e-06,60.04424833333341,0.5,0.5068892240524292,uniform,uniform,10,0.0,0.0,0.0,1,
independent,3456,aggregation_random,13,13.505146,0.8,4,4,4,89.73617747426033,473.6410903930664,193.3012457191944,0.8002410173416138,0.1603322,233.17844,10,151,1.3942733333327813,33.505146,20.0,60.04424833333341,0.5,0.5068892240524292,uniform,uniform,10,0.0,0.0,0.0,1,
independent,3456,aggregation_random,14,15.520641,0.8,4,3,3,129.5276239514351,461.0328483581543,228.1081871688366,0.9088871419429779,0.050534185,11.969715,10,151,1.3942733333327813,35.520645,20.000004,60.04424833333341,0.5,0.5068892240524292,uniform,uniform,10,0.0,0.0,0.0,1,
independent,3456,aggregation_random,15,11.79306,0.90000004,2,2,2,87.58407761653264,441.66661262512207,179.37055548032126,0.7317565768957138,0.022831557,332.69394,10,151,1.3942733333327813,21.79306,10.0,60.04424833333341,0.5,0.5068892240524292,uniform,uniform,10,0.0,0.0,0.0,1,
independent,3456,aggregation_random,16,15.953907,0.55,9,8,8,149.9519787051461,452.4894618988037,225.47663959589872,0.8748408347368241,0.051289853,68.79518,10,151,1.3942733333327813,60.953903,44.999996,60.04424833333341,0.5,0.5068892240524292,uniform,uniform,10,0.0,0.0,0.0,1,
independent,3456,aggregation_random,17,12.699127,0.95,1,1,1,109.45960088780052,463.80226135253906,229.11794863249125,0.7909460097551346,0.17385323,258.69165,10,151,1.3942733333327813,17.699127,5.0,60.04424833333341,0.5,0.5068892240524292,uniform,uniform,10,0.0,0.0,0.0,1,
independent,3456,aggregation_random,18,15.858814,0.75,5,5,5,181.04734480381012,427.23169326782227,256.4919157028198,0.8709540367126465,0.061906736,55.768375,10,151,1.3942733333327813,40.858814,25.0,60.04424833333341,0.5,0.5068892240524292,uniform,uniform,10,0.0,0.0,0.0,1,
independent,3456,aggregation_random,19,14.585699,0.7,6,3,3,223.2126224040985,452.9776668548584,312.07930530820573,0.8351196378469468,0.02776632,156.84944,10,151,1.3942733333327813,44.5857,30.000002,60.04424833333341,0.5,0.5068892240524292,uniform,uniform,10,0.0,0.0,0.0,1,
independent,3456,aggregation_random,20,14.750048,0.85,3,2,2,126.9931639993892,400.3461456298828,227.04922914505005,0.8704527616500854,0.11248451,56.73075,10,151,1.3942733333327813,29.750048,15.0,60.04424833333341,0.5,0.5068892240524292,uniform,uniform,10,0.0,0.0,0.0,1,
independent,3456,aggregation_random,21,15.028861,0.75,5,3,3,156.670551776886,473.31358909606934,273.68553614616394,0.9222540438175202,0.11840895,33.10572,10,151,1.3942733333327813,40.028866,25.000004,60.04424833333341,0.5,0.5068892240524292,uniform,uniform,10,0.0,0.0,0.0,1,
independent,3456,aggregation_random,22,15.223179,0.7,6,6,6,122.92285118784223,467.87755966186523,214.1348443712507,0.8620811641216278,0.07242815,108.681816,10,151,1.3942733333327813,45.223183,30.000004,60.04424833333341,0.5,0.5068892240524292,uniform,uniform,10,0.0,0.0,0.0,1,
independent,3456,aggregation_random,23,14.538573,0.75,5,5,5,114.48006308078766,477.4837875366211,255.98735666275024,0.8591560602188111,0.045041744,167.14267,10,151,1.3942733333327813,39.538574,25.0,60.04424833333341,0.5,0.5068892240524292,uniform,uniform,10,0.0,0.0,0.0,1,
independent,3456,aggregation_random,24,16.189205,0.6,8,7,7,119.0989339351654,431.1530113220215,186.06758296489716,0.8757082223892212,0.033941675,46.640316,10,151,1.3942733333327813,56.189205,40.0,60.04424833333341,0.5,0.5068892240524292,uniform,uniform,10,0.0,0.0,0.0,1,
independent,3456,aggregation_random,25,15.408378,0.75,5,4,4,137.34656953811646,478.09550285339355,278.7435486316681,0.9197741180658341,0.055238307,53.048546,10,151,1.3942733333327813,40.408375,24.999996,60.04424833333341,0.5,0.5068892240524292,uniform,uniform,10,0.0,0.0,0.0,1,
independent,3456,aggregation_random,26,15.038956,0.85,3,3,3,144.37165912459878,479.67610359191895,232.35356358920828,0.923373880982399,0.054586045,14.413422,10,151,1.3942733333327813,30.03895,14.999994,60.04424833333341,0.5,0.5068892240524292,uniform,uniform,10,0.0,0.0,0.0,1,
independent,3456,aggregation_random,27,11.156647,0.90000004,2,1,1,108.84758899609248,475.2458667755127,227.1910717089971,0.7510270595550537,0.16930136,363.33533,10,151,1.3942733333327813,21.156647,10.0,60.04424833333341,0.5,0.5068892240524292,uniform,uniform,10,0.0,0.0,0.0,1,
independent,3456,aggregation_random,28,12.608237,0.90000004,2,2,2,87.1250248948733,440.87385177612305,205.52848875522614,0.7840059340000153,0.08535754,231.58257,10,151,1.3942733333327813,22.60824,10.000003,60.04424833333341,0.5,0.5068892240524292,uniform,uniform,10,0.0,0.0,0.0,1,
independent,3456,aggregation_random,29,15.884466,0.8,4,4,4,146.57246835529804,479.72743034362793,284.4445303827524,0.9316480875015258,0.028868882,34.553333,10,151,1.3942733333327813,35.88446,19.999994,60.04424833333341,0.5,0.5068892240524292,uniform,uniform,10,0.0,0.0,0.0,1,
independent,3456,aggregation_random,30,16.23601,0.65000004,7,6,6,163.36371027506314,431.0147953033447,273.51532514278705,0.9000000953674316,0.09214275,0.0,10,151,1.3942733333327813,51.236008,35.0,60.04424833333341,0.5,0.5068892240524292,uniform,uniform,10,0.0,0.0,0.0,1,
independent,3456,aggregation_random,31,13.5647745,0.85,3,3,3,109.99331874005935,442.7296829223633,212.58336992824778,0.7743653893470764,0.1285111,251.94829,10,151,1.3942733333327813,28.564775,15.000001,60.04424833333341,0.5,0.5068892240524292,uniform,uniform,10,0.0,0.0,0.0,1,
independent,3456,aggregation_random,32,12.444101,0.8,4,3,3,133.54400217533112,429.2859077453613,203.60420778393745,0.7302311658859253,0.040581524,325.95615,10,151,1.3942733333327813,32.4441,19.999998,60.04424833333341,0.5,0.5068892240524292,uniform,uniform,10,0.0,0.0,0.0,1,
independent,3456,aggregation_random,33,12.324505,0.85,3,3,3,90.27041610549477,452.97306060791016,227.31767850763657,0.743913221359253,0.11041452,334.01105,10,151,1.3942733333327813,27.324505,15.0,60.04424833333341,0.5,0.5068892240524292,uniform,uniform,10,0.0,0.0,0.0,1,
independent,3456,aggregation_random,34,14.857973,0.85,3,2,2,136.44326785031487,478.38884353637695,252.33855759396272,0.8869764745235443,0.054577954,71.394135,10,151,1.3942733333327813,29.857967,14.999994,60.04424833333341,0.5,0.5068892240524292,uniform,uniform,10,0.0,0.0,0.0,1,
independent,3456,aggregation_random,35,15.906278,0.6,8,8,8,115.76299041509628,438.85459899902344,197.59782433509827,0.8450355768203736,0.12210348,112.38636,10,151,1.3942733333327813,55.906273,39.999996,60.04424833333341,0.5,0.5068892240524292,uniform,uniform,10,0.0,0.0,0.0,1,
independent,3456,aggregation_random,36,13.261533,0.85,3,3,3,112.16969206052669,467.8292655944824,231.5934388076558,0.8213451445102692,0.15444773,186.84671,10,151,1.3942733333327813,28.261536,15.000003,60.04424833333341,0.5,0.5068892240524292,uniform,uniform,10,0.0,0.0,0.0,1,
independent,3456,aggregation_random,37,17.19154,0.45000002,11,9,9,100.11172950267792,349.48774337768555,181.4406967163086,0.9000000953674316,0.018374497,0.0,10,151,1.3942733333327813,72.19154,55.000004,60.04424833333341,0.5,0.5068892240524292,uniform,uniform,10,0.0,0.0,0.0,1,
independent,3456,aggregation_random,38,14.561861,0.85,3,3,3,120.60940777554231,447.597599029541,210.54944431080537,0.8394707381725312,0.113432445,131.81393,10,151,1.3942733333327813,29.56186,14.999998,60.04424833333341,0.5,0.5068892240524292,uniform,uniform,10,0.0,0.0,0.0,1,
independent,3456,aggregation_random,39,15.59734,0.65000004,7,6,6,147.4439053581311,468.8621520996094,289.11744557894195,0.8750792920589447,0.063186124,96.0,10,151,1.3942733333327813,50.597347,35.000008,60.04424833333341,0.5,0.5068892240524292,uniform,uniform,10,0.0,0.0,0.0,1,
independent,3456,aggregation_random,40,14.031963,0.85,3,3,3,136.79449007791632,475.87148666381836,262.11506787468403,0.8499610751867295,0.09623932,150.59918,10,151,1.3942733333327813,29.031965,15.000002,60.04424833333341,0.5,0.5068892240524292,uniform,uniform,10,0.0,0.0,0.0,1,
independent,3456,aggregation_random,41,13.313883,0.8,4,3,3,145.64945546910167,479.4382381439209,280.687720477581,0.832535344362259,0.08937111,224.25139,10,151,1.3942733333327813,33.31389,20.000006,60.04424833333341,0.5,0.5068892240524292,uniform,uniform,10,0.0,0.0,0.0,1,
independent,3456,aggregation_random,42,11.729958,0.85,3,2,2,128.75652499058668,474.0073299407959,238.70397154022666,0.7253964275121689,0.15917659,382.48822,10,151,1.3942733333327813,26.729961,15.000004,60.04424833333341,0.5,0.5068892240524292,uniform,uniform,10,0.0,0.0,0.0,1,
independent,3456,aggregation_random,43,13.402631,0.75,5,3,3,113.49564146995544,461.15856170654297,230.34741306304932,0.8002196788787842,0.19178343,220.7369,10,151,1.3942733333327813,38.40263,25.0,60.04424833333341,0.5,0.5068892240524292,uniform,uniform,10,0.0,0.0,0.0,1,
independent,3456,aggregation_random,44,14.381313,0.85,3,3,3,108.1513531155446,394.7200584411621,208.22978706920847,0.8531007766723633,0.039284464,90.04663,10,151,1.3942733333327813,29.381311,14.999998,60.04424833333341,0.5,0.5068892240524292,uniform,uniform,10,0.0,0.0,0.0,1,
independent,3456,aggregation_random,45,15.0240755,0.90000004,2,2,2,96.95337802171707,473.27588081359863,200.71781665086746,0.8670777171850205,0.10555358,104.4868,10,151,1.3942733333327813,25.024078,10.000003,60.04424833333341,0.5,0.5068892240524292,uniform,uniform,10,0.0,0.0,0.0,1,
independent,3456,aggregation_random,46,11.81933,0.75,5,5,5,81.52272319793701,434.9407768249512,166.72712898254395,0.7103509247303009,0.1206765,367.06696,10,151,1.3942733333327813,36.819332,25.000002,60.04424833333341,0.5,0.5068892240524292,uniform,uniform,10,0.0,0.0,0.0,1,
independent,3456,aggregation_random,47,15.31148,0.85,3,2,2,110.4088806404787,468.52051734924316,233.32228050512427,0.8946190565824509,0.07395944,46.852077,10,151,1.3942733333327813,30.311483,15.000004,60.04424833333341,0.5,0.5068892240524292,uniform,uniform,10,0.0,0.0,0.0,1,
independent,3456,aggregation_random,48,12.578066,0.7,6,3,3,76.67878465993064,476.86059951782227,192.94398895331793,0.73688103556633,0.33240637,372.78964,10,151,1.3942733333327813,42.578068,30.000002,60.04424833333341,0.5,0.5068892240524292,uniform,uniform,10,0.0,0.0,0.0,1,
independent,3456,aggregation_random,49,15.256131,0.8,4,3,3,128.27680315822363,393.42029571533203,234.44367840886116,0.8813676834106445,0.033397824,35.774155,10,151,1.3942733333327813,35.256126,19.999996,60.04424833333341,0.5,0.5068892240524292,uniform,uniform,10,0.0,0.0,0.0,1,
independent,3456,aggregation_random,50,14.749468,0.85,3,3,3,100.21099248353173,474.3562602996826,230.27077443459456,0.9010730773210526,0.12359018,40.296146,10,151,1.3942733333327813,29.749477,15.00001,60.04424833333341,0.5,0.5068892240524292,uniform,uniform,10,0.0,0.0,0.0,1,
independent,3456,aggregation_random,51,14.159208,1.0,0,0,0,128.89262607693672,477.1240997314453,242.03155267238617,0.9135134845972062,0.034617413,43.079174,10,151,1.3942733333327813,14.1592045,-3.8146973e-06,60.04424833333341,0.5,0.5068892240524292,uniform,uniform,10,0.0,0.0,0.0,1,
independent,3456,aggregation_random,52,14.733923,0.75,5,5,5,140.53929901123047,411.46190643310547,214.68866300582886,0.850263237953186,0.07593813,95.49468,10,151,1.3942733333327813,39.733925,25.000002,60.04424833333341,0.5,0.5068892240524292,uniform,uniform,10,0.0,0.0,0.0,1,
independent,3456,aggregation_random,53,15.020071,0.75,5,3,3,147.4403829574585,460.59725761413574,247.9552845954895,0.8832075327634812,0.10489641,81.99293,10,151,1.3942733333327813,40.02007,24.999998,60.04424833333341,0.5,0.5068892240524292,uniform,uniform,10,0.0,0.0,0.0,1,
independent,3456,aggregation_random,54,13.004282,0.75,5,4,4,142.03365015983582,436.8383502960205,190.08467388153076,0.7855554908514023,0.14458172,224.57184,10,151,1.3942733333327813,38.00428,24.999998,60.04424833333341,0.5,0.5068892240524292,uniform,uniform,10,0.0,0.0,0.0,1,
independent,3456,aggregation_random,55,16.245886,0.8,4,4,4,163.60191889107227,469.6842670440674,259.4628853350878,0.9321677058935165,0.08238166,3.411584,10,151,1.3942733333327813,36.245888,20.000002,60.04424833333341,0.5,0.5068892240524292,uniform,uniform,10,0.0,0.0,0.0,1,
independent,3456,aggregation_random,56,15.191954,0.75,5,3,3,109.88522624969482,425.69475173950195,194.31580471992493,0.848824143409729,0.02691059,98.257706,10,151,1.3942733333327813,40.191956,25.000002,60.04424833333341,0.5,0.5068892240524292,uniform,uniform,10,0.0,0.0,0.0,1,
independent,3456,aggregation_random,57,16.039993,0.6,8,8,8,147.08302663639188,430.773868560791,229.48193415999413,0.8576771020889282,0.053470775,81.260086,10,151,1.3942733333327813,56.039993,40.0,60.04424833333341,0.5,0.5068892240524292,uniform,uniform,10,0.0,0.0,0.0,1,
independent,3456,aggregation_random,58,15.647905,0.6,8,7,7,184.59076464176178,419.26048278808594,307.44898319244385,0.8250000476837158,0.12637497,144.0,10,151,1.3942733333327813,55.647903,40.0,60.04424833333341,0.5,0.5068892240524292,uniform,uniform,10,0.0,0.0,0.0,1,
independent,3456,aggregation_random,59,15.5584135,0.8,4,4,4,139.64185271412134,479.1021251678467,245.73210418224335,0.9234417110681534,0.040378958,37.112175,10,151,1.3942733333327813,35.558414,20.0,60.04424833333341,0.5,0.5068892240524292,uniform,uniform,10,0.0,0.0,0.0,1,
independent,3456,aggregation_random,0,13.071814,1.0,0,0,0,180.4484453201294,438.7074565887451,232.49362063407898,0.8473379999399185,0.13427915,107.818634,10,154,1.4118866666692043,13.071814,0.0,59.476875,0.5,0.5068892240524292,uniform,uniform,10,0.0,0.0,0.0,2,
independent,3456,aggregation_random,1,15.336552,0.8,4,3,3,110.98654327914119,459.1325569152832,221.1929328739643,0.8648734629154206,0.10416968,94.57566,10,154,1.4118866666692043,35.33655,20.0,59.476875,0.5,0.5068892240524292,uniform,uniform,10,0.0,0.0,0.0,2,
independent,3456,aggregation_random,2,14.62512,0.85,3,3,3,200.44059402802412,473.4979248046875,305.7745532428517,0.8809594839811326,0.15984647,116.48802,10,154,1.4118866666692043,29.625116,14.999996,59.476875,0.5,0.5068892240524292,uniform,uniform,10,0.0,0.0,0.0,2,
independent,3456,aggregation_random,3,15.726391,0.6,8,8,8,112.78962522745132,451.5131664276123,211.6540801525116,0.8639415889978409,0.039675996,88.745476,10,154,1.4118866666692043,55.726387,39.999996,59.476875,0.5,0.5068892240524292,uniform,uniform,10,0.0,0.0,0.0,2,
independent,3456,aggregation_random,4,15.546934,0.85,3,3,3,157.44990106891183,474.08363342285156,285.77500904307647,0.9346168756484985,0.06315876,15.24777,10,154,1.4118866666692043,30.546934,15.0,59.476875,0.5,0.5068892240524292,uniform,uniform,10,0.0,0.0,0.0,2,
independent,3456,aggregation_random,5,14.340594,0.90000004,2,1,1,173.20003817478815,471.5413284301758,256.3791944583257,0.8872996151447297,0.07813289,64.91838,10,154,1.4118866666692043,24.340595,10.000001,59.476875,0.5,0.5068892240524292,uniform,uniform,10,0.0,0.0,0.0,2,
independent,3456,aggregation_random,6,11.4107,0.90000004,2,2,2,127.40598777929942,438.24331283569336,201.77608331044516,0.7375947773456574,0.13058037,318.0613,10,154,1.4118866666692043,21.4107,10.0,59.476875,0.5,0.5068892240524292,uniform,uniform,10,0.0,0.0,0.0,2,
independent,3456,aggregation_random,7,14.711991,0.85,3,2,2,161.2437681240194,451.06395721435547,257.54427909851074,0.8855081081390381,0.059672818,58.800884,10,154,1.4118866666692043,29.711992,15.000001,59.476875,0.5,0.5068892240524292,uniform,uniform,10,0.0,0.0,0.0,2,
independent,3456,aggregation_random,8,15.800857,0.75,5,5,5,143.84320533275604,471.23268127441406,256.6005964279175,0.8998237282037735,0.12798375,58.91427,10,154,1.4118866666692043,40.80086,25.000004,59.476875,0.5,0.5068892240524292,uniform,uniform,10,0.0,0.0,0.0,2,
independent,3456,aggregation_random,9,15.294453,0.75,5,4,4,116.3186285495758,432.5045871734619,229.81878900527954,0.8598697870969773,0.031523746,77.55469,10,154,1.4118866666692043,40.29445,24.999996,59.476875,0.5,0.5068892240524292,uniform,uniform,10,0.0,0.0,0.0,2,
independent,3456,aggregation_random,10,16.276342,0.6,8,8,8,108.59046205878258,317.1671676635742,165.06215691566467,0.8690804839134216,0.07877383,59.36563,10,154,1.4118866666692043,56.27634,40.0,59.476875,0.5,0.5068892240524292,uniform,uniform,10,0.0,0.0,0.0,2,
independent,3456,aggregation_random,11,15.138269,0.7,6,6,6,181.05582469276018,473.2396602630615,260.9378352335521,0.8594097286462784,0.093617275,119.1731,10,154,1.4118866666692043,45.138268,29.999998,59.476875,0.5,0.5068892240524292,uniform,uniform,10,0.0,0.0,0.0,2,
independent,3456,aggregation_random,12,14.072611,0.95,1,1,1,129.9529260710666,442.32945442199707,243.74194283234445,0.8538460820913315,0.12829967,98.945175,10,154,1.4118866666692043,19.07261,5.0,59.476875,0.5,0.5068892240524292,uniform,uniform,10,0.0,0.0,0.0,2,
independent,3456,aggregation_random,13,13.978844,0.75,5,5,5,100.27909064292908,389.1916751861572,184.31280827522278,0.790184736251831,0.10995859,210.84541,10,154,1.4118866666692043,38.978844,25.0,59.476875,0.5,0.5068892240524292,uniform,uniform,10,0.0,0.0,0.0,2,
independent,3456,aggregation_random,14,15.459209,0.75,5,4,4,126.91880512237549,383.39372634887695,200.89964818954468,0.8750001192092896,0.06250455,48.0,10,154,1.4118866666692043,40.459213,25.000004,59.476875,0.5,0.5068892240524292,uniform,uniform,10,0.0,0.0,0.0,2,
independent,3456,aggregation_random,15,14.902796,0.75,5,5,5,102.53975284099579,362.9706859588623,181.58885097503662,0.8685073256492615,0.034632757,60.466076,10,154,1.4118866666692043,39.902798,25.000002,59.476875,0.5,0.5068892240524292,uniform,uniform,10,0.0,0.0,0.0,2,
independent,3456,aggregation_random,16,16.094837,0.65000004,7,6,6,166.33415566040918,455.85585594177246,286.6540156877958,0.8866245478391648,0.058281854,71.192154,10,154,1.4118866666692043,51.094833,34.999996,59.476875,0.5,0.5068892240524292,uniform,uniform,10,0.0,0.0,0.0,2,
independent,3456,aggregation_random,17,15.043341,0.85,3,3,3,135.12461595675524,422.4960422515869,241.93093426087324,0.8786898851394653,0.065846145,40.91564,10,154,1.4118866666692043,30.043339,14.999998,59.476875,0.5,0.5068892240524292,uniform,uniform,10,0.0,0.0,0.0,2,
independent,3456,aggregation_random,18,14.437564,0.75,5,5,5,151.94874346256256,438.21656227111816,228.39222240447998,0.8156802147626877,0.09932294,168.11072,10,154,1.4118866666692043,39.43756,24.999996,59.476875,0.5,0.5068892240524292,uniform,uniform,10,0.0,0.0,0.0,2,
independent,3456,aggregation_random,19,16.041113,0.6,8,5,5,138.60584668815136,430.9083938598633,218.24616372585297,0.899566113948822,0.048823986,0.83325577,10,154,1.4118866666692043,56.041115,40.0,59.476875,0.5,0.5068892240524292,uniform,uniform,10,0.0,0.0,0.0,2,
independent,3456,aggregation_random,20,16.069979,0.8,4,3,3,158.10016091912985,478.94373893737793,262.84723073244095,0.9281791031360627,0.090831414,9.002083,10,154,1.4118866666692043,36.06999,20.00001,59.476875,0.5,0.5068892240524292,uniform,uniform,10,0.0,0.0,0.0,2,
independent,3456,aggregation_random,21,16.915417,0.4,12,10,10,173.33433955907822,445.2810573577881,287.3883980512619,0.8952203184366226,0.03707783,22.458208,10,154,1.4118866666692043,76.91543,60.00001,59.476875,0.5,0.5068892240524292,uniform,uniform,10,0.0,0.0,0.0,2,
independent,3456,aggregation_random,22,14.617218,0.75,5,5,5,126.76252508163452,458.6202907562256,224.54963660240173,0.8355948716402054,0.04689669,150.27821,10,154,1.4118866666692043,39.617214,24.999996,59.476875,0.5,0.5068892240524292,uniform,uniform,10,0.0,0.0,0.0,2,
independent,3456,aggregation_random,23,14.846371,0.65000004,7,7,7,96.70742511749268,472.85313606262207,195.0859258725093,0.8513511747121811,0.090546,141.1605,10,154,1.4118866666692043,49.846375,35.000004,59.476875,0.5,0.5068892240524292,uniform,uniform,10,0.0,0.0,0.0,2,
independent,3456,aggregation_random,24,15.745896,0.75,5,4,4,135.77952814102173,425.2500629425049,218.08693265914917,0.9000000953674316,0.02019748,0.0,10,154,1.4118866666692043,40.74589,24.999996,59.476875,0.5,0.5068892240524292,uniform,uniform,10,0.0,0.0,0.0,2,
independent,3456,aggregation_random,25,16.027966,0.6,8,7,7,142.3118531703949,448.64267349243164,228.91773492097855,0.8721038639545441,0.07368155,70.20337,10,154,1.4118866666692043,56.02797,40.000004,59.476875,0.5,0.5068892240524292,uniform,uniform,10,0.0,0.0,0.0,2,
independent,3456,aggregation_random,26,16.081047,0.65000004,7,7,7,92.25175752089574,386.2907123565674,159.81899885030893,0.8745336532592773,0.083522186,48.89552,10,154,1.4118866666692043,51.081043,34.999996,59.476875,0.5,0.5068892240524292,uniform,uniform,10,0.0,0.0,0.0,2,
independent,3456,aggregation_random,27,13.217321,0.8,4,3,3,114.46560110896826,465.08408546447754,226.15281410515308,0.7988053381443023,0.04190476,243.69017,10,154,1.4118866666692043,33.21732,19.999998,59.476875,0.5,0.5068892240524292,uniform,uniform,10,0.0,0.0,0.0,2,
independent,3456,aggregation_random,28,12.8992405,0.85,3,3,3,102.22155248417573,447.1231269836426,240.24649038034326,0.7718582183122635,0.13647589,272.82874,10,154,1.4118866666692043,27.899242,15.000002,59.476875,0.5,0.5068892240524292,uniform,uniform,10,0.0,0.0,0.0,2,
independent,3456,aggregation_random,29,15.529282,0.8,4,4,4,124.9294576048851,477.86659240722656,264.0728634595871,0.8955628603696824,0.08996185,75.07188,10,154,1.4118866666692043,35.529274,19.999992,59.476875,0.5,0.5068892240524292,uniform,uniform,10,0.0,0.0,0.0,2,
independent,3456,aggregation_random,30,15.589999,0.85,3,2,2,167.53801955896265,454.9650764465332,262.10397341672115,0.9138641089200974,0.063663974,0.0,10,154,1.4118866666692043,30.589998,14.999999,59.476875,0.5,0.5068892240524292,uniform,uniform,10,0.0,0.0,0.0,2,
independent,3456,aggregation_random,31,15.512582,0.7,6,6,6,114.85728340489524,387.33484268188477,230.6430208683014,0.8293329477310181,0.0856184,135.68091,10,154,1.4118866666692043,45.512585,30.000004,59.476875,0.5,0.5068892240524292,uniform,uniform,10,0.0,0.0,0.0,2,
independent,3456,aggregation_random,32,12.624202,0.85,3,2,2,132.89967887541826,470.6414794921875,223.87777594959036,0.7851510286331177,0.055277046,259.15155,10,154,1.4118866666692043,27.6242,14.999999,59.476875,0.5,0.5068892240524292,uniform,uniform,10,0.0,0.0,0.0,2,
independent,3456,aggregation_random,33,15.065975,0.7,6,6,6,116.13591313362122,467.42960929870605,208.93422705786568,0.8370494037866593,0.067957014,156.29478,10,154,1.4118866666692043,45.065983,30.000008,59.476875,0.5,0.5068892240524292,uniform,uniform,10,0.0,0.0,0.0,2,
independent,3456,aggregation_random,34,14.282849,0.85,3,2,2,110.28876185417175,479.0060234069824,238.79545527345994,0.8456598043441772,0.09988645,178.02084,10,154,1.4118866666692043,29.282848,14.999999,59.476875,0.5,0.5068892240524292,uniform,uniform,10,0.0,0.0,0.0,2,
independent,3456,aggregation_random,35,16.423325,0.6,8,8,8,104.68324057757854,475.24901390075684,207.00019985437393,0.9143881380558014,0.031956386,53.66747,10,154,1.4118866666692043,56.42333,40.000004,59.476875,0.5,0.5068892240524292,uniform,uniform,10,0.0,0.0,0.0,2,
independent,3456,aggregation_random,36,15.56827,0.75,5,5,5,107.4368177652359,477.97719955444336,239.67952942848206,0.8917953401803971,0.03775455,107.173065,10,154,1.4118866666692043,40.568264,24.999994,59.476875,0.5,0.5068892240524292,uniform,uniform,10,0.0,0.0,0.0,2,
independent,3456,aggregation_random,37,16.097553,0.65000004,7,5,5,147.60228285422693,447.244291305542,246.88441349909857,0.9083346009254456,0.058047302,8.47435,10,154,1.4118866666692043,51.09755,34.999996,59.476875,0.5,0.5068892240524292,uniform,uniform,10,0.0,0.0,0.0,2,
independent,3456,aggregation_random,38,15.92,0.75,5,5,5,135.4620327949524,451.36539459228516,220.18568468093872,0.8850862622261048,0.03777211,48.000008,10,154,1.4118866666692043,40.92,24.999998,59.476875,0.5,0.5068892240524292,uniform,uniform,10,0.0,0.0,0.0,2,
independent,3456,aggregation_random,39,13.860356,0.8,4,3,3,116.67334746569395,357.1420383453369,190.7691451907158,0.8178932666778564,0.11995692,157.64497,10,154,1.4118866666692043,33.860355,20.0,59.476875,0.5,0.5068892240524292,uniform,uniform,10,0.0,0.0,0.0,2,
independent,3456,aggregation_random,40,14.228267,0.85,3,3,3,130.34629141583162,444.8044967651367,244.918515401728,0.8375993609428406,0.073429525,132.61386,10,154,1.4118866666692043,29.228264,14.999997,59.476875,0.5,0.5068892240524292,uniform,uniform,10,0.0,0.0,0.0,2,
independent,3456,aggregation_random,41,10.432773,0.85,3,2,2,108.85629936176188,468.8731098175049,239.1090086628409,0.6635978698730469,0.2928809,517.58746,10,154,1.4118866666692043,25.432777,15.000005,59.476875,0.5,0.5068892240524292,uniform,uniform,10,0.0,0.0,0.0,2,
independent,3456,aggregation_random,42,11.419563,0.90000004,2,1,1,106.84559633334477,423.4302520751953,232.77272979418436,0.7362955808639526,0.056395676,314.31247,10,154,1.4118866666692043,21.419563,10.0,59.476875,0.5,0.5068892240524292,uniform,uniform,10,0.0,0.0,0.0,2,
independent,3456,aggregation_random,43,15.22973,0.75,5,3,3,129.30052781105042,419.3291473388672,232.74604105949402,0.876089334487915,0.06378143,45.908558,10,154,1.4118866666692043,40.22973,25.0,59.476875,0.5,0.5068892240524292,uniform,uniform,10,0.0,0.0,0.0,2,
independent,3456,aggregation_random,44,15.644981,0.8,4,4,4,151.3067859504372,454.0276050567627,264.2924811691046,0.9042526662349701,0.045450736,21.379297,10,154,1.4118866666692043,35.644978,19.999996,59.476875,0.5,0.5068892240524292,uniform,uniform,10,0.0,0.0,0.0,2,
independent,3456,aggregation_random,45,14.62268,0.85,3,3,3,115.85501332493389,477.94718742370605,212.382654337322,0.856840866804123,0.079188585,150.13495,10,154,1.4118866666692043,29.62268,15.000001,59.476875,0.5,0.5068892240524292,uniform,uniform,10,0.0,0.0,0.0,2,
independent,3456,aggregation_random,46,10.410911,0.85,3,3,3,88.33630127065322,479.6788787841797,196.41520689515505,0.656335073709488,0.22890757,522.9089,10,154,1.4118866666692043,25.41091,14.999999,59.476875,0.5,0.5068892240524292,uniform,uniform,10,0.0,0.0,0.0,2,
independent,3456,aggregation_random,47,15.915352,0.7,6,5,5,143.84978413581848,435.0925827026367,225.71532087666648,0.901610815525055,0.074778974,0.0,10,154,1.4118866666692043,45.91535,30.0,59.476875,0.5,0.5068892240524292,uniform,uniform,10,0.0,0.0,0.0,2,
independent,3456,aggregation_random,48,14.949131,0.6,8,5,5,88.14745992422104,459.3661880493164,164.65484261512756,0.8058746695518494,0.1772406,208.08696,10,154,1.4118866666692043,54.949135,40.000004,59.476875,0.5,0.5068892240524292,uniform,uniform,10,0.0,0.0,0.0,2,
independent,3456,aggregation_random,49,13.479569,0.8,4,3,3,116.72481548041105,451.1064147949219,213.31062152981758,0.8073691368103028,0.13888656,196.95773,10,154,1.4118866666692043,33.47957,20.0,59.476875,0.5,0.5068892240524292,uniform,uniform,10,0.0,0.0,0.0,2,
independent,3456,aggregation_random,50,15.721039,0.65000004,7,7,7,140.81630615087656,421.0663318634033,258.7161276890681,0.8583942651748657,0.058677197,79.88313,10,154,1.4118866666692043,50.721035,34.999996,59.476875,0.5,0.5068892240524292,uniform,uniform,10,0.0,0.0,0.0,2,
independent,3456,aggregation_random,51,13.673691,0.90000004,2,2,2,127.5582539041837,451.6868019104004,250.71261644363403,0.8730712562799454,0.12241955,90.37873,10,154,1.4118866666692043,23.673695,10.000004,59.476875,0.5,0.5068892240524292,uniform,uniform,10,0.0,0.0,0.0,2,
independent,3456,aggregation_random,52,13.647644,0.90000004,2,2,2,137.17623273531595,397.503719329834,208.81972988446554,0.8203381896018982,0.15691735,152.95079,10,154,1.4118866666692043,23.647644,10.0,59.476875,0.5,0.5068892240524292,uniform,uniform,10,0.0,0.0,0.0,2,
independent,3456,aggregation_random,53,14.321088,0.75,5,3,3,96.78188824653625,464.1295909881592,192.45303511619568,0.8221484214067459,0.10552917,181.60469,10,154,1.4118866666692043,39.32109,25.000004,59.476875,0.5,0.5068892240524292,uniform,uniform,10,0.0,0.0,0.0,2,
independent,3456,aggregation_random,54,12.808878,0.8,4,3,3,146.04733116924763,349.06296730041504,206.56214229762554,0.7843165993690491,0.09604505,222.1122,10,154,1.4118866666692043,32.808876,19.999998,59.476875,0.5,0.5068892240524292,uniform,uniform,10,0.0,0.0,0.0,2,
independent,3456,aggregation_random,55,15.402777,0.75,5,5,5,171.85540986061096,449.1162300109863,282.2311387062073,0.8619294106960297,0.108496435,90.21195,10,154,1.4118866666692043,40.40278,25.000002,59.476875,0.5,0.5068892240524292,uniform,uniform,10,0.0,0.0,0.0,2,
independent,3456,aggregation_random,56,14.642155,0.85,3,1,1,172.1730235744925,454.8834800720215,276.4211398012498,0.8764188617467881,0.04550847,68.2061,10,154,1.4118866666692043,29.642155,15.0,59.476875,0.5,0.5068892240524292,uniform,uniform,10,0.0,0.0,0.0,2,
independent,3456,aggregation_random,57,15.886851,0.75,5,5,5,107.51422227919102,439.95901107788086,214.20097529888153,0.8865577518939972,0.06728324,33.76831,10,154,1.4118866666692043,40.886852,25.0,59.476875,0.5,0.5068892240524292,uniform,uniform,10,0.0,0.0,0.0,2,
independent,3456,aggregation_random,58,16.159126,0.75,5,4,4,159.7832715511322,472.9448890686035,283.7752423286438,0.898363345861435,0.073484555,44.08739,10,154,1.4118866666692043,41.159126,25.0,59.476875,0.5,0.5068892240524292,uniform,uniform,10,0.0,0.0,0.0,2,
independent,3456,aggregation_random,59,15.38058,0.8,4,4,4,123.40075559914112,364.26981925964355,206.53442949056625,0.8724261522293091,0.07968904,52.941887,10,154,1.4118866666692043,35.380577,19.999996,59.476875,0.5,0.5068892240524292,uniform,uniform,10,0.0,0.0,0.0,2,
independent,3456,aggregation_random,0,16.108135,0.7,6,6,6,151.77086604493005,455.53256034851074,205.5144999708448,0.9122566372156143,0.083752066,0.0,10,148,1.363473333332384,46.10813,29.999996,57.60857333333339,0.5,0.5068892240524292,uniform,uniform,10,0.0,0.0,0.0,3,
independent,3456,aggregation_random,1,15.388906,0.7,6,5,5,95.82070808325496,442.0301342010498,172.98830483640944,0.8581234604120255,0.06489282,90.43313,10,148,1.363473333332384,45.388912,30.000008,57.60857333333339,0.5,0.5068892240524292,uniform,uniform,10,0.0,0.0,0.0,3,
independent,3456,aggregation_random,2,15.66835,0.75,5,5,5,178.0000867843628,462.55946159362793,271.5754551887512,0.9100308895111084,0.07358782,33.252686,10,148,1.363473333332384,40.66835,25.0,57.60857333333339,0.5,0.5068892240524292,uniform,uniform,10,0.0,0.0,0.0,3,
independent,3456,aggregation_random,3,14.404316,0.7,6,6,6,158.29844598259245,424.08411026000977,273.87074538639615,0.8294369578361511,0.06749693,135.48116,10,148,1.363473333332384,44.40432,30.000004,57.60857333333339,0.5,0.5068892240524292,uniform,uniform,10,0.0,0.0,0.0,3,
independent,3456,aggregation_random,4,14.980705,0.90000004,2,2,2,154.41299120585123,479.7981262207031,279.51664447784424,0.9369359970092773,0.05526672,86.92941,10,148,1.363473333332384,24.980701,9.999996,57.60857333333339,0.5,0.5068892240524292,uniform,uniform,10,0.0,0.0,0.0,3,
independent,3456,aggregation_random,5,15.847539,0.85,3,2,2,183.90359843478484,479.57287788391113,293.3403434472925,0.9439757943153382,0.024873648,8.246143,10,148,1.363473333332384,30.847536,14.999997,57.60857333333339,0.5,0.5068892240524292,uniform,uniform,10,0.0,0.0,0.0,3,
independent,3456,aggregation_random,6,15.951576,0.8,4,4,4,141.1730382218957,473.7051200866699,214.79939304292202,0.916057538986206,0.06142895,24.842278,10,148,1.363473333332384,35.951576,20.0,57.60857333333339,0.5,0.5068892240524292,uniform,uniform,10,0.0,0.0,0.0,3,
independent,3456,aggregation_random,7,15.080607,0.8,4,3,3,151.78592260926962,454.6101665496826,248.79153952002525,0.8971544533967972,0.047321066,28.740532,10,148,1.363473333332384,35.080605,19.999996,57.60857333333339,0.5,0.5068892240524292,uniform,uniform,10,0.0,0.0,0.0,3,
independent,3456,aggregation_random,8,16.489998,0.75,5,5,5,111.65501379966736,462.86035537719727,245.8621814250946,0.9326490432024002,0.04549014,0.0,10,148,1.363473333332384,41.48999,24.999992,57.60857333333339,0.5,0.5068892240524292,uniform,uniform,10,0.0,0.0,0.0,3,
independent,3456,aggregation_random,9,15.337745,0.75,5,4,4,136.10325837135315,477.8493404388428,246.44546556472778,0.8939772874116898,0.05974712,73.349556,10,148,1.363473333332384,40.33774,24.999996,57.60857333333339,0.5,0.5068892240524292,uniform,uniform,10,0.0,0.0,0.0,3,
independent,3456,aggregation_random,10,15.307007,0.8,4,4,4,168.16934701055288,452.3885250091553,226.86738789081573,0.8817053228616715,0.051235065,55.51447,10,148,1.363473333332384,35.307014,20.000008,57.60857333333339,0.5,0.5068892240524292,uniform,uniform,10,0.0,0.0,0.0,3,
independent,3456,aggregation_random,11,13.592005,0.8,4,4,4,133.53855399414897,388.78063201904297,219.30973559617996,0.8420029282569885,0.11706712,111.35446,10,148,1.363473333332384,33.592003,19.999998,57.60857333333339,0.5,0.5068892240524292,uniform,uniform,10,0.0,0.0,0.0,3,
independent,3456,aggregation_random,12,15.442972,0.95,1,1,1,135.15611454060203,471.1483097076416,265.53327158877727,0.9265125125646592,0.04646819,0.0,10,148,1.363473333332384,20.44297,4.999998,57.60857333333339,0.5,0.5068892240524292,uniform,uniform,10,0.0,0.0,0.0,3,
independent,3456,aggregation_random,13,13.704683,0.8,4,4,4,109.60497546941042,459.4783687591553,213.1700424849987,0.825652876496315,0.15208744,170.22496,10,148,1.363473333332384,33.70468,19.999998,57.60857333333339,0.5,0.5068892240524292,uniform,uniform,10,0.0,0.0,0.0,3,
independent,3456,aggregation_random,14,15.14853,0.8,4,3,3,111.3702991604805,429.5211410522461,220.1010601222515,0.866786003112793,0.071389474,63.770958,10,148,1.363473333332384,35.148533,20.000004,57.60857333333339,0.5,0.5068892240524292,uniform,uniform,10,0.0,0.0,0.0,3,
independent,3456,aggregation_random,15,13.465392,0.8,4,4,4,87.82189629971981,445.39175033569336,186.37999199330807,0.8289881885051728,0.09405796,149.73456,10,148,1.363473333332384,33.465393,20.0,57.60857333333339,0.5,0.5068892240524292,uniform,uniform,10,0.0,0.0,0.0,3,
independent,3456,aggregation_random,16,15.668818,0.7,6,5,5,140.40996730327606,440.37288665771484,272.95763994966234,0.8744156241416932,0.041435968,64.03672,10,148,1.363473333332384,45.66881,29.999992,57.60857333333339,0.5,0.5068892240524292,uniform,uniform,10,0.0,0.0,0.0,3,
independent,3456,aggregation_random,17,15.122813,0.8,4,4,4,116.26417804509401,449.5056438446045,229.12089049816132,0.8469498544931412,0.08573913,119.362045,10,148,1.363473333332384,35.122814,20.0,57.60857333333339,0.5,0.5068892240524292,uniform,uniform,10,0.0,0.0,0.0,3,
independent,3456,aggregation_random,18,15.149725,0.85,3,3,3,168.58365391983705,473.4257984161377,276.8874528828789,0.8833173543214798,0.15556791,85.0275,10,148,1.363473333332384,30.149721,14.999996,57.60857333333339,0.5,0.5068892240524292,uniform,uniform,10,0.0,0.0,0.0,3,
independent,3456,aggregation_random,19,15.294355,0.7,6,3,3,109.5417960200991,474.2403030395508,195.31695587294442,0.8664978981018067,0.11434803,106.56443,10,148,1.363473333332384,45.29435,29.999994,57.60857333333339,0.5,0.5068892240524292,uniform,uniform,10,0.0,0.0,0.0,3,
independent,3456,aggregation_random,20,15.926706,0.7,6,5,5,124.0659960252898,390.4765033721924,193.67968337876457,0.8902241587638855,0.03188455,18.76981,10,148,1.363473333332384,45.9267,29.999994,57.60857333333339,0.5,0.5068892240524292,uniform,uniform,10,0.0,0.0,0.0,3,
independent,3456,aggregation_random,21,15.491892,0.55,9,7,7,148.27737353064796,410.96835136413574,205.34031824632123,0.8546929359436035,0.07588306,86.98966,10,148,1.363473333332384,60.491894,45.0,57.60857333333339,0.5,0.5068892240524292,uniform,uniform,10,0.0,0.0,0.0,3,
independent,3456,aggregation_random,22,13.909792,0.7,6,6,6,115.72415726525443,478.48666191101074,210.97260679517473,0.7905274361371994,0.10725712,264.02072,10,148,1.363473333332384,43.909798,30.000006,57.60857333333339,0.5,0.5068892240524292,uniform,uniform,10,0.0,0.0,0.0,3,
independent,3456,aggregation_random,23,16.00238,0.55,9,9,9,100.91778321699663,385.52910804748535,187.09478096528485,0.8690412640571594,0.07994015,59.440895,10,148,1.363473333332384,61.002384,45.000004,57.60857333333339,0.5,0.5068892240524292,uniform,uniform,10,0.0,0.0,0.0,3,
independent,3456,aggregation_random,24,16.324558,0.7,6,5,5,124.21373094831195,435.0819683074951,250.12656314032418,0.8961135536432266,0.042714797,10.544077,10,148,1.363473333332384,46.324554,29.999996,57.60857333333339,0.5,0.5068892240524292,uniform,uniform,10,0.0,0.0,0.0,3,
independent,3456,aggregation_random,25,16.039516,0.7,6,5,5,168.2910679067884,466.33609771728516,240.97652205399103,0.9042476058006287,0.061500862,26.180872,10,148,1.363473333332384,46.039516,30.0,57.60857333333339,0.5,0.5068892240524292,uniform,uniform,10,0.0,0.0,0.0,3,
independent,3456,aggregation_random,26,15.414439,0.75,5,5,5,138.2024086713791,443.85626792907715,221.88957738876343,0.8642189294099808,0.07340358,80.55598,10,148,1.363473333332384,40.414433,24.999992,57.60857333333339,0.5,0.5068892240524292,uniform,uniform,10,0.0,0.0,0.0,3,
independent,3456,aggregation_random,27,13.351123,0.8,4,3,3,60.13836544007063,419.45746421813965,190.5247838795185,0.8297637701034546,0.08069201,134.85358,10,148,1.363473333332384,33.351128,20.000004,57.60857333333339,0.5,0.5068892240524292,uniform,uniform,10,0.0,0.0,0.0,3,
independent,3456,aggregation_random,28,12.674747,0.90000004,2,2,2,93.48424156506856,459.1684913635254,219.63321189085642,0.8091376960277558,0.076384224,201.62418,10,148,1.363473333332384,22.674747,10.0,57.60857333333339,0.5,0.5068892240524292,uniform,uniform,10,0.0,0.0,0.0,3,
independent,3456,aggregation_random,29,15.011593,0.75,5,5,5,120.80002975463867,444.1577625274658,251.32337999343872,0.8641342014074326,0.20984001,81.02023,10,148,1.363473333332384,40.011593,25.0,57.60857333333339,0.5,0.5068892240524292,uniform,uniform,10,0.0,0.0,0.0,3,
independent,3456,aggregation_random,30,14.860883,0.8,4,3,3,156.95629991590977,470.6348419189453,256.7451260983944,0.9046220809221268,0.10568541,34.401295,10,148,1.363473333332384,34.860886,20.000004,57.60857333333339,0.5,0.5068892240524292,uniform,uniform,10,0.0,0.0,0.0,3,
independent,3456,aggregation_random,31,15.76716,0.65000004,7,7,7,102.38316756028395,437.81785011291504,229.5254500095661,0.8547167867422104,0.07351165,92.76175,10,148,1.363473333332384,50.767155,34.999992,57.60857333333339,0.5,0.5068892240524292,uniform,uniform,10,0.0,0.0,0.0,3,
independent,3456,aggregation_random,32,15.542137,0.75,5,4,4,152.0927004814148,465.6054496765137,236.70627069473267,0.8927081853151322,0.07223126,48.0,10,148,1.363473333332384,40.542137,25.0,57.60857333333339,0.5,0.5068892240524292,uniform,uniform,10,0.0,0.0,0.0,3,
independent,3456,aggregation_random,33,13.451671,0.85,3,3,3,102.8976071582121,445.3512954711914,224.04776383848753,0.7901414275169373,0.10788861,224.27982,10,148,1.363473333332384,28.451666,14.999995,57.60857333333339,0.5,0.5068892240524292,uniform,uniform,10,0.0,0.0,0.0,3,
independent,3456,aggregation_random,34,16.046473,0.7,6,5,5,120.02714497702462,440.0123119354248,223.87527644634247,0.8967833906412125,0.012938525,14.188408,10,148,1.363473333332384,46.04647,29.999998,57.60857333333339,0.5,0.5068892240524292,uniform,uniform,10,0.0,0.0,0.0,3,
independent,3456,aggregation_random,35,15.912806,0.65000004,7,7,7,152.11549683259085,425.5855464935303,220.59714564910303,0.8656374216079712,0.06690922,65.97623,10,148,1.363473333332384,50.912807,35.0,57.60857333333339,0.5,0.5068892240524292,uniform,uniform,10,0.0,0.0,0.0,3,
independent,3456,aggregation_random,36,15.210386,0.8,4,4,4,120.70823069661856,478.6589241027832,222.89956480264664,0.8707182347774506,0.040025957,102.88002,10,148,1.363473333332384,35.21038,19.999994,57.60857333333339,0.5,0.5068892240524292,uniform,uniform,10,0.0,0.0,0.0,3,
independent,3456,aggregation_random,37,15.729792,0.75,5,3,3,147.79436066746712,436.3261127471924,242.44326400756836,0.8876591414213181,0.05358567,28.020735,10,148,1.363473333332384,40.729797,25.000006,57.60857333333339,0.5,0.5068892240524292,uniform,uniform,10,0.0,0.0,0.0,3,
independent,3456,aggregation_random,38,14.999561,0.85,3,3,3,142.13844116996316,458.01100730895996,251.76067534615012,0.8985145717859269,0.076299846,48.15071,10,148,1.363473333332384,29.999563,15.000002,57.60857333333339,0.5,0.5068892240524292,uniform,uniform,10,0.0,0.0,0.0,3,
independent,3456,aggregation_random,39,15.585262,0.7,6,5,5,147.9767125419208,405.4921245574951,193.74595897538322,0.8634788990020752,0.030953381,70.12068,10,148,1.363473333332384,45.585262,30.0,57.60857333333339,0.5,0.5068892240524292,uniform,uniform,10,0.0,0.0,0.0,3,
independent,3456,aggregation_random,40,15.473877,0.8,4,4,4,110.14708500355482,448.0228328704834,248.52346658706665,0.8841156482696533,0.07714202,57.61228,10,148,1.363473333332384,35.47387,19.999992,57.60857333333339,0.5,0.5068892240524292,uniform,uniform,10,0.0,0.0,0.0,3,
independent,3456,aggregation_random,41,14.785674,0.6,8,7,7,108.44145826995373,446.1431694030762,217.58056610822678,0.8261219799518585,0.077336185,155.98907,10,148,1.363473333332384,54.785675,40.0,57.60857333333339,0.5,0.5068892240524292,uniform,uniform,10,0.0,0.0,0.0,3,
independent,3456,aggregation_random,42,13.930645,0.75,5,4,4,124.23133373260498,450.59420585632324,252.12039184570312,0.819527068734169,0.16252044,173.10242,10,148,1.363473333332384,38.93065,25.000004,57.60857333333339,0.5,0.5068892240524292,uniform,uniform,10,0.0,0.0,0.0,3,
independent,3456,aggregation_random,43,14.8500805,0.75,5,3,3,153.4406394958496,429.98494148254395,231.7190191745758,0.8657236099243164,0.08666293,65.81081,10,148,1.363473333332384,39.850075,24.999994,57.60857333333339,0.5,0.5068892240524292,uniform,uniform,10,0.0,0.0,0.0,3,
independent,3456,aggregation_random,44,14.361462,0.90000004,2,2,2,126.53861942390601,437.2961139678955,228.85923822720846,0.8717225879430771,0.067889884,59.588856,10,148,1.363473333332384,24.361462,10.0,57.60857333333339,0.5,0.5068892240524292,uniform,uniform,10,0.0,0.0,0.0,3,
independent,3456,aggregation_random,45,14.378805,0.75,5,5,5,127.94875580072403,466.5504741668701,220.07324159145355,0.817967313528061,0.15674117,217.11954,10,148,1.363473333332384,39.378803,24.999998,57.60857333333339,0.5,0.5068892240524292,uniform,uniform,10,0.0,0.0,0.0,3,
independent,3456,aggregation_random,46,12.736311,0.7,6,6,6,82.82345371586936,417.3288631439209,175.14713338443212,0.7425346374511719,0.12176446,302.33356,10,148,1.363473333332384,42.736313,30.000002,57.60857333333339,0.5,0.5068892240524292,uniform,uniform,10,0.0,0.0,0.0,3,
independent,3456,aggregation_random,47,16.418468,0.55,9,8,8,87.97585601156408,471.00525856018066,218.20857882499695,0.8945066422224045,0.054903343,49.552612,10,148,1.363473333332384,61.418472,45.000004,57.60857333333339,0.5,0.5068892240524292,uniform,uniform,10,0.0,0.0,0.0,3,
independent,3456,aggregation_random,48,12.031931,0.7,6,3,3,93.7411225267819,473.00445556640625,184.41169457776206,0.718810248374939,0.2047439,417.2138,10,148,1.363473333332384,42.031933,30.000002,57.60857333333339,0.5,0.5068892240524292,uniform,uniform,10,0.0,0.0,0.0,3,
independent,3456,aggregation_random,49,14.334215,0.75,5,4,4,124.3579570055008,448.848352432251,233.62753009796143,0.8280937105417252,0.107268,160.57849,10,148,1.363473333332384,39.334217,25.000002,57.60857333333339,0.5,0.5068892240524292,uniform,uniform,10,0.0,0.0,0.0,3,
independent,3456,aggregation_random,50,14.252548,0.85,3,3,3,101.86116446467007,440.8131694793701,214.624100783292,0.8488271027803421,0.038011998,107.06526,10,148,1.363473333332384,29.252548,15.0,57.60857333333339,0.5,0.5068892240524292,uniform,uniform,10,0.0,0.0,0.0,3,
independent,3456,aggregation_random,51,14.607008,0.85,3,3,3,104.73434960140901,478.7038993835449,216.66662945466882,0.8803610146045685,0.046275135,84.410904,10,148,1.363473333332384,29.607008,15.0,57.60857333333339,0.5,0.5068892240524292,uniform,uniform,10,0.0,0.0,0.0,3,
independent,3456,aggregation_random,52,15.3088875,0.75,5,5,5,130.45174932479858,458.6656379699707,211.82260179519653,0.8912037342786789,0.1021968,55.727043,10,148,1.363473333332384,40.308884,24.999996,57.60857333333339,0.5,0.5068892240524292,uniform,uniform,10,0.0,0.0,0.0,3,
independent,3456,aggregation_random,53,14.993565,0.8,4,2,2,107.35605128109455,455.5448341369629,220.09734258055687,0.8918543189764023,0.099212974,43.331284,10,148,1.363473333332384,34.99357,20.000004,57.60857333333339,0.5,0.5068892240524292,uniform,uniform,10,0.0,0.0,0.0,3,
independent,3456,aggregation_random,54,14.092676,0.85,3,2,2,162.49774427974924,465.63222885131836,243.12996604863335,0.8564005821943284,0.07142497,126.73239,10,148,1.363473333332384,29.092676,15.0,57.60857333333339,0.5,0.5068892240524292,uniform,uniform,10,0.0,0.0,0.0,3,
independent,3456,aggregation_random,55,15.817184,0.85,3,3,3,184.27574347047243,472.5088691711426,284.19550432878384,0.9427264302968978,0.07274213,0.0,10,148,1.363473333332384,30.817188,15.000004,57.60857333333339,0.5,0.5068892240524292,uniform,uniform,10,0.0,0.0,0.0,3,
independent,3456,aggregation_random,56,15.684706,0.65000004,7,5,5,158.8849920492906,476.2271976470947,232.75299805861252,0.8749354809522629,0.09052703,132.41489,10,148,1.363473333332384,50.684708,35.0,57.60857333333339,0.5,0.5068892240524292,uniform,uniform,10,0.0,0.0,0.0,3,
independent,3456,aggregation_random,57,15.806778,0.8,4,4,4,144.46869058068842,463.86866569519043,278.5645270720124,0.9257272452116012,0.027339226,31.322186,10,148,1.363473333332384,35.80678,20.000004,57.60857333333339,0.5,0.5068892240524292,uniform,uniform,10,0.0,0.0,0.0,3,
independent,3456,aggregation_random,58,14.963284,0.8,4,3,3,126.04031659662724,466.60715103149414,267.1542325615883,0.8586741715669632,0.088618584,144.67169,10,148,1.363473333332384,34.963284,20.0,57.60857333333339,0.5,0.5068892240524292,uniform,uniform,10,0.0,0.0,0.0,3,
independent,3456,aggregation_random,59,16.214294,0.65000004,7,7,7,121.79810175528893,478.4413146972656,221.5210727086434,0.902602219581604,0.03753398,41.445152,10,148,1.363473333332384,51.214287,34.999992,57.60857333333339,0.5,0.5068892240524292,uniform,uniform,10,0.0,0.0,0.0,3,
independent,3456,aggregation_random,0,12.917614,1.0,0,0,0,178.7301174402237,435.51435470581055,230.7752948999405,0.8402329027652741,0.060747396,118.26728,10,152,1.5830400000022375,12.917618,3.8146973e-06,68.55941999999972,0.5,0.5068892240524292,uniform,uniform,10,0.0,0.0,0.0,4,
independent,3456,aggregation_random,1,15.239756,0.6,8,7,7,76.48072756826878,441.15806579589844,181.128069460392,0.8031946659088135,0.12006393,195.02441,10,152,1.5830400000022375,55.239754,40.0,68.55941999999972,0.5,0.5068892240524292,uniform,uniform,10,0.0,0.0,0.0,4,
independent,3456,aggregation_random,2,16.491283,0.6,8,8,8,169.10299710929394,478.0586528778076,266.6183340549469,0.9239782482385636,0.01989466,0.020652294,10,152,1.5830400000022375,56.49128,39.999996,68.55941999999972,0.5,0.5068892240524292,uniform,uniform,10,0.0,0.0,0.0,4,
independent,3456,aggregation_random,3,15.692572,0.7,6,6,6,147.780105982508,445.131196975708,264.4238345963614,0.8843271017074585,0.05074204,44.442375,10,152,1.5830400000022375,45.692574,30.000002,68.55941999999972,0.5,0.5068892240524292,uniform,uniform,10,0.0,0.0,0.0,4,
independent,3456,aggregation_random,4,13.812826,0.8,4,4,4,119.15206164121628,473.48015785217285,228.30818004906178,0.8086822658777237,0.08680441,235.10211,10,152,1.5830400000022375,33.812824,19.999998,68.55941999999972,0.5,0.5068892240524292,uniform,uniform,10,0.0,0.0,0.0,4,
independent,3456,aggregation_random,5,13.141668,0.95,1,0,0,140.7604885415027,477.08913803100586,241.4670506904,0.8593285709619523,0.08862342,129.8331,10,152,1.5830400000022375,18.14167,5.000002,68.55941999999972,0.5,0.5068892240524292,uniform,uniform,10,0.0,0.0,0.0,4,
independent,3456,aggregation_random,6,12.330565,0.90000004,2,2,2,117.08464483420055,442.26330757141113,194.76651966571808,0.762219849228859,0.122477576,281.04462,10,152,1.5830400000022375,22.330563,9.999997,68.55941999999972,0.5,0.5068892240524292,uniform,uniform,10,0.0,0.0,0.0,4,
independent,3456,aggregation_random,7,13.168783,0.85,3,2,2,150.86589900886312,382.18963623046875,225.34373297410852,0.7939414978027344,0.15010698,203.63246,10,152,1.5830400000022375,28.168783,15.0,68.55941999999972,0.5,0.5068892240524292,uniform,uniform,10,0.0,0.0,0.0,4,
independent,3456,aggregation_random,8,15.692223,0.8,4,4,4,131.30651995539665,418.74329566955566,233.09666007757187,0.8756529092788696,0.06282494,46.746567,10,152,1.5830400000022375,35.69223,20.000008,68.55941999999972,0.5,0.5068892240524292,uniform,uniform,10,0.0,0.0,0.0,4,
independent,3456,aggregation_random,9,15.327505,0.65000004,7,6,6,167.54398281757648,454.21897888183594,220.15086980966421,0.8730891585350037,0.072814845,73.88795,10,152,1.5830400000022375,50.327507,35.0,68.55941999999972,0.5,0.5068892240524292,uniform,uniform,10,0.0,0.0,0.0,4,
independent,3456,aggregation_random,10,15.170004,0.75,5,5,5,154.3071917295456,452.3885250091553,230.75764799118042,0.8746225118637085,0.09610615,88.04605,10,152,1.5830400000022375,40.17,24.999994,68.55941999999972,0.5,0.5068892240524292,uniform,uniform,10,0.0,0.0,0.0,4,
independent,3456,aggregation_random,11,12.830111,0.85,3,3,3,125.61373871915481,429.0116214752197,214.27117824554443,0.778494119644165,0.18771686,233.29144,10,152,1.5830400000022375,27.830109,14.999998,68.55941999999972,0.5,0.5068892240524292,uniform,uniform,10,0.0,0.0,0.0,4,
independent,3456,aggregation_random,12,15.97436,0.75,5,5,5,131.47559547424316,423.6097812652588,239.43870782852173,0.8970738649368286,0.05915123,5.618248,10,152,1.5830400000022375,40.974358,24.999996,68.55941999999972,0.5,0.5068892240524292,uniform,uniform,10,0.0,0.0,0.0,4,
independent,3456,aggregation_random,13,13.030321,0.8,4,4,4,120.07969111204147,399.0175724029541,207.6055607199669,0.7720515727996826,0.11444875,245.66103,10,152,1.5830400000022375,33.030323,20.000002,68.55941999999972,0.5,0.5068892240524292,uniform,uniform,10,0.0,0.0,0.0,4,
independent,3456,aggregation_random,14,15.102773,0.85,3,2,2,149.72023991977468,460.79649925231934,238.72077100417192,0.9073301941156388,0.10926869,14.722721,10,152,1.5830400000022375,30.102776,15.000003,68.55941999999972,0.5,0.5068892240524292,uniform,uniform,10,0.0,0.0,0.0,4,
independent,3456,aggregation_random,15,15.101791,0.85,3,3,3,110.95470481059131,437.9395294189453,206.84626915875603,0.8960011243820191,0.11695925,13.617502,10,152,1.5830400000022375,30.101791,15.0,68.55941999999972,0.5,0.5068892240524292,uniform,uniform,10,0.0,0.0,0.0,4,
independent,3456,aggregation_random,16,12.556054,0.85,3,2,2,109.03078931219437,450.7774257659912,222.07004911759321,0.7547852873802186,0.111070424,299.90512,10,152,1.5830400000022375,27.556053,14.999999,68.55941999999972,0.5,0.5068892240524292,uniform,uniform,10,0.0,0.0,0.0,4,
independent,3456,aggregation_random,17,15.020802,0.90000004,2,2,2,83.95970642566681,471.7760753631592,231.58131996790567,0.8963281631469726,0.13991903,96.9198,10,152,1.5830400000022375,25.020798,9.999996,68.55941999999972,0.5,0.5068892240524292,uniform,uniform,10,0.0,0.0,0.0,4,
independent,3456,aggregation_random,18,14.012796,0.95,1,1,1,137.80019844833174,477.9869842529297,255.08277729937905,0.863697749376297,0.25338808,158.7204,10,152,1.5830400000022375,19.012796,5.0,68.55941999999972,0.5,0.5068892240524292,uniform,uniform,10,0.0,0.0,0.0,4,
independent,3456,aggregation_random,19,14.797022,0.7,6,3,3,110.38496809346336,402.6921844482422,198.75165402889252,0.8295469284057617,0.15020399,135.27008,10,152,1.5830400000022375,44.79702,29.999998,68.55941999999972,0.5,0.5068892240524292,uniform,uniform,10,0.0,0.0,0.0,4,
independent,3456,aggregation_random,20,15.522274,0.75,5,4,4,156.00225293636322,477.286376953125,276.52898263931274,0.9217251271009446,0.02224205,48.0,10,152,1.5830400000022375,40.52227,24.999996,68.55941999999972,0.5,0.5068892240524292,uniform,uniform,10,0.0,0.0,0.0,4,
independent,3456,aggregation_random,21,16.453232,0.4,12,10,10,156.09607011079788,423.3785820007324,260.37714153528214,0.8750001192092896,0.062503695,48.0,10,152,1.5830400000022375,76.45323,60.0,68.55941999999972,0.5,0.5068892240524292,uniform,uniform,10,0.0,0.0,0.0,4,
independent,3456,aggregation_random,22,15.428915,0.55,9,9,9,137.43211139332163,438.4009265899658,194.76636041294444,0.8183815568685532,0.13496247,163.10844,10,152,1.5830400000022375,60.428917,45.0,68.55941999999972,0.5,0.5068892240524292,uniform,uniform,10,0.0,0.0,0.0,4,
independent,3456,aggregation_random,23,13.2432575,0.7,6,6,6,80.68167699234826,463.3428382873535,203.23708048888616,0.7920466095209122,0.05199592,259.1572,10,152,1.5830400000022375,43.243256,29.999998,68.55941999999972,0.5,0.5068892240524292,uniform,uniform,10,0.0,0.0,0.0,4,
independent,3456,aggregation_random,24,15.363272,0.7,6,5,5,118.88143147741046,437.7728462219238,210.6208005973271,0.8833854734897614,0.04457628,37.672886,10,152,1.5830400000022375,45.36327,29.999998,68.55941999999972,0.5,0.5068892240524292,uniform,uniform,10,0.0,0.0,0.0,4,
independent,3456,aggregation_random,25,15.559885,0.7,6,5,5,119.21531004565102,452.3004341125488,216.24357896191734,0.8709839522838593,0.059846617,76.01137,10,152,1.5830400000022375,45.559883,29.999998,68.55941999999972,0.5,0.5068892240524292,uniform,uniform,10,0.0,0.0,0.0,4,
independent,3456,aggregation_random,26,15.290405,0.8,4,4,4,129.92040742188692,422.8739261627197,219.5934073626995,0.8932504057884216,0.07243754,12.95941,10,152,1.5830400000022375,35.290398,19.999992,68.55941999999972,0.5,0.5068892240524292,uniform,uniform,10,0.0,0.0,0.0,4,
independent,3456,aggregation_random,27,13.866848,0.75,5,4,4,67.03338277339935,427.5519275665283,178.93649411201477,0.8101694583892822,0.10944564,172.4748,10,152,1.5830400000022375,38.86685,25.000004,68.55941999999972,0.5,0.5068892240524292,uniform,uniform,10,0.0,0.0,0.0,4,
independent,3456,aggregation_random,28,12.447863,0.85,3,3,3,72.94677131316242,451.92641258239746,194.30029834018035,0.7518485575914383,0.14201231,304.3773,10,152,1.5830400000022375,27.447863,15.0,68.55941999999972,0.5,0.5068892240524292,uniform,uniform,10,0.0,0.0,0.0,4,
independent,3456,aggregation_random,29,15.327114,0.75,5,5,5,107.38300132751465,452.6857852935791,253.86930084228516,0.8604301482439041,0.1541594,105.34959,10,152,1.5830400000022375,40.32711,24.999996,68.55941999999972,0.5,0.5068892240524292,uniform,uniform,10,0.0,0.0,0.0,4,
independent,3456,aggregation_random,30,15.023996,0.85,3,2,2,140.85525723064646,456.92127227783203,235.42121003655825,0.8835005402565003,0.042331062,56.600414,10,152,1.5830400000022375,30.023993,14.999996,68.55941999999972,0.5,0.5068892240524292,uniform,uniform,10,0.0,0.0,0.0,4,
independent,3456,aggregation_random,31,15.012651,0.7,6,6,6,147.84617492130823,439.11240577697754,228.75468594687325,0.8171169251203537,0.046615977,166.24799,10,152,1.5830400000022375,45.012657,30.000006,68.55941999999972,0.5,0.5068892240524292,uniform,uniform,10,0.0,0.0,0.0,4,
independent,3456,aggregation_random,32,14.091801,0.8,4,3,3,150.66856116056442,462.85672187805176,220.72876565158367,0.8430995374917984,0.14638762,151.18666,10,152,1.5830400000022375,34.091797,19.999996,68.55941999999972,0.5,0.5068892240524292,uniform,uniform,10,0.0,0.0,0.0,4,
independent,3456,aggregation_random,33,11.78651,0.8,4,4,4,94.08580139279366,478.1580448150635,210.5916177481413,0.6953021973371506,0.089596294,439.17783,10,152,1.5830400000022375,31.78651,20.0,68.55941999999972,0.5,0.5068892240524292,uniform,uniform,10,0.0,0.0,0.0,4,
independent,3456,aggregation_random,34,16.00597,0.7,6,5,5,132.9575629745211,451.94294929504395,219.34811328138625,0.890012988448143,0.054246247,39.118137,10,152,1.5830400000022375,46.005966,29.999996,68.55941999999972,0.5,0.5068892240524292,uniform,uniform,10,0.0,0.0,0.0,4,
independent,3456,aggregation_random,35,14.345612,0.75,5,5,5,109.9143158197403,459.270658493042,225.2326602935791,0.8273944050073624,0.072399065,166.67354,10,152,1.5830400000022375,39.345608,24.999996,68.55941999999972,0.5,0.5068892240524292,uniform,uniform,10,0.0,0.0,0.0,4,
independent,3456,aggregation_random,36,16.774933,0.65000004,7,7,7,87.90556848049164,479.8277950286865,219.2849977199848,0.939743983745575,0.029089501,18.488424,10,152,1.5830400000022375,51.774933,35.0,68.55941999999972,0.5,0.5068892240524292,uniform,uniform,10,0.0,0.0,0.0,4,
independent,3456,aggregation_random,37,15.969949,0.65000004,7,5,5,146.84514438876738,426.9686222076416,249.9807880474971,0.886455774307251,0.11902324,26.005117,10,152,1.5830400000022375,50.969948,35.0,68.55941999999972,0.5,0.5068892240524292,uniform,uniform,10,0.0,0.0,0.0,4,
independent,3456,aggregation_random,38,14.272066,0.90000004,2,2,2,111.24369204044342,476.872615814209,225.6164006392161,0.8682705104351044,0.12871556,105.793335,10,152,1.5830400000022375,24.272066,10.0,68.55941999999972,0.5,0.5068892240524292,uniform,uniform,10,0.0,0.0,0.0,4,
independent,3456,aggregation_random,39,15.1329155,0.8,4,3,3,146.29202853888273,457.9472064971924,220.3878267109394,0.8856099933385849,0.055214178,53.576202,10,152,1.5830400000022375,35.13292,20.000004,68.55941999999972,0.5,0.5068892240524292,uniform,uniform,10,0.0,0.0,0.0,4,
independent,3456,aggregation_random,40,15.301128,0.75,5,5,5,116.95124292373657,432.4950313568115,215.12048292160034,0.8890290051698685,0.064945176,21.55938,10,152,1.5830400000022375,40.301125,24.999996,68.55941999999972,0.5,0.5068892240524292,uniform,uniform,10,0.0,0.0,0.0,4,
independent,3456,aggregation_random,41,9.2100115,0.90000004,2,1,1,95.25734797120094,479.28099632263184,240.50248384475708,0.6373193025588989,0.16760145,633.22784,10,152,1.5830400000022375,19.210012,10.000001,68.55941999999972,0.5,0.5068892240524292,uniform,uniform,10,0.0,0.0,0.0,4,
independent,3456,aggregation_random,42,11.781916,0.95,1,0,0,100.03970447339509,467.4759864807129,238.1636034814935,0.7988205283880234,0.20186833,232.6728,10,152,1.5830400000022375,16.78192,5.000004,68.55941999999972,0.5,0.5068892240524292,uniform,uniform,10,0.0,0.0,0.0,4,
independent,3456,aggregation_random,43,15.745722,0.5,10,8,8,113.00632309913635,440.49668312072754,186.97176003456116,0.8465514868497849,0.047246672,111.117935,10,152,1.5830400000022375,65.74572,50.0,68.55941999999972,0.5,0.5068892240524292,uniform,uniform,10,0.0,0.0,0.0,4,
independent,3456,aggregation_random,44,16.043776,0.7,6,6,6,141.07256773327077,475.23107528686523,251.7370069026947,0.9189801394939423,0.07607561,24.525154,10,152,1.5830400000022375,46.043777,30.000002,68.55941999999972,0.5,0.5068892240524292,uniform,uniform,10,0.0,0.0,0.0,4,
independent,3456,aggregation_random,45,15.845563,0.7,6,6,6,121.42806772674832,477.4782657623291,207.13132279259818,0.8896361321210862,0.085753776,101.443695,10,152,1.5830400000022375,45.845562,30.0,68.55941999999972,0.5,0.5068892240524292,uniform,uniform,10,0.0,0.0,0.0,4,
independent,3456,aggregation_random,46,12.506884,0.85,3,3,3,84.60684236358193,479.6945571899414,204.41675221218782,0.785066443681717,0.11053344,301.69583,10,152,1.5830400000022375,27.506882,14.999998,68.55941999999972,0.5,0.5068892240524292,uniform,uniform,10,0.0,0.0,0.0,4,
independent,3456,aggregation_random,47,15.286398,0.7,6,5,5,136.30631434065955,475.5020999908447,230.77627837657928,0.8978624969720841,0.054065306,57.138454,10,152,1.5830400000022375,45.2864,30.000002,68.55941999999972,0.5,0.5068892240524292,uniform,uniform,10,0.0,0.0,0.0,4,
independent,3456,aggregation_random,48,13.227075,0.7,6,3,3,105.72905940668923,460.3249740600586,194.56811887877328,0.7753893971443176,0.20128341,267.57742,10,152,1.5830400000022375,43.227074,30.0,68.55941999999972,0.5,0.5068892240524292,uniform,uniform,10,0.0,0.0,0.0,4,
independent,3456,aggregation_random,49,14.401953,0.75,5,4,4,111.09867227077484,434.65075492858887,212.33976101875305,0.846411207318306,0.08456675,105.54137,10,152,1.5830400000022375,39.40195,24.999998,68.55941999999972,0.5,0.5068892240524292,uniform,uniform,10,0.0,0.0,0.0,4,
independent,3456,aggregation_random,50,14.353757,0.75,5,5,5,177.7404351234436,474.47845458984375,300.62512505054474,0.8542562603950501,0.09827535,150.48991,10,152,1.5830400000022375,39.353752,24.999996,68.55941999999972,0.5,0.5068892240524292,uniform,uniform,10,0.0,0.0,0.0,4,
independent,3456,aggregation_random,51,15.261229,0.90000004,2,2,2,139.11491771539053,467.33004570007324,262.2692819436391,0.9326821237802505,0.13445371,11.558905,10,152,1.5830400000022375,25.261229,10.0,68.55941999999972,0.5,0.5068892240524292,uniform,uniform,10,0.0,0.0,0.0,4,
independent,3456,aggregation_random,52,13.974216,0.90000004,2,2,2,133.23310911655426,415.80928802490234,204.87660566965738,0.8473566770553589,0.044159863,101.07541,10,152,1.5830400000022375,23.974216,10.0,68.55941999999972,0.5,0.5068892240524292,uniform,uniform,10,0.0,0.0,0.0,4,
independent,3456,aggregation_random,53,13.969307,0.90000004,2,0,0,131.4915613333384,475.16138076782227,257.2553292910258,0.8956012696027755,0.21771267,125.52001,10,152,1.5830400000022375,23.969307,10.0,68.55941999999972,0.5,0.5068892240524292,uniform,uniform,10,0.0,0.0,0.0,4,
independent,3456,aggregation_random,54,14.062453,0.8,4,3,3,155.088915489614,465.63222885131836,239.88564871251583,0.8412478506565094,0.06020702,146.43643,10,152,1.5830400000022375,34.062454,20.0,68.55941999999972,0.5,0.5068892240524292,uniform,uniform,10,0.0,0.0,0.0,4,
independent,3456,aggregation_random,55,16.46431,0.7,6,6,6,110.88145698819842,429.5475482940674,239.2219320365361,0.9000000953674316,0.054700613,0.0,10,152,1.5830400000022375,46.464314,30.000004,68.55941999999972,0.5,0.5068892240524292,uniform,uniform,10,0.0,0.0,0.0,4,
independent,3456,aggregation_random,56,13.921007,0.85,3,1,1,156.3450149227591,477.87245750427246,250.04122495651245,0.8455717355012894,0.15143366,150.37479,10,152,1.5830400000022375,28.92101,15.000002,68.55941999999972,0.5,0.5068892240524292,uniform,uniform,10,0.0,0.0,0.0,4,
independent,3456,aggregation_random,57,15.265072,0.8,4,4,4,105.83264721091837,443.9630699157715,207.03897792845964,0.8800637662410736,0.06593626,50.240772,10,152,1.5830400000022375,35.265068,19.999996,68.55941999999972,0.5,0.5068892240524292,uniform,uniform,10,0.0,0.0,0.0,4,
independent,3456,aggregation_random,58,16.268599,0.75,5,4,4,112.50260734558105,467.44422912597656,259.3236713409424,0.9314980775117874,0.05311619,15.447069,10,152,1.5830400000022375,41.268593,24.999994,68.55941999999972,0.5,0.5068892240524292,uniform,uniform,10,0.0,0.0,0.0,4,
independent,3456,aggregation_random,59,15.514487,0.75,5,5,5,114.31459534168243,465.00938415527344,229.80755484104156,0.8809678792953491,0.03690335,69.55118,10,152,1.5830400000022375,40.51449,25.0,68.55941999999972,0.5,0.5068892240524292,uniform,uniform,10,0.0,0.0,0.0,4,
independent,3456,vehicle_id_permuted,0,10.342005,1.0,0,0,0,167.22130626440048,476.1464595794678,219.2664806842804,0.7121687561273575,0.39521524,407.82843,10,159,6.941788333336755,10.342005,0.0,65.91539999999962,0.5,0.5068892240524292,uniform,uniform,10,0.0,0.0,0.0,0,0-2-1-3
independent,3456,vehicle_id_permuted,1,9.67,0.65000004,7,6,6,153.6674381677921,479.4942855834961,284.11974769372205,0.6025130271911621,0.64996696,672.00006,10,159,6.941788333336755,44.670006,35.000008,65.91539999999962,0.5,0.5068892240524292,uniform,uniform,10,0.0,0.0,0.0,0,0-2-1-3
independent,3456,vehicle_id_permuted,2,9.926357,0.65000004,7,7,7,182.17749540622418,447.04590797424316,261.508621435899,0.5828364580869675,0.50669867,624.00006,10,159,6.941788333336755,44.926353,34.999996,65.91539999999962,0.5,0.5068892240524292,uniform,uniform,10,0.0,0.0,0.0,0,0-2-1-3
independent,3456,vehicle_id_permuted,3,6.980609,0.6,8,8,8,156.2908624112606,443.6198043823242,287.29187846183777,0.4486900895833969,0.73793,887.14343,10,159,6.941788333336755,46.98061,40.0,65.91539999999962,0.5,0.5068892240524292,uniform,uniform,10,0.0,0.0,0.0,0,0-2-1-3
independent,3456,vehicle_id_permuted,4,8.361804,0.75,5,5,5,127.18433284759521,467.12419509887695,269.4693512916565,0.5572320699691773,0.69722825,720.00006,10,159,6.941788333336755,33.3618,24.999996,65.91539999999962,0.5,0.5068892240524292,uniform,uniform,10,0.0,0.0,0.0,0,0-2-1-3
independent,3456,vehicle_id_permuted,5,8.928733,0.7,6,5,5,128.2926202246121,466.11928939819336,257.7515264919826,0.5781212389469147,0.6382247,652.1266,10,159,6.941788333336755,38.928726,29.999992,65.91539999999962,0.5,0.5068892240524292,uniform,uniform,10,0.0,0.0,0.0,0,0-2-1-3
independent,3456,vehicle_id_permuted,6,9.482162,0.90000004,2,2,2,142.40153749783835,438.24331283569336,216.77163243293762,0.6232157289981842,0.5812917,537.6692,10,159,6.941788333336755,19.482157,9.999994,65.91539999999962,0.5,0.5068892240524292,uniform,uniform,10,0.0,0.0,0.0,0,0-2-1-3
independent,3456,vehicle_id_permuted,7,7.6442776,0.8,4,3,3,143.61185878515244,457.6169013977051,239.18243676424026,0.5250233352184296,0.7533347,745.57214,10,159,6.941788333336755,27.644278,20.0,65.91539999999962,0.5,0.5068892240524292,uniform,uniform,10,0.0,0.0,0.0,0,0-2-1-3
independent,3456,vehicle_id_permuted,8,10.655814,0.7,6,6,6,164.77044620684214,371.8383979797363,215.03018157822746,0.618080198764801,0.5778974,541.2862,10,159,6.941788333336755,40.65582,30.000004,65.91539999999962,0.5,0.5068892240524292,uniform,uniform,10,0.0,0.0,0.0,0,0-2-1-3
independent,3456,vehicle_id_permuted,9,8.597968,0.75,5,4,4,174.11440896987915,474.4277000427246,279.14479875564575,0.5837168127298356,0.6690869,672.00006,10,159,6.941788333336755,33.597973,25.000004,65.91539999999962,0.5,0.5068892240524292,uniform,uniform,10,0.0,0.0,0.0,0,0-2-1-3
independent,3456,vehicle_id_permuted,10,8.779374,0.85,3,3,3,153.60080848721896,466.44049644470215,222.6970972033108,0.6162158638238907,0.6290574,579.30615,10,159,6.941788333336755,23.779377,15.000003,65.91539999999962,0.5,0.5068892240524292,uniform,uniform,10,0.0,0.0,0.0,0,0-2-1-3
independent,3456,vehicle_id_permuted,11,8.454416,0.90000004,2,2,2,166.66619211435318,429.0116214752197,263.56437007586163,0.5657751560211182,0.63862866,641.7119,10,159,6.941788333336755,18.454418,10.000002,65.91539999999962,0.5,0.5068892240524292,uniform,uniform,10,0.0,0.0,0.0,0,0-2-1-3
independent,3456,vehicle_id_permuted,12,11.581268,0.85,3,3,3,168.07229077114778,476.4444351196289,297.4589101006003,0.7245430320501327,0.2566854,432.0,10,159,6.941788333336755,26.581266,14.999998,65.91539999999962,0.5,0.5068892240524292,uniform,uniform,10,0.0,0.0,0.0,0,0-2-1-3
independent,3456,vehicle_id_permuted,13,6.690263,0.7,6,6,6,116.67922432933536,389.1916751861572,213.4945055416652,0.45948585867881775,0.678935,845.78735,10,159,6.941788333336755,36.69026,30.0,65.91539999999962,0.5,0.5068892240524292,uniform,uniform,10,0.0,0.0,0.0,0,0-2-1-3
independent,3456,vehicle_id_permuted,14,9.194589,0.85,3,2,2,170.32274765126846,450.3515338897705,256.63915157318115,0.6399172425270081,0.5813542,527.99994,10,159,6.941788333336755,24.194588,14.999999,65.91539999999962,0.5,0.5068892240524292,uniform,uniform,10,0.0,0.0,0.0,0,0-2-1-3
independent,3456,vehicle_id_permuted,15,8.067699,0.75,5,5,5,93.49029815196991,479.56621170043945,192.4360315799713,0.5533040702342987,0.59170437,713.2226,10,159,6.941788333336755,33.067703,25.000004,65.91539999999962,0.5,0.5068892240524292,uniform,uniform,10,0.0,0.0,0.0,0,0-2-1-3
independent,3456,vehicle_id_permuted,16,8.542381,0.75,5,4,4,149.1511138677597,457.10211753845215,253.86618566513062,0.5552832216024399,0.7099401,687.8373,10,159,6.941788333336755,33.54238,25.0,65.91539999999962,0.5,0.5068892240524292,uniform,uniform,10,0.0,0.0,0.0,0,0-2-1-3
independent,3456,vehicle_id_permuted,17,11.074003,0.90000004,2,2,2,132.16115345557532,463.80226135253906,257.91163206100464,0.712605619430542,0.25354335,391.59955,10,159,6.941788333336755,21.074007,10.000004,65.91539999999962,0.5,0.5068892240524292,uniform,uniform,10,0.0,0.0,0.0,0,0-2-1-3
independent,3456,vehicle_id_permuted,18,7.479688,0.8,4,4,4,156.06121692806482,472.94257164001465,229.7265601158142,0.5088947743177414,0.8254715,800.03125,10,159,6.941788333336755,27.479689,20.0,65.91539999999962,0.5,0.5068892240524292,uniform,uniform,10,0.0,0.0,0.0,0,0-2-1-3
independent,3456,vehicle_id_permuted,19,8.384758,0.65000004,7,4,4,140.34948183940008,413.3310127258301,216.81468101648184,0.5098817944526672,0.7241584,749.02716,10,159,6.941788333336755,43.384754,34.999996,65.91539999999962,0.5,0.5068892240524292,uniform,uniform,10,0.0,0.0,0.0,0,0-2-1-3
independent,3456,vehicle_id_permuted,20,9.329518,0.65000004,7,6,6,160.06323296290176,389.1347122192383,234.9581474524278,0.5552011728286743,0.6216022,662.0139,10,159,6.941788333336755,44.329517,35.0,65.91539999999962,0.5,0.5068892240524292,uniform,uniform,10,0.0,0.0,0.0,0,0-2-1-3
independent,3456,vehicle_id_permuted,21,7.2407765,0.75,5,3,3,169.64518857002258,450.1635932922363,266.5593681335449,0.5089307755231858,0.7731898,779.92236,10,159,6.941788333336755,32.240776,25.0,65.91539999999962,0.5,0.5068892240524292,uniform,uniform,10,0.0,0.0,0.0,0,0-2-1-3
independent,3456,vehicle_id_permuted,22,9.14549,0.7,6,6,6,183.92579095704215,465.0581932067871,261.42750927380155,0.5596912443637848,0.6295462,686.4511,10,159,6.941788333336755,39.145493,30.000004,65.91539999999962,0.5,0.5068892240524292,uniform,uniform,10,0.0,0.0,0.0,0,0-2-1-3
independent,3456,vehicle_id_permuted,23,7.8231754,0.75,5,5,5,135.04783952236176,478.6736011505127,249.67961144447327,0.5516843616962432,0.7680483,776.6825,10,159,6.941788333336755,32.823177,25.000002,65.91539999999962,0.5,0.5068892240524292,uniform,uniform,10,0.0,0.0,0.0,0,0-2-1-3
independent,3456,vehicle_id_permuted,24,9.04136,0.75,5,4,4,113.8321704864502,474.9456024169922,217.31936979293823,0.6173632383346558,0.6051495,585.6083,10,159,6.941788333336755,34.04136,25.0,65.91539999999962,0.5,0.5068892240524292,uniform,uniform,10,0.0,0.0,0.0,0,0-2-1-3
independent,3456,vehicle_id_permuted,25,9.202005,0.6,8,7,7,107.93254554271698,466.4028739929199,250.54320842027664,0.542918199300766,0.5273183,720.00006,10,159,6.941788333336755,49.202003,40.0,65.91539999999962,0.5,0.5068892240524292,uniform,uniform,10,0.0,0.0,0.0,0,0-2-1-3
independent,3456,vehicle_id_permuted,26,8.393644,0.75,5,5,5,152.2999701499939,470.28937339782715,260.6856265068054,0.5698307037353516,0.63968205,708.63556,10,159,6.941788333336755,33.393646,25.000002,65.91539999999962,0.5,0.5068892240524292,uniform,uniform,10,0.0,0.0,0.0,0,0-2-1-3
independent,3456,vehicle_id_permuted,27,7.220457,0.8,4,3,3,165.4900647327304,479.4789218902588,261.88099198043346,0.5363888770341874,0.6431803,748.7839,10,159,6.941788333336755,27.220453,19.999996,65.91539999999962,0.5,0.5068892240524292,uniform,uniform,10,0.0,0.0,0.0,0,0-2-1-3
independent,3456,vehicle_id_permuted,28,7.6451416,0.8,4,4,4,134.51096780598164,476.28687858581543,234.8503578454256,0.5694649010896683,0.69605374,678.9143,10,159,6.941788333336755,27.645142,20.0,65.91539999999962,0.5,0.5068892240524292,uniform,uniform,10,0.0,0.0,0.0,0,0-2-1-3
independent,3456,vehicle_id_permuted,29,9.204947,0.7,6,6,6,155.5329430103302,476.8268394470215,259.72376142229353,0.5595425307750702,0.6399347,698.5053,10,159,6.941788333336755,39.204952,30.000004,65.91539999999962,0.5,0.5068892240524292,uniform,uniform,10,0.0,0.0,0.0,0,0-2-1-3
independent,3456,vehicle_id_permuted,30,12.276239,0.7,6,5,5,153.84086889880044,478.5640811920166,245.960670539311,0.7400434345006943,0.29965585,367.97433,10,159,6.941788333336755,42.276237,29.999998,65.91539999999962,0.5,0.5068892240524292,uniform,uniform,10,0.0,0.0,0.0,0,0-2-1-3
independent,3456,vehicle_id_permuted,31,8.327523,0.75,5,5,5,120.19217240810394,390.6313419342041,234.19423079490662,0.503951907157898,0.7355394,760.4125,10,159,6.941788333336755,33.327522,25.0,65.91539999999962,0.5,0.5068892240524292,uniform,uniform,10,0.0,0.0,0.0,0,0-2-1-3
independent,3456,vehicle_id_permuted,32,6.948742,0.75,5,4,4,156.5814208984375,441.6647529602051,229.31230640411377,0.4832220017910004,0.78175014,809.8787,10,159,6.941788333336755,31.948742,25.0,65.91539999999962,0.5,0.5068892240524292,uniform,uniform,10,0.0,0.0,0.0,0,0-2-1-3
independent,3456,vehicle_id_permuted,33,6.9316173,0.55,9,9,9,132.3191873593764,469.1835880279541,220.53219665180552,0.4257007330656052,1.0067012,947.8384,10,159,6.941788333336755,51.93162,45.000004,65.91539999999962,0.5,0.5068892240524292,uniform,uniform,10,0.0,0.0,0.0,0,0-2-1-3
independent,3456,vehicle_id_permuted,34,9.869282,0.7,6,5,5,148.31787305218833,463.1576156616211,270.04769759518757,0.5730550915002823,0.62553513,672.00006,10,159,6.941788333336755,39.86928,30.0,65.91539999999962,0.5,0.5068892240524292,uniform,uniform,10,0.0,0.0,0.0,0,0-2-1-3
independent,3456,vehicle_id_permuted,35,7.5425367,0.8,4,4,4,113.73755497857928,464.2160224914551,217.83683069050312,0.5101405322551728,0.803319,780.74646,10,159,6.941788333336755,27.542536,20.0,65.91539999999962,0.5,0.5068892240524292,uniform,uniform,10,0.0,0.0,0.0,0,0-2-1-3
independent,3456,vehicle_id_permuted,36,9.716948,0.65000004,7,7,7,143.1998202433953,371.02063179016113,208.88333448996912,0.5897318720817566,0.62677747,595.7149,10,159,6.941788333336755,44.716953,35.000008,65.91539999999962,0.5,0.5068892240524292,uniform,uniform,10,0.0,0.0,0.0,0,0-2-1-3
independent,3456,vehicle_id_permuted,37,10.650001,0.4,12,10,10,156.79834887385368,412.4495601654053,276.16620004177094,0.5750000476837158,0.6172572,624.00006,10,159,6.941788333336755,70.65001,60.000008,65.91539999999962,0.5,0.5068892240524292,uniform,uniform,10,0.0,0.0,0.0,0,0-2-1-3
independent,3456,vehicle_id_permuted,38,8.713358,0.75,5,5,5,138.1179757118225,385.4512310028076,229.6919140815735,0.5288207530975342,0.6212848,712.66425,10,159,6.941788333336755,33.713356,24.999998,65.91539999999962,0.5,0.5068892240524292,uniform,uniform,10,0.0,0.0,0.0,0,0-2-1-3
independent,3456,vehicle_id_permuted,39,9.674069,0.65000004,7,6,6,212.46467718711267,428.6715030670166,278.1568523553702,0.5706908702850342,0.6488751,632.2737,10,159,6.941788333336755,44.674072,35.000004,65.91539999999962,0.5,0.5068892240524292,uniform,uniform,10,0.0,0.0,0.0,0,0-2-1-3
independent,3456,vehicle_id_permuted,40,9.317932,0.8,4,4,4,138.72986488044262,478.1198501586914,259.0253511071205,0.6003480792045593,0.6154188,621.45166,10,159,6.941788333336755,29.317932,20.0,65.91539999999962,0.5,0.5068892240524292,uniform,uniform,10,0.0,0.0,0.0,0,0-2-1-3
independent,3456,vehicle_id_permuted,41,5.833708,0.7,6,5,5,146.33445835539274,474.7415828704834,270.5127361842564,0.4120867282152176,0.9214115,1012.78796,10,159,6.941788333336755,35.833706,29.999998,65.91539999999962,0.5,0.5068892240524292,uniform,uniform,10,0.0,0.0,0.0,0,0-2-1-3
independent,3456,vehicle_id_permuted,42,6.507406,0.8,4,3,3,123.62829890102148,465.82305908203125,241.47320240736008,0.5070644557476044,0.718845,788.25946,10,159,6.941788333336755,26.507406,20.0,65.91539999999962,0.5,0.5068892240524292,uniform,uniform,10,0.0,0.0,0.0,0,0-2-1-3
independent,3456,vehicle_id_permuted,43,8.637093,0.65000004,7,5,5,118.1182273534628,425.8989143371582,218.62685900468094,0.5489465594291687,0.65644634,674.02277,10,159,6.941788333336755,43.63709,34.999996,65.91539999999962,0.5,0.5068892240524292,uniform,uniform,10,0.0,0.0,0.0,0,0-2-1-3
independent,3456,vehicle_id_permuted,44,9.309999,0.7,6,6,6,148.24116733457362,468.1819725036621,261.5249483074461,0.5796804904937745,0.6566438,672.00006,10,159,6.941788333336755,39.31,30.000002,65.91539999999962,0.5,0.5068892240524292,uniform,uniform,10,0.0,0.0,0.0,0,0-2-1-3
independent,3456,vehicle_id_permuted,45,10.400263,0.8,4,4,4,133.74008640646935,406.03434562683105,207.24728263914585,0.6338678598403931,0.4557934,510.97366,10,159,6.941788333336755,30.400265,20.000002,65.91539999999962,0.5,0.5068892240524292,uniform,uniform,10,0.0,0.0,0.0,0,0-2-1-3
independent,3456,vehicle_id_permuted,46,7.2763214,0.85,3,3,3,119.52883327708525,465.2929401397705,227.21456387463738,0.5583085507154465,0.60704035,689.3407,10,159,6.941788333336755,22.276321,15.0,65.91539999999962,0.5,0.5068892240524292,uniform,uniform,10,0.0,0.0,0.0,0,0-2-1-3
independent,3456,vehicle_id_permuted,47,9.969999,0.7,6,5,5,156.22811845370703,453.4837245941162,280.2867607559477,0.5861894875764847,0.5251276,624.00006,10,159,6.941788333336755,39.969997,29.999998,65.91539999999962,0.5,0.5068892240524292,uniform,uniform,10,0.0,0.0,0.0,0,0-2-1-3
independent,3456,vehicle_id_permuted,48,9.241984,0.6,8,5,5,147.18422174453735,425.4378604888916,243.30091685056686,0.5250000357627869,0.67457336,720.00006,10,159,6.941788333336755,49.24199,40.000004,65.91539999999962,0.5,0.5068892240524292,uniform,uniform,10,0.0,0.0,0.0,0,0-2-1-3
independent,3456,vehicle_id_permuted,49,8.251617,0.75,5,4,4,118.90170323848724,473.8117790222168,232.29261708259583,0.5748221218585968,0.6505807,666.1534,10,159,6.941788333336755,33.25162,25.000004,65.91539999999962,0.5,0.5068892240524292,uniform,uniform,10,0.0,0.0,0.0,0,0-2-1-3
independent,3456,vehicle_id_permuted,50,9.424467,0.7,6,6,6,149.68880934374673,477.67215728759766,267.57374933787753,0.6040980249643326,0.6351612,624.00006,10,159,6.941788333336755,39.424465,29.999998,65.91539999999962,0.5,0.5068892240524292,uniform,uniform,10,0.0,0.0,0.0,0,0-2-1-3
independent,3456,vehicle_id_permuted,51,8.433635,0.75,5,5,5,156.73458409309387,471.2372875213623,259.4182415008545,0.5971879750490189,0.6245235,620.6365,10,159,6.941788333336755,33.433636,25.0,65.91539999999962,0.5,0.5068892240524292,uniform,uniform,10,0.0,0.0,0.0,0,0-2-1-3
independent,3456,vehicle_id_permuted,52,9.520409,0.85,3,3,3,178.88685422785142,444.65572357177734,252.97996906673208,0.6079159021377564,0.58901995,573.45734,10,159,6.941788333336755,24.520409,15.0,65.91539999999962,0.5,0.5068892240524292,uniform,uniform,10,0.0,0.0,0.0,0,0-2-1-3
independent,3456,vehicle_id_permuted,53,8.564871,0.8,4,2,2,132.56021976470947,460.59725761413574,246.53737977147102,0.5736035495996475,0.6284135,655.2785,10,159,6.941788333336755,28.564873,20.000002,65.91539999999962,0.5,0.5068892240524292,uniform,uniform,10,0.0,0.0,0.0,0,0-2-1-3
independent,3456,vehicle_id_permuted,54,6.4639897,0.75,5,4,4,162.8921514749527,434.8437309265137,221.64693403244019,0.4535251796245575,0.79535437,860.07556,10,159,6.941788333336755,31.46399,25.0,65.91539999999962,0.5,0.5068892240524292,uniform,uniform,10,0.0,0.0,0.0,0,0-2-1-3
independent,3456,vehicle_id_permuted,55,12.02,0.90000004,2,2,2,161.87558035055795,455.4101085662842,265.9737281004588,0.7199538230895997,0.29574746,383.99997,10,159,6.941788333336755,22.020004,10.000004,65.91539999999962,0.5,0.5068892240524292,uniform,uniform,10,0.0,0.0,0.0,0,0-2-1-3
independent,3456,vehicle_id_permuted,56,9.344518,0.7,6,4,4,107.32195053781781,375.75822830200195,212.74632019656045,0.5700269937515259,0.6333323,633.5482,10,159,6.941788333336755,39.34452,30.000004,65.91539999999962,0.5,0.5068892240524292,uniform,uniform,10,0.0,0.0,0.0,0,0-2-1-3
independent,3456,vehicle_id_permuted,57,9.566265,0.7,6,6,6,179.3548881156104,436.1148262023926,284.8364161593573,0.5521432101726532,0.56350464,672.00006,10,159,6.941788333336755,39.566265,30.0,65.91539999999962,0.5,0.5068892240524292,uniform,uniform,10,0.0,0.0,0.0,0,0-2-1-3
independent,3456,vehicle_id_permuted,58,8.563418,0.55,9,8,8,164.8360562324524,447.79048919677734,285.3376319191673,0.48322429656982424,0.83428437,816.00006,10,159,6.941788333336755,53.563423,45.000004,65.91539999999962,0.5,0.5068892240524292,uniform,uniform,10,0.0,0.0,0.0,0,0-2-1-3
independent,3456,vehicle_id_permuted,59,9.345766,0.65000004,7,7,7,148.47905626663794,399.7109127044678,246.10511486346905,0.5600212812423706,0.6398028,652.75934,10,159,6.941788333336755,44.345764,35.0,65.91539999999962,0.5,0.5068892240524292,uniform,uniform,10,0.0,0.0,0.0,0,0-2-1-3
independent,3456,vehicle_id_permuted,0,10.342005,1.0,0,0,0,167.22130626440048,476.1464595794678,219.2664806842804,0.7121687561273575,0.39521524,407.82843,10,159,7.351203333333937,10.342004,-9.536743e-07,68.19166500000004,0.5,0.5068892240524292,uniform,uniform,10,0.0,0.0,0.0,1,2-0-3-1
independent,3456,vehicle_id_permuted,1,9.67,0.65000004,7,6,6,153.6674381677921,479.4942855834961,284.11974769372205,0.6025130271911621,0.64996696,672.00006,10,159,7.351203333333937,44.670006,35.000008,68.19166500000004,0.5,0.5068892240524292,uniform,uniform,10,0.0,0.0,0.0,1,2-0-3-1
independent,3456,vehicle_id_permuted,2,9.926357,0.65000004,7,7,7,182.17749540622418,447.04590797424316,261.508621435899,0.5828364580869675,0.5066987,624.00006,10,159,7.351203333333937,44.926353,34.999996,68.19166500000004,0.5,0.5068892240524292,uniform,uniform,10,0.0,0.0,0.0,1,2-0-3-1
independent,3456,vehicle_id_permuted,3,6.980609,0.6,8,8,8,156.2908624112606,443.6198043823242,287.29187846183777,0.4486900895833969,0.73793,887.14343,10,159,7.351203333333937,46.98061,40.0,68.19166500000004,0.5,0.5068892240524292,uniform,uniform,10,0.0,0.0,0.0,1,2-0-3-1
independent,3456,vehicle_id_permuted,4,8.361804,0.75,5,5,5,127.18433284759521,467.12419509887695,269.4693512916565,0.5572320699691773,0.69722825,720.00006,10,159,7.351203333333937,33.361805,25.0,68.19166500000004,0.5,0.5068892240524292,uniform,uniform,10,0.0,0.0,0.0,1,2-0-3-1
independent,3456,vehicle_id_permuted,5,8.928733,0.7,6,5,5,128.2926202246121,466.11928939819336,257.7515264919826,0.5781212389469147,0.6382247,652.1266,10,159,7.351203333333937,38.928726,29.999992,68.19166500000004,0.5,0.5068892240524292,uniform,uniform,10,0.0,0.0,0.0,1,2-0-3-1
independent,3456,vehicle_id_permuted,6,9.482162,0.90000004,2,2,2,142.40153749783835,438.24331283569336,216.77163243293762,0.6232157289981842,0.5812917,537.6692,10,159,7.351203333333937,19.482157,9.999994,68.19166500000004,0.5,0.5068892240524292,uniform,uniform,10,0.0,0.0,0.0,1,2-0-3-1
independent,3456,vehicle_id_permuted,7,7.6442776,0.8,4,3,3,143.61185878515244,457.6169013977051,239.18243676424026,0.5250233352184296,0.7533347,745.57214,10,159,7.351203333333937,27.644278,20.0,68.19166500000004,0.5,0.5068892240524292,uniform,uniform,10,0.0,0.0,0.0,1,2-0-3-1
independent,3456,vehicle_id_permuted,8,10.655814,0.7,6,6,6,164.77044620684214,371.8383979797363,215.03018157822746,0.618080198764801,0.5778974,541.2862,10,159,7.351203333333937,40.65582,30.000004,68.19166500000004,0.5,0.5068892240524292,uniform,uniform,10,0.0,0.0,0.0,1,2-0-3-1
independent,3456,vehicle_id_permuted,9,8.597968,0.75,5,4,4,174.11440896987915,474.4277000427246,279.14479875564575,0.5837168127298356,0.6690869,672.00006,10,159,7.351203333333937,33.597973,25.000004,68.19166500000004,0.5,0.5068892240524292,uniform,uniform,10,0.0,0.0,0.0,1,2-0-3-1
independent,3456,vehicle_id_permuted,10,8.779374,0.85,3,3,3,153.60080848721896,466.44049644470215,222.6970972033108,0.6162158638238907,0.6290574,579.30615,10,159,7.351203333333937,23.779375,15.000001,68.19166500000004,0.5,0.5068892240524292,uniform,uniform,10,0.0,0.0,0.0,1,2-0-3-1
independent,3456,vehicle_id_permuted,11,8.454416,0.90000004,2,2,2,166.66619211435318,429.0116214752197,263.56437007586163,0.5657751560211182,0.63862866,641.7119,10,159,7.351203333333937,18.454418,10.000002,68.19166500000004,0.5,0.5068892240524292,uniform,uniform,10,0.0,0.0,0.0,1,2-0-3-1
independent,3456,vehicle_id_permuted,12,11.581268,0.85,3,3,3,168.07229077114778,476.4444351196289,297.4589101006003,0.7245430320501327,0.2566854,432.0,10,159,7.351203333333937,26.581266,14.999998,68.19166500000004,0.5,0.5068892240524292,uniform,uniform,10,0.0,0.0,0.0,1,2-0-3-1
independent,3456,vehicle_id_permuted,13,6.690263,0.7,6,6,6,116.67922432933536,389.1916751861572,213.4945055416652,0.45948585867881775,0.678935,845.78735,10,159,7.351203333333937,36.69026,30.0,68.19166500000004,0.5,0.5068892240524292,uniform,uniform,10,0.0,0.0,0.0,1,2-0-3-1
independent,3456,vehicle_id_permuted,14,9.194589,0.85,3,2,2,170.32274765126846,450.3515338897705,256.63915157318115,0.6399172425270081,0.5813542,527.99994,10,159,7.351203333333937,24.194592,15.000003,68.19166500000004,0.5,0.5068892240524292,uniform,uniform,10,0.0,0.0,0.0,1,2-0-3-1
independent,3456,vehicle_id_permuted,15,8.067699,0.75,5,5,5,93.49029815196991,479.56621170043945,192.4360315799713,0.5533040702342987,0.59170437,713.2226,10,159,7.351203333333937,33.067703,25.000004,68.19166500000004,0.5,0.5068892240524292,uniform,uniform,10,0.0,0.0,0.0,1,2-0-3-1
independent,3456,vehicle_id_permuted,16,8.542381,0.75,5,4,4,149.1511138677597,457.10211753845215,253.86618566513062,0.5552832216024399,0.7099401,687.8373,10,159,7.351203333333937,33.54238,25.0,68.19166500000004,0.5,0.5068892240524292,uniform,uniform,10,0.0,0.0,0.0,1,2-0-3-1
independent,3456,vehicle_id_permuted,17,11.074003,0.90000004,2,2,2,132.16115345557532,463.80226135253906,257.91163206100464,0.712605619430542,0.25354335,391.59955,10,159,7.351203333333937,21.074005,10.000002,68.19166500000004,0.5,0.5068892240524292,uniform,uniform,10,0.0,0.0,0.0,1,2-0-3-1
independent,3456,vehicle_id_permuted,18,7.479688,0.8,4,4,4,156.06121692806482,472.94257164001465,229.7265601158142,0.5088947743177414,0.8254715,800.03125,10,159,7.351203333333937,27.47969,20.000002,68.19166500000004,0.5,0.5068892240524292,uniform,uniform,10,0.0,0.0,0.0,1,2-0-3-1
independent,3456,vehicle_id_permuted,19,8.384758,0.65000004,7,4,4,140.34948183940008,413.3310127258301,216.81468101648184,0.5098817944526672,0.7241584,749.02716,10,159,7.351203333333937,43.384754,34.999996,68.19166500000004,0.5,0.5068892240524292,uniform,uniform,10,0.0,0.0,0.0,1,2-0-3-1
independent,3456,vehicle_id_permuted,20,9.329518,0.65000004,7,6,6,160.06323296290176,389.1347122192383,234.9581474524278,0.5552011728286743,0.6216022,662.0139,10,159,7.351203333333937,44.329517,35.0,68.19166500000004,0.5,0.5068892240524292,uniform,uniform,10,0.0,0.0,0.0,1,2-0-3-1
independent,3456,vehicle_id_permuted,21,7.2407765,0.75,5,3,3,169.64518857002258,450.1635932922363,266.5593681335449,0.5089307755231858,0.7731897,779.92236,10,159,7.351203333333937,32.240776,25.0,68.19166500000004,0.5,0.5068892240524292,uniform,uniform,10,0.0,0.0,0.0,1,2-0-3-1
independent,3456,vehicle_id_permuted,22,9.14549,0.7,6,6,6,183.92579095704215,465.0581932067871,261.42750927380155,0.5596912443637848,0.6295462,686.4511,10,159,7.351203333333937,39.145493,30.000004,68.19166500000004,0.5,0.5068892240524292,uniform,uniform,10,0.0,0.0,0.0,1,2-0-3-1
independent,3456,vehicle_id_permuted,23,7.8231754,0.75,5,5,5,135.04783952236176,478.6736011505127,249.67961144447327,0.5516843616962432,0.7680483,776.6825,10,159,7.351203333333937,32.823177,25.000002,68.19166500000004,0.5,0.5068892240524292,uniform,uniform,10,0.0,0.0,0.0,1,2-0-3-1
independent,3456,vehicle_id_permuted,24,9.04136,0.75,5,4,4,113.8321704864502,474.9456024169922,217.31936979293823,0.6173632383346558,0.6051495,585.6083,10,159,7.351203333333937,34.04136,25.0,68.19166500000004,0.5,0.5068892240524292,uniform,uniform,10,0.0,0.0,0.0,1,2-0-3-1
independent,3456,vehicle_id_permuted,25,9.202005,0.6,8,7,7,107.93254554271698,466.4028739929199,250.54320842027664,0.542918199300766,0.5273183,720.00006,10,159,7.351203333333937,49.202003,40.0,68.19166500000004,0.5,0.5068892240524292,uniform,uniform,10,0.0,0.0,0.0,1,2-0-3-1
independent,3456,vehicle_id_permuted,26,8.393644,0.75,5,5,5,152.2999701499939,470.28937339782715,260.6856265068054,0.5698307037353516,0.63968205,708.63556,10,159,7.351203333333937,33.393646,25.000002,68.19166500000004,0.5,0.5068892240524292,uniform,uniform,10,0.0,0.0,0.0,1,2-0-3-1
independent,3456,vehicle_id_permuted,27,7.220457,0.8,4,3,3,165.4900647327304,479.4789218902588,261.88099198043346,0.5363888770341874,0.6431803,748.7839,10,159,7.351203333333937,27.220453,19.999996,68.19166500000004,0.5,0.5068892240524292,uniform,uniform,10,0.0,0.0,0.0,1,2-0-3-1
independent,3456,vehicle_id_permuted,28,7.6451416,0.8,4,4,4,134.51096780598164,476.28687858581543,234.8503578454256,0.5694649010896683,0.69605374,678.9143,10,159,7.351203333333937,27.645142,20.0,68.19166500000004,0.5,0.5068892240524292,uniform,uniform,10,0.0,0.0,0.0,1,2-0-3-1
independent,3456,vehicle_id_permuted,29,9.204947,0.7,6,6,6,155.5329430103302,476.8268394470215,259.72376142229353,0.5595425307750702,0.6399347,698.5053,10,159,7.351203333333937,39.204952,30.000004,68.19166500000004,0.5,0.5068892240524292,uniform,uniform,10,0.0,0.0,0.0,1,2-0-3-1
independent,3456,vehicle_id_permuted,30,12.276239,0.7,6,5,5,153.84086889880044,478.5640811920166,245.960670539311,0.7400434345006943,0.29965585,367.97433,10,159,7.351203333333937,42.276234,29.999994,68.19166500000004,0.5,0.5068892240524292,uniform,uniform,10,0.0,0.0,0.0,1,2-0-3-1
independent,3456,vehicle_id_permuted,31,8.327523,0.75,5,5,5,120.19217240810394,390.6313419342041,234.19423079490662,0.503951907157898,0.7355394,760.4125,10,159,7.351203333333937,33.327522,25.0,68.19166500000004,0.5,0.5068892240524292,uniform,uniform,10,0.0,0.0,0.0,1,2-0-3-1
independent,3456,vehicle_id_permuted,32,6.948742,0.75,5,4,4,156.5814208984375,441.6647529602051,229.31230640411377,0.4832220017910004,0.78175014,809.8787,10,159,7.351203333333937,31.948742,25.0,68.19166500000004,0.5,0.5068892240524292,uniform,uniform,10,0.0,0.0,0.0,1,2-0-3-1
independent,3456,vehicle_id_permuted,33,6.9316173,0.55,9,9,9,132.3191873593764,469.1835880279541,220.53219665180552,0.4257007330656052,1.0067012,947.8384,10,159,7.351203333333937,51.93162,45.000004,68.19166500000004,0.5,0.5068892240524292,uniform,uniform,10,0.0,0.0,0.0,1,2-0-3-1
independent,3456,vehicle_id_permuted,34,9.869282,0.7,6,5,5,148.31787305218833,463.1576156616211,270.04769759518757,0.5730550915002823,0.6255352,672.00006,10,159,7.351203333333937,39.86928,30.0,68.19166500000004,0.5,0.5068892240524292,uniform,uniform,10,0.0,0.0,0.0,1,2-0-3-1
independent,3456,vehicle_id_permuted,35,7.5425367,0.8,4,4,4,113.73755497857928,464.2160224914551,217.83683069050312,0.5101405322551728,0.803319,780.74646,10,159,7.351203333333937,27.542534,19.999996,68.19166500000004,0.5,0.5068892240524292,uniform,uniform,10,0.0,0.0,0.0,1,2-0-3-1
independent,3456,vehicle_id_permuted,36,9.716948,0.65000004,7,7,7,143.1998202433953,371.02063179016113,208.88333448996912,0.5897318720817566,0.62677747,595.7149,10,159,7.351203333333937,44.716953,35.000008,68.19166500000004,0.5,0.5068892240524292,uniform,uniform,10,0.0,0.0,0.0,1,2-0-3-1
independent,3456,vehicle_id_permuted,37,10.650001,0.4,12,10,10,156.79834887385368,412.4495601654053,276.16620004177094,0.5750000476837158,0.6172572,624.00006,10,159,7.351203333333937,70.65,60.0,68.19166500000004,0.5,0.5068892240524292,uniform,uniform,10,0.0,0.0,0.0,1,2-0-3-1
independent,3456,vehicle_id_permuted,38,8.713358,0.75,5,5,5,138.1179757118225,385.4512310028076,229.6919140815735,0.5288207530975342,0.6212848,712.66425,10,159,7.351203333333937,33.713356,24.999998,68.19166500000004,0.5,0.5068892240524292,uniform,uniform,10,0.0,0.0,0.0,1,2-0-3-1
independent,3456,vehicle_id_permuted,39,9.674069,0.65000004,7,6,6,212.46467718711267,428.6715030670166,278.1568523553702,0.5706908702850342,0.6488751,632.2737,10,159,7.351203333333937,44.674072,35.000004,68.19166500000004,0.5,0.5068892240524292,uniform,uniform,10,0.0,0.0,0.0,1,2-0-3-1
independent,3456,vehicle_id_permuted,40,9.317932,0.8,4,4,4,138.72986488044262,478.1198501586914,259.0253511071205,0.6003480792045593,0.61541885,621.45166,10,159,7.351203333333937,29.31793,19.999998,68.19166500000004,0.5,0.5068892240524292,uniform,uniform,10,0.0,0.0,0.0,1,2-0-3-1
independent,3456,vehicle_id_permuted,41,5.833708,0.7,6,5,5,146.33445835539274,474.7415828704834,270.5127361842564,0.4120867282152176,0.9214115,1012.78796,10,159,7.351203333333937,35.833706,29.999998,68.19166500000004,0.5,0.5068892240524292,uniform,uniform,10,0.0,0.0,0.0,1,2-0-3-1
independent,3456,vehicle_id_permuted,42,6.507406,0.8,4,3,3,123.62829890102148,465.82305908203125,241.47320240736008,0.5070644557476044,0.718845,788.25946,10,159,7.351203333333937,26.507406,20.0,68.19166500000004,0.5,0.5068892240524292,uniform,uniform,10,0.0,0.0,0.0,1,2-0-3-1
independent,3456,vehicle_id_permuted,43,8.637093,0.65000004,7,5,5,118.1182273534628,425.8989143371582,218.62685900468094,0.5489465594291687,0.65644634,674.02277,10,159,7.351203333333937,43.63709,34.999996,68.19166500000004,0.5,0.5068892240524292,uniform,uniform,10,0.0,0.0,0.0,1,2-0-3-1
independent,3456,vehicle_id_permuted,44,9.309999,0.7,6,6,6,148.24116733457362,468.1819725036621,261.5249483074461,0.5796804904937745,0.6566438,672.00006,10,159,7.351203333333937,39.31,30.000002,68.19166500000004,0.5,0.5068892240524292,uniform,uniform,10,0.0,0.0,0.0,1,2-0-3-1
independent,3456,vehicle_id_permuted,45,10.400263,0.8,4,4,4,133.74008640646935,406.03434562683105,207.24728263914585,0.6338678598403931,0.4557934,510.97366,10,159,7.351203333333937,30.400265,20.000002,68.19166500000004,0.5,0.5068892240524292,uniform,uniform,10,0.0,0.0,0.0,1,2-0-3-1
independent,3456,vehicle_id_permuted,46,7.2763214,0.85,3,3,3,119.52883327708525,465.2929401397705,227.21456387463738,0.5583085507154465,0.60704035,689.3407,10,159,7.351203333333937,22.276321,15.0,68.19166500000004,0.5,0.5068892240524292,uniform,uniform,10,0.0,0.0,0.0,1,2-0-3-1
independent,3456,vehicle_id_permuted,47,9.969999,0.7,6,5,5,156.22811845370703,453.4837245941162,280.2867607559477,0.5861894875764847,0.5251277,624.00006,10,159,7.351203333333937,39.97,30.000002,68.19166500000004,0.5,0.5068892240524292,uniform,uniform,10,0.0,0.0,0.0,1,2-0-3-1
independent,3456,vehicle_id_permuted,48,9.241984,0.6,8,5,5,147.18422174453735,425.4378604888916,243.30091685056686,0.5250000357627869,0.67457336,720.00006,10,159,7.351203333333937,49.24199,40.000004,68.19166500000004,0.5,0.5068892240524292,uniform,uniform,10,0.0,0.0,0.0,1,2-0-3-1
independent,3456,vehicle_id_permuted,49,8.251617,0.75,5,4,4,118.90170323848724,473.8117790222168,232.29261708259583,0.5748221218585968,0.6505807,666.1534,10,159,7.351203333333937,33.251617,25.0,68.19166500000004,0.5,0.5068892240524292,uniform,uniform,10,0.0,0.0,0.0,1,2-0-3-1
independent,3456,vehicle_id_permuted,50,9.424467,0.7,6,6,6,149.68880934374673,477.67215728759766,267.57374933787753,0.6040980249643326,0.6351612,624.00006,10,159,7.351203333333937,39.424465,29.999998,68.19166500000004,0.5,0.5068892240524292,uniform,uniform,10,0.0,0.0,0.0,1,2-0-3-1
independent,3456,vehicle_id_permuted,51,8.433635,0.75,5,5,5,156.73458409309387,471.2372875213623,259.4182415008545,0.5971879750490189,0.6245235,620.6365,10,159,7.351203333333937,33.43363,24.999996,68.19166500000004,0.5,0.5068892240524292,uniform,uniform,10,0.0,0.0,0.0,1,2-0-3-1
independent,3456,vehicle_id_permuted,52,9.520409,0.85,3,3,3,178.88685422785142,444.65572357177734,252.97996906673208,0.6079159021377564,0.58901995,573.45734,10,159,7.351203333333937,24.52041,15.000002,68.19166500000004,0.5,0.5068892240524292,uniform,uniform,10,0.0,0.0,0.0,1,2-0-3-1
independent,3456,vehicle_id_permuted,53,8.564871,0.8,4,2,2,132.56021976470947,460.59725761413574,246.53737977147102,0.5736035495996475,0.6284135,655.2785,10,159,7.351203333333937,28.564873,20.000002,68.19166500000004,0.5,0.5068892240524292,uniform,uniform,10,0.0,0.0,0.0,1,2-0-3-1
independent,3456,vehicle_id_permuted,54,6.4639897,0.75,5,4,4,162.8921514749527,434.8437309265137,221.64693403244019,0.4535251796245575,0.79535437,860.07556,10,159,7.351203333333937,31.46399,25.0,68.19166500000004,0.5,0.5068892240524292,uniform,uniform,10,0.0,0.0,0.0,1,2-0-3-1
independent,3456,vehicle_id_permuted,55,12.02,0.90000004,2,2,2,161.87558035055795,455.4101085662842,265.9737281004588,0.7199538230895997,0.29574746,383.99997,10,159,7.351203333333937,22.020002,10.000002,68.19166500000004,0.5,0.5068892240524292,uniform,uniform,10,0.0,0.0,0.0,1,2-0-3-1
independent,3456,vehicle_id_permuted,56,9.344518,0.7,6,4,4,107.32195053781781,375.75822830200195,212.74632019656045,0.5700269937515259,0.6333323,633.5482,10,159,7.351203333333937,39.34452,30.000004,68.19166500000004,0.5,0.5068892240524292,uniform,uniform,10,0.0,0.0,0.0,1,2-0-3-1
independent,3456,vehicle_id_permuted,57,9.566265,0.7,6,6,6,179.3548881156104,436.1148262023926,284.8364161593573,0.5521432101726532,0.56350464,672.00006,10,159,7.351203333333937,39.56627,30.000004,68.19166500000004,0.5,0.5068892240524292,uniform,uniform,10,0.0,0.0,0.0,1,2-0-3-1
independent,3456,vehicle_id_permuted,58,8.563418,0.55,9,8,8,164.8360562324524,447.79048919677734,285.3376319191673,0.48322429656982424,0.83428437,816.00006,10,159,7.351203333333937,53.563423,45.000004,68.19166500000004,0.5,0.5068892240524292,uniform,uniform,10,0.0,0.0,0.0,1,2-0-3-1
independent,3456,vehicle_id_permuted,59,9.345766,0.65000004,7,7,7,148.47905626663794,399.7109127044678,246.10511486346905,0.5600212812423706,0.6398028,652.75934,10,159,7.351203333333937,44.345764,35.0,68.19166500000004,0.5,0.5068892240524292,uniform,uniform,10,0.0,0.0,0.0,1,2-0-3-1
independent,3456,vehicle_id_permuted,0,10.342005,1.0,0,0,0,167.22130626440048,476.1464595794678,219.2664806842804,0.7121687561273575,0.39521524,407.82843,10,159,7.119921666670355,10.342005,0.0,67.1290883333332,0.5,0.5068892240524292,uniform,uniform,10,0.0,0.0,0.0,2,0-2-3-1
independent,3456,vehicle_id_permuted,1,9.67,0.65000004,7,6,6,153.6674381677921,479.4942855834961,284.11974769372205,0.6025130271911621,0.64996696,672.00006,10,159,7.119921666670355,44.670006,35.000008,67.1290883333332,0.5,0.5068892240524292,uniform,uniform,10,0.0,0.0,0.0,2,0-2-3-1
independent,3456,vehicle_id_permuted,2,9.926357,0.65000004,7,7,7,182.17749540622418,447.04590797424316,261.508621435899,0.5828364580869675,0.5066987,624.00006,10,159,7.119921666670355,44.926353,34.999996,67.1290883333332,0.5,0.5068892240524292,uniform,uniform,10,0.0,0.0,0.0,2,0-2-3-1
independent,3456,vehicle_id_permuted,3,6.980609,0.6,8,8,8,156.2908624112606,443.6198043823242,287.29187846183777,0.4486900895833969,0.73793,887.14343,10,159,7.119921666670355,46.98061,40.0,67.1290883333332,0.5,0.5068892240524292,uniform,uniform,10,0.0,0.0,0.0,2,0-2-3-1
independent,3456,vehicle_id_permuted,4,8.361804,0.75,5,5,5,127.18433284759521,467.12419509887695,269.4693512916565,0.5572320699691773,0.69722825,720.00006,10,159,7.119921666670355,33.3618,24.999996,67.1290883333332,0.5,0.5068892240524292,uniform,uniform,10,0.0,0.0,0.0,2,0-2-3-1
independent,3456,vehicle_id_permuted,5,8.928733,0.7,6,5,5,128.2926202246121,466.11928939819336,257.7515264919826,0.5781212389469147,0.6382247,652.1266,10,159,7.119921666670355,38.928726,29.999992,67.1290883333332,0.5,0.5068892240524292,uniform,uniform,10,0.0,0.0,0.0,2,0-2-3-1
independent,3456,vehicle_id_permuted,6,9.482162,0.90000004,2,2,2,142.40153749783835,438.24331283569336,216.77163243293762,0.6232157289981842,0.5812917,537.6692,10,159,7.119921666670355,19.482157,9.999994,67.1290883333332,0.5,0.5068892240524292,uniform,uniform,10,0.0,0.0,0.0,2,0-2-3-1
independent,3456,vehicle_id_permuted,7,7.6442776,0.8,4,3,3,143.61185878515244,457.6169013977051,239.18243676424026,0.5250233352184296,0.7533347,745.57214,10,159,7.119921666670355,27.644278,20.0,67.1290883333332,0.5,0.5068892240524292,uniform,uniform,10,0.0,0.0,0.0,2,0-2-3-1
independent,3456,vehicle_id_permuted,8,10.655814,0.7,6,6,6,164.77044620684214,371.8383979797363,215.03018157822746,0.618080198764801,0.5778974,541.2862,10,159,7.119921666670355,40.65582,30.000004,67.1290883333332,0.5,0.5068892240524292,uniform,uniform,10,0.0,0.0,0.0,2,0-2-3-1
independent,3456,vehicle_id_permuted,9,8.597968,0.75,5,4,4,174.11440896987915,474.4277000427246,279.14479875564575,0.5837168127298356,0.6690869,672.00006,10,159,7.119921666670355,33.597973,25.000004,67.1290883333332,0.5,0.5068892240524292,uniform,uniform,10,0.0,0.0,0.0,2,0-2-3-1
independent,3456,vehicle_id_permuted,10,8.779374,0.85,3,3,3,153.60080848721896,466.44049644470215,222.6970972033108,0.6162158638238907,0.6290574,579.30615,10,159,7.119921666670355,23.779377,15.000003,67.1290883333332,0.5,0.5068892240524292,uniform,uniform,10,0.0,0.0,0.0,2,0-2-3-1
independent,3456,vehicle_id_permuted,11,8.454416,0.90000004,2,2,2,166.66619211435318,429.0116214752197,263.56437007586163,0.5657751560211182,0.63862866,641.7119,10,159,7.119921666670355,18.454418,10.000002,67.1290883333332,0.5,0.5068892240524292,uniform,uniform,10,0.0,0.0,0.0,2,0-2-3-1
independent,3456,vehicle_id_permuted,12,11.581268,0.85,3,3,3,168.07229077114778,476.4444351196289,297.4589101006003,0.7245430320501327,0.2566854,432.0,10,159,7.119921666670355,26.581266,14.999998,67.1290883333332,0.5,0.5068892240524292,uniform,uniform,10,0.0,0.0,0.0,2,0-2-3-1
independent,3456,vehicle_id_permuted,13,6.690263,0.7,6,6,6,116.67922432933536,389.1916751861572,213.4945055416652,0.45948585867881775,0.678935,845.78735,10,159,7.119921666670355,36.69026,30.0,67.1290883333332,0.5,0.5068892240524292,uniform,uniform,10,0.0,0.0,0.0,2,0-2-3-1
independent,3456,vehicle_id_permuted,14,9.194589,0.85,3,2,2,170.32274765126846,450.3515338897705,256.63915157318115,0.6399172425270081,0.5813542,527.99994,10,159,7.119921666670355,24.194588,14.999999,67.1290883333332,0.5,0.5068892240524292,uniform,uniform,10,0.0,0.0,0.0,2,0-2-3-1
independent,3456,vehicle_id_permuted,15,8.067699,0.75,5,5,5,93.49029815196991,479.56621170043945,192.4360315799713,0.5533040702342987,0.59170437,713.2226,10,159,7.119921666670355,33.067703,25.000004,67.1290883333332,0.5,0.5068892240524292,uniform,uniform,10,0.0,0.0,0.0,2,0-2-3-1
independent,3456,vehicle_id_permuted,16,8.542381,0.75,5,4,4,149.1511138677597,457.10211753845215,253.86618566513062,0.5552832216024399,0.7099401,687.8373,10,159,7.119921666670355,33.54238,25.0,67.1290883333332,0.5,0.5068892240524292,uniform,uniform,10,0.0,0.0,0.0,2,0-2-3-1
independent,3456,vehicle_id_permuted,17,11.074003,0.90000004,2,2,2,132.16115345557532,463.80226135253906,257.91163206100464,0.712605619430542,0.25354335,391.59955,10,159,7.119921666670355,21.074007,10.000004,67.1290883333332,0.5,0.5068892240524292,uniform,uniform,10,0.0,0.0,0.0,2,0-2-3-1
independent,3456,vehicle_id_permuted,18,7.479688,0.8,4,4,4,156.06121692806482,472.94257164001465,229.7265601158142,0.5088947743177414,0.8254715,800.03125,10,159,7.119921666670355,27.479689,20.0,67.1290883333332,0.5,0.5068892240524292,uniform,uniform,10,0.0,0.0,0.0,2,0-2-3-1
independent,3456,vehicle_id_permuted,19,8.384758,0.65000004,7,4,4,140.34948183940008,413.3310127258301,216.81468101648184,0.5098817944526672,0.7241584,749.02716,10,159,7.119921666670355,43.384754,34.999996,67.1290883333332,0.5,0.5068892240524292,uniform,uniform,10,0.0,0.0,0.0,2,0-2-3-1
independent,3456,vehicle_id_permuted,20,9.329518,0.65000004,7,6,6,160.06323296290176,389.1347122192383,234.9581474524278,0.5552011728286743,0.6216022,662.0139,10,159,7.119921666670355,44.329517,35.0,67.1290883333332,0.5,0.5068892240524292,uniform,uniform,10,0.0,0.0,0.0,2,0-2-3-1
independent,3456,vehicle_id_permuted,21,7.2407765,0.75,5,3,3,169.64518857002258,450.1635932922363,266.5593681335449,0.5089307755231858,0.7731897,779.92236,10,159,7.119921666670355,32.240776,25.0,67.1290883333332,0.5,0.5068892240524292,uniform,uniform,10,0.0,0.0,0.0,2,0-2-3-1
independent,3456,vehicle_id_permuted,22,9.14549,0.7,6,6,6,183.92579095704215,465.0581932067871,261.42750927380155,0.5596912443637848,0.6295462,686.4511,10,159,7.119921666670355,39.145493,30.000004,67.1290883333332,0.5,0.5068892240524292,uniform,uniform,10,0.0,0.0,0.0,2,0-2-3-1
independent,3456,vehicle_id_permuted,23,7.8231754,0.75,5,5,5,135.04783952236176,478.6736011505127,249.67961144447327,0.5516843616962432,0.7680483,776.6825,10,159,7.119921666670355,32.823177,25.000002,67.1290883333332,0.5,0.5068892240524292,uniform,uniform,10,0.0,0.0,0.0,2,0-2-3-1
independent,3456,vehicle_id_permuted,24,9.04136,0.75,5,4,4,113.8321704864502,474.9456024169922,217.31936979293823,0.6173632383346558,0.6051495,585.6083,10,159,7.119921666670355,34.04136,25.0,67.1290883333332,0.5,0.5068892240524292,uniform,uniform,10,0.0,0.0,0.0,2,0-2-3-1
independent,3456,vehicle_id_permuted,25,9.202005,0.6,8,7,7,107.93254554271698,466.4028739929199,250.54320842027664,0.542918199300766,0.5273183,720.00006,10,159,7.119921666670355,49.202003,40.0,67.1290883333332,0.5,0.5068892240524292,uniform,uniform,10,0.0,0.0,0.0,2,0-2-3-1
independent,3456,vehicle_id_permuted,26,8.393644,0.75,5,5,5,152.2999701499939,470.28937339782715,260.6856265068054,0.5698307037353516,0.63968205,708.63556,10,159,7.119921666670355,33.393646,25.000002,67.1290883333332,0.5,0.5068892240524292,uniform,uniform,10,0.0,0.0,0.0,2,0-2-3-1
independent,3456,vehicle_id_permuted,27,7.220457,0.8,4,3,3,165.4900647327304,479.4789218902588,261.88099198043346,0.5363888770341874,0.6431803,748.7839,10,159,7.119921666670355,27.220453,19.999996,67.1290883333332,0.5,0.5068892240524292,uniform,uniform,10,0.0,0.0,0.0,2,0-2-3-1
independent,3456,vehicle_id_permuted,28,7.6451416,0.8,4,4,4,134.51096780598164,476.28687858581543,234.8503578454256,0.5694649010896683,0.69605374,678.9143,10,159,7.119921666670355,27.645142,20.0,67.1290883333332,0.5,0.5068892240524292,uniform,uniform,10,0.0,0.0,0.0,2,0-2-3-1
independent,3456,vehicle_id_permuted,29,9.204947,0.7,6,6,6,155.5329430103302,476.8268394470215,259.72376142229353,0.5595425307750702,0.6399347,698.5053,10,159,7.119921666670355,39.204952,30.000004,67.1290883333332,0.5,0.5068892240524292,uniform,uniform,10,0.0,0.0,0.0,2,0-2-3-1
independent,3456,vehicle_id_permuted,30,12.276239,0.7,6,5,5,153.84086889880044,478.5640811920166,245.960670539311,0.7400434345006943,0.29965585,367.97433,10,159,7.119921666670355,42.276237,29.999998,67.1290883333332,0.5,0.5068892240524292,uniform,uniform,10,0.0,0.0,0.0,2,0-2-3-1
independent,3456,vehicle_id_permuted,31,8.327523,0.75,5,5,5,120.19217240810394,390.6313419342041,234.19423079490662,0.503951907157898,0.7355394,760.4125,10,159,7.119921666670355,33.327522,25.0,67.1290883333332,0.5,0.5068892240524292,uniform,uniform,10,0.0,0.0,0.0,2,0-2-3-1
independent,3456,vehicle_id_permuted,32,6.948742,0.75,5,4,4,156.5814208984375,441.6647529602051,229.31230640411377,0.4832220017910004,0.78175014,809.8787,10,159,7.119921666670355,31.948742,25.0,67.1290883333332,0.5,0.5068892240524292,uniform,uniform,10,0.0,0.0,0.0,2,0-2-3-1
independent,3456,vehicle_id_permuted,33,6.9316173,0.55,9,9,9,132.3191873593764,469.1835880279541,220.53219665180552,0.4257007330656052,1.0067012,947.8384,10,159,7.119921666670355,51.93162,45.000004,67.1290883333332,0.5,0.5068892240524292,uniform,uniform,10,0.0,0.0,0.0,2,0-2-3-1
independent,3456,vehicle_id_permuted,34,9.869282,0.7,6,5,5,148.31787305218833,463.1576156616211,270.04769759518757,0.5730550915002823,0.6255352,672.00006,10,159,7.119921666670355,39.86928,30.0,67.1290883333332,0.5,0.5068892240524292,uniform,uniform,10,0.0,0.0,0.0,2,0-2-3-1
independent,3456,vehicle_id_permuted,35,7.5425367,0.8,4,4,4,113.73755497857928,464.2160224914551,217.83683069050312,0.5101405322551728,0.803319,780.74646,10,159,7.119921666670355,27.542536,20.0,67.1290883333332,0.5,0.5068892240524292,uniform,uniform,10,0.0,0.0,0.0,2,0-2-3-1
independent,3456,vehicle_id_permuted,36,9.716948,0.65000004,7,7,7,143.1998202433953,371.02063179016113,208.88333448996912,0.5897318720817566,0.62677747,595.7149,10,159,7.119921666670355,44.716953,35.000008,67.1290883333332,0.5,0.5068892240524292,uniform,uniform,10,0.0,0.0,0.0,2,0-2-3-1
independent,3456,vehicle_id_permuted,37,10.650001,0.4,12,10,10,156.79834887385368,412.4495601654053,276.16620004177094,0.5750000476837158,0.6172572,624.00006,10,159,7.119921666670355,70.65001,60.000008,67.1290883333332,0.5,0.5068892240524292,uniform,uniform,10,0.0,0.0,0.0,2,0-2-3-1
independent,3456,vehicle_id_permuted,38,8.713358,0.75,5,5,5,138.1179757118225,385.4512310028076,229.6919140815735,0.5288207530975342,0.6212848,712.66425,10,159,7.119921666670355,33.713356,24.999998,67.1290883333332,0.5,0.5068892240524292,uniform,uniform,10,0.0,0.0,0.0,2,0-2-3-1
independent,3456,vehicle_id_permuted,39,9.674069,0.65000004,7,6,6,212.46467718711267,428.6715030670166,278.1568523553702,0.5706908702850342,0.6488751,632.2737,10,159,7.119921666670355,44.674072,35.000004,67.1290883333332,0.5,0.5068892240524292,uniform,uniform,10,0.0,0.0,0.0,2,0-2-3-1
independent,3456,vehicle_id_permuted,40,9.317932,0.8,4,4,4,138.72986488044262,478.1198501586914,259.0253511071205,0.6003480792045593,0.61541885,621.45166,10,159,7.119921666670355,29.317932,20.0,67.1290883333332,0.5,0.5068892240524292,uniform,uniform,10,0.0,0.0,0.0,2,0-2-3-1
independent,3456,vehicle_id_permuted,41,5.833708,0.7,6,5,5,146.33445835539274,474.7415828704834,270.5127361842564,0.4120867282152176,0.9214115,1012.78796,10,159,7.119921666670355,35.833706,29.999998,67.1290883333332,0.5,0.5068892240524292,uniform,uniform,10,0.0,0.0,0.0,2,0-2-3-1
independent,3456,vehicle_id_permuted,42,6.507406,0.8,4,3,3,123.62829890102148,465.82305908203125,241.47320240736008,0.5070644557476044,0.718845,788.25946,10,159,7.119921666670355,26.507406,20.0,67.1290883333332,0.5,0.5068892240524292,uniform,uniform,10,0.0,0.0,0.0,2,0-2-3-1
independent,3456,vehicle_id_permuted,43,8.637093,0.65000004,7,5,5,118.1182273534628,425.8989143371582,218.62685900468094,0.5489465594291687,0.65644634,674.02277,10,159,7.119921666670355,43.63709,34.999996,67.1290883333332,0.5,0.5068892240524292,uniform,uniform,10,0.0,0.0,0.0,2,0-2-3-1
independent,3456,vehicle_id_permuted,44,9.309999,0.7,6,6,6,148.24116733457362,468.1819725036621,261.5249483074461,0.5796804904937745,0.6566438,672.00006,10,159,7.119921666670355,39.31,30.000002,67.1290883333332,0.5,0.5068892240524292,uniform,uniform,10,0.0,0.0,0.0,2,0-2-3-1
independent,3456,vehicle_id_permuted,45,10.400263,0.8,4,4,4,133.74008640646935,406.03434562683105,207.24728263914585,0.6338678598403931,0.4557934,510.97366,10,159,7.119921666670355,30.400265,20.000002,67.1290883333332,0.5,0.5068892240524292,uniform,uniform,10,0.0,0.0,0.0,2,0-2-3-1
independent,3456,vehicle_id_permuted,46,7.2763214,0.85,3,3,3,119.52883327708525,465.2929401397705,227.21456387463738,0.5583085507154465,0.60704035,689.3407,10,159,7.119921666670355,22.276321,15.0,67.1290883333332,0.5,0.5068892240524292,uniform,uniform,10,0.0,0.0,0.0,2,0-2-3-1
independent,3456,vehicle_id_permuted,47,9.969999,0.7,6,5,5,156.22811845370703,453.4837245941162,280.2867607559477,0.5861894875764847,0.5251277,624.00006,10,159,7.119921666670355,39.969997,29.999998,67.1290883333332,0.5,0.5068892240524292,uniform,uniform,10,0.0,0.0,0.0,2,0-2-3-1
independent,3456,vehicle_id_permuted,48,9.241984,0.6,8,5,5,147.18422174453735,425.4378604888916,243.30091685056686,0.5250000357627869,0.67457336,720.00006,10,159,7.119921666670355,49.24199,40.000004,67.1290883333332,0.5,0.5068892240524292,uniform,uniform,10,0.0,0.0,0.0,2,0-2-3-1
independent,3456,vehicle_id_permuted,49,8.251617,0.75,5,4,4,118.90170323848724,473.8117790222168,232.29261708259583,0.5748221218585968,0.6505807,666.1534,10,159,7.119921666670355,33.25162,25.000004,67.1290883333332,0.5,0.5068892240524292,uniform,uniform,10,0.0,0.0,0.0,2,0-2-3-1
independent,3456,vehicle_id_permuted,50,9.424467,0.7,6,6,6,149.68880934374673,477.67215728759766,267.57374933787753,0.6040980249643326,0.6351612,624.00006,10,159,7.119921666670355,39.424465,29.999998,67.1290883333332,0.5,0.5068892240524292,uniform,uniform,10,0.0,0.0,0.0,2,0-2-3-1
independent,3456,vehicle_id_permuted,51,8.433635,0.75,5,5,5,156.73458409309387,471.2372875213623,259.4182415008545,0.5971879750490189,0.6245235,620.6365,10,159,7.119921666670355,33.433636,25.0,67.1290883333332,0.5,0.5068892240524292,uniform,uniform,10,0.0,0.0,0.0,2,0-2-3-1
independent,3456,vehicle_id_permuted,52,9.520409,0.85,3,3,3,178.88685422785142,444.65572357177734,252.97996906673208,0.6079159021377564,0.58901995,573.45734,10,159,7.119921666670355,24.520409,15.0,67.1290883333332,0.5,0.5068892240524292,uniform,uniform,10,0.0,0.0,0.0,2,0-2-3-1
independent,3456,vehicle_id_permuted,53,8.564871,0.8,4,2,2,132.56021976470947,460.59725761413574,246.53737977147102,0.5736035495996475,0.6284135,655.2785,10,159,7.119921666670355,28.564873,20.000002,67.1290883333332,0.5,0.5068892240524292,uniform,uniform,10,0.0,0.0,0.0,2,0-2-3-1
independent,3456,vehicle_id_permuted,54,6.4639897,0.75,5,4,4,162.8921514749527,434.8437309265137,221.64693403244019,0.4535251796245575,0.79535437,860.07556,10,159,7.119921666670355,31.46399,25.0,67.1290883333332,0.5,0.5068892240524292,uniform,uniform,10,0.0,0.0,0.0,2,0-2-3-1
independent,3456,vehicle_id_permuted,55,12.02,0.90000004,2,2,2,161.87558035055795,455.4101085662842,265.9737281004588,0.7199538230895997,0.29574746,383.99997,10,159,7.119921666670355,22.020002,10.000002,67.1290883333332,0.5,0.5068892240524292,uniform,uniform,10,0.0,0.0,0.0,2,0-2-3-1
independent,3456,vehicle_id_permuted,56,9.344518,0.7,6,4,4,107.32195053781781,375.75822830200195,212.74632019656045,0.5700269937515259,0.6333323,633.5482,10,159,7.119921666670355,39.34452,30.000004,67.1290883333332,0.5,0.5068892240524292,uniform,uniform,10,0.0,0.0,0.0,2,0-2-3-1
independent,3456,vehicle_id_permuted,57,9.566265,0.7,6,6,6,179.3548881156104,436.1148262023926,284.8364161593573,0.5521432101726532,0.56350464,672.00006,10,159,7.119921666670355,39.566265,30.0,67.1290883333332,0.5,0.5068892240524292,uniform,uniform,10,0.0,0.0,0.0,2,0-2-3-1
independent,3456,vehicle_id_permuted,58,8.563418,0.55,9,8,8,164.8360562324524,447.79048919677734,285.3376319191673,0.48322429656982424,0.83428437,816.00006,10,159,7.119921666670355,53.563423,45.000004,67.1290883333332,0.5,0.5068892240524292,uniform,uniform,10,0.0,0.0,0.0,2,0-2-3-1
independent,3456,vehicle_id_permuted,59,9.345766,0.65000004,7,7,7,148.47905626663794,399.7109127044678,246.10511486346905,0.5600212812423706,0.6398028,652.75934,10,159,7.119921666670355,44.345764,35.0,67.1290883333332,0.5,0.5068892240524292,uniform,uniform,10,0.0,0.0,0.0,2,0-2-3-1
independent,3456,vehicle_id_permuted,0,10.342005,1.0,0,0,0,167.22130626440048,476.1464595794678,219.2664806842804,0.7121687561273575,0.39521524,407.82843,10,159,6.848183333337469,10.342004,-9.536743e-07,65.73468999999979,0.5,0.5068892240524292,uniform,uniform,10,0.0,0.0,0.0,3,2-3-1-0
independent,3456,vehicle_id_permuted,1,9.67,0.65000004,7,6,6,153.6674381677921,479.4942855834961,284.11974769372205,0.6025130271911621,0.64996696,672.00006,10,159,6.848183333337469,44.67,35.0,65.73468999999979,0.5,0.5068892240524292,uniform,uniform,10,0.0,0.0,0.0,3,2-3-1-0
independent,3456,vehicle_id_permuted,2,9.926358,0.65000004,7,7,7,182.17749540622418,447.04590797424316,261.508621435899,0.5828364580869675,0.5066986,624.00006,10,159,6.848183333337469,44.926353,34.999996,65.73468999999979,0.5,0.5068892240524292,uniform,uniform,10,0.0,0.0,0.0,3,2-3-1-0
independent,3456,vehicle_id_permuted,3,6.980609,0.6,8,8,8,156.2908624112606,443.6198043823242,287.29187846183777,0.4486900895833969,0.73793,887.14343,10,159,6.848183333337469,46.98061,40.0,65.73468999999979,0.5,0.5068892240524292,uniform,uniform,10,0.0,0.0,0.0,3,2-3-1-0
independent,3456,vehicle_id_permuted,4,8.361804,0.75,5,5,5,127.18433284759521,467.12419509887695,269.4693512916565,0.5572320699691773,0.69722825,720.00006,10,159,6.848183333337469,33.361805,25.0,65.73468999999979,0.5,0.5068892240524292,uniform,uniform,10,0.0,0.0,0.0,3,2-3-1-0
independent,3456,vehicle_id_permuted,5,8.928733,0.7,6,5,5,128.2926202246121,466.11928939819336,257.7515264919826,0.5781212389469147,0.6382247,652.1266,10,159,6.848183333337469,38.928726,29.999992,65.73468999999979,0.5,0.5068892240524292,uniform,uniform,10,0.0,0.0,0.0,3,2-3-1-0
independent,3456,vehicle_id_permuted,6,9.482162,0.90000004,2,2,2,142.40153749783835,438.24331283569336,216.77163243293762,0.6232157289981842,0.5812917,537.6692,10,159,6.848183333337469,19.482159,9.999996,65.73468999999979,0.5,0.5068892240524292,uniform,uniform,10,0.0,0.0,0.0,3,2-3-1-0
independent,3456,vehicle_id_permuted,7,7.6442776,0.8,4,3,3,143.61185878515244,457.6169013977051,239.18243676424026,0.5250233352184296,0.7533347,745.57214,10,159,6.848183333337469,27.644278,20.0,65.73468999999979,0.5,0.5068892240524292,uniform,uniform,10,0.0,0.0,0.0,3,2-3-1-0
independent,3456,vehicle_id_permuted,8,10.655815,0.7,6,6,6,164.77044620684214,371.8383979797363,215.03018157822746,0.6180801391601562,0.5778974,541.2862,10,159,6.848183333337469,40.65582,30.000004,65.73468999999979,0.5,0.5068892240524292,uniform,uniform,10,0.0,0.0,0.0,3,2-3-1-0
independent,3456,vehicle_id_permuted,9,8.597968,0.75,5,4,4,174.11440896987915,474.4277000427246,279.14479875564575,0.5837168127298356,0.6690869,672.00006,10,159,6.848183333337469,33.597973,25.000004,65.73468999999979,0.5,0.5068892240524292,uniform,uniform,10,0.0,0.0,0.0,3,2-3-1-0
independent,3456,vehicle_id_permuted,10,8.779374,0.85,3,3,3,153.60080848721896,466.44049644470215,222.6970972033108,0.6162158638238907,0.62905747,579.30615,10,159,6.848183333337469,23.779375,15.000001,65.73468999999979,0.5,0.5068892240524292,uniform,uniform,10,0.0,0.0,0.0,3,2-3-1-0
independent,3456,vehicle_id_permuted,11,8.454417,0.90000004,2,2,2,166.66619211435318,429.0116214752197,263.56437007586163,0.5657751560211182,0.63862854,641.7119,10,159,6.848183333337469,18.454418,10.000001,65.73468999999979,0.5,0.5068892240524292,uniform,uniform,10,0.0,0.0,0.0,3,2-3-1-0
independent,3456,vehicle_id_permuted,12,11.581268,0.85,3,3,3,168.07229077114778,476.4444351196289,297.4589101006003,0.7245430320501327,0.2566854,432.0,10,159,6.848183333337469,26.581268,15.0,65.73468999999979,0.5,0.5068892240524292,uniform,uniform,10,0.0,0.0,0.0,3,2-3-1-0
independent,3456,vehicle_id_permuted,13,6.690263,0.7,6,6,6,116.67922432933536,389.1916751861572,213.4945055416652,0.45948582887649536,0.67893493,845.78735,10,159,6.848183333337469,36.69026,30.0,65.73468999999979,0.5,0.5068892240524292,uniform,uniform,10,0.0,0.0,0.0,3,2-3-1-0
independent,3456,vehicle_id_permuted,14,9.194589,0.85,3,2,2,170.32274765126846,450.3515338897705,256.63915157318115,0.6399172425270081,0.5813542,527.99994,10,159,6.848183333337469,24.194595,15.000007,65.73468999999979,0.5,0.5068892240524292,uniform,uniform,10,0.0,0.0,0.0,3,2-3-1-0
independent,3456,vehicle_id_permuted,15,8.067699,0.75,5,5,5,93.49029815196991,479.56621170043945,192.4360315799713,0.5533040702342987,0.5917043,713.2226,10,159,6.848183333337469,33.0677,25.0,65.73468999999979,0.5,0.5068892240524292,uniform,uniform,10,0.0,0.0,0.0,3,2-3-1-0
independent,3456,vehicle_id_permuted,16,8.542381,0.75,5,4,4,149.1511138677597,457.10211753845215,253.86618566513062,0.5552832216024399,0.7099401,687.8373,10,159,6.848183333337469,33.54238,25.0,65.73468999999979,0.5,0.5068892240524292,uniform,uniform,10,0.0,0.0,0.0,3,2-3-1-0
independent,3456,vehicle_id_permuted,17,11.074003,0.90000004,2,2,2,132.16115345557532,463.80226135253906,257.91163206100464,0.712605619430542,0.25354335,391.59955,10,159,6.848183333337469,21.074007,10.000004,65.73468999999979,0.5,0.5068892240524292,uniform,uniform,10,0.0,0.0,0.0,3,2-3-1-0
independent,3456,vehicle_id_permuted,18,7.479688,0.8,4,4,4,156.06121692806482,472.94257164001465,229.7265601158142,0.5088947743177414,0.8254715,800.03125,10,159,6.848183333337469,27.47969,20.000002,65.73468999999979,0.5,0.5068892240524292,uniform,uniform,10,0.0,0.0,0.0,3,2-3-1-0
independent,3456,vehicle_id_permuted,19,8.384758,0.65000004,7,4,4,140.34948183940008,413.3310127258301,216.81468101648184,0.5098817944526672,0.7241585,749.02716,10,159,6.848183333337469,43.384754,34.999996,65.73468999999979,0.5,0.5068892240524292,uniform,uniform,10,0.0,0.0,0.0,3,2-3-1-0
independent,3456,vehicle_id_permuted,20,9.329518,0.65000004,7,6,6,160.06323296290176,389.1347122192383,234.9581474524278,0.5552011728286743,0.6216022,662.0139,10,159,6.848183333337469,44.329517,35.0,65.73468999999979,0.5,0.5068892240524292,uniform,uniform,10,0.0,0.0,0.0,3,2-3-1-0
independent,3456,vehicle_id_permuted,21,7.240776,0.75,5,3,3,169.64518857002258,450.1635932922363,266.5593681335449,0.5089307755231858,0.7731898,779.92236,10,159,6.848183333337469,32.240776,25.0,65.73468999999979,0.5,0.5068892240524292,uniform,uniform,10,0.0,0.0,0.0,3,2-3-1-0
independent,3456,vehicle_id_permuted,22,9.14549,0.7,6,6,6,183.92579095704215,465.0581932067871,261.42750927380155,0.5596912443637848,0.62954617,686.4511,10,159,6.848183333337469,39.145493,30.000004,65.73468999999979,0.5,0.5068892240524292,uniform,uniform,10,0.0,0.0,0.0,3,2-3-1-0
independent,3456,vehicle_id_permuted,23,7.8231754,0.75,5,5,5,135.04783952236176,478.6736011505127,249.67961144447327,0.5516843616962432,0.7680482,776.6825,10,159,6.848183333337469,32.82318,25.000006,65.73468999999979,0.5,0.5068892240524292,uniform,uniform,10,0.0,0.0,0.0,3,2-3-1-0
independent,3456,vehicle_id_permuted,24,9.04136,0.75,5,4,4,113.8321704864502,474.9456024169922,217.31936979293823,0.6173632383346558,0.6051495,585.6083,10,159,6.848183333337469,34.04136,25.0,65.73468999999979,0.5,0.5068892240524292,uniform,uniform,10,0.0,0.0,0.0,3,2-3-1-0
independent,3456,vehicle_id_permuted,25,9.202005,0.6,8,7,7,107.93254554271698,466.4028739929199,250.54320842027664,0.542918199300766,0.5273183,720.00006,10,159,6.848183333337469,49.202003,40.0,65.73468999999979,0.5,0.5068892240524292,uniform,uniform,10,0.0,0.0,0.0,3,2-3-1-0
independent,3456,vehicle_id_permuted,26,8.393645,0.75,5,5,5,152.2999701499939,470.28937339782715,260.6856265068054,0.5698307037353516,0.63968194,708.63556,10,159,6.848183333337469,33.393646,25.0,65.73468999999979,0.5,0.5068892240524292,uniform,uniform,10,0.0,0.0,0.0,3,2-3-1-0
independent,3456,vehicle_id_permuted,27,7.220457,0.8,4,3,3,165.4900647327304,479.4789218902588,261.88099198043346,0.5363888770341874,0.6431804,748.7839,10,159,6.848183333337469,27.220455,19.999998,65.73468999999979,0.5,0.5068892240524292,uniform,uniform,10,0.0,0.0,0.0,3,2-3-1-0
independent,3456,vehicle_id_permuted,28,7.6451416,0.8,4,4,4,134.51096780598164,476.28687858581543,234.8503578454256,0.5694649010896683,0.69605374,678.9143,10,159,6.848183333337469,27.645142,20.0,65.73468999999979,0.5,0.5068892240524292,uniform,uniform,10,0.0,0.0,0.0,3,2-3-1-0
independent,3456,vehicle_id_permuted,29,9.2049465,0.7,6,6,6,155.5329430103302,476.8268394470215,259.72376142229353,0.5595425307750702,0.6399348,698.5053,10,159,6.848183333337469,39.20495,30.000002,65.73468999999979,0.5,0.5068892240524292,uniform,uniform,10,0.0,0.0,0.0,3,2-3-1-0
independent,3456,vehicle_id_permuted,30,12.276239,0.7,6,5,5,153.84086889880044,478.5640811920166,245.960670539311,0.7400434345006943,0.29965582,367.97433,10,159,6.848183333337469,42.276237,29.999998,65.73468999999979,0.5,0.5068892240524292,uniform,uniform,10,0.0,0.0,0.0,3,2-3-1-0
independent,3456,vehicle_id_permuted,31,8.327523,0.75,5,5,5,120.19217240810394,390.6313419342041,234.19423079490662,0.503951907157898,0.7355394,760.4125,10,159,6.848183333337469,33.327522,25.0,65.73468999999979,0.5,0.5068892240524292,uniform,uniform,10,0.0,0.0,0.0,3,2-3-1-0
independent,3456,vehicle_id_permuted,32,6.948742,0.75,5,4,4,156.5814208984375,441.6647529602051,229.31230640411377,0.483221971988678,0.78175014,809.8787,10,159,6.848183333337469,31.948742,25.0,65.73468999999979,0.5,0.5068892240524292,uniform,uniform,10,0.0,0.0,0.0,3,2-3-1-0
independent,3456,vehicle_id_permuted,33,6.9316173,0.55,9,9,9,132.3191873593764,469.1835880279541,220.53219665180552,0.4257007330656052,1.0067012,947.8384,10,159,6.848183333337469,51.93162,45.000004,65.73468999999979,0.5,0.5068892240524292,uniform,uniform,10,0.0,0.0,0.0,3,2-3-1-0
independent,3456,vehicle_id_permuted,34,9.869282,0.7,6,5,5,148.31787305218833,463.1576156616211,270.04769759518757,0.5730550915002823,0.62553513,672.00006,10,159,6.848183333337469,39.869286,30.000004,65.73468999999979,0.5,0.5068892240524292,uniform,uniform,10,0.0,0.0,0.0,3,2-3-1-0
independent,3456,vehicle_id_permuted,35,7.5425367,0.8,4,4,4,113.73755497857928,464.2160224914551,217.83683069050312,0.5101405322551728,0.803319,780.74646,10,159,6.848183333337469,27.542534,19.999996,65.73468999999979,0.5,0.5068892240524292,uniform,uniform,10,0.0,0.0,0.0,3,2-3-1-0
independent,3456,vehicle_id_permuted,36,9.716948,0.65000004,7,7,7,143.1998202433953,371.02063179016113,208.88333448996912,0.5897318720817566,0.6267775,595.7149,10,159,6.848183333337469,44.716953,35.000008,65.73468999999979,0.5,0.5068892240524292,uniform,uniform,10,0.0,0.0,0.0,3,2-3-1-0
independent,3456,vehicle_id_permuted,37,10.650001,0.4,12,10,10,156.79834887385368,412.4495601654053,276.16620004177094,0.5750000476837158,0.6172572,624.00006,10,159,6.848183333337469,70.65,60.0,65.73468999999979,0.5,0.5068892240524292,uniform,uniform,10,0.0,0.0,0.0,3,2-3-1-0
independent,3456,vehicle_id_permuted,38,8.713358,0.75,5,5,5,138.1179757118225,385.4512310028076,229.6919140815735,0.5288207530975342,0.6212848,712.66425,10,159,6.848183333337469,33.713356,24.999998,65.73468999999979,0.5,0.5068892240524292,uniform,uniform,10,0.0,0.0,0.0,3,2-3-1-0
independent,3456,vehicle_id_permuted,39,9.674069,0.65000004,7,6,6,212.46467718711267,428.6715030670166,278.1568523553702,0.5706908702850342,0.6488751,632.2737,10,159,6.848183333337469,44.674072,35.000004,65.73468999999979,0.5,0.5068892240524292,uniform,uniform,10,0.0,0.0,0.0,3,2-3-1-0
independent,3456,vehicle_id_permuted,40,9.317932,0.8,4,4,4,138.72986488044262,478.1198501586914,259.0253511071205,0.6003480792045593,0.61541885,621.45166,10,159,6.848183333337469,29.317928,19.999996,65.73468999999979,0.5,0.5068892240524292,uniform,uniform,10,0.0,0.0,0.0,3,2-3-1-0
independent,3456,vehicle_id_permuted,41,5.833708,0.7,6,5,5,146.33445835539274,474.7415828704834,270.5127361842564,0.4120867282152176,0.9214115,1012.78796,10,159,6.848183333337469,35.833706,29.999998,65.73468999999979,0.5,0.5068892240524292,uniform,uniform,10,0.0,0.0,0.0,3,2-3-1-0
independent,3456,vehicle_id_permuted,42,6.507406,0.8,4,3,3,123.62829890102148,465.82305908203125,241.47320240736008,0.507064425945282,0.71884507,788.25946,10,159,6.848183333337469,26.507406,20.0,65.73468999999979,0.5,0.5068892240524292,uniform,uniform,10,0.0,0.0,0.0,3,2-3-1-0
independent,3456,vehicle_id_permuted,43,8.637093,0.65000004,7,5,5,118.1182273534628,425.8989143371582,218.62685900468094,0.5489464998245239,0.65644634,674.02277,10,159,6.848183333337469,43.63709,34.999996,65.73468999999979,0.5,0.5068892240524292,uniform,uniform,10,0.0,0.0,0.0,3,2-3-1-0
independent,3456,vehicle_id_permuted,44,9.31,0.7,6,6,6,148.24116733457362,468.1819725036621,261.5249483074461,0.5796804904937745,0.6566438,672.00006,10,159,6.848183333337469,39.310005,30.000004,65.73468999999979,0.5,0.5068892240524292,uniform,uniform,10,0.0,0.0,0.0,3,2-3-1-0
independent,3456,vehicle_id_permuted,45,10.400263,0.8,4,4,4,133.74008640646935,406.03434562683105,207.24728263914585,0.6338679194450378,0.45579335,510.97366,10,159,6.848183333337469,30.400263,20.0,65.73468999999979,0.5,0.5068892240524292,uniform,uniform,10,0.0,0.0,0.0,3,2-3-1-0
independent,3456,vehicle_id_permuted,46,7.2763214,0.85,3,3,3,119.52883327708525,465.2929401397705,227.21456387463738,0.5583085507154465,0.60704035,689.3407,10,159,6.848183333337469,22.276321,15.0,65.73468999999979,0.5,0.5068892240524292,uniform,uniform,10,0.0,0.0,0.0,3,2-3-1-0
independent,3456,vehicle_id_permuted,47,9.97,0.7,6,5,5,156.22811845370703,453.4837245941162,280.2867607559477,0.5861894875764847,0.5251277,624.00006,10,159,6.848183333337469,39.970005,30.000004,65.73468999999979,0.5,0.5068892240524292,uniform,uniform,10,0.0,0.0,0.0,3,2-3-1-0
independent,3456,vehicle_id_permuted,48,9.241984,0.6,8,5,5,147.18422174453735,425.4378604888916,243.30091685056686,0.5250000357627869,0.67457336,720.00006,10,159,6.848183333337469,49.24199,40.000004,65.73468999999979,0.5,0.5068892240524292,uniform,uniform,10,0.0,0.0,0.0,3,2-3-1-0
independent,3456,vehicle_id_permuted,49,8.251617,0.75,5,4,4,118.90170323848724,473.8117790222168,232.29261708259583,0.5748221218585968,0.6505807,666.1534,10,159,6.848183333337469,33.251617,25.0,65.73468999999979,0.5,0.5068892240524292,uniform,uniform,10,0.0,0.0,0.0,3,2-3-1-0
independent,3456,vehicle_id_permuted,50,9.424468,0.7,6,6,6,149.68880934374673,477.67215728759766,267.57374933787753,0.6040980249643326,0.6351612,624.00006,10,159,6.848183333337469,39.424465,29.999996,65.73468999999979,0.5,0.5068892240524292,uniform,uniform,10,0.0,0.0,0.0,3,2-3-1-0
independent,3456,vehicle_id_permuted,51,8.433636,0.75,5,5,5,156.73458409309387,471.2372875213623,259.4182415008545,0.5971879750490189,0.6245234,620.6365,10,159,6.848183333337469,33.433636,25.0,65.73468999999979,0.5,0.5068892240524292,uniform,uniform,10,0.0,0.0,0.0,3,2-3-1-0
independent,3456,vehicle_id_permuted,52,9.520409,0.85,3,3,3,178.88685422785142,444.65572357177734,252.97996906673208,0.6079159021377564,0.58901995,573.45734,10,159,6.848183333337469,24.520405,14.999996,65.73468999999979,0.5,0.5068892240524292,uniform,uniform,10,0.0,0.0,0.0,3,2-3-1-0
independent,3456,vehicle_id_permuted,53,8.56487,0.8,4,2,2,132.56021976470947,460.59725761413574,246.53737977147102,0.5736035495996475,0.62841356,655.2785,10,159,6.848183333337469,28.56487,20.0,65.73468999999979,0.5,0.5068892240524292,uniform,uniform,10,0.0,0.0,0.0,3,2-3-1-0
independent,3456,vehicle_id_permuted,54,6.4639897,0.75,5,4,4,162.8921514749527,434.8437309265137,221.64693403244019,0.4535251796245575,0.7953543,860.07556,10,159,6.848183333337469,31.46399,25.0,65.73468999999979,0.5,0.5068892240524292,uniform,uniform,10,0.0,0.0,0.0,3,2-3-1-0
independent,3456,vehicle_id_permuted,55,12.02,0.90000004,2,2,2,161.87558035055795,455.4101085662842,265.9737281004588,0.7199538230895997,0.29574746,383.99997,10,159,6.848183333337469,22.020004,10.000004,65.73468999999979,0.5,0.5068892240524292,uniform,uniform,10,0.0,0.0,0.0,3,2-3-1-0
independent,3456,vehicle_id_permuted,56,9.344519,0.7,6,4,4,107.32195053781781,375.75822830200195,212.74632019656045,0.5700269937515259,0.6333323,633.54816,10,159,6.848183333337469,39.34452,30.000002,65.73468999999979,0.5,0.5068892240524292,uniform,uniform,10,0.0,0.0,0.0,3,2-3-1-0
independent,3456,vehicle_id_permuted,57,9.566265,0.7,6,6,6,179.3548881156104,436.1148262023926,284.8364161593573,0.5521432101726532,0.56350464,672.00006,10,159,6.848183333337469,39.566265,30.0,65.73468999999979,0.5,0.5068892240524292,uniform,uniform,10,0.0,0.0,0.0,3,2-3-1-0
independent,3456,vehicle_id_permuted,58,8.563418,0.55,9,8,8,164.8360562324524,447.79048919677734,285.3376319191673,0.48322429656982424,0.83428437,816.00006,10,159,6.848183333337469,53.563423,45.000004,65.73468999999979,0.5,0.5068892240524292,uniform,uniform,10,0.0,0.0,0.0,3,2-3-1-0
independent,3456,vehicle_id_permuted,59,9.345766,0.65000004,7,7,7,148.47905626663794,399.7109127044678,246.10511486346905,0.5600212812423706,0.63980275,652.75934,10,159,6.848183333337469,44.345764,35.0,65.73468999999979,0.5,0.5068892240524292,uniform,uniform,10,0.0,0.0,0.0,3,2-3-1-0
independent,3456,vehicle_id_permuted,0,10.342005,1.0,0,0,0,167.22130626440048,476.1464595794678,219.2664806842804,0.7121687561273575,0.39521524,407.82843,10,159,7.346345000001027,10.342003,-1.9073486e-06,70.53342666666633,0.5,0.5068892240524292,uniform,uniform,10,0.0,0.0,0.0,4,0-1-3-2
independent,3456,vehicle_id_permuted,1,9.67,0.65000004,7,6,6,153.6674381677921,479.4942855834961,284.11974769372205,0.6025130271911621,0.64996696,672.00006,10,159,7.346345000001027,44.670002,35.0,70.53342666666633,0.5,0.5068892240524292,uniform,uniform,10,0.0,0.0,0.0,4,0-1-3-2
independent,3456,vehicle_id_permuted,2,9.926358,0.65000004,7,7,7,182.17749540622418,447.04590797424316,261.508621435899,0.5828364580869675,0.50669867,624.00006,10,159,7.346345000001027,44.926353,34.999996,70.53342666666633,0.5,0.5068892240524292,uniform,uniform,10,0.0,0.0,0.0,4,0-1-3-2
independent,3456,vehicle_id_permuted,3,6.980609,0.6,8,8,8,156.2908624112606,443.6198043823242,287.29187846183777,0.4486900895833969,0.73793,887.14343,10,159,7.346345000001027,46.98061,40.0,70.53342666666633,0.5,0.5068892240524292,uniform,uniform,10,0.0,0.0,0.0,4,0-1-3-2
independent,3456,vehicle_id_permuted,4,8.361804,0.75,5,5,5,127.18433284759521,467.12419509887695,269.4693512916565,0.5572320699691773,0.69722825,720.00006,10,159,7.346345000001027,33.3618,24.999996,70.53342666666633,0.5,0.5068892240524292,uniform,uniform,10,0.0,0.0,0.0,4,0-1-3-2
independent,3456,vehicle_id_permuted,5,8.928733,0.7,6,5,5,128.2926202246121,466.11928939819336,257.7515264919826,0.5781212389469147,0.6382247,652.1266,10,159,7.346345000001027,38.928726,29.999992,70.53342666666633,0.5,0.5068892240524292,uniform,uniform,10,0.0,0.0,0.0,4,0-1-3-2
independent,3456,vehicle_id_permuted,6,9.482162,0.90000004,2,2,2,142.40153749783835,438.24331283569336,216.77163243293762,0.6232157289981842,0.5812917,537.6692,10,159,7.346345000001027,19.48216,9.999998,70.53342666666633,0.5,0.5068892240524292,uniform,uniform,10,0.0,0.0,0.0,4,0-1-3-2
independent,3456,vehicle_id_permuted,7,7.6442776,0.8,4,3,3,143.61185878515244,457.6169013977051,239.18243676424026,0.5250233352184296,0.7533347,745.57214,10,159,7.346345000001027,27.644278,20.0,70.53342666666633,0.5,0.5068892240524292,uniform,uniform,10,0.0,0.0,0.0,4,0-1-3-2
independent,3456,vehicle_id_permuted,8,10.655815,0.7,6,6,6,164.77044620684214,371.8383979797363,215.03018157822746,0.6180801391601562,0.57789737,541.2862,10,159,7.346345000001027,40.65582,30.000004,70.53342666666633,0.5,0.5068892240524292,uniform,uniform,10,0.0,0.0,0.0,4,0-1-3-2
independent,3456,vehicle_id_permuted,9,8.597968,0.75,5,4,4,174.11440896987915,474.4277000427246,279.14479875564575,0.5837168127298356,0.6690869,672.00006,10,159,7.346345000001027,33.59797,25.0,70.53342666666633,0.5,0.5068892240524292,uniform,uniform,10,0.0,0.0,0.0,4,0-1-3-2
independent,3456,vehicle_id_permuted,10,8.779374,0.85,3,3,3,153.60080848721896,466.44049644470215,222.6970972033108,0.6162158638238907,0.6290574,579.30615,10,159,7.346345000001027,23.779377,15.000003,70.53342666666633,0.5,0.5068892240524292,uniform,uniform,10,0.0,0.0,0.0,4,0-1-3-2
independent,3456,vehicle_id_permuted,11,8.454417,0.90000004,2,2,2,166.66619211435318,429.0116214752197,263.56437007586163,0.5657751560211182,0.63862854,641.7119,10,159,7.346345000001027,18.454422,10.000005,70.53342666666633,0.5,0.5068892240524292,uniform,uniform,10,0.0,0.0,0.0,4,0-1-3-2
independent,3456,vehicle_id_permuted,12,11.581268,0.85,3,3,3,168.07229077114778,476.4444351196289,297.4589101006003,0.7245430320501327,0.25668544,432.0,10,159,7.346345000001027,26.58127,15.000002,70.53342666666633,0.5,0.5068892240524292,uniform,uniform,10,0.0,0.0,0.0,4,0-1-3-2
independent,3456,vehicle_id_permuted,13,6.690263,0.7,6,6,6,116.67922432933536,389.1916751861572,213.4945055416652,0.45948582887649536,0.67893493,845.78735,10,159,7.346345000001027,36.69026,30.0,70.53342666666633,0.5,0.5068892240524292,uniform,uniform,10,0.0,0.0,0.0,4,0-1-3-2
independent,3456,vehicle_id_permuted,14,9.194589,0.85,3,2,2,170.32274765126846,450.3515338897705,256.63915157318115,0.6399172425270081,0.5813542,527.99994,10,159,7.346345000001027,24.194592,15.000003,70.53342666666633,0.5,0.5068892240524292,uniform,uniform,10,0.0,0.0,0.0,4,0-1-3-2
independent,3456,vehicle_id_permuted,15,8.067699,0.75,5,5,5,93.49029815196991,479.56621170043945,192.4360315799713,0.5533040702342987,0.59170437,713.2226,10,159,7.346345000001027,33.067703,25.000004,70.53342666666633,0.5,0.5068892240524292,uniform,uniform,10,0.0,0.0,0.0,4,0-1-3-2
independent,3456,vehicle_id_permuted,16,8.542381,0.75,5,4,4,149.1511138677597,457.10211753845215,253.86618566513062,0.5552832216024399,0.7099401,687.8373,10,159,7.346345000001027,33.54238,25.0,70.53342666666633,0.5,0.5068892240524292,uniform,uniform,10,0.0,0.0,0.0,4,0-1-3-2
independent,3456,vehicle_id_permuted,17,11.074003,0.90000004,2,2,2,132.16115345557532,463.80226135253906,257.91163206100464,0.712605619430542,0.25354335,391.59955,10,159,7.346345000001027,21.074005,10.000002,70.53342666666633,0.5,0.5068892240524292,uniform,uniform,10,0.0,0.0,0.0,4,0-1-3-2
independent,3456,vehicle_id_permuted,18,7.479688,0.8,4,4,4,156.06121692806482,472.94257164001465,229.7265601158142,0.5088947743177414,0.8254715,800.03125,10,159,7.346345000001027,27.47969,20.000002,70.53342666666633,0.5,0.5068892240524292,uniform,uniform,10,0.0,0.0,0.0,4,0-1-3-2
independent,3456,vehicle_id_permuted,19,8.384758,0.65000004,7,4,4,140.34948183940008,413.3310127258301,216.81468101648184,0.5098817944526672,0.7241584,749.02716,10,159,7.346345000001027,43.384758,35.0,70.53342666666633,0.5,0.5068892240524292,uniform,uniform,10,0.0,0.0,0.0,4,0-1-3-2
independent,3456,vehicle_id_permuted,20,9.329518,0.65000004,7,6,6,160.06323296290176,389.1347122192383,234.9581474524278,0.5552011728286743,0.6216022,662.0139,10,159,7.346345000001027,44.329517,35.0,70.53342666666633,0.5,0.5068892240524292,uniform,uniform,10,0.0,0.0,0.0,4,0-1-3-2
independent,3456,vehicle_id_permuted,21,7.240776,0.75,5,3,3,169.64518857002258,450.1635932922363,266.5593681335449,0.5089307755231858,0.77318984,779.92236,10,159,7.346345000001027,32.240776,25.0,70.53342666666633,0.5,0.5068892240524292,uniform,uniform,10,0.0,0.0,0.0,4,0-1-3-2
independent,3456,vehicle_id_permuted,22,9.14549,0.7,6,6,6,183.92579095704215,465.0581932067871,261.42750927380155,0.5596912443637848,0.6295462,686.4511,10,159,7.346345000001027,39.145493,30.000004,70.53342666666633,0.5,0.5068892240524292,uniform,uniform,10,0.0,0.0,0.0,4,0-1-3-2
independent,3456,vehicle_id_permuted,23,7.8231754,0.75,5,5,5,135.04783952236176,478.6736011505127,249.67961144447327,0.5516843616962432,0.7680483,776.6825,10,159,7.346345000001027,32.823177,25.000002,70.53342666666633,0.5,0.5068892240524292,uniform,uniform,10,0.0,0.0,0.0,4,0-1-3-2
independent,3456,vehicle_id_permuted,24,9.04136,0.75,5,4,4,113.8321704864502,474.9456024169922,217.31936979293823,0.6173632383346558,0.6051495,585.6083,10,159,7.346345000001027,34.04136,25.0,70.53342666666633,0.5,0.5068892240524292,uniform,uniform,10,0.0,0.0,0.0,4,0-1-3-2
independent,3456,vehicle_id_permuted,25,9.202005,0.6,8,7,7,107.93254554271698,466.4028739929199,250.54320842027664,0.542918199300766,0.5273183,720.00006,10,159,7.346345000001027,49.202003,40.0,70.53342666666633,0.5,0.5068892240524292,uniform,uniform,10,0.0,0.0,0.0,4,0-1-3-2
independent,3456,vehicle_id_permuted,26,8.393645,0.75,5,5,5,152.2999701499939,470.28937339782715,260.6856265068054,0.5698307037353516,0.639682,708.63556,10,159,7.346345000001027,33.39364,24.999992,70.53342666666633,0.5,0.5068892240524292,uniform,uniform,10,0.0,0.0,0.0,4,0-1-3-2
independent,3456,vehicle_id_permuted,27,7.220457,0.8,4,3,3,165.4900647327304,479.4789218902588,261.88099198043346,0.5363888770341874,0.6431803,748.7839,10,159,7.346345000001027,27.220455,19.999998,70.53342666666633,0.5,0.5068892240524292,uniform,uniform,10,0.0,0.0,0.0,4,0-1-3-2
independent,3456,vehicle_id_permuted,28,7.6451416,0.8,4,4,4,134.51096780598164,476.28687858581543,234.8503578454256,0.5694649010896683,0.69605374,678.9143,10,159,7.346345000001027,27.64514,19.999998,70.53342666666633,0.5,0.5068892240524292,uniform,uniform,10,0.0,0.0,0.0,4,0-1-3-2
independent,3456,vehicle_id_permuted,29,9.2049465,0.7,6,6,6,155.5329430103302,476.8268394470215,259.72376142229353,0.5595425307750702,0.63993484,698.5053,10,159,7.346345000001027,39.20495,30.000002,70.53342666666633,0.5,0.5068892240524292,uniform,uniform,10,0.0,0.0,0.0,4,0-1-3-2
independent,3456,vehicle_id_permuted,30,12.276239,0.7,6,5,5,153.84086889880044,478.5640811920166,245.960670539311,0.7400434345006943,0.29965582,367.97433,10,159,7.346345000001027,42.276237,29.999998,70.53342666666633,0.5,0.5068892240524292,uniform,uniform,10,0.0,0.0,0.0,4,0-1-3-2
independent,3456,vehicle_id_permuted,31,8.327523,0.75,5,5,5,120.19217240810394,390.6313419342041,234.19423079490662,0.503951907157898,0.7355394,760.4125,10,159,7.346345000001027,33.327522,25.0,70.53342666666633,0.5,0.5068892240524292,uniform,uniform,10,0.0,0.0,0.0,4,0-1-3-2
independent,3456,vehicle_id_permuted,32,6.948742,0.75,5,4,4,156.5814208984375,441.6647529602051,229.31230640411377,0.483221971988678,0.78175014,809.8787,10,159,7.346345000001027,31.948742,25.0,70.53342666666633,0.5,0.5068892240524292,uniform,uniform,10,0.0,0.0,0.0,4,0-1-3-2
independent,3456,vehicle_id_permuted,33,6.9316173,0.55,9,9,9,132.3191873593764,469.1835880279541,220.53219665180552,0.4257007330656052,1.0067014,947.8384,10,159,7.346345000001027,51.931614,44.999996,70.53342666666633,0.5,0.5068892240524292,uniform,uniform,10,0.0,0.0,0.0,4,0-1-3-2
independent,3456,vehicle_id_permuted,34,9.869282,0.7,6,5,5,148.31787305218833,463.1576156616211,270.04769759518757,0.5730550915002823,0.6255352,672.00006,10,159,7.346345000001027,39.86928,30.0,70.53342666666633,0.5,0.5068892240524292,uniform,uniform,10,0.0,0.0,0.0,4,0-1-3-2
independent,3456,vehicle_id_permuted,35,7.5425367,0.8,4,4,4,113.73755497857928,464.2160224914551,217.83683069050312,0.5101405322551728,0.803319,780.74646,10,159,7.346345000001027,27.542534,19.999996,70.53342666666633,0.5,0.5068892240524292,uniform,uniform,10,0.0,0.0,0.0,4,0-1-3-2
independent,3456,vehicle_id_permuted,36,9.716948,0.65000004,7,7,7,143.1998202433953,371.02063179016113,208.88333448996912,0.5897318720817566,0.62677747,595.7149,10,159,7.346345000001027,44.716953,35.000008,70.53342666666633,0.5,0.5068892240524292,uniform,uniform,10,0.0,0.0,0.0,4,0-1-3-2
independent,3456,vehicle_id_permuted,37,10.650001,0.4,12,10,10,156.79834887385368,412.4495601654053,276.16620004177094,0.5750000476837158,0.6172572,624.00006,10,159,7.346345000001027,70.65001,60.000008,70.53342666666633,0.5,0.5068892240524292,uniform,uniform,10,0.0,0.0,0.0,4,0-1-3-2
independent,3456,vehicle_id_permuted,38,8.713358,0.75,5,5,5,138.1179757118225,385.4512310028076,229.6919140815735,0.5288207530975342,0.6212848,712.66425,10,159,7.346345000001027,33.713356,24.999998,70.53342666666633,0.5,0.5068892240524292,uniform,uniform,10,0.0,0.0,0.0,4,0-1-3-2
independent,3456,vehicle_id_permuted,39,9.674069,0.65000004,7,6,6,212.46467718711267,428.6715030670166,278.1568523553702,0.5706908702850342,0.6488751,632.2737,10,159,7.346345000001027,44.67407,35.0,70.53342666666633,0.5,0.5068892240524292,uniform,uniform,10,0.0,0.0,0.0,4,0-1-3-2
independent,3456,vehicle_id_permuted,40,9.317932,0.8,4,4,4,138.72986488044262,478.1198501586914,259.0253511071205,0.6003480792045593,0.61541885,621.45166,10,159,7.346345000001027,29.317932,20.0,70.53342666666633,0.5,0.5068892240524292,uniform,uniform,10,0.0,0.0,0.0,4,0-1-3-2
independent,3456,vehicle_id_permuted,41,5.833708,0.7,6,5,5,146.33445835539274,474.7415828704834,270.5127361842564,0.4120867282152176,0.9214115,1012.78796,10,159,7.346345000001027,35.833706,29.999998,70.53342666666633,0.5,0.5068892240524292,uniform,uniform,10,0.0,0.0,0.0,4,0-1-3-2
independent,3456,vehicle_id_permuted,42,6.507406,0.8,4,3,3,123.62829890102148,465.82305908203125,241.47320240736008,0.507064425945282,0.718845,788.25946,10,159,7.346345000001027,26.507406,20.0,70.53342666666633,0.5,0.5068892240524292,uniform,uniform,10,0.0,0.0,0.0,4,0-1-3-2
independent,3456,vehicle_id_permuted,43,8.637093,0.65000004,7,5,5,118.1182273534628,425.8989143371582,218.62685900468094,0.5489464998245239,0.65644634,674.02277,10,159,7.346345000001027,43.63709,34.999996,70.53342666666633,0.5,0.5068892240524292,uniform,uniform,10,0.0,0.0,0.0,4,0-1-3-2
independent,3456,vehicle_id_permuted,44,9.31,0.7,6,6,6,148.24116733457362,468.1819725036621,261.5249483074461,0.5796804904937745,0.6566438,672.00006,10,159,7.346345000001027,39.310005,30.000004,70.53342666666633,0.5,0.5068892240524292,uniform,uniform,10,0.0,0.0,0.0,4,0-1-3-2
independent,3456,vehicle_id_permuted,45,10.400263,0.8,4,4,4,133.74008640646935,406.03434562683105,207.24728263914585,0.6338679194450378,0.4557934,510.97366,10,159,7.346345000001027,30.40026,19.999998,70.53342666666633,0.5,0.5068892240524292,uniform,uniform,10,0.0,0.0,0.0,4,0-1-3-2
independent,3456,vehicle_id_permuted,46,7.2763214,0.85,3,3,3,119.52883327708525,465.2929401397705,227.21456387463738,0.5583085507154465,0.60704035,689.3407,10,159,7.346345000001027,22.276321,15.0,70.53342666666633,0.5,0.5068892240524292,uniform,uniform,10,0.0,0.0,0.0,4,0-1-3-2
independent,3456,vehicle_id_permuted,47,9.97,0.7,6,5,5,156.22811845370703,453.4837245941162,280.2867607559477,0.5861894875764847,0.52512765,624.00006,10,159,7.346345000001027,39.97,30.0,70.53342666666633,0.5,0.5068892240524292,uniform,uniform,10,0.0,0.0,0.0,4,0-1-3-2
independent,3456,vehicle_id_permuted,48,9.241984,0.6,8,5,5,147.18422174453735,425.4378604888916,243.30091685056686,0.5250000357627869,0.6745734,720.00006,10,159,7.346345000001027,49.24199,40.000004,70.53342666666633,0.5,0.5068892240524292,uniform,uniform,10,0.0,0.0,0.0,4,0-1-3-2
independent,3456,vehicle_id_permuted,49,8.251617,0.75,5,4,4,118.90170323848724,473.8117790222168,232.29261708259583,0.5748221218585968,0.6505807,666.1534,10,159,7.346345000001027,33.25162,25.000004,70.53342666666633,0.5,0.5068892240524292,uniform,uniform,10,0.0,0.0,0.0,4,0-1-3-2
independent,3456,vehicle_id_permuted,50,9.424468,0.7,6,6,6,149.68880934374673,477.67215728759766,267.57374933787753,0.6040980249643326,0.63516116,624.00006,10,159,7.346345000001027,39.42447,30.0,70.53342666666633,0.5,0.5068892240524292,uniform,uniform,10,0.0,0.0,0.0,4,0-1-3-2
independent,3456,vehicle_id_permuted,51,8.433636,0.75,5,5,5,156.73458409309387,471.2372875213623,259.4182415008545,0.5971879750490189,0.6245234,620.6365,10,159,7.346345000001027,33.433636,25.0,70.53342666666633,0.5,0.5068892240524292,uniform,uniform,10,0.0,0.0,0.0,4,0-1-3-2
independent,3456,vehicle_id_permuted,52,9.520409,0.85,3,3,3,178.88685422785142,444.65572357177734,252.97996906673208,0.6079159021377564,0.58901995,573.4573,10,159,7.346345000001027,24.520405,14.999996,70.53342666666633,0.5,0.5068892240524292,uniform,uniform,10,0.0,0.0,0.0,4,0-1-3-2
independent,3456,vehicle_id_permuted,53,8.56487,0.8,4,2,2,132.56021976470947,460.59725761413574,246.53737977147102,0.5736035495996475,0.62841356,655.2785,10,159,7.346345000001027,28.564875,20.000004,70.53342666666633,0.5,0.5068892240524292,uniform,uniform,10,0.0,0.0,0.0,4,0-1-3-2
independent,3456,vehicle_id_permuted,54,6.4639897,0.75,5,4,4,162.8921514749527,434.8437309265137,221.64693403244019,0.4535251796245575,0.79535437,860.07556,10,159,7.346345000001027,31.46399,25.0,70.53342666666633,0.5,0.5068892240524292,uniform,uniform,10,0.0,0.0,0.0,4,0-1-3-2
independent,3456,vehicle_id_permuted,55,12.02,0.90000004,2,2,2,161.87558035055795,455.4101085662842,265.9737281004588,0.7199538230895997,0.29574746,383.99997,10,159,7.346345000001027,22.020002,10.000002,70.53342666666633,0.5,0.5068892240524292,uniform,uniform,10,0.0,0.0,0.0,4,0-1-3-2
independent,3456,vehicle_id_permuted,56,9.344519,0.7,6,4,4,107.32195053781781,375.75822830200195,212.74632019656045,0.5700269937515259,0.6333322,633.5482,10,159,7.346345000001027,39.34452,30.000002,70.53342666666633,0.5,0.5068892240524292,uniform,uniform,10,0.0,0.0,0.0,4,0-1-3-2
independent,3456,vehicle_id_permuted,57,9.566265,0.7,6,6,6,179.3548881156104,436.1148262023926,284.8364161593573,0.5521432101726532,0.56350464,672.00006,10,159,7.346345000001027,39.566265,30.0,70.53342666666633,0.5,0.5068892240524292,uniform,uniform,10,0.0,0.0,0.0,4,0-1-3-2
independent,3456,vehicle_id_permuted,58,8.563418,0.55,9,8,8,164.8360562324524,447.79048919677734,285.3376319191673,0.48322429656982424,0.83428437,816.00006,10,159,7.346345000001027,53.56342,45.0,70.53342666666633,0.5,0.5068892240524292,uniform,uniform,10,0.0,0.0,0.0,4,0-1-3-2
independent,3456,vehicle_id_permuted,59,9.345766,0.65000004,7,7,7,148.47905626663794,399.7109127044678,246.10511486346905,0.5600212812423706,0.6398028,652.75934,10,159,7.346345000001027,44.345768,35.0,70.53342666666633,0.5,0.5068892240524292,uniform,uniform,10,0.0,0.0,0.0,4,0-1-3-2
independent,3456,vehicle_id_permuted,0,10.342005,1.0,0,0,0,167.22130626440048,476.1464595794678,219.2664806842804,0.7121687561273575,0.39521524,407.82843,10,159,7.300108333334758,10.342005,0.0,68.53172166666657,0.5,0.5068892240524292,uniform,uniform,10,0.0,0.0,0.0,5,3-0-2-1
independent,3456,vehicle_id_permuted,1,9.67,0.65000004,7,6,6,153.6674381677921,479.4942855834961,284.11974769372205,0.6025130271911621,0.64996696,672.00006,10,159,7.300108333334758,44.670006,35.000008,68.53172166666657,0.5,0.5068892240524292,uniform,uniform,10,0.0,0.0,0.0,5,3-0-2-1
independent,3456,vehicle_id_permuted,2,9.926358,0.65000004,7,7,7,182.17749540622418,447.04590797424316,261.508621435899,0.5828364580869675,0.50669867,624.00006,10,159,7.300108333334758,44.926353,34.999996,68.53172166666657,0.5,0.5068892240524292,uniform,uniform,10,0.0,0.0,0.0,5,3-0-2-1
independent,3456,vehicle_id_permuted,3,6.980609,0.6,8,8,8,156.2908624112606,443.6198043823242,287.29187846183777,0.4486900597810745,0.73793,887.14343,10,159,7.300108333334758,46.98061,40.0,68.53172166666657,0.5,0.5068892240524292,uniform,uniform,10,0.0,0.0,0.0,5,3-0-2-1
independent,3456,vehicle_id_permuted,4,8.361804,0.75,5,5,5,127.18433284759521,467.12419509887695,269.4693512916565,0.5572321295738221,0.69722825,720.00006,10,159,7.300108333334758,33.3618,24.999996,68.53172166666657,0.5,0.5068892240524292,uniform,uniform,10,0.0,0.0,0.0,5,3-0-2-1
independent,3456,vehicle_id_permuted,5,8.928733,0.7,6,5,5,128.2926202246121,466.11928939819336,257.7515264919826,0.5781212389469147,0.6382247,652.1266,10,159,7.300108333334758,38.928726,29.999992,68.53172166666657,0.5,0.5068892240524292,uniform,uniform,10,0.0,0.0,0.0,5,3-0-2-1
independent,3456,vehicle_id_permuted,6,9.482162,0.90000004,2,2,2,142.40153749783835,438.24331283569336,216.77163243293762,0.6232157289981842,0.5812917,537.6692,10,159,7.300108333334758,19.482157,9.999994,68.53172166666657,0.5,0.5068892240524292,uniform,uniform,10,0.0,0.0,0.0,5,3-0-2-1
independent,3456,vehicle_id_permuted,7,7.6442776,0.8,4,3,3,143.61185878515244,457.6169013977051,239.18243676424026,0.5250233948230744,0.7533347,745.57214,10,159,7.300108333334758,27.644278,20.0,68.53172166666657,0.5,0.5068892240524292,uniform,uniform,10,0.0,0.0,0.0,5,3-0-2-1
independent,3456,vehicle_id_permuted,8,10.655814,0.7,6,6,6,164.77044620684214,371.8383979797363,215.03018157822746,0.6180801391601562,0.5778974,541.2862,10,159,7.300108333334758,40.65582,30.000004,68.53172166666657,0.5,0.5068892240524292,uniform,uniform,10,0.0,0.0,0.0,5,3-0-2-1
independent,3456,vehicle_id_permuted,9,8.597968,0.75,5,4,4,174.11440896987915,474.4277000427246,279.14479875564575,0.5837168127298356,0.6690869,672.00006,10,159,7.300108333334758,33.597973,25.000004,68.53172166666657,0.5,0.5068892240524292,uniform,uniform,10,0.0,0.0,0.0,5,3-0-2-1
independent,3456,vehicle_id_permuted,10,8.779374,0.85,3,3,3,153.60080848721896,466.44049644470215,222.6970972033108,0.6162158638238907,0.6290574,579.30615,10,159,7.300108333334758,23.779377,15.000003,68.53172166666657,0.5,0.5068892240524292,uniform,uniform,10,0.0,0.0,0.0,5,3-0-2-1
independent,3456,vehicle_id_permuted,11,8.454417,0.90000004,2,2,2,166.66619211435318,429.0116214752197,263.56437007586163,0.5657751560211182,0.63862866,641.7119,10,159,7.300108333334758,18.45442,10.000003,68.53172166666657,0.5,0.5068892240524292,uniform,uniform,10,0.0,0.0,0.0,5,3-0-2-1
independent,3456,vehicle_id_permuted,12,11.581268,0.85,3,3,3,168.07229077114778,476.4444351196289,297.4589101006003,0.7245430320501327,0.25668544,432.0,10,159,7.300108333334758,26.581266,14.999998,68.53172166666657,0.5,0.5068892240524292,uniform,uniform,10,0.0,0.0,0.0,5,3-0-2-1
independent,3456,vehicle_id_permuted,13,6.690263,0.7,6,6,6,116.67922432933536,389.1916751861572,213.4945055416652,0.45948582887649536,0.678935,845.78735,10,159,7.300108333334758,36.69026,30.0,68.53172166666657,0.5,0.5068892240524292,uniform,uniform,10,0.0,0.0,0.0,5,3-0-2-1
independent,3456,vehicle_id_permuted,14,9.194589,0.85,3,2,2,170.32274765126846,450.3515338897705,256.63915157318115,0.6399172425270081,0.5813542,527.99994,10,159,7.300108333334758,24.194588,14.999999,68.53172166666657,0.5,0.5068892240524292,uniform,uniform,10,0.0,0.0,0.0,5,3-0-2-1
independent,3456,vehicle_id_permuted,15,8.0677,0.75,5,5,5,93.49029815196991,479.56621170043945,192.4360315799713,0.5533040702342987,0.59170437,713.2226,10,159,7.300108333334758,33.067703,25.000004,68.53172166666657,0.5,0.5068892240524292,uniform,uniform,10,0.0,0.0,0.0,5,3-0-2-1
independent,3456,vehicle_id_permuted,16,8.542381,0.75,5,4,4,149.1511138677597,457.10211753845215,253.86618566513062,0.5552832216024399,0.7099401,687.8373,10,159,7.300108333334758,33.54238,25.0,68.53172166666657,0.5,0.5068892240524292,uniform,uniform,10,0.0,0.0,0.0,5,3-0-2-1
independent,3456,vehicle_id_permuted,17,11.074003,0.90000004,2,2,2,132.16115345557532,463.80226135253906,257.91163206100464,0.712605619430542,0.25354335,391.59955,10,159,7.300108333334758,21.074007,10.000004,68.53172166666657,0.5,0.5068892240524292,uniform,uniform,10,0.0,0.0,0.0,5,3-0-2-1
independent,3456,vehicle_id_permuted,18,7.479688,0.8,4,4,4,156.06121692806482,472.94257164001465,229.7265601158142,0.5088947743177414,0.8254715,800.03125,10,159,7.300108333334758,27.479689,20.0,68.53172166666657,0.5,0.5068892240524292,uniform,uniform,10,0.0,0.0,0.0,5,3-0-2-1
independent,3456,vehicle_id_permuted,19,8.384757,0.65000004,7,4,4,140.34948183940008,413.3310127258301,216.81468101648184,0.5098817944526672,0.7241584,749.02716,10,159,7.300108333334758,43.384754,34.999996,68.53172166666657,0.5,0.5068892240524292,uniform,uniform,10,0.0,0.0,0.0,5,3-0-2-1
independent,3456,vehicle_id_permuted,20,9.329518,0.65000004,7,6,6,160.06323296290176,389.1347122192383,234.9581474524278,0.5552011728286743,0.6216022,662.0139,10,159,7.300108333334758,44.329517,35.0,68.53172166666657,0.5,0.5068892240524292,uniform,uniform,10,0.0,0.0,0.0,5,3-0-2-1
independent,3456,vehicle_id_permuted,21,7.240776,0.75,5,3,3,169.64518857002258,450.1635932922363,266.5593681335449,0.5089307457208634,0.7731897,779.92236,10,159,7.300108333334758,32.240776,25.0,68.53172166666657,0.5,0.5068892240524292,uniform,uniform,10,0.0,0.0,0.0,5,3-0-2-1
independent,3456,vehicle_id_permuted,22,9.14549,0.7,6,6,6,183.92579095704215,465.0581932067871,261.42750927380155,0.5596912443637848,0.6295462,686.4511,10,159,7.300108333334758,39.145493,30.000004,68.53172166666657,0.5,0.5068892240524292,uniform,uniform,10,0.0,0.0,0.0,5,3-0-2-1
independent,3456,vehicle_id_permuted,23,7.823176,0.75,5,5,5,135.04783952236176,478.6736011505127,249.67961144447327,0.5516843616962432,0.7680483,776.6825,10,159,7.300108333334758,32.823177,25.000002,68.53172166666657,0.5,0.5068892240524292,uniform,uniform,10,0.0,0.0,0.0,5,3-0-2-1
independent,3456,vehicle_id_permuted,24,9.04136,0.75,5,4,4,113.8321704864502,474.9456024169922,217.31936979293823,0.6173632383346558,0.6051495,585.6083,10,159,7.300108333334758,34.04136,25.0,68.53172166666657,0.5,0.5068892240524292,uniform,uniform,10,0.0,0.0,0.0,5,3-0-2-1
independent,3456,vehicle_id_permuted,25,9.202005,0.6,8,7,7,107.93254554271698,466.4028739929199,250.54320842027664,0.5429182589054108,0.5273183,720.00006,10,159,7.300108333334758,49.202003,40.0,68.53172166666657,0.5,0.5068892240524292,uniform,uniform,10,0.0,0.0,0.0,5,3-0-2-1
independent,3456,vehicle_id_permuted,26,8.393645,0.75,5,5,5,152.2999701499939,470.28937339782715,260.6856265068054,0.5698307037353516,0.639682,708.63556,10,159,7.300108333334758,33.393646,25.0,68.53172166666657,0.5,0.5068892240524292,uniform,uniform,10,0.0,0.0,0.0,5,3-0-2-1
independent,3456,vehicle_id_permuted,27,7.2204566,0.8,4,3,3,165.4900647327304,479.4789218902588,261.88099198043346,0.5363888770341874,0.6431803,748.7839,10,159,7.300108333334758,27.220453,19.999996,68.53172166666657,0.5,0.5068892240524292,uniform,uniform,10,0.0,0.0,0.0,5,3-0-2-1
independent,3456,vehicle_id_permuted,28,7.6451416,0.8,4,4,4,134.51096780598164,476.28687858581543,234.8503578454256,0.5694649010896683,0.69605374,678.9143,10,159,7.300108333334758,27.645142,20.0,68.53172166666657,0.5,0.5068892240524292,uniform,uniform,10,0.0,0.0,0.0,5,3-0-2-1
independent,3456,vehicle_id_permuted,29,9.204947,0.7,6,6,6,155.5329430103302,476.8268394470215,259.72376142229353,0.5595425307750702,0.6399347,698.5053,10,159,7.300108333334758,39.204952,30.000004,68.53172166666657,0.5,0.5068892240524292,uniform,uniform,10,0.0,0.0,0.0,5,3-0-2-1
independent,3456,vehicle_id_permuted,30,12.276239,0.7,6,5,5,153.84086889880044,478.5640811920166,245.960670539311,0.7400434941053391,0.29965585,367.97433,10,159,7.300108333334758,42.276237,29.999998,68.53172166666657,0.5,0.5068892240524292,uniform,uniform,10,0.0,0.0,0.0,5,3-0-2-1
independent,3456,vehicle_id_permuted,31,8.327523,0.75,5,5,5,120.19217240810394,390.6313419342041,234.19423079490662,0.503951907157898,0.7355394,760.4125,10,159,7.300108333334758,33.327522,25.0,68.53172166666657,0.5,0.5068892240524292,uniform,uniform,10,0.0,0.0,0.0,5,3-0-2-1
independent,3456,vehicle_id_permuted,32,6.948742,0.75,5,4,4,156.5814208984375,441.6647529602051,229.31230640411377,0.4832220017910004,0.78175014,809.8787,10,159,7.300108333334758,31.948742,25.0,68.53172166666657,0.5,0.5068892240524292,uniform,uniform,10,0.0,0.0,0.0,5,3-0-2-1
independent,3456,vehicle_id_permuted,33,6.9316173,0.55,9,9,9,132.3191873593764,469.1835880279541,220.53219665180552,0.4257007330656052,1.0067012,947.8384,10,159,7.300108333334758,51.93162,45.000004,68.53172166666657,0.5,0.5068892240524292,uniform,uniform,10,0.0,0.0,0.0,5,3-0-2-1
independent,3456,vehicle_id_permuted,34,9.869282,0.7,6,5,5,148.31787305218833,463.1576156616211,270.04769759518757,0.5730550915002823,0.6255352,672.00006,10,159,7.300108333334758,39.86928,30.0,68.53172166666657,0.5,0.5068892240524292,uniform,uniform,10,0.0,0.0,0.0,5,3-0-2-1
independent,3456,vehicle_id_permuted,35,7.5425367,0.8,4,4,4,113.73755497857928,464.2160224914551,217.83683069050312,0.5101405322551728,0.803319,780.74646,10,159,7.300108333334758,27.542536,20.0,68.53172166666657,0.5,0.5068892240524292,uniform,uniform,10,0.0,0.0,0.0,5,3-0-2-1
independent,3456,vehicle_id_permuted,36,9.716948,0.65000004,7,7,7,143.1998202433953,371.02063179016113,208.88333448996912,0.5897318720817566,0.62677747,595.7149,10,159,7.300108333334758,44.716953,35.000008,68.53172166666657,0.5,0.5068892240524292,uniform,uniform,10,0.0,0.0,0.0,5,3-0-2-1
independent,3456,vehicle_id_permuted,37,10.650001,0.4,12,10,10,156.79834887385368,412.4495601654053,276.16620004177094,0.5750000476837158,0.6172572,624.00006,10,159,7.300108333334758,70.65001,60.000008,68.53172166666657,0.5,0.5068892240524292,uniform,uniform,10,0.0,0.0,0.0,5,3-0-2-1
independent,3456,vehicle_id_permuted,38,8.713358,0.75,5,5,5,138.1179757118225,385.4512310028076,229.6919140815735,0.5288207530975342,0.6212848,712.66425,10,159,7.300108333334758,33.713356,24.999998,68.53172166666657,0.5,0.5068892240524292,uniform,uniform,10,0.0,0.0,0.0,5,3-0-2-1
independent,3456,vehicle_id_permuted,39,9.674069,0.65000004,7,6,6,212.46467718711267,428.6715030670166,278.1568523553702,0.5706908702850342,0.6488751,632.2737,10,159,7.300108333334758,44.674072,35.000004,68.53172166666657,0.5,0.5068892240524292,uniform,uniform,10,0.0,0.0,0.0,5,3-0-2-1
independent,3456,vehicle_id_permuted,40,9.317932,0.8,4,4,4,138.72986488044262,478.1198501586914,259.0253511071205,0.6003480792045593,0.61541885,621.45166,10,159,7.300108333334758,29.317932,20.0,68.53172166666657,0.5,0.5068892240524292,uniform,uniform,10,0.0,0.0,0.0,5,3-0-2-1
independent,3456,vehicle_id_permuted,41,5.833708,0.7,6,5,5,146.33445835539274,474.7415828704834,270.5127361842564,0.4120867282152176,0.9214115,1012.78796,10,159,7.300108333334758,35.833706,29.999998,68.53172166666657,0.5,0.5068892240524292,uniform,uniform,10,0.0,0.0,0.0,5,3-0-2-1
independent,3456,vehicle_id_permuted,42,6.5074058,0.8,4,3,3,123.62829890102148,465.82305908203125,241.47320240736008,0.507064425945282,0.718845,788.25946,10,159,7.300108333334758,26.507406,20.0,68.53172166666657,0.5,0.5068892240524292,uniform,uniform,10,0.0,0.0,0.0,5,3-0-2-1
independent,3456,vehicle_id_permuted,43,8.637093,0.65000004,7,5,5,118.1182273534628,425.8989143371582,218.62685900468094,0.5489465594291687,0.65644634,674.02277,10,159,7.300108333334758,43.63709,34.999996,68.53172166666657,0.5,0.5068892240524292,uniform,uniform,10,0.0,0.0,0.0,5,3-0-2-1
independent,3456,vehicle_id_permuted,44,9.309999,0.7,6,6,6,148.24116733457362,468.1819725036621,261.5249483074461,0.5796804904937745,0.6566438,672.00006,10,159,7.300108333334758,39.31,30.000002,68.53172166666657,0.5,0.5068892240524292,uniform,uniform,10,0.0,0.0,0.0,5,3-0-2-1
independent,3456,vehicle_id_permuted,45,10.400264,0.8,4,4,4,133.74008640646935,406.03434562683105,207.24728263914585,0.6338678598403931,0.4557934,510.97366,10,159,7.300108333334758,30.400269,20.000004,68.53172166666657,0.5,0.5068892240524292,uniform,uniform,10,0.0,0.0,0.0,5,3-0-2-1
independent,3456,vehicle_id_permuted,46,7.2763214,0.85,3,3,3,119.52883327708525,465.2929401397705,227.21456387463738,0.5583085507154465,0.60704035,689.3407,10,159,7.300108333334758,22.276321,15.0,68.53172166666657,0.5,0.5068892240524292,uniform,uniform,10,0.0,0.0,0.0,5,3-0-2-1
independent,3456,vehicle_id_permuted,47,9.97,0.7,6,5,5,156.22811845370703,453.4837245941162,280.2867607559477,0.5861894875764847,0.5251277,624.00006,10,159,7.300108333334758,39.97,30.0,68.53172166666657,0.5,0.5068892240524292,uniform,uniform,10,0.0,0.0,0.0,5,3-0-2-1
independent,3456,vehicle_id_permuted,48,9.241984,0.6,8,5,5,147.18422174453735,425.4378604888916,243.30091685056686,0.5250000953674316,0.67457336,720.00006,10,159,7.300108333334758,49.24199,40.000004,68.53172166666657,0.5,0.5068892240524292,uniform,uniform,10,0.0,0.0,0.0,5,3-0-2-1
independent,3456,vehicle_id_permuted,49,8.251617,0.75,5,4,4,118.90170323848724,473.8117790222168,232.29261708259583,0.5748221814632416,0.6505807,666.1534,10,159,7.300108333334758,33.25162,25.000004,68.53172166666657,0.5,0.5068892240524292,uniform,uniform,10,0.0,0.0,0.0,5,3-0-2-1
independent,3456,vehicle_id_permuted,50,9.424467,0.7,6,6,6,149.68880934374673,477.67215728759766,267.57374933787753,0.6040980249643326,0.6351612,624.00006,10,159,7.300108333334758,39.424465,29.999998,68.53172166666657,0.5,0.5068892240524292,uniform,uniform,10,0.0,0.0,0.0,5,3-0-2-1
independent,3456,vehicle_id_permuted,51,8.433636,0.75,5,5,5,156.73458409309387,471.2372875213623,259.4182415008545,0.5971879750490189,0.6245235,620.6365,10,159,7.300108333334758,33.433636,25.0,68.53172166666657,0.5,0.5068892240524292,uniform,uniform,10,0.0,0.0,0.0,5,3-0-2-1
independent,3456,vehicle_id_permuted,52,9.520409,0.85,3,3,3,178.88685422785142,444.65572357177734,252.97996906673208,0.6079159021377564,0.58901995,573.4573,10,159,7.300108333334758,24.520409,15.0,68.53172166666657,0.5,0.5068892240524292,uniform,uniform,10,0.0,0.0,0.0,5,3-0-2-1
independent,3456,vehicle_id_permuted,53,8.56487,0.8,4,2,2,132.56021976470947,460.59725761413574,246.53737977147102,0.5736035495996475,0.6284135,655.2785,10,159,7.300108333334758,28.56487,20.0,68.53172166666657,0.5,0.5068892240524292,uniform,uniform,10,0.0,0.0,0.0,5,3-0-2-1
independent,3456,vehicle_id_permuted,54,6.46399,0.75,5,4,4,162.8921514749527,434.8437309265137,221.64693403244019,0.45352514982223513,0.79535437,860.07556,10,159,7.300108333334758,31.46399,25.0,68.53172166666657,0.5,0.5068892240524292,uniform,uniform,10,0.0,0.0,0.0,5,3-0-2-1
independent,3456,vehicle_id_permuted,55,12.02,0.90000004,2,2,2,161.87558035055795,455.4101085662842,265.9737281004588,0.7199538230895997,0.29574746,383.99997,10,159,7.300108333334758,22.020004,10.000004,68.53172166666657,0.5,0.5068892240524292,uniform,uniform,10,0.0,0.0,0.0,5,3-0-2-1
independent,3456,vehicle_id_permuted,56,9.344518,0.7,6,4,4,107.32195053781781,375.75822830200195,212.74632019656045,0.5700269937515259,0.6333323,633.54816,10,159,7.300108333334758,39.34452,30.000004,68.53172166666657,0.5,0.5068892240524292,uniform,uniform,10,0.0,0.0,0.0,5,3-0-2-1
independent,3456,vehicle_id_permuted,57,9.566266,0.7,6,6,6,179.3548881156104,436.1148262023926,284.8364161593573,0.5521432101726532,0.56350464,672.00006,10,159,7.300108333334758,39.56627,30.000004,68.53172166666657,0.5,0.5068892240524292,uniform,uniform,10,0.0,0.0,0.0,5,3-0-2-1
independent,3456,vehicle_id_permuted,58,8.563418,0.55,9,8,8,164.8360562324524,447.79048919677734,285.3376319191673,0.48322429656982424,0.83428437,816.00006,10,159,7.300108333334758,53.563423,45.000004,68.53172166666657,0.5,0.5068892240524292,uniform,uniform,10,0.0,0.0,0.0,5,3-0-2-1
independent,3456,vehicle_id_permuted,59,9.345767,0.65000004,7,7,7,148.47905626663794,399.7109127044678,246.10511486346905,0.5600212812423706,0.6398028,652.75934,10,159,7.300108333334758,44.345768,35.0,68.53172166666657,0.5,0.5068892240524292,uniform,uniform,10,0.0,0.0,0.0,5,3-0-2-1
independent,3456,vehicle_id_permuted,0,10.342005,1.0,0,0,0,167.22130626440048,476.1464595794678,219.2664806842804,0.7121687561273575,0.39521524,407.82843,10,159,7.281860000002401,10.342004,-9.536743e-07,70.51328333333325,0.5,0.5068892240524292,uniform,uniform,10,0.0,0.0,0.0,6,2-3-0-1
independent,3456,vehicle_id_permuted,1,9.67,0.65000004,7,6,6,153.6674381677921,479.4942855834961,284.11974769372205,0.6025130271911621,0.64996696,672.00006,10,159,7.281860000002401,44.670006,35.000008,70.51328333333325,0.5,0.5068892240524292,uniform,uniform,10,0.0,0.0,0.0,6,2-3-0-1
independent,3456,vehicle_id_permuted,2,9.926358,0.65000004,7,7,7,182.17749540622418,447.04590797424316,261.508621435899,0.5828364580869675,0.50669867,624.00006,10,159,7.281860000002401,44.926353,34.999996,70.51328333333325,0.5,0.5068892240524292,uniform,uniform,10,0.0,0.0,0.0,6,2-3-0-1
independent,3456,vehicle_id_permuted,3,6.980609,0.6,8,8,8,156.2908624112606,443.6198043823242,287.29187846183777,0.4486900895833969,0.73793,887.14343,10,159,7.281860000002401,46.98061,40.0,70.51328333333325,0.5,0.5068892240524292,uniform,uniform,10,0.0,0.0,0.0,6,2-3-0-1
independent,3456,vehicle_id_permuted,4,8.361804,0.75,5,5,5,127.18433284759521,467.12419509887695,269.4693512916565,0.5572320699691773,0.69722825,720.00006,10,159,7.281860000002401,33.361805,25.0,70.51328333333325,0.5,0.5068892240524292,uniform,uniform,10,0.0,0.0,0.0,6,2-3-0-1
independent,3456,vehicle_id_permuted,5,8.928733,0.7,6,5,5,128.2926202246121,466.11928939819336,257.7515264919826,0.5781212389469147,0.6382247,652.1266,10,159,7.281860000002401,38.928726,29.999992,70.51328333333325,0.5,0.5068892240524292,uniform,uniform,10,0.0,0.0,0.0,6,2-3-0-1
independent,3456,vehicle_id_permuted,6,9.482162,0.90000004,2,2,2,142.40153749783835,438.24331283569336,216.77163243293762,0.6232157289981842,0.5812917,537.6692,10,159,7.281860000002401,19.482157,9.999994,70.51328333333325,0.5,0.5068892240524292,uniform,uniform,10,0.0,0.0,0.0,6,2-3-0-1
independent,3456,vehicle_id_permuted,7,7.6442776,0.8,4,3,3,143.61185878515244,457.6169013977051,239.18243676424026,0.5250233352184296,0.7533347,745.57214,10,159,7.281860000002401,27.644278,20.0,70.51328333333325,0.5,0.5068892240524292,uniform,uniform,10,0.0,0.0,0.0,6,2-3-0-1
independent,3456,vehicle_id_permuted,8,10.655815,0.7,6,6,6,164.77044620684214,371.8383979797363,215.03018157822746,0.6180801391601562,0.5778974,541.2862,10,159,7.281860000002401,40.65582,30.000004,70.51328333333325,0.5,0.5068892240524292,uniform,uniform,10,0.0,0.0,0.0,6,2-3-0-1
independent,3456,vehicle_id_permuted,9,8.597968,0.75,5,4,4,174.11440896987915,474.4277000427246,279.14479875564575,0.5837168127298356,0.6690869,672.00006,10,159,7.281860000002401,33.597973,25.000004,70.51328333333325,0.5,0.5068892240524292,uniform,uniform,10,0.0,0.0,0.0,6,2-3-0-1
independent,3456,vehicle_id_permuted,10,8.779374,0.85,3,3,3,153.60080848721896,466.44049644470215,222.6970972033108,0.6162158638238907,0.6290574,579.30615,10,159,7.281860000002401,23.779375,15.000001,70.51328333333325,0.5,0.5068892240524292,uniform,uniform,10,0.0,0.0,0.0,6,2-3-0-1
independent,3456,vehicle_id_permuted,11,8.454417,0.90000004,2,2,2,166.66619211435318,429.0116214752197,263.56437007586163,0.5657751560211182,0.63862866,641.7119,10,159,7.281860000002401,18.454418,10.000001,70.51328333333325,0.5,0.5068892240524292,uniform,uniform,10,0.0,0.0,0.0,6,2-3-0-1
independent,3456,vehicle_id_permuted,12,11.581268,0.85,3,3,3,168.07229077114778,476.4444351196289,297.4589101006003,0.7245430320501327,0.25668544,432.0,10,159,7.281860000002401,26.581266,14.999998,70.51328333333325,0.5,0.5068892240524292,uniform,uniform,10,0.0,0.0,0.0,6,2-3-0-1
independent,3456,vehicle_id_permuted,13,6.690263,0.7,6,6,6,116.67922432933536,389.1916751861572,213.4945055416652,0.45948582887649536,0.678935,845.78735,10,159,7.281860000002401,36.69026,30.0,70.51328333333325,0.5,0.5068892240524292,uniform,uniform,10,0.0,0.0,0.0,6,2-3-0-1
independent,3456,vehicle_id_permuted,14,9.194589,0.85,3,2,2,170.32274765126846,450.3515338897705,256.63915157318115,0.6399172425270081,0.5813542,527.99994,10,159,7.281860000002401,24.194592,15.000003,70.51328333333325,0.5,0.5068892240524292,uniform,uniform,10,0.0,0.0,0.0,6,2-3-0-1
independent,3456,vehicle_id_permuted,15,8.067699,0.75,5,5,5,93.49029815196991,479.56621170043945,192.4360315799713,0.5533040702342987,0.59170437,713.2226,10,159,7.281860000002401,33.067703,25.000004,70.51328333333325,0.5,0.5068892240524292,uniform,uniform,10,0.0,0.0,0.0,6,2-3-0-1
independent,3456,vehicle_id_permuted,16,8.542381,0.75,5,4,4,149.1511138677597,457.10211753845215,253.86618566513062,0.5552832216024399,0.7099401,687.8373,10,159,7.281860000002401,33.54238,25.0,70.51328333333325,0.5,0.5068892240524292,uniform,uniform,10,0.0,0.0,0.0,6,2-3-0-1
independent,3456,vehicle_id_permuted,17,11.074003,0.90000004,2,2,2,132.16115345557532,463.80226135253906,257.91163206100464,0.712605619430542,0.25354335,391.59955,10,159,7.281860000002401,21.074005,10.000002,70.51328333333325,0.5,0.5068892240524292,uniform,uniform,10,0.0,0.0,0.0,6,2-3-0-1
independent,3456,vehicle_id_permuted,18,7.479688,0.8,4,4,4,156.06121692806482,472.94257164001465,229.7265601158142,0.5088947743177414,0.8254715,800.03125,10,159,7.281860000002401,27.47969,20.000002,70.51328333333325,0.5,0.5068892240524292,uniform,uniform,10,0.0,0.0,0.0,6,2-3-0-1
independent,3456,vehicle_id_permuted,19,8.384758,0.65000004,7,4,4,140.34948183940008,413.3310127258301,216.81468101648184,0.5098817944526672,0.7241584,749.02716,10,159,7.281860000002401,43.384754,34.999996,70.51328333333325,0.5,0.5068892240524292,uniform,uniform,10,0.0,0.0,0.0,6,2-3-0-1
independent,3456,vehicle_id_permuted,20,9.329518,0.65000004,7,6,6,160.06323296290176,389.1347122192383,234.9581474524278,0.5552011728286743,0.6216022,662.0139,10,159,7.281860000002401,44.329517,35.0,70.51328333333325,0.5,0.5068892240524292,uniform,uniform,10,0.0,0.0,0.0,6,2-3-0-1
independent,3456,vehicle_id_permuted,21,7.240776,0.75,5,3,3,169.64518857002258,450.1635932922363,266.5593681335449,0.5089307755231858,0.7731897,779.92236,10,159,7.281860000002401,32.240776,25.0,70.51328333333325,0.5,0.5068892240524292,uniform,uniform,10,0.0,0.0,0.0,6,2-3-0-1
independent,3456,vehicle_id_permuted,22,9.14549,0.7,6,6,6,183.92579095704215,465.0581932067871,261.42750927380155,0.5596912443637848,0.62954617,686.4511,10,159,7.281860000002401,39.145493,30.000004,70.51328333333325,0.5,0.5068892240524292,uniform,uniform,10,0.0,0.0,0.0,6,2-3-0-1
independent,3456,vehicle_id_permuted,23,7.8231754,0.75,5,5,5,135.04783952236176,478.6736011505127,249.67961144447327,0.5516843616962432,0.7680483,776.6825,10,159,7.281860000002401,32.823177,25.000002,70.51328333333325,0.5,0.5068892240524292,uniform,uniform,10,0.0,0.0,0.0,6,2-3-0-1
independent,3456,vehicle_id_permuted,24,9.04136,0.75,5,4,4,113.8321704864502,474.9456024169922,217.31936979293823,0.6173632383346558,0.6051495,585.6083,10,159,7.281860000002401,34.04136,25.0,70.51328333333325,0.5,0.5068892240524292,uniform,uniform,10,0.0,0.0,0.0,6,2-3-0-1
independent,3456,vehicle_id_permuted,25,9.202005,0.6,8,7,7,107.93254554271698,466.4028739929199,250.54320842027664,0.542918199300766,0.5273183,720.00006,10,159,7.281860000002401,49.202003,40.0,70.51328333333325,0.5,0.5068892240524292,uniform,uniform,10,0.0,0.0,0.0,6,2-3-0-1
independent,3456,vehicle_id_permuted,26,8.393645,0.75,5,5,5,152.2999701499939,470.28937339782715,260.6856265068054,0.5698307037353516,0.639682,708.63556,10,159,7.281860000002401,33.393646,25.0,70.51328333333325,0.5,0.5068892240524292,uniform,uniform,10,0.0,0.0,0.0,6,2-3-0-1
independent,3456,vehicle_id_permuted,27,7.220457,0.8,4,3,3,165.4900647327304,479.4789218902588,261.88099198043346,0.5363888770341874,0.6431803,748.7839,10,159,7.281860000002401,27.220453,19.999996,70.51328333333325,0.5,0.5068892240524292,uniform,uniform,10,0.0,0.0,0.0,6,2-3-0-1
independent,3456,vehicle_id_permuted,28,7.6451416,0.8,4,4,4,134.51096780598164,476.28687858581543,234.8503578454256,0.5694649010896683,0.69605374,678.9143,10,159,7.281860000002401,27.645142,20.0,70.51328333333325,0.5,0.5068892240524292,uniform,uniform,10,0.0,0.0,0.0,6,2-3-0-1
independent,3456,vehicle_id_permuted,29,9.2049465,0.7,6,6,6,155.5329430103302,476.8268394470215,259.72376142229353,0.5595425307750702,0.6399347,698.5053,10,159,7.281860000002401,39.20495,30.000002,70.51328333333325,0.5,0.5068892240524292,uniform,uniform,10,0.0,0.0,0.0,6,2-3-0-1
independent,3456,vehicle_id_permuted,30,12.276239,0.7,6,5,5,153.84086889880044,478.5640811920166,245.960670539311,0.7400434345006943,0.29965585,367.97433,10,159,7.281860000002401,42.276234,29.999994,70.51328333333325,0.5,0.5068892240524292,uniform,uniform,10,0.0,0.0,0.0,6,2-3-0-1
independent,3456,vehicle_id_permuted,31,8.327523,0.75,5,5,5,120.19217240810394,390.6313419342041,234.19423079490662,0.503951907157898,0.7355394,760.4125,10,159,7.281860000002401,33.327522,25.0,70.51328333333325,0.5,0.5068892240524292,uniform,uniform,10,0.0,0.0,0.0,6,2-3-0-1
independent,3456,vehicle_id_permuted,32,6.948742,0.75,5,4,4,156.5814208984375,441.6647529602051,229.31230640411377,0.483221971988678,0.78175014,809.8787,10,159,7.281860000002401,31.948742,25.0,70.51328333333325,0.5,0.5068892240524292,uniform,uniform,10,0.0,0.0,0.0,6,2-3-0-1
independent,3456,vehicle_id_permuted,33,6.9316173,0.55,9,9,9,132.3191873593764,469.1835880279541,220.53219665180552,0.4257007330656052,1.0067012,947.8384,10,159,7.281860000002401,51.93162,45.000004,70.51328333333325,0.5,0.5068892240524292,uniform,uniform,10,0.0,0.0,0.0,6,2-3-0-1
independent,3456,vehicle_id_permuted,34,9.869282,0.7,6,5,5,148.31787305218833,463.1576156616211,270.04769759518757,0.5730550915002823,0.6255352,672.00006,10,159,7.281860000002401,39.86928,30.0,70.51328333333325,0.5,0.5068892240524292,uniform,uniform,10,0.0,0.0,0.0,6,2-3-0-1
independent,3456,vehicle_id_permuted,35,7.5425367,0.8,4,4,4,113.73755497857928,464.2160224914551,217.83683069050312,0.5101405322551728,0.803319,780.74646,10,159,7.281860000002401,27.542534,19.999996,70.51328333333325,0.5,0.5068892240524292,uniform,uniform,10,0.0,0.0,0.0,6,2-3-0-1
independent,3456,vehicle_id_permuted,36,9.716948,0.65000004,7,7,7,143.1998202433953,371.02063179016113,208.88333448996912,0.5897318720817566,0.6267775,595.7149,10,159,7.281860000002401,44.716953,35.000008,70.51328333333325,0.5,0.5068892240524292,uniform,uniform,10,0.0,0.0,0.0,6,2-3-0-1
independent,3456,vehicle_id_permuted,37,10.650001,0.4,12,10,10,156.79834887385368,412.4495601654053,276.16620004177094,0.5750000476837158,0.6172572,624.00006,10,159,7.281860000002401,70.65,60.0,70.51328333333325,0.5,0.5068892240524292,uniform,uniform,10,0.0,0.0,0.0,6,2-3-0-1
independent,3456,vehicle_id_permuted,38,8.713358,0.75,5,5,5,138.1179757118225,385.4512310028076,229.6919140815735,0.5288207530975342,0.6212848,712.66425,10,159,7.281860000002401,33.713356,24.999998,70.51328333333325,0.5,0.5068892240524292,uniform,uniform,10,0.0,0.0,0.0,6,2-3-0-1
independent,3456,vehicle_id_permuted,39,9.674069,0.65000004,7,6,6,212.46467718711267,428.6715030670166,278.1568523553702,0.5706908702850342,0.6488751,632.2737,10,159,7.281860000002401,44.674072,35.000004,70.51328333333325,0.5,0.5068892240524292,uniform,uniform,10,0.0,0.0,0.0,6,2-3-0-1
independent,3456,vehicle_id_permuted,40,9.317932,0.8,4,4,4,138.72986488044262,478.1198501586914,259.0253511071205,0.6003480792045593,0.61541885,621.45166,10,159,7.281860000002401,29.31793,19.999998,70.51328333333325,0.5,0.5068892240524292,uniform,uniform,10,0.0,0.0,0.0,6,2-3-0-1
independent,3456,vehicle_id_permuted,41,5.833708,0.7,6,5,5,146.33445835539274,474.7415828704834,270.5127361842564,0.4120867282152176,0.9214115,1012.78796,10,159,7.281860000002401,35.833706,29.999998,70.51328333333325,0.5,0.5068892240524292,uniform,uniform,10,0.0,0.0,0.0,6,2-3-0-1
independent,3456,vehicle_id_permuted,42,6.507406,0.8,4,3,3,123.62829890102148,465.82305908203125,241.47320240736008,0.507064425945282,0.718845,788.25946,10,159,7.281860000002401,26.507406,20.0,70.51328333333325,0.5,0.5068892240524292,uniform,uniform,10,0.0,0.0,0.0,6,2-3-0-1
independent,3456,vehicle_id_permuted,43,8.637093,0.65000004,7,5,5,118.1182273534628,425.8989143371582,218.62685900468094,0.5489464998245239,0.65644634,674.02277,10,159,7.281860000002401,43.63709,34.999996,70.51328333333325,0.5,0.5068892240524292,uniform,uniform,10,0.0,0.0,0.0,6,2-3-0-1
independent,3456,vehicle_id_permuted,44,9.31,0.7,6,6,6,148.24116733457362,468.1819725036621,261.5249483074461,0.5796804904937745,0.6566438,672.00006,10,159,7.281860000002401,39.310005,30.000004,70.51328333333325,0.5,0.5068892240524292,uniform,uniform,10,0.0,0.0,0.0,6,2-3-0-1
independent,3456,vehicle_id_permuted,45,10.400263,0.8,4,4,4,133.74008640646935,406.03434562683105,207.24728263914585,0.6338679194450378,0.4557934,510.97366,10,159,7.281860000002401,30.400263,20.0,70.51328333333325,0.5,0.5068892240524292,uniform,uniform,10,0.0,0.0,0.0,6,2-3-0-1
independent,3456,vehicle_id_permuted,46,7.2763214,0.85,3,3,3,119.52883327708525,465.2929401397705,227.21456387463738,0.5583085507154465,0.60704035,689.3407,10,159,7.281860000002401,22.276321,15.0,70.51328333333325,0.5,0.5068892240524292,uniform,uniform,10,0.0,0.0,0.0,6,2-3-0-1
independent,3456,vehicle_id_permuted,47,9.97,0.7,6,5,5,156.22811845370703,453.4837245941162,280.2867607559477,0.5861894875764847,0.5251277,624.00006,10,159,7.281860000002401,39.97,30.0,70.51328333333325,0.5,0.5068892240524292,uniform,uniform,10,0.0,0.0,0.0,6,2-3-0-1
independent,3456,vehicle_id_permuted,48,9.241984,0.6,8,5,5,147.18422174453735,425.4378604888916,243.30091685056686,0.5250000357627869,0.67457336,720.00006,10,159,7.281860000002401,49.24199,40.000004,70.51328333333325,0.5,0.5068892240524292,uniform,uniform,10,0.0,0.0,0.0,6,2-3-0-1
independent,3456,vehicle_id_permuted,49,8.251617,0.75,5,4,4,118.90170323848724,473.8117790222168,232.29261708259583,0.5748221218585968,0.6505807,666.1534,10,159,7.281860000002401,33.251617,25.0,70.51328333333325,0.5,0.5068892240524292,uniform,uniform,10,0.0,0.0,0.0,6,2-3-0-1
independent,3456,vehicle_id_permuted,50,9.424468,0.7,6,6,6,149.68880934374673,477.67215728759766,267.57374933787753,0.6040980249643326,0.6351612,624.00006,10,159,7.281860000002401,39.424465,29.999996,70.51328333333325,0.5,0.5068892240524292,uniform,uniform,10,0.0,0.0,0.0,6,2-3-0-1
independent,3456,vehicle_id_permuted,51,8.433636,0.75,5,5,5,156.73458409309387,471.2372875213623,259.4182415008545,0.5971879750490189,0.6245235,620.6365,10,159,7.281860000002401,33.433636,25.0,70.51328333333325,0.5,0.5068892240524292,uniform,uniform,10,0.0,0.0,0.0,6,2-3-0-1
independent,3456,vehicle_id_permuted,52,9.520409,0.85,3,3,3,178.88685422785142,444.65572357177734,252.97996906673208,0.6079159021377564,0.58901995,573.45734,10,159,7.281860000002401,24.52041,15.000002,70.51328333333325,0.5,0.5068892240524292,uniform,uniform,10,0.0,0.0,0.0,6,2-3-0-1
independent,3456,vehicle_id_permuted,53,8.56487,0.8,4,2,2,132.56021976470947,460.59725761413574,246.53737977147102,0.5736035495996475,0.6284135,655.2785,10,159,7.281860000002401,28.56487,20.0,70.51328333333325,0.5,0.5068892240524292,uniform,uniform,10,0.0,0.0,0.0,6,2-3-0-1
independent,3456,vehicle_id_permuted,54,6.4639897,0.75,5,4,4,162.8921514749527,434.8437309265137,221.64693403244019,0.4535251796245575,0.79535437,860.07556,10,159,7.281860000002401,31.46399,25.0,70.51328333333325,0.5,0.5068892240524292,uniform,uniform,10,0.0,0.0,0.0,6,2-3-0-1
independent,3456,vehicle_id_permuted,55,12.02,0.90000004,2,2,2,161.87558035055795,455.4101085662842,265.9737281004588,0.7199538230895997,0.29574746,383.99997,10,159,7.281860000002401,22.020004,10.000004,70.51328333333325,0.5,0.5068892240524292,uniform,uniform,10,0.0,0.0,0.0,6,2-3-0-1
independent,3456,vehicle_id_permuted,56,9.344519,0.7,6,4,4,107.32195053781781,375.75822830200195,212.74632019656045,0.5700269937515259,0.6333323,633.54816,10,159,7.281860000002401,39.34452,30.000002,70.51328333333325,0.5,0.5068892240524292,uniform,uniform,10,0.0,0.0,0.0,6,2-3-0-1
independent,3456,vehicle_id_permuted,57,9.566265,0.7,6,6,6,179.3548881156104,436.1148262023926,284.8364161593573,0.5521432101726532,0.56350464,672.00006,10,159,7.281860000002401,39.56627,30.000004,70.51328333333325,0.5,0.5068892240524292,uniform,uniform,10,0.0,0.0,0.0,6,2-3-0-1
independent,3456,vehicle_id_permuted,58,8.563418,0.55,9,8,8,164.8360562324524,447.79048919677734,285.3376319191673,0.48322429656982424,0.83428437,816.00006,10,159,7.281860000002401,53.563423,45.000004,70.51328333333325,0.5,0.5068892240524292,uniform,uniform,10,0.0,0.0,0.0,6,2-3-0-1
independent,3456,vehicle_id_permuted,59,9.345766,0.65000004,7,7,7,148.47905626663794,399.7109127044678,246.10511486346905,0.5600212812423706,0.6398028,652.75934,10,159,7.281860000002401,44.345764,35.0,70.51328333333325,0.5,0.5068892240524292,uniform,uniform,10,0.0,0.0,0.0,6,2-3-0-1
independent,3456,vehicle_id_permuted,0,10.342005,1.0,0,0,0,167.22130626440048,476.1464595794678,219.2664806842804,0.7121687561273575,0.39521524,407.82843,10,159,7.136574999997454,10.342004,-9.536743e-07,67.95171333333343,0.5,0.5068892240524292,uniform,uniform,10,0.0,0.0,0.0,7,2-1-3-0
independent,3456,vehicle_id_permuted,1,9.67,0.65000004,7,6,6,153.6674381677921,479.4942855834961,284.11974769372205,0.6025130271911621,0.64996696,672.00006,10,159,7.136574999997454,44.67,35.0,67.95171333333343,0.5,0.5068892240524292,uniform,uniform,10,0.0,0.0,0.0,7,2-1-3-0
independent,3456,vehicle_id_permuted,2,9.926358,0.65000004,7,7,7,182.17749540622418,447.04590797424316,261.508621435899,0.5828364580869675,0.5066986,624.00006,10,159,7.136574999997454,44.926353,34.999996,67.95171333333343,0.5,0.5068892240524292,uniform,uniform,10,0.0,0.0,0.0,7,2-1-3-0
independent,3456,vehicle_id_permuted,3,6.980609,0.6,8,8,8,156.2908624112606,443.6198043823242,287.29187846183777,0.4486900597810745,0.73793,887.14343,10,159,7.136574999997454,46.98061,40.0,67.95171333333343,0.5,0.5068892240524292,uniform,uniform,10,0.0,0.0,0.0,7,2-1-3-0
independent,3456,vehicle_id_permuted,4,8.361804,0.75,5,5,5,127.18433284759521,467.12419509887695,269.4693512916565,0.5572321295738221,0.69722825,720.00006,10,159,7.136574999997454,33.361805,25.0,67.95171333333343,0.5,0.5068892240524292,uniform,uniform,10,0.0,0.0,0.0,7,2-1-3-0
independent,3456,vehicle_id_permuted,5,8.928733,0.7,6,5,5,128.2926202246121,466.11928939819336,257.7515264919826,0.5781212389469147,0.6382247,652.1266,10,159,7.136574999997454,38.928726,29.999992,67.95171333333343,0.5,0.5068892240524292,uniform,uniform,10,0.0,0.0,0.0,7,2-1-3-0
independent,3456,vehicle_id_permuted,6,9.482162,0.90000004,2,2,2,142.40153749783835,438.24331283569336,216.77163243293762,0.6232157289981842,0.58129174,537.6692,10,159,7.136574999997454,19.482159,9.999996,67.95171333333343,0.5,0.5068892240524292,uniform,uniform,10,0.0,0.0,0.0,7,2-1-3-0
independent,3456,vehicle_id_permuted,7,7.6442776,0.8,4,3,3,143.61185878515244,457.6169013977051,239.18243676424026,0.5250233948230744,0.7533347,745.57214,10,159,7.136574999997454,27.644278,20.0,67.95171333333343,0.5,0.5068892240524292,uniform,uniform,10,0.0,0.0,0.0,7,2-1-3-0
independent,3456,vehicle_id_permuted,8,10.655814,0.7,6,6,6,164.77044620684214,371.8383979797363,215.03018157822746,0.6180801391601562,0.5778974,541.2862,10,159,7.136574999997454,40.655815,30.0,67.95171333333343,0.5,0.5068892240524292,uniform,uniform,10,0.0,0.0,0.0,7,2-1-3-0
independent,3456,vehicle_id_permuted,9,8.597968,0.75,5,4,4,174.11440896987915,474.4277000427246,279.14479875564575,0.5837168127298356,0.6690869,672.00006,10,159,7.136574999997454,33.597973,25.000004,67.95171333333343,0.5,0.5068892240524292,uniform,uniform,10,0.0,0.0,0.0,7,2-1-3-0
independent,3456,vehicle_id_permuted,10,8.779374,0.85,3,3,3,153.60080848721896,466.44049644470215,222.6970972033108,0.6162158638238907,0.62905747,579.30615,10,159,7.136574999997454,23.779375,15.000001,67.95171333333343,0.5,0.5068892240524292,uniform,uniform,10,0.0,0.0,0.0,7,2-1-3-0
independent,3456,vehicle_id_permuted,11,8.454417,0.90000004,2,2,2,166.66619211435318,429.0116214752197,263.56437007586163,0.5657751560211182,0.63862854,641.7119,10,159,7.136574999997454,18.454418,10.000001,67.95171333333343,0.5,0.5068892240524292,uniform,uniform,10,0.0,0.0,0.0,7,2-1-3-0
independent,3456,vehicle_id_permuted,12,11.581268,0.85,3,3,3,168.07229077114778,476.4444351196289,297.4589101006003,0.7245430320501327,0.2566854,432.0,10,159,7.136574999997454,26.581268,15.0,67.95171333333343,0.5,0.5068892240524292,uniform,uniform,10,0.0,0.0,0.0,7,2-1-3-0
independent,3456,vehicle_id_permuted,13,6.690263,0.7,6,6,6,116.67922432933536,389.1916751861572,213.4945055416652,0.45948582887649536,0.678935,845.78735,10,159,7.136574999997454,36.69026,30.0,67.95171333333343,0.5,0.5068892240524292,uniform,uniform,10,0.0,0.0,0.0,7,2-1-3-0
independent,3456,vehicle_id_permuted,14,9.194589,0.85,3,2,2,170.32274765126846,450.3515338897705,256.63915157318115,0.6399172425270081,0.5813542,527.99994,10,159,7.136574999997454,24.194595,15.000007,67.95171333333343,0.5,0.5068892240524292,uniform,uniform,10,0.0,0.0,0.0,7,2-1-3-0
independent,3456,vehicle_id_permuted,15,8.0677,0.75,5,5,5,93.49029815196991,479.56621170043945,192.4360315799713,0.5533040702342987,0.5917043,713.2226,10,159,7.136574999997454,33.0677,25.0,67.95171333333343,0.5,0.5068892240524292,uniform,uniform,10,0.0,0.0,0.0,7,2-1-3-0
independent,3456,vehicle_id_permuted,16,8.542381,0.75,5,4,4,149.1511138677597,457.10211753845215,253.86618566513062,0.5552832216024399,0.7099401,687.8373,10,159,7.136574999997454,33.54238,25.0,67.95171333333343,0.5,0.5068892240524292,uniform,uniform,10,0.0,0.0,0.0,7,2-1-3-0
independent,3456,vehicle_id_permuted,17,11.074003,0.90000004,2,2,2,132.16115345557532,463.80226135253906,257.91163206100464,0.712605619430542,0.25354335,391.59955,10,159,7.136574999997454,21.074005,10.000002,67.95171333333343,0.5,0.5068892240524292,uniform,uniform,10,0.0,0.0,0.0,7,2-1-3-0
independent,3456,vehicle_id_permuted,18,7.479688,0.8,4,4,4,156.06121692806482,472.94257164001465,229.7265601158142,0.5088947743177414,0.8254715,800.03125,10,159,7.136574999997454,27.47969,20.000002,67.95171333333343,0.5,0.5068892240524292,uniform,uniform,10,0.0,0.0,0.0,7,2-1-3-0
independent,3456,vehicle_id_permuted,19,8.384757,0.65000004,7,4,4,140.34948183940008,413.3310127258301,216.81468101648184,0.5098817944526672,0.7241585,749.02716,10,159,7.136574999997454,43.384754,34.999996,67.95171333333343,0.5,0.5068892240524292,uniform,uniform,10,0.0,0.0,0.0,7,2-1-3-0
independent,3456,vehicle_id_permuted,20,9.329518,0.65000004,7,6,6,160.06323296290176,389.1347122192383,234.9581474524278,0.5552011728286743,0.6216022,662.0139,10,159,7.136574999997454,44.329517,35.0,67.95171333333343,0.5,0.5068892240524292,uniform,uniform,10,0.0,0.0,0.0,7,2-1-3-0
independent,3456,vehicle_id_permuted,21,7.240776,0.75,5,3,3,169.64518857002258,450.1635932922363,266.5593681335449,0.5089307457208634,0.7731898,779.92236,10,159,7.136574999997454,32.240776,25.0,67.95171333333343,0.5,0.5068892240524292,uniform,uniform,10,0.0,0.0,0.0,7,2-1-3-0
independent,3456,vehicle_id_permuted,22,9.14549,0.7,6,6,6,183.92579095704215,465.0581932067871,261.42750927380155,0.5596912443637848,0.62954617,686.4511,10,159,7.136574999997454,39.145493,30.000004,67.95171333333343,0.5,0.5068892240524292,uniform,uniform,10,0.0,0.0,0.0,7,2-1-3-0
independent,3456,vehicle_id_permuted,23,7.823176,0.75,5,5,5,135.04783952236176,478.6736011505127,249.67961144447327,0.5516843616962432,0.7680482,776.6825,10,159,7.136574999997454,32.82318,25.000006,67.95171333333343,0.5,0.5068892240524292,uniform,uniform,10,0.0,0.0,0.0,7,2-1-3-0
independent,3456,vehicle_id_permuted,24,9.04136,0.75,5,4,4,113.8321704864502,474.9456024169922,217.31936979293823,0.6173632383346558,0.6051495,585.6083,10,159,7.136574999997454,34.04136,25.0,67.95171333333343,0.5,0.5068892240524292,uniform,uniform,10,0.0,0.0,0.0,7,2-1-3-0
independent,3456,vehicle_id_permuted,25,9.202005,0.6,8,7,7,107.93254554271698,466.4028739929199,250.54320842027664,0.5429182589054108,0.5273183,720.00006,10,159,7.136574999997454,49.202003,40.0,67.95171333333343,0.5,0.5068892240524292,uniform,uniform,10,0.0,0.0,0.0,7,2-1-3-0
independent,3456,vehicle_id_permuted,26,8.393645,0.75,5,5,5,152.2999701499939,470.28937339782715,260.6856265068054,0.5698307037353516,0.639682,708.63556,10,159,7.136574999997454,33.393646,25.0,67.95171333333343,0.5,0.5068892240524292,uniform,uniform,10,0.0,0.0,0.0,7,2-1-3-0
independent,3456,vehicle_id_permuted,27,7.2204566,0.8,4,3,3,165.4900647327304,479.4789218902588,261.88099198043346,0.5363888770341874,0.6431804,748.7839,10,159,7.136574999997454,27.220455,19.999998,67.95171333333343,0.5,0.5068892240524292,uniform,uniform,10,0.0,0.0,0.0,7,2-1-3-0
independent,3456,vehicle_id_permuted,28,7.6451416,0.8,4,4,4,134.51096780598164,476.28687858581543,234.8503578454256,0.5694649010896683,0.69605374,678.9143,10,159,7.136574999997454,27.645142,20.0,67.95171333333343,0.5,0.5068892240524292,uniform,uniform,10,0.0,0.0,0.0,7,2-1-3-0
independent,3456,vehicle_id_permuted,29,9.204947,0.7,6,6,6,155.5329430103302,476.8268394470215,259.72376142229353,0.5595425307750702,0.6399348,698.5053,10,159,7.136574999997454,39.204952,30.000004,67.95171333333343,0.5,0.5068892240524292,uniform,uniform,10,0.0,0.0,0.0,7,2-1-3-0
independent,3456,vehicle_id_permuted,30,12.276239,0.7,6,5,5,153.84086889880044,478.5640811920166,245.960670539311,0.7400434941053391,0.29965585,367.97433,10,159,7.136574999997454,42.276237,29.999998,67.95171333333343,0.5,0.5068892240524292,uniform,uniform,10,0.0,0.0,0.0,7,2-1-3-0
independent,3456,vehicle_id_permuted,31,8.327523,0.75,5,5,5,120.19217240810394,390.6313419342041,234.19423079490662,0.503951907157898,0.7355394,760.4125,10,159,7.136574999997454,33.327522,25.0,67.95171333333343,0.5,0.5068892240524292,uniform,uniform,10,0.0,0.0,0.0,7,2-1-3-0
independent,3456,vehicle_id_permuted,32,6.948742,0.75,5,4,4,156.5814208984375,441.6647529602051,229.31230640411377,0.4832220017910004,0.78175014,809.8787,10,159,7.136574999997454,31.948742,25.0,67.95171333333343,0.5,0.5068892240524292,uniform,uniform,10,0.0,0.0,0.0,7,2-1-3-0
independent,3456,vehicle_id_permuted,33,6.9316173,0.55,9,9,9,132.3191873593764,469.1835880279541,220.53219665180552,0.4257007330656052,1.0067012,947.8384,10,159,7.136574999997454,51.93162,45.000004,67.95171333333343,0.5,0.5068892240524292,uniform,uniform,10,0.0,0.0,0.0,7,2-1-3-0
independent,3456,vehicle_id_permuted,34,9.869282,0.7,6,5,5,148.31787305218833,463.1576156616211,270.04769759518757,0.5730550915002823,0.62553513,672.00006,10,159,7.136574999997454,39.869286,30.000004,67.95171333333343,0.5,0.5068892240524292,uniform,uniform,10,0.0,0.0,0.0,7,2-1-3-0
independent,3456,vehicle_id_permuted,35,7.5425367,0.8,4,4,4,113.73755497857928,464.2160224914551,217.83683069050312,0.5101405322551728,0.803319,780.74646,10,159,7.136574999997454,27.542534,19.999996,67.95171333333343,0.5,0.5068892240524292,uniform,uniform,10,0.0,0.0,0.0,7,2-1-3-0
independent,3456,vehicle_id_permuted,36,9.716948,0.65000004,7,7,7,143.1998202433953,371.02063179016113,208.88333448996912,0.5897318720817566,0.6267775,595.7149,10,159,7.136574999997454,44.716953,35.000008,67.95171333333343,0.5,0.5068892240524292,uniform,uniform,10,0.0,0.0,0.0,7,2-1-3-0
independent,3456,vehicle_id_permuted,37,10.650001,0.4,12,10,10,156.79834887385368,412.4495601654053,276.16620004177094,0.5750000476837158,0.6172572,624.00006,10,159,7.136574999997454,70.65,60.0,67.95171333333343,0.5,0.5068892240524292,uniform,uniform,10,0.0,0.0,0.0,7,2-1-3-0
independent,3456,vehicle_id_permuted,38,8.713358,0.75,5,5,5,138.1179757118225,385.4512310028076,229.6919140815735,0.5288207530975342,0.6212848,712.66425,10,159,7.136574999997454,33.713356,24.999998,67.95171333333343,0.5,0.5068892240524292,uniform,uniform,10,0.0,0.0,0.0,7,2-1-3-0
independent,3456,vehicle_id_permuted,39,9.674069,0.65000004,7,6,6,212.46467718711267,428.6715030670166,278.1568523553702,0.5706908702850342,0.6488751,632.2737,10,159,7.136574999997454,44.674072,35.000004,67.95171333333343,0.5,0.5068892240524292,uniform,uniform,10,0.0,0.0,0.0,7,2-1-3-0
independent,3456,vehicle_id_permuted,40,9.317932,0.8,4,4,4,138.72986488044262,478.1198501586914,259.0253511071205,0.6003480792045593,0.6154188,621.45166,10,159,7.136574999997454,29.317928,19.999996,67.95171333333343,0.5,0.5068892240524292,uniform,uniform,10,0.0,0.0,0.0,7,2-1-3-0
independent,3456,vehicle_id_permuted,41,5.833708,0.7,6,5,5,146.33445835539274,474.7415828704834,270.5127361842564,0.4120867282152176,0.9214115,1012.78796,10,159,7.136574999997454,35.833706,29.999998,67.95171333333343,0.5,0.5068892240524292,uniform,uniform,10,0.0,0.0,0.0,7,2-1-3-0
independent,3456,vehicle_id_permuted,42,6.5074058,0.8,4,3,3,123.62829890102148,465.82305908203125,241.47320240736008,0.507064425945282,0.71884507,788.25946,10,159,7.136574999997454,26.507406,20.0,67.95171333333343,0.5,0.5068892240524292,uniform,uniform,10,0.0,0.0,0.0,7,2-1-3-0
independent,3456,vehicle_id_permuted,43,8.637093,0.65000004,7,5,5,118.1182273534628,425.8989143371582,218.62685900468094,0.5489465594291687,0.65644634,674.02277,10,159,7.136574999997454,43.63709,34.999996,67.95171333333343,0.5,0.5068892240524292,uniform,uniform,10,0.0,0.0,0.0,7,2-1-3-0
independent,3456,vehicle_id_permuted,44,9.309999,0.7,6,6,6,148.24116733457362,468.1819725036621,261.5249483074461,0.5796804904937745,0.6566438,672.00006,10,159,7.136574999997454,39.31,30.000002,67.95171333333343,0.5,0.5068892240524292,uniform,uniform,10,0.0,0.0,0.0,7,2-1-3-0
independent,3456,vehicle_id_permuted,45,10.400264,0.8,4,4,4,133.74008640646935,406.03434562683105,207.24728263914585,0.6338678598403931,0.45579335,510.97366,10,159,7.136574999997454,30.400263,20.0,67.95171333333343,0.5,0.5068892240524292,uniform,uniform,10,0.0,0.0,0.0,7,2-1-3-0
independent,3456,vehicle_id_permuted,46,7.2763214,0.85,3,3,3,119.52883327708525,465.2929401397705,227.21456387463738,0.5583085507154465,0.60704035,689.3407,10,159,7.136574999997454,22.276321,15.0,67.95171333333343,0.5,0.5068892240524292,uniform,uniform,10,0.0,0.0,0.0,7,2-1-3-0
independent,3456,vehicle_id_permuted,47,9.97,0.7,6,5,5,156.22811845370703,453.4837245941162,280.2867607559477,0.5861894875764847,0.5251277,624.00006,10,159,7.136574999997454,39.970005,30.000004,67.95171333333343,0.5,0.5068892240524292,uniform,uniform,10,0.0,0.0,0.0,7,2-1-3-0
independent,3456,vehicle_id_permuted,48,9.241984,0.6,8,5,5,147.18422174453735,425.4378604888916,243.30091685056686,0.5250000953674316,0.67457336,720.00006,10,159,7.136574999997454,49.24199,40.000004,67.95171333333343,0.5,0.5068892240524292,uniform,uniform,10,0.0,0.0,0.0,7,2-1-3-0
independent,3456,vehicle_id_permuted,49,8.251617,0.75,5,4,4,118.90170323848724,473.8117790222168,232.29261708259583,0.5748221814632416,0.6505807,666.1534,10,159,7.136574999997454,33.251617,25.0,67.95171333333343,0.5,0.5068892240524292,uniform,uniform,10,0.0,0.0,0.0,7,2-1-3-0
independent,3456,vehicle_id_permuted,50,9.424467,0.7,6,6,6,149.68880934374673,477.67215728759766,267.57374933787753,0.6040980249643326,0.6351612,624.00006,10,159,7.136574999997454,39.424465,29.999998,67.95171333333343,0.5,0.5068892240524292,uniform,uniform,10,0.0,0.0,0.0,7,2-1-3-0
independent,3456,vehicle_id_permuted,51,8.433636,0.75,5,5,5,156.73458409309387,471.2372875213623,259.4182415008545,0.5971879750490189,0.6245234,620.6365,10,159,7.136574999997454,33.433636,25.0,67.95171333333343,0.5,0.5068892240524292,uniform,uniform,10,0.0,0.0,0.0,7,2-1-3-0
independent,3456,vehicle_id_permuted,52,9.520409,0.85,3,3,3,178.88685422785142,444.65572357177734,252.97996906673208,0.6079159021377564,0.58901995,573.45734,10,159,7.136574999997454,24.520405,14.999996,67.95171333333343,0.5,0.5068892240524292,uniform,uniform,10,0.0,0.0,0.0,7,2-1-3-0
independent,3456,vehicle_id_permuted,53,8.56487,0.8,4,2,2,132.56021976470947,460.59725761413574,246.53737977147102,0.5736035495996475,0.62841356,655.2785,10,159,7.136574999997454,28.56487,20.0,67.95171333333343,0.5,0.5068892240524292,uniform,uniform,10,0.0,0.0,0.0,7,2-1-3-0
independent,3456,vehicle_id_permuted,54,6.46399,0.75,5,4,4,162.8921514749527,434.8437309265137,221.64693403244019,0.45352514982223513,0.7953543,860.07556,10,159,7.136574999997454,31.46399,25.0,67.95171333333343,0.5,0.5068892240524292,uniform,uniform,10,0.0,0.0,0.0,7,2-1-3-0
independent,3456,vehicle_id_permuted,55,12.02,0.90000004,2,2,2,161.87558035055795,455.4101085662842,265.9737281004588,0.7199538230895997,0.29574746,383.99997,10,159,7.136574999997454,22.020002,10.000002,67.95171333333343,0.5,0.5068892240524292,uniform,uniform,10,0.0,0.0,0.0,7,2-1-3-0
independent,3456,vehicle_id_permuted,56,9.344518,0.7,6,4,4,107.32195053781781,375.75822830200195,212.74632019656045,0.5700269937515259,0.6333323,633.54816,10,159,7.136574999997454,39.34452,30.000004,67.95171333333343,0.5,0.5068892240524292,uniform,uniform,10,0.0,0.0,0.0,7,2-1-3-0
independent,3456,vehicle_id_permuted,57,9.566266,0.7,6,6,6,179.3548881156104,436.1148262023926,284.8364161593573,0.5521432101726532,0.56350464,672.00006,10,159,7.136574999997454,39.56627,30.000004,67.95171333333343,0.5,0.5068892240524292,uniform,uniform,10,0.0,0.0,0.0,7,2-1-3-0
independent,3456,vehicle_id_permuted,58,8.563418,0.55,9,8,8,164.8360562324524,447.79048919677734,285.3376319191673,0.48322429656982424,0.83428437,816.00006,10,159,7.136574999997454,53.563423,45.000004,67.95171333333343,0.5,0.5068892240524292,uniform,uniform,10,0.0,0.0,0.0,7,2-1-3-0
independent,3456,vehicle_id_permuted,59,9.345767,0.65000004,7,7,7,148.47905626663794,399.7109127044678,246.10511486346905,0.5600212812423706,0.63980275,652.75934,10,159,7.136574999997454,44.345768,35.0,67.95171333333343,0.5,0.5068892240524292,uniform,uniform,10,0.0,0.0,0.0,7,2-1-3-0
