selector,train_seed,scenario,instance,distance,qos,unserved,committed_not_completed,late,response_time_min,completion_time_min,vehicle_utilization,route_balance_cv,idle_boundary_wait_min,decision_epochs,selector_time_ms_per_instance,cost_with_penalty,penalty,wall_time_ms_per_instance,dynamic_ratio,mean_revelation_time,arrival_profile,spatial,segment_count,travel_noise,service_noise,congestion,mean_completion_time_min,replanning_events
shared,1234,in_distribution,0,15.621532,0.65000004,7,6,6,184.19984524066632,475.1938247680664,0.8728540867567063,0.06721415,107.04061,148,4.692462999997815,50.62154,35.000008,66.85854899999981,0.5,0.5146909356117249,uniform,uniform,10,0.0,0.0,0.0,,
shared,1234,in_distribution,1,15.449479,0.85,3,2,2,108.4609894542133,475.6754207611084,0.9013663321733476,0.10744419,41.05211,148,4.692462999997815,30.449482,15.000003,66.85854899999981,0.5,0.5146909356117249,uniform,uniform,10,0.0,0.0,0.0,,
shared,1234,in_distribution,2,12.53532,0.85,3,3,3,132.44838458650253,477.5243282318115,0.7854460865259171,0.20436192,265.4679,148,4.692462999997815,27.53532,15.0,66.85854899999981,0.5,0.5146909356117249,uniform,uniform,10,0.0,0.0,0.0,,
shared,1234,in_distribution,3,15.512912,0.65000004,7,6,6,128.8661150748913,424.5517158508301,0.8674323558807373,0.09389523,62.530075,148,4.692462999997815,50.51291,34.999996,66.85854899999981,0.5,0.5146909356117249,uniform,uniform,10,0.0,0.0,0.0,,
shared,1234,in_distribution,4,14.456125,0.90000004,2,2,2,96.92275216182072,461.5732097625733,0.9037427097558977,0.069644704,22.387411,148,4.692462999997815,24.456121,9.999996,66.85854899999981,0.5,0.5146909356117249,uniform,uniform,10,0.0,0.0,0.0,,
shared,1234,in_distribution,5,15.044812,0.8,4,4,4,147.3342265561223,443.8566684722901,0.8834492653608322,0.16325144,43.634205,148,4.692462999997815,35.044815,20.000004,66.85854899999981,0.5,0.5146909356117249,uniform,uniform,10,0.0,0.0,0.0,,
shared,1234,in_distribution,6,15.93305,0.7,6,6,6,105.92287378651756,456.3629722595215,0.91014843583107,0.083690554,4.8781,148,4.692462999997815,45.933052,30.000002,66.85854899999981,0.5,0.5146909356117249,uniform,uniform,10,0.0,0.0,0.0,,
shared,1234,in_distribution,7,15.66,0.8,4,1,1,182.35723681747916,476.6375255584717,0.9422221153974532,0.02706204,0.0,148,4.692462999997815,35.659996,19.999996,66.85854899999981,0.5,0.5146909356117249,uniform,uniform,10,0.0,0.0,0.0,,
shared,1234,in_distribution,8,14.0291815,0.8,4,3,3,124.67700496315956,425.52477836608887,0.8399613499641418,0.12709814,115.27434,148,4.692462999997815,34.029182,20.0,66.85854899999981,0.5,0.5146909356117249,uniform,uniform,10,0.0,0.0,0.0,,
shared,1234,in_distribution,9,14.732996,0.65000004,7,5,5,163.31074531261737,468.0705356597901,0.818923044204712,0.06210113,198.05249,148,4.692462999997815,49.732994,35.0,66.85854899999981,0.5,0.5146909356117249,uniform,uniform,10,0.0,0.0,0.0,,
shared,1234,in_distribution,10,8.043007,0.8,4,2,2,68.94052281975746,472.0951652526856,0.5465603411197663,0.41525292,718.6994,148,4.692462999997815,28.043007,20.0,66.85854899999981,0.5,0.5146909356117249,uniform,uniform,10,0.0,0.0,0.0,,
shared,1234,in_distribution,11,11.186371,0.90000004,2,2,2,150.3868418931961,474.2936038970947,0.689782801270485,0.38148665,460.66238,148,4.692462999997815,21.18637,10.0,66.85854899999981,0.5,0.5146909356117249,uniform,uniform,10,0.0,0.0,0.0,,
shared,1234,in_distribution,12,9.546923,0.90000004,2,2,2,108.22347422440846,461.8296718597412,0.6795747071504593,0.28800806,453.04626,148,4.692462999997815,19.546925,10.000002,66.85854899999981,0.5,0.5146909356117249,uniform,uniform,10,0.0,0.0,0.0,,
shared,1234,in_distribution,13,13.961295,0.8,4,4,4,114.4988601654768,400.7849979400635,0.8512926697731018,0.15390952,93.51814,148,4.692462999997815,33.961296,20.0,66.85854899999981,0.5,0.5146909356117249,uniform,uniform,10,0.0,0.0,0.0,,
shared,1234,in_distribution,14,15.361679,0.8,4,3,3,121.93145116791128,466.2331295013428,0.9178298503160476,0.08508825,0.0,148,4.692462999997815,35.36168,20.0,66.85854899999981,0.5,0.5146909356117249,uniform,uniform,10,0.0,0.0,0.0,,
shared,1234,in_distribution,15,15.848009,0.75,5,3,3,154.82895922660828,460.0327205657959,0.9304002344608306,0.026233006,2.1991024,148,4.692462999997815,40.848007,24.999998,66.85854899999981,0.5,0.5146909356117249,uniform,uniform,10,0.0,0.0,0.0,,
shared,1234,in_distribution,16,13.152609,0.95,1,1,1,91.92778145012105,451.6539859771729,0.8702911168336869,0.06734881,89.739006,148,4.692462999997815,18.152607,4.999998,66.85854899999981,0.5,0.5146909356117249,uniform,uniform,10,0.0,0.0,0.0,,
shared,1234,in_distribution,17,13.705948,0.95,1,1,1,111.17089179001356,448.0011177062988,0.8507860839366913,0.059344232,110.49195,148,4.692462999997815,18.705948,5.0,66.85854899999981,0.5,0.5146909356117249,uniform,uniform,10,0.0,0.0,0.0,,
shared,1234,in_distribution,18,9.180632,0.90000004,2,1,1,164.69911406437555,471.9546890258789,0.6494185745716095,0.44240972,551.1768,148,4.692462999997815,19.180634,10.000002,66.85854899999981,0.5,0.5146909356117249,uniform,uniform,10,0.0,0.0,0.0,,
shared,1234,in_distribution,19,10.39993,0.75,5,5,5,132.59747743606567,443.6074733734131,0.593404832482338,0.60887694,600.5353,148,4.692462999997815,35.399933,25.000004,66.85854899999981,0.5,0.5146909356117249,uniform,uniform,10,0.0,0.0,0.0,,
shared,1234,in_distribution,20,14.858213,0.85,3,2,2,106.2237792155322,455.319414138794,0.8810250788927079,0.060549825,64.732834,148,4.692462999997815,29.858215,15.000002,66.85854899999981,0.5,0.5146909356117249,uniform,uniform,10,0.0,0.0,0.0,,
shared,1234,in_distribution,21,8.345046,0.90000004,2,1,1,128.4753712018331,473.172025680542,0.5959295809268952,0.53291345,644.21643,148,4.692462999997815,18.345047,10.000001,66.85854899999981,0.5,0.5146909356117249,uniform,uniform,10,0.0,0.0,0.0,,
shared,1234,in_distribution,22,15.760687,0.7,6,5,5,131.84869587421417,416.6722583770752,0.8765984177589417,0.09858321,44.931244,148,4.692462999997815,45.76069,30.000002,66.85854899999981,0.5,0.5146909356117249,uniform,uniform,10,0.0,0.0,0.0,,
shared,1234,in_distribution,23,12.671798,0.7,6,5,5,149.40685029540742,446.0475254058838,0.7355350345373154,0.14554149,329.82037,148,4.692462999997815,42.6718,30.0,66.85854899999981,0.5,0.5146909356117249,uniform,uniform,10,0.0,0.0,0.0,,
shared,1234,in_distribution,24,16.773365,0.6,8,7,7,142.986800968647,478.4318447113037,0.9241833478212356,0.04218763,0.0,148,4.692462999997815,56.773357,39.999992,66.85854899999981,0.5,0.5146909356117249,uniform,uniform,10,0.0,0.0,0.0,,
shared,1234,in_distribution,25,13.609778,0.75,5,5,5,110.0470342040062,434.9253273010254,0.8273638427257538,0.15992026,142.38687,148,4.692462999997815,38.60978,25.0,66.85854899999981,0.5,0.5146909356117249,uniform,uniform,10,0.0,0.0,0.0,,
shared,1234,in_distribution,26,14.066121,0.90000004,2,2,2,94.4459829851985,466.6705513000488,0.8272730737924576,0.09914777,174.86528,148,4.692462999997815,24.06612,9.999999,66.85854899999981,0.5,0.5146909356117249,uniform,uniform,10,0.0,0.0,0.0,,
shared,1234,in_distribution,27,14.957617,0.7,6,6,6,79.67229813337326,477.56524085998535,0.8499764293432236,0.13322951,141.61063,148,4.692462999997815,44.957615,29.999998,66.85854899999981,0.5,0.5146909356117249,uniform,uniform,10,0.0,0.0,0.0,,
shared,1234,in_distribution,28,14.975966,0.55,9,7,7,175.73636867783287,479.8051929473877,0.833499652147293,0.069201946,227.40329,148,4.692462999997815,59.975967,45.0,66.85854899999981,0.5,0.5146909356117249,uniform,uniform,10,0.0,0.0,0.0,,
shared,1234,in_distribution,29,14.389397,0.8,4,3,3,94.48526792228222,477.5349998474121,0.8518411993980408,0.1397737,145.93831,148,4.692462999997815,34.38939,19.999992,66.85854899999981,0.5,0.5146909356117249,uniform,uniform,10,0.0,0.0,0.0,,
shared,1234,in_distribution,30,15.32,0.85,3,3,3,151.78534721626954,478.01310539245605,0.9367147207260133,0.06949784,5.722046e-06,148,4.692462999997815,30.32,15.0,66.85854899999981,0.5,0.5146909356117249,uniform,uniform,10,0.0,0.0,0.0,,
shared,1234,in_distribution,31,8.895352,0.7,6,3,3,125.8119272334235,479.0432167053223,0.5511255085468292,0.540518,752.46484,148,4.692462999997815,38.89535,30.0,66.85854899999981,0.5,0.5146909356117249,uniform,uniform,10,0.0,0.0,0.0,,
shared,1234,in_distribution,32,10.291718,0.8,4,4,4,109.20247731730342,387.4599552154541,0.5892207026481628,0.35216096,596.6963,148,4.692462999997815,30.291718,20.0,66.85854899999981,0.5,0.5146909356117249,uniform,uniform,10,0.0,0.0,0.0,,
shared,1234,in_distribution,33,14.012941,0.85,3,1,1,104.3232567871318,451.15922927856445,0.8645071923732758,0.061842065,87.30559,148,4.692462999997815,29.012938,14.999996,66.85854899999981,0.5,0.5146909356117249,uniform,uniform,10,0.0,0.0,0.0,,
shared,1234,in_distribution,34,13.237051,0.75,5,4,4,98.00537237524986,405.8817672729492,0.75291907787323,0.106708765,282.39557,148,4.692462999997815,38.237053,25.000002,66.85854899999981,0.5,0.5146909356117249,uniform,uniform,10,0.0,0.0,0.0,,
shared,1234,in_distribution,35,15.449232,0.7,6,6,6,123.01071907792772,437.8616523742676,0.8535116851329804,0.094931,95.119316,148,4.692462999997815,45.44924,30.00001,66.85854899999981,0.5,0.5146909356117249,uniform,uniform,10,0.0,0.0,0.0,,
shared,1234,in_distribution,36,14.510333,0.85,3,3,3,139.2479582043255,448.52142333984375,0.8325807094573975,0.080221675,145.9666,148,4.692462999997815,29.51033,14.999997,66.85854899999981,0.5,0.5146909356117249,uniform,uniform,10,0.0,0.0,0.0,,
shared,1234,in_distribution,37,7.7236805,0.75,5,5,5,83.94342494010925,435.5930614471436,0.4944122821092606,0.6792902,782.32166,148,4.692462999997815,32.72368,24.999998,66.85854899999981,0.5,0.5146909356117249,uniform,uniform,10,0.0,0.0,0.0,,
shared,1234,in_distribution,38,16.228333,0.7,6,5,5,159.6513987013272,455.4317092895508,0.9218028664588928,0.107278965,5.722046e-06,148,4.692462999997815,46.228325,29.999992,66.85854899999981,0.5,0.5146909356117249,uniform,uniform,10,0.0,0.0,0.0,,
shared,1234,in_distribution,39,15.396833,0.75,5,5,5,102.61918091773988,469.1334342956543,0.9058899223804474,0.1538604,25.82494,148,4.692462999997815,40.39683,24.999998,66.85854899999981,0.5,0.5146909356117249,uniform,uniform,10,0.0,0.0,0.0,,
shared,1234,in_distribution,40,10.509287,0.5,10,8,8,111.59606594592331,324.51324462890625,0.6041296124458313,0.663408,568.07135,148,4.692462999997815,60.50929,50.0,66.85854899999981,0.5,0.5146909356117249,uniform,uniform,10,0.0,0.0,0.0,,
shared,1234,in_distribution,41,9.741367,0.8,4,4,4,137.3393925279379,451.98469161987305,0.6614339292049408,0.58750963,478.0317,148,4.692462999997815,29.741362,19.999994,66.85854899999981,0.5,0.5146909356117249,uniform,uniform,10,0.0,0.0,0.0,,
shared,1234,in_distribution,42,15.545006,0.55,9,7,7,111.30128892985256,446.2654495239258,0.8354299306869507,0.051595356,138.24008,148,4.692462999997815,60.545002,44.999996,66.85854899999981,0.5,0.5146909356117249,uniform,uniform,10,0.0,0.0,0.0,,
shared,1234,in_distribution,43,12.155628,0.7,6,4,4,127.44101911783218,451.5531921386719,0.7255813121795655,0.3082833,354.4371,148,4.692462999997815,42.15563,30.0,66.85854899999981,0.5,0.5146909356117249,uniform,uniform,10,0.0,0.0,0.0,,
shared,1234,in_distribution,44,15.174396,0.85,3,2,2,148.23881875066195,465.6075954437256,0.9224782913923264,0.06280298,9.652908,148,4.692462999997815,30.17439,14.999995,66.85854899999981,0.5,0.5146909356117249,uniform,uniform,10,0.0,0.0,0.0,,
shared,1234,in_distribution,45,11.489228,0.7,6,5,5,124.77700263261796,455.2364158630371,0.7235584199428559,0.3097632,362.0043,148,4.692462999997815,41.48923,30.000004,66.85854899999981,0.5,0.5146909356117249,uniform,uniform,10,0.0,0.0,0.0,,
shared,1234,in_distribution,46,13.684071,0.90000004,2,1,1,112.52392917871477,478.3415508270264,0.8676187187433243,0.11993712,108.51378,148,4.692462999997815,23.68407,10.0,66.85854899999981,0.5,0.5146909356117249,uniform,uniform,10,0.0,0.0,0.0,,
shared,1234,in_distribution,47,7.297373,0.7,6,3,3,148.01967999764852,432.5612926483154,0.4783421248197556,0.7819213,810.1446,148,4.692462999997815,37.29738,30.000006,66.85854899999981,0.5,0.5146909356117249,uniform,uniform,10,0.0,0.0,0.0,,
shared,1234,in_distribution,48,14.554758,0.85,3,2,2,88.34637596326716,421.9257545471192,0.8359456062316895,0.06869949,122.98456,148,4.692462999997815,29.554754,14.999996,66.85854899999981,0.5,0.5146909356117249,uniform,uniform,10,0.0,0.0,0.0,,
shared,1234,in_distribution,49,15.483669,0.75,5,2,2,113.6037347316742,478.2748317718506,0.9215283185243608,0.074672736,4.9407005,148,4.692462999997815,40.483665,24.999996,66.85854899999981,0.5,0.5146909356117249,uniform,uniform,10,0.0,0.0,0.0,,
shared,1234,in_distribution,50,9.466686,0.8,4,4,4,94.2510431818664,454.6383190155029,0.6053681761026383,0.35182062,588.3314,148,4.692462999997815,29.466684,19.999998,66.85854899999981,0.5,0.5146909356117249,uniform,uniform,10,0.0,0.0,0.0,,
shared,1234,in_distribution,51,16.504433,0.7,6,4,4,123.5842907002994,384.8485565185547,0.8991892337799072,0.0417476,1.5567855,148,4.692462999997815,46.504433,30.0,66.85854899999981,0.5,0.5146909356117249,uniform,uniform,10,0.0,0.0,0.0,,
shared,1234,in_distribution,52,14.447899,0.90000004,2,2,2,146.13042970498404,475.6199169158936,0.9084309726953508,0.0676854,27.432632,148,4.692462999997815,24.447903,10.000004,66.85854899999981,0.5,0.5146909356117249,uniform,uniform,10,0.0,0.0,0.0,,
shared,1234,in_distribution,53,16.344807,0.6,8,6,6,99.70536142587662,443.6167716979981,0.9060504972934724,0.05563183,5.722046e-06,148,4.692462999997815,56.3448,39.999992,66.85854899999981,0.5,0.5146909356117249,uniform,uniform,10,0.0,0.0,0.0,,
shared,1234,in_distribution,54,7.082793,0.75,5,3,3,112.4862897992134,430.10908126831055,0.4742584228515625,0.6202223,817.424,148,4.692462999997815,32.082794,25.0,66.85854899999981,0.5,0.5146909356117249,uniform,uniform,10,0.0,0.0,0.0,,
shared,1234,in_distribution,55,8.536206,0.90000004,2,1,1,143.07770927747092,453.83294105529785,0.6146482914686203,0.5965696,569.7084,148,4.692462999997815,18.536207,10.000001,66.85854899999981,0.5,0.5146909356117249,uniform,uniform,10,0.0,0.0,0.0,,
shared,1234,in_distribution,56,11.113691,0.8,4,4,4,140.30317559838295,472.5135040283203,0.681209397315979,0.44609076,486.26248,148,4.692462999997815,31.113688,19.999996,66.85854899999981,0.5,0.5146909356117249,uniform,uniform,10,0.0,0.0,0.0,,
shared,1234,in_distribution,57,14.272446,0.85,3,2,2,115.51503717899324,476.38280868530273,0.8679413229227066,0.13271512,147.75548,148,4.692462999997815,29.27245,15.000004,66.85854899999981,0.5,0.5146909356117249,uniform,uniform,10,0.0,0.0,0.0,,
shared,1234,in_distribution,58,12.480001,0.85,3,2,2,157.73170141612783,475.60815811157227,0.7477126657962799,0.34910154,336.0,148,4.692462999997815,27.479998,14.999996,66.85854899999981,0.5,0.5146909356117249,uniform,uniform,10,0.0,0.0,0.0,,
shared,1234,in_distribution,59,13.928959,0.90000004,2,1,1,139.47379857301712,443.6328506469727,0.8715226888656616,0.047060687,66.309425,148,4.692462999997815,23.928963,10.000004,66.85854899999981,0.5,0.5146909356117249,uniform,uniform,10,0.0,0.0,0.0,,
shared,1234,in_distribution,60,13.264242,0.75,5,5,5,82.51013469696045,469.5853900909424,0.7707281291484833,0.19289076,287.9173,148,4.692462999997815,38.26424,24.999998,66.85854899999981,0.5,0.5146909356117249,uniform,uniform,10,0.0,0.0,0.0,,
shared,1234,in_distribution,61,9.166338,1.0,0,0,0,124.58028696477412,459.32825088500977,0.66626036465168,0.36796474,479.06113,148,4.692462999997815,9.166338,0.0,66.85854899999981,0.5,0.5146909356117249,uniform,uniform,10,0.0,0.0,0.0,,
shared,1234,in_distribution,62,15.346996,0.65000004,7,7,7,105.1878694158334,449.84487533569336,0.8682945311069489,0.067392826,78.71952,148,4.692462999997815,50.346992,34.999996,66.85854899999981,0.5,0.5146909356117249,uniform,uniform,10,0.0,0.0,0.0,,
shared,1234,in_distribution,63,14.56481,0.90000004,2,2,2,118.83908952275912,470.771598815918,0.9086039900779724,0.054145746,22.252193,148,4.692462999997815,24.56481,10.0,66.85854899999981,0.5,0.5146909356117249,uniform,uniform,10,0.0,0.0,0.0,,
shared,1234,in_distribution,64,15.935741,0.8,4,4,4,91.86093538999556,477.80553817749023,0.9024062931537628,0.049638983,57.425808,148,4.692462999997815,35.935738,19.999996,66.85854899999981,0.5,0.5146909356117249,uniform,uniform,10,0.0,0.0,0.0,,
shared,1234,in_distribution,65,15.527453,0.75,5,3,3,106.02523538470268,467.3271560668945,0.8990717172622681,0.028580159,37.109608,148,4.692462999997815,40.527454,25.0,66.85854899999981,0.5,0.5146909356117249,uniform,uniform,10,0.0,0.0,0.0,,
shared,1234,in_distribution,66,7.746996,0.85,3,1,1,117.101588529699,433.5963249206543,0.5229915916919708,0.6366855,725.45264,148,4.692462999997815,22.746998,15.000002,66.85854899999981,0.5,0.5146909356117249,uniform,uniform,10,0.0,0.0,0.0,,
shared,1234,in_distribution,67,9.295044,0.75,5,5,5,129.99657201766968,399.74390029907227,0.5974186658859253,0.3775514,580.95624,148,4.692462999997815,34.295044,25.0,66.85854899999981,0.5,0.5146909356117249,uniform,uniform,10,0.0,0.0,0.0,,
shared,1234,in_distribution,68,10.695042,0.85,3,2,2,170.40400301708894,479.4242763519287,0.6959327250719071,0.4156202,439.23352,148,4.692462999997815,25.695044,15.000002,66.85854899999981,0.5,0.5146909356117249,uniform,uniform,10,0.0,0.0,0.0,,
shared,1234,in_distribution,69,11.600062,0.7,6,6,6,129.69377185617174,449.1115951538086,0.6841146379709244,0.15738706,431.8914,148,4.692462999997815,41.600063,30.0,66.85854899999981,0.5,0.5146909356117249,uniform,uniform,10,0.0,0.0,0.0,,
shared,1234,in_distribution,70,14.948354,0.90000004,2,1,1,115.83417137463888,476.7699337005615,0.9051067024469376,0.036877867,34.965233,148,4.692462999997815,24.948353,9.999999,66.85854899999981,0.5,0.5146909356117249,uniform,uniform,10,0.0,0.0,0.0,,
shared,1234,in_distribution,71,15.144599,0.8,4,4,4,119.82588068582118,424.55434799194336,0.8522301912307739,0.106066935,91.71814,148,4.692462999997815,35.1446,20.0,66.85854899999981,0.5,0.5146909356117249,uniform,uniform,10,0.0,0.0,0.0,,
shared,1234,in_distribution,72,15.99064,0.65000004,7,6,6,153.8476197536175,477.7609062194824,0.9020765602588654,0.054660033,42.811314,148,4.692462999997815,50.990643,35.000004,66.85854899999981,0.5,0.5146909356117249,uniform,uniform,10,0.0,0.0,0.0,,
shared,1234,in_distribution,73,6.9431353,0.8,4,4,4,167.06579882651567,411.0057735443115,0.4902451038360595,0.73704726,786.7296,148,4.692462999997815,26.943138,20.000004,66.85854899999981,0.5,0.5146909356117249,uniform,uniform,10,0.0,0.0,0.0,,
shared,1234,in_distribution,74,16.86309,0.45000002,11,10,10,109.42684362332028,395.08023262023926,0.8972739577293396,0.08474975,5.2341976,148,4.692462999997815,71.86309,55.0,66.85854899999981,0.5,0.5146909356117249,uniform,uniform,10,0.0,0.0,0.0,,
shared,1234,in_distribution,75,17.48,0.45000002,11,10,10,114.33301568031312,448.8315582275391,0.9132083982229232,0.08421857,5.722046e-06,148,4.692462999997815,72.48001,55.00001,66.85854899999981,0.5,0.5146909356117249,uniform,uniform,10,0.0,0.0,0.0,,
shared,1234,in_distribution,76,12.413265,0.85,3,2,2,168.78793421913596,430.64769744873047,0.7636494636535645,0.30486575,261.7931,148,4.692462999997815,27.413265,15.0,66.85854899999981,0.5,0.5146909356117249,uniform,uniform,10,0.0,0.0,0.0,,
shared,1234,in_distribution,77,9.138346,0.8,4,2,2,153.86425953358412,459.0607452392578,0.6263874411582947,0.4423087,552.3969,148,4.692462999997815,29.138348,20.000002,66.85854899999981,0.5,0.5146909356117249,uniform,uniform,10,0.0,0.0,0.0,,
shared,1234,in_distribution,78,15.543587,0.85,3,1,1,116.55500713516685,465.47547340393066,0.921437594294548,0.07062258,15.641433,148,4.692462999997815,30.543583,14.999996,66.85854899999981,0.5,0.5146909356117249,uniform,uniform,10,0.0,0.0,0.0,,
shared,1234,in_distribution,79,13.862013,0.65000004,7,6,6,103.76799234977136,473.2937622070313,0.7973195791244507,0.11925249,254.79868,148,4.692462999997815,48.862015,35.0,66.85854899999981,0.5,0.5146909356117249,uniform,uniform,10,0.0,0.0,0.0,,
shared,1234,in_distribution,80,13.796354,0.7,6,4,4,114.55674060753414,450.1550960540772,0.7992622882127762,0.18014832,217.36447,148,4.692462999997815,43.796356,30.000002,66.85854899999981,0.5,0.5146909356117249,uniform,uniform,10,0.0,0.0,0.0,,
shared,1234,in_distribution,81,15.272121,0.8,4,3,3,99.28838141262533,444.14185523986816,0.8621078908443451,0.05821652,89.787766,148,4.692462999997815,35.272125,20.000004,66.85854899999981,0.5,0.5146909356117249,uniform,uniform,10,0.0,0.0,0.0,,
shared,1234,in_distribution,82,15.201193,0.95,1,1,1,94.59324708110408,437.65299797058105,0.8994537979364395,0.07198369,6.701912,148,4.692462999997815,20.201195,5.000002,66.85854899999981,0.5,0.5146909356117249,uniform,uniform,10,0.0,0.0,0.0,,
shared,1234,in_distribution,83,13.125843,0.85,3,3,3,102.0356364811168,472.2860813140869,0.8020158499479294,0.14830935,228.41573,148,4.692462999997815,28.125841,14.999998,66.85854899999981,0.5,0.5146909356117249,uniform,uniform,10,0.0,0.0,0.0,,
shared,1234,in_distribution,84,15.206842,0.8,4,4,4,107.3059508856386,456.98344230651855,0.8987849146127701,0.15943979,27.316467,148,4.692462999997815,35.20684,19.999998,66.85854899999981,0.5,0.5146909356117249,uniform,uniform,10,0.0,0.0,0.0,,
shared,1234,in_distribution,85,15.390411,0.8,4,3,3,149.3628802523017,461.3956546783447,0.9045710057020188,0.053347707,20.619516,148,4.692462999997815,35.390408,19.999996,66.85854899999981,0.5,0.5146909356117249,uniform,uniform,10,0.0,0.0,0.0,,
shared,1234,in_distribution,86,12.395415,0.75,5,3,3,141.70835494995117,449.0051078796387,0.7711024820804596,0.2105912,264.4884,148,4.692462999997815,37.39541,24.999992,66.85854899999981,0.5,0.5146909356117249,uniform,uniform,10,0.0,0.0,0.0,,
shared,1234,in_distribution,87,10.152216,0.7,6,6,6,89.91650730371475,459.11333084106445,0.5892839372158051,0.47359088,623.6883,148,4.692462999997815,40.15222,30.000006,66.85854899999981,0.5,0.5146909356117249,uniform,uniform,10,0.0,0.0,0.0,,
shared,1234,in_distribution,88,9.067169,0.85,3,2,2,125.28054251390346,397.219762802124,0.6069754362106323,0.47054535,562.60736,148,4.692462999997815,24.067171,15.000002,66.85854899999981,0.5,0.5146909356117249,uniform,uniform,10,0.0,0.0,0.0,,
shared,1234,in_distribution,89,8.895813,0.8,4,3,3,87.8251758031547,446.520881652832,0.5997304558753968,0.4930457,591.0385,148,4.692462999997815,28.895813,20.0,66.85854899999981,0.5,0.5146909356117249,uniform,uniform,10,0.0,0.0,0.0,,
shared,1234,in_distribution,90,14.584917,0.75,5,4,4,134.8574903011322,476.5846538543701,0.861717689037323,0.19078794,126.50824,148,4.692462999997815,39.584915,24.999998,66.85854899999981,0.5,0.5146909356117249,uniform,uniform,10,0.0,0.0,0.0,,
shared,1234,in_distribution,91,13.836792,0.90000004,2,1,1,136.6016445060571,404.0961170196533,0.8329364061355591,0.058516048,128.76222,148,4.692462999997815,23.836796,10.000004,66.85854899999981,0.5,0.5146909356117249,uniform,uniform,10,0.0,0.0,0.0,,
shared,1234,in_distribution,92,15.749338,0.85,3,2,2,138.40007375268374,470.3295993804932,0.9089914053678512,0.1029481,21.066267,148,4.692462999997815,30.749344,15.000006,66.85854899999981,0.5,0.5146909356117249,uniform,uniform,10,0.0,0.0,0.0,,
shared,1234,in_distribution,93,15.131599,0.7,6,5,5,71.29336582762855,457.3861885070801,0.8545011222362519,0.05312942,112.74415,148,4.692462999997815,45.1316,30.0,66.85854899999981,0.5,0.5146909356117249,uniform,uniform,10,0.0,0.0,0.0,,
shared,1234,in_distribution,94,10.543148,0.85,3,2,2,92.33089738032398,443.8772392272949,0.6766740620136261,0.27856764,440.66315,148,4.692462999997815,25.543148,15.0,66.85854899999981,0.5,0.5146909356117249,uniform,uniform,10,0.0,0.0,0.0,,
shared,1234,in_distribution,95,13.483728,0.65000004,7,5,5,141.53546443352332,459.5612525939941,0.8015282094478607,0.176876,216.62714,148,4.692462999997815,48.48373,35.0,66.85854899999981,0.5,0.5146909356117249,uniform,uniform,10,0.0,0.0,0.0,,
shared,1234,in_distribution,96,11.8073,0.75,5,4,4,149.15876603126526,473.5939407348633,0.6892312407493592,0.30696106,446.2701,148,4.692462999997815,36.807304,25.000004,66.85854899999981,0.5,0.5146909356117249,uniform,uniform,10,0.0,0.0,0.0,,
shared,1234,in_distribution,97,15.247351,0.8,4,2,2,162.89963956922293,457.98866271972656,0.8662352800369263,0.04441082,90.81714,148,4.692462999997815,35.247345,19.999994,66.85854899999981,0.5,0.5146909356117249,uniform,uniform,10,0.0,0.0,0.0,,
shared,1234,in_distribution,98,15.276037,0.85,3,2,2,119.36282757450552,440.8948802947998,0.8989942461252213,0.12490165,10.826082,148,4.692462999997815,30.276037,15.0,66.85854899999981,0.5,0.5146909356117249,uniform,uniform,10,0.0,0.0,0.0,,
shared,1234,in_distribution,99,16.625404,0.7,6,5,5,122.99568823405674,446.80832862854,0.9077127665281296,0.047071856,0.0,148,4.692462999997815,46.62541,30.000004,66.85854899999981,0.5,0.5146909356117249,uniform,uniform,10,0.0,0.0,0.0,,
shared,2345,in_distribution,0,16.02692,0.75,5,4,4,98.68241906166077,349.2287063598633,0.9000000953674316,0.06594438,0.0,135,4.021247000003996,41.026924,25.000004,60.11917799999992,0.5,0.5146909356117249,uniform,uniform,10,0.0,0.0,0.0,,
shared,2345,in_distribution,1,14.19257,0.8,4,3,3,72.7728421613574,475.6754207611084,0.8275690466165543,0.17543344,182.74301,135,4.021247000003996,34.19257,20.0,60.11917799999992,0.5,0.5146909356117249,uniform,uniform,10,0.0,0.0,0.0,,
shared,2345,in_distribution,2,15.653794,0.85,3,3,3,118.3948488445843,442.63306617736816,0.8765690416097641,0.041996874,55.620632,135,4.021247000003996,30.653793,14.999999,60.11917799999992,0.5,0.5146909356117249,uniform,uniform,10,0.0,0.0,0.0,,
shared,2345,in_distribution,3,11.552055,0.8,4,3,3,134.53994806855917,466.1368846893311,0.6866731971502305,0.4209017,454.99478,135,4.021247000003996,31.552055,20.0,60.11917799999992,0.5,0.5146909356117249,uniform,uniform,10,0.0,0.0,0.0,,
shared,2345,in_distribution,4,14.774042,1.0,0,0,0,113.56408408284187,460.7751274108887,0.9094827711582184,0.032134213,10.568398,135,4.021247000003996,14.774043,9.536743e-07,60.11917799999992,0.5,0.5146909356117249,uniform,uniform,10,0.0,0.0,0.0,,
shared,2345,in_distribution,5,14.347047,0.90000004,2,2,2,140.02368440230688,469.9697685241699,0.909696274995804,0.029677782,19.353067,135,4.021247000003996,24.34705,10.000003,60.11917799999992,0.5,0.5146909356117249,uniform,uniform,10,0.0,0.0,0.0,,
shared,2345,in_distribution,6,9.877943,1.0,0,0,0,146.9290686249733,453.993616104126,0.6932290226221085,0.50621825,440.3391,135,4.021247000003996,9.877941,-1.9073486e-06,60.11917799999992,0.5,0.5146909356117249,uniform,uniform,10,0.0,0.0,0.0,,
shared,2345,in_distribution,7,14.782262,0.75,5,2,2,108.90177357196808,453.64394187927246,0.8551407843828202,0.108270116,107.77381,135,4.021247000003996,39.78226,25.0,60.11917799999992,0.5,0.5146909356117249,uniform,uniform,10,0.0,0.0,0.0,,
shared,2345,in_distribution,8,15.272987,0.8,4,3,3,86.24606519937515,472.6431941986084,0.906999471783638,0.053390745,50.701267,135,4.021247000003996,35.27299,20.000004,60.11917799999992,0.5,0.5146909356117249,uniform,uniform,10,0.0,0.0,0.0,,
shared,2345,in_distribution,9,15.729048,0.8,4,2,2,97.09949243813752,430.4543495178223,0.8858619928359985,0.082971655,27.145197,135,4.021247000003996,35.729046,19.999998,60.11917799999992,0.5,0.5146909356117249,uniform,uniform,10,0.0,0.0,0.0,,
shared,2345,in_distribution,10,15.049322,0.8,4,2,2,117.99054063856602,415.8012199401856,0.8721519112586975,0.08802646,53.468502,135,4.021247000003996,35.04932,19.999998,60.11917799999992,0.5,0.5146909356117249,uniform,uniform,10,0.0,0.0,0.0,,
shared,2345,in_distribution,11,13.956164,0.90000004,2,2,2,152.5369668006897,444.1893768310547,0.8445814281702042,0.037933055,126.68374,135,4.021247000003996,23.956163,9.999999,60.11917799999992,0.5,0.5146909356117249,uniform,uniform,10,0.0,0.0,0.0,,
shared,2345,in_distribution,12,10.463274,0.85,3,3,3,91.22889158480308,455.9153366088867,0.638995909690857,0.34494978,525.0433,135,4.021247000003996,25.463278,15.000004,60.11917799999992,0.5,0.5146909356117249,uniform,uniform,10,0.0,0.0,0.0,,
shared,2345,in_distribution,13,12.10013,0.85,3,3,3,129.65127962477067,448.7850093841553,0.7357058316469193,0.15161592,332.22983,135,4.021247000003996,27.100128,14.999998,60.11917799999992,0.5,0.5146909356117249,uniform,uniform,10,0.0,0.0,0.0,,
shared,2345,in_distribution,14,15.229758,0.85,3,2,2,102.06640362739564,477.14404106140137,0.9264465004205704,0.09408465,24.024147,135,4.021247000003996,30.229761,15.000003,60.11917799999992,0.5,0.5146909356117249,uniform,uniform,10,0.0,0.0,0.0,,
shared,2345,in_distribution,15,15.840204,0.75,5,3,3,90.77821969985962,458.21388244628906,0.9204587072134018,0.07185903,0.9797058,135,4.021247000003996,40.840202,24.999998,60.11917799999992,0.5,0.5146909356117249,uniform,uniform,10,0.0,0.0,0.0,,
shared,2345,in_distribution,16,11.880636,0.95,1,1,1,82.6623998503936,445.0438499450684,0.8219309389591217,0.1988649,162.9364,135,4.021247000003996,16.88064,5.000004,60.11917799999992,0.5,0.5146909356117249,uniform,uniform,10,0.0,0.0,0.0,,
shared,2345,in_distribution,17,13.99576,0.95,1,1,1,114.84144555894952,436.75878524780273,0.8455757439136505,0.05490011,109.2534,135,4.021247000003996,18.995758,4.999998,60.11917799999992,0.5,0.5146909356117249,uniform,uniform,10,0.0,0.0,0.0,,
shared,2345,in_distribution,18,11.792668,0.85,3,2,2,147.1339628976934,464.8831272125244,0.7469540566205979,0.16003743,341.66748,135,4.021247000003996,26.792671,15.000003,60.11917799999992,0.5,0.5146909356117249,uniform,uniform,10,0.0,0.0,0.0,,
shared,2345,in_distribution,19,9.750336,0.75,5,5,5,148.81523430347443,454.279146194458,0.5915793269872666,0.5949593,614.44696,135,4.021247000003996,34.750336,25.0,60.11917799999992,0.5,0.5146909356117249,uniform,uniform,10,0.0,0.0,0.0,,
shared,2345,in_distribution,20,15.902759,0.8,4,3,3,113.32944765686987,466.81812286376953,0.9172365307807924,0.08458899,1.7241726,135,4.021247000003996,35.902763,20.000004,60.11917799999992,0.5,0.5146909356117249,uniform,uniform,10,0.0,0.0,0.0,,
shared,2345,in_distribution,21,8.587514,0.90000004,2,1,1,120.70028980573018,471.0901737213135,0.5995235919952393,0.6407126,617.6791,135,4.021247000003996,18.587513,9.999999,60.11917799999992,0.5,0.5146909356117249,uniform,uniform,10,0.0,0.0,0.0,,
shared,2345,in_distribution,22,14.777716,0.85,3,2,2,130.8131846960853,467.6849555969238,0.9088216453790664,0.023511482,29.304234,135,4.021247000003996,29.777716,15.0,60.11917799999992,0.5,0.5146909356117249,uniform,uniform,10,0.0,0.0,0.0,,
shared,2345,in_distribution,23,15.323776,0.85,3,2,2,99.95141134542575,450.7165145874024,0.917572009563446,0.1151565,0.0,135,4.021247000003996,30.32378,15.000004,60.11917799999992,0.5,0.5146909356117249,uniform,uniform,10,0.0,0.0,0.0,,
shared,2345,in_distribution,24,16.227999,0.75,5,4,4,113.7297146320343,443.6063003540039,0.907385590672493,0.054327954,5.0666857,135,4.021247000003996,41.227993,24.999994,60.11917799999992,0.5,0.5146909356117249,uniform,uniform,10,0.0,0.0,0.0,,
shared,2345,in_distribution,25,13.1288805,0.8,4,4,4,98.00379568710925,400.4823017120361,0.7614002227783203,0.17321372,266.11172,135,4.021247000003996,33.12888,20.0,60.11917799999992,0.5,0.5146909356117249,uniform,uniform,10,0.0,0.0,0.0,,
shared,2345,in_distribution,26,11.349116,0.95,1,1,1,124.01172927335688,478.78589630126953,0.7333070874214173,0.22508532,366.83646,135,4.021247000003996,16.349115,4.999999,60.11917799999992,0.5,0.5146909356117249,uniform,uniform,10,0.0,0.0,0.0,,
shared,2345,in_distribution,27,13.749701,0.8,4,4,4,87.77282506227493,473.1193828582764,0.8172901004552842,0.14274912,215.11134,135,4.021247000003996,33.749706,20.000006,60.11917799999992,0.5,0.5146909356117249,uniform,uniform,10,0.0,0.0,0.0,,
shared,2345,in_distribution,28,16.100002,0.75,5,3,3,124.3540267944336,479.3807029724121,0.95755175948143,0.025427915,0.0,135,4.021247000003996,41.1,24.999996,60.11917799999992,0.5,0.5146909356117249,uniform,uniform,10,0.0,0.0,0.0,,
shared,2345,in_distribution,29,8.303648,0.85,3,2,2,109.68320951742284,477.5350284576416,0.5705832928419113,0.43777844,678.01526,135,4.021247000003996,23.303646,14.999998,60.11917799999992,0.5,0.5146909356117249,uniform,uniform,10,0.0,0.0,0.0,,
shared,2345,in_distribution,30,15.2118435,0.85,3,3,3,133.3952412885778,466.331262588501,0.9224601417779924,0.12697144,5.5697594,135,4.021247000003996,30.211843,15.0,60.11917799999992,0.5,0.5146909356117249,uniform,uniform,10,0.0,0.0,0.0,,
shared,2345,in_distribution,31,8.472942,0.65000004,7,4,4,130.93027545855597,449.83094215393066,0.558603772521019,0.5099093,673.3118,135,4.021247000003996,43.472942,35.0,60.11917799999992,0.5,0.5146909356117249,uniform,uniform,10,0.0,0.0,0.0,,
shared,2345,in_distribution,32,14.010766,0.85,3,3,3,101.74184792182024,360.5601310729981,0.7888545989990234,0.08459896,213.3992,135,4.021247000003996,29.010767,15.000001,60.11917799999992,0.5,0.5146909356117249,uniform,uniform,10,0.0,0.0,0.0,,
shared,2345,in_distribution,33,15.523812,0.8,4,2,2,111.52756959199904,343.5588455200196,0.8876987099647522,0.047887836,23.61863,135,4.021247000003996,35.523808,19.999996,60.11917799999992,0.5,0.5146909356117249,uniform,uniform,10,0.0,0.0,0.0,,
shared,2345,in_distribution,34,15.77354,0.85,3,2,2,100.4963420506786,473.46877098083496,0.9215984135866164,0.06921772,0.0,135,4.021247000003996,30.77354,15.000001,60.11917799999992,0.5,0.5146909356117249,uniform,uniform,10,0.0,0.0,0.0,,
shared,2345,in_distribution,35,8.023122,0.8,4,4,4,144.75089337676764,443.9053916931152,0.5186306267976761,0.65137064,747.0048,135,4.021247000003996,28.023123,20.0,60.11917799999992,0.5,0.5146909356117249,uniform,uniform,10,0.0,0.0,0.0,,
shared,2345,in_distribution,36,13.655576,0.90000004,2,2,2,107.88779308398564,375.6420421600342,0.8143528699874878,0.0569376,164.44249,135,4.021247000003996,23.655577,10.000001,60.11917799999992,0.5,0.5146909356117249,uniform,uniform,10,0.0,0.0,0.0,,
shared,2345,in_distribution,37,8.876435,0.90000004,2,2,2,98.2305618127187,460.4014492034912,0.5764371037483216,0.50931334,653.8691,135,4.021247000003996,18.876434,9.999999,60.11917799999992,0.5,0.5146909356117249,uniform,uniform,10,0.0,0.0,0.0,,
shared,2345,in_distribution,38,15.610772,0.8,4,3,3,135.5820106342435,421.9406032562256,0.8802486062049866,0.064378075,37.922844,135,4.021247000003996,35.610767,19.999996,60.11917799999992,0.5,0.5146909356117249,uniform,uniform,10,0.0,0.0,0.0,,
shared,2345,in_distribution,39,13.483881,0.8,4,4,4,112.64053490012884,466.9679260253906,0.7981954455375672,0.034021005,230.43279,135,4.021247000003996,33.483883,20.000002,60.11917799999992,0.5,0.5146909356117249,uniform,uniform,10,0.0,0.0,0.0,,
shared,2345,in_distribution,40,6.5795965,0.75,5,3,3,135.20639972388744,440.45053482055664,0.46348916888237,0.7866411,846.55145,135,4.021247000003996,31.579594,24.999996,60.11917799999992,0.5,0.5146909356117249,uniform,uniform,10,0.0,0.0,0.0,,
shared,2345,in_distribution,41,13.982956,0.8,4,4,4,116.80596113204956,456.284236907959,0.8596770107746124,0.1580975,101.70443,135,4.021247000003996,33.982956,20.0,60.11917799999992,0.5,0.5146909356117249,uniform,uniform,10,0.0,0.0,0.0,,
shared,2345,in_distribution,42,16.137646,0.75,5,3,3,119.5033209323883,441.8194484710693,0.903685012459755,0.040866524,2.7443619,135,4.021247000003996,41.137638,24.999992,60.11917799999992,0.5,0.5146909356117249,uniform,uniform,10,0.0,0.0,0.0,,
shared,2345,in_distribution,43,7.3873253,0.7,6,4,4,161.6399079986981,466.2992763519287,0.5354332715272904,0.71434486,734.26746,135,4.021247000003996,37.38732,29.999996,60.11917799999992,0.5,0.5146909356117249,uniform,uniform,10,0.0,0.0,0.0,,
shared,2345,in_distribution,44,14.3197,0.95,1,0,0,105.37672002064556,453.9043521881104,0.9091778486967088,0.08524507,4.282997,135,4.021247000003996,19.3197,5.0,60.11917799999992,0.5,0.5146909356117249,uniform,uniform,10,0.0,0.0,0.0,,
shared,2345,in_distribution,45,12.253545,0.7,6,5,5,119.67903703451157,433.2176113128662,0.7301748782396317,0.2238774,327.28192,135,4.021247000003996,42.253544,30.0,60.11917799999992,0.5,0.5146909356117249,uniform,uniform,10,0.0,0.0,0.0,,
shared,2345,in_distribution,46,12.06531,0.8,4,3,3,140.90258684009314,474.88383293151855,0.7351662904024124,0.33185247,359.36465,135,4.021247000003996,32.065315,20.000006,60.11917799999992,0.5,0.5146909356117249,uniform,uniform,10,0.0,0.0,0.0,,
shared,2345,in_distribution,47,13.161331,0.7,6,3,3,134.89046394824982,440.4305934906006,0.7563975930213929,0.09337214,288.86697,135,4.021247000003996,43.161324,29.999992,60.11917799999992,0.5,0.5146909356117249,uniform,uniform,10,0.0,0.0,0.0,,
shared,2345,in_distribution,48,10.248138,0.90000004,2,1,1,81.19509269793828,421.9257545471192,0.6673716902732849,0.08674998,446.64636,135,4.021247000003996,20.248137,9.999998,60.11917799999992,0.5,0.5146909356117249,uniform,uniform,10,0.0,0.0,0.0,,
shared,2345,in_distribution,49,16.12461,0.7,6,3,3,110.44423469475338,437.1997261047363,0.9027082860469818,0.04527639,0.0,135,4.021247000003996,46.12461,30.0,60.11917799999992,0.5,0.5146909356117249,uniform,uniform,10,0.0,0.0,0.0,,
shared,2345,in_distribution,50,9.053725,0.85,3,3,3,132.2004386081415,469.7327899932861,0.614876875281334,0.5191477,585.16943,135,4.021247000003996,24.053722,14.999997,60.11917799999992,0.5,0.5146909356117249,uniform,uniform,10,0.0,0.0,0.0,,
shared,2345,in_distribution,51,15.153591,0.8,4,2,2,134.85596604645252,435.1417636871338,0.8440109580755234,0.088986926,110.64087,135,4.021247000003996,35.153587,19.999996,60.11917799999992,0.5,0.5146909356117249,uniform,uniform,10,0.0,0.0,0.0,,
shared,2345,in_distribution,52,15.22,0.85,3,3,3,117.29629576206209,469.5655345916748,0.920330885052681,0.10182911,0.0,135,4.021247000003996,30.219994,14.999993,60.11917799999992,0.5,0.5146909356117249,uniform,uniform,10,0.0,0.0,0.0,,
shared,2345,in_distribution,53,14.769789,0.85,3,1,1,122.02350507764255,457.84661293029785,0.8979210138320923,0.045646258,48.997784,135,4.021247000003996,29.769793,15.000004,60.11917799999992,0.5,0.5146909356117249,uniform,uniform,10,0.0,0.0,0.0,,
shared,2345,in_distribution,54,8.552583,0.75,5,3,3,111.25087928771973,475.0655651092529,0.5704175412654877,0.50426155,717.669,135,4.021247000003996,33.55258,25.0,60.11917799999992,0.5,0.5146909356117249,uniform,uniform,10,0.0,0.0,0.0,,
shared,2345,in_distribution,55,9.831287,0.90000004,2,1,1,146.6115821649631,459.93699073791504,0.6839445918798447,0.33050767,442.76343,135,4.021247000003996,19.831291,10.000004,60.11917799999992,0.5,0.5146909356117249,uniform,uniform,10,0.0,0.0,0.0,,
shared,2345,in_distribution,56,13.89112,0.90000004,2,2,2,171.61754151185357,465.9220504760742,0.8643575638532639,0.07890653,102.451195,135,4.021247000003996,23.891117,9.999997,60.11917799999992,0.5,0.5146909356117249,uniform,uniform,10,0.0,0.0,0.0,,
shared,2345,in_distribution,57,15.422161,0.85,3,2,2,105.227652332362,469.054126739502,0.9254113465547562,0.08008867,20.783947,135,4.021247000003996,30.422161,15.0,60.11917799999992,0.5,0.5146909356117249,uniform,uniform,10,0.0,0.0,0.0,,
shared,2345,in_distribution,58,13.1572895,0.85,3,2,2,143.9148198155796,433.3473873138428,0.7757018595933914,0.2362032,239.99997,135,4.021247000003996,28.157288,14.999998,60.11917799999992,0.5,0.5146909356117249,uniform,uniform,10,0.0,0.0,0.0,,
shared,2345,in_distribution,59,16.199999,0.75,5,4,4,158.40504324436188,475.27273178100586,0.9409649342298508,0.08801003,0.0,135,4.021247000003996,41.200005,25.000006,60.11917799999992,0.5,0.5146909356117249,uniform,uniform,10,0.0,0.0,0.0,,
shared,2345,in_distribution,60,12.028801,0.8,4,4,4,95.225024856627,453.1421184539795,0.7575911670923233,0.16443445,294.56705,135,4.021247000003996,32.0288,20.0,60.11917799999992,0.5,0.5146909356117249,uniform,uniform,10,0.0,0.0,0.0,,
shared,2345,in_distribution,61,11.107508,1.0,0,0,0,133.66399817168713,427.48229026794434,0.769271969795227,0.2247844,250.99794,135,4.021247000003996,11.107508,0.0,60.11917799999992,0.5,0.5146909356117249,uniform,uniform,10,0.0,0.0,0.0,,
shared,2345,in_distribution,62,12.886347,0.85,3,3,3,100.97934170680888,479.6112728118897,0.82556811273098,0.10989495,208.36539,135,4.021247000003996,27.886347,15.0,60.11917799999992,0.5,0.5146909356117249,uniform,uniform,10,0.0,0.0,0.0,,
shared,2345,in_distribution,63,15.352524,0.90000004,2,2,2,114.00053083896636,446.30327224731445,0.906521850824356,0.092624076,1.781496,135,4.021247000003996,25.352524,10.0,60.11917799999992,0.5,0.5146909356117249,uniform,uniform,10,0.0,0.0,0.0,,
shared,2345,in_distribution,64,16.15271,0.8,4,4,4,98.75949863344432,464.3690872192383,0.9071355283260344,0.03486215,41.25283,135,4.021247000003996,36.15272,20.000011,60.11917799999992,0.5,0.5146909356117249,uniform,uniform,10,0.0,0.0,0.0,,
shared,2345,in_distribution,65,15.920379,0.7,6,4,4,100.30771659953254,447.4701404571533,0.9030325502157212,0.05929462,9.647853,135,4.021247000003996,45.92038,30.0,60.11917799999992,0.5,0.5146909356117249,uniform,uniform,10,0.0,0.0,0.0,,
shared,2345,in_distribution,66,8.903546,0.75,5,3,3,113.97326266765594,478.2433319091797,0.5898385286331177,0.6565865,641.7534,135,4.021247000003996,33.90355,25.000004,60.11917799999992,0.5,0.5146909356117249,uniform,uniform,10,0.0,0.0,0.0,,
shared,2345,in_distribution,67,11.85446,0.75,5,5,5,115.94597262144087,467.3040676116944,0.6963846474885941,0.20482463,426.2455,135,4.021247000003996,36.85446,25.000002,60.11917799999992,0.5,0.5146909356117249,uniform,uniform,10,0.0,0.0,0.0,,
shared,2345,in_distribution,68,14.146107,0.90000004,2,1,1,170.70766498645148,466.8475341796875,0.8381241798400879,0.13866423,153.64926,135,4.021247000003996,24.146105,9.999998,60.11917799999992,0.5,0.5146909356117249,uniform,uniform,10,0.0,0.0,0.0,,
shared,2345,in_distribution,69,8.992393,0.85,3,3,3,109.04704102698494,422.76062965393066,0.6042913198471069,0.57136923,567.76074,135,4.021247000003996,23.992392,14.999999,60.11917799999992,0.5,0.5146909356117249,uniform,uniform,10,0.0,0.0,0.0,,
shared,2345,in_distribution,70,14.445164,0.95,1,0,0,96.84895629945554,473.5530853271485,0.8889246225357056,0.03575579,62.817894,135,4.021247000003996,19.445168,5.000004,60.11917799999992,0.5,0.5146909356117249,uniform,uniform,10,0.0,0.0,0.0,,
shared,2345,in_distribution,71,14.351255,0.8,4,4,4,92.52518009394409,469.9851036071777,0.819227221608162,0.053968336,201.60748,135,4.021247000003996,34.351254,19.999998,60.11917799999992,0.5,0.5146909356117249,uniform,uniform,10,0.0,0.0,0.0,,
shared,2345,in_distribution,72,10.382156,0.85,3,2,2,110.73841179118438,466.14529609680176,0.6754277378320694,0.34747443,483.04395,135,4.021247000003996,25.382158,15.000002,60.11917799999992,0.5,0.5146909356117249,uniform,uniform,10,0.0,0.0,0.0,,
shared,2345,in_distribution,73,7.8599997,0.85,3,3,3,210.89662913013908,462.70474433898926,0.5050576508045197,0.7405716,816.00006,135,4.021247000003996,22.86,15.000001,60.11917799999992,0.5,0.5146909356117249,uniform,uniform,10,0.0,0.0,0.0,,
shared,2345,in_distribution,74,13.627376,0.75,5,4,4,127.16463607549667,400.2482700347901,0.7938755750656128,0.123838075,203.75894,135,4.021247000003996,38.627373,24.999996,60.11917799999992,0.5,0.5146909356117249,uniform,uniform,10,0.0,0.0,0.0,,
shared,2345,in_distribution,75,15.761927,0.75,5,4,4,96.45475506782532,431.4759063720703,0.8672879338264465,0.07835917,62.807316,135,4.021247000003996,40.76193,25.000002,60.11917799999992,0.5,0.5146909356117249,uniform,uniform,10,0.0,0.0,0.0,,
shared,2345,in_distribution,76,9.835733,0.8,4,3,3,142.74501375854015,432.6920700073242,0.6373084425926209,0.29504836,505.05994,135,4.021247000003996,29.835737,20.000004,60.11917799999992,0.5,0.5146909356117249,uniform,uniform,10,0.0,0.0,0.0,,
shared,2345,in_distribution,77,10.264084,0.75,5,3,3,144.2303501367569,415.8569812774658,0.6560277938842773,0.32217774,468.42664,135,4.021247000003996,35.264084,25.0,60.11917799999992,0.5,0.5146909356117249,uniform,uniform,10,0.0,0.0,0.0,,
shared,2345,in_distribution,78,15.307245,0.90000004,2,1,1,121.34005000193912,476.2841033935547,0.919742488861084,0.10935401,6.378713,135,4.021247000003996,25.307243,9.999998,60.11917799999992,0.5,0.5146909356117249,uniform,uniform,10,0.0,0.0,0.0,,
shared,2345,in_distribution,79,13.984821,0.8,4,3,3,119.74685054272412,412.8822040557861,0.8231862783432007,0.064257,147.48251,135,4.021247000003996,33.984825,20.000004,60.11917799999992,0.5,0.5146909356117249,uniform,uniform,10,0.0,0.0,0.0,,
shared,2345,in_distribution,80,9.912797,0.75,5,3,3,132.31580114364624,453.5160827636719,0.6385761737823487,0.22221223,523.4498,135,4.021247000003996,34.9128,25.000004,60.11917799999992,0.5,0.5146909356117249,uniform,uniform,10,0.0,0.0,0.0,,
shared,2345,in_distribution,81,15.65062,0.85,3,2,2,106.44410932765288,451.4841270446777,0.901385086774826,0.060565952,23.93799,135,4.021247000003996,30.650616,14.999995,60.11917799999992,0.5,0.5146909356117249,uniform,uniform,10,0.0,0.0,0.0,,
shared,2345,in_distribution,82,15.076115,0.95,1,1,1,109.28107785551173,459.741096496582,0.9001486629247666,0.046187762,27.5988,135,4.021247000003996,20.076115,5.0,60.11917799999992,0.5,0.5146909356117249,uniform,uniform,10,0.0,0.0,0.0,,
shared,2345,in_distribution,83,13.836999,0.8,4,4,4,105.59015940874816,383.93391609191895,0.7838704586029053,0.13564911,222.9688,135,4.021247000003996,33.837,20.000004,60.11917799999992,0.5,0.5146909356117249,uniform,uniform,10,0.0,0.0,0.0,,
shared,2345,in_distribution,84,14.458286,0.90000004,2,2,2,88.47659292320411,460.9288215637207,0.8806022733449936,0.10749102,72.17146,135,4.021247000003996,24.45829,10.000004,60.11917799999992,0.5,0.5146909356117249,uniform,uniform,10,0.0,0.0,0.0,,
shared,2345,in_distribution,85,14.510342,0.8,4,3,3,109.32752849534154,471.7272663116455,0.8802775919437409,0.09957268,93.2748,135,4.021247000003996,34.510338,19.999996,60.11917799999992,0.5,0.5146909356117249,uniform,uniform,10,0.0,0.0,0.0,,
shared,2345,in_distribution,86,10.135603,0.8,4,2,2,139.0944740921259,454.3524742126465,0.6451676666736603,0.61237174,514.5708,135,4.021247000003996,30.135601,19.999998,60.11917799999992,0.5,0.5146909356117249,uniform,uniform,10,0.0,0.0,0.0,,
shared,2345,in_distribution,87,10.914236,0.85,3,3,3,136.73677903764388,463.8185691833496,0.7026989936828614,0.47566596,418.94366,135,4.021247000003996,25.914234,14.999998,60.11917799999992,0.5,0.5146909356117249,uniform,uniform,10,0.0,0.0,0.0,,
shared,2345,in_distribution,88,10.605138,0.8,4,3,3,115.99998358637094,454.74921226501465,0.6191540747880936,0.42461962,561.9735,135,4.021247000003996,30.605139,20.0,60.11917799999992,0.5,0.5146909356117249,uniform,uniform,10,0.0,0.0,0.0,,
shared,2345,in_distribution,89,8.533686,0.90000004,2,1,1,83.35938821236293,462.4782943725586,0.623600447177887,0.3255764,561.1656,135,4.021247000003996,18.533684,9.999998,60.11917799999992,0.5,0.5146909356117249,uniform,uniform,10,0.0,0.0,0.0,,
shared,2345,in_distribution,90,16.338856,0.6,8,7,7,154.63140457868576,432.040901184082,0.8956334233283997,0.084394224,8.424854,135,4.021247000003996,56.33886,40.000004,60.11917799999992,0.5,0.5146909356117249,uniform,uniform,10,0.0,0.0,0.0,,
shared,2345,in_distribution,91,12.140317,0.95,1,0,0,147.73075682552238,431.0158252716065,0.8165010213851929,0.15183616,160.31824,135,4.021247000003996,17.14032,5.000003,60.11917799999992,0.5,0.5146909356117249,uniform,uniform,10,0.0,0.0,0.0,,
shared,2345,in_distribution,92,15.820001,0.90000004,2,1,1,141.71822726726532,474.651517868042,0.9252204328775406,0.08178453,0.0,135,4.021247000003996,25.82,9.999999,60.11917799999992,0.5,0.5146909356117249,uniform,uniform,10,0.0,0.0,0.0,,
shared,2345,in_distribution,93,15.259487,0.7,6,5,5,82.8753536939621,457.3861885070801,0.8566222727298737,0.1253006,108.67151,135,4.021247000003996,45.25949,30.000004,60.11917799999992,0.5,0.5146909356117249,uniform,uniform,10,0.0,0.0,0.0,,
shared,2345,in_distribution,94,10.999561,0.8,4,3,3,143.26771941035986,459.5825958251953,0.6945019006729126,0.34297365,422.139,135,4.021247000003996,30.999557,19.999996,60.11917799999992,0.5,0.5146909356117249,uniform,uniform,10,0.0,0.0,0.0,,
shared,2345,in_distribution,95,9.2381115,0.7,6,4,4,161.9479557446071,447.2383689880371,0.5645719110965729,0.49382794,659.26044,135,4.021247000003996,39.238113,30.000002,60.11917799999992,0.5,0.5146909356117249,uniform,uniform,10,0.0,0.0,0.0,,
shared,2345,in_distribution,96,11.7703285,0.75,5,4,4,191.33177065849304,458.77201080322266,0.7075215607881546,0.31517345,405.5111,135,4.021247000003996,36.77033,25.0,60.11917799999992,0.5,0.5146909356117249,uniform,uniform,10,0.0,0.0,0.0,,
shared,2345,in_distribution,97,16.279999,0.8,4,2,2,91.63789194077252,478.0905818939209,0.9240056067705156,0.016017709,0.0,135,4.021247000003996,36.280003,20.000004,60.11917799999992,0.5,0.5146909356117249,uniform,uniform,10,0.0,0.0,0.0,,
shared,2345,in_distribution,98,12.674246,0.85,3,2,2,103.27872281565384,437.2953128814697,0.7842989653348923,0.17038524,227.44144,135,4.021247000003996,27.674246,15.0,60.11917799999992,0.5,0.5146909356117249,uniform,uniform,10,0.0,0.0,0.0,,
shared,2345,in_distribution,99,9.919151,0.8,4,3,3,152.56038822233677,470.0660705566406,0.6476346492767334,0.5804764,522.60767,135,4.021247000003996,29.91915,19.999998,60.11917799999992,0.5,0.5146909356117249,uniform,uniform,10,0.0,0.0,0.0,,
shared,3456,in_distribution,0,12.421375,0.8,4,3,3,141.30487091839314,461.1558723449707,0.771507078409195,0.15458736,275.8624,157,4.544128000004548,32.42137,19.999996,64.64924399999973,0.5,0.5146909356117249,uniform,uniform,10,0.0,0.0,0.0,,
shared,3456,in_distribution,1,15.544621,0.8,4,3,3,157.56825014948845,478.568115234375,0.9261696815490724,0.0538283,22.038097,157,4.544128000004548,35.544613,19.999992,64.64924399999973,0.5,0.5146909356117249,uniform,uniform,10,0.0,0.0,0.0,,
shared,3456,in_distribution,2,15.03529,0.90000004,2,2,2,160.47517587741217,434.20000076293945,0.8792008101940155,0.0909895,42.134594,157,4.544128000004548,25.03529,10.0,64.64924399999973,0.5,0.5146909356117249,uniform,uniform,10,0.0,0.0,0.0,,
shared,3456,in_distribution,3,15.117857,0.7,6,5,5,95.62473190682276,438.31406593322754,0.8524500817060471,0.06620485,97.60996,157,4.544128000004548,45.117855,29.999998,64.64924399999973,0.5,0.5146909356117249,uniform,uniform,10,0.0,0.0,0.0,,
shared,3456,in_distribution,4,14.719782,0.8,4,4,4,103.673971965909,455.5496692657471,0.8774813503026963,0.089489594,66.78559,157,4.544128000004548,34.719788,20.000006,64.64924399999973,0.5,0.5146909356117249,uniform,uniform,10,0.0,0.0,0.0,,
shared,3456,in_distribution,5,16.140064,0.65000004,7,7,7,117.67460882663728,447.5340843200684,0.908090764284134,0.018370647,0.0,157,4.544128000004548,51.140076,35.00001,64.64924399999973,0.5,0.5146909356117249,uniform,uniform,10,0.0,0.0,0.0,,
shared,3456,in_distribution,6,15.650871,0.85,3,3,3,104.86322353867924,463.33502769470215,0.9163204222917556,0.09763838,0.0,157,4.544128000004548,30.650877,15.000006,64.64924399999973,0.5,0.5146909356117249,uniform,uniform,10,0.0,0.0,0.0,,
shared,3456,in_distribution,7,16.482483,0.5,10,7,7,226.8523392677307,403.0018901824951,0.9000000953674316,0.115759626,0.0,157,4.544128000004548,66.48248,50.0,64.64924399999973,0.5,0.5146909356117249,uniform,uniform,10,0.0,0.0,0.0,,
shared,3456,in_distribution,8,13.344698,0.7,6,5,5,107.58715306009564,384.5205402374268,0.744286060333252,0.11995072,298.97086,157,4.544128000004548,43.344696,29.999998,64.64924399999973,0.5,0.5146909356117249,uniform,uniform,10,0.0,0.0,0.0,,
shared,3456,in_distribution,9,10.59477,0.85,3,1,1,122.3365230770672,439.59574699401855,0.6911837249994278,0.19887465,408.52298,157,4.544128000004548,25.594769,14.999998,64.64924399999973,0.5,0.5146909356117249,uniform,uniform,10,0.0,0.0,0.0,,
shared,3456,in_distribution,10,15.7960205,0.75,5,3,3,138.3366003036499,411.5618419647217,0.8763552904129028,0.084191374,45.397964,157,4.544128000004548,40.79602,25.0,64.64924399999973,0.5,0.5146909356117249,uniform,uniform,10,0.0,0.0,0.0,,
shared,3456,in_distribution,11,15.998456,0.75,5,4,4,150.65354752540588,479.9079608917236,0.9135187357664108,0.03944752,21.9522,157,4.544128000004548,40.998463,25.000008,64.64924399999973,0.5,0.5146909356117249,uniform,uniform,10,0.0,0.0,0.0,,
shared,3456,in_distribution,12,13.809187,0.85,3,3,3,95.19449564463952,452.7647209167481,0.817909175157547,0.06827077,178.3792,157,4.544128000004548,28.809187,15.0,64.64924399999973,0.5,0.5146909356117249,uniform,uniform,10,0.0,0.0,0.0,,
shared,3456,in_distribution,13,13.282059,0.8,4,4,4,85.46848174184561,397.5683498382568,0.7521905899047852,0.17434715,283.7941,157,4.544128000004548,33.28206,20.0,64.64924399999973,0.5,0.5146909356117249,uniform,uniform,10,0.0,0.0,0.0,,
shared,3456,in_distribution,14,13.588689,0.85,3,2,2,106.81303029551223,478.9861106872559,0.8535593092441559,0.11818805,136.15231,157,4.544128000004548,28.588692,15.000003,64.64924399999973,0.5,0.5146909356117249,uniform,uniform,10,0.0,0.0,0.0,,
shared,3456,in_distribution,15,7.864838,0.3,14,0,0,214.56308126449585,342.6770782470703,0.4481686949729919,0.08431104,867.5163,157,4.544128000004548,77.86483,69.99999,64.64924399999973,0.5,0.5146909356117249,uniform,uniform,10,0.0,0.0,0.0,,
shared,3456,in_distribution,16,11.416082,0.85,3,3,3,95.89630786110374,395.3827571868897,0.7543469667434692,0.29902682,279.65384,157,4.544128000004548,26.416079,14.999996,64.64924399999973,0.5,0.5146909356117249,uniform,uniform,10,0.0,0.0,0.0,,
shared,3456,in_distribution,17,14.091261,0.85,3,3,3,133.6735057480195,467.4352169036865,0.8498300433158874,0.05938139,141.50803,157,4.544128000004548,29.091263,15.000002,64.64924399999973,0.5,0.5146909356117249,uniform,uniform,10,0.0,0.0,0.0,,
shared,3456,in_distribution,18,14.768419,0.65000004,7,0,0,117.01380014419556,434.7912883758545,0.8630569964647293,0.064554654,73.721954,157,4.544128000004548,49.768417,35.0,64.64924399999973,0.5,0.5146909356117249,uniform,uniform,10,0.0,0.0,0.0,,
shared,3456,in_distribution,19,16.599998,0.85,3,3,3,169.19371562845566,478.3208656311035,0.938463059067726,0.0333454,0.0,157,4.544128000004548,31.599998,15.0,64.64924399999973,0.5,0.5146909356117249,uniform,uniform,10,0.0,0.0,0.0,,
shared,3456,in_distribution,20,15.046639,0.75,5,4,4,110.90598964691162,453.6495494842529,0.8605800062417984,0.06636553,97.336006,157,4.544128000004548,40.046642,25.000004,64.64924399999973,0.5,0.5146909356117249,uniform,uniform,10,0.0,0.0,0.0,,
shared,3456,in_distribution,21,15.387287,0.8,4,3,3,101.66279587894678,474.4649505615234,0.8860383868217468,0.08713089,69.271324,157,4.544128000004548,35.38729,20.000004,64.64924399999973,0.5,0.5146909356117249,uniform,uniform,10,0.0,0.0,0.0,,
shared,3456,in_distribution,22,12.158367,0.75,5,4,4,158.78451192378998,407.9546070098877,0.7626602053642273,0.16754991,263.69247,157,4.544128000004548,37.158363,24.999996,64.64924399999973,0.5,0.5146909356117249,uniform,uniform,10,0.0,0.0,0.0,,
shared,3456,in_distribution,23,11.402016,0.8,4,3,3,117.6442362740636,437.6845836639404,0.716476121544838,0.2945593,358.0504,157,4.544128000004548,31.402016,20.0,64.64924399999973,0.5,0.5146909356117249,uniform,uniform,10,0.0,0.0,0.0,,
shared,3456,in_distribution,24,15.73781,0.6,8,7,7,153.10531824827194,435.7807445526123,0.8543631225824356,0.055230603,91.40371,157,4.544128000004548,55.73781,40.0,64.64924399999973,0.5,0.5146909356117249,uniform,uniform,10,0.0,0.0,0.0,,
shared,3456,in_distribution,25,9.003786,0.25,15,1,1,241.8246774673462,404.90429878234863,0.4349752962589264,0.3463992,892.8476,157,4.544128000004548,84.003784,75.0,64.64924399999973,0.5,0.5146909356117249,uniform,uniform,10,0.0,0.0,0.0,,
shared,3456,in_distribution,26,12.798584,0.95,1,1,1,90.72625164138644,471.086540222168,0.7964534729719162,0.10223922,249.13477,157,4.544128000004548,17.798584,5.0,64.64924399999973,0.5,0.5146909356117249,uniform,uniform,10,0.0,0.0,0.0,,
shared,3456,in_distribution,27,14.093756,0.8,4,4,4,107.90967173874378,476.68633460998535,0.8257312297821044,0.029796308,199.16908,157,4.544128000004548,34.093758,20.000002,64.64924399999973,0.5,0.5146909356117249,uniform,uniform,10,0.0,0.0,0.0,,
shared,3456,in_distribution,28,13.55765,0.7,6,4,4,156.93390739815575,453.0673885345459,0.7976164609193802,0.12258948,217.64389,157,4.544128000004548,43.557648,29.999998,64.64924399999973,0.5,0.5146909356117249,uniform,uniform,10,0.0,0.0,0.0,,
shared,3456,in_distribution,29,13.074154,0.85,3,2,2,124.04781481798958,443.8389015197754,0.7880941361188889,0.15623344,228.38481,157,4.544128000004548,28.074158,15.000004,64.64924399999973,0.5,0.5146909356117249,uniform,uniform,10,0.0,0.0,0.0,,
shared,3456,in_distribution,30,13.357845,0.75,5,5,5,152.55694389343262,444.39863204956055,0.820297110080719,0.13672327,173.21548,157,4.544128000004548,38.35785,25.000004,64.64924399999973,0.5,0.5146909356117249,uniform,uniform,10,0.0,0.0,0.0,,
shared,3456,in_distribution,31,11.2676115,0.75,5,2,2,98.02935194969176,476.0640335083008,0.6837330341339112,0.07944012,479.2388,157,4.544128000004548,36.267612,25.0,64.64924399999973,0.5,0.5146909356117249,uniform,uniform,10,0.0,0.0,0.0,,
shared,3456,in_distribution,32,14.686862,0.85,3,2,2,121.41003570135902,392.662353515625,0.8676943778991699,0.09098252,62.026897,157,4.544128000004548,29.68686,14.999997,64.64924399999973,0.5,0.5146909356117249,uniform,uniform,10,0.0,0.0,0.0,,
shared,3456,in_distribution,33,14.199527,0.8,4,2,2,116.5116922929883,469.73928451538086,0.8646157324314118,0.078441106,105.67718,157,4.544128000004548,34.199528,20.0,64.64924399999973,0.5,0.5146909356117249,uniform,uniform,10,0.0,0.0,0.0,,
shared,3456,in_distribution,34,13.899442,0.8,4,3,3,90.11747502721846,378.5123348236084,0.8348668813705444,0.08465198,125.05569,157,4.544128000004548,33.899445,20.000004,64.64924399999973,0.5,0.5146909356117249,uniform,uniform,10,0.0,0.0,0.0,,
shared,3456,in_distribution,35,15.726294,0.75,5,5,5,126.8021742105484,477.28248596191406,0.924482661485672,0.051831003,39.05002,157,4.544128000004548,40.726295,25.000002,64.64924399999973,0.5,0.5146909356117249,uniform,uniform,10,0.0,0.0,0.0,,
shared,3456,in_distribution,36,11.245866,0.90000004,2,2,2,104.14935906728108,375.6420421600342,0.7388472557067871,0.14269605,309.4134,157,4.544128000004548,21.245865,9.999999,64.64924399999973,0.5,0.5146909356117249,uniform,uniform,10,0.0,0.0,0.0,,
shared,3456,in_distribution,37,15.852804,0.75,5,5,5,139.8917417526245,443.61276626586914,0.8696402847766876,0.048274502,69.90351,157,4.544128000004548,40.8528,24.999994,64.64924399999973,0.5,0.5146909356117249,uniform,uniform,10,0.0,0.0,0.0,,
shared,3456,in_distribution,38,14.632376,0.75,5,4,4,167.78668546676636,475.3190231323242,0.8824570059776307,0.028351748,96.98096,157,4.544128000004548,39.632378,25.000002,64.64924399999973,0.5,0.5146909356117249,uniform,uniform,10,0.0,0.0,0.0,,
shared,3456,in_distribution,39,15.56375,0.8,4,4,4,181.95498257875445,474.8837471008301,0.9252144724130632,0.056847114,18.277645,157,4.544128000004548,35.56375,20.0,64.64924399999973,0.5,0.5146909356117249,uniform,uniform,10,0.0,0.0,0.0,,
shared,3456,in_distribution,40,15.5853615,0.7,6,4,4,100.78682278415988,345.34996032714844,0.8712723255157471,0.04133769,55.157158,157,4.544128000004548,45.585365,30.000004,64.64924399999973,0.5,0.5146909356117249,uniform,uniform,10,0.0,0.0,0.0,,
shared,3456,in_distribution,41,13.722965,0.3,14,1,1,98.2022276520729,377.4420547485352,0.7402586936950684,0.11968326,306.7034,157,4.544128000004548,83.72297,70.0,64.64924399999973,0.5,0.5146909356117249,uniform,uniform,10,0.0,0.0,0.0,,
shared,3456,in_distribution,42,11.480112,0.7,6,4,4,125.64949904169356,412.371997833252,0.6899092793464661,0.19130181,403.37418,157,4.544128000004548,41.48011,29.999998,64.64924399999973,0.5,0.5146909356117249,uniform,uniform,10,0.0,0.0,0.0,,
shared,3456,in_distribution,43,16.276808,0.7,6,4,4,138.28979807240623,469.66973304748535,0.9231519877910614,0.06848421,2.3192196,157,4.544128000004548,46.276814,30.000006,64.64924399999973,0.5,0.5146909356117249,uniform,uniform,10,0.0,0.0,0.0,,
shared,3456,in_distribution,44,13.586111,0.8,4,3,3,137.2731453180313,433.4165382385254,0.8116309583187103,0.124672614,171.08527,157,4.544128000004548,33.586117,20.000006,64.64924399999973,0.5,0.5146909356117249,uniform,uniform,10,0.0,0.0,0.0,,
shared,3456,in_distribution,45,15.619999,0.8,4,3,3,180.24438343942165,478.5502338409424,0.9556351214647292,0.06737683,0.0,157,4.544128000004548,35.620003,20.000004,64.64924399999973,0.5,0.5146909356117249,uniform,uniform,10,0.0,0.0,0.0,,
shared,3456,in_distribution,46,14.231393,0.90000004,2,1,1,112.14958757162094,412.7261352539063,0.8527026176452637,0.055783376,90.81107,157,4.544128000004548,24.231388,9.999995,64.64924399999973,0.5,0.5146909356117249,uniform,uniform,10,0.0,0.0,0.0,,
shared,3456,in_distribution,47,16.3,0.75,5,2,2,123.85793876647948,468.32651138305664,0.9189201533794404,0.04266338,0.0,157,4.544128000004548,41.299995,24.999996,64.64924399999973,0.5,0.5146909356117249,uniform,uniform,10,0.0,0.0,0.0,,
shared,3456,in_distribution,48,14.361979,0.8,4,3,3,133.68600200861692,472.7569770812988,0.8312139689922333,0.08679438,181.04411,157,4.544128000004548,34.36198,20.000002,64.64924399999973,0.5,0.5146909356117249,uniform,uniform,10,0.0,0.0,0.0,,
shared,3456,in_distribution,49,13.16221,0.75,5,2,2,173.38916873931885,464.1342544555664,0.8166832566261292,0.156164,192.1026,157,4.544128000004548,38.16222,25.00001,64.64924399999973,0.5,0.5146909356117249,uniform,uniform,10,0.0,0.0,0.0,,
shared,3456,in_distribution,50,14.105368,0.85,3,0,0,70.7679124264156,475.7373332977295,0.8839295893907547,0.084843695,74.59262,157,4.544128000004548,29.105368,15.0,64.64924399999973,0.5,0.5146909356117249,uniform,uniform,10,0.0,0.0,0.0,,
shared,3456,in_distribution,51,14.9554,0.75,5,3,3,130.09199678897858,459.19017791748047,0.8814652293920517,0.118713945,87.789986,157,4.544128000004548,39.9554,24.999998,64.64924399999973,0.5,0.5146909356117249,uniform,uniform,10,0.0,0.0,0.0,,
shared,3456,in_distribution,52,14.253954,0.7,6,6,6,153.98626851184028,472.2227954864502,0.8331657379865647,0.1429268,171.60464,157,4.544128000004548,44.253956,30.000002,64.64924399999973,0.5,0.5146909356117249,uniform,uniform,10,0.0,0.0,0.0,,
shared,3456,in_distribution,53,12.386757,0.75,5,3,3,124.8433713912964,472.60823249816895,0.790252098441124,0.09424694,251.3243,157,4.544128000004548,37.38676,25.000004,64.64924399999973,0.5,0.5146909356117249,uniform,uniform,10,0.0,0.0,0.0,,
shared,3456,in_distribution,54,11.574772,0.6,8,0,0,111.35431371629238,379.0655708312988,0.7460819482803345,0.113520175,295.52277,157,4.544128000004548,51.574776,40.000004,64.64924399999973,0.5,0.5146909356117249,uniform,uniform,10,0.0,0.0,0.0,,
shared,3456,in_distribution,55,14.375357,0.85,3,2,2,152.81400771702036,444.2702865600586,0.8816897511482239,0.1231205,47.42602,157,4.544128000004548,29.375359,15.000002,64.64924399999973,0.5,0.5146909356117249,uniform,uniform,10,0.0,0.0,0.0,,
shared,3456,in_distribution,56,15.057743,0.85,3,3,3,179.91642236709595,468.06836128234863,0.9151678174734116,0.092874795,6.9463177,157,4.544128000004548,30.057747,15.000004,64.64924399999973,0.5,0.5146909356117249,uniform,uniform,10,0.0,0.0,0.0,,
shared,3456,in_distribution,57,10.5379505,0.85,3,2,2,107.18854981310228,471.6518783569336,0.7011061489582062,0.32579383,461.03033,157,4.544128000004548,25.537949,14.999998,64.64924399999973,0.5,0.5146909356117249,uniform,uniform,10,0.0,0.0,0.0,,
shared,3456,in_distribution,58,16.11,0.75,5,4,4,142.1179621219635,419.1671848297119,0.9000000953674316,0.042803545,0.0,157,4.544128000004548,41.109997,24.999996,64.64924399999973,0.5,0.5146909356117249,uniform,uniform,10,0.0,0.0,0.0,,
shared,3456,in_distribution,59,14.315167,0.95,1,0,0,156.5488057701211,465.1686000823975,0.88747036755085,0.05507754,68.85853,157,4.544128000004548,19.315166,4.999999,64.64924399999973,0.5,0.5146909356117249,uniform,uniform,10,0.0,0.0,0.0,,
shared,3456,in_distribution,60,10.499689,0.8,4,4,4,98.98359261453152,440.98185539245605,0.6551605850458145,0.2908286,479.07355,157,4.544128000004548,30.499687,19.999998,64.64924399999973,0.5,0.5146909356117249,uniform,uniform,10,0.0,0.0,0.0,,
shared,3456,in_distribution,61,13.696482,0.85,3,0,0,118.81445230806575,435.7544803619385,0.8679787009954453,0.060495727,65.23557,157,4.544128000004548,28.696486,15.000004,64.64924399999973,0.5,0.5146909356117249,uniform,uniform,10,0.0,0.0,0.0,,
shared,3456,in_distribution,62,11.364061,0.95,1,1,1,107.140212639382,466.7407321929932,0.7479027181863784,0.19910668,357.59375,157,4.544128000004548,16.364065,5.000004,64.64924399999973,0.5,0.5146909356117249,uniform,uniform,10,0.0,0.0,0.0,,
shared,3456,in_distribution,63,13.646441,1.0,0,0,0,105.52997050434352,458.7871170043945,0.9042529702186584,0.10075687,18.62158,157,4.544128000004548,13.6464405,-9.536743e-07,64.64924399999973,0.5,0.5146909356117249,uniform,uniform,10,0.0,0.0,0.0,,
shared,3456,in_distribution,64,16.341805,0.6,8,8,8,103.1202471256256,426.3173389434815,0.8632631301879883,0.026163405,70.5349,157,4.544128000004548,56.34181,40.000004,64.64924399999973,0.5,0.5146909356117249,uniform,uniform,10,0.0,0.0,0.0,,
shared,3456,in_distribution,65,11.576063,0.7,6,4,4,129.92579899728298,457.5302982330322,0.7051548451185227,0.2644265,399.6331,157,4.544128000004548,41.57606,29.999998,64.64924399999973,0.5,0.5146909356117249,uniform,uniform,10,0.0,0.0,0.0,,
shared,3456,in_distribution,66,15.296406,0.75,5,0,0,129.03810250759125,468.9864921569824,0.9018186509609224,0.10585221,51.535183,157,4.544128000004548,40.296406,25.0,64.64924399999973,0.5,0.5146909356117249,uniform,uniform,10,0.0,0.0,0.0,,
shared,3456,in_distribution,67,15.492067,0.90000004,2,2,2,138.38761111100516,476.0880374908447,0.9403337001800536,0.008199951,22.793312,157,4.544128000004548,25.49207,10.000002,64.64924399999973,0.5,0.5146909356117249,uniform,uniform,10,0.0,0.0,0.0,,
shared,3456,in_distribution,68,17.216316,0.45000002,11,7,7,181.1871826648712,445.8198165893554,0.9071929693222046,0.08668501,0.009464264,157,4.544128000004548,72.21632,55.0,64.64924399999973,0.5,0.5146909356117249,uniform,uniform,10,0.0,0.0,0.0,,
shared,3456,in_distribution,69,14.614021,0.85,3,3,3,121.54197966351228,474.83880043029785,0.8636541694402695,0.03587327,115.59788,157,4.544128000004548,29.614021,15.0,64.64924399999973,0.5,0.5146909356117249,uniform,uniform,10,0.0,0.0,0.0,,
shared,3456,in_distribution,70,10.772119,0.75,5,4,4,117.47148489952087,443.94083976745605,0.6449567258358002,0.2843239,502.67355,157,4.544128000004548,35.77212,25.000004,64.64924399999973,0.5,0.5146909356117249,uniform,uniform,10,0.0,0.0,0.0,,
shared,3456,in_distribution,71,12.484129,0.8,4,4,4,121.74289983697236,471.5366363525391,0.7583604097366333,0.1490284,311.48462,157,4.544128000004548,32.484123,19.999994,64.64924399999973,0.5,0.5146909356117249,uniform,uniform,10,0.0,0.0,0.0,,
shared,3456,in_distribution,72,15.291387,0.8,4,3,3,135.21490909159184,466.6030883789063,0.909718295931816,0.06836382,55.31753,157,4.544128000004548,35.291386,20.0,64.64924399999973,0.5,0.5146909356117249,uniform,uniform,10,0.0,0.0,0.0,,
shared,3456,in_distribution,73,16.523682,0.7,6,6,6,99.15922637496676,475.09220123291016,0.9271178126335144,0.070436805,0.0,157,4.544128000004548,46.52368,30.0,64.64924399999973,0.5,0.5146909356117249,uniform,uniform,10,0.0,0.0,0.0,,
shared,3456,in_distribution,74,14.458569,0.65000004,7,6,6,114.37330979567308,471.00757598876953,0.8203269481658936,0.11680372,191.9799,157,4.544128000004548,49.458565,34.999996,64.64924399999973,0.5,0.5146909356117249,uniform,uniform,10,0.0,0.0,0.0,,
shared,3456,in_distribution,75,11.639343,0.6,8,7,7,149.52151909470558,434.816780090332,0.6761749625205994,0.36458477,432.5609,157,4.544128000004548,51.63934,39.999996,64.64924399999973,0.5,0.5146909356117249,uniform,uniform,10,0.0,0.0,0.0,,
shared,3456,in_distribution,76,16.903149,0.55,9,8,8,129.24183921380475,423.5816287994385,0.9000000953674316,0.050524015,0.0,157,4.544128000004548,61.903152,45.000004,64.64924399999973,0.5,0.5146909356117249,uniform,uniform,10,0.0,0.0,0.0,,
shared,3456,in_distribution,77,16.359999,0.7,6,4,4,197.30562571968352,433.5870265960693,0.9008266717195512,0.0452489,0.0,157,4.544128000004548,46.359997,29.999998,64.64924399999973,0.5,0.5146909356117249,uniform,uniform,10,0.0,0.0,0.0,,
shared,3456,in_distribution,78,11.329829,0.85,3,2,2,113.08625336955576,475.2605152130127,0.7255206197500229,0.32472584,378.26102,157,4.544128000004548,26.32983,15.000001,64.64924399999973,0.5,0.5146909356117249,uniform,uniform,10,0.0,0.0,0.0,,
shared,3456,in_distribution,79,16.152496,0.7,6,5,5,195.65191447734836,463.0056095123291,0.917888131737709,0.046821494,15.307928,157,4.544128000004548,46.1525,30.000004,64.64924399999973,0.5,0.5146909356117249,uniform,uniform,10,0.0,0.0,0.0,,
shared,3456,in_distribution,80,15.800405,0.75,5,3,3,217.9813368320465,478.97289276123047,0.919881546497345,0.028236879,8.800489,157,4.544128000004548,40.800404,25.0,64.64924399999973,0.5,0.5146909356117249,uniform,uniform,10,0.0,0.0,0.0,,
shared,3456,in_distribution,81,14.658041,0.75,5,3,3,133.02277946472168,384.9265480041504,0.8429350852966309,0.026404954,109.56475,157,4.544128000004548,39.65804,24.999998,64.64924399999973,0.5,0.5146909356117249,uniform,uniform,10,0.0,0.0,0.0,,
shared,3456,in_distribution,82,15.392796,0.90000004,2,2,2,182.21172352631888,470.28751373291016,0.9387713998556138,0.07678218,0.0,157,4.544128000004548,25.392797,10.000002,64.64924399999973,0.5,0.5146909356117249,uniform,uniform,10,0.0,0.0,0.0,,
shared,3456,in_distribution,83,15.437773,0.75,5,5,5,137.3270663022995,466.2084674835205,0.8867353290319443,0.080415055,59.67676,157,4.544128000004548,40.437767,24.999994,64.64924399999973,0.5,0.5146909356117249,uniform,uniform,10,0.0,0.0,0.0,,
shared,3456,in_distribution,84,13.188069,0.75,5,5,5,100.54910051822662,477.1622943878174,0.8420333594083786,0.13345464,185.10995,157,4.544128000004548,38.18807,25.0,64.64924399999973,0.5,0.5146909356117249,uniform,uniform,10,0.0,0.0,0.0,,
shared,3456,in_distribution,85,12.173346,0.75,5,4,4,119.78043866157532,410.9498119354248,0.7564241886138916,0.17450479,275.6656,157,4.544128000004548,37.173344,24.999998,64.64924399999973,0.5,0.5146909356117249,uniform,uniform,10,0.0,0.0,0.0,,
shared,3456,in_distribution,86,16.55744,0.65000004,7,5,5,177.86559297488287,473.7219142913818,0.9246252954006196,0.05200781,0.0,157,4.544128000004548,51.557446,35.000008,64.64924399999973,0.5,0.5146909356117249,uniform,uniform,10,0.0,0.0,0.0,,
shared,3456,in_distribution,87,15.229021,0.85,3,2,2,119.34143711538876,448.2182693481445,0.894646966457367,0.052591402,26.496288,157,4.544128000004548,30.22902,14.999998,64.64924399999973,0.5,0.5146909356117249,uniform,uniform,10,0.0,0.0,0.0,,
shared,3456,in_distribution,88,16.490307,0.7,6,5,5,110.61942432607924,465.9778690338135,0.9183073669672012,0.026688684,0.0,157,4.544128000004548,46.490303,29.999996,64.64924399999973,0.5,0.5146909356117249,uniform,uniform,10,0.0,0.0,0.0,,
shared,3456,in_distribution,89,14.068214,0.85,3,2,2,92.43444805636123,451.3964080810547,0.8522040486335755,0.04767378,111.164734,157,4.544128000004548,29.06821,14.999996,64.64924399999973,0.5,0.5146909356117249,uniform,uniform,10,0.0,0.0,0.0,,
shared,3456,in_distribution,90,12.018435,0.8,4,3,3,141.31845116615295,466.5347099304199,0.7426698088645936,0.21570759,356.8634,157,4.544128000004548,32.018433,19.999998,64.64924399999973,0.5,0.5146909356117249,uniform,uniform,10,0.0,0.0,0.0,,
shared,3456,in_distribution,91,12.569838,0.90000004,2,1,1,165.60132279992104,460.0822448730469,0.8510761499404907,0.10020496,122.01619,157,4.544128000004548,22.569832,9.999994,64.64924399999973,0.5,0.5146909356117249,uniform,uniform,10,0.0,0.0,0.0,,
shared,3456,in_distribution,92,15.606598,0.75,5,4,4,166.01013612747192,428.0163860321045,0.88657546043396,0.06809673,25.775263,157,4.544128000004548,40.606598,25.0,64.64924399999973,0.5,0.5146909356117249,uniform,uniform,10,0.0,0.0,0.0,,
shared,3456,in_distribution,93,13.686636,0.8,4,3,3,155.5289661884308,472.0620918273926,0.8405081152915954,0.10563452,185.98146,157,4.544128000004548,33.686638,20.000002,64.64924399999973,0.5,0.5146909356117249,uniform,uniform,10,0.0,0.0,0.0,,
shared,3456,in_distribution,94,14.06025,0.90000004,2,1,1,113.16042363643646,443.8772392272949,0.8465650618076325,0.21648195,114.47247,157,4.544128000004548,24.06025,9.999999,64.64924399999973,0.5,0.5146909356117249,uniform,uniform,10,0.0,0.0,0.0,,
shared,3456,in_distribution,95,16.899784,0.55,9,7,7,190.0897771661932,477.6463794708252,0.910960564017296,0.032115612,24.602297,157,4.544128000004548,61.89979,45.000008,64.64924399999973,0.5,0.5146909356117249,uniform,uniform,10,0.0,0.0,0.0,,
shared,3456,in_distribution,96,16.336472,0.7,6,5,5,185.41304699012213,474.770736694336,0.922276520729065,0.03341154,0.0,157,4.544128000004548,46.336468,29.999996,64.64924399999973,0.5,0.5146909356117249,uniform,uniform,10,0.0,0.0,0.0,,
shared,3456,in_distribution,97,11.659092,0.85,3,1,1,113.66963393547957,455.2463436126709,0.7512781411409378,0.25533548,308.79248,157,4.544128000004548,26.65909,14.999998,64.64924399999973,0.5,0.5146909356117249,uniform,uniform,10,0.0,0.0,0.0,,
shared,3456,in_distribution,98,16.87434,0.5,10,9,9,168.00042209029198,424.3283271789551,0.9000000953674316,0.05868247,5.722046e-06,157,4.544128000004548,66.87435,50.00001,64.64924399999973,0.5,0.5146909356117249,uniform,uniform,10,0.0,0.0,0.0,,
shared,3456,in_distribution,99,16.00747,0.8,4,2,2,124.79494661092758,466.99267387390137,0.9303832232952118,0.08166632,4.2529163,157,4.544128000004548,36.007473,20.000004,64.64924399999973,0.5,0.5146909356117249,uniform,uniform,10,0.0,0.0,0.0,,
shared_wide,1234,in_distribution,0,15.623304,0.85,3,2,2,112.5122813617482,426.0227108001709,0.8948407173156738,0.08407764,9.906017,152,4.434579999990547,30.623306,15.000002,64.17040999999926,0.5,0.5146909356117249,uniform,uniform,10,0.0,0.0,0.0,,
shared_wide,1234,in_distribution,1,12.06248,0.85,3,2,2,91.21896912069882,473.2393169403076,0.7278740733861924,0.08135585,379.75195,152,4.434579999990547,27.06248,15.000001,64.17040999999926,0.5,0.5146909356117249,uniform,uniform,10,0.0,0.0,0.0,,
shared_wide,1234,in_distribution,2,14.075192,0.85,3,3,3,125.74237325612236,477.5243282318115,0.8404260665178299,0.17102854,159.90637,152,4.434579999990547,29.0752,15.000007,64.17040999999926,0.5,0.5146909356117249,uniform,uniform,10,0.0,0.0,0.0,,
shared_wide,1234,in_distribution,3,12.441208,0.90000004,2,1,1,74.55684006214142,466.2330436706543,0.7816348046064376,0.10974202,326.87924,152,4.434579999990547,22.441212,10.000004,64.17040999999926,0.5,0.5146909356117249,uniform,uniform,10,0.0,0.0,0.0,,
shared_wide,1234,in_distribution,4,16.6,0.65000004,7,7,7,158.73228701261374,473.9798927307129,0.9311902403831482,0.07115579,0.0,152,4.434579999990547,51.600006,35.000008,64.17040999999926,0.5,0.5146909356117249,uniform,uniform,10,0.0,0.0,0.0,,
shared_wide,1234,in_distribution,5,16.833122,0.5,10,10,10,171.14220428466797,467.09349632263184,0.9182779580354692,0.14510994,0.0,152,4.434579999990547,66.83313,50.000008,64.17040999999926,0.5,0.5146909356117249,uniform,uniform,10,0.0,0.0,0.0,,
shared_wide,1234,in_distribution,6,16.173702,0.7,6,6,6,82.12797939777374,453.4366893768311,0.9082328468561172,0.028630935,5.6297436,152,4.434579999990547,46.173702,30.0,64.17040999999926,0.5,0.5146909356117249,uniform,uniform,10,0.0,0.0,0.0,,
shared_wide,1234,in_distribution,7,15.02667,0.75,5,2,2,122.85707688331604,453.64394187927246,0.864745357632637,0.07394329,89.33302,152,4.434579999990547,40.026672,25.000002,64.17040999999926,0.5,0.5146909356117249,uniform,uniform,10,0.0,0.0,0.0,,
shared_wide,1234,in_distribution,8,13.294484,0.90000004,2,1,1,148.61832082271576,472.6431941986084,0.8638677924871445,0.07644633,111.51275,152,4.434579999990547,23.294483,9.999999,64.17040999999926,0.5,0.5146909356117249,uniform,uniform,10,0.0,0.0,0.0,,
shared_wide,1234,in_distribution,9,13.216933,0.85,3,1,1,115.7776637287701,439.59574699401855,0.8094259291887284,0.10598894,181.49812,152,4.434579999990547,28.216932,14.999999,64.17040999999926,0.5,0.5146909356117249,uniform,uniform,10,0.0,0.0,0.0,,
shared_wide,1234,in_distribution,10,10.847158,0.85,3,1,1,96.55096681678997,360.0271224975586,0.7055812478065491,0.112914756,373.28406,152,4.434579999990547,25.847157,14.999998,64.17040999999926,0.5,0.5146909356117249,uniform,uniform,10,0.0,0.0,0.0,,
shared_wide,1234,in_distribution,11,14.809483,0.8,4,4,4,140.6596731394529,440.8215236663818,0.8558029919862747,0.09482544,93.67988,152,4.434579999990547,34.809483,20.0,64.17040999999926,0.5,0.5146909356117249,uniform,uniform,10,0.0,0.0,0.0,,
shared_wide,1234,in_distribution,12,13.56834,0.8,4,4,4,86.66162808425725,471.43378257751465,0.8032644778490067,0.07100648,225.16605,152,4.434579999990547,33.568336,19.999996,64.17040999999926,0.5,0.5146909356117249,uniform,uniform,10,0.0,0.0,0.0,,
shared_wide,1234,in_distribution,13,15.24996,0.8,4,4,4,75.84644358605146,400.7849979400635,0.8499979972839355,0.08730308,96.004,152,4.434579999990547,35.249958,19.999998,64.17040999999926,0.5,0.5146909356117249,uniform,uniform,10,0.0,0.0,0.0,,
shared_wide,1234,in_distribution,14,13.601341,0.85,3,2,2,119.430271877962,476.7245864868164,0.8607565999031067,0.13094853,120.07195,152,4.434579999990547,28.601343,15.000002,64.17040999999926,0.5,0.5146909356117249,uniform,uniform,10,0.0,0.0,0.0,,
shared_wide,1234,in_distribution,15,13.276399,0.75,5,3,3,122.33804535865784,463.1626224517822,0.7811471909284592,0.18207571,259.36014,152,4.434579999990547,38.276398,25.0,64.17040999999926,0.5,0.5146909356117249,uniform,uniform,10,0.0,0.0,0.0,,
shared_wide,1234,in_distribution,16,12.477623,1.0,0,0,0,107.35358056426048,432.31959342956543,0.8531676918268204,0.040900227,90.23766,152,4.434579999990547,12.477625,1.9073486e-06,64.17040999999926,0.5,0.5146909356117249,uniform,uniform,10,0.0,0.0,0.0,,
shared_wide,1234,in_distribution,17,13.368826,0.90000004,2,2,2,86.82401165366173,427.05084800720215,0.7956822514533997,0.09977748,200.29019,152,4.434579999990547,23.368832,10.000006,64.17040999999926,0.5,0.5146909356117249,uniform,uniform,10,0.0,0.0,0.0,,
shared_wide,1234,in_distribution,18,11.371754,0.90000004,2,1,1,106.87753389279048,415.772008895874,0.7667580842971802,0.18489751,255.82452,152,4.434579999990547,21.371754,10.0,64.17040999999926,0.5,0.5146909356117249,uniform,uniform,10,0.0,0.0,0.0,,
shared_wide,1234,in_distribution,19,13.967587,0.85,3,3,3,119.4896043398801,476.9206809997559,0.8139893352985382,0.24013431,210.06122,152,4.434579999990547,28.96759,15.000003,64.17040999999926,0.5,0.5146909356117249,uniform,uniform,10,0.0,0.0,0.0,,
shared_wide,1234,in_distribution,20,15.0089655,0.85,3,2,2,113.29562692081228,440.3346633911133,0.8775235056877136,0.04657207,51.489716,152,4.434579999990547,30.008966,15.000001,64.17040999999926,0.5,0.5146909356117249,uniform,uniform,10,0.0,0.0,0.0,,
shared_wide,1234,in_distribution,21,12.86942,0.90000004,2,1,1,88.55958739916484,474.4649505615234,0.7989258497953415,0.112348445,271.9968,152,4.434579999990547,22.86942,9.999999,64.17040999999926,0.5,0.5146909356117249,uniform,uniform,10,0.0,0.0,0.0,,
shared_wide,1234,in_distribution,22,15.214088,0.8,4,3,3,85.66853787750006,451.17751121521,0.8952641278505326,0.027005816,28.270586,152,4.434579999990547,35.214085,19.999996,64.17040999999926,0.5,0.5146909356117249,uniform,uniform,10,0.0,0.0,0.0,,
shared_wide,1234,in_distribution,23,16.44674,0.55,9,8,8,127.92421850291166,443.9362049102783,0.9062168687582016,0.07371939,0.0,152,4.434579999990547,61.446747,45.000008,64.17040999999926,0.5,0.5146909356117249,uniform,uniform,10,0.0,0.0,0.0,,
shared_wide,1234,in_distribution,24,14.795803,0.75,5,4,4,125.26432538032532,423.1267833709717,0.8216937780380249,0.061035194,150.34799,152,4.434579999990547,39.795807,25.000004,64.17040999999926,0.5,0.5146909356117249,uniform,uniform,10,0.0,0.0,0.0,,
shared_wide,1234,in_distribution,25,11.932125,0.85,3,3,3,98.50952583200792,465.2650165557861,0.7089506417512894,0.19897011,413.78745,152,4.434579999990547,26.932129,15.000004,64.17040999999926,0.5,0.5146909356117249,uniform,uniform,10,0.0,0.0,0.0,,
shared_wide,1234,in_distribution,26,15.058948,0.90000004,2,2,2,68.74691269050042,423.08655738830566,0.8755483031272888,0.07763381,46.947372,152,4.434579999990547,25.058949,10.000001,64.17040999999926,0.5,0.5146909356117249,uniform,uniform,10,0.0,0.0,0.0,,
shared_wide,1234,in_distribution,27,14.677906,0.7,6,6,6,114.7256790314402,471.72643661499023,0.8424557626247406,0.06374992,185.20934,152,4.434579999990547,44.677906,30.0,64.17040999999926,0.5,0.5146909356117249,uniform,uniform,10,0.0,0.0,0.0,,
shared_wide,1234,in_distribution,28,15.83,0.85,3,1,1,166.77473124335793,479.7210216522217,0.9542081475257872,0.02386327,0.0,152,4.434579999990547,30.83001,15.00001,64.17040999999926,0.5,0.5146909356117249,uniform,uniform,10,0.0,0.0,0.0,,
shared_wide,1234,in_distribution,29,14.010587,0.90000004,2,1,1,88.66411884625752,477.5350284576416,0.8699410438537598,0.042661395,104.93498,152,4.434579999990547,24.01059,10.000003,64.17040999999926,0.5,0.5146909356117249,uniform,uniform,10,0.0,0.0,0.0,,
shared_wide,1234,in_distribution,30,15.249999,0.85,3,3,3,116.92026772919824,477.7997875213623,0.9418255895376204,0.063748375,0.0,152,4.434579999990547,30.249996,14.999997,64.17040999999926,0.5,0.5146909356117249,uniform,uniform,10,0.0,0.0,0.0,,
shared_wide,1234,in_distribution,31,14.158503,0.7,6,3,3,115.89595939431872,479.49628829956055,0.8341424137353897,0.14031906,200.6235,152,4.434579999990547,44.158497,29.999994,64.17040999999926,0.5,0.5146909356117249,uniform,uniform,10,0.0,0.0,0.0,,
shared_wide,1234,in_distribution,32,15.391033,0.85,3,3,3,133.0750363363939,425.52220344543457,0.8648263216018677,0.089927435,67.53361,152,4.434579999990547,30.391037,15.000004,64.17040999999926,0.5,0.5146909356117249,uniform,uniform,10,0.0,0.0,0.0,,
shared_wide,1234,in_distribution,33,8.558853,0.90000004,2,0,0,85.61197251081467,365.2781581878662,0.6535861492156982,0.11363368,473.1146,152,4.434579999990547,18.558853,10.0,64.17040999999926,0.5,0.5146909356117249,uniform,uniform,10,0.0,0.0,0.0,,
shared_wide,1234,in_distribution,34,11.056918,0.90000004,2,1,1,105.38231333096822,408.48544120788574,0.7331728935241699,0.22242229,320.30807,152,4.434579999990547,21.05692,10.000001,64.17040999999926,0.5,0.5146909356117249,uniform,uniform,10,0.0,0.0,0.0,,
shared_wide,1234,in_distribution,35,15.56246,0.8,4,4,4,103.15384525805712,395.3134346008301,0.8776569962501526,0.056032307,42.89875,152,4.434579999990547,35.562454,19.999994,64.17040999999926,0.5,0.5146909356117249,uniform,uniform,10,0.0,0.0,0.0,,
shared_wide,1234,in_distribution,36,15.222397,0.90000004,2,2,2,91.70822908480962,452.2239303588867,0.8846164584159851,0.088485226,49.760403,152,4.434579999990547,25.222395,9.999998,64.17040999999926,0.5,0.5146909356117249,uniform,uniform,10,0.0,0.0,0.0,,
shared_wide,1234,in_distribution,37,12.71867,0.85,3,3,3,89.12191103486454,452.5613307952881,0.7599273711442948,0.13056242,289.50085,152,4.434579999990547,27.718666,14.999996,64.17040999999926,0.5,0.5146909356117249,uniform,uniform,10,0.0,0.0,0.0,,
shared_wide,1234,in_distribution,38,16.716263,0.65000004,7,6,6,181.58867418766025,454.2749118804932,0.9116016119718552,0.08612419,0.0,152,4.434579999990547,51.716267,35.000004,64.17040999999926,0.5,0.5146909356117249,uniform,uniform,10,0.0,0.0,0.0,,
shared_wide,1234,in_distribution,39,13.524015,0.75,5,5,5,132.62604916095734,465.087947845459,0.7940268456935883,0.10092377,236.55658,152,4.434579999990547,38.524017,25.000002,64.17040999999926,0.5,0.5146909356117249,uniform,uniform,10,0.0,0.0,0.0,,
shared_wide,1234,in_distribution,40,14.978374,0.75,5,3,3,117.46776454150675,468.3384132385254,0.870429390668869,0.08895899,93.11405,152,4.434579999990547,39.97837,24.999996,64.17040999999926,0.5,0.5146909356117249,uniform,uniform,10,0.0,0.0,0.0,,
shared_wide,1234,in_distribution,41,12.773732,0.85,3,3,3,129.51004659428315,437.334566116333,0.8095425248146058,0.18636861,181.89911,152,4.434579999990547,27.773731,14.999999,64.17040999999926,0.5,0.5146909356117249,uniform,uniform,10,0.0,0.0,0.0,,
shared_wide,1234,in_distribution,42,15.528326,0.85,3,1,1,118.7330973849577,452.6325416564941,0.9107462108135224,0.02958221,0.0,152,4.434579999990547,30.528324,14.999998,64.17040999999926,0.5,0.5146909356117249,uniform,uniform,10,0.0,0.0,0.0,,
shared_wide,1234,in_distribution,43,15.797895,0.7,6,4,4,84.36481360878263,474.2584419250488,0.9064861804246902,0.063914716,40.932014,152,4.434579999990547,45.797894,29.999998,64.17040999999926,0.5,0.5146909356117249,uniform,uniform,10,0.0,0.0,0.0,,
shared_wide,1234,in_distribution,44,13.509756,0.90000004,2,1,1,110.09579420089722,451.32411003112793,0.8296835154294968,0.04213992,166.78416,152,4.434579999990547,23.509754,9.999998,64.17040999999926,0.5,0.5146909356117249,uniform,uniform,10,0.0,0.0,0.0,,
shared_wide,1234,in_distribution,45,13.865115,0.75,5,4,4,122.64762556552888,441.7334461212158,0.8235651344060898,0.1923981,156.4885,152,4.434579999990547,38.865112,24.999996,64.17040999999926,0.5,0.5146909356117249,uniform,uniform,10,0.0,0.0,0.0,,
shared_wide,1234,in_distribution,46,14.91213,0.90000004,2,1,1,106.17017328739166,434.65930938720703,0.8806821435689927,0.064114764,39.786922,152,4.434579999990547,24.912132,10.000002,64.17040999999926,0.5,0.5146909356117249,uniform,uniform,10,0.0,0.0,0.0,,
shared_wide,1234,in_distribution,47,10.913658,0.8,4,1,1,114.53824773430824,421.21310234069824,0.703826904296875,0.22055183,376.65234,152,4.434579999990547,30.913658,20.0,64.17040999999926,0.5,0.5146909356117249,uniform,uniform,10,0.0,0.0,0.0,,
shared_wide,1234,in_distribution,48,10.969419,0.90000004,2,1,1,104.4986714919408,421.9257545471192,0.7049382925033569,0.07951577,374.51855,152,4.434579999990547,20.969416,9.999997,64.17040999999926,0.5,0.5146909356117249,uniform,uniform,10,0.0,0.0,0.0,,
shared_wide,1234,in_distribution,49,13.716797,0.75,5,2,2,114.30281591415404,443.79435539245605,0.8191650301218033,0.121782,166.99757,152,4.434579999990547,38.7168,25.000004,64.17040999999926,0.5,0.5146909356117249,uniform,uniform,10,0.0,0.0,0.0,,
shared_wide,1234,in_distribution,50,15.963747,0.75,5,5,5,128.47306209802628,453.18248748779297,0.9121733427047728,0.073005,0.0,152,4.434579999990547,40.963745,24.999998,64.17040999999926,0.5,0.5146909356117249,uniform,uniform,10,0.0,0.0,0.0,,
shared_wide,1234,in_distribution,51,14.237566,0.85,3,1,1,127.2057516785229,399.221076965332,0.8433930277824402,0.037016064,108.685524,152,4.434579999990547,29.237564,14.999998,64.17040999999926,0.5,0.5146909356117249,uniform,uniform,10,0.0,0.0,0.0,,
shared_wide,1234,in_distribution,52,14.013054,0.95,1,1,1,150.56233321365556,447.2153377532959,0.8950369536876679,0.06333137,39.66695,152,4.434579999990547,19.01305,4.999996,64.17040999999926,0.5,0.5146909356117249,uniform,uniform,10,0.0,0.0,0.0,,
shared_wide,1234,in_distribution,53,14.679071,0.8,4,2,2,121.618909612298,443.6323356628418,0.8751748085021973,0.048295993,60.79887,152,4.434579999990547,34.67907,19.999998,64.17040999999926,0.5,0.5146909356117249,uniform,uniform,10,0.0,0.0,0.0,,
shared_wide,1234,in_distribution,54,9.91099,0.7,6,4,4,74.9359107869012,470.9474658966065,0.6275119215250016,0.28955683,576.6234,152,4.434579999990547,39.91099,30.000002,64.17040999999926,0.5,0.5146909356117249,uniform,uniform,10,0.0,0.0,0.0,,
shared_wide,1234,in_distribution,55,10.2321415,0.90000004,2,1,1,107.27200758953887,411.93700790405273,0.7129119634628296,0.11569089,359.20898,152,4.434579999990547,20.232141,10.0,64.17040999999926,0.5,0.5146909356117249,uniform,uniform,10,0.0,0.0,0.0,,
shared_wide,1234,in_distribution,56,13.719575,0.85,3,3,3,134.68721256536597,433.3154296875,0.8140594601631165,0.14821962,166.3214,152,4.434579999990547,28.719582,15.000007,64.17040999999926,0.5,0.5146909356117249,uniform,uniform,10,0.0,0.0,0.0,,
shared_wide,1234,in_distribution,57,14.546807,0.8,4,3,3,85.22969165816903,453.42750549316406,0.8531797766685486,0.08643399,111.32242,152,4.434579999990547,34.546806,20.0,64.17040999999926,0.5,0.5146909356117249,uniform,uniform,10,0.0,0.0,0.0,,
shared_wide,1234,in_distribution,58,14.354226,0.90000004,2,1,1,125.43227776885033,467.0554161071777,0.8916920155286789,0.097906716,68.99614,152,4.434579999990547,24.354225,9.999999,64.17040999999926,0.5,0.5146909356117249,uniform,uniform,10,0.0,0.0,0.0,,
shared_wide,1234,in_distribution,59,15.090784,0.85,3,2,2,119.93161639746498,447.7312660217285,0.879208916425705,0.040679153,55.650326,152,4.434579999990547,30.09078,14.999996,64.17040999999926,0.5,0.5146909356117249,uniform,uniform,10,0.0,0.0,0.0,,
shared_wide,1234,in_distribution,60,15.845874,0.8,4,4,4,84.41395651549101,459.88935470581055,0.9145258009433748,0.11262668,0.0,152,4.434579999990547,35.845875,20.0,64.17040999999926,0.5,0.5146909356117249,uniform,uniform,10,0.0,0.0,0.0,,
shared_wide,1234,in_distribution,61,13.727353,0.85,3,3,3,116.15964579231598,435.298490524292,0.8342851787805557,0.13200095,129.47107,152,4.434579999990547,28.727352,14.999999,64.17040999999926,0.5,0.5146909356117249,uniform,uniform,10,0.0,0.0,0.0,,
shared_wide,1234,in_distribution,62,14.124098,0.90000004,2,2,2,107.4146917462349,449.84487533569336,0.8571308791637421,0.03375139,100.153725,152,4.434579999990547,24.124096,9.999998,64.17040999999926,0.5,0.5146909356117249,uniform,uniform,10,0.0,0.0,0.0,,
shared_wide,1234,in_distribution,63,11.068148,1.0,0,0,0,122.08101511001588,441.419620513916,0.7740805089473725,0.18613866,251.18517,152,4.434579999990547,11.068148,0.0,64.17040999999926,0.5,0.5146909356117249,uniform,uniform,10,0.0,0.0,0.0,,
shared_wide,1234,in_distribution,64,15.213749,0.8,4,4,4,97.94277146458626,437.7522468566895,0.843548583984375,0.020772876,116.548706,152,4.434579999990547,35.21375,20.0,64.17040999999926,0.5,0.5146909356117249,uniform,uniform,10,0.0,0.0,0.0,,
shared_wide,1234,in_distribution,65,14.02213,0.75,5,3,3,104.71843481063844,467.4452877044678,0.8154470711946488,0.113103084,197.78699,152,4.434579999990547,39.022125,24.999996,64.17040999999926,0.5,0.5146909356117249,uniform,uniform,10,0.0,0.0,0.0,,
shared_wide,1234,in_distribution,66,10.403631,0.90000004,2,0,0,89.82232292493184,452.7698421478272,0.687604370713234,0.1429303,446.6098,152,4.434579999990547,20.40363,9.999998,64.17040999999926,0.5,0.5146909356117249,uniform,uniform,10,0.0,0.0,0.0,,
shared_wide,1234,in_distribution,67,15.72788,0.65000004,7,7,7,126.26491124813371,461.4296722412109,0.8744216203689575,0.051786643,78.540245,152,4.434579999990547,50.727882,35.000004,64.17040999999926,0.5,0.5146909356117249,uniform,uniform,10,0.0,0.0,0.0,,
shared_wide,1234,in_distribution,68,13.554132,0.85,3,2,2,125.45979285941404,436.1217784881592,0.8240293055772782,0.0899623,149.98564,152,4.434579999990547,28.554127,14.999994,64.17040999999926,0.5,0.5146909356117249,uniform,uniform,10,0.0,0.0,0.0,,
shared_wide,1234,in_distribution,69,12.647167,0.85,3,3,3,94.56524296718486,441.5006732940674,0.7767396062612534,0.13992818,246.16075,152,4.434579999990547,27.64717,15.000002,64.17040999999926,0.5,0.5146909356117249,uniform,uniform,10,0.0,0.0,0.0,,
shared_wide,1234,in_distribution,70,14.009925,0.8,4,3,3,87.20444669947028,312.70402908325195,0.8075474500656128,0.10507339,177.50908,152,4.434579999990547,34.009926,20.0,64.17040999999926,0.5,0.5146909356117249,uniform,uniform,10,0.0,0.0,0.0,,
shared_wide,1234,in_distribution,71,15.9600115,0.75,5,5,5,100.48683121800424,423.519458770752,0.8842620849609375,0.070266515,30.216976,152,4.434579999990547,40.96001,25.0,64.17040999999926,0.5,0.5146909356117249,uniform,uniform,10,0.0,0.0,0.0,,
shared_wide,1234,in_distribution,72,15.781107,0.8,4,3,3,87.96992562711239,413.92321586608887,0.8932546973228455,0.03533543,12.951147,152,4.434579999990547,35.78111,20.000002,64.17040999999926,0.5,0.5146909356117249,uniform,uniform,10,0.0,0.0,0.0,,
shared_wide,1234,in_distribution,73,16.110271,0.6,8,8,8,106.71618781983852,330.3222942352295,0.8758007287979126,0.05485231,46.46271,152,4.434579999990547,56.11027,40.0,64.17040999999926,0.5,0.5146909356117249,uniform,uniform,10,0.0,0.0,0.0,,
shared_wide,1234,in_distribution,74,15.554454,0.8,4,3,3,99.61013915017249,479.9380302429199,0.9169569432735444,0.095244125,32.620823,152,4.434579999990547,35.554455,20.0,64.17040999999926,0.5,0.5146909356117249,uniform,uniform,10,0.0,0.0,0.0,,
shared_wide,1234,in_distribution,75,15.900001,0.85,3,2,2,172.18065882430358,474.222993850708,0.9415392309427262,0.043336924,0.0,152,4.434579999990547,30.900005,15.000005,64.17040999999926,0.5,0.5146909356117249,uniform,uniform,10,0.0,0.0,0.0,,
shared_wide,1234,in_distribution,76,13.120486,0.85,3,2,2,112.1487313859603,432.6920700073242,0.8182851910591126,0.15365057,157.58461,152,4.434579999990547,28.120485,14.999999,64.17040999999926,0.5,0.5146909356117249,uniform,uniform,10,0.0,0.0,0.0,,
shared_wide,1234,in_distribution,77,13.973972,0.75,5,3,3,116.2825609445572,459.0607452392578,0.8090927839279175,0.1419637,201.6027,152,4.434579999990547,38.973976,25.000004,64.17040999999926,0.5,0.5146909356117249,uniform,uniform,10,0.0,0.0,0.0,,
shared_wide,1234,in_distribution,78,15.935251,0.8,4,3,3,102.8862874978222,383.5502815246582,0.8967386484146118,0.03832337,6.261904,152,4.434579999990547,35.935253,20.000002,64.17040999999926,0.5,0.5146909356117249,uniform,uniform,10,0.0,0.0,0.0,,
shared_wide,1234,in_distribution,79,14.680564,0.8,4,3,3,85.49605183303356,400.35844802856445,0.8328419327735901,0.07775217,128.94359,152,4.434579999990547,34.68057,20.000004,64.17040999999926,0.5,0.5146909356117249,uniform,uniform,10,0.0,0.0,0.0,,
shared_wide,1234,in_distribution,80,16.16,0.75,5,3,3,150.04008507728577,475.1718235015869,0.9253148466348649,0.07188883,0.0,152,4.434579999990547,41.159996,24.999996,64.17040999999926,0.5,0.5146909356117249,uniform,uniform,10,0.0,0.0,0.0,,
shared_wide,1234,in_distribution,81,13.0329075,0.8,4,3,3,104.10080440342426,439.5749473571777,0.7697218000888825,0.09270496,257.70926,152,4.434579999990547,33.032906,19.999998,64.17040999999926,0.5,0.5146909356117249,uniform,uniform,10,0.0,0.0,0.0,,
shared_wide,1234,in_distribution,82,14.637459,1.0,0,0,0,120.89719507098198,458.053035736084,0.9105186998844148,0.06789674,5.857338,152,4.434579999990547,14.637461,1.9073486e-06,64.17040999999926,0.5,0.5146909356117249,uniform,uniform,10,0.0,0.0,0.0,,
shared_wide,1234,in_distribution,83,16.073452,0.7,6,6,6,142.24862030574255,472.2177600860596,0.8909183830022812,0.14700337,57.654713,152,4.434579999990547,46.073456,30.000004,64.17040999999926,0.5,0.5146909356117249,uniform,uniform,10,0.0,0.0,0.0,,
shared_wide,1234,in_distribution,84,14.546404,0.90000004,2,2,2,96.60095512866974,430.3555011749268,0.865958571434021,0.0369283,65.35974,152,4.434579999990547,24.54641,10.000006,64.17040999999926,0.5,0.5146909356117249,uniform,uniform,10,0.0,0.0,0.0,,
shared_wide,1234,in_distribution,85,16.452274,0.6,8,7,7,127.41764418780804,411.8427085876465,0.8967403769493103,0.12812866,6.2586136,152,4.434579999990547,56.45227,39.999996,64.17040999999926,0.5,0.5146909356117249,uniform,uniform,10,0.0,0.0,0.0,,
shared_wide,1234,in_distribution,86,16.356607,0.65000004,7,5,5,114.29087203282576,447.665376663208,0.9081591457128524,0.061271533,0.0,152,4.434579999990547,51.356613,35.000008,64.17040999999926,0.5,0.5146909356117249,uniform,uniform,10,0.0,0.0,0.0,,
shared_wide,1234,in_distribution,87,14.132093,0.85,3,3,3,77.72799250834129,464.4334316253662,0.8401968270540238,0.10297632,147.25554,152,4.434579999990547,29.132097,15.000004,64.17040999999926,0.5,0.5146909356117249,uniform,uniform,10,0.0,0.0,0.0,,
shared_wide,1234,in_distribution,88,13.412526,0.8,4,3,3,95.39738215506075,468.2724094390869,0.7888970464468003,0.19510815,249.59015,152,4.434579999990547,33.41253,20.000004,64.17040999999926,0.5,0.5146909356117249,uniform,uniform,10,0.0,0.0,0.0,,
shared_wide,1234,in_distribution,89,13.894829,0.85,3,2,2,76.0085091696066,429.5464324951172,0.8334484696388245,0.14032689,127.77901,152,4.434579999990547,28.894827,14.999998,64.17040999999926,0.5,0.5146909356117249,uniform,uniform,10,0.0,0.0,0.0,,
shared_wide,1234,in_distribution,90,15.400778,0.85,3,2,2,134.97436607585234,478.0621147155762,0.9447374165058136,0.027783373,6.9223595,152,4.434579999990547,30.400772,14.999994,64.17040999999926,0.5,0.5146909356117249,uniform,uniform,10,0.0,0.0,0.0,,
shared_wide,1234,in_distribution,91,15.9485855,0.7,6,5,5,203.79599952272005,468.8259887695313,0.9299844175577164,0.06618275,0.0,152,4.434579999990547,45.948574,29.999989,64.17040999999926,0.5,0.5146909356117249,uniform,uniform,10,0.0,0.0,0.0,,
shared_wide,1234,in_distribution,92,15.465868,0.90000004,2,1,1,143.20815285046896,431.799259185791,0.8768681287765503,0.06822098,44.41333,152,4.434579999990547,25.46587,10.000002,64.17040999999926,0.5,0.5146909356117249,uniform,uniform,10,0.0,0.0,0.0,,
shared_wide,1234,in_distribution,93,15.4324,0.75,5,4,4,141.51230484247208,457.3861885070801,0.8830655753612519,0.04601707,57.90036,152,4.434579999990547,40.432396,24.999996,64.17040999999926,0.5,0.5146909356117249,uniform,uniform,10,0.0,0.0,0.0,,
shared_wide,1234,in_distribution,94,13.860091,0.90000004,2,1,1,104.3417547394832,443.8772392272949,0.8276303291320801,0.08677785,156.97032,152,4.434579999990547,23.860088,9.999997,64.17040999999926,0.5,0.5146909356117249,uniform,uniform,10,0.0,0.0,0.0,,
shared_wide,1234,in_distribution,95,16.57,0.65000004,7,5,5,136.26393501575177,473.85595321655273,0.9218000710010528,0.045750726,0.0,152,4.434579999990547,51.569992,34.999992,64.17040999999926,0.5,0.5146909356117249,uniform,uniform,10,0.0,0.0,0.0,,
shared_wide,1234,in_distribution,96,13.595483,0.85,3,2,2,144.54519867897034,475.317735671997,0.838234680891037,0.09159297,189.4516,152,4.434579999990547,28.595488,15.000005,64.17040999999926,0.5,0.5146909356117249,uniform,uniform,10,0.0,0.0,0.0,,
shared_wide,1234,in_distribution,97,16.348694,0.75,5,3,3,119.96738708019257,394.0315246582031,0.9000000953674316,0.043699156,0.0,152,4.434579999990547,41.34869,24.999996,64.17040999999926,0.5,0.5146909356117249,uniform,uniform,10,0.0,0.0,0.0,,
shared_wide,1234,in_distribution,98,15.62,0.8,4,3,3,86.67737742885947,405.3705883026123,0.9000000953674316,0.028081609,0.0,152,4.434579999990547,35.62,20.0,64.17040999999926,0.5,0.5146909356117249,uniform,uniform,10,0.0,0.0,0.0,,
shared_wide,1234,in_distribution,99,16.3,0.8,4,3,3,110.5089582502842,437.85658836364746,0.9040071398019792,0.037638936,0.0,152,4.434579999990547,36.299995,19.999996,64.17040999999926,0.5,0.5146909356117249,uniform,uniform,10,0.0,0.0,0.0,,
shared_wide,2345,in_distribution,0,13.381601,0.90000004,2,1,1,146.0051558415095,464.8557472229004,0.8448619723320008,0.13419986,145.83986,163,4.5635540000080255,23.381603,10.000002,64.98955700000124,0.5,0.5146909356117249,uniform,uniform,10,0.0,0.0,0.0,,
shared_wide,2345,in_distribution,1,15.776013,0.65000004,7,6,6,126.8969318499932,469.0881156921387,0.887216854095459,0.10012866,74.33271,163,4.5635540000080255,50.776012,35.0,64.98955700000124,0.5,0.5146909356117249,uniform,uniform,10,0.0,0.0,0.0,,
shared_wide,2345,in_distribution,2,13.961808,0.8,4,4,4,128.62119231373072,478.29148292541504,0.8522945821285248,0.24780497,161.9616,163,4.5635540000080255,33.96181,20.000004,64.98955700000124,0.5,0.5146909356117249,uniform,uniform,10,0.0,0.0,0.0,,
shared_wide,2345,in_distribution,3,14.84317,0.8,4,3,3,121.30436707288028,467.15901374816895,0.86365986764431,0.0677165,104.93216,163,4.5635540000080255,34.84317,20.0,64.98955700000124,0.5,0.5146909356117249,uniform,uniform,10,0.0,0.0,0.0,,
shared_wide,2345,in_distribution,4,14.745385,0.95,1,1,1,119.004486360048,444.037971496582,0.8826377630233765,0.11091235,45.373634,163,4.5635540000080255,19.745388,5.000003,64.98955700000124,0.5,0.5146909356117249,uniform,uniform,10,0.0,0.0,0.0,,
shared_wide,2345,in_distribution,5,13.217869,0.75,5,5,5,142.18282449245453,386.63975715637207,0.7879334688186646,0.18580039,215.16782,163,4.5635540000080255,38.217865,24.999996,64.98955700000124,0.5,0.5146909356117249,uniform,uniform,10,0.0,0.0,0.0,,
shared_wide,2345,in_distribution,6,12.498054,1.0,0,0,0,100.46757155656816,440.3103160858154,0.8269960910081864,0.14893201,155.14061,163,4.5635540000080255,12.498055,1.9073486e-06,64.98955700000124,0.5,0.5146909356117249,uniform,uniform,10,0.0,0.0,0.0,,
shared_wide,2345,in_distribution,7,13.706283,0.7,6,3,3,162.04210881675994,447.78531074523926,0.8332964509725571,0.19573434,152.37167,163,4.5635540000080255,43.706284,30.0,64.98955700000124,0.5,0.5146909356117249,uniform,uniform,10,0.0,0.0,0.0,,
shared_wide,2345,in_distribution,8,13.231785,0.5,10,9,9,95.1211765408516,450.4549598693848,0.7155796229839325,0.13990146,372.5421,163,4.5635540000080255,63.231785,50.0,64.98955700000124,0.5,0.5146909356117249,uniform,uniform,10,0.0,0.0,0.0,,
shared_wide,2345,in_distribution,9,13.776106,0.8,4,2,2,145.04415867850184,384.0719890594482,0.8203229904174805,0.22312425,152.98004,163,4.5635540000080255,33.776108,20.000002,64.98955700000124,0.5,0.5146909356117249,uniform,uniform,10,0.0,0.0,0.0,,
shared_wide,2345,in_distribution,10,14.662528,0.85,3,1,1,139.36741842943078,412.5600814819336,0.8750975728034973,0.05632367,47.812855,163,4.5635540000080255,29.662529,15.000001,64.98955700000124,0.5,0.5146909356117249,uniform,uniform,10,0.0,0.0,0.0,,
shared_wide,2345,in_distribution,11,15.044561,0.85,3,3,3,143.42611018349143,477.5123691558838,0.936553540825844,0.048163187,12.992804,163,4.5635540000080255,30.044556,14.999994,64.98955700000124,0.5,0.5146909356117249,uniform,uniform,10,0.0,0.0,0.0,,
shared_wide,2345,in_distribution,12,14.17985,0.90000004,2,2,2,108.79676928122838,460.6666374206543,0.866728413105011,0.078649096,113.31289,163,4.5635540000080255,24.179852,10.000002,64.98955700000124,0.5,0.5146909356117249,uniform,uniform,10,0.0,0.0,0.0,,
shared_wide,2345,in_distribution,13,15.255107,0.8,4,4,4,112.73041427135468,401.7070484161377,0.863746166229248,0.023169346,69.6075,163,4.5635540000080255,35.255104,19.999996,64.98955700000124,0.5,0.5146909356117249,uniform,uniform,10,0.0,0.0,0.0,,
shared_wide,2345,in_distribution,14,12.095231,0.65000004,7,6,6,150.92788318028818,452.1994400024414,0.6883972525596619,0.30380803,426.47684,163,4.5635540000080255,47.095226,34.999996,64.98955700000124,0.5,0.5146909356117249,uniform,uniform,10,0.0,0.0,0.0,,
shared_wide,2345,in_distribution,15,6.697013,0.7,6,4,4,132.50980649675645,477.515001296997,0.4819999516010284,0.6522109,869.29877,163,4.5635540000080255,36.697014,30.0,64.98955700000124,0.5,0.5146909356117249,uniform,uniform,10,0.0,0.0,0.0,,
shared_wide,2345,in_distribution,16,13.448732,0.95,1,1,1,115.05828022956848,452.010669708252,0.8572313129901886,0.09422578,102.12666,163,4.5635540000080255,18.448736,5.000004,64.98955700000124,0.5,0.5146909356117249,uniform,uniform,10,0.0,0.0,0.0,,
shared_wide,2345,in_distribution,17,13.934092,0.90000004,2,2,2,116.75516163309416,450.2861881256104,0.8530622243881225,0.08189338,142.30405,163,4.5635540000080255,23.934086,9.999994,64.98955700000124,0.5,0.5146909356117249,uniform,uniform,10,0.0,0.0,0.0,,
shared_wide,2345,in_distribution,18,7.7031336,0.55,9,4,4,182.067064371976,456.24629974365234,0.4441506892442703,0.1344127,912.0002,163,4.5635540000080255,52.70313,44.999996,64.98955700000124,0.5,0.5146909356117249,uniform,uniform,10,0.0,0.0,0.0,,
shared_wide,2345,in_distribution,19,16.473553,0.7,6,6,6,163.27159409012114,410.28093338012695,0.9000000953674316,0.101607606,0.0,163,4.5635540000080255,46.473545,29.999992,64.98955700000124,0.5,0.5146909356117249,uniform,uniform,10,0.0,0.0,0.0,,
shared_wide,2345,in_distribution,20,11.483631,0.85,3,2,2,136.89663227866677,456.8084335327149,0.7610120415687561,0.30012497,291.66544,163,4.5635540000080255,26.483627,14.999996,64.98955700000124,0.5,0.5146909356117249,uniform,uniform,10,0.0,0.0,0.0,,
shared_wide,2345,in_distribution,21,14.628677,0.90000004,2,1,1,119.72018867731094,474.464921951294,0.8905538499355317,0.09738246,96.07103,163,4.5635540000080255,24.628677,10.0,64.98955700000124,0.5,0.5146909356117249,uniform,uniform,10,0.0,0.0,0.0,,
shared_wide,2345,in_distribution,22,16.593258,0.55,9,8,8,120.61487008224834,465.8710384368897,0.902706840634346,0.06816255,28.674093,163,4.5635540000080255,61.593258,45.0,64.98955700000124,0.5,0.5146909356117249,uniform,uniform,10,0.0,0.0,0.0,,
shared_wide,2345,in_distribution,23,13.449547,0.65000004,7,6,6,124.21221902737253,448.7841796875,0.8065423548221589,0.07650198,204.63834,163,4.5635540000080255,48.449547,35.0,64.98955700000124,0.5,0.5146909356117249,uniform,uniform,10,0.0,0.0,0.0,,
shared_wide,2345,in_distribution,24,11.825626,0.7,6,5,5,113.08850245816367,436.3977241516113,0.6623297870159149,0.27940178,460.72458,163,4.5635540000080255,41.82563,30.000004,64.98955700000124,0.5,0.5146909356117249,uniform,uniform,10,0.0,0.0,0.0,,
shared_wide,2345,in_distribution,25,14.677979,0.7,6,6,6,98.05341577955654,412.5980186462402,0.8035405874252319,0.113762245,185.20209,163,4.5635540000080255,44.67798,30.0,64.98955700000124,0.5,0.5146909356117249,uniform,uniform,10,0.0,0.0,0.0,,
shared_wide,2345,in_distribution,26,14.065344,1.0,0,0,0,96.0972421579063,471.086540222168,0.877689641714096,0.11223313,98.46564,163,4.5635540000080255,14.065343,-9.536743e-07,64.98955700000124,0.5,0.5146909356117249,uniform,uniform,10,0.0,0.0,0.0,,
shared_wide,2345,in_distribution,27,12.520413,0.6,8,8,8,88.09399411082268,465.4398250579834,0.6954721003770828,0.2707276,426.13354,163,4.5635540000080255,52.520416,40.000004,64.98955700000124,0.5,0.5146909356117249,uniform,uniform,10,0.0,0.0,0.0,,
shared_wide,2345,in_distribution,28,12.19891,0.8,4,2,2,130.49742244184017,452.57789611816406,0.7309828042984009,0.13767098,345.09097,163,4.5635540000080255,32.198917,20.000008,64.98955700000124,0.5,0.5146909356117249,uniform,uniform,10,0.0,0.0,0.0,,
shared_wide,2345,in_distribution,29,13.319742,0.90000004,2,1,1,109.60520923137663,475.7840251922608,0.8656670242547989,0.10804829,109.70351,163,4.5635540000080255,23.319738,9.999996,64.98955700000124,0.5,0.5146909356117249,uniform,uniform,10,0.0,0.0,0.0,,
shared_wide,2345,in_distribution,30,14.314962,0.90000004,2,2,2,99.32411819696426,479.884843826294,0.9001406610012055,0.057798848,79.04644,163,4.5635540000080255,24.314959,9.999996,64.98955700000124,0.5,0.5146909356117249,uniform,uniform,10,0.0,0.0,0.0,,
shared_wide,2345,in_distribution,31,6.578532,0.55,9,5,5,234.99544176188385,476.0180854797363,0.4110164612531661,0.26190057,1013.14685,163,4.5635540000080255,51.57853,44.999996,64.98955700000124,0.5,0.5146909356117249,uniform,uniform,10,0.0,0.0,0.0,,
shared_wide,2345,in_distribution,32,16.414062,0.75,5,5,5,111.64031249284744,452.7566528320313,0.8963456332683564,0.030889291,29.593786,163,4.5635540000080255,41.414066,25.000004,64.98955700000124,0.5,0.5146909356117249,uniform,uniform,10,0.0,0.0,0.0,,
shared_wide,2345,in_distribution,33,10.701981,0.75,5,3,3,84.72072315216064,401.94225311279297,0.6860407590866089,0.43685192,410.80188,163,4.5635540000080255,35.701977,24.999996,64.98955700000124,0.5,0.5146909356117249,uniform,uniform,10,0.0,0.0,0.0,,
shared_wide,2345,in_distribution,34,13.017215,0.6,8,7,7,118.87920957058668,430.0895118713379,0.7003757953643799,0.27528694,383.27844,163,4.5635540000080255,53.017212,39.999996,64.98955700000124,0.5,0.5146909356117249,uniform,uniform,10,0.0,0.0,0.0,,
shared_wide,2345,in_distribution,35,15.984824,0.8,4,4,4,98.71251404285432,455.7155227661133,0.9207060515880584,0.033193015,0.0,163,4.5635540000080255,35.98483,20.000004,64.98955700000124,0.5,0.5146909356117249,uniform,uniform,10,0.0,0.0,0.0,,
shared_wide,2345,in_distribution,36,12.94269,0.8,4,4,4,108.35346881300212,401.7817783355713,0.7824318408966064,0.14344919,225.73097,163,4.5635540000080255,32.94269,20.000002,64.98955700000124,0.5,0.5146909356117249,uniform,uniform,10,0.0,0.0,0.0,,
shared_wide,2345,in_distribution,37,15.547252,0.90000004,2,2,2,124.71536497275036,478.64994049072266,0.9076961904764176,0.070388496,60.274807,163,4.5635540000080255,25.547253,10.000001,64.98955700000124,0.5,0.5146909356117249,uniform,uniform,10,0.0,0.0,0.0,,
shared_wide,2345,in_distribution,38,14.428785,0.75,5,4,4,104.22710931301116,476.7447280883789,0.8866179317235947,0.0594834,105.60045,163,4.5635540000080255,39.428787,25.000002,64.98955700000124,0.5,0.5146909356117249,uniform,uniform,10,0.0,0.0,0.0,,
shared_wide,2345,in_distribution,39,10.886928,0.8,4,4,4,114.628015011549,391.9042682647705,0.6975372433662415,0.24051206,388.72858,163,4.5635540000080255,30.88693,20.000004,64.98955700000124,0.5,0.5146909356117249,uniform,uniform,10,0.0,0.0,0.0,,
shared_wide,2345,in_distribution,40,15.502642,0.8,4,2,2,149.76400264073163,475.23951530456543,0.9243413388729096,0.037025645,0.0,163,4.5635540000080255,35.502647,20.000006,64.98955700000124,0.5,0.5146909356117249,uniform,uniform,10,0.0,0.0,0.0,,
shared_wide,2345,in_distribution,41,16.128025,0.5,10,9,9,110.6046234369278,448.7955951690674,0.8882014244794846,0.07022366,39.449013,163,4.5635540000080255,66.12803,50.000004,64.98955700000124,0.5,0.5146909356117249,uniform,uniform,10,0.0,0.0,0.0,,
shared_wide,2345,in_distribution,42,11.777163,0.8,4,2,2,105.31122140586376,429.08374786376953,0.7314906120300293,0.17909081,323.53806,163,4.5635540000080255,31.777166,20.000004,64.98955700000124,0.5,0.5146909356117249,uniform,uniform,10,0.0,0.0,0.0,,
shared_wide,2345,in_distribution,43,12.517195,0.75,5,3,3,168.5932812690735,476.6740322113037,0.7468559622764588,0.13811976,353.28055,163,4.5635540000080255,37.517197,25.000002,64.98955700000124,0.5,0.5146909356117249,uniform,uniform,10,0.0,0.0,0.0,,
shared_wide,2345,in_distribution,44,11.399511,0.8,4,3,3,145.16708996146917,439.46940422058105,0.7283440619707108,0.26593658,337.04886,163,4.5635540000080255,31.399515,20.000004,64.98955700000124,0.5,0.5146909356117249,uniform,uniform,10,0.0,0.0,0.0,,
shared_wide,2345,in_distribution,45,14.678984,0.7,6,5,5,138.5783596975463,466.459264755249,0.8697994232177735,0.09840545,111.67673,163,4.5635540000080255,44.67898,29.999998,64.98955700000124,0.5,0.5146909356117249,uniform,uniform,10,0.0,0.0,0.0,,
shared_wide,2345,in_distribution,46,14.661684,0.75,5,4,4,103.23485696315764,427.8372573852539,0.8183169364929199,0.02501958,156.83159,163,4.5635540000080255,39.66169,25.000006,64.98955700000124,0.5,0.5146909356117249,uniform,uniform,10,0.0,0.0,0.0,,
shared_wide,2345,in_distribution,47,16.877644,0.55,9,6,6,82.1477193182165,411.26901626586914,0.8924334049224854,0.029482955,14.528097,163,4.5635540000080255,61.877644,45.0,64.98955700000124,0.5,0.5146909356117249,uniform,uniform,10,0.0,0.0,0.0,,
shared_wide,2345,in_distribution,48,10.50695,0.8,4,3,3,142.05815311521292,474.8534202575684,0.6523527830839158,0.3579697,534.99164,163,4.5635540000080255,30.506947,19.999996,64.98955700000124,0.5,0.5146909356117249,uniform,uniform,10,0.0,0.0,0.0,,
shared_wide,2345,in_distribution,49,9.433905,0.8,4,1,1,148.52859511971474,445.41340827941895,0.6155662626028061,0.37657797,559.5263,163,4.5635540000080255,29.433903,19.999998,64.98955700000124,0.5,0.5146909356117249,uniform,uniform,10,0.0,0.0,0.0,,
shared_wide,2345,in_distribution,50,13.970097,0.90000004,2,2,2,127.16645841797192,473.0688285827637,0.8429145246744156,0.030405452,178.9903,163,4.5635540000080255,23.970093,9.999996,64.98955700000124,0.5,0.5146909356117249,uniform,uniform,10,0.0,0.0,0.0,,
shared_wide,2345,in_distribution,51,12.211369,0.85,3,1,1,111.07546301449048,473.899040222168,0.7979353904724121,0.10201411,237.86311,163,4.5635540000080255,27.21137,15.000002,64.98955700000124,0.5,0.5146909356117249,uniform,uniform,10,0.0,0.0,0.0,,
shared_wide,2345,in_distribution,52,10.774775,0.85,3,3,3,118.51927978150984,476.9267177581787,0.7103926509618759,0.089665905,455.9208,163,4.5635540000080255,25.774776,15.000002,64.98955700000124,0.5,0.5146909356117249,uniform,uniform,10,0.0,0.0,0.0,,
shared_wide,2345,in_distribution,53,15.408239,0.65000004,7,5,5,178.95978776308206,476.7447566986084,0.9141806393861772,0.049024556,42.490925,163,4.5635540000080255,50.408234,34.999992,64.98955700000124,0.5,0.5146909356117249,uniform,uniform,10,0.0,0.0,0.0,,
shared_wide,2345,in_distribution,54,13.443981,0.45000002,11,5,5,83.45399131377538,423.16051483154297,0.7516641616821289,0.15768749,284.80487,163,4.5635540000080255,68.443985,55.000004,64.98955700000124,0.5,0.5146909356117249,uniform,uniform,10,0.0,0.0,0.0,,
shared_wide,2345,in_distribution,55,10.347402,0.55,9,5,5,179.735172661868,440.28900146484375,0.5768413186073303,0.2742615,628.7538,163,4.5635540000080255,55.347404,45.000004,64.98955700000124,0.5,0.5146909356117249,uniform,uniform,10,0.0,0.0,0.0,,
shared_wide,2345,in_distribution,56,16.77,0.55,9,8,8,131.83169635859403,432.5211238861084,0.9002715140581131,0.06839315,0.0,163,4.5635540000080255,61.770008,45.000008,64.98955700000124,0.5,0.5146909356117249,uniform,uniform,10,0.0,0.0,0.0,,
shared_wide,2345,in_distribution,57,12.584369,0.75,5,4,4,86.79230827093124,472.04243659973145,0.7711967319250107,0.088490024,287.34482,163,4.5635540000080255,37.584366,24.999996,64.98955700000124,0.5,0.5146909356117249,uniform,uniform,10,0.0,0.0,0.0,,
shared_wide,2345,in_distribution,58,14.014133,0.3,14,0,0,106.18397772312164,451.45291328430176,0.7358678668737412,0.19717212,334.58676,163,4.5635540000080255,84.01414,70.0,64.98955700000124,0.5,0.5146909356117249,uniform,uniform,10,0.0,0.0,0.0,,
shared_wide,2345,in_distribution,59,7.1718683,0.45000002,11,2,2,152.23713318506876,454.116153717041,0.4267203748226166,1.0132455,930.8133,163,4.5635540000080255,62.171867,55.0,64.98955700000124,0.5,0.5146909356117249,uniform,uniform,10,0.0,0.0,0.0,,
shared_wide,2345,in_distribution,60,10.897955,0.85,3,3,3,102.14838003411012,456.5088844299317,0.6749013543128968,0.17812236,460.07782,163,4.5635540000080255,25.897953,14.999998,64.98955700000124,0.5,0.5146909356117249,uniform,uniform,10,0.0,0.0,0.0,,
shared_wide,2345,in_distribution,61,8.447948,0.55,9,0,0,192.22289345481175,448.6524295806885,0.5072164028882981,0.18651357,770.79706,163,4.5635540000080255,53.44795,45.0,64.98955700000124,0.5,0.5146909356117249,uniform,uniform,10,0.0,0.0,0.0,,
shared_wide,2345,in_distribution,62,14.870237,0.8,4,4,4,131.63751672953367,467.27760314941406,0.863985800743103,0.10559991,104.42496,163,4.5635540000080255,34.87023,19.999994,64.98955700000124,0.5,0.5146909356117249,uniform,uniform,10,0.0,0.0,0.0,,
shared_wide,2345,in_distribution,63,13.366117,0.7,6,5,5,104.91323820182257,450.4868030548096,0.7613980263471604,0.14701156,284.60263,163,4.5635540000080255,43.366116,30.0,64.98955700000124,0.5,0.5146909356117249,uniform,uniform,10,0.0,0.0,0.0,,
shared_wide,2345,in_distribution,64,15.247402,0.45000002,11,11,11,84.90951935450236,426.5873050689697,0.7753856182098389,0.13899988,239.25977,163,4.5635540000080255,70.2474,54.999996,64.98955700000124,0.5,0.5146909356117249,uniform,uniform,10,0.0,0.0,0.0,,
shared_wide,2345,in_distribution,65,12.050571,0.5,10,8,8,147.35373276472092,333.7395572662353,0.6856998205184937,0.19274731,411.45633,163,4.5635540000080255,62.050568,49.999996,64.98955700000124,0.5,0.5146909356117249,uniform,uniform,10,0.0,0.0,0.0,,
shared_wide,2345,in_distribution,66,8.08432,0.4,12,8,8,181.2539253383875,471.2063026428223,0.4623727262020111,0.2794011,949.5682,163,4.5635540000080255,68.08432,60.0,64.98955700000124,0.5,0.5146909356117249,uniform,uniform,10,0.0,0.0,0.0,,
shared_wide,2345,in_distribution,67,15.82934,0.75,5,5,5,131.37461590766907,461.4244937896729,0.8938344597816468,0.06247554,54.06594,163,4.5635540000080255,40.82935,25.00001,64.98955700000124,0.5,0.5146909356117249,uniform,uniform,10,0.0,0.0,0.0,,
shared_wide,2345,in_distribution,68,10.005947,0.4,12,5,5,188.59708361327648,472.1985912322998,0.5506876230239868,0.2389023,761.2026,163,4.5635540000080255,70.00594,59.999996,64.98955700000124,0.5,0.5146909356117249,uniform,uniform,10,0.0,0.0,0.0,,
shared_wide,2345,in_distribution,69,8.534555,0.55,9,6,6,226.8051214651628,417.3988723754883,0.4730192124843597,0.14440419,819.8032,163,4.5635540000080255,53.53456,45.000008,64.98955700000124,0.5,0.5146909356117249,uniform,uniform,10,0.0,0.0,0.0,,
shared_wide,2345,in_distribution,70,11.475501,0.8,4,3,3,108.21113672107458,471.48694038391113,0.7354359716176987,0.13114092,355.44992,163,4.5635540000080255,31.4755,20.0,64.98955700000124,0.5,0.5146909356117249,uniform,uniform,10,0.0,0.0,0.0,,
shared_wide,2345,in_distribution,71,14.07955,0.8,4,4,4,92.65553506091236,454.5395565032959,0.8038440018892288,0.1015756,231.10782,163,4.5635540000080255,34.079548,19.999998,64.98955700000124,0.5,0.5146909356117249,uniform,uniform,10,0.0,0.0,0.0,,
shared_wide,2345,in_distribution,72,15.783158,0.8,4,3,3,124.167058467865,449.5580577850342,0.9091449171304704,0.077789724,0.0,163,4.5635540000080255,35.78315,19.999992,64.98955700000124,0.5,0.5146909356117249,uniform,uniform,10,0.0,0.0,0.0,,
shared_wide,2345,in_distribution,73,13.872488,0.8,4,4,4,156.22709076851606,462.82559394836426,0.8102762788534165,0.051004224,203.09521,163,4.5635540000080255,33.872482,19.999994,64.98955700000124,0.5,0.5146909356117249,uniform,uniform,10,0.0,0.0,0.0,,
shared_wide,2345,in_distribution,74,15.400339,0.75,5,4,4,150.58369320631027,441.6496181488037,0.875556567311287,0.074455075,56.58117,163,4.5635540000080255,40.400345,25.000006,64.98955700000124,0.5,0.5146909356117249,uniform,uniform,10,0.0,0.0,0.0,,
shared_wide,2345,in_distribution,75,11.939983,0.8,4,3,3,118.9956233650446,477.685775756836,0.7284813165664673,0.10487304,375.00165,163,4.5635540000080255,31.939987,20.000004,64.98955700000124,0.5,0.5146909356117249,uniform,uniform,10,0.0,0.0,0.0,,
shared_wide,2345,in_distribution,76,14.760244,0.85,3,2,2,148.08679019703584,445.8761787414551,0.8598995983600617,0.087347195,91.56125,163,4.5635540000080255,29.760248,15.000004,64.98955700000124,0.5,0.5146909356117249,uniform,uniform,10,0.0,0.0,0.0,,
shared_wide,2345,in_distribution,77,15.932137,0.75,5,3,3,163.54318845272064,439.5314311981201,0.8962214380502701,0.051390495,14.786396,163,4.5635540000080255,40.932137,25.0,64.98955700000124,0.5,0.5146909356117249,uniform,uniform,10,0.0,0.0,0.0,,
shared_wide,2345,in_distribution,78,14.872121,0.8,4,3,3,96.20339065790176,387.59642601013184,0.8504701852798462,0.09124808,95.097404,163,4.5635540000080255,34.87212,20.0,64.98955700000124,0.5,0.5146909356117249,uniform,uniform,10,0.0,0.0,0.0,,
shared_wide,2345,in_distribution,79,15.763213,0.75,5,4,4,128.3906602859497,452.32151985168457,0.896367022395134,0.060350038,27.296965,163,4.5635540000080255,40.76321,24.999996,64.98955700000124,0.5,0.5146909356117249,uniform,uniform,10,0.0,0.0,0.0,,
shared_wide,2345,in_distribution,80,15.377604,0.8,4,2,2,139.4552481919527,457.051420211792,0.9045216470956804,0.070967145,38.53698,163,4.5635540000080255,35.377605,20.000002,64.98955700000124,0.5,0.5146909356117249,uniform,uniform,10,0.0,0.0,0.0,,
shared_wide,2345,in_distribution,81,12.243221,0.7,6,5,5,111.43493107386998,447.1444988250733,0.7148263841867447,0.401172,370.6779,163,4.5635540000080255,42.243217,29.999996,64.98955700000124,0.5,0.5146909356117249,uniform,uniform,10,0.0,0.0,0.0,,
shared_wide,2345,in_distribution,82,11.997854,0.85,3,3,3,109.75568714387276,442.6834774017334,0.7563706427812577,0.2980254,286.45197,163,4.5635540000080255,26.997856,15.000002,64.98955700000124,0.5,0.5146909356117249,uniform,uniform,10,0.0,0.0,0.0,,
shared_wide,2345,in_distribution,83,13.201231,0.85,3,3,3,131.31304453401003,398.4470844268799,0.8180739879608154,0.06563079,157.29797,163,4.5635540000080255,28.201227,14.999996,64.98955700000124,0.5,0.5146909356117249,uniform,uniform,10,0.0,0.0,0.0,,
shared_wide,2345,in_distribution,84,13.796002,0.8,4,4,4,117.05601478926836,440.1333618164063,0.8330917596817017,0.13595098,136.59732,163,4.5635540000080255,33.796,20.0,64.98955700000124,0.5,0.5146909356117249,uniform,uniform,10,0.0,0.0,0.0,,
shared_wide,2345,in_distribution,85,14.426453,0.90000004,2,1,1,121.96284269293147,478.7192058563232,0.910505336523056,0.051625725,62.60542,163,4.5635540000080255,24.426453,10.0,64.98955700000124,0.5,0.5146909356117249,uniform,uniform,10,0.0,0.0,0.0,,
shared_wide,2345,in_distribution,86,16.081528,0.7,6,4,4,141.60388533558165,432.7251148223877,0.9003777593374253,0.057617188,0.0,163,4.5635540000080255,46.08153,30.000004,64.98955700000124,0.5,0.5146909356117249,uniform,uniform,10,0.0,0.0,0.0,,
shared_wide,2345,in_distribution,87,8.614798,0.6,8,7,7,211.2113815546036,472.10984230041504,0.5129561245441436,0.10998836,807.84247,163,4.5635540000080255,48.614803,40.000008,64.98955700000124,0.5,0.5146909356117249,uniform,uniform,10,0.0,0.0,0.0,,
shared_wide,2345,in_distribution,88,16.871803,0.6,8,7,7,133.04592117667198,453.3865356445313,0.9209294348955156,0.049619652,0.0,163,4.5635540000080255,56.871803,40.0,64.98955700000124,0.5,0.5146909356117249,uniform,uniform,10,0.0,0.0,0.0,,
shared_wide,2345,in_distribution,89,14.950255,0.85,3,2,2,94.25796021433436,468.9868354797363,0.8966020464897155,0.09405191,75.97438,163,4.5635540000080255,29.950253,14.999997,64.98955700000124,0.5,0.5146909356117249,uniform,uniform,10,0.0,0.0,0.0,,
shared_wide,2345,in_distribution,90,14.250072,0.8,4,3,3,122.95058973133564,479.3617630004883,0.872057032585144,0.0753033,153.9929,163,4.5635540000080255,34.25007,19.999996,64.98955700000124,0.5,0.5146909356117249,uniform,uniform,10,0.0,0.0,0.0,,
shared_wide,2345,in_distribution,91,14.41852,0.85,3,2,2,111.39722485752668,446.3232135772705,0.8788098782300949,0.018037494,55.008354,163,4.5635540000080255,29.418518,14.999998,64.98955700000124,0.5,0.5146909356117249,uniform,uniform,10,0.0,0.0,0.0,,
shared_wide,2345,in_distribution,92,8.746355,0.4,12,8,8,204.52010929584503,475.8430767059326,0.4648372024297714,0.3783899,879.35583,163,4.5635540000080255,68.74636,60.000008,64.98955700000124,0.5,0.5146909356117249,uniform,uniform,10,0.0,0.0,0.0,,
shared_wide,2345,in_distribution,93,13.26991,0.75,5,4,4,98.22450292110445,457.3861885070801,0.7633359372615814,0.17524949,287.78128,163,4.5635540000080255,38.26991,25.0,64.98955700000124,0.5,0.5146909356117249,uniform,uniform,10,0.0,0.0,0.0,,
shared_wide,2345,in_distribution,94,14.879628,0.85,3,2,2,124.38444740632,421.6950988769531,0.8788745403289795,0.08034713,40.56094,163,4.5635540000080255,29.87963,15.000001,64.98955700000124,0.5,0.5146909356117249,uniform,uniform,10,0.0,0.0,0.0,,
shared_wide,2345,in_distribution,95,16.141624,0.75,5,3,3,113.21631860733032,461.777400970459,0.915509158372879,0.06938432,0.0,163,4.5635540000080255,41.141624,25.0,64.98955700000124,0.5,0.5146909356117249,uniform,uniform,10,0.0,0.0,0.0,,
shared_wide,2345,in_distribution,96,17.0,0.55,9,8,8,246.66535344990817,476.87865257263184,0.9594197541475296,0.10577776,0.0,163,4.5635540000080255,61.999996,44.999996,64.98955700000124,0.5,0.5146909356117249,uniform,uniform,10,0.0,0.0,0.0,,
shared_wide,2345,in_distribution,97,11.625274,0.85,3,1,1,129.77808794554542,441.8222522735596,0.7390904515981674,0.2468343,318.76855,163,4.5635540000080255,26.625275,15.000001,64.98955700000124,0.5,0.5146909356117249,uniform,uniform,10,0.0,0.0,0.0,,
shared_wide,2345,in_distribution,98,14.661385,0.90000004,2,1,1,149.2658005654812,466.0525703430176,0.9002318322658539,0.104532205,33.60759,163,4.5635540000080255,24.661385,10.0,64.98955700000124,0.5,0.5146909356117249,uniform,uniform,10,0.0,0.0,0.0,,
shared_wide,2345,in_distribution,99,16.170002,0.85,3,2,2,154.88064092748306,470.282793045044,0.9339277029037476,0.08814524,0.0,163,4.5635540000080255,31.170006,15.000004,64.98955700000124,0.5,0.5146909356117249,uniform,uniform,10,0.0,0.0,0.0,,
shared_wide,3456,in_distribution,0,15.006591,0.8,4,3,3,161.56465038657188,461.4796829223633,0.8657184481620789,0.12124399,95.30032,137,4.0765690000012,35.006588,19.999996,60.89025499999934,0.5,0.5146909356117249,uniform,uniform,10,0.0,0.0,0.0,,
shared_wide,3456,in_distribution,1,10.9080305,0.85,3,2,2,88.76220271867864,473.2393169403076,0.6672256320714951,0.13175331,496.19693,137,4.0765690000012,25.908031,15.000001,60.89025499999934,0.5,0.5146909356117249,uniform,uniform,10,0.0,0.0,0.0,,
shared_wide,3456,in_distribution,2,15.872512,0.85,3,2,2,174.55539675319895,442.0840644836426,0.9052522122859956,0.015424037,0.0,137,4.0765690000012,30.872513,15.000001,60.89025499999934,0.5,0.5146909356117249,uniform,uniform,10,0.0,0.0,0.0,,
shared_wide,3456,in_distribution,3,15.478746,0.75,5,4,4,139.70093858242035,454.3455505371094,0.8834706217050552,0.063404344,66.40632,137,4.0765690000012,40.47874,24.999994,60.89025499999934,0.5,0.5146909356117249,uniform,uniform,10,0.0,0.0,0.0,,
shared_wide,3456,in_distribution,4,16.210054,0.75,5,5,5,141.2775435447693,478.31379890441895,0.92412186563015,0.0697352,0.0,137,4.0765690000012,41.21005,24.999994,60.89025499999934,0.5,0.5146909356117249,uniform,uniform,10,0.0,0.0,0.0,,
shared_wide,3456,in_distribution,5,14.457442,0.75,5,5,5,128.44822883605957,395.9270668029785,0.8286512494087219,0.056427367,136.98969,137,4.0765690000012,39.457443,25.0,60.89025499999934,0.5,0.5146909356117249,uniform,uniform,10,0.0,0.0,0.0,,
shared_wide,3456,in_distribution,6,14.74712,0.90000004,2,2,2,113.9734387397766,438.6626815795898,0.8717391133308411,0.00814481,60.923695,137,4.0765690000012,24.74712,10.0,60.89025499999934,0.5,0.5146909356117249,uniform,uniform,10,0.0,0.0,0.0,,
shared_wide,3456,in_distribution,7,12.423648,0.75,5,2,2,120.075172662735,407.27471351623535,0.7764397859573364,0.15884589,237.23572,137,4.0765690000012,37.423645,24.999996,60.89025499999934,0.5,0.5146909356117249,uniform,uniform,10,0.0,0.0,0.0,,
shared_wide,3456,in_distribution,8,11.341778,0.90000004,2,1,1,103.65678995847702,472.6431941986084,0.744666674733162,0.2055006,338.8832,137,4.0765690000012,21.341778,10.0,60.89025499999934,0.5,0.5146909356117249,uniform,uniform,10,0.0,0.0,0.0,,
shared_wide,3456,in_distribution,9,13.809595,0.85,3,1,1,124.02508935507606,454.22441482543945,0.8268688648939133,0.09702663,170.23196,137,4.0765690000012,28.809599,15.000004,60.89025499999934,0.5,0.5146909356117249,uniform,uniform,10,0.0,0.0,0.0,,
shared_wide,3456,in_distribution,10,14.598753,0.8,4,2,2,105.92816188931464,394.868860244751,0.8638732433319092,0.07837205,69.363525,137,4.0765690000012,34.59875,19.999998,60.89025499999934,0.5,0.5146909356117249,uniform,uniform,10,0.0,0.0,0.0,,
shared_wide,3456,in_distribution,11,14.6434555,0.8,4,4,4,96.65267162024976,476.1500644683838,0.8465563744306565,0.09103825,146.76204,137,4.0765690000012,34.64345,19.999996,60.89025499999934,0.5,0.5146909356117249,uniform,uniform,10,0.0,0.0,0.0,,
shared_wide,3456,in_distribution,12,14.285093,0.85,3,3,3,89.11191688740955,434.7205924987793,0.83747678399086,0.12844996,122.765305,137,4.0765690000012,29.285093,15.0,60.89025499999934,0.5,0.5146909356117249,uniform,uniform,10,0.0,0.0,0.0,,
shared_wide,3456,in_distribution,13,13.687124,0.85,3,3,3,92.7145130143446,461.3732814788818,0.8142726212739945,0.04003414,193.96992,137,4.0765690000012,28.687126,15.000002,60.89025499999934,0.5,0.5146909356117249,uniform,uniform,10,0.0,0.0,0.0,,
shared_wide,3456,in_distribution,14,14.108751,0.90000004,2,1,1,127.26887067159016,476.7245864868164,0.8861220061779023,0.06974984,78.86461,137,4.0765690000012,24.108753,10.000002,60.89025499999934,0.5,0.5146909356117249,uniform,uniform,10,0.0,0.0,0.0,,
shared_wide,3456,in_distribution,15,9.901333,0.8,4,2,2,122.76322603225708,452.1667671203613,0.66018006503582,0.15752235,497.0908,137,4.0765690000012,29.901333,20.0,60.89025499999934,0.5,0.5146909356117249,uniform,uniform,10,0.0,0.0,0.0,,
shared_wide,3456,in_distribution,16,13.096996,0.95,1,1,1,112.95641889697627,401.6092300415039,0.8413035869598389,0.07728411,112.69718,137,4.0765690000012,18.096998,5.000002,60.89025499999934,0.5,0.5146909356117249,uniform,uniform,10,0.0,0.0,0.0,,
shared_wide,3456,in_distribution,17,10.7182045,1.0,0,0,0,98.29837556183338,469.149341583252,0.7749842345714569,0.13697067,277.17957,137,4.0765690000012,10.718205,9.536743e-07,60.89025499999934,0.5,0.5146909356117249,uniform,uniform,10,0.0,0.0,0.0,,
shared_wide,3456,in_distribution,18,15.28533,0.90000004,2,1,1,126.706216832002,470.88709831237793,0.9372020184993743,0.05483149,3.4669704,137,4.0765690000012,25.285334,10.000004,60.89025499999934,0.5,0.5146909356117249,uniform,uniform,10,0.0,0.0,0.0,,
shared_wide,3456,in_distribution,19,15.818342,0.90000004,2,2,2,102.82226691643396,462.33973503112793,0.8808197170495987,0.01731434,67.166,137,4.0765690000012,25.818344,10.000002,60.89025499999934,0.5,0.5146909356117249,uniform,uniform,10,0.0,0.0,0.0,,
shared_wide,3456,in_distribution,20,12.092481,0.85,3,2,2,135.22904928992776,472.7804374694824,0.7875148594379425,0.25268215,256.752,137,4.0765690000012,27.092478,14.999997,60.89025499999934,0.5,0.5146909356117249,uniform,uniform,10,0.0,0.0,0.0,,
shared_wide,3456,in_distribution,21,13.620794,0.90000004,2,1,1,96.15387042363484,474.464921951294,0.8380599200725556,0.12497829,196.85934,137,4.0765690000012,23.620796,10.000002,60.89025499999934,0.5,0.5146909356117249,uniform,uniform,10,0.0,0.0,0.0,,
shared_wide,3456,in_distribution,22,15.785186,0.75,5,4,4,160.39422798156738,447.2995662689209,0.901988723874092,0.054597266,11.481405,137,4.0765690000012,40.785183,24.999996,60.89025499999934,0.5,0.5146909356117249,uniform,uniform,10,0.0,0.0,0.0,,
shared_wide,3456,in_distribution,23,14.390359,0.75,5,4,4,139.46478176116943,459.0241527557373,0.8484688192605973,0.12206974,125.96412,137,4.0765690000012,39.390354,24.999996,60.89025499999934,0.5,0.5146909356117249,uniform,uniform,10,0.0,0.0,0.0,,
shared_wide,3456,in_distribution,24,12.136974,0.7,6,5,5,117.6940527984074,429.89599227905273,0.6667636632919312,0.20466736,447.81375,137,4.0765690000012,42.13697,29.999996,60.89025499999934,0.5,0.5146909356117249,uniform,uniform,10,0.0,0.0,0.0,,
shared_wide,3456,in_distribution,25,15.846534,0.8,4,4,4,112.26214611902832,444.8511028289795,0.8895299822092056,0.09215827,32.95377,137,4.0765690000012,35.846535,20.0,60.89025499999934,0.5,0.5146909356117249,uniform,uniform,10,0.0,0.0,0.0,,
shared_wide,3456,in_distribution,26,14.151884,0.90000004,2,2,2,104.59713062892358,430.3447437286377,0.815270721912384,0.05204635,162.68036,137,4.0765690000012,24.151886,10.000002,60.89025499999934,0.5,0.5146909356117249,uniform,uniform,10,0.0,0.0,0.0,,
shared_wide,3456,in_distribution,27,10.624433,0.75,5,5,5,84.16417050361633,473.75475883483887,0.632150936126709,0.25637162,560.43695,137,4.0765690000012,35.624435,25.000004,60.89025499999934,0.5,0.5146909356117249,uniform,uniform,10,0.0,0.0,0.0,,
shared_wide,3456,in_distribution,28,15.417331,0.7,6,4,4,149.43378848688943,479.55153465271,0.8944327622652054,0.035034083,58.240696,137,4.0765690000012,45.417328,29.999996,60.89025499999934,0.5,0.5146909356117249,uniform,uniform,10,0.0,0.0,0.0,,
shared_wide,3456,in_distribution,29,10.959074,0.95,1,0,0,75.53647925979213,477.5350284576416,0.7513274431228638,0.05886942,374.7704,137,4.0765690000012,15.959077,5.000003,60.89025499999934,0.5,0.5146909356117249,uniform,uniform,10,0.0,0.0,0.0,,
shared_wide,3456,in_distribution,30,14.888912,0.8,4,4,4,124.0828076004982,451.673583984375,0.8975996017456055,0.07108813,24.282515,137,4.0765690000012,34.88892,20.000008,60.89025499999934,0.5,0.5146909356117249,uniform,uniform,10,0.0,0.0,0.0,,
shared_wide,3456,in_distribution,31,14.064819,0.55,9,6,6,140.02788289026782,388.176212310791,0.7570890784263611,0.090021156,274.38913,137,4.0765690000012,59.06482,45.0,60.89025499999934,0.5,0.5146909356117249,uniform,uniform,10,0.0,0.0,0.0,,
shared_wide,3456,in_distribution,32,15.084463,0.90000004,2,2,2,137.50404566526413,474.8609447479248,0.8835388988256454,0.041809868,95.08289,137,4.0765690000012,25.084461,9.999998,60.89025499999934,0.5,0.5146909356117249,uniform,uniform,10,0.0,0.0,0.0,,
shared_wide,3456,in_distribution,33,11.040451,0.85,3,1,1,130.18316198797788,413.2781410217285,0.743252694606781,0.17342354,300.95486,137,4.0765690000012,26.040451,15.0,60.89025499999934,0.5,0.5146909356117249,uniform,uniform,10,0.0,0.0,0.0,,
shared_wide,3456,in_distribution,34,13.003344,0.85,3,2,2,106.4571829403148,424.4593334197998,0.7786585092544556,0.13770878,232.97575,137,4.0765690000012,28.003342,14.999998,60.89025499999934,0.5,0.5146909356117249,uniform,uniform,10,0.0,0.0,0.0,,
shared_wide,3456,in_distribution,35,15.480716,0.75,5,5,5,94.86886394023897,475.0129222869873,0.903872075676918,0.10375147,64.39464,137,4.0765690000012,40.48072,25.000004,60.89025499999934,0.5,0.5146909356117249,uniform,uniform,10,0.0,0.0,0.0,,
shared_wide,3456,in_distribution,36,10.583294,0.95,1,1,1,105.17936835163518,452.2239303588867,0.7237256407737732,0.19174291,358.67062,137,4.0765690000012,15.583292,4.999998,60.89025499999934,0.5,0.5146909356117249,uniform,uniform,10,0.0,0.0,0.0,,
shared_wide,3456,in_distribution,37,15.005306,0.95,1,1,1,89.84347098752072,462.1731662750244,0.8810636878013611,0.05006412,94.93247,137,4.0765690000012,20.005308,5.000002,60.89025499999934,0.5,0.5146909356117249,uniform,uniform,10,0.0,0.0,0.0,,
shared_wide,3456,in_distribution,38,13.525313,0.8,4,3,3,115.57314489036798,433.53458404541016,0.83217533826828,0.103192,131.75803,137,4.0765690000012,33.525314,20.0,60.89025499999934,0.5,0.5146909356117249,uniform,uniform,10,0.0,0.0,0.0,,
shared_wide,3456,in_distribution,39,13.015125,0.75,5,5,5,99.94462072849274,382.1715831756592,0.7570933699607849,0.05529896,274.3808,137,4.0765690000012,38.01513,25.000004,60.89025499999934,0.5,0.5146909356117249,uniform,uniform,10,0.0,0.0,0.0,,
shared_wide,3456,in_distribution,40,14.950189,0.75,5,3,3,104.1459662169218,479.3007373809815,0.8854664653539658,0.06809461,75.205246,137,4.0765690000012,39.950188,25.0,60.89025499999934,0.5,0.5146909356117249,uniform,uniform,10,0.0,0.0,0.0,,
shared_wide,3456,in_distribution,41,14.105982,0.8,4,4,4,119.7135391831398,428.7601661682129,0.8368245959281921,0.06434756,121.29691,137,4.0765690000012,34.10598,19.999998,60.89025499999934,0.5,0.5146909356117249,uniform,uniform,10,0.0,0.0,0.0,,
shared_wide,3456,in_distribution,42,15.364815,0.75,5,3,3,124.07468175888062,444.1069221496582,0.8677737653255463,0.039336346,73.98145,137,4.0765690000012,40.364807,24.999992,60.89025499999934,0.5,0.5146909356117249,uniform,uniform,10,0.0,0.0,0.0,,
shared_wide,3456,in_distribution,43,15.045277,0.75,5,3,3,77.82695722579956,473.5233879089356,0.8863192141056061,0.05582406,67.790634,137,4.0765690000012,40.045277,25.0,60.89025499999934,0.5,0.5146909356117249,uniform,uniform,10,0.0,0.0,0.0,,
shared_wide,3456,in_distribution,44,13.102678,0.90000004,2,1,1,131.49858156840006,456.9089698791504,0.8430007636547089,0.0807302,134.34756,137,4.0765690000012,23.10268,10.000002,60.89025499999934,0.5,0.5146909356117249,uniform,uniform,10,0.0,0.0,0.0,,
shared_wide,3456,in_distribution,45,14.818159,0.75,5,4,4,145.28551352024078,441.7334461212158,0.8761224836111069,0.028071756,55.578457,137,4.0765690000012,39.818153,24.999994,60.89025499999934,0.5,0.5146909356117249,uniform,uniform,10,0.0,0.0,0.0,,
shared_wide,3456,in_distribution,46,14.835278,0.85,3,2,2,135.10267222628875,394.8425960540772,0.8565837144851685,0.07832191,83.359436,137,4.0765690000012,29.835278,15.0,60.89025499999934,0.5,0.5146909356117249,uniform,uniform,10,0.0,0.0,0.0,,
shared_wide,3456,in_distribution,47,14.986883,0.8,4,1,1,97.90800835937262,406.290979385376,0.8778948783874512,0.054465555,42.441887,137,4.0765690000012,34.98689,20.000006,60.89025499999934,0.5,0.5146909356117249,uniform,uniform,10,0.0,0.0,0.0,,
shared_wide,3456,in_distribution,48,13.132956,0.85,3,2,2,116.6904835140004,442.01537132263184,0.7710259944200516,0.1705985,257.6455,137,4.0765690000012,28.132957,15.000002,60.89025499999934,0.5,0.5146909356117249,uniform,uniform,10,0.0,0.0,0.0,,
shared_wide,3456,in_distribution,49,10.296696,0.8,4,1,1,128.08838792145252,444.4413185119629,0.6822423666715622,0.23110281,442.33038,137,4.0765690000012,30.296694,19.999998,60.89025499999934,0.5,0.5146909356117249,uniform,uniform,10,0.0,0.0,0.0,,
shared_wide,3456,in_distribution,50,15.514711,0.75,5,5,5,116.89371973276138,377.0688056945801,0.8648579120635986,0.0878169,67.47293,137,4.0765690000012,40.51471,24.999998,60.89025499999934,0.5,0.5146909356117249,uniform,uniform,10,0.0,0.0,0.0,,
shared_wide,3456,in_distribution,51,14.114748,0.85,3,1,1,80.25118810289047,473.899040222168,0.8827966094017029,0.08195166,74.92965,137,4.0765690000012,29.114742,14.999994,60.89025499999934,0.5,0.5146909356117249,uniform,uniform,10,0.0,0.0,0.0,,
shared_wide,3456,in_distribution,52,14.836764,0.8,4,4,4,139.68943621963265,466.8163204193115,0.8861719161272049,0.07229015,61.366432,137,4.0765690000012,34.83676,19.999996,60.89025499999934,0.5,0.5146909356117249,uniform,uniform,10,0.0,0.0,0.0,,
shared_wide,3456,in_distribution,53,14.031603,0.75,5,3,3,89.94096302986145,436.3561820983887,0.8204712212085724,0.05076058,157.05147,137,4.0765690000012,39.03161,25.000006,60.89025499999934,0.5,0.5146909356117249,uniform,uniform,10,0.0,0.0,0.0,,
shared_wide,3456,in_distribution,54,13.5161,0.75,5,3,3,74.62202423810959,470.9474658966065,0.7883428812026978,0.10753885,255.0035,137,4.0765690000012,38.516094,24.999994,60.89025499999934,0.5,0.5146909356117249,uniform,uniform,10,0.0,0.0,0.0,,
shared_wide,3456,in_distribution,55,14.246728,0.85,3,2,2,114.53983355094404,411.90945625305176,0.8579425811767578,0.051616777,80.75037,137,4.0765690000012,29.24673,15.000003,60.89025499999934,0.5,0.5146909356117249,uniform,uniform,10,0.0,0.0,0.0,,
shared_wide,3456,in_distribution,56,15.240078,0.8,4,4,4,113.58966954052448,338.02382469177246,0.8883799314498901,0.072324045,22.310766,137,4.0765690000012,35.24008,20.000004,60.89025499999934,0.5,0.5146909356117249,uniform,uniform,10,0.0,0.0,0.0,,
shared_wide,3456,in_distribution,57,9.464029,0.90000004,2,1,1,83.95650520920753,476.8739604949951,0.6793561011552811,0.32566646,510.597,137,4.0765690000012,19.46403,10.0,60.89025499999934,0.5,0.5146909356117249,uniform,uniform,10,0.0,0.0,0.0,,
shared_wide,3456,in_distribution,58,15.014465,0.90000004,2,1,1,104.51631978154182,443.77238273620605,0.8922906905412674,0.06482186,26.574457,137,4.0765690000012,25.014465,10.0,60.89025499999934,0.5,0.5146909356117249,uniform,uniform,10,0.0,0.0,0.0,,
shared_wide,3456,in_distribution,59,15.347507,0.85,3,2,2,190.78528393717372,427.78100967407227,0.8800773620605469,0.06695694,38.251602,137,4.0765690000012,30.347506,14.999998,60.89025499999934,0.5,0.5146909356117249,uniform,uniform,10,0.0,0.0,0.0,,
shared_wide,3456,in_distribution,60,13.430531,0.90000004,2,2,2,91.24983390172322,471.0625648498535,0.8021341890096665,0.04585182,235.94696,137,4.0765690000012,23.43053,10.0,60.89025499999934,0.5,0.5146909356117249,uniform,uniform,10,0.0,0.0,0.0,,
shared_wide,3456,in_distribution,61,13.939406,0.95,1,1,1,126.8241867109349,479.84012603759766,0.8937637835741044,0.106867954,73.76015,137,4.0765690000012,18.939404,4.999997,60.89025499999934,0.5,0.5146909356117249,uniform,uniform,10,0.0,0.0,0.0,,
shared_wide,3456,in_distribution,62,13.573807,0.90000004,2,2,2,99.04049923022588,453.0143165588379,0.8284968674182892,0.106775895,158.30045,137,4.0765690000012,23.573809,10.000002,60.89025499999934,0.5,0.5146909356117249,uniform,uniform,10,0.0,0.0,0.0,,
shared_wide,3456,in_distribution,63,15.910906,0.8,4,4,4,142.43900799192488,415.9347438812256,0.9000000953674316,0.05168732,0.0,137,4.0765690000012,35.910904,19.999998,60.89025499999934,0.5,0.5146909356117249,uniform,uniform,10,0.0,0.0,0.0,,
shared_wide,3456,in_distribution,64,14.234179,0.8,4,4,4,107.28256858885288,434.4096565246582,0.8014824330806732,0.09726405,191.56357,137,4.0765690000012,34.234184,20.000006,60.89025499999934,0.5,0.5146909356117249,uniform,uniform,10,0.0,0.0,0.0,,
shared_wide,3456,in_distribution,65,8.7798195,0.7,6,4,4,97.7405389717647,387.6248359680176,0.5671781301498413,0.46369874,639.018,137,4.0765690000012,38.77982,30.0,60.89025499999934,0.5,0.5146909356117249,uniform,uniform,10,0.0,0.0,0.0,,
shared_wide,3456,in_distribution,66,13.124226,0.90000004,2,0,0,113.08257400989532,452.7698421478272,0.8293020755052567,0.12677595,174.55034,137,4.0765690000012,23.124233,10.000008,60.89025499999934,0.5,0.5146909356117249,uniform,uniform,10,0.0,0.0,0.0,,
shared_wide,3456,in_distribution,67,15.932706,0.65000004,7,7,7,124.0419365121768,362.4580192565918,0.8669748306274414,0.09469083,63.4085,137,4.0765690000012,50.93271,35.000004,60.89025499999934,0.5,0.5146909356117249,uniform,uniform,10,0.0,0.0,0.0,,
shared_wide,3456,in_distribution,68,15.8113,0.90000004,2,1,1,167.2253276904424,478.90448570251465,0.924429515004158,0.025436014,0.0,137,4.0765690000012,25.811295,9.999994,60.89025499999934,0.5,0.5146909356117249,uniform,uniform,10,0.0,0.0,0.0,,
shared_wide,3456,in_distribution,69,14.526464,0.8,4,4,4,97.95814801007508,468.2596492767334,0.8653384238481522,0.08534769,102.80993,137,4.0765690000012,34.526463,19.999998,60.89025499999934,0.5,0.5146909356117249,uniform,uniform,10,0.0,0.0,0.0,,
shared_wide,3456,in_distribution,70,9.18684,0.90000004,2,1,1,94.0343102812767,477.7722930908203,0.6450074940919877,0.35213616,538.31604,137,4.0765690000012,19.186844,10.000004,60.89025499999934,0.5,0.5146909356117249,uniform,uniform,10,0.0,0.0,0.0,,
shared_wide,3456,in_distribution,71,13.586875,0.75,5,5,5,98.80482867360116,391.2363910675049,0.7526876330375671,0.10790003,282.83978,137,4.0765690000012,38.586876,25.0,60.89025499999934,0.5,0.5146909356117249,uniform,uniform,10,0.0,0.0,0.0,,
shared_wide,3456,in_distribution,72,14.916761,0.90000004,2,1,1,89.48792000611623,452.7627754211426,0.8940672218799591,0.040712647,32.15381,137,4.0765690000012,24.91676,9.999998,60.89025499999934,0.5,0.5146909356117249,uniform,uniform,10,0.0,0.0,0.0,,
shared_wide,3456,in_distribution,73,15.3748,0.8,4,4,4,129.65736966580153,422.7089023590088,0.8700107336044312,0.031710085,57.579533,137,4.0765690000012,35.3748,20.000002,60.89025499999934,0.5,0.5146909356117249,uniform,uniform,10,0.0,0.0,0.0,,
shared_wide,3456,in_distribution,74,15.303446,0.7,6,5,5,95.32938218542508,403.7901306152344,0.8701654672622681,0.074269615,57.282467,137,4.0765690000012,45.303444,29.999998,60.89025499999934,0.5,0.5146909356117249,uniform,uniform,10,0.0,0.0,0.0,,
shared_wide,3456,in_distribution,75,12.386303,0.75,5,4,4,115.4067325592041,324.36169624328613,0.7399115562438965,0.20110743,307.3698,137,4.0765690000012,37.386307,25.000004,60.89025499999934,0.5,0.5146909356117249,uniform,uniform,10,0.0,0.0,0.0,,
shared_wide,3456,in_distribution,76,15.004587,0.8,4,3,3,130.30788995325565,463.2454776763916,0.8686421602964401,0.09245368,91.45275,137,4.0765690000012,35.00459,20.000002,60.89025499999934,0.5,0.5146909356117249,uniform,uniform,10,0.0,0.0,0.0,,
shared_wide,3456,in_distribution,77,15.187124,0.75,5,3,3,160.11352860927582,440.63404083251953,0.8601148903369904,0.10510089,89.28746,137,4.0765690000012,40.187122,24.999998,60.89025499999934,0.5,0.5146909356117249,uniform,uniform,10,0.0,0.0,0.0,,
shared_wide,3456,in_distribution,78,13.908468,0.90000004,2,1,1,84.26037238910794,470.1173973083496,0.8763478338718415,0.13299382,83.52969,137,4.0765690000012,23.908468,10.0,60.89025499999934,0.5,0.5146909356117249,uniform,uniform,10,0.0,0.0,0.0,,
shared_wide,3456,in_distribution,79,15.35675,0.8,4,3,3,162.7902415394783,450.6415843963623,0.9041392028331756,0.05757868,38.02945,137,4.0765690000012,35.35675,20.0,60.89025499999934,0.5,0.5146909356117249,uniform,uniform,10,0.0,0.0,0.0,,
shared_wide,3456,in_distribution,80,15.958144,0.75,5,3,3,169.09256291389465,438.6783027648926,0.890360826253891,0.04656356,25.18558,137,4.0765690000012,40.958138,24.999992,60.89025499999934,0.5,0.5146909356117249,uniform,uniform,10,0.0,0.0,0.0,,
shared_wide,3456,in_distribution,81,12.547281,0.8,4,3,3,121.67720139026642,478.7985420227051,0.7653785884380341,0.15476827,305.27173,137,4.0765690000012,32.547276,19.999994,60.89025499999934,0.5,0.5146909356117249,uniform,uniform,10,0.0,0.0,0.0,,
shared_wide,3456,in_distribution,82,13.90003,0.95,1,1,1,142.59150040777106,472.7862453460693,0.8831782668828965,0.051625192,88.73178,137,4.0765690000012,18.90003,5.0,60.89025499999934,0.5,0.5146909356117249,uniform,uniform,10,0.0,0.0,0.0,,
shared_wide,3456,in_distribution,83,11.482415,0.85,3,3,3,112.83743809251224,383.93391609191895,0.7230424284934998,0.176365,339.7585,137,4.0765690000012,26.48241,14.999995,60.89025499999934,0.5,0.5146909356117249,uniform,uniform,10,0.0,0.0,0.0,,
shared_wide,3456,in_distribution,84,13.134849,0.95,1,1,1,96.235600106026,463.7480163574219,0.8712951570749283,0.11447485,93.12871,137,4.0765690000012,18.134851,5.000003,60.89025499999934,0.5,0.5146909356117249,uniform,uniform,10,0.0,0.0,0.0,,
shared_wide,3456,in_distribution,85,14.403028,0.75,5,4,4,113.87418723106384,399.6803569793701,0.8433869481086731,0.04956854,108.69724,137,4.0765690000012,39.403023,24.999996,60.89025499999934,0.5,0.5146909356117249,uniform,uniform,10,0.0,0.0,0.0,,
shared_wide,3456,in_distribution,86,16.334717,0.65000004,7,5,5,129.41142288538126,417.8694820404053,0.9000000953674316,0.072006494,0.0,137,4.0765690000012,51.334717,35.0,60.89025499999934,0.5,0.5146909356117249,uniform,uniform,10,0.0,0.0,0.0,,
shared_wide,3456,in_distribution,87,15.094391,0.85,3,3,3,91.68346374350436,441.0398197174072,0.8869755357503891,0.08341904,34.046932,137,4.0765690000012,30.094387,14.999996,60.89025499999934,0.5,0.5146909356117249,uniform,uniform,10,0.0,0.0,0.0,,
shared_wide,3456,in_distribution,88,15.100068,0.8,4,3,3,86.80310379713774,477.4704265594482,0.8895149618387223,0.12811089,65.60175,137,4.0765690000012,35.100067,20.0,60.89025499999934,0.5,0.5146909356117249,uniform,uniform,10,0.0,0.0,0.0,,
shared_wide,3456,in_distribution,89,15.106731,0.7,6,5,5,87.74111598730087,440.947380065918,0.853447699546814,0.071051545,98.32798,137,4.0765690000012,45.10673,30.0,60.89025499999934,0.5,0.5146909356117249,uniform,uniform,10,0.0,0.0,0.0,,
shared_wide,3456,in_distribution,90,12.040295,0.90000004,2,1,1,93.51813753445944,474.3194389343262,0.7964287728071213,0.1253725,278.99533,137,4.0765690000012,22.04029,9.999996,60.89025499999934,0.5,0.5146909356117249,uniform,uniform,10,0.0,0.0,0.0,,
shared_wide,3456,in_distribution,91,13.531363,0.95,1,0,0,154.60228796067992,399.6200752258301,0.8846859335899353,0.0650348,29.403154,137,4.0765690000012,18.53136,4.999998,60.89025499999934,0.5,0.5146909356117249,uniform,uniform,10,0.0,0.0,0.0,,
shared_wide,3456,in_distribution,92,15.520487,0.85,3,2,2,200.3979917133556,479.6890640258789,0.9245859205722808,0.06855061,35.951317,137,4.0765690000012,30.520485,14.999998,60.89025499999934,0.5,0.5146909356117249,uniform,uniform,10,0.0,0.0,0.0,,
shared_wide,3456,in_distribution,93,11.501291,0.8,4,3,3,121.75746101886034,457.3861885070801,0.7087203204631806,0.244553,392.64316,137,4.0765690000012,31.50129,19.999998,60.89025499999934,0.5,0.5146909356117249,uniform,uniform,10,0.0,0.0,0.0,,
shared_wide,3456,in_distribution,94,14.7355,0.85,3,2,2,82.51873331034885,441.0444259643554,0.8443621635437012,0.008781548,115.86919,137,4.0765690000012,29.7355,15.0,60.89025499999934,0.5,0.5146909356117249,uniform,uniform,10,0.0,0.0,0.0,,
shared_wide,3456,in_distribution,95,15.912149,0.8,4,2,2,122.76409596204758,470.6713771820069,0.9201414376497268,0.033016667,0.0,137,4.0765690000012,35.912144,19.999994,60.89025499999934,0.5,0.5146909356117249,uniform,uniform,10,0.0,0.0,0.0,,
shared_wide,3456,in_distribution,96,15.46698,0.8,4,3,3,147.43288077414036,460.8665370941162,0.8938250333070755,0.05830913,40.72254,137,4.0765690000012,35.466984,20.000004,60.89025499999934,0.5,0.5146909356117249,uniform,uniform,10,0.0,0.0,0.0,,
shared_wide,3456,in_distribution,97,12.568883,0.85,3,1,1,131.8226913844838,359.0248203277588,0.7884305119514465,0.14525685,214.21353,137,4.0765690000012,27.56888,14.999997,60.89025499999934,0.5,0.5146909356117249,uniform,uniform,10,0.0,0.0,0.0,,
shared_wide,3456,in_distribution,98,15.950001,0.75,5,4,4,99.90899157524107,466.8095111846924,0.918130049109459,0.030835878,0.0,137,4.0765690000012,40.949997,24.999996,60.89025499999934,0.5,0.5146909356117249,uniform,uniform,10,0.0,0.0,0.0,,
shared_wide,3456,in_distribution,99,15.618243,0.8,4,3,3,100.24377644062042,433.1718635559082,0.8662754237651825,0.04019646,65.92326,137,4.0765690000012,35.618244,20.0,60.89025499999934,0.5,0.5146909356117249,uniform,uniform,10,0.0,0.0,0.0,,
shared_id,1234,in_distribution,0,12.579801,0.8,4,3,3,143.0408875644207,446.42043113708496,0.7402149826288223,0.06574162,321.20776,155,4.56579199999851,32.579803,20.000004,65.36305300000095,0.5,0.5146909356117249,uniform,uniform,10,0.0,0.0,0.0,,
shared_id,1234,in_distribution,1,9.952798,0.85,3,2,2,167.644099242547,475.6754207611084,0.6609855681657791,0.37505075,502.5833,155,4.56579199999851,24.952797,14.999999,65.36305300000095,0.5,0.5146909356117249,uniform,uniform,10,0.0,0.0,0.0,,
shared_id,1234,in_distribution,2,14.992546,0.65000004,7,7,7,165.8111698810871,407.46439933776855,0.8264796733856201,0.091788456,141.15916,155,4.56579199999851,49.992546,35.0,65.36305300000095,0.5,0.5146909356117249,uniform,uniform,10,0.0,0.0,0.0,,
shared_id,1234,in_distribution,3,9.010611,0.7,6,5,5,193.25783729553223,427.0493316650391,0.5620261430740356,0.6601541,648.91,155,4.56579199999851,39.010612,30.000002,65.36305300000095,0.5,0.5146909356117249,uniform,uniform,10,0.0,0.0,0.0,,
shared_id,1234,in_distribution,4,10.6830635,0.90000004,2,2,2,156.2678438425064,460.5501079559326,0.6953634411096573,0.29182807,421.45242,155,4.56579199999851,20.683067,10.000004,65.36305300000095,0.5,0.5146909356117249,uniform,uniform,10,0.0,0.0,0.0,,
shared_id,1234,in_distribution,5,10.907503,0.7,6,6,6,140.88196494749613,479.7610473632813,0.6700536340475083,0.35413456,524.5067,155,4.56579199999851,40.90751,30.000006,65.36305300000095,0.5,0.5146909356117249,uniform,uniform,10,0.0,0.0,0.0,,
shared_id,1234,in_distribution,6,11.391821,1.0,0,0,0,153.63851487636566,457.7467918395996,0.7506595879793168,0.3240036,324.1894,155,4.56579199999851,11.391821,0.0,65.36305300000095,0.5,0.5146909356117249,uniform,uniform,10,0.0,0.0,0.0,,
shared_id,1234,in_distribution,7,12.916228,0.75,5,2,2,174.79263162612915,454.67079162597656,0.8020461618900299,0.28912652,242.37717,155,4.56579199999851,37.916233,25.000004,65.36305300000095,0.5,0.5146909356117249,uniform,uniform,10,0.0,0.0,0.0,,
shared_id,1234,in_distribution,8,8.499123,0.7,6,5,5,145.04062759024757,472.6431941986084,0.5414448171854019,0.69496536,729.06934,155,4.56579199999851,38.499123,30.0,65.36305300000095,0.5,0.5146909356117249,uniform,uniform,10,0.0,0.0,0.0,,
shared_id,1234,in_distribution,9,11.518328,0.75,5,3,3,146.3218188881874,368.8460540771485,0.6701462268829346,0.25450268,441.3192,155,4.56579199999851,36.51833,25.000002,65.36305300000095,0.5,0.5146909356117249,uniform,uniform,10,0.0,0.0,0.0,,
shared_id,1234,in_distribution,10,7.7622824,0.8,4,1,1,175.87555825710297,431.6258239746094,0.518675684928894,0.7220087,732.1429,155,4.56579199999851,27.762281,20.0,65.36305300000095,0.5,0.5146909356117249,uniform,uniform,10,0.0,0.0,0.0,,
shared_id,1234,in_distribution,11,11.850359,0.8,4,2,2,147.91854321956637,469.1806411743164,0.7180595517158508,0.2801223,437.96408,155,4.56579199999851,31.850359,20.0,65.36305300000095,0.5,0.5146909356117249,uniform,uniform,10,0.0,0.0,0.0,,
shared_id,1234,in_distribution,12,8.7797365,0.90000004,2,2,2,153.57866475979486,475.9439277648926,0.5880939900875092,0.57119626,642.80365,155,4.56579199999851,18.779736,9.999999,65.36305300000095,0.5,0.5146909356117249,uniform,uniform,10,0.0,0.0,0.0,,
shared_id,1234,in_distribution,13,10.361753,0.8,4,4,4,144.34260562062263,402.9117107391357,0.6454038619995117,0.36741033,488.82452,155,4.56579199999851,30.36175,19.999996,65.36305300000095,0.5,0.5146909356117249,uniform,uniform,10,0.0,0.0,0.0,,
shared_id,1234,in_distribution,14,11.714463,0.65000004,7,6,6,211.33217921623816,402.14518547058105,0.6851283311843872,0.33650017,412.55368,155,4.56579199999851,46.714462,35.0,65.36305300000095,0.5,0.5146909356117249,uniform,uniform,10,0.0,0.0,0.0,,
shared_id,1234,in_distribution,15,8.384678,0.75,5,3,3,129.65726327896118,478.9739227294922,0.5632286697626114,0.52807057,720.00006,155,4.56579199999851,33.38468,25.000004,65.36305300000095,0.5,0.5146909356117249,uniform,uniform,10,0.0,0.0,0.0,,
shared_id,1234,in_distribution,16,10.841664,0.90000004,2,2,2,134.12141501903534,436.2581062316895,0.6767836153507233,0.12933645,432.8336,155,4.56579199999851,20.841663,9.999999,65.36305300000095,0.5,0.5146909356117249,uniform,uniform,10,0.0,0.0,0.0,,
shared_id,1234,in_distribution,17,8.746591,0.95,1,1,1,165.36287521061143,471.8368721008301,0.6533455282449723,0.39321217,548.7728,155,4.56579199999851,13.74659,4.999999,65.36305300000095,0.5,0.5146909356117249,uniform,uniform,10,0.0,0.0,0.0,,
shared_id,1234,in_distribution,18,5.5512066,0.6,8,0,0,123.18299889564514,440.7396411895752,0.3951784461736679,1.0068275,977.9972,155,4.56579199999851,45.551205,40.0,65.36305300000095,0.5,0.5146909356117249,uniform,uniform,10,0.0,0.0,0.0,,
shared_id,1234,in_distribution,19,6.8823457,0.55,9,5,5,151.96046233177185,440.45485496521,0.4042797774076462,1.0039889,960.2378,155,4.56579199999851,51.88235,45.000004,65.36305300000095,0.5,0.5146909356117249,uniform,uniform,10,0.0,0.0,0.0,,
shared_id,1234,in_distribution,20,11.061398,0.75,5,4,4,153.62644815444946,435.84689140319824,0.6943906933069229,0.32598826,398.61682,155,4.56579199999851,36.061394,24.999996,65.36305300000095,0.5,0.5146909356117249,uniform,uniform,10,0.0,0.0,0.0,,
shared_id,1234,in_distribution,21,9.1174965,0.90000004,2,1,1,170.75896978378296,471.64109230041504,0.6276354670524598,0.4981607,589.85535,155,4.56579199999851,19.1175,10.000004,65.36305300000095,0.5,0.5146909356117249,uniform,uniform,10,0.0,0.0,0.0,,
shared_id,1234,in_distribution,22,12.380656,0.7,6,5,5,126.37009658983776,373.79530906677246,0.7478042244911194,0.16762085,292.21597,155,4.56579199999851,42.380657,30.0,65.36305300000095,0.5,0.5146909356117249,uniform,uniform,10,0.0,0.0,0.0,,
shared_id,1234,in_distribution,23,9.747093,0.55,9,8,8,124.99842329458755,406.4964866638184,0.5750000476837158,0.5094437,624.00006,155,4.56579199999851,54.747097,45.000004,65.36305300000095,0.5,0.5146909356117249,uniform,uniform,10,0.0,0.0,0.0,,
shared_id,1234,in_distribution,24,9.21,0.7,6,5,5,117.5603084053312,442.72871017456055,0.5305879056453705,0.5938343,720.00006,155,4.56579199999851,39.210007,30.000008,65.36305300000095,0.5,0.5146909356117249,uniform,uniform,10,0.0,0.0,0.0,,
shared_id,1234,in_distribution,25,3.2670536,0.3,14,4,4,235.12751817703247,466.8951416015625,0.1986600250005722,1.4255525,1381.4678,155,4.56579199999851,73.26705,70.0,65.36305300000095,0.5,0.5146909356117249,uniform,uniform,10,0.0,0.0,0.0,,
shared_id,1234,in_distribution,26,7.9098673,0.85,3,3,3,101.92147991674788,443.2108783721924,0.5501421183347702,0.6594728,682.9382,155,4.56579199999851,22.909866,14.999999,65.36305300000095,0.5,0.5146909356117249,uniform,uniform,10,0.0,0.0,0.0,,
shared_id,1234,in_distribution,27,8.121086,0.55,9,9,9,101.8861426006664,458.43295097351074,0.4961595714092254,0.8165757,824.9995,155,4.56579199999851,53.121086,45.0,65.36305300000095,0.5,0.5146909356117249,uniform,uniform,10,0.0,0.0,0.0,,
shared_id,1234,in_distribution,28,13.911709,0.7,6,4,4,206.5191033482552,453.4402656555176,0.8064699679613113,0.14628933,240.0,155,4.56579199999851,43.9117,29.999992,65.36305300000095,0.5,0.5146909356117249,uniform,uniform,10,0.0,0.0,0.0,,
shared_id,1234,in_distribution,29,8.591751,0.75,5,4,4,119.66643929481506,473.0665969848633,0.5838207840919495,0.5400163,648.1308,155,4.56579199999851,33.59175,25.0,65.36305300000095,0.5,0.5146909356117249,uniform,uniform,10,0.0,0.0,0.0,,
shared_id,1234,in_distribution,30,11.369011,0.8,4,4,4,134.29843917489052,465.5594158172608,0.7316023230552673,0.17409515,383.99997,155,4.56579199999851,31.369013,20.000002,65.36305300000095,0.5,0.5146909356117249,uniform,uniform,10,0.0,0.0,0.0,,
shared_id,1234,in_distribution,31,4.3260727,0.3,14,4,4,130.43335795402527,449.84785079956055,0.2592958152294159,1.3411785,1247.9999,155,4.56579199999851,74.32608,70.00001,65.36305300000095,0.5,0.5146909356117249,uniform,uniform,10,0.0,0.0,0.0,,
shared_id,1234,in_distribution,32,10.255791,0.8,4,4,4,134.95486199855804,474.4610595703125,0.6549536228179932,0.40227178,512.9502,155,4.56579199999851,30.255793,20.000002,65.36305300000095,0.5,0.5146909356117249,uniform,uniform,10,0.0,0.0,0.0,,
shared_id,1234,in_distribution,33,5.964742,0.75,5,3,3,154.36103320121765,422.8340721130371,0.4500000774860382,1.0001967,864.0001,155,4.56579199999851,30.964745,25.000002,65.36305300000095,0.5,0.5146909356117249,uniform,uniform,10,0.0,0.0,0.0,,
shared_id,1234,in_distribution,34,10.66,0.7,6,5,5,209.20239661421093,449.2880344390869,0.6366189450025559,0.5929032,527.99994,155,4.56579199999851,40.66,30.0,65.36305300000095,0.5,0.5146909356117249,uniform,uniform,10,0.0,0.0,0.0,,
shared_id,1234,in_distribution,35,9.876881,0.7,6,6,6,174.8687047617776,473.5100555419922,0.6063782215118408,0.63318306,605.26404,155,4.56579199999851,39.87688,30.0,65.36305300000095,0.5,0.5146909356117249,uniform,uniform,10,0.0,0.0,0.0,,
shared_id,1234,in_distribution,36,10.598618,0.90000004,2,2,2,155.8877095580101,437.8357887268066,0.6758207619190216,0.23399854,436.26,155,4.56579199999851,20.598621,10.000004,65.36305300000095,0.5,0.5146909356117249,uniform,uniform,10,0.0,0.0,0.0,,
shared_id,1234,in_distribution,37,6.365508,0.6,8,5,5,131.54876857995987,380.8842658996582,0.405353844165802,1.0042927,949.7208,155,4.56579199999851,46.365513,40.000004,65.36305300000095,0.5,0.5146909356117249,uniform,uniform,10,0.0,0.0,0.0,,
shared_id,1234,in_distribution,38,10.703436,0.75,5,4,4,140.76527059078217,452.4415397644043,0.6419265747070313,0.40735012,528.0,155,4.56579199999851,35.703434,24.999998,65.36305300000095,0.5,0.5146909356117249,uniform,uniform,10,0.0,0.0,0.0,,
shared_id,1234,in_distribution,39,9.675585,0.65000004,7,7,7,144.2403531074524,472.3965167999268,0.5835702300071717,0.5368743,672.00006,155,4.56579199999851,44.675587,35.0,65.36305300000095,0.5,0.5146909356117249,uniform,uniform,10,0.0,0.0,0.0,,
shared_id,1234,in_distribution,40,7.5150585,0.6,8,4,4,154.41182777285576,466.138916015625,0.4677807629108429,0.9042281,864.0001,155,4.56579199999851,47.51506,40.0,65.36305300000095,0.5,0.5146909356117249,uniform,uniform,10,0.0,0.0,0.0,,
shared_id,1234,in_distribution,41,5.416416,0.45000002,11,4,4,151.58299128214517,438.7226486206055,0.3568654298782349,0.9109074,1049.5413,155,4.56579199999851,60.41642,55.000004,65.36305300000095,0.5,0.5146909356117249,uniform,uniform,10,0.0,0.0,0.0,,
shared_id,1234,in_distribution,42,9.976921,0.75,5,3,3,135.2669174671173,465.60768127441406,0.5925040483474732,0.433154,624.00006,155,4.56579199999851,34.976917,24.999996,65.36305300000095,0.5,0.5146909356117249,uniform,uniform,10,0.0,0.0,0.0,,
shared_id,1234,in_distribution,43,8.877123,0.8,4,1,1,138.9967031031847,471.932258605957,0.5844983339309693,0.5619164,651.2878,155,4.56579199999851,28.877125,20.000002,65.36305300000095,0.5,0.5146909356117249,uniform,uniform,10,0.0,0.0,0.0,,
shared_id,1234,in_distribution,44,10.302036,0.8,4,3,3,105.91622795909645,444.4521903991699,0.675341659784317,0.3868488,443.79626,155,4.56579199999851,30.302038,20.000002,65.36305300000095,0.5,0.5146909356117249,uniform,uniform,10,0.0,0.0,0.0,,
shared_id,1234,in_distribution,45,15.162743,0.55,9,8,8,145.02043133432215,473.157377243042,0.8484521329402923,0.11562647,162.67937,155,4.56579199999851,60.162746,45.000004,65.36305300000095,0.5,0.5146909356117249,uniform,uniform,10,0.0,0.0,0.0,,
shared_id,1234,in_distribution,46,8.575698,0.7,6,0,0,104.92213100194932,419.4352912902832,0.5398465394973755,0.5831689,691.4947,155,4.56579199999851,38.57569,29.999992,65.36305300000095,0.5,0.5146909356117249,uniform,uniform,10,0.0,0.0,0.0,,
shared_id,1234,in_distribution,47,5.623417,0.65000004,7,0,0,185.15675177940955,465.8044624328613,0.3931371301412582,1.0155262,1008.00006,155,4.56579199999851,40.623417,35.0,65.36305300000095,0.5,0.5146909356117249,uniform,uniform,10,0.0,0.0,0.0,,
shared_id,1234,in_distribution,48,11.979675,0.85,3,2,2,147.18746013501112,479.4026184082031,0.7229066133499146,0.1154971,387.42203,155,4.56579199999851,26.979677,15.000002,65.36305300000095,0.5,0.5146909356117249,uniform,uniform,10,0.0,0.0,0.0,,
shared_id,1234,in_distribution,49,11.095379,0.8,4,1,1,185.3337726742029,450.4205131530762,0.7229136407375336,0.21283753,369.53503,155,4.56579199999851,31.095375,19.999996,65.36305300000095,0.5,0.5146909356117249,uniform,uniform,10,0.0,0.0,0.0,,
shared_id,1234,in_distribution,50,8.645404,0.8,4,4,4,166.9894597493112,472.33280181884766,0.5663039952516555,0.640805,694.6572,155,4.56579199999851,28.645401,19.999996,65.36305300000095,0.5,0.5146909356117249,uniform,uniform,10,0.0,0.0,0.0,,
shared_id,1234,in_distribution,51,9.871508,0.7,6,4,4,189.27866629191809,398.1342315673828,0.5972539186477661,0.65204656,581.2725,155,4.56579199999851,39.871506,29.999998,65.36305300000095,0.5,0.5146909356117249,uniform,uniform,10,0.0,0.0,0.0,,
shared_id,1234,in_distribution,52,10.242342,0.65000004,7,7,7,114.6883604159722,445.81186294555664,0.649559611082077,0.41371387,494.65747,155,4.56579199999851,45.242344,35.0,65.36305300000095,0.5,0.5146909356117249,uniform,uniform,10,0.0,0.0,0.0,,
shared_id,1234,in_distribution,53,10.11434,0.75,5,3,3,118.44946610927582,476.10368728637695,0.6614016562700271,0.5892626,527.99994,155,4.56579199999851,35.11434,25.000002,65.36305300000095,0.5,0.5146909356117249,uniform,uniform,10,0.0,0.0,0.0,,
shared_id,1234,in_distribution,54,4.116443,0.35,13,2,2,141.22028282710485,347.98959732055664,0.263356477022171,1.3585801,1222.3556,155,4.56579199999851,69.11644,65.0,65.36305300000095,0.5,0.5146909356117249,uniform,uniform,10,0.0,0.0,0.0,,
shared_id,1234,in_distribution,55,4.411664,0.4,12,1,1,161.74942061305046,451.9425201416016,0.3019824266433716,1.0507054,1168.1364,155,4.56579199999851,64.41167,60.000004,65.36305300000095,0.5,0.5146909356117249,uniform,uniform,10,0.0,0.0,0.0,,
shared_id,1234,in_distribution,56,8.56217,0.6,8,4,4,184.1602921485901,462.9378890991211,0.5084140539169312,0.5155842,782.7831,155,4.56579199999851,48.56217,40.0,65.36305300000095,0.5,0.5146909356117249,uniform,uniform,10,0.0,0.0,0.0,,
shared_id,1234,in_distribution,57,11.469286,0.8,4,3,3,119.46178078651428,470.5017757415772,0.7403926640748978,0.1286885,344.94806,155,4.56579199999851,31.469286,20.0,65.36305300000095,0.5,0.5146909356117249,uniform,uniform,10,0.0,0.0,0.0,,
shared_id,1234,in_distribution,58,6.17,0.45000002,11,1,1,184.0855836868286,467.5385856628418,0.4042297482490539,1.0481437,1008.00006,155,4.56579199999851,61.170002,55.0,65.36305300000095,0.5,0.5146909356117249,uniform,uniform,10,0.0,0.0,0.0,,
shared_id,1234,in_distribution,59,12.728663,0.75,5,4,4,174.2352193593979,453.6860275268554,0.7723660796880722,0.24654667,277.21103,155,4.56579199999851,37.72866,24.999996,65.36305300000095,0.5,0.5146909356117249,uniform,uniform,10,0.0,0.0,0.0,,
shared_id,1234,in_distribution,60,8.197653,0.7,6,6,6,120.87602236441204,440.98185539245605,0.5154125481843949,0.6623899,747.3899,155,4.56579199999851,38.19765,29.999998,65.36305300000095,0.5,0.5146909356117249,uniform,uniform,10,0.0,0.0,0.0,,
shared_id,1234,in_distribution,61,5.562229,0.5,10,0,0,126.15033969283104,402.4775791168213,0.3938661813735962,1.0008147,971.7771,155,4.56579199999851,55.56223,50.0,65.36305300000095,0.5,0.5146909356117249,uniform,uniform,10,0.0,0.0,0.0,,
shared_id,1234,in_distribution,62,9.653489,0.75,5,5,5,138.80793952941897,466.6307258605957,0.6200997054576873,0.65090525,617.651,155,4.56579199999851,34.653492,25.000004,65.36305300000095,0.5,0.5146909356117249,uniform,uniform,10,0.0,0.0,0.0,,
shared_id,1234,in_distribution,63,12.088906,0.85,3,3,3,195.16741086454957,474.4342231750488,0.7748169779777527,0.22453511,300.1094,155,4.56579199999851,27.088903,14.999997,65.36305300000095,0.5,0.5146909356117249,uniform,uniform,10,0.0,0.0,0.0,,
shared_id,1234,in_distribution,64,12.624834,0.7,6,6,6,153.58232004301888,467.2785186767578,0.7183742761611939,0.24593607,384.00003,155,4.56579199999851,42.62484,30.000006,65.36305300000095,0.5,0.5146909356117249,uniform,uniform,10,0.0,0.0,0.0,,
shared_id,1234,in_distribution,65,7.7933702,0.8,4,2,2,134.1040163487196,472.00023651123047,0.5616497278213501,0.6974086,720.00006,155,4.56579199999851,27.79337,20.0,65.36305300000095,0.5,0.5146909356117249,uniform,uniform,10,0.0,0.0,0.0,,
shared_id,1234,in_distribution,66,3.3567562,0.3,14,1,1,129.776211977005,452.7698421478272,0.2132529109716415,1.7320508,1339.3241,155,4.56579199999851,73.35676,70.0,65.36305300000095,0.5,0.5146909356117249,uniform,uniform,10,0.0,0.0,0.0,,
shared_id,1234,in_distribution,67,5.37071,0.4,12,4,4,161.57182663679123,467.3040676116944,0.3298828989267349,1.0944715,1129.929,155,4.56579199999851,65.37071,60.000004,65.36305300000095,0.5,0.5146909356117249,uniform,uniform,10,0.0,0.0,0.0,,
shared_id,1234,in_distribution,68,3.6100004,0.3,14,2,2,150.82419753074646,476.47204399108887,0.2481625914573669,1.7320507,1295.9998,155,4.56579199999851,73.60999,69.99999,65.36305300000095,0.5,0.5146909356117249,uniform,uniform,10,0.0,0.0,0.0,,
shared_id,1234,in_distribution,69,5.9353027,0.4,12,5,5,155.04195302724838,334.1681385040283,0.3542186021804809,1.0230707,1047.9005,155,4.56579199999851,65.9353,60.0,65.36305300000095,0.5,0.5146909356117249,uniform,uniform,10,0.0,0.0,0.0,,
shared_id,1234,in_distribution,70,10.434364,0.90000004,2,1,1,157.74976074695587,477.7722930908203,0.6753219693899155,0.2665809,495.3039,155,4.56579199999851,20.434364,10.0,65.36305300000095,0.5,0.5146909356117249,uniform,uniform,10,0.0,0.0,0.0,,
shared_id,1234,in_distribution,71,9.703087,0.8,4,4,4,86.02963705547154,474.7038745880127,0.5923530429601669,0.5477653,672.00006,155,4.56579199999851,29.703087,20.0,65.36305300000095,0.5,0.5146909356117249,uniform,uniform,10,0.0,0.0,0.0,,
shared_id,1234,in_distribution,72,10.625994,0.75,5,4,4,140.2305645942688,472.8324222564697,0.6670224100351334,0.40240055,503.4007,155,4.56579199999851,35.62599,24.999998,65.36305300000095,0.5,0.5146909356117249,uniform,uniform,10,0.0,0.0,0.0,,
shared_id,1234,in_distribution,73,6.9440536,0.7,6,5,5,173.28085299049104,457.3583793640137,0.462377005815506,1.0018147,865.5947,155,4.56579199999851,36.944054,30.0,65.36305300000095,0.5,0.5146909356117249,uniform,uniform,10,0.0,0.0,0.0,,
shared_id,1234,in_distribution,74,8.660653,0.75,5,4,4,134.0473431944847,451.5329933166504,0.565372171998024,0.6502918,675.93463,155,4.56579199999851,33.660652,25.0,65.36305300000095,0.5,0.5146909356117249,uniform,uniform,10,0.0,0.0,0.0,,
shared_id,1234,in_distribution,75,12.66,0.75,5,4,4,180.48330163955688,469.2370319366455,0.7509575545787811,0.212825,384.00003,155,4.56579199999851,37.660004,25.000004,65.36305300000095,0.5,0.5146909356117249,uniform,uniform,10,0.0,0.0,0.0,,
shared_id,1234,in_distribution,76,8.829891,0.7,6,4,4,134.7868047441755,477.89843559265137,0.5764634400606156,0.5952853,667.08887,155,4.56579199999851,38.829887,29.999996,65.36305300000095,0.5,0.5146909356117249,uniform,uniform,10,0.0,0.0,0.0,,
shared_id,1234,in_distribution,77,7.7362986,0.65000004,7,4,4,218.04743432081665,452.8542423248291,0.4858616679906845,0.7754208,816.00006,155,4.56579199999851,42.736298,35.0,65.36305300000095,0.5,0.5146909356117249,uniform,uniform,10,0.0,0.0,0.0,,
shared_id,1234,in_distribution,78,10.260123,0.85,3,2,2,134.68770009629867,428.2279014587402,0.6307356953620911,0.3738446,516.9876,155,4.56579199999851,25.260124,15.000001,65.36305300000095,0.5,0.5146909356117249,uniform,uniform,10,0.0,0.0,0.0,,
shared_id,1234,in_distribution,79,10.3241625,0.6,8,7,7,194.5485571026802,431.5494346618652,0.6086220741271973,0.4788007,559.44574,155,4.56579199999851,50.32416,40.0,65.36305300000095,0.5,0.5146909356117249,uniform,uniform,10,0.0,0.0,0.0,,
shared_id,1234,in_distribution,80,8.027974,0.7,6,4,4,174.8030391761235,407.3533058166504,0.495431125164032,0.68829143,776.7724,155,4.56579199999851,38.027977,30.000004,65.36305300000095,0.5,0.5146909356117249,uniform,uniform,10,0.0,0.0,0.0,,
shared_id,1234,in_distribution,81,8.892562,0.75,5,4,4,167.8186993598938,458.3125877380371,0.538806575536728,0.54233015,720.00006,155,4.56579199999851,33.89256,24.999996,65.36305300000095,0.5,0.5146909356117249,uniform,uniform,10,0.0,0.0,0.0,,
shared_id,1234,in_distribution,82,10.856108,0.90000004,2,2,2,134.86569692691168,462.83300399780273,0.7209209740161896,0.21263096,374.66473,155,4.56579199999851,20.856106,9.999998,65.36305300000095,0.5,0.5146909356117249,uniform,uniform,10,0.0,0.0,0.0,,
shared_id,1234,in_distribution,83,13.35615,0.90000004,2,2,2,154.12188371022543,441.9111442565918,0.8019278675317765,0.1973382,205.24399,155,4.56579199999851,23.356152,10.000002,65.36305300000095,0.5,0.5146909356117249,uniform,uniform,10,0.0,0.0,0.0,,
shared_id,1234,in_distribution,84,8.63913,0.7,6,6,6,142.01595591647285,470.48197746276855,0.5892830073833466,0.6458883,672.00006,155,4.56579199999851,38.63913,30.0,65.36305300000095,0.5,0.5146909356117249,uniform,uniform,10,0.0,0.0,0.0,,
shared_id,1234,in_distribution,85,11.130874,0.75,5,4,4,173.2566675543785,472.4032688140869,0.686129042506218,0.23360355,451.03552,155,4.56579199999851,36.130875,25.0,65.36305300000095,0.5,0.5146909356117249,uniform,uniform,10,0.0,0.0,0.0,,
shared_id,1234,in_distribution,86,11.732128,0.7,6,4,4,172.16478518077307,458.9633846282959,0.7281400352716446,0.18456545,356.93457,155,4.56579199999851,41.73213,30.0,65.36305300000095,0.5,0.5146909356117249,uniform,uniform,10,0.0,0.0,0.0,,
shared_id,1234,in_distribution,87,5.5881977,0.5,10,2,2,119.3716757297516,457.3624706268311,0.3619048029184341,1.0838561,1060.1803,155,4.56579199999851,55.588196,50.0,65.36305300000095,0.5,0.5146909356117249,uniform,uniform,10,0.0,0.0,0.0,,
shared_id,1234,in_distribution,88,9.454816,0.8,4,2,2,191.52159959077835,479.6993637084961,0.5943162113428115,0.52069014,672.00006,155,4.56579199999851,29.454815,20.0,65.36305300000095,0.5,0.5146909356117249,uniform,uniform,10,0.0,0.0,0.0,,
shared_id,1234,in_distribution,89,8.314595,0.90000004,2,1,1,142.14156210422516,461.8634605407715,0.5834916204214096,0.62185025,664.5336,155,4.56579199999851,18.314594,9.999999,65.36305300000095,0.5,0.5146909356117249,uniform,uniform,10,0.0,0.0,0.0,,
shared_id,1234,in_distribution,90,8.786603,0.55,9,8,8,133.86394955895165,456.1446762084961,0.5411435842514039,0.73124117,720.00006,155,4.56579199999851,53.786602,45.0,65.36305300000095,0.5,0.5146909356117249,uniform,uniform,10,0.0,0.0,0.0,,
shared_id,1234,in_distribution,91,12.329449,0.90000004,2,1,1,188.1339329481125,432.7167320251465,0.78323113322258,0.18443125,224.91312,155,4.56579199999851,22.329454,10.000006,65.36305300000095,0.5,0.5146909356117249,uniform,uniform,10,0.0,0.0,0.0,,
shared_id,1234,in_distribution,92,12.4435005,0.75,5,4,4,118.14521861076356,439.56095695495605,0.7548993021249771,0.15555115,286.15448,155,4.56579199999851,37.443504,25.000004,65.36305300000095,0.5,0.5146909356117249,uniform,uniform,10,0.0,0.0,0.0,,
shared_id,1234,in_distribution,93,7.390287,0.65000004,7,6,6,157.8625856913053,412.4359703063965,0.4500000774860382,0.875013,864.0001,155,4.56579199999851,42.39029,35.000004,65.36305300000095,0.5,0.5146909356117249,uniform,uniform,10,0.0,0.0,0.0,,
shared_id,1234,in_distribution,94,9.101707,0.8,4,3,3,112.057869695127,473.6257553100586,0.612655782699585,0.45319963,593.3267,155,4.56579199999851,29.101706,19.999998,65.36305300000095,0.5,0.5146909356117249,uniform,uniform,10,0.0,0.0,0.0,,
shared_id,1234,in_distribution,95,10.387041,0.55,9,7,7,184.84208237041128,416.5862846374512,0.5945991277694702,0.4393642,586.36975,155,4.56579199999851,55.38704,45.0,65.36305300000095,0.5,0.5146909356117249,uniform,uniform,10,0.0,0.0,0.0,,
shared_id,1234,in_distribution,96,7.819072,0.55,9,5,5,145.6565906784751,474.1018009185791,0.4969281047582626,0.8100178,816.00006,155,4.56579199999851,52.819073,45.0,65.36305300000095,0.5,0.5146909356117249,uniform,uniform,10,0.0,0.0,0.0,,
shared_id,1234,in_distribution,97,13.503313,0.85,3,1,1,130.6776154391906,409.5599269866944,0.8209434747695923,0.084057845,151.78862,155,4.56579199999851,28.503317,15.000004,65.36305300000095,0.5,0.5146909356117249,uniform,uniform,10,0.0,0.0,0.0,,
shared_id,1234,in_distribution,98,10.651111,0.75,5,4,4,191.40112018585205,477.5288772583008,0.6966615438461303,0.4147391,463.88885,155,4.56579199999851,35.65111,25.0,65.36305300000095,0.5,0.5146909356117249,uniform,uniform,10,0.0,0.0,0.0,,
shared_id,1234,in_distribution,99,10.329236,0.65000004,7,3,3,144.90858683219324,467.3730182647705,0.5949612945318222,0.46167275,621.0474,155,4.56579199999851,45.32923,34.999996,65.36305300000095,0.5,0.5146909356117249,uniform,uniform,10,0.0,0.0,0.0,,
shared_id,2345,in_distribution,0,9.200203,0.90000004,2,1,1,167.99917578697205,447.70520210266113,0.6081798762083054,0.5852457,575.99994,151,4.180054000007658,19.200207,10.000004,60.59933900000033,0.5,0.5146909356117249,uniform,uniform,10,0.0,0.0,0.0,,
shared_id,2345,in_distribution,1,9.119093,0.75,5,4,4,163.54135835170746,436.2908935546875,0.5855210065841675,0.61414886,608.09076,151,4.180054000007658,34.11909,24.999998,60.59933900000033,0.5,0.5146909356117249,uniform,uniform,10,0.0,0.0,0.0,,
shared_id,2345,in_distribution,2,11.780017,0.85,3,3,3,122.10818115402672,442.63306617736816,0.7039764612913132,0.4183345,386.99832,151,4.180054000007658,26.780014,14.999997,60.59933900000033,0.5,0.5146909356117249,uniform,uniform,10,0.0,0.0,0.0,,
shared_id,2345,in_distribution,3,7.957553,0.75,5,4,4,118.3000898361206,473.9420700073242,0.5493889093399048,0.7308455,715.1154,151,4.180054000007658,32.957558,25.000004,60.59933900000033,0.5,0.5146909356117249,uniform,uniform,10,0.0,0.0,0.0,,
shared_id,2345,in_distribution,4,8.711329,0.85,3,3,3,160.34705926390257,467.3289585113525,0.6055337220430375,0.6427812,625.42645,151,4.180054000007658,23.71133,15.000001,60.59933900000033,0.5,0.5146909356117249,uniform,uniform,10,0.0,0.0,0.0,,
shared_id,2345,in_distribution,5,8.917076,0.8,4,4,4,162.07226157188416,473.2452964782715,0.5954147011041642,0.6070894,639.2469,151,4.180054000007658,28.917076,20.0,60.59933900000033,0.5,0.5146909356117249,uniform,uniform,10,0.0,0.0,0.0,,
shared_id,2345,in_distribution,6,11.622733,0.90000004,2,2,2,161.0524841149648,450.7690143585205,0.7389230221509934,0.31809977,328.0369,151,4.180054000007658,21.622734,10.000001,60.59933900000033,0.5,0.5146909356117249,uniform,uniform,10,0.0,0.0,0.0,,
shared_id,2345,in_distribution,7,9.134972,0.7,6,3,3,128.52243457521712,436.6468620300293,0.5912283599376679,0.64510643,597.4886,151,4.180054000007658,39.134968,29.999996,60.59933900000033,0.5,0.5146909356117249,uniform,uniform,10,0.0,0.0,0.0,,
shared_id,2345,in_distribution,8,9.289321,0.75,5,4,4,149.03306126594543,473.9274501800537,0.6180800914764404,0.6077714,624.068,151,4.180054000007658,34.28932,25.0,60.59933900000033,0.5,0.5146909356117249,uniform,uniform,10,0.0,0.0,0.0,,
shared_id,2345,in_distribution,9,9.217194,0.8,4,2,2,171.9054614380002,438.7108612060547,0.5644874811172486,0.5923198,650.895,151,4.180054000007658,29.21719,19.999996,60.59933900000033,0.5,0.5146909356117249,uniform,uniform,10,0.0,0.0,0.0,,
shared_id,2345,in_distribution,10,9.192682,0.85,3,1,1,141.65071522488313,390.2920246124268,0.6155190467834473,0.5933876,546.2035,151,4.180054000007658,24.19268,14.999998,60.59933900000033,0.5,0.5146909356117249,uniform,uniform,10,0.0,0.0,0.0,,
shared_id,2345,in_distribution,11,11.501318,0.8,4,4,4,144.55058835446837,464.71790313720703,0.6827215135097504,0.3549692,479.99997,151,4.180054000007658,31.501324,20.000006,60.59933900000033,0.5,0.5146909356117249,uniform,uniform,10,0.0,0.0,0.0,,
shared_id,2345,in_distribution,12,9.024027,0.75,5,5,5,117.52680230140686,478.0466079711914,0.5801213264465332,0.64479846,668.59735,151,4.180054000007658,34.02403,25.000002,60.59933900000033,0.5,0.5146909356117249,uniform,uniform,10,0.0,0.0,0.0,,
shared_id,2345,in_distribution,13,10.960588,0.75,5,5,5,115.12234807014464,479.4245052337647,0.7017961919307709,0.5880228,450.25427,151,4.180054000007658,35.960587,24.999998,60.59933900000033,0.5,0.5146909356117249,uniform,uniform,10,0.0,0.0,0.0,,
shared_id,2345,in_distribution,14,10.755329,0.75,5,4,4,177.91943645477295,437.77027130126953,0.6710105180740357,0.5794678,445.43015,151,4.180054000007658,35.755325,24.999996,60.59933900000033,0.5,0.5146909356117249,uniform,uniform,10,0.0,0.0,0.0,,
shared_id,2345,in_distribution,15,11.059549,0.55,9,7,7,147.94309355995873,451.455659866333,0.6577110379934311,0.60860234,484.65063,151,4.180054000007658,56.059555,45.000008,60.59933900000033,0.5,0.5146909356117249,uniform,uniform,10,0.0,0.0,0.0,,
shared_id,2345,in_distribution,16,9.89577,0.95,1,1,1,124.50160042235726,442.82349586486816,0.6596316277980805,0.45347476,473.73254,151,4.180054000007658,14.895769,4.999999,60.59933900000033,0.5,0.5146909356117249,uniform,uniform,10,0.0,0.0,0.0,,
shared_id,2345,in_distribution,17,10.2199745,0.85,3,3,3,164.3324943149791,432.586612701416,0.6304950445890427,0.3208804,518.36426,151,4.180054000007658,25.219975,15.0,60.59933900000033,0.5,0.5146909356117249,uniform,uniform,10,0.0,0.0,0.0,,
shared_id,2345,in_distribution,18,12.176377,0.7,6,5,5,105.46877861022948,434.7912883758545,0.7184527307748795,0.42764667,351.36224,151,4.180054000007658,42.176376,30.0,60.59933900000033,0.5,0.5146909356117249,uniform,uniform,10,0.0,0.0,0.0,,
shared_id,2345,in_distribution,19,11.993438,0.75,5,5,5,118.16008639335632,457.2868251800537,0.6837914973497391,0.58946705,440.40726,151,4.180054000007658,36.99343,24.999992,60.59933900000033,0.5,0.5146909356117249,uniform,uniform,10,0.0,0.0,0.0,,
shared_id,2345,in_distribution,20,8.826265,0.8,4,3,3,114.06867362558842,408.1173706054688,0.5946761965751648,0.6166742,586.22186,151,4.180054000007658,28.82626,19.999994,60.59933900000033,0.5,0.5146909356117249,uniform,uniform,10,0.0,0.0,0.0,,
shared_id,2345,in_distribution,21,8.435555,0.85,3,2,2,138.55812475961798,467.4693775177002,0.5748751848936081,0.58400375,659.7092,151,4.180054000007658,23.435556,15.000001,60.59933900000033,0.5,0.5146909356117249,uniform,uniform,10,0.0,0.0,0.0,,
shared_id,2345,in_distribution,22,10.561039,0.6,8,7,7,149.3336147069931,331.8588352203369,0.6330567598342896,0.5444806,512.53107,151,4.180054000007658,50.561035,39.999996,60.59933900000033,0.5,0.5146909356117249,uniform,uniform,10,0.0,0.0,0.0,,
shared_id,2345,in_distribution,23,8.446283,0.65000004,7,6,6,161.6545480948228,450.05619049072266,0.5535339951515198,0.6397717,683.27106,151,4.180054000007658,43.446285,35.0,60.59933900000033,0.5,0.5146909356117249,uniform,uniform,10,0.0,0.0,0.0,,
shared_id,2345,in_distribution,24,10.59,0.85,3,2,2,162.22812421181624,476.8951034545898,0.6483829259872437,0.5282161,527.99994,151,4.180054000007658,25.589998,14.999998,60.59933900000033,0.5,0.5146909356117249,uniform,uniform,10,0.0,0.0,0.0,,
shared_id,2345,in_distribution,25,10.509074,0.75,5,5,5,109.72831684350967,465.10228157043457,0.6663163393735886,0.5960599,481.77496,151,4.180054000007658,35.50908,25.000004,60.59933900000033,0.5,0.5146909356117249,uniform,uniform,10,0.0,0.0,0.0,,
shared_id,2345,in_distribution,26,7.7607613,0.90000004,2,2,2,147.29601323604584,445.9090518951416,0.5327949047088623,0.641099,740.30475,151,4.180054000007658,17.76076,9.999998,60.59933900000033,0.5,0.5146909356117249,uniform,uniform,10,0.0,0.0,0.0,,
shared_id,2345,in_distribution,27,7.9131355,0.65000004,7,7,7,172.16934772638174,468.6609077453613,0.5158475071191788,0.776759,778.6458,151,4.180054000007658,42.913136,35.0,60.59933900000033,0.5,0.5146909356117249,uniform,uniform,10,0.0,0.0,0.0,,
shared_id,2345,in_distribution,28,10.144545,0.65000004,7,5,5,156.9259709578294,418.3960247039795,0.6087342500686646,0.58816063,559.23035,151,4.180054000007658,45.144543,35.0,60.59933900000033,0.5,0.5146909356117249,uniform,uniform,10,0.0,0.0,0.0,,
shared_id,2345,in_distribution,29,7.6842704,0.8,4,3,3,153.2964351028204,433.68659019470215,0.5283520609140396,0.64496773,715.25073,151,4.180054000007658,27.684269,19.999998,60.59933900000033,0.5,0.5146909356117249,uniform,uniform,10,0.0,0.0,0.0,,
shared_id,2345,in_distribution,30,8.552877,0.8,4,4,4,162.30518862605095,435.5368423461914,0.5768421530723572,0.6067006,624.00006,151,4.180054000007658,28.552876,19.999998,60.59933900000033,0.5,0.5146909356117249,uniform,uniform,10,0.0,0.0,0.0,,
shared_id,2345,in_distribution,31,8.598876,0.55,9,6,6,158.5217984156175,361.3199043273926,0.5131382942199707,0.64497274,742.77454,151,4.180054000007658,53.598873,44.999996,60.59933900000033,0.5,0.5146909356117249,uniform,uniform,10,0.0,0.0,0.0,,
shared_id,2345,in_distribution,32,10.970969,0.8,4,4,4,132.59438529610634,344.71386909484863,0.668004035949707,0.3869135,445.43234,151,4.180054000007658,30.97097,20.0,60.59933900000033,0.5,0.5146909356117249,uniform,uniform,10,0.0,0.0,0.0,,
shared_id,2345,in_distribution,33,8.76,0.75,5,3,3,190.7444586753845,473.59474182128906,0.5716639995574951,0.6356962,672.00006,151,4.180054000007658,33.760002,25.000002,60.59933900000033,0.5,0.5146909356117249,uniform,uniform,10,0.0,0.0,0.0,,
shared_id,2345,in_distribution,34,10.505508,0.8,4,3,3,128.1759585533291,386.8873500823975,0.6580994129180908,0.5883621,464.44916,151,4.180054000007658,30.505512,20.000004,60.59933900000033,0.5,0.5146909356117249,uniform,uniform,10,0.0,0.0,0.0,,
shared_id,2345,in_distribution,35,9.585752,0.75,5,5,5,124.6476891040802,381.7477798461914,0.5849044322967529,0.58727187,604.9836,151,4.180054000007658,34.58575,25.0,60.59933900000033,0.5,0.5146909356117249,uniform,uniform,10,0.0,0.0,0.0,,
shared_id,2345,in_distribution,36,7.8304367,0.8,4,4,4,127.11134243756533,433.01342010498047,0.536488139629364,0.61594623,698.95624,151,4.180054000007658,27.83044,20.000004,60.59933900000033,0.5,0.5146909356117249,uniform,uniform,10,0.0,0.0,0.0,,
shared_id,2345,in_distribution,37,9.31202,0.65000004,7,7,7,140.7643133860368,428.49512100219727,0.5527094602584839,0.6178995,666.79785,151,4.180054000007658,44.31202,35.0,60.59933900000033,0.5,0.5146909356117249,uniform,uniform,10,0.0,0.0,0.0,,
shared_id,2345,in_distribution,38,6.357161,0.8,4,3,3,145.86527802050114,469.1385269165039,0.4821649968624115,0.8223436,869.5756,151,4.180054000007658,26.35716,20.0,60.59933900000033,0.5,0.5146909356117249,uniform,uniform,10,0.0,0.0,0.0,,
shared_id,2345,in_distribution,39,11.049179,0.65000004,7,7,7,141.70463396952704,463.77482414245605,0.661206203699112,0.5779373,501.094,151,4.180054000007658,46.04918,35.0,60.59933900000033,0.5,0.5146909356117249,uniform,uniform,10,0.0,0.0,0.0,,
shared_id,2345,in_distribution,40,6.977384,0.55,9,7,7,145.15992180867627,432.703914642334,0.4286552011966705,0.8740436,905.6861,151,4.180054000007658,51.977386,45.000004,60.59933900000033,0.5,0.5146909356117249,uniform,uniform,10,0.0,0.0,0.0,,
shared_id,2345,in_distribution,41,11.010239,0.7,6,6,6,93.1914272904396,437.2049903869629,0.6964734137058258,0.3786816,395.9761,151,4.180054000007658,41.010242,30.000004,60.59933900000033,0.5,0.5146909356117249,uniform,uniform,10,0.0,0.0,0.0,,
shared_id,2345,in_distribution,42,9.908233,0.6,8,6,6,131.81694120168686,412.371997833252,0.5624079704284668,0.5862175,648.1768,151,4.180054000007658,49.90823,39.999996,60.59933900000033,0.5,0.5146909356117249,uniform,uniform,10,0.0,0.0,0.0,,
shared_id,2345,in_distribution,43,9.500229,0.7,6,4,4,159.51221248933248,430.44382095336914,0.5729285478591919,0.6232539,627.9773,151,4.180054000007658,39.500225,29.999996,60.59933900000033,0.5,0.5146909356117249,uniform,uniform,10,0.0,0.0,0.0,,
shared_id,2345,in_distribution,44,11.207557,0.85,3,2,2,150.33332768608545,471.6416645050049,0.7300396651029587,0.4072926,365.96564,151,4.180054000007658,26.207554,14.999997,60.59933900000033,0.5,0.5146909356117249,uniform,uniform,10,0.0,0.0,0.0,,
shared_id,2345,in_distribution,45,8.955585,0.7,6,5,5,154.9505833217076,441.0235118865967,0.5774968057870865,0.6630026,628.22974,151,4.180054000007658,38.955585,30.0,60.59933900000033,0.5,0.5146909356117249,uniform,uniform,10,0.0,0.0,0.0,,
shared_id,2345,in_distribution,46,7.8091326,0.85,3,2,2,97.91996377355912,457.0206069946289,0.560914957523346,0.6452183,676.0641,151,4.180054000007658,22.809132,14.999999,60.59933900000033,0.5,0.5146909356117249,uniform,uniform,10,0.0,0.0,0.0,,
shared_id,2345,in_distribution,47,9.933285,0.7,6,3,3,197.35676995345528,439.89489555358887,0.57911197245121,0.6083665,624.00006,151,4.180054000007658,39.933285,30.0,60.59933900000033,0.5,0.5146909356117249,uniform,uniform,10,0.0,0.0,0.0,,
shared_id,2345,in_distribution,48,10.286879,0.85,3,2,2,149.20195572516496,431.337890625,0.6359786987304688,0.5962942,506.92102,151,4.180054000007658,25.286877,14.999998,60.59933900000033,0.5,0.5146909356117249,uniform,uniform,10,0.0,0.0,0.0,,
shared_id,2345,in_distribution,49,8.25247,0.75,5,2,2,178.05059218406677,449.7597885131836,0.5672520428895951,0.5803915,668.4303,151,4.180054000007658,33.252472,25.000002,60.59933900000033,0.5,0.5146909356117249,uniform,uniform,10,0.0,0.0,0.0,,
shared_id,2345,in_distribution,50,7.6485634,0.8,4,4,4,151.2755779735744,471.34546279907227,0.5076968908309937,0.75549877,792.5676,151,4.180054000007658,27.648563,20.0,60.59933900000033,0.5,0.5146909356117249,uniform,uniform,10,0.0,0.0,0.0,,
shared_id,2345,in_distribution,51,10.283912,0.7,6,4,4,129.3856703383582,473.899040222168,0.6746303677558899,0.5868275,474.60883,151,4.180054000007658,40.283916,30.000004,60.59933900000033,0.5,0.5146909356117249,uniform,uniform,10,0.0,0.0,0.0,,
shared_id,2345,in_distribution,52,11.852776,0.85,3,3,3,167.428941060515,479.6442890167236,0.7727998107671737,0.3400441,336.0,151,4.180054000007658,26.85278,15.000004,60.59933900000033,0.5,0.5146909356117249,uniform,uniform,10,0.0,0.0,0.0,,
shared_id,2345,in_distribution,53,9.436483,0.85,3,1,1,144.08584282678717,478.10648918151855,0.6519132047891617,0.57954985,522.4333,151,4.180054000007658,24.436481,14.999998,60.59933900000033,0.5,0.5146909356117249,uniform,uniform,10,0.0,0.0,0.0,,
shared_id,2345,in_distribution,54,9.51528,0.75,5,3,3,126.38238793611526,470.9474658966065,0.6294060826301575,0.58957916,560.1622,151,4.180054000007658,34.515278,24.999998,60.59933900000033,0.5,0.5146909356117249,uniform,uniform,10,0.0,0.0,0.0,,
shared_id,2345,in_distribution,55,10.050516,0.8,4,3,3,170.08982084691525,474.5624828338623,0.6636347651481629,0.5816931,505.6299,151,4.180054000007658,30.05052,20.000004,60.59933900000033,0.5,0.5146909356117249,uniform,uniform,10,0.0,0.0,0.0,,
shared_id,2345,in_distribution,56,12.483492,0.7,6,6,6,153.85737776756287,458.47394943237305,0.7153011441230774,0.40858063,384.0,151,4.180054000007658,42.483498,30.000006,60.59933900000033,0.5,0.5146909356117249,uniform,uniform,10,0.0,0.0,0.0,,
shared_id,2345,in_distribution,57,8.434038,0.75,5,4,4,152.25696921348572,455.2210521697998,0.5680338531732559,0.69623864,660.59625,151,4.180054000007658,33.434044,25.000006,60.59933900000033,0.5,0.5146909356117249,uniform,uniform,10,0.0,0.0,0.0,,
shared_id,2345,in_distribution,58,10.957589,0.75,5,4,4,126.01031678915024,476.2084007263184,0.6673554718494416,0.6096188,490.88608,151,4.180054000007658,35.95759,25.0,60.59933900000033,0.5,0.5146909356117249,uniform,uniform,10,0.0,0.0,0.0,,
shared_id,2345,in_distribution,59,11.949993,0.8,4,3,3,145.6151708588004,383.92115592956543,0.7135035991668701,0.39568964,358.07324,151,4.180054000007658,31.949993,20.0,60.59933900000033,0.5,0.5146909356117249,uniform,uniform,10,0.0,0.0,0.0,,
shared_id,2345,in_distribution,60,8.584095,0.65000004,7,7,7,132.46316286233755,470.5777359008789,0.5503807306289673,0.655883,709.84686,151,4.180054000007658,43.58409,34.999996,60.59933900000033,0.5,0.5146909356117249,uniform,uniform,10,0.0,0.0,0.0,,
shared_id,2345,in_distribution,61,11.426083,0.90000004,2,2,2,110.7630058626334,421.0085391998291,0.7367751598358154,0.20791303,313.39172,151,4.180054000007658,21.426086,10.000004,60.59933900000033,0.5,0.5146909356117249,uniform,uniform,10,0.0,0.0,0.0,,
shared_id,2345,in_distribution,62,8.345903,0.90000004,2,2,2,118.44764073689778,458.5050487518311,0.5963231056928635,0.6089098,627.4096,151,4.180054000007658,18.345905,10.000002,60.59933900000033,0.5,0.5146909356117249,uniform,uniform,10,0.0,0.0,0.0,,
shared_id,2345,in_distribution,63,9.043198,0.90000004,2,2,2,112.5094693650802,426.9329738616944,0.6219707131385803,0.6007248,533.8163,151,4.180054000007658,19.0432,10.000002,60.59933900000033,0.5,0.5146909356117249,uniform,uniform,10,0.0,0.0,0.0,,
shared_id,2345,in_distribution,64,11.800888,0.6,8,8,8,166.46998465061188,463.1657123565674,0.6747435420751572,0.5847261,463.65817,151,4.180054000007658,51.80089,40.000004,60.59933900000033,0.5,0.5146909356117249,uniform,uniform,10,0.0,0.0,0.0,,
shared_id,2345,in_distribution,65,10.234869,0.65000004,7,5,5,153.8113755446214,380.3986930847168,0.642589271068573,0.6271017,494.2288,151,4.180054000007658,45.234863,34.999992,60.59933900000033,0.5,0.5146909356117249,uniform,uniform,10,0.0,0.0,0.0,,
shared_id,2345,in_distribution,66,10.497165,0.7,6,4,4,129.1246079972812,450.04039764404297,0.6409031987190247,0.5785038,515.5065,151,4.180054000007658,40.497166,30.0,60.59933900000033,0.5,0.5146909356117249,uniform,uniform,10,0.0,0.0,0.0,,
shared_id,2345,in_distribution,67,11.0194,0.75,5,5,5,162.53480744361875,453.0151176452637,0.6700908482074738,0.58739686,462.44086,151,4.180054000007658,36.019398,24.999998,60.59933900000033,0.5,0.5146909356117249,uniform,uniform,10,0.0,0.0,0.0,,
shared_id,2345,in_distribution,68,10.544298,0.90000004,2,1,1,138.06835303703943,469.6612930297852,0.6946153283119202,0.5893407,432.0,151,4.180054000007658,20.544294,9.999996,60.59933900000033,0.5,0.5146909356117249,uniform,uniform,10,0.0,0.0,0.0,,
shared_id,2345,in_distribution,69,9.449454,0.8,4,4,4,123.6261923611164,394.4307231903076,0.6139246821403503,0.5775634,549.26465,151,4.180054000007658,29.449453,20.0,60.59933900000033,0.5,0.5146909356117249,uniform,uniform,10,0.0,0.0,0.0,,
shared_id,2345,in_distribution,70,9.576195,0.8,4,3,3,158.66565987467766,451.0678195953369,0.6239498734474183,0.60665137,551.4891,151,4.180054000007658,29.576195,20.0,60.59933900000033,0.5,0.5146909356117249,uniform,uniform,10,0.0,0.0,0.0,,
shared_id,2345,in_distribution,71,6.66313,0.4,12,12,12,184.09390032291407,464.2967319488525,0.3789219945669174,0.87781733,1032.7666,151,4.180054000007658,66.66313,60.0,60.59933900000033,0.5,0.5146909356117249,uniform,uniform,10,0.0,0.0,0.0,,
shared_id,2345,in_distribution,72,10.373888,0.7,6,5,5,126.17391279765538,397.86821365356445,0.6449904441833496,0.5886019,489.61847,151,4.180054000007658,40.373894,30.000006,60.59933900000033,0.5,0.5146909356117249,uniform,uniform,10,0.0,0.0,0.0,,
shared_id,2345,in_distribution,73,10.692646,0.65000004,7,7,7,140.86251359719498,446.4974212646485,0.6325507998466492,0.5806312,528.0,151,4.180054000007658,45.692654,35.000008,60.59933900000033,0.5,0.5146909356117249,uniform,uniform,10,0.0,0.0,0.0,,
shared_id,2345,in_distribution,74,10.607128,0.8,4,3,3,178.46881756559014,456.0452270507813,0.6741333484649659,0.5813073,471.28717,151,4.180054000007658,30.607134,20.000006,60.59933900000033,0.5,0.5146909356117249,uniform,uniform,10,0.0,0.0,0.0,,
shared_id,2345,in_distribution,75,8.292002,0.8,4,3,3,174.91609755903482,477.936429977417,0.5362676352262497,0.66998714,749.7999,151,4.180054000007658,28.292002,20.0,60.59933900000033,0.5,0.5146909356117249,uniform,uniform,10,0.0,0.0,0.0,,
shared_id,2345,in_distribution,76,9.7655945,0.85,3,2,2,170.54712590049294,441.8000793457031,0.622951889038086,0.5971163,541.7326,151,4.180054000007658,24.765596,15.000002,60.59933900000033,0.5,0.5146909356117249,uniform,uniform,10,0.0,0.0,0.0,,
shared_id,2345,in_distribution,77,7.3590097,0.7,6,4,4,177.40658244916372,397.9028034210205,0.4750000834465027,0.7620198,816.00006,151,4.180054000007658,37.359013,30.000004,60.59933900000033,0.5,0.5146909356117249,uniform,uniform,10,0.0,0.0,0.0,,
shared_id,2345,in_distribution,78,8.406591,0.85,3,2,2,169.9661479627385,467.84749031066895,0.5695351988077164,0.60806054,703.341,151,4.180054000007658,23.406595,15.000004,60.59933900000033,0.5,0.5146909356117249,uniform,uniform,10,0.0,0.0,0.0,,
shared_id,2345,in_distribution,79,7.7337093,0.85,3,2,2,147.0555265861399,455.2771282196045,0.539260271191597,0.6972145,720.6291,151,4.180054000007658,22.73371,15.0,60.59933900000033,0.5,0.5146909356117249,uniform,uniform,10,0.0,0.0,0.0,,
shared_id,2345,in_distribution,80,9.2675495,0.6,8,6,6,151.34778201580048,435.7723331451416,0.5195455044507981,0.69251615,734.2451,151,4.180054000007658,49.267548,40.0,60.59933900000033,0.5,0.5146909356117249,uniform,uniform,10,0.0,0.0,0.0,,
shared_id,2345,in_distribution,81,8.171418,0.75,5,4,4,122.43241024017334,432.6233768463135,0.5165692657232285,0.70444036,736.8105,151,4.180054000007658,33.171417,25.0,60.59933900000033,0.5,0.5146909356117249,uniform,uniform,10,0.0,0.0,0.0,,
shared_id,2345,in_distribution,82,9.768019,0.85,3,3,3,142.41775003426216,430.80116271972656,0.6177791357040405,0.5863628,541.86414,151,4.180054000007658,24.768019,15.0,60.59933900000033,0.5,0.5146909356117249,uniform,uniform,10,0.0,0.0,0.0,,
shared_id,2345,in_distribution,83,10.679655,0.90000004,2,2,2,130.3312904636065,479.5011806488037,0.7117013722658158,0.30783704,409.03455,151,4.180054000007658,20.679651,9.999996,60.59933900000033,0.5,0.5146909356117249,uniform,uniform,10,0.0,0.0,0.0,,
shared_id,2345,in_distribution,84,8.326275,0.65000004,7,7,7,133.82710218429563,477.94981956481934,0.5689334154129029,0.5978843,703.37256,151,4.180054000007658,43.32627,34.999996,60.59933900000033,0.5,0.5146909356117249,uniform,uniform,10,0.0,0.0,0.0,,
shared_id,2345,in_distribution,85,8.03182,0.7,6,5,5,178.77487746732575,452.012300491333,0.5391637176275254,0.711319,712.8181,151,4.180054000007658,38.031822,30.000002,60.59933900000033,0.5,0.5146909356117249,uniform,uniform,10,0.0,0.0,0.0,,
shared_id,2345,in_distribution,86,9.861409,0.8,4,2,2,192.8473486751318,479.111680984497,0.6552406281232834,0.59111744,544.3066,151,4.180054000007658,29.861406,19.999996,60.59933900000033,0.5,0.5146909356117249,uniform,uniform,10,0.0,0.0,0.0,,
shared_id,2345,in_distribution,87,10.649502,0.75,5,5,5,114.26690769195557,440.3070259094238,0.6634305059909821,0.60552657,462.52063,151,4.180054000007658,35.649506,25.000004,60.59933900000033,0.5,0.5146909356117249,uniform,uniform,10,0.0,0.0,0.0,,
shared_id,2345,in_distribution,88,9.403527,0.75,5,4,4,141.2165058851242,415.6461238861084,0.5840476155281067,0.5848848,606.62866,151,4.180054000007658,34.40353,25.000004,60.59933900000033,0.5,0.5146909356117249,uniform,uniform,10,0.0,0.0,0.0,,
shared_id,2345,in_distribution,89,7.4033985,0.85,3,2,2,126.25262807397282,420.23082733154297,0.5213520526885986,0.7222436,727.0042,151,4.180054000007658,22.4034,15.000002,60.59933900000033,0.5,0.5146909356117249,uniform,uniform,10,0.0,0.0,0.0,,
shared_id,2345,in_distribution,90,7.8211193,0.65000004,7,6,6,174.79147938581613,442.423152923584,0.5010420620441437,0.72648144,776.42255,151,4.180054000007658,42.821117,35.0,60.59933900000033,0.5,0.5146909356117249,uniform,uniform,10,0.0,0.0,0.0,,
shared_id,2345,in_distribution,91,9.778282,0.8,4,3,3,153.15635232254863,454.2453861236572,0.6790171951055527,0.50051063,446.5325,151,4.180054000007658,29.778284,20.000002,60.59933900000033,0.5,0.5146909356117249,uniform,uniform,10,0.0,0.0,0.0,,
shared_id,2345,in_distribution,92,11.034399,0.75,5,4,4,128.74037170410156,410.0132560729981,0.6523125171661377,0.5796173,475.56006,151,4.180054000007658,36.0344,25.000002,60.59933900000033,0.5,0.5146909356117249,uniform,uniform,10,0.0,0.0,0.0,,
shared_id,2345,in_distribution,93,4.862363,0.6,8,7,7,224.57953244447708,448.9680576324463,0.3515082091093063,0.9920311,1070.0725,151,4.180054000007658,44.862362,40.0,60.59933900000033,0.5,0.5146909356117249,uniform,uniform,10,0.0,0.0,0.0,,
shared_id,2345,in_distribution,94,12.142462,0.8,4,3,3,137.03985460102558,428.6603164672852,0.6915358304977417,0.4043555,400.25128,151,4.180054000007658,32.14246,19.999998,60.59933900000033,0.5,0.5146909356117249,uniform,uniform,10,0.0,0.0,0.0,,
shared_id,2345,in_distribution,95,7.921668,0.55,9,7,7,169.27504127675837,478.2999515533447,0.4914310455322265,0.88304996,866.8334,151,4.180054000007658,52.92167,45.0,60.59933900000033,0.5,0.5146909356117249,uniform,uniform,10,0.0,0.0,0.0,,
shared_id,2345,in_distribution,96,11.754021,0.65000004,7,6,6,169.5467852629148,450.8555316925049,0.679695138335228,0.5894178,441.84094,151,4.180054000007658,46.75402,35.0,60.59933900000033,0.5,0.5146909356117249,uniform,uniform,10,0.0,0.0,0.0,,
shared_id,2345,in_distribution,97,9.348534,0.8,4,2,2,113.77738136798143,461.865291595459,0.6113118469715119,0.609385,584.1467,151,4.180054000007658,29.34853,19.999996,60.59933900000033,0.5,0.5146909356117249,uniform,uniform,10,0.0,0.0,0.0,,
shared_id,2345,in_distribution,98,8.378773,0.8,4,3,3,164.04345989227295,454.4461154937744,0.5797224819660187,0.64947975,643.1227,151,4.180054000007658,28.37877,19.999998,60.59933900000033,0.5,0.5146909356117249,uniform,uniform,10,0.0,0.0,0.0,,
shared_id,2345,in_distribution,99,8.998453,0.7,6,5,5,137.34861041818343,402.1148300170898,0.534650444984436,0.632716,701.4713,151,4.180054000007658,38.99845,29.999998,60.59933900000033,0.5,0.5146909356117249,uniform,uniform,10,0.0,0.0,0.0,,
shared_id,3456,in_distribution,0,8.564518,0.8,4,3,3,170.9221339970827,451.46641731262207,0.587457486987114,0.6346466,619.5482,152,4.272088000011536,28.56452,20.000002,62.76645299999928,0.5,0.5146909356117249,uniform,uniform,10,0.0,0.0,0.0,,
shared_id,3456,in_distribution,1,7.2878647,0.8,4,3,3,142.31977354735136,476.4670658111572,0.5352427452802658,0.6686472,744.80115,152,4.272088000011536,27.28786,19.999996,62.76645299999928,0.5,0.5146909356117249,uniform,uniform,10,0.0,0.0,0.0,,
shared_id,3456,in_distribution,2,11.029804,0.75,5,5,5,139.57433938980105,360.8920669555664,0.6519713401794434,0.38542312,476.2152,152,4.272088000011536,36.029804,25.0,62.76645299999928,0.5,0.5146909356117249,uniform,uniform,10,0.0,0.0,0.0,,
shared_id,3456,in_distribution,3,9.8624,0.8,4,3,3,120.10590322315691,473.0349540710449,0.6340117990970612,0.59053326,551.7324,152,4.272088000011536,29.862398,19.999998,62.76645299999928,0.5,0.5146909356117249,uniform,uniform,10,0.0,0.0,0.0,,
shared_id,3456,in_distribution,4,9.142477,0.90000004,2,2,2,172.67577350139618,438.9509868621826,0.6028774172067642,0.6183789,577.4264,152,4.272088000011536,19.14248,10.000004,62.76645299999928,0.5,0.5146909356117249,uniform,uniform,10,0.0,0.0,0.0,,
shared_id,3456,in_distribution,5,8.281152,0.85,3,3,3,162.69730936078463,448.5048580169678,0.5835963279008866,0.6215052,624.00006,152,4.272088000011536,23.281153,15.000001,62.76645299999928,0.5,0.5146909356117249,uniform,uniform,10,0.0,0.0,0.0,,
shared_id,3456,in_distribution,6,11.563419,0.90000004,2,2,2,129.05710597833,429.70178604125977,0.7399662137031555,0.2503442,307.26492,152,4.272088000011536,21.56342,10.0,62.76645299999928,0.5,0.5146909356117249,uniform,uniform,10,0.0,0.0,0.0,,
shared_id,3456,in_distribution,7,9.8497505,0.8,4,1,1,153.5946424305439,435.6894207000733,0.6493044883012772,0.5820661,485.02487,152,4.272088000011536,29.849754,20.000004,62.76645299999928,0.5,0.5146909356117249,uniform,uniform,10,0.0,0.0,0.0,,
shared_id,3456,in_distribution,8,8.394625,0.8,4,3,3,164.5327354967594,442.52577781677246,0.5484313756227494,0.6413402,685.53766,152,4.272088000011536,28.394627,20.000002,62.76645299999928,0.5,0.5146909356117249,uniform,uniform,10,0.0,0.0,0.0,,
shared_id,3456,in_distribution,9,8.889532,0.8,4,2,2,155.15547405928373,420.0258922576904,0.568389892578125,0.6479207,636.69147,152,4.272088000011536,28.889534,20.000002,62.76645299999928,0.5,0.5146909356117249,uniform,uniform,10,0.0,0.0,0.0,,
shared_id,3456,in_distribution,10,10.078654,0.85,3,1,1,168.8761680617052,465.2938270568848,0.6532835304737091,0.5791106,506.98947,152,4.272088000011536,25.078653,14.999999,62.76645299999928,0.5,0.5146909356117249,uniform,uniform,10,0.0,0.0,0.0,,
shared_id,3456,in_distribution,11,10.875235,0.75,5,5,5,151.55171251296997,476.1500644683838,0.6435796111822129,0.3179671,536.4773,152,4.272088000011536,35.875237,25.000002,62.76645299999928,0.5,0.5146909356117249,uniform,uniform,10,0.0,0.0,0.0,,
shared_id,3456,in_distribution,12,8.080578,0.8,4,4,4,174.58648949861526,447.1490478515625,0.5328901648521424,0.71196467,720.00006,152,4.272088000011536,28.080578,20.0,62.76645299999928,0.5,0.5146909356117249,uniform,uniform,10,0.0,0.0,0.0,,
shared_id,3456,in_distribution,13,9.5539055,0.8,4,4,4,151.4895996451378,477.17811584472656,0.6433563470840454,0.5827265,537.9341,152,4.272088000011536,29.553905,20.0,62.76645299999928,0.5,0.5146909356117249,uniform,uniform,10,0.0,0.0,0.0,,
shared_id,3456,in_distribution,14,8.233883,0.8,4,3,3,150.5332513153553,420.192289352417,0.5771973133087158,0.5922456,619.78125,152,4.272088000011536,28.233885,20.000002,62.76645299999928,0.5,0.5146909356117249,uniform,uniform,10,0.0,0.0,0.0,,
shared_id,3456,in_distribution,15,7.704418,0.75,5,3,3,132.48102974891663,474.4193744659424,0.5220934838056565,0.71540207,768.00006,152,4.272088000011536,32.704414,24.999996,62.76645299999928,0.5,0.5146909356117249,uniform,uniform,10,0.0,0.0,0.0,,
shared_id,3456,in_distribution,16,9.003728,1.0,0,0,0,172.8114756345749,444.5749568939209,0.6565494924783707,0.38350344,480.0,152,4.272088000011536,9.00373,1.9073486e-06,62.76645299999928,0.5,0.5146909356117249,uniform,uniform,10,0.0,0.0,0.0,,
shared_id,3456,in_distribution,17,8.032562,0.90000004,2,2,2,180.3052488962809,460.3653717041016,0.565805184841156,0.6424818,678.7869,152,4.272088000011536,18.032558,9.999996,62.76645299999928,0.5,0.5146909356117249,uniform,uniform,10,0.0,0.0,0.0,,
shared_id,3456,in_distribution,18,11.725592,0.90000004,2,1,1,188.64747623602548,462.8994369506836,0.7655791759490966,0.3421102,336.0,152,4.272088000011536,21.725588,9.999996,62.76645299999928,0.5,0.5146909356117249,uniform,uniform,10,0.0,0.0,0.0,,
shared_id,3456,in_distribution,19,11.817802,0.7,6,6,6,122.7484308396067,457.2868251800537,0.6720170766115189,0.59847975,463.01413,152,4.272088000011536,41.817802,30.0,62.76645299999928,0.5,0.5146909356117249,uniform,uniform,10,0.0,0.0,0.0,,
shared_id,3456,in_distribution,20,8.717676,0.8,4,3,3,139.14407797157764,389.1721630096436,0.5830615758895874,0.6747322,608.52185,152,4.272088000011536,28.717678,20.000002,62.76645299999928,0.5,0.5146909356117249,uniform,uniform,10,0.0,0.0,0.0,,
shared_id,3456,in_distribution,21,10.618366,0.85,3,2,2,166.63615601904252,467.4693775177002,0.6781904578208924,0.6102213,465.16336,152,4.272088000011536,25.618366,15.0,62.76645299999928,0.5,0.5146909356117249,uniform,uniform,10,0.0,0.0,0.0,,
shared_id,3456,in_distribution,22,10.866266,0.7,6,5,5,129.16815851415907,424.932861328125,0.6384903192520142,0.3772457,502.09872,152,4.272088000011536,40.866264,29.999998,62.76645299999928,0.5,0.5146909356117249,uniform,uniform,10,0.0,0.0,0.0,,
shared_id,3456,in_distribution,23,6.267212,0.8,4,3,3,143.3576808124781,471.3769340515137,0.4677442193031311,0.8857933,869.8095,152,4.272088000011536,26.26721,19.999998,62.76645299999928,0.5,0.5146909356117249,uniform,uniform,10,0.0,0.0,0.0,,
shared_id,3456,in_distribution,24,8.784426,0.65000004,7,6,6,172.0500403184157,403.32069396972656,0.511210024356842,0.739299,746.47687,152,4.272088000011536,43.784424,35.0,62.76645299999928,0.5,0.5146909356117249,uniform,uniform,10,0.0,0.0,0.0,,
shared_id,3456,in_distribution,25,9.508175,0.6,8,8,8,139.49608981609344,384.4402885437012,0.5500000715255737,0.6266282,672.00006,152,4.272088000011536,49.50817,39.999996,62.76645299999928,0.5,0.5146909356117249,uniform,uniform,10,0.0,0.0,0.0,,
shared_id,3456,in_distribution,26,8.138379,0.65000004,7,7,7,124.74807693408086,444.8686695098877,0.4904779523611068,0.7105964,803.4132,152,4.272088000011536,43.138382,35.000004,62.76645299999928,0.5,0.5146909356117249,uniform,uniform,10,0.0,0.0,0.0,,
shared_id,3456,in_distribution,27,7.208103,0.75,5,5,5,126.12295031547546,470.3602981567383,0.4871842443943023,0.8590287,857.0492,152,4.272088000011536,32.208107,25.000004,62.76645299999928,0.5,0.5146909356117249,uniform,uniform,10,0.0,0.0,0.0,,
shared_id,3456,in_distribution,28,9.931543,0.8,4,2,2,158.3079456165433,467.2529411315918,0.626774126291275,0.5034783,559.8467,152,4.272088000011536,29.931545,20.000002,62.76645299999928,0.5,0.5146909356117249,uniform,uniform,10,0.0,0.0,0.0,,
shared_id,3456,in_distribution,29,11.292372,0.75,5,4,4,146.75532054901123,477.5350284576416,0.7019139707088471,0.5889746,436.55585,152,4.272088000011536,36.292374,25.000002,62.76645299999928,0.5,0.5146909356117249,uniform,uniform,10,0.0,0.0,0.0,,
shared_id,3456,in_distribution,30,10.230473,0.7,6,6,6,140.82351514271326,416.2249374389648,0.6663258671760559,0.58058196,448.65445,152,4.272088000011536,40.23047,29.999996,62.76645299999928,0.5,0.5146909356117249,uniform,uniform,10,0.0,0.0,0.0,,
shared_id,3456,in_distribution,31,11.716792,0.6,8,5,5,153.4558042883873,436.4759159088135,0.6667475193738938,0.60719323,452.3207,152,4.272088000011536,51.716793,40.0,62.76645299999928,0.5,0.5146909356117249,uniform,uniform,10,0.0,0.0,0.0,,
shared_id,3456,in_distribution,32,10.625661,0.85,3,3,3,157.03744979465708,405.3820610046387,0.6263080835342407,0.3900668,525.4886,152,4.272088000011536,25.625664,15.000003,62.76645299999928,0.5,0.5146909356117249,uniform,uniform,10,0.0,0.0,0.0,,
shared_id,3456,in_distribution,33,6.7373962,0.7,6,4,4,163.19987220423562,436.0613536834717,0.4842055827379227,0.67976826,802.3868,152,4.272088000011536,36.7374,30.000004,62.76645299999928,0.5,0.5146909356117249,uniform,uniform,10,0.0,0.0,0.0,,
shared_id,3456,in_distribution,34,10.211291,0.7,6,5,5,162.1441777263369,390.4207706451416,0.6045633554458618,0.58007735,567.2384,152,4.272088000011536,40.211292,30.0,62.76645299999928,0.5,0.5146909356117249,uniform,uniform,10,0.0,0.0,0.0,,
shared_id,3456,in_distribution,35,11.969999,0.75,5,5,5,140.92218160629272,477.1939945220947,0.7186510294675827,0.49063316,432.0,152,4.272088000011536,36.970005,25.000006,62.76645299999928,0.5,0.5146909356117249,uniform,uniform,10,0.0,0.0,0.0,,
shared_id,3456,in_distribution,36,6.9290247,0.85,3,3,3,139.75690873230204,452.2239303588867,0.5125658750534058,0.7627408,764.0976,152,4.272088000011536,21.929024,14.999999,62.76645299999928,0.5,0.5146909356117249,uniform,uniform,10,0.0,0.0,0.0,,
shared_id,3456,in_distribution,37,9.713669,0.8,4,4,4,130.5773974210024,419.8003578186035,0.6277953386306763,0.5972773,522.633,152,4.272088000011536,29.713669,20.0,62.76645299999928,0.5,0.5146909356117249,uniform,uniform,10,0.0,0.0,0.0,,
shared_id,3456,in_distribution,38,8.135101,0.75,5,4,4,150.55223274230957,461.58519744873047,0.5545900106430054,0.6670311,692.7725,152,4.272088000011536,33.135094,24.999992,62.76645299999928,0.5,0.5146909356117249,uniform,uniform,10,0.0,0.0,0.0,,
shared_id,3456,in_distribution,39,8.226845,0.65000004,7,7,7,154.20346581018887,440.7216167449951,0.5050808817148209,0.78242433,768.00006,152,4.272088000011536,43.226845,35.0,62.76645299999928,0.5,0.5146909356117249,uniform,uniform,10,0.0,0.0,0.0,,
shared_id,3456,in_distribution,40,9.568091,0.75,5,3,3,152.44519639015198,468.3384132385254,0.6336330115795136,0.58505327,547.7632,152,4.272088000011536,34.56809,24.999996,62.76645299999928,0.5,0.5146909356117249,uniform,uniform,10,0.0,0.0,0.0,,
shared_id,3456,in_distribution,41,8.40997,0.7,6,5,5,134.38440084457395,425.44206619262695,0.5909464955329895,0.57787853,593.3829,152,4.272088000011536,38.409973,30.000004,62.76645299999928,0.5,0.5146909356117249,uniform,uniform,10,0.0,0.0,0.0,,
shared_id,3456,in_distribution,42,9.094233,0.75,5,3,3,183.22675371170044,459.34770584106445,0.5747110784053803,0.63269097,651.9026,152,4.272088000011536,34.09423,24.999998,62.76645299999928,0.5,0.5146909356117249,uniform,uniform,10,0.0,0.0,0.0,,
shared_id,3456,in_distribution,43,11.101623,0.75,5,3,3,159.84159576892853,445.3751850128174,0.6834573328495026,0.58767086,432.0,152,4.272088000011536,36.101616,24.999992,62.76645299999928,0.5,0.5146909356117249,uniform,uniform,10,0.0,0.0,0.0,,
shared_id,3456,in_distribution,44,7.5297184,0.65000004,7,6,6,122.77835589188795,430.77378273010254,0.5172203183174133,0.64130723,734.93713,152,4.272088000011536,42.529716,35.0,62.76645299999928,0.5,0.5146909356117249,uniform,uniform,10,0.0,0.0,0.0,,
shared_id,3456,in_distribution,45,9.121572,0.7,6,5,5,152.61050258363997,416.5003967285156,0.608936071395874,0.5845558,558.8429,152,4.272088000011536,39.121574,30.000004,62.76645299999928,0.5,0.5146909356117249,uniform,uniform,10,0.0,0.0,0.0,,
shared_id,3456,in_distribution,46,12.094759,0.85,3,2,2,124.76269104901482,410.949182510376,0.7361788749694824,0.3890379,314.53668,152,4.272088000011536,27.094757,14.999998,62.76645299999928,0.5,0.5146909356117249,uniform,uniform,10,0.0,0.0,0.0,,
shared_id,3456,in_distribution,47,8.615584,0.75,5,2,2,157.64260411262512,442.29260444641113,0.5303607672452927,0.67940736,720.00006,152,4.272088000011536,33.615585,25.0,62.76645299999928,0.5,0.5146909356117249,uniform,uniform,10,0.0,0.0,0.0,,
shared_id,3456,in_distribution,48,8.584138,0.85,3,2,2,163.31325636190527,421.900577545166,0.5488132834434509,0.66787845,674.2787,152,4.272088000011536,23.584139,15.000001,62.76645299999928,0.5,0.5146909356117249,uniform,uniform,10,0.0,0.0,0.0,,
shared_id,3456,in_distribution,49,7.933233,0.75,5,2,2,182.786386013031,443.79435539245605,0.5290131896734238,0.67326266,735.38416,152,4.272088000011536,32.93323,24.999998,62.76645299999928,0.5,0.5146909356117249,uniform,uniform,10,0.0,0.0,0.0,,
shared_id,3456,in_distribution,50,7.195116,0.75,5,5,5,117.16864567995071,460.6903266906738,0.5049165964126587,0.7873965,807.9104,152,4.272088000011536,32.195114,24.999998,62.76645299999928,0.5,0.5146909356117249,uniform,uniform,10,0.0,0.0,0.0,,
shared_id,3456,in_distribution,51,8.941614,0.8,4,2,2,154.8043803870678,426.80577278137207,0.5820012092590332,0.58707064,610.55786,152,4.272088000011536,28.941618,20.000004,62.76645299999928,0.5,0.5146909356117249,uniform,uniform,10,0.0,0.0,0.0,,
shared_id,3456,in_distribution,52,10.200962,0.90000004,2,2,2,132.49076356490454,462.1424102783203,0.6787168025970459,0.20250696,455.0062,152,4.272088000011536,20.200966,10.000004,62.76645299999928,0.5,0.5146909356117249,uniform,uniform,10,0.0,0.0,0.0,,
shared_id,3456,in_distribution,53,8.119927,0.75,5,3,3,139.90565657615662,464.39300537109375,0.58040931224823,0.62496895,646.00714,152,4.272088000011536,33.119926,25.0,62.76645299999928,0.5,0.5146909356117249,uniform,uniform,10,0.0,0.0,0.0,,
shared_id,3456,in_distribution,54,8.960177,0.7,6,2,2,108.22608903050424,433.6742305755615,0.5835045367479325,0.57866186,609.3456,152,4.272088000011536,38.96018,30.0,62.76645299999928,0.5,0.5146909356117249,uniform,uniform,10,0.0,0.0,0.0,,
shared_id,3456,in_distribution,55,10.432745,0.8,4,3,3,191.40832006931305,462.37515449523926,0.6865403383970261,0.5890876,463.82422,152,4.272088000011536,30.432747,20.000002,62.76645299999928,0.5,0.5146909356117249,uniform,uniform,10,0.0,0.0,0.0,,
shared_id,3456,in_distribution,56,10.209999,0.90000004,2,2,2,168.129523396492,470.11985778808594,0.6959663093090057,0.42462078,527.99994,152,4.272088000011536,20.21,10.0,62.76645299999928,0.5,0.5146909356117249,uniform,uniform,10,0.0,0.0,0.0,,
shared_id,3456,in_distribution,57,9.248417,0.75,5,4,4,119.4973326921463,456.6035556793213,0.5842453926801682,0.63241106,630.85254,152,4.272088000011536,34.248413,24.999996,62.76645299999928,0.5,0.5146909356117249,uniform,uniform,10,0.0,0.0,0.0,,
shared_id,3456,in_distribution,58,12.178308,0.85,3,2,2,113.72120908078026,412.93673515319824,0.7399386763572693,0.27555087,307.3178,152,4.272088000011536,27.178307,14.999999,62.76645299999928,0.5,0.5146909356117249,uniform,uniform,10,0.0,0.0,0.0,,
shared_id,3456,in_distribution,59,9.918765,0.90000004,2,1,1,173.4507472316424,443.6328506469727,0.6310588359832764,0.42659295,527.99994,152,4.272088000011536,19.918768,10.000003,62.76645299999928,0.5,0.5146909356117249,uniform,uniform,10,0.0,0.0,0.0,,
shared_id,3456,in_distribution,60,7.9644566,0.75,5,5,5,121.6088354587555,454.9061393737793,0.5244827598333359,0.69087285,752.8813,152,4.272088000011536,32.96446,25.000002,62.76645299999928,0.5,0.5146909356117249,uniform,uniform,10,0.0,0.0,0.0,,
shared_id,3456,in_distribution,61,10.156165,0.8,4,4,4,102.01406233012676,435.7544803619385,0.679359981417656,0.23710276,427.38348,152,4.272088000011536,30.15616,19.999996,62.76645299999928,0.5,0.5146909356117249,uniform,uniform,10,0.0,0.0,0.0,,
shared_id,3456,in_distribution,62,8.532474,0.7,6,6,6,120.29639246208328,478.7895584106445,0.570989453792572,0.58447427,678.48987,152,4.272088000011536,38.532467,29.999992,62.76645299999928,0.5,0.5146909356117249,uniform,uniform,10,0.0,0.0,0.0,,
shared_id,3456,in_distribution,63,8.900313,0.75,5,5,5,170.64118218421936,437.50611305236816,0.5868787348270417,0.65530246,609.4313,152,4.272088000011536,33.900314,25.0,62.76645299999928,0.5,0.5146909356117249,uniform,uniform,10,0.0,0.0,0.0,,
shared_id,3456,in_distribution,64,7.8760033,0.75,5,5,5,148.92069458961487,416.133041381836,0.5086832046508789,0.7710722,751.3284,152,4.272088000011536,32.876003,25.0,62.76645299999928,0.5,0.5146909356117249,uniform,uniform,10,0.0,0.0,0.0,,
shared_id,3456,in_distribution,65,8.01086,0.7,6,4,4,133.08328756264277,474.6784973144531,0.5222284436225891,0.7620698,768.00006,152,4.272088000011536,38.01086,30.0,62.76645299999928,0.5,0.5146909356117249,uniform,uniform,10,0.0,0.0,0.0,,
shared_id,3456,in_distribution,66,8.803639,0.6,8,6,6,134.19487610459328,342.04833984375,0.5523306131362915,0.5936854,667.5253,152,4.272088000011536,48.803642,40.000004,62.76645299999928,0.5,0.5146909356117249,uniform,uniform,10,0.0,0.0,0.0,,
shared_id,3456,in_distribution,67,7.7762356,0.7,6,6,6,136.1223347910813,470.2227687835693,0.517107555270195,0.6778559,773.3764,152,4.272088000011536,37.776234,29.999998,62.76645299999928,0.5,0.5146909356117249,uniform,uniform,10,0.0,0.0,0.0,,
shared_id,3456,in_distribution,68,9.592574,0.8,4,3,3,172.31339614838362,443.8905143737793,0.5811930239200592,0.6122126,624.00006,152,4.272088000011536,29.592575,20.0,62.76645299999928,0.5,0.5146909356117249,uniform,uniform,10,0.0,0.0,0.0,,
shared_id,3456,in_distribution,69,10.06304,0.8,4,4,4,125.75508423149586,394.4307231903076,0.6533594131469727,0.57771385,473.54996,152,4.272088000011536,30.063042,20.000002,62.76645299999928,0.5,0.5146909356117249,uniform,uniform,10,0.0,0.0,0.0,,
shared_id,3456,in_distribution,70,6.4039297,0.7,6,5,5,117.81386081661496,398.4017086029053,0.4174671769142151,0.9041917,926.46326,152,4.272088000011536,36.40393,30.0,62.76645299999928,0.5,0.5146909356117249,uniform,uniform,10,0.0,0.0,0.0,,
shared_id,3456,in_distribution,71,6.639947,0.65000004,7,7,7,139.27901029586792,476.7422676086426,0.4529643923044204,0.938698,975.4591,152,4.272088000011536,41.63995,35.000004,62.76645299999928,0.5,0.5146909356117249,uniform,uniform,10,0.0,0.0,0.0,,
shared_id,3456,in_distribution,72,11.159616,0.8,4,3,3,111.86163380742072,459.5851707458496,0.6790549695491791,0.38554776,451.79974,152,4.272088000011536,31.159616,20.0,62.76645299999928,0.5,0.5146909356117249,uniform,uniform,10,0.0,0.0,0.0,,
shared_id,3456,in_distribution,73,9.957857,0.75,5,5,5,131.27230614423752,406.77040100097656,0.5978051424026489,0.57924676,580.2142,152,4.272088000011536,34.957855,24.999998,62.76645299999928,0.5,0.5146909356117249,uniform,uniform,10,0.0,0.0,0.0,,
shared_id,3456,in_distribution,74,9.785734,0.7,6,5,5,148.99130184735571,456.0452270507813,0.6099568635225296,0.58933467,588.5683,152,4.272088000011536,39.785736,30.000002,62.76645299999928,0.5,0.5146909356117249,uniform,uniform,10,0.0,0.0,0.0,,
shared_id,3456,in_distribution,75,8.449396,0.65000004,7,6,6,181.58119907745947,437.3113059997559,0.5070446610450745,0.7579429,761.2886,152,4.272088000011536,43.449398,35.0,62.76645299999928,0.5,0.5146909356117249,uniform,uniform,10,0.0,0.0,0.0,,
shared_id,3456,in_distribution,76,9.219276,0.85,3,2,2,156.86102250043083,439.42952156066895,0.6118457049131394,0.58573514,561.37805,152,4.272088000011536,24.219276,15.0,62.76645299999928,0.5,0.5146909356117249,uniform,uniform,10,0.0,0.0,0.0,,
shared_id,3456,in_distribution,77,9.096781,0.7,6,4,4,171.2334446821894,378.577766418457,0.5631746649742126,0.57939315,646.70483,152,4.272088000011536,39.09678,29.999998,62.76645299999928,0.5,0.5146909356117249,uniform,uniform,10,0.0,0.0,0.0,,
shared_id,3456,in_distribution,78,9.815379,0.8,4,3,3,139.84319005161524,464.9448966979981,0.6171588838100434,0.5367848,575.99994,152,4.272088000011536,29.815384,20.000004,62.76645299999928,0.5,0.5146909356117249,uniform,uniform,10,0.0,0.0,0.0,,
shared_id,3456,in_distribution,79,9.909866,0.75,5,4,4,130.4745522737503,444.5890331268311,0.6034248858690262,0.5890715,582.01337,152,4.272088000011536,34.909866,25.0,62.76645299999928,0.5,0.5146909356117249,uniform,uniform,10,0.0,0.0,0.0,,
shared_id,3456,in_distribution,80,11.008387,0.75,5,3,3,143.5746738910675,444.05957221984863,0.6812810987234116,0.6031132,432.0,152,4.272088000011536,36.008392,25.000006,62.76645299999928,0.5,0.5146909356117249,uniform,uniform,10,0.0,0.0,0.0,,
shared_id,3456,in_distribution,81,7.2464275,0.7,6,5,5,135.72711825370789,444.83033180236816,0.4642026603221893,0.7951836,857.35736,152,4.272088000011536,37.24643,30.000002,62.76645299999928,0.5,0.5146909356117249,uniform,uniform,10,0.0,0.0,0.0,,
shared_id,3456,in_distribution,82,8.2803,0.90000004,2,2,2,170.73738674322763,477.2135639190674,0.5994822710752488,0.6841906,644.9701,152,4.272088000011536,18.280302,10.000002,62.76645299999928,0.5,0.5146909356117249,uniform,uniform,10,0.0,0.0,0.0,,
shared_id,3456,in_distribution,83,10.186829,0.85,3,3,3,137.9731620059294,383.93391609191895,0.6805639863014221,0.34522298,421.31723,152,4.272088000011536,25.186829,15.0,62.76645299999928,0.5,0.5146909356117249,uniform,uniform,10,0.0,0.0,0.0,,
shared_id,3456,in_distribution,84,7.583637,0.8,4,4,4,122.92884620837869,463.7480163574219,0.5463370323181153,0.67818487,710.7811,152,4.272088000011536,27.583637,20.0,62.76645299999928,0.5,0.5146909356117249,uniform,uniform,10,0.0,0.0,0.0,,
shared_id,3456,in_distribution,85,8.997098,0.75,5,4,4,157.0806400179863,422.8043460845947,0.5551879405975342,0.6414345,662.0393,152,4.272088000011536,33.997093,24.999996,62.76645299999928,0.5,0.5146909356117249,uniform,uniform,10,0.0,0.0,0.0,,
shared_id,3456,in_distribution,86,11.408403,0.65000004,7,5,5,170.40896140612088,436.631212234497,0.6753693908452988,0.5803358,435.9221,152,4.272088000011536,46.408405,35.0,62.76645299999928,0.5,0.5146909356117249,uniform,uniform,10,0.0,0.0,0.0,,
shared_id,3456,in_distribution,87,10.13208,0.7,6,6,6,130.78216399465288,452.3226356506348,0.6599242627620697,0.6220356,481.26813,152,4.272088000011536,40.132088,30.000008,62.76645299999928,0.5,0.5146909356117249,uniform,uniform,10,0.0,0.0,0.0,,
shared_id,3456,in_distribution,88,8.462893,0.6,8,7,7,152.88565501570702,472.6542663574219,0.5533501088619233,0.7567038,743.2532,152,4.272088000011536,48.46289,40.0,62.76645299999928,0.5,0.5146909356117249,uniform,uniform,10,0.0,0.0,0.0,,
shared_id,3456,in_distribution,89,7.2136097,0.85,3,2,2,131.27821494551267,468.4916496276856,0.543108993768692,0.68809456,721.72253,152,4.272088000011536,22.213608,14.999998,62.76645299999928,0.5,0.5146909356117249,uniform,uniform,10,0.0,0.0,0.0,,
shared_id,3456,in_distribution,90,8.515631,0.65000004,7,6,6,174.44547139681302,450.5170440673828,0.5430030852556229,0.75634,720.00006,152,4.272088000011536,43.51562,34.999992,62.76645299999928,0.5,0.5146909356117249,uniform,uniform,10,0.0,0.0,0.0,,
shared_id,3456,in_distribution,91,11.373426,0.8,4,3,3,183.89509616419676,461.2855339050293,0.7371966183185578,0.41438904,341.8681,152,4.272088000011536,31.373426,20.0,62.76645299999928,0.5,0.5146909356117249,uniform,uniform,10,0.0,0.0,0.0,,
shared_id,3456,in_distribution,92,10.4800005,0.90000004,2,1,1,167.65852650006613,478.8526439666748,0.6954779505729676,0.5836014,480.0,152,4.272088000011536,20.480001,10.000001,62.76645299999928,0.5,0.5146909356117249,uniform,uniform,10,0.0,0.0,0.0,,
shared_id,3456,in_distribution,93,5.7196054,0.55,9,8,8,168.6423910747875,429.6132946014404,0.3816772699356079,1.021361,995.1798,152,4.272088000011536,50.71961,45.000004,62.76645299999928,0.5,0.5146909356117249,uniform,uniform,10,0.0,0.0,0.0,,
shared_id,3456,in_distribution,94,9.906771,0.90000004,2,1,1,141.1298350493113,443.8772392272949,0.6565483242273331,0.41231692,487.32297,152,4.272088000011536,19.906775,10.000004,62.76645299999928,0.5,0.5146909356117249,uniform,uniform,10,0.0,0.0,0.0,,
shared_id,3456,in_distribution,95,10.048948,0.75,5,3,3,138.80541133880615,463.8509273529053,0.645134249329567,0.5774752,521.1934,152,4.272088000011536,35.04895,25.000002,62.76645299999928,0.5,0.5146909356117249,uniform,uniform,10,0.0,0.0,0.0,,
shared_id,3456,in_distribution,96,10.184496,0.7,6,5,5,164.85356748104095,473.031177520752,0.5963704526424408,0.5074514,624.00006,152,4.272088000011536,40.184494,29.999998,62.76645299999928,0.5,0.5146909356117249,uniform,uniform,10,0.0,0.0,0.0,,
shared_id,3456,in_distribution,97,9.511492,0.85,3,1,1,131.56196646830614,438.23089599609375,0.6228719592094422,0.58368295,538.3168,152,4.272088000011536,24.51149,14.999998,62.76645299999928,0.5,0.5146909356117249,uniform,uniform,10,0.0,0.0,0.0,,
shared_id,3456,in_distribution,98,10.272432,0.7,6,5,5,184.7784041506904,457.91690826416016,0.6449928015470505,0.59371454,527.99994,152,4.272088000011536,40.272434,30.000002,62.76645299999928,0.5,0.5146909356117249,uniform,uniform,10,0.0,0.0,0.0,,
shared_id,3456,in_distribution,99,11.243955,0.75,5,4,4,192.62003135681152,438.0821514129639,0.6781678587198258,0.6056499,432.0,152,4.272088000011536,36.243958,25.000004,62.76645299999928,0.5,0.5146909356117249,uniform,uniform,10,0.0,0.0,0.0,,
centralized,1234,in_distribution,0,14.507921,0.85,3,2,2,86.96263116948745,420.3115081787109,0.8558825254440308,0.02527754,84.70573,139,1.2922239999852536,29.507923,15.000002,59.76257900000292,0.5,0.5146909356117249,uniform,uniform,10,0.0,0.0,0.0,,
centralized,1234,in_distribution,1,13.107071,0.85,3,2,2,80.1972109079361,473.2393169403076,0.7822798222303391,0.17228286,275.2929,139,1.2922239999852536,28.10707,15.0,59.76257900000292,0.5,0.5146909356117249,uniform,uniform,10,0.0,0.0,0.0,,
centralized,1234,in_distribution,2,15.724929,0.85,3,3,3,79.80415105819702,442.63306617736816,0.8860030859708786,0.02789328,37.50718,139,1.2922239999852536,30.724936,15.000007,59.76257900000292,0.5,0.5146909356117249,uniform,uniform,10,0.0,0.0,0.0,,
centralized,1234,in_distribution,3,14.626358,0.75,5,4,4,153.87211680412292,453.31028938293457,0.8520663261413575,0.11544614,116.40901,139,1.2922239999852536,39.626358,25.0,59.76257900000292,0.5,0.5146909356117249,uniform,uniform,10,0.0,0.0,0.0,,
centralized,1234,in_distribution,4,13.040237,0.95,1,1,1,106.46479819950304,460.5501079559326,0.8459113627672196,0.122322984,132.40038,139,1.2922239999852536,18.040237,5.0,59.76257900000292,0.5,0.5146909356117249,uniform,uniform,10,0.0,0.0,0.0,,
centralized,1234,in_distribution,5,15.002918,0.85,3,3,3,128.73963107081022,468.4837532043457,0.8966391026973725,0.050218966,42.93685,139,1.2922239999852536,30.00292,15.000002,59.76257900000292,0.5,0.5146909356117249,uniform,uniform,10,0.0,0.0,0.0,,
centralized,1234,in_distribution,6,13.420696,0.95,1,1,1,168.8112755825645,460.2058124542236,0.8893394559621811,0.11478232,48.67415,139,1.2922239999852536,18.420696,5.0,59.76257900000292,0.5,0.5146909356117249,uniform,uniform,10,0.0,0.0,0.0,,
centralized,1234,in_distribution,7,14.459084,0.75,5,2,2,111.9719613790512,453.64394187927246,0.8351835399866104,0.11048662,146.09163,139,1.2922239999852536,39.45908,24.999996,59.76257900000292,0.5,0.5146909356117249,uniform,uniform,10,0.0,0.0,0.0,,
centralized,1234,in_distribution,8,14.677851,0.8,4,3,3,83.05687442421913,471.2746238708496,0.8827862679958344,0.052375246,72.32519,139,1.2922239999852536,34.677853,20.000002,59.76257900000292,0.5,0.5146909356117249,uniform,uniform,10,0.0,0.0,0.0,,
centralized,1234,in_distribution,9,12.278017,0.85,3,1,1,101.52315958457837,439.59574699401855,0.7605240732431412,0.10166578,275.38965,139,1.2922239999852536,27.278017,15.0,59.76257900000292,0.5,0.5146909356117249,uniform,uniform,10,0.0,0.0,0.0,,
centralized,1234,in_distribution,10,13.02441,0.8,4,2,2,76.10915791243315,369.20268058776855,0.7882505655288696,0.0889863,214.5591,139,1.2922239999852536,33.024406,19.999996,59.76257900000292,0.5,0.5146909356117249,uniform,uniform,10,0.0,0.0,0.0,,
centralized,1234,in_distribution,11,15.271498,0.85,3,3,3,102.09313525873073,476.1500644683838,0.9092059850692747,0.057366703,88.34052,139,1.2922239999852536,30.2715,15.000002,59.76257900000292,0.5,0.5146909356117249,uniform,uniform,10,0.0,0.0,0.0,,
centralized,1234,in_distribution,12,11.563117,0.90000004,2,2,2,111.38498971859616,473.3763885498047,0.7658847451210022,0.25105053,302.76935,139,1.2922239999852536,21.563116,9.999999,59.76257900000292,0.5,0.5146909356117249,uniform,uniform,10,0.0,0.0,0.0,,
centralized,1234,in_distribution,13,11.929135,0.85,3,3,3,102.86446725620942,414.3889045715332,0.7221956849098206,0.063662626,341.38422,139,1.2922239999852536,26.929134,14.999999,59.76257900000292,0.5,0.5146909356117249,uniform,uniform,10,0.0,0.0,0.0,,
centralized,1234,in_distribution,14,12.583052,0.90000004,2,1,1,88.22854901353519,476.7245864868164,0.8244787096977234,0.09020069,189.72562,139,1.2922239999852536,22.583055,10.000004,59.76257900000292,0.5,0.5146909356117249,uniform,uniform,10,0.0,0.0,0.0,,
centralized,1234,in_distribution,15,13.701597,0.75,5,3,3,94.99109649658205,453.57069969177246,0.8035566002130509,0.09212762,206.74213,139,1.2922239999852536,38.7016,25.000002,59.76257900000292,0.5,0.5146909356117249,uniform,uniform,10,0.0,0.0,0.0,,
centralized,1234,in_distribution,16,11.316286,0.95,1,1,1,69.96961534023285,445.0438499450684,0.7894127905368805,0.07897186,225.37135,139,1.2922239999852536,16.316284,4.999998,59.76257900000292,0.5,0.5146909356117249,uniform,uniform,10,0.0,0.0,0.0,,
centralized,1234,in_distribution,17,14.319538,0.95,1,1,1,106.31484149317993,448.68733406066895,0.890959033370018,0.045234002,34.046173,139,1.2922239999852536,19.319538,5.0,59.76257900000292,0.5,0.5146909356117249,uniform,uniform,10,0.0,0.0,0.0,,
centralized,1234,in_distribution,18,12.937578,0.85,3,2,2,90.0315962118261,394.1447639465332,0.7888565063476562,0.12495063,213.39569,139,1.2922239999852536,27.937578,15.0,59.76257900000292,0.5,0.5146909356117249,uniform,uniform,10,0.0,0.0,0.0,,
centralized,1234,in_distribution,19,13.158506,0.95,1,1,1,120.64743236491556,475.8540058135986,0.8113425642251968,0.14947775,252.72322,139,1.2922239999852536,18.158508,5.000002,59.76257900000292,0.5,0.5146909356117249,uniform,uniform,10,0.0,0.0,0.0,,
centralized,1234,in_distribution,20,15.516165,0.8,4,3,3,84.48255255818367,413.30881118774414,0.8805294036865234,0.07701415,37.383633,139,1.2922239999852536,35.516174,20.00001,59.76257900000292,0.5,0.5146909356117249,uniform,uniform,10,0.0,0.0,0.0,,
centralized,1234,in_distribution,21,10.852529,0.95,1,0,0,112.1959537267685,474.4649505615234,0.7333727747201919,0.14453869,410.69843,139,1.2922239999852536,15.852523,4.9999943,59.76257900000292,0.5,0.5146909356117249,uniform,uniform,10,0.0,0.0,0.0,,
centralized,1234,in_distribution,22,15.593729,0.85,3,2,2,94.20490107115576,467.3381137847901,0.9339206248521804,0.041053522,0.0,139,1.2922239999852536,30.59373,15.000002,59.76257900000292,0.5,0.5146909356117249,uniform,uniform,10,0.0,0.0,0.0,,
centralized,1234,in_distribution,23,14.538854,0.8,4,3,3,82.35574197024107,463.02881240844727,0.8614136517047882,0.09397218,105.11472,139,1.2922239999852536,34.53885,19.999996,59.76257900000292,0.5,0.5146909356117249,uniform,uniform,10,0.0,0.0,0.0,,
centralized,1234,in_distribution,24,15.602407,0.75,5,4,4,106.18296265602112,466.3515472412109,0.9010472536087036,0.07225013,32.34092,139,1.2922239999852536,40.60241,25.000002,59.76257900000292,0.5,0.5146909356117249,uniform,uniform,10,0.0,0.0,0.0,,
centralized,1234,in_distribution,25,13.332033,0.85,3,3,3,82.92809181353626,400.4823017120361,0.7767909169197083,0.061522022,236.5615,139,1.2922239999852536,28.332031,14.999998,59.76257900000292,0.5,0.5146909356117249,uniform,uniform,10,0.0,0.0,0.0,,
centralized,1234,in_distribution,26,13.637604,0.95,1,1,1,89.24219953386407,475.8987236022949,0.8479558497667312,0.064973086,162.8722,139,1.2922239999852536,18.637602,4.999998,59.76257900000292,0.5,0.5146909356117249,uniform,uniform,10,0.0,0.0,0.0,,
centralized,1234,in_distribution,27,15.359548,0.8,4,4,4,96.36787578463554,463.264274597168,0.8815778374671936,0.06380574,71.06766,139,1.2922239999852536,35.359547,20.0,59.76257900000292,0.5,0.5146909356117249,uniform,uniform,10,0.0,0.0,0.0,,
centralized,1234,in_distribution,28,16.186575,0.75,5,3,3,114.84733521938324,460.9523105621338,0.9132825165987016,0.03987555,9.866158,139,1.2922239999852536,41.18657,24.999994,59.76257900000292,0.5,0.5146909356117249,uniform,uniform,10,0.0,0.0,0.0,,
centralized,1234,in_distribution,29,11.149149,0.90000004,2,1,1,106.26139918963116,477.5350284576416,0.7218558073043824,0.22790086,389.2584,139,1.2922239999852536,21.149149,10.0,59.76257900000292,0.5,0.5146909356117249,uniform,uniform,10,0.0,0.0,0.0,,
centralized,1234,in_distribution,30,14.434131,0.8,4,4,4,113.8713736832142,447.5643825531006,0.8625918418169022,0.053243004,87.38826,139,1.2922239999852536,34.434128,19.999996,59.76257900000292,0.5,0.5146909356117249,uniform,uniform,10,0.0,0.0,0.0,,
centralized,1234,in_distribution,31,10.219762,0.65000004,7,4,4,116.88570774518529,479.49628829956055,0.6413412421941758,0.3062355,571.0238,139,1.2922239999852536,45.219757,34.999996,59.76257900000292,0.5,0.5146909356117249,uniform,uniform,10,0.0,0.0,0.0,,
centralized,1234,in_distribution,32,14.541292,0.85,3,3,3,105.50360146690818,381.1362934112549,0.8164862990379333,0.12897722,160.34644,139,1.2922239999852536,29.54129,14.999998,59.76257900000292,0.5,0.5146909356117249,uniform,uniform,10,0.0,0.0,0.0,,
centralized,1234,in_distribution,33,11.372503,0.90000004,2,0,0,110.0737734635671,369.66997146606445,0.8001304864883423,0.111757435,191.74959,139,1.2922239999852536,21.372505,10.000002,59.76257900000292,0.5,0.5146909356117249,uniform,uniform,10,0.0,0.0,0.0,,
centralized,1234,in_distribution,34,14.396332,0.85,3,2,2,95.89694683166113,473.0631923675537,0.8691633731126786,0.071103446,100.2697,139,1.2922239999852536,29.396334,15.000002,59.76257900000292,0.5,0.5146909356117249,uniform,uniform,10,0.0,0.0,0.0,,
centralized,1234,in_distribution,35,11.225199,0.8,4,4,4,108.02882730960846,411.39601707458496,0.7055688500404358,0.28813726,373.3079,139,1.2922239999852536,31.2252,20.000002,59.76257900000292,0.5,0.5146909356117249,uniform,uniform,10,0.0,0.0,0.0,,
centralized,1234,in_distribution,36,15.363262,0.90000004,2,2,2,148.61534734567007,471.91981315612793,0.9188891530036928,0.03644028,10.265917,139,1.2922239999852536,25.363262,10.0,59.76257900000292,0.5,0.5146909356117249,uniform,uniform,10,0.0,0.0,0.0,,
centralized,1234,in_distribution,37,11.699776,0.90000004,2,2,2,108.58707169691722,460.4014492034912,0.7228568375110627,0.31059495,373.8883,139,1.2922239999852536,21.699774,9.999998,59.76257900000292,0.5,0.5146909356117249,uniform,uniform,10,0.0,0.0,0.0,,
centralized,1234,in_distribution,38,15.102425,0.8,4,3,3,115.4494033008814,456.2973117828369,0.8779009073972702,0.059406552,66.727715,139,1.2922239999852536,35.102425,20.0,59.76257900000292,0.5,0.5146909356117249,uniform,uniform,10,0.0,0.0,0.0,,
centralized,1234,in_distribution,39,11.733965,0.8,4,4,4,84.65831022709608,434.5059299468994,0.6926135510206223,0.13788094,400.68793,139,1.2922239999852536,31.733967,20.000002,59.76257900000292,0.5,0.5146909356117249,uniform,uniform,10,0.0,0.0,0.0,,
centralized,1234,in_distribution,40,9.2181225,0.75,5,3,3,94.23799721896648,391.2174224853516,0.5781681537628174,0.5168569,617.91724,139,1.2922239999852536,34.218124,25.000002,59.76257900000292,0.5,0.5146909356117249,uniform,uniform,10,0.0,0.0,0.0,,
centralized,1234,in_distribution,41,14.46742,0.8,4,4,4,100.68882197141647,436.1726760864258,0.8520389437675476,0.037854005,96.25793,139,1.2922239999852536,34.467422,20.000004,59.76257900000292,0.5,0.5146909356117249,uniform,uniform,10,0.0,0.0,0.0,,
centralized,1234,in_distribution,42,15.637418,0.8,4,2,2,97.43451543152332,459.0188598632813,0.9055362224578858,0.007695461,31.25829,139,1.2922239999852536,35.637413,19.999996,59.76257900000292,0.5,0.5146909356117249,uniform,uniform,10,0.0,0.0,0.0,,
centralized,1234,in_distribution,43,10.528544,0.75,5,3,3,97.26873457431792,473.0206775665283,0.6444056510925293,0.37890837,543.1455,139,1.2922239999852536,35.528545,25.0,59.76257900000292,0.5,0.5146909356117249,uniform,uniform,10,0.0,0.0,0.0,,
centralized,1234,in_distribution,44,12.766275,0.90000004,2,1,1,79.79275912046432,428.57717514038086,0.7995864152908325,0.09664053,192.79424,139,1.2922239999852536,22.766275,10.0,59.76257900000292,0.5,0.5146909356117249,uniform,uniform,10,0.0,0.0,0.0,,
centralized,1234,in_distribution,45,10.900262,0.8,4,3,3,118.08548793196678,466.459264755249,0.7171615153551102,0.24210645,385.50912,139,1.2922239999852536,30.90026,20.0,59.76257900000292,0.5,0.5146909356117249,uniform,uniform,10,0.0,0.0,0.0,,
centralized,1234,in_distribution,46,12.922598,0.90000004,2,1,1,123.83723239103954,429.8421478271485,0.8179323673248291,0.20728207,157.56995,139,1.2922239999852536,22.922602,10.000004,59.76257900000292,0.5,0.5146909356117249,uniform,uniform,10,0.0,0.0,0.0,,
centralized,1234,in_distribution,47,14.359066,0.8,4,1,1,111.23275972902776,478.4687805175781,0.846726143360138,0.017249381,148.75473,139,1.2922239999852536,34.359062,19.999996,59.76257900000292,0.5,0.5146909356117249,uniform,uniform,10,0.0,0.0,0.0,,
centralized,1234,in_distribution,48,12.687965,0.90000004,2,1,1,119.7852803270022,421.9257545471192,0.7944459915161133,0.1333433,202.66382,139,1.2922239999852536,22.687967,10.000002,59.76257900000292,0.5,0.5146909356117249,uniform,uniform,10,0.0,0.0,0.0,,
centralized,1234,in_distribution,49,16.34617,0.6,8,5,5,115.14416813850404,443.75046730041504,0.9061201304197312,0.06507511,0.0,139,1.2922239999852536,56.34617,40.0,59.76257900000292,0.5,0.5146909356117249,uniform,uniform,10,0.0,0.0,0.0,,
centralized,1234,in_distribution,50,12.392542,0.95,1,1,1,112.28794290831216,475.7373332977295,0.8118408143520355,0.20019245,259.74576,139,1.2922239999852536,17.39254,4.999998,59.76257900000292,0.5,0.5146909356117249,uniform,uniform,10,0.0,0.0,0.0,,
centralized,1234,in_distribution,51,13.787597,0.8,4,2,2,95.7239982113242,385.01220703125,0.7712290287017822,0.12203266,247.24039,139,1.2922239999852536,33.787598,20.0,59.76257900000292,0.5,0.5146909356117249,uniform,uniform,10,0.0,0.0,0.0,,
centralized,1234,in_distribution,52,15.121531,0.85,3,3,3,87.34569679288303,432.9300498962402,0.898480886220932,0.043338913,3.8469028,139,1.2922239999852536,30.121525,14.999994,59.76257900000292,0.5,0.5146909356117249,uniform,uniform,10,0.0,0.0,0.0,,
centralized,1234,in_distribution,53,13.447557,0.85,3,1,1,96.68659592376036,457.84661293029785,0.8302465170621872,0.11665638,159.77339,139,1.2922239999852536,28.447556,14.999998,59.76257900000292,0.5,0.5146909356117249,uniform,uniform,10,0.0,0.0,0.0,,
centralized,1234,in_distribution,54,9.159735,0.75,5,3,3,92.42216831445694,433.6742305755615,0.5862034350633621,0.43385795,604.1637,139,1.2922239999852536,34.159737,25.000002,59.76257900000292,0.5,0.5146909356117249,uniform,uniform,10,0.0,0.0,0.0,,
centralized,1234,in_distribution,55,13.7544985,0.90000004,2,1,1,122.23484079043072,470.7177543640137,0.8699331551790237,0.02648015,126.27142,139,1.2922239999852536,23.754501,10.000003,59.76257900000292,0.5,0.5146909356117249,uniform,uniform,10,0.0,0.0,0.0,,
centralized,1234,in_distribution,56,13.579376,0.95,1,1,1,130.78477244628104,444.2226505279541,0.8621019810438156,0.04848137,84.987015,139,1.2922239999852536,18.579378,5.000002,59.76257900000292,0.5,0.5146909356117249,uniform,uniform,10,0.0,0.0,0.0,,
centralized,1234,in_distribution,57,12.569664,0.95,1,0,0,75.5767631687616,471.0867977142334,0.7966550707817077,0.069165654,278.0335,139,1.2922239999852536,17.569664,5.0,59.76257900000292,0.5,0.5146909356117249,uniform,uniform,10,0.0,0.0,0.0,,
centralized,1234,in_distribution,58,15.184183,0.85,3,2,2,119.44922289427588,471.830005645752,0.9010035932064056,0.04947024,37.903206,139,1.2922239999852536,30.184181,14.999998,59.76257900000292,0.5,0.5146909356117249,uniform,uniform,10,0.0,0.0,0.0,,
centralized,1234,in_distribution,59,15.691695,0.85,3,2,2,121.72551922938403,473.4742641448975,0.9216012746095658,0.020709453,0.0,139,1.2922239999852536,30.691698,15.000003,59.76257900000292,0.5,0.5146909356117249,uniform,uniform,10,0.0,0.0,0.0,,
centralized,1234,in_distribution,60,12.64979,0.90000004,2,2,2,73.92710973819096,459.4455528259277,0.7800918549299241,0.089379966,282.13025,139,1.2922239999852536,22.649788,9.999998,59.76257900000292,0.5,0.5146909356117249,uniform,uniform,10,0.0,0.0,0.0,,
centralized,1234,in_distribution,61,14.329894,0.95,1,1,1,120.88309317827223,452.3445510864258,0.8998818427324295,0.0472804,20.595531,139,1.2922239999852536,19.329891,4.999997,59.76257900000292,0.5,0.5146909356117249,uniform,uniform,10,0.0,0.0,0.0,,
centralized,1234,in_distribution,62,12.1114855,0.95,1,1,1,86.45854236263978,479.6112728118897,0.8048888117074966,0.1449679,279.24527,139,1.2922239999852536,17.111488,5.000003,59.76257900000292,0.5,0.5146909356117249,uniform,uniform,10,0.0,0.0,0.0,,
centralized,1234,in_distribution,63,14.878005,0.95,1,1,1,112.68942190628304,447.69862174987793,0.9001467555761338,0.03959462,16.254684,139,1.2922239999852536,19.878002,4.999997,59.76257900000292,0.5,0.5146909356117249,uniform,uniform,10,0.0,0.0,0.0,,
centralized,1234,in_distribution,64,14.91362,0.8,4,4,4,108.75515755265953,434.4096565246582,0.8383679330348969,0.09053895,120.74326,139,1.2922239999852536,34.91362,20.0,59.76257900000292,0.5,0.5146909356117249,uniform,uniform,10,0.0,0.0,0.0,,
centralized,1234,in_distribution,65,14.729906,0.75,5,3,3,87.81002923846245,445.4088306427002,0.8461169093847275,0.02388573,116.86443,139,1.2922239999852536,39.7299,24.999994,59.76257900000292,0.5,0.5146909356117249,uniform,uniform,10,0.0,0.0,0.0,,
centralized,1234,in_distribution,66,10.899836,0.85,3,1,1,106.62366376203649,452.7698421478272,0.7134274035692215,0.24297024,378.98932,139,1.2922239999852536,25.899834,14.999998,59.76257900000292,0.5,0.5146909356117249,uniform,uniform,10,0.0,0.0,0.0,,
centralized,1234,in_distribution,67,11.228663,0.8,4,4,4,115.53344093263148,467.3040676116944,0.6947768121957779,0.23924905,429.3326,139,1.2922239999852536,31.228662,20.0,59.76257900000292,0.5,0.5146909356117249,uniform,uniform,10,0.0,0.0,0.0,,
centralized,1234,in_distribution,68,14.290166,0.8,4,3,3,111.3776346668601,375.0047206878662,0.8311792612075806,0.07066087,132.13594,139,1.2922239999852536,34.29017,20.000004,59.76257900000292,0.5,0.5146909356117249,uniform,uniform,10,0.0,0.0,0.0,,
centralized,1234,in_distribution,69,10.527664,0.8,4,4,4,107.45126590132712,441.5006732940674,0.6907557934522629,0.2640387,411.24954,139,1.2922239999852536,30.527664,20.0,59.76257900000292,0.5,0.5146909356117249,uniform,uniform,10,0.0,0.0,0.0,,
centralized,1234,in_distribution,70,14.716347,0.85,3,2,2,94.01547863202936,477.7722930908203,0.8814385175704956,0.04050038,81.41048,139,1.2922239999852536,29.716345,14.999998,59.76257900000292,0.5,0.5146909356117249,uniform,uniform,10,0.0,0.0,0.0,,
centralized,1234,in_distribution,71,14.644867,0.75,5,5,5,99.62428718805312,448.19987297058105,0.8181112200021744,0.10967367,173.42651,139,1.2922239999852536,39.644867,25.0,59.76257900000292,0.5,0.5146909356117249,uniform,uniform,10,0.0,0.0,0.0,,
centralized,1234,in_distribution,72,10.823212,0.85,3,2,2,106.08666132478152,472.8324222564697,0.7113220185041428,0.24063471,403.0943,139,1.2922239999852536,25.823215,15.000004,59.76257900000292,0.5,0.5146909356117249,uniform,uniform,10,0.0,0.0,0.0,,
centralized,1234,in_distribution,73,10.850151,0.8,4,4,4,136.37688975781202,379.01535987854,0.6765704154968262,0.260453,428.9848,139,1.2922239999852536,30.850147,19.999996,59.76257900000292,0.5,0.5146909356117249,uniform,uniform,10,0.0,0.0,0.0,,
centralized,1234,in_distribution,74,13.624935,0.8,4,3,3,122.9436414130032,470.63281059265137,0.8195988923311234,0.03900321,193.00302,139,1.2922239999852536,33.62494,20.000004,59.76257900000292,0.5,0.5146909356117249,uniform,uniform,10,0.0,0.0,0.0,,
centralized,1234,in_distribution,75,15.337196,0.85,3,2,2,107.62529422255125,463.8345623016357,0.8909123063087463,0.08420408,72.28019,139,1.2922239999852536,30.337196,15.0,59.76257900000292,0.5,0.5146909356117249,uniform,uniform,10,0.0,0.0,0.0,,
centralized,1234,in_distribution,76,13.2947645,0.85,3,2,2,145.91577340574827,477.89843559265137,0.8270754098892212,0.12987305,195.21555,139,1.2922239999852536,28.294764,14.999999,59.76257900000292,0.5,0.5146909356117249,uniform,uniform,10,0.0,0.0,0.0,,
centralized,1234,in_distribution,77,11.741308,0.8,4,2,2,135.6397532299161,439.71447944641113,0.7413628190755844,0.059884176,312.29794,139,1.2922239999852536,31.741312,20.000004,59.76257900000292,0.5,0.5146909356117249,uniform,uniform,10,0.0,0.0,0.0,,
centralized,1234,in_distribution,78,13.8794985,0.90000004,2,1,1,114.21771774689356,400.1761722564697,0.8575621843338013,0.14032651,81.48082,139,1.2922239999852536,23.879501,10.000003,59.76257900000292,0.5,0.5146909356117249,uniform,uniform,10,0.0,0.0,0.0,,
centralized,1234,in_distribution,79,14.436699,0.8,4,3,3,118.7119099125266,419.7173595428467,0.8689180612564087,0.119488426,59.6775,139,1.2922239999852536,34.436707,20.000008,59.76257900000292,0.5,0.5146909356117249,uniform,uniform,10,0.0,0.0,0.0,,
centralized,1234,in_distribution,80,13.695866,0.8,4,2,2,127.28713721036912,464.9076175689697,0.8429245173931121,0.06488357,166.90608,139,1.2922239999852536,33.695858,19.999992,59.76257900000292,0.5,0.5146909356117249,uniform,uniform,10,0.0,0.0,0.0,,
centralized,1234,in_distribution,81,15.267356,0.90000004,2,1,1,98.448113600413,467.9094886779785,0.8987754762172699,0.09151765,45.264328,139,1.2922239999852536,25.267359,10.000003,59.76257900000292,0.5,0.5146909356117249,uniform,uniform,10,0.0,0.0,0.0,,
centralized,1234,in_distribution,82,15.032154,0.90000004,2,2,2,96.83748287459214,475.0718593597412,0.8930763483047486,0.02652477,83.784515,139,1.2922239999852536,25.032156,10.000002,59.76257900000292,0.5,0.5146909356117249,uniform,uniform,10,0.0,0.0,0.0,,
centralized,1234,in_distribution,83,14.817341,0.8,4,4,4,99.83871951699255,383.93391609191895,0.8316323757171631,0.118833154,131.26602,139,1.2922239999852536,34.81734,20.0,59.76257900000292,0.5,0.5146909356117249,uniform,uniform,10,0.0,0.0,0.0,,
centralized,1234,in_distribution,84,13.5310545,0.85,3,3,3,66.84440377004006,427.1006870269776,0.8057841062545776,0.030347051,180.89458,139,1.2922239999852536,28.531052,14.999997,59.76257900000292,0.5,0.5146909356117249,uniform,uniform,10,0.0,0.0,0.0,,
centralized,1234,in_distribution,85,15.152784,0.85,3,2,2,103.84812575929304,476.9736385345459,0.9290714889764786,0.07082187,28.721645,139,1.2922239999852536,30.152782,14.999998,59.76257900000292,0.5,0.5146909356117249,uniform,uniform,10,0.0,0.0,0.0,,
centralized,1234,in_distribution,86,12.106239,0.75,5,3,3,103.6689519882202,458.4380435943604,0.7266064465045929,0.28763992,363.98502,139,1.2922239999852536,37.106236,24.999996,59.76257900000292,0.5,0.5146909356117249,uniform,uniform,10,0.0,0.0,0.0,,
centralized,1234,in_distribution,87,11.937193,0.85,3,3,3,111.95936806061688,473.21725845336914,0.7585552275180817,0.2584562,312.79132,139,1.2922239999852536,26.937191,14.999998,59.76257900000292,0.5,0.5146909356117249,uniform,uniform,10,0.0,0.0,0.0,,
centralized,1234,in_distribution,88,14.367543,0.8,4,3,3,97.01037861406805,415.6461238861084,0.7967471480369568,0.09562386,198.24562,139,1.2922239999852536,34.367542,20.0,59.76257900000292,0.5,0.5146909356117249,uniform,uniform,10,0.0,0.0,0.0,,
centralized,1234,in_distribution,89,9.459385,0.90000004,2,1,1,72.14398458600044,435.8816528320313,0.658769154548645,0.14379872,467.04477,139,1.2922239999852536,19.459385,10.0,59.76257900000292,0.5,0.5146909356117249,uniform,uniform,10,0.0,0.0,0.0,,
centralized,1234,in_distribution,90,13.568556,0.85,3,2,2,101.36641481343436,421.8191528320313,0.8357557058334351,0.059566665,123.349144,139,1.2922239999852536,28.56855,14.999994,59.76257900000292,0.5,0.5146909356117249,uniform,uniform,10,0.0,0.0,0.0,,
centralized,1234,in_distribution,91,15.875329,0.65000004,7,6,6,186.6401885335262,422.6316547393799,0.8731943368911743,0.14636727,51.466965,139,1.2922239999852536,50.875324,34.999996,59.76257900000292,0.5,0.5146909356117249,uniform,uniform,10,0.0,0.0,0.0,,
centralized,1234,in_distribution,92,15.605036,0.85,3,2,2,147.2110561062308,420.5341529846192,0.9000000953674316,0.037628975,0.0,139,1.2922239999852536,30.605034,14.999998,59.76257900000292,0.5,0.5146909356117249,uniform,uniform,10,0.0,0.0,0.0,,
centralized,1234,in_distribution,93,12.888052,0.75,5,4,4,91.6427035331726,457.3861885070801,0.7606803119182587,0.1376335,292.8801,139,1.2922239999852536,37.888054,25.000002,59.76257900000292,0.5,0.5146909356117249,uniform,uniform,10,0.0,0.0,0.0,,
centralized,1234,in_distribution,94,13.363517,0.85,3,2,2,104.29313473841724,438.1431770324707,0.7868810832500458,0.15473434,223.33167,139,1.2922239999852536,28.363516,14.999999,59.76257900000292,0.5,0.5146909356117249,uniform,uniform,10,0.0,0.0,0.0,,
centralized,1234,in_distribution,95,12.946774,0.8,4,2,2,135.924801081419,447.2383689880371,0.7807147383689881,0.058534324,245.76945,139,1.2922239999852536,32.946774,20.0,59.76257900000292,0.5,0.5146909356117249,uniform,uniform,10,0.0,0.0,0.0,,
centralized,1234,in_distribution,96,15.1767845,0.85,3,2,2,155.60805748490725,469.0237426757813,0.9193025261163712,0.0469952,30.837576,139,1.2922239999852536,30.176785,15.0,59.76257900000292,0.5,0.5146909356117249,uniform,uniform,10,0.0,0.0,0.0,,
centralized,1234,in_distribution,97,15.775568,0.85,3,1,1,135.4925369865754,401.7172622680664,0.8842597007751465,0.032010242,30.221504,139,1.2922239999852536,30.77557,15.000002,59.76257900000292,0.5,0.5146909356117249,uniform,uniform,10,0.0,0.0,0.0,,
centralized,1234,in_distribution,98,11.55391,0.90000004,2,1,1,93.16421791911124,414.9527263641357,0.7802655696868896,0.09276851,229.89027,139,1.2922239999852536,21.55391,9.999999,59.76257900000292,0.5,0.5146909356117249,uniform,uniform,10,0.0,0.0,0.0,,
centralized,1234,in_distribution,99,11.939978,0.85,3,2,2,109.68533487880931,422.0450019836426,0.7528213262557983,0.20027626,282.58322,139,1.2922239999852536,26.93998,15.000002,59.76257900000292,0.5,0.5146909356117249,uniform,uniform,10,0.0,0.0,0.0,,
centralized,2345,in_distribution,0,16.649998,0.65000004,7,6,6,150.13968999569232,415.7094097137451,0.9000000953674316,0.038075384,5.722046e-06,162,1.4261720000513378,51.649998,35.0,61.07393799999954,0.5,0.5146909356117249,uniform,uniform,10,0.0,0.0,0.0,,
centralized,2345,in_distribution,1,14.835921,0.85,3,2,2,108.91348863349242,473.2393169403076,0.8723241418600083,0.07028702,102.40778,162,1.4261720000513378,29.835918,14.999997,61.07393799999954,0.5,0.5146909356117249,uniform,uniform,10,0.0,0.0,0.0,,
centralized,2345,in_distribution,2,15.710659,0.85,3,3,3,102.81515973455764,442.63306617736816,0.8967077225446701,0.08058794,16.95444,162,1.4261720000513378,30.710659,15.0,61.07393799999954,0.5,0.5146909356117249,uniform,uniform,10,0.0,0.0,0.0,,
centralized,2345,in_distribution,3,8.109609,0.65000004,7,6,6,163.36140962747427,425.9420585632324,0.5025838017463684,0.61221904,763.03925,162,1.4261720000513378,43.10961,35.000004,61.07393799999954,0.5,0.5146909356117249,uniform,uniform,10,0.0,0.0,0.0,,
centralized,2345,in_distribution,4,14.245251,0.75,5,5,5,167.01893508434296,453.5056114196777,0.8163470566272736,0.034783743,182.1194,162,1.4261720000513378,39.245255,25.000004,61.07393799999954,0.5,0.5146909356117249,uniform,uniform,10,0.0,0.0,0.0,,
centralized,2345,in_distribution,5,16.825989,0.5,10,10,10,123.59495455026628,443.4467697143554,0.9059619545936584,0.051369816,0.0,162,1.4261720000513378,66.82599,50.0,61.07393799999954,0.5,0.5146909356117249,uniform,uniform,10,0.0,0.0,0.0,,
centralized,2345,in_distribution,6,12.073423,0.8,4,4,4,135.27258574962616,435.7537651062012,0.7245993494987488,0.18918158,343.69,162,1.4261720000513378,32.07342,19.999998,61.07393799999954,0.5,0.5146909356117249,uniform,uniform,10,0.0,0.0,0.0,,
centralized,2345,in_distribution,7,15.812381,0.75,5,2,2,103.56312096118928,450.7602596282959,0.910276147723198,0.029296126,6.761899,162,1.4261720000513378,40.81238,25.0,61.07393799999954,0.5,0.5146909356117249,uniform,uniform,10,0.0,0.0,0.0,,
centralized,2345,in_distribution,8,16.015018,0.75,5,4,4,157.22766375541687,465.68163871765137,0.92418232858181,0.08415982,10.774366,162,1.4261720000513378,41.015026,25.000008,61.07393799999954,0.5,0.5146909356117249,uniform,uniform,10,0.0,0.0,0.0,,
centralized,2345,in_distribution,9,16.491196,0.7,6,4,4,153.64155662911278,460.8827877044678,0.9112935453653336,0.09286765,7.1993523,162,1.4261720000513378,46.49119,29.999996,61.07393799999954,0.5,0.5146909356117249,uniform,uniform,10,0.0,0.0,0.0,,
centralized,2345,in_distribution,10,13.010099,0.8,4,2,2,185.3563106060028,422.413501739502,0.7752889394760132,0.16610424,239.44545,162,1.4261720000513378,33.0101,20.000002,61.07393799999954,0.5,0.5146909356117249,uniform,uniform,10,0.0,0.0,0.0,,
centralized,2345,in_distribution,11,12.503507,0.75,5,5,5,120.45525598526,408.53379249572754,0.7590571045875549,0.18252063,270.6104,162,1.4261720000513378,37.50351,25.000004,61.07393799999954,0.5,0.5146909356117249,uniform,uniform,10,0.0,0.0,0.0,,
centralized,2345,in_distribution,12,10.49,0.65000004,7,7,7,167.22098267995395,464.8506832122803,0.5921097785234452,0.45011684,624.00006,162,1.4261720000513378,45.49,35.0,61.07393799999954,0.5,0.5146909356117249,uniform,uniform,10,0.0,0.0,0.0,,
centralized,2345,in_distribution,13,9.787437,0.7,6,6,6,150.4877727372306,423.8320827484131,0.5967634916305542,0.41804868,582.2143,162,1.4261720000513378,39.787437,30.0,61.07393799999954,0.5,0.5146909356117249,uniform,uniform,10,0.0,0.0,0.0,,
centralized,2345,in_distribution,14,16.25,0.7,6,5,5,115.74785732797214,479.5561695098877,0.9472372859716416,0.069761366,0.0,162,1.4261720000513378,46.25,30.0,61.07393799999954,0.5,0.5146909356117249,uniform,uniform,10,0.0,0.0,0.0,,
centralized,2345,in_distribution,15,15.675184,0.75,5,3,3,106.65161657333374,449.4130039215088,0.9121126562356948,0.07563351,0.0,162,1.4261720000513378,40.675186,25.000002,61.07393799999954,0.5,0.5146909356117249,uniform,uniform,10,0.0,0.0,0.0,,
centralized,2345,in_distribution,16,14.969999,0.95,1,1,1,161.76126169530968,452.2550296783447,0.9213882744312286,0.03896813,5.722046e-06,162,1.4261720000513378,19.970001,5.000002,61.07393799999954,0.5,0.5146909356117249,uniform,uniform,10,0.0,0.0,0.0,,
centralized,2345,in_distribution,17,14.413159,0.85,3,3,3,138.12627511865952,445.065507888794,0.8493548959493638,0.12280324,112.68416,162,1.4261720000513378,29.41316,15.000001,61.07393799999954,0.5,0.5146909356117249,uniform,uniform,10,0.0,0.0,0.0,,
centralized,2345,in_distribution,18,9.711138,0.65000004,7,6,6,149.6748370390672,438.27415466308594,0.586514237523079,0.4523703,613.4732,162,1.4261720000513378,44.711136,35.0,61.07393799999954,0.5,0.5146909356117249,uniform,uniform,10,0.0,0.0,0.0,,
centralized,2345,in_distribution,19,10.036791,0.75,5,5,5,142.2132589817047,442.7292823791504,0.5448604166507721,0.49050355,692.5975,162,1.4261720000513378,35.036785,24.999994,61.07393799999954,0.5,0.5146909356117249,uniform,uniform,10,0.0,0.0,0.0,,
centralized,2345,in_distribution,20,15.422884,0.8,4,3,3,138.47862660884857,413.3084392547608,0.8874452114105225,0.080515,24.105412,162,1.4261720000513378,35.422886,20.000002,61.07393799999954,0.5,0.5146909356117249,uniform,uniform,10,0.0,0.0,0.0,,
centralized,2345,in_distribution,21,7.557903,0.8,4,3,3,153.8451625406742,453.4515380859375,0.5250360012054444,0.5829719,741.3825,162,1.4261720000513378,27.557901,19.999998,61.07393799999954,0.5,0.5146909356117249,uniform,uniform,10,0.0,0.0,0.0,,
centralized,2345,in_distribution,22,15.653954,0.75,5,4,4,141.44833660125732,442.4417209625244,0.9042345374822616,0.05189825,2.311535,162,1.4261720000513378,40.653946,24.999992,61.07393799999954,0.5,0.5146909356117249,uniform,uniform,10,0.0,0.0,0.0,,
centralized,2345,in_distribution,23,17.037642,0.4,12,11,11,178.5471419245005,459.6494865417481,0.907953315973282,0.029279627,12.379274,162,1.4261720000513378,77.03764,60.0,61.07393799999954,0.5,0.5146909356117249,uniform,uniform,10,0.0,0.0,0.0,,
centralized,2345,in_distribution,24,16.174114,0.75,5,4,4,115.66412806510924,473.3373069763184,0.9358368784189224,0.10081449,13.588577,162,1.4261720000513378,41.174118,25.000004,61.07393799999954,0.5,0.5146909356117249,uniform,uniform,10,0.0,0.0,0.0,,
centralized,2345,in_distribution,25,13.943908,0.8,4,4,4,82.17509916052222,447.848596572876,0.820958086848259,0.14437754,167.60913,162,1.4261720000513378,33.94391,20.0,61.07393799999954,0.5,0.5146909356117249,uniform,uniform,10,0.0,0.0,0.0,,
centralized,2345,in_distribution,26,8.456974,0.85,3,3,3,113.88017703505125,471.4175605773926,0.5862935662269593,0.6430038,666.3027,162,1.4261720000513378,23.456974,15.0,61.07393799999954,0.5,0.5146909356117249,uniform,uniform,10,0.0,0.0,0.0,,
centralized,2345,in_distribution,27,16.021038,0.7,6,6,6,106.16159971271244,435.1635932922363,0.8801376163959503,0.0676838,41.29954,162,1.4261720000513378,46.021034,29.999996,61.07393799999954,0.5,0.5146909356117249,uniform,uniform,10,0.0,0.0,0.0,,
centralized,2345,in_distribution,28,16.499866,0.6,8,6,6,141.81783437728882,478.2417297363281,0.9314646899700164,0.06697548,0.0,162,1.4261720000513378,56.499874,40.000008,61.07393799999954,0.5,0.5146909356117249,uniform,uniform,10,0.0,0.0,0.0,,
centralized,2345,in_distribution,29,7.195435,0.85,3,2,2,124.87766714657054,477.5350284576416,0.5130707710981369,0.53622293,788.43933,162,1.4261720000513378,22.195438,15.000004,61.07393799999954,0.5,0.5146909356117249,uniform,uniform,10,0.0,0.0,0.0,,
centralized,2345,in_distribution,30,14.317001,0.65000004,7,7,7,94.875496167403,425.9872055053711,0.8122179508209229,0.12160435,168.54164,162,1.4261720000513378,49.317005,35.000004,61.07393799999954,0.5,0.5146909356117249,uniform,uniform,10,0.0,0.0,0.0,,
centralized,2345,in_distribution,31,10.33735,0.45000002,11,8,8,204.9304231007894,458.073205947876,0.5493119835853577,0.5483854,712.63007,162,1.4261720000513378,65.33736,55.000008,61.07393799999954,0.5,0.5146909356117249,uniform,uniform,10,0.0,0.0,0.0,,
centralized,2345,in_distribution,32,15.014029,0.90000004,2,2,2,124.27507003148396,474.613208770752,0.8984354764223099,0.12717082,82.12547,162,1.4261720000513378,25.014032,10.000004,61.07393799999954,0.5,0.5146909356117249,uniform,uniform,10,0.0,0.0,0.0,,
centralized,2345,in_distribution,33,15.067062,0.85,3,1,1,126.8973479200812,422.20848083496094,0.8884353637695312,0.045390554,22.204243,162,1.4261720000513378,30.067059,14.999996,61.07393799999954,0.5,0.5146909356117249,uniform,uniform,10,0.0,0.0,0.0,,
centralized,2345,in_distribution,34,15.821716,0.85,3,2,2,131.19692431653246,446.1258888244629,0.9081055253744126,0.01366446,0.0,162,1.4261720000513378,30.821714,14.999998,61.07393799999954,0.5,0.5146909356117249,uniform,uniform,10,0.0,0.0,0.0,,
centralized,2345,in_distribution,35,9.328691,0.55,9,9,9,128.6919608441266,468.5687255859375,0.5455405354499817,0.09138928,717.131,162,1.4261720000513378,54.32869,45.0,61.07393799999954,0.5,0.5146909356117249,uniform,uniform,10,0.0,0.0,0.0,,
centralized,2345,in_distribution,36,13.30474,0.90000004,2,2,2,136.7388728260994,438.5295867919922,0.8010127782821655,0.07406311,196.58507,162,1.4261720000513378,23.304737,9.999997,61.07393799999954,0.5,0.5146909356117249,uniform,uniform,10,0.0,0.0,0.0,,
centralized,2345,in_distribution,37,7.379346,0.7,6,6,6,125.75366250106266,424.2665863037109,0.4584378004074096,0.5031244,847.7996,162,1.4261720000513378,37.379345,30.0,61.07393799999954,0.5,0.5146909356117249,uniform,uniform,10,0.0,0.0,0.0,,
centralized,2345,in_distribution,38,16.62,0.6,8,7,7,147.46199384331703,474.631404876709,0.9459542155265808,0.05075596,5.722046e-06,162,1.4261720000513378,56.61999,39.999992,61.07393799999954,0.5,0.5146909356117249,uniform,uniform,10,0.0,0.0,0.0,,
centralized,2345,in_distribution,39,15.409575,0.65000004,7,7,7,108.48883468371172,446.3227558135986,0.8596205800771713,0.14628056,91.85135,162,1.4261720000513378,50.409576,35.0,61.07393799999954,0.5,0.5146909356117249,uniform,uniform,10,0.0,0.0,0.0,,
centralized,2345,in_distribution,40,6.350689,0.6,8,6,6,172.53099709749222,467.26301193237305,0.4135162115097046,0.84513193,979.8588,162,1.4261720000513378,46.350685,39.999996,61.07393799999954,0.5,0.5146909356117249,uniform,uniform,10,0.0,0.0,0.0,,
centralized,2345,in_distribution,41,15.842333,0.6,8,8,8,135.1069951057434,455.4690742492676,0.8904700219631195,0.09411831,41.76678,162,1.4261720000513378,55.84233,40.0,61.07393799999954,0.5,0.5146909356117249,uniform,uniform,10,0.0,0.0,0.0,,
centralized,2345,in_distribution,42,16.258556,0.65000004,7,5,5,134.95550999274622,478.8038635253906,0.9120753586292268,0.119959064,33.188644,162,1.4261720000513378,51.25856,35.000004,61.07393799999954,0.5,0.5146909356117249,uniform,uniform,10,0.0,0.0,0.0,,
centralized,2345,in_distribution,43,13.319185,0.8,4,2,2,180.7285960391164,473.0206775665283,0.8167167484760285,0.05247751,240.0,162,1.4261720000513378,33.319187,20.000002,61.07393799999954,0.5,0.5146909356117249,uniform,uniform,10,0.0,0.0,0.0,,
centralized,2345,in_distribution,44,13.311953,0.85,3,2,2,97.38242215969984,456.6235828399658,0.8162347167730332,0.114550136,185.45294,162,1.4261720000513378,28.31195,14.999998,61.07393799999954,0.5,0.5146909356117249,uniform,uniform,10,0.0,0.0,0.0,,
centralized,2345,in_distribution,45,12.495189,0.55,9,8,8,149.36215313998136,434.67467308044434,0.7046847134828568,0.2662009,377.68008,162,1.4261720000513378,57.495193,45.000004,61.07393799999954,0.5,0.5146909356117249,uniform,uniform,10,0.0,0.0,0.0,,
centralized,2345,in_distribution,46,11.167011,0.65000004,7,6,6,183.94609795166892,455.9966468811035,0.6531089812517166,0.25265536,527.43896,162,1.4261720000513378,46.16701,35.0,61.07393799999954,0.5,0.5146909356117249,uniform,uniform,10,0.0,0.0,0.0,,
centralized,2345,in_distribution,47,12.451503,0.55,9,6,6,147.0040388540788,409.4519519805908,0.6887817978858948,0.22940639,405.539,162,1.4261720000513378,57.451504,45.0,61.07393799999954,0.5,0.5146909356117249,uniform,uniform,10,0.0,0.0,0.0,,
centralized,2345,in_distribution,48,15.0047035,0.85,3,2,2,86.51406915748821,421.9257545471192,0.8599011898040771,0.08825638,76.98995,162,1.4261720000513378,30.00471,15.000006,61.07393799999954,0.5,0.5146909356117249,uniform,uniform,10,0.0,0.0,0.0,,
centralized,2345,in_distribution,49,16.55,0.6,8,5,5,114.90930914878844,445.27276039123535,0.9069129914045334,0.04831946,0.0,162,1.4261720000513378,56.55,40.0,61.07393799999954,0.5,0.5146909356117249,uniform,uniform,10,0.0,0.0,0.0,,
centralized,2345,in_distribution,50,8.069902,0.7,6,6,6,86.57145412904876,475.7373332977295,0.5651389092206955,0.31059995,722.42944,162,1.4261720000513378,38.0699,29.999998,61.07393799999954,0.5,0.5146909356117249,uniform,uniform,10,0.0,0.0,0.0,,
centralized,2345,in_distribution,51,11.516713,0.75,5,3,3,145.47252941131592,440.09676933288574,0.6478571087121964,0.24922289,492.21112,162,1.4261720000513378,36.516716,25.000004,61.07393799999954,0.5,0.5146909356117249,uniform,uniform,10,0.0,0.0,0.0,,
centralized,2345,in_distribution,52,15.22052,0.8,4,4,4,148.23657598346472,435.3361988067627,0.9028862893581392,0.08407365,0.0,162,1.4261720000513378,35.220524,20.000004,61.07393799999954,0.5,0.5146909356117249,uniform,uniform,10,0.0,0.0,0.0,,
centralized,2345,in_distribution,53,14.906996,0.75,5,3,3,110.3646410703659,474.17813301086426,0.9150790750980378,0.102678515,39.07306,162,1.4261720000513378,39.906998,25.000002,61.07393799999954,0.5,0.5146909356117249,uniform,uniform,10,0.0,0.0,0.0,,
centralized,2345,in_distribution,54,8.430208,0.65000004,7,5,5,90.08539108129648,440.8641529083252,0.53826023042202,0.45088258,703.40466,162,1.4261720000513378,43.430214,35.000008,61.07393799999954,0.5,0.5146909356117249,uniform,uniform,10,0.0,0.0,0.0,,
centralized,2345,in_distribution,55,8.833511,0.65000004,7,6,6,159.29120201330915,442.7460765838623,0.5329273670911789,0.5905894,722.7345,162,1.4261720000513378,43.83352,35.000008,61.07393799999954,0.5,0.5146909356117249,uniform,uniform,10,0.0,0.0,0.0,,
centralized,2345,in_distribution,56,13.872697,0.8,4,4,4,150.25030486285686,475.6357669830322,0.8194652289152146,0.013476176,198.26259,162,1.4261720000513378,33.872696,20.0,61.07393799999954,0.5,0.5146909356117249,uniform,uniform,10,0.0,0.0,0.0,,
centralized,2345,in_distribution,57,15.157162,0.7,6,5,5,112.90552388344491,474.2299747467041,0.8684804469347001,0.16705427,104.15493,162,1.4261720000513378,45.157158,29.999996,61.07393799999954,0.5,0.5146909356117249,uniform,uniform,10,0.0,0.0,0.0,,
centralized,2345,in_distribution,58,13.389702,0.7,6,5,5,184.85298488821303,477.2406005859375,0.78575279712677,0.20880549,264.5953,162,1.4261720000513378,43.3897,30.0,61.07393799999954,0.5,0.5146909356117249,uniform,uniform,10,0.0,0.0,0.0,,
centralized,2345,in_distribution,59,15.492565,0.85,3,2,2,158.24013285777147,431.8744468688965,0.9000000953674316,0.06605703,0.0,162,1.4261720000513378,30.492561,14.999996,61.07393799999954,0.5,0.5146909356117249,uniform,uniform,10,0.0,0.0,0.0,,
centralized,2345,in_distribution,60,9.707099,0.90000004,2,2,2,98.09721807638805,458.68775367736816,0.6660103231668473,0.29786107,499.29004,162,1.4261720000513378,19.707096,9.999997,61.07393799999954,0.5,0.5146909356117249,uniform,uniform,10,0.0,0.0,0.0,,
centralized,2345,in_distribution,61,10.117028,0.85,3,3,3,120.85047888405182,465.8283519744873,0.7080892115831375,0.19299914,402.29706,162,1.4261720000513378,25.11703,15.000001,61.07393799999954,0.5,0.5146909356117249,uniform,uniform,10,0.0,0.0,0.0,,
centralized,2345,in_distribution,62,11.820641,0.8,4,4,4,109.96657663956285,444.6482849121094,0.7459768295288086,0.17387953,308.37277,162,1.4261720000513378,31.820644,20.000004,61.07393799999954,0.5,0.5146909356117249,uniform,uniform,10,0.0,0.0,0.0,,
centralized,2345,in_distribution,63,15.980211,0.8,4,4,4,154.27019423805177,428.72692108154297,0.9000000953674316,0.05137347,0.0,162,1.4261720000513378,35.98021,19.999998,61.07393799999954,0.5,0.5146909356117249,uniform,uniform,10,0.0,0.0,0.0,,
centralized,2345,in_distribution,64,16.779272,0.6,8,8,8,95.97264051437378,427.4864673614502,0.8806913495063782,0.04897043,37.072742,162,1.4261720000513378,56.779266,39.999992,61.07393799999954,0.5,0.5146909356117249,uniform,uniform,10,0.0,0.0,0.0,,
centralized,2345,in_distribution,65,15.902874,0.75,5,3,3,121.66346955299376,469.63491439819336,0.917667919397354,0.025481327,3.7126493,162,1.4261720000513378,40.90287,24.999996,61.07393799999954,0.5,0.5146909356117249,uniform,uniform,10,0.0,0.0,0.0,,
centralized,2345,in_distribution,66,7.6877065,0.8,4,2,2,157.49851640313864,428.5677337646485,0.5344558358192444,0.67287725,701.845,162,1.4261720000513378,27.68771,20.000004,61.07393799999954,0.5,0.5146909356117249,uniform,uniform,10,0.0,0.0,0.0,,
centralized,2345,in_distribution,67,11.88978,0.75,5,5,5,118.31870359182358,467.3040676116944,0.7080805093050003,0.121983275,403.78955,162,1.4261720000513378,36.889782,25.000002,61.07393799999954,0.5,0.5146909356117249,uniform,uniform,10,0.0,0.0,0.0,,
centralized,2345,in_distribution,68,10.02498,0.8,4,3,3,208.4685879573226,447.9257869720459,0.6317565232515335,0.43288997,530.9533,162,1.4261720000513378,30.024986,20.000008,61.07393799999954,0.5,0.5146909356117249,uniform,uniform,10,0.0,0.0,0.0,,
centralized,2345,in_distribution,69,10.616808,0.7,6,6,6,132.43775776454382,466.2938404083252,0.6419631332159043,0.58056414,529.72473,162,1.4261720000513378,40.616806,29.999998,61.07393799999954,0.5,0.5146909356117249,uniform,uniform,10,0.0,0.0,0.0,,
centralized,2345,in_distribution,70,14.467888,0.95,1,0,0,113.41975930489993,477.7722930908203,0.9196399927139284,0.07259413,24.259293,162,1.4261720000513378,19.467888,5.0,61.07393799999954,0.5,0.5146909356117249,uniform,uniform,10,0.0,0.0,0.0,,
centralized,2345,in_distribution,71,16.03648,0.7,6,6,6,124.87852245569228,479.1638374328613,0.8986391961574555,0.102493435,49.776752,162,1.4261720000513378,46.036488,30.000008,61.07393799999954,0.5,0.5146909356117249,uniform,uniform,10,0.0,0.0,0.0,,
centralized,2345,in_distribution,72,11.515476,0.7,6,5,5,147.12988461766923,468.86916160583496,0.6996198475360871,0.40058267,429.45224,162,1.4261720000513378,41.515472,29.999996,61.07393799999954,0.5,0.5146909356117249,uniform,uniform,10,0.0,0.0,0.0,,
centralized,2345,in_distribution,73,8.800854,0.6,8,8,8,145.7743026316166,475.4601287841797,0.5164299845695496,0.76349074,779.9147,162,1.4261720000513378,48.800858,40.000004,61.07393799999954,0.5,0.5146909356117249,uniform,uniform,10,0.0,0.0,0.0,,
centralized,2345,in_distribution,74,10.146097,0.75,5,4,4,156.79671090841293,403.6773204803467,0.613128662109375,0.44452745,550.793,162,1.4261720000513378,35.1461,25.000002,61.07393799999954,0.5,0.5146909356117249,uniform,uniform,10,0.0,0.0,0.0,,
centralized,2345,in_distribution,75,16.630095,0.75,5,4,4,121.90394294261932,478.487606048584,0.9548303008079528,0.026142614,0.0,162,1.4261720000513378,41.63009,24.999994,61.07393799999954,0.5,0.5146909356117249,uniform,uniform,10,0.0,0.0,0.0,,
centralized,2345,in_distribution,76,10.455473,0.75,5,4,4,153.210111618042,454.82608795166016,0.6600367069244385,0.4292369,483.55573,162,1.4261720000513378,35.455467,24.999994,61.07393799999954,0.5,0.5146909356117249,uniform,uniform,10,0.0,0.0,0.0,,
centralized,2345,in_distribution,77,11.14902,0.6,8,6,6,179.764856249094,424.1499137878418,0.6430061459541321,0.10025279,493.42828,162,1.4261720000513378,51.14902,40.0,61.07393799999954,0.5,0.5146909356117249,uniform,uniform,10,0.0,0.0,0.0,,
centralized,2345,in_distribution,78,15.856669,0.6,8,7,7,108.84899909608066,376.7439651489258,0.848534345626831,0.054371886,98.8141,162,1.4261720000513378,55.856667,39.999996,61.07393799999954,0.5,0.5146909356117249,uniform,uniform,10,0.0,0.0,0.0,,
centralized,2345,in_distribution,79,13.20257,0.75,5,4,4,112.95944344997406,444.792423248291,0.7838115632534027,0.15097314,235.87433,162,1.4261720000513378,38.20257,25.000002,61.07393799999954,0.5,0.5146909356117249,uniform,uniform,10,0.0,0.0,0.0,,
centralized,2345,in_distribution,80,6.3712034,0.65000004,7,5,5,173.7856900691986,391.4517402648926,0.4489124715328216,0.66671854,866.08826,162,1.4261720000513378,41.3712,34.999996,61.07393799999954,0.5,0.5146909356117249,uniform,uniform,10,0.0,0.0,0.0,,
centralized,2345,in_distribution,81,15.879999,0.85,3,2,2,116.05313343160292,448.45255851745605,0.9150513231754304,0.03293882,0.0,162,1.4261720000513378,30.879993,14.999994,61.07393799999954,0.5,0.5146909356117249,uniform,uniform,10,0.0,0.0,0.0,,
centralized,2345,in_distribution,82,15.920276,0.75,5,5,5,115.65336108207704,440.3877353668213,0.901771315932274,0.05057284,4.986981,162,1.4261720000513378,40.92028,25.000004,61.07393799999954,0.5,0.5146909356117249,uniform,uniform,10,0.0,0.0,0.0,,
centralized,2345,in_distribution,83,15.494183,0.85,3,3,3,149.07003490363851,466.2084674835205,0.91389701962471,0.04245542,31.275337,162,1.4261720000513378,30.494183,15.0,61.07393799999954,0.5,0.5146909356117249,uniform,uniform,10,0.0,0.0,0.0,,
centralized,2345,in_distribution,84,16.783728,0.5,10,10,10,133.94053727388382,427.9720115661621,0.9000000953674316,0.09124883,1.7166138e-05,162,1.4261720000513378,66.78372,49.999992,61.07393799999954,0.5,0.5146909356117249,uniform,uniform,10,0.0,0.0,0.0,,
centralized,2345,in_distribution,85,13.639659,0.75,5,4,4,116.4181524515152,447.6803684234619,0.796690770983696,0.09102263,214.03421,162,1.4261720000513378,38.63966,25.0,61.07393799999954,0.5,0.5146909356117249,uniform,uniform,10,0.0,0.0,0.0,,
centralized,2345,in_distribution,86,10.872113,0.5,10,8,8,206.61864745616916,441.60956382751465,0.6020744234323502,0.58290374,581.6268,162,1.4261720000513378,60.87212,50.000008,61.07393799999954,0.5,0.5146909356117249,uniform,uniform,10,0.0,0.0,0.0,,
centralized,2345,in_distribution,87,7.5282917,0.75,5,5,5,136.67146110534668,479.92544174194336,0.5182046234607697,0.7918666,780.9728,162,1.4261720000513378,32.52829,24.999998,61.07393799999954,0.5,0.5146909356117249,uniform,uniform,10,0.0,0.0,0.0,,
centralized,2345,in_distribution,88,12.909229,0.65000004,7,6,6,126.819175023299,439.6806049346924,0.6857310622930527,0.06550412,419.07697,162,1.4261720000513378,47.909225,34.999996,61.07393799999954,0.5,0.5146909356117249,uniform,uniform,10,0.0,0.0,0.0,,
centralized,2345,in_distribution,89,9.391792,0.8,4,3,3,87.85729229450226,430.98401069641113,0.6157777905464172,0.25761807,545.7068,162,1.4261720000513378,29.391794,20.000002,61.07393799999954,0.5,0.5146909356117249,uniform,uniform,10,0.0,0.0,0.0,,
centralized,2345,in_distribution,90,16.167883,0.7,6,5,5,150.11300044400352,477.7387046813965,0.9287874281406404,0.07647515,0.0,162,1.4261720000513378,46.167885,30.000002,61.07393799999954,0.5,0.5146909356117249,uniform,uniform,10,0.0,0.0,0.0,,
centralized,2345,in_distribution,91,13.6185665,0.85,3,2,2,170.0364070078906,444.8798274993897,0.8292803645133973,0.1297528,160.92516,162,1.4261720000513378,28.618568,15.000002,61.07393799999954,0.5,0.5146909356117249,uniform,uniform,10,0.0,0.0,0.0,,
centralized,2345,in_distribution,92,16.431225,0.65000004,7,6,6,182.32416299673227,432.77186393737793,0.900402107834816,0.033718307,0.0,162,1.4261720000513378,51.43124,35.000015,61.07393799999954,0.5,0.5146909356117249,uniform,uniform,10,0.0,0.0,0.0,,
centralized,2345,in_distribution,93,15.3266945,0.5,10,9,9,180.50449347496036,473.3580493927002,0.8387996882200242,0.14611638,165.17133,162,1.4261720000513378,65.3267,50.000004,61.07393799999954,0.5,0.5146909356117249,uniform,uniform,10,0.0,0.0,0.0,,
centralized,2345,in_distribution,94,9.123619,0.90000004,2,1,1,144.5527970790863,458.29127311706543,0.6252762407064438,0.3549173,565.6382,162,1.4261720000513378,19.123615,9.999996,61.07393799999954,0.5,0.5146909356117249,uniform,uniform,10,0.0,0.0,0.0,,
centralized,2345,in_distribution,95,8.661724,0.65000004,7,5,5,143.8498801451463,451.5292453765869,0.535171577334404,0.6812128,720.00006,162,1.4261720000513378,43.661728,35.000004,61.07393799999954,0.5,0.5146909356117249,uniform,uniform,10,0.0,0.0,0.0,,
centralized,2345,in_distribution,96,15.226812,0.6,8,7,7,179.7252655029297,466.5600872039795,0.840750852227211,0.10024162,148.31863,162,1.4261720000513378,55.22681,40.0,61.07393799999954,0.5,0.5146909356117249,uniform,uniform,10,0.0,0.0,0.0,,
centralized,2345,in_distribution,97,15.400746,0.75,5,3,3,133.24941229820251,372.8508281707764,0.8807981610298157,0.10886863,36.867718,162,1.4261720000513378,40.40074,24.999996,61.07393799999954,0.5,0.5146909356117249,uniform,uniform,10,0.0,0.0,0.0,,
centralized,2345,in_distribution,98,14.200493,0.65000004,7,6,6,125.864604138411,351.483678817749,0.8151977062225342,0.14254025,162.82048,162,1.4261720000513378,49.20049,34.999996,61.07393799999954,0.5,0.5146909356117249,uniform,uniform,10,0.0,0.0,0.0,,
centralized,2345,in_distribution,99,12.511873,0.4,12,11,11,183.52311730384827,424.8493480682373,0.6476118564605713,0.25251928,484.58524,162,1.4261720000513378,72.51187,60.0,61.07393799999954,0.5,0.5146909356117249,uniform,uniform,10,0.0,0.0,0.0,,
centralized,3456,in_distribution,0,15.699002,0.8,4,3,3,185.8169232308865,436.981086730957,0.9025944113731384,0.077328764,0.0,155,1.39199400002326,35.699005,20.000004,61.940700000000106,0.5,0.5146909356117249,uniform,uniform,10,0.0,0.0,0.0,,
centralized,3456,in_distribution,1,12.363907,0.75,5,4,4,109.8821985721588,430.2242374420166,0.750203549861908,0.15655406,287.60925,155,1.39199400002326,37.363903,24.999996,61.940700000000106,0.5,0.5146909356117249,uniform,uniform,10,0.0,0.0,0.0,,
centralized,3456,in_distribution,2,16.030336,0.65000004,7,7,7,167.30905349438007,437.34389305114746,0.8653008729219437,0.06990562,71.966324,155,1.39199400002326,51.030334,35.0,61.940700000000106,0.5,0.5146909356117249,uniform,uniform,10,0.0,0.0,0.0,,
centralized,3456,in_distribution,3,13.940519,0.8,4,3,3,135.74208587408066,478.3215236663818,0.8359089910984039,0.12962958,207.948,155,1.39199400002326,33.94052,20.000002,61.940700000000106,0.5,0.5146909356117249,uniform,uniform,10,0.0,0.0,0.0,,
centralized,3456,in_distribution,4,16.25,0.75,5,5,5,148.31936883926392,462.2797679901123,0.9157708078622818,0.053347137,0.0,155,1.39199400002326,41.249996,24.999996,61.940700000000106,0.5,0.5146909356117249,uniform,uniform,10,0.0,0.0,0.0,,
centralized,3456,in_distribution,5,15.902208,0.45000002,11,11,11,110.54104089736938,446.7301368713379,0.8375125467777252,0.106413886,134.70619,155,1.39199400002326,70.902214,55.000008,61.940700000000106,0.5,0.5146909356117249,uniform,uniform,10,0.0,0.0,0.0,,
centralized,3456,in_distribution,6,15.389999,0.95,1,0,0,177.35391986997504,479.18249130249023,0.9654530644416808,0.08020146,0.0,155,1.39199400002326,20.389996,4.999996,61.940700000000106,0.5,0.5146909356117249,uniform,uniform,10,0.0,0.0,0.0,,
centralized,3456,in_distribution,7,15.9854145,0.7,6,3,3,161.99415513447352,429.24259185791016,0.8950738310813904,0.04994105,9.458405,155,1.39199400002326,45.98542,30.000006,61.940700000000106,0.5,0.5146909356117249,uniform,uniform,10,0.0,0.0,0.0,,
centralized,3456,in_distribution,8,15.812563,0.75,5,4,4,137.4807265996933,479.9061870574951,0.931565734744072,0.054148257,33.74376,155,1.39199400002326,40.81257,25.000006,61.940700000000106,0.5,0.5146909356117249,uniform,uniform,10,0.0,0.0,0.0,,
centralized,3456,in_distribution,9,16.71891,0.65000004,7,5,5,163.94810213492468,451.9595146179199,0.9103956758975984,0.061049573,0.0,155,1.39199400002326,51.718903,34.999992,61.940700000000106,0.5,0.5146909356117249,uniform,uniform,10,0.0,0.0,0.0,,
centralized,3456,in_distribution,10,12.229227,0.85,3,0,0,126.7067094410167,442.9588794708252,0.7832716196775437,0.11738471,235.07745,155,1.39199400002326,27.229225,14.999998,61.940700000000106,0.5,0.5146909356117249,uniform,uniform,10,0.0,0.0,0.0,,
centralized,3456,in_distribution,11,14.734648,0.6,8,5,5,173.73823314905167,422.36623764038086,0.7834431529045105,0.114428245,223.78926,155,1.39199400002326,54.734642,39.999992,61.940700000000106,0.5,0.5146909356117249,uniform,uniform,10,0.0,0.0,0.0,,
centralized,3456,in_distribution,12,13.942455,0.85,3,2,2,89.9902284233009,434.7205924987793,0.8219933450222016,0.07306268,152.49352,155,1.39199400002326,28.942461,15.000006,61.940700000000106,0.5,0.5146909356117249,uniform,uniform,10,0.0,0.0,0.0,,
centralized,3456,in_distribution,13,15.718962,0.6,8,6,6,101.19680657982826,417.5420951843262,0.8490245938301086,0.011934812,97.87293,155,1.39199400002326,55.71896,40.0,61.940700000000106,0.5,0.5146909356117249,uniform,uniform,10,0.0,0.0,0.0,,
centralized,3456,in_distribution,14,15.841391,0.7,6,5,5,146.26736078943526,454.1685962677002,0.9229769885540008,0.11208031,0.0,155,1.39199400002326,45.84139,29.999998,61.940700000000106,0.5,0.5146909356117249,uniform,uniform,10,0.0,0.0,0.0,,
centralized,3456,in_distribution,15,12.883181,0.7,6,4,4,140.24079297270094,401.3949680328369,0.795793890953064,0.16854715,200.07587,155,1.39199400002326,42.88318,29.999998,61.940700000000106,0.5,0.5146909356117249,uniform,uniform,10,0.0,0.0,0.0,,
centralized,3456,in_distribution,16,13.03006,0.95,1,1,1,126.9257352854076,429.5077228546143,0.8306714296340942,0.16238888,133.11093,155,1.39199400002326,18.030062,5.000002,61.940700000000106,0.5,0.5146909356117249,uniform,uniform,10,0.0,0.0,0.0,,
centralized,3456,in_distribution,17,11.885403,0.95,1,1,1,107.17851510173396,432.5272464752197,0.7807644098997116,0.14971459,229.45973,155,1.39199400002326,16.885403,5.0,61.940700000000106,0.5,0.5146909356117249,uniform,uniform,10,0.0,0.0,0.0,,
centralized,3456,in_distribution,18,7.3135233,0.7,6,1,1,94.81890205826078,434.7912883758545,0.4943536013364792,0.72164136,781.63257,155,1.39199400002326,37.313526,30.000004,61.940700000000106,0.5,0.5146909356117249,uniform,uniform,10,0.0,0.0,0.0,,
centralized,3456,in_distribution,19,7.104828,0.4,12,1,1,67.72372461855412,457.2868251800537,0.403747895359993,0.33034873,978.09106,155,1.39199400002326,67.10483,60.0,61.940700000000106,0.5,0.5146909356117249,uniform,uniform,10,0.0,0.0,0.0,,
centralized,3456,in_distribution,20,15.925608,0.6,8,7,7,128.5869860649109,341.0591697692871,0.863451361656189,0.087542765,70.17347,155,1.39199400002326,55.925606,40.0,61.940700000000106,0.5,0.5146909356117249,uniform,uniform,10,0.0,0.0,0.0,,
centralized,3456,in_distribution,21,13.130864,0.90000004,2,1,1,126.70380403598148,474.4649505615234,0.8162340760231018,0.18638587,203.29562,155,1.39199400002326,23.130865,10.000001,61.940700000000106,0.5,0.5146909356117249,uniform,uniform,10,0.0,0.0,0.0,,
centralized,3456,in_distribution,22,16.88153,0.55,9,8,8,152.13875770568848,447.7447128295898,0.908200466632843,0.041607752,0.0,155,1.39199400002326,61.88154,45.000008,61.940700000000106,0.5,0.5146909356117249,uniform,uniform,10,0.0,0.0,0.0,,
centralized,3456,in_distribution,23,16.574848,0.55,9,8,8,158.26351989399302,453.4082221984863,0.91115021109581,0.07498725,0.0,155,1.39199400002326,61.574852,45.000004,61.940700000000106,0.5,0.5146909356117249,uniform,uniform,10,0.0,0.0,0.0,,
centralized,3456,in_distribution,24,14.725404,0.75,5,4,4,162.14856004714966,446.7119693756104,0.831856319308281,0.07376069,145.54793,155,1.39199400002326,39.725403,25.0,61.940700000000106,0.5,0.5146909356117249,uniform,uniform,10,0.0,0.0,0.0,,
centralized,3456,in_distribution,25,9.109922,0.8,4,3,3,84.56549679860473,408.043212890625,0.5817669034004211,0.42579067,611.0077,155,1.39199400002326,29.109924,20.000002,61.940700000000106,0.5,0.5146909356117249,uniform,uniform,10,0.0,0.0,0.0,,
centralized,3456,in_distribution,26,16.326153,0.7,6,6,6,170.29968253203802,439.18261528015137,0.9037410408258438,0.081864096,0.0,155,1.39199400002326,46.326145,29.999992,61.940700000000106,0.5,0.5146909356117249,uniform,uniform,10,0.0,0.0,0.0,,
centralized,3456,in_distribution,27,17.25914,0.45000002,11,11,11,99.8246290286382,445.15811920166016,0.9016055703163148,0.04432046,10.075539,155,1.39199400002326,72.25915,55.000008,61.940700000000106,0.5,0.5146909356117249,uniform,uniform,10,0.0,0.0,0.0,,
centralized,3456,in_distribution,28,17.13412,0.45000002,11,9,9,148.85106364885965,440.7095432281494,0.9045363157987596,0.01249324,0.0,155,1.39199400002326,72.134125,55.000004,61.940700000000106,0.5,0.5146909356117249,uniform,uniform,10,0.0,0.0,0.0,,
centralized,3456,in_distribution,29,13.179349,0.90000004,2,1,1,125.76624770959218,477.5350284576416,0.8390241742134095,0.18382674,198.86523,155,1.39199400002326,23.179348,9.999999,61.940700000000106,0.5,0.5146909356117249,uniform,uniform,10,0.0,0.0,0.0,,
centralized,3456,in_distribution,30,16.337729,0.65000004,7,7,7,92.8214192390442,477.4187850952149,0.9294889390468596,0.10824527,0.0,155,1.39199400002326,51.337738,35.000008,61.940700000000106,0.5,0.5146909356117249,uniform,uniform,10,0.0,0.0,0.0,,
centralized,3456,in_distribution,31,11.628638,0.7,6,1,1,126.2934843982969,454.90891456604,0.6849819004535675,0.2806322,441.16458,155,1.39199400002326,41.628635,29.999996,61.940700000000106,0.5,0.5146909356117249,uniform,uniform,10,0.0,0.0,0.0,,
centralized,3456,in_distribution,32,12.056769,0.8,4,2,2,123.09280531480908,441.9053649902344,0.7040529489517212,0.22571327,386.12384,155,1.39199400002326,32.05677,20.0,61.940700000000106,0.5,0.5146909356117249,uniform,uniform,10,0.0,0.0,0.0,,
centralized,3456,in_distribution,33,10.939634,0.85,3,1,1,110.23027213180768,465.7153415679932,0.7447161167860031,0.31109554,331.86038,155,1.39199400002326,25.939629,14.999994,61.940700000000106,0.5,0.5146909356117249,uniform,uniform,10,0.0,0.0,0.0,,
centralized,3456,in_distribution,34,11.200661,0.75,5,4,4,111.79879665374756,473.0631923675537,0.6882215023040772,0.42865783,458.08368,155,1.39199400002326,36.20066,25.0,61.940700000000106,0.5,0.5146909356117249,uniform,uniform,10,0.0,0.0,0.0,,
centralized,3456,in_distribution,35,12.3447,0.65000004,7,6,6,160.4525690812331,440.17979621887207,0.6804975360631943,0.29003805,429.62463,155,1.39199400002326,47.3447,35.0,61.940700000000106,0.5,0.5146909356117249,uniform,uniform,10,0.0,0.0,0.0,,
centralized,3456,in_distribution,36,13.587889,0.90000004,2,2,2,154.65171049038568,436.63172721862793,0.838760831952095,0.16294974,122.21108,155,1.39199400002326,23.587885,9.999996,61.940700000000106,0.5,0.5146909356117249,uniform,uniform,10,0.0,0.0,0.0,,
centralized,3456,in_distribution,37,13.447813,0.75,5,2,2,99.60559344291688,453.3145809173584,0.7687999993562699,0.15664205,273.21863,155,1.39199400002326,38.447815,25.000002,61.940700000000106,0.5,0.5146909356117249,uniform,uniform,10,0.0,0.0,0.0,,
centralized,3456,in_distribution,38,16.630001,0.65000004,7,6,6,141.10340375166672,459.5283508300781,0.9243641525506974,0.07998048,0.0,155,1.39199400002326,51.629997,34.999996,61.940700000000106,0.5,0.5146909356117249,uniform,uniform,10,0.0,0.0,0.0,,
centralized,3456,in_distribution,39,13.511672,0.7,6,6,6,174.32300001382828,435.74146270751953,0.799556577205658,0.2826431,196.59303,155,1.39199400002326,43.511677,30.000004,61.940700000000106,0.5,0.5146909356117249,uniform,uniform,10,0.0,0.0,0.0,,
centralized,3456,in_distribution,40,11.332855,0.8,4,1,1,136.92186270374805,415.7141876220703,0.7126742005348206,0.16633722,359.66565,155,1.39199400002326,31.332859,20.000004,61.940700000000106,0.5,0.5146909356117249,uniform,uniform,10,0.0,0.0,0.0,,
centralized,3456,in_distribution,41,10.42713,0.7,6,1,1,125.9528351681573,446.6415309906006,0.7013921529054642,0.32518637,395.96872,155,1.39199400002326,40.42713,30.000002,61.940700000000106,0.5,0.5146909356117249,uniform,uniform,10,0.0,0.0,0.0,,
centralized,3456,in_distribution,42,16.516077,0.65000004,7,5,5,156.6913181084853,447.10052490234375,0.9154915392398836,0.05735677,0.0,155,1.39199400002326,51.516068,34.999992,61.940700000000106,0.5,0.5146909356117249,uniform,uniform,10,0.0,0.0,0.0,,
centralized,3456,in_distribution,43,12.151654,0.6,8,5,5,152.14530482888222,445.0748634338379,0.7108177870512009,0.39614964,384.0,155,1.39199400002326,52.151657,40.000004,61.940700000000106,0.5,0.5146909356117249,uniform,uniform,10,0.0,0.0,0.0,,
centralized,3456,in_distribution,44,14.56213,0.75,5,4,4,115.76096940040588,473.7039184570313,0.8546443223953247,0.086342424,128.78703,155,1.39199400002326,39.562134,25.000004,61.940700000000106,0.5,0.5146909356117249,uniform,uniform,10,0.0,0.0,0.0,,
centralized,3456,in_distribution,45,16.91,0.5,10,6,6,83.79844039678574,232.26696968078613,0.9000000953674316,0.041051995,0.0,155,1.39199400002326,66.91,50.000004,61.940700000000106,0.5,0.5146909356117249,uniform,uniform,10,0.0,0.0,0.0,,
centralized,3456,in_distribution,46,15.582697,0.7,6,4,4,145.81204597439086,478.4486675262451,0.9000348180532456,0.054074485,48.0,155,1.39199400002326,45.5827,30.000002,61.940700000000106,0.5,0.5146909356117249,uniform,uniform,10,0.0,0.0,0.0,,
centralized,3456,in_distribution,47,6.6421824,0.6,8,0,0,83.57833787798882,383.1347751617432,0.4553220570087433,0.7282792,853.78186,155,1.39199400002326,46.64218,40.0,61.940700000000106,0.5,0.5146909356117249,uniform,uniform,10,0.0,0.0,0.0,,
centralized,3456,in_distribution,48,10.986654,0.85,3,2,2,123.86292773134568,466.3981819152832,0.6867506086826325,0.3362571,444.33438,155,1.39199400002326,25.986654,15.0,61.940700000000106,0.5,0.5146909356117249,uniform,uniform,10,0.0,0.0,0.0,,
centralized,3456,in_distribution,49,16.476574,0.55,9,6,6,180.62467737631368,467.6244735717773,0.9171630382537842,0.042682473,2.6716347,155,1.39199400002326,61.476578,45.000004,61.940700000000106,0.5,0.5146909356117249,uniform,uniform,10,0.0,0.0,0.0,,
centralized,3456,in_distribution,50,15.727038,0.65000004,7,5,5,92.09696125525694,471.6985988616944,0.9094714909791948,0.076884896,21.51342,155,1.39199400002326,50.72704,35.0,61.940700000000106,0.5,0.5146909356117249,uniform,uniform,10,0.0,0.0,0.0,,
centralized,3456,in_distribution,51,16.173973,0.65000004,7,5,5,167.80004739761353,430.5218696594238,0.8986799120903015,0.13225459,2.534752,155,1.39199400002326,51.173973,35.0,61.940700000000106,0.5,0.5146909356117249,uniform,uniform,10,0.0,0.0,0.0,,
centralized,3456,in_distribution,52,13.9882345,0.7,6,6,6,144.4885796734265,438.561601638794,0.821995148062706,0.15021856,156.33102,155,1.39199400002326,43.98823,29.999996,61.940700000000106,0.5,0.5146909356117249,uniform,uniform,10,0.0,0.0,0.0,,
centralized,3456,in_distribution,53,15.589133,0.7,6,4,4,172.81522342136927,452.3698425292969,0.9019165664911272,0.033133548,19.655909,155,1.39199400002326,45.589134,30.0,61.940700000000106,0.5,0.5146909356117249,uniform,uniform,10,0.0,0.0,0.0,,
centralized,3456,in_distribution,54,7.373519,0.45000002,11,5,5,57.09370642900467,423.16051483154297,0.4582412242889404,0.29464898,848.177,155,1.39199400002326,62.37352,55.0,61.940700000000106,0.5,0.5146909356117249,uniform,uniform,10,0.0,0.0,0.0,,
centralized,3456,in_distribution,55,12.97954,0.7,6,2,2,102.8499222546816,414.3354892730713,0.7906918525695801,0.1566072,209.87181,155,1.39199400002326,42.97954,30.000002,61.940700000000106,0.5,0.5146909356117249,uniform,uniform,10,0.0,0.0,0.0,,
centralized,3456,in_distribution,56,4.940132,0.35,13,2,2,129.68579752104625,421.0701942443848,0.3087733387947082,1.0197641,1135.1552,155,1.39199400002326,69.94013,65.0,61.940700000000106,0.5,0.5146909356117249,uniform,uniform,10,0.0,0.0,0.0,,
centralized,3456,in_distribution,57,16.589388,0.6,8,7,7,84.10602658987045,474.5444583892822,0.9221586674451828,0.039694354,0.0,155,1.39199400002326,56.589394,40.000008,61.940700000000106,0.5,0.5146909356117249,uniform,uniform,10,0.0,0.0,0.0,,
centralized,3456,in_distribution,58,6.6308293,0.45000002,11,0,0,71.6856415073077,228.03575992584229,0.4318140745162964,0.12399282,898.91705,155,1.39199400002326,61.63083,55.0,61.940700000000106,0.5,0.5146909356117249,uniform,uniform,10,0.0,0.0,0.0,,
centralized,3456,in_distribution,59,14.428305,0.85,3,2,2,161.1125277421054,478.1062602996826,0.8531098157167435,0.14812455,136.13559,155,1.39199400002326,29.428303,14.999998,61.940700000000106,0.5,0.5146909356117249,uniform,uniform,10,0.0,0.0,0.0,,
centralized,3456,in_distribution,60,16.880001,0.6,8,8,8,153.7450948357582,459.1584777832031,0.9141451358795166,0.07444681,5.722046e-06,155,1.39199400002326,56.88,40.0,61.940700000000106,0.5,0.5146909356117249,uniform,uniform,10,0.0,0.0,0.0,,
centralized,3456,in_distribution,61,10.848639,0.7,6,2,2,104.8531002657754,389.6944713592529,0.6723249554634094,0.19215114,437.13614,155,1.39199400002326,40.84864,30.000002,61.940700000000106,0.5,0.5146909356117249,uniform,uniform,10,0.0,0.0,0.0,,
centralized,3456,in_distribution,62,15.562201,0.8,4,4,4,116.75598442554474,448.2235908508301,0.9000844299793244,0.08125544,16.061588,155,1.39199400002326,35.562202,20.000002,61.940700000000106,0.5,0.5146909356117249,uniform,uniform,10,0.0,0.0,0.0,,
centralized,3456,in_distribution,63,12.387091,0.6,8,7,7,77.22580403089523,389.3383598327637,0.6943385004997253,0.55654484,394.8702,155,1.39199400002326,52.387093,40.0,61.940700000000106,0.5,0.5146909356117249,uniform,uniform,10,0.0,0.0,0.0,,
centralized,3456,in_distribution,64,17.51,0.45000002,11,11,11,123.48940253257751,448.7607192993164,0.908729636669159,0.048978508,0.0,155,1.39199400002326,72.51,55.0,61.940700000000106,0.5,0.5146909356117249,uniform,uniform,10,0.0,0.0,0.0,,
centralized,3456,in_distribution,65,12.504014,0.65000004,7,5,5,119.68974888324738,448.6201572418213,0.7169017285108567,0.26787472,368.16885,155,1.39199400002326,47.504005,34.999992,61.940700000000106,0.5,0.5146909356117249,uniform,uniform,10,0.0,0.0,0.0,,
centralized,3456,in_distribution,66,10.515063,0.6,8,2,2,93.98859903216362,454.1396427154541,0.6288157790899277,0.47003612,542.8135,155,1.39199400002326,50.515064,40.0,61.940700000000106,0.5,0.5146909356117249,uniform,uniform,10,0.0,0.0,0.0,,
centralized,3456,in_distribution,67,9.214608,0.7,6,2,2,133.70940295713288,456.8660545349121,0.5840244829654694,0.52022207,631.5391,155,1.39199400002326,39.214607,30.0,61.940700000000106,0.5,0.5146909356117249,uniform,uniform,10,0.0,0.0,0.0,,
centralized,3456,in_distribution,68,8.697336,0.65000004,7,0,0,109.63309118380911,441.1775207519531,0.5520370244979859,0.59142286,677.2664,155,1.39199400002326,43.69734,35.0,61.940700000000106,0.5,0.5146909356117249,uniform,uniform,10,0.0,0.0,0.0,,
centralized,3456,in_distribution,69,12.770051,0.7,6,5,5,130.42856786932265,337.6716899871826,0.7374374866485596,0.25849313,312.12015,155,1.39199400002326,42.770054,30.000004,61.940700000000106,0.5,0.5146909356117249,uniform,uniform,10,0.0,0.0,0.0,,
centralized,3456,in_distribution,70,14.09154,0.85,3,2,2,116.983861274579,476.8735027313232,0.8765105396509171,0.047818244,89.973434,155,1.39199400002326,29.091541,15.000001,61.940700000000106,0.5,0.5146909356117249,uniform,uniform,10,0.0,0.0,0.0,,
centralized,3456,in_distribution,71,16.774988,0.6,8,8,8,157.16689497232437,449.69844818115234,0.9092180371284484,0.03590076,0.0,155,1.39199400002326,56.774986,40.0,61.940700000000106,0.5,0.5146909356117249,uniform,uniform,10,0.0,0.0,0.0,,
centralized,3456,in_distribution,72,16.047714,0.7,6,5,5,153.28855071749007,459.9660015106201,0.9191594004631044,0.09314893,0.0,155,1.39199400002326,46.047714,30.0,61.940700000000106,0.5,0.5146909356117249,uniform,uniform,10,0.0,0.0,0.0,,
centralized,3456,in_distribution,73,13.91221,0.4,12,4,4,59.69424840062857,374.2069816589356,0.7339693307876587,0.2639913,318.7789,155,1.39199400002326,73.91222,60.000008,61.940700000000106,0.5,0.5146909356117249,uniform,uniform,10,0.0,0.0,0.0,,
centralized,3456,in_distribution,74,16.67,0.55,9,8,8,121.84866786003111,451.942777633667,0.9103869587183,0.021081317,0.0,155,1.39199400002326,61.670002,45.0,61.940700000000106,0.5,0.5146909356117249,uniform,uniform,10,0.0,0.0,0.0,,
centralized,3456,in_distribution,75,17.235695,0.45000002,11,10,10,115.3706955909729,472.92357444763184,0.9213144570589066,0.04062609,0.0,155,1.39199400002326,72.2357,55.000008,61.940700000000106,0.5,0.5146909356117249,uniform,uniform,10,0.0,0.0,0.0,,
centralized,3456,in_distribution,76,14.383563,0.75,5,3,3,121.11429500579834,424.9457359313965,0.8329981565475464,0.1588871,128.64362,155,1.39199400002326,39.38356,24.999996,61.940700000000106,0.5,0.5146909356117249,uniform,uniform,10,0.0,0.0,0.0,,
centralized,3456,in_distribution,77,11.970425,0.65000004,7,4,4,135.4589665394563,445.8635902404785,0.697589510679245,0.23705168,402.49173,155,1.39199400002326,46.97042,34.999996,61.940700000000106,0.5,0.5146909356117249,uniform,uniform,10,0.0,0.0,0.0,,
centralized,3456,in_distribution,78,16.537722,0.65000004,7,6,6,137.0078568275158,460.84081649780273,0.9148856341838836,0.03876578,0.2605362,155,1.39199400002326,51.53772,35.0,61.940700000000106,0.5,0.5146909356117249,uniform,uniform,10,0.0,0.0,0.0,,
centralized,3456,in_distribution,79,16.333012,0.65000004,7,6,6,147.44341080005353,464.5779705047608,0.9240870952606202,0.06854074,0.0,155,1.39199400002326,51.333008,34.999996,61.940700000000106,0.5,0.5146909356117249,uniform,uniform,10,0.0,0.0,0.0,,
centralized,3456,in_distribution,80,16.155876,0.7,6,4,4,177.13585547038488,443.84742736816406,0.9061706304550172,0.042257752,0.0,155,1.39199400002326,46.155876,30.0,61.940700000000106,0.5,0.5146909356117249,uniform,uniform,10,0.0,0.0,0.0,,
centralized,3456,in_distribution,81,9.60528,0.85,3,2,2,138.00556098713594,478.55149269104,0.6242800533771515,0.60628754,587.4721,155,1.39199400002326,24.605278,14.999998,61.940700000000106,0.5,0.5146909356117249,uniform,uniform,10,0.0,0.0,0.0,,
centralized,3456,in_distribution,82,15.8252125,0.8,4,4,4,161.6587657481432,474.380235671997,0.9258734166622162,0.06801874,13.609005,155,1.39199400002326,35.82522,20.000006,61.940700000000106,0.5,0.5146909356117249,uniform,uniform,10,0.0,0.0,0.0,,
centralized,3456,in_distribution,83,13.050447,0.85,3,3,3,137.56667375564575,479.93391036987305,0.8046764075756073,0.18947196,230.95534,155,1.39199400002326,28.05045,15.000002,61.940700000000106,0.5,0.5146909356117249,uniform,uniform,10,0.0,0.0,0.0,,
centralized,3456,in_distribution,84,15.829738,0.75,5,5,5,164.04622864723206,450.2262210845947,0.922282737493515,0.0897008,0.0,155,1.39199400002326,40.829735,24.999996,61.940700000000106,0.5,0.5146909356117249,uniform,uniform,10,0.0,0.0,0.0,,
centralized,3456,in_distribution,85,16.09,0.7,6,5,5,140.40847190788813,474.22119140625,0.9219902992248536,0.040330824,0.0,155,1.39199400002326,46.089996,29.999996,61.940700000000106,0.5,0.5146909356117249,uniform,uniform,10,0.0,0.0,0.0,,
centralized,3456,in_distribution,86,16.197422,0.7,6,3,3,152.74954012462072,447.7026557922363,0.9132330596446993,0.07563611,0.0,155,1.39199400002326,46.197426,30.000004,61.940700000000106,0.5,0.5146909356117249,uniform,uniform,10,0.0,0.0,0.0,,
centralized,3456,in_distribution,87,10.759602,0.65000004,7,2,2,79.43519570506535,440.3070259094238,0.6310693562030792,0.410107,524.65393,155,1.39199400002326,45.7596,35.0,61.940700000000106,0.5,0.5146909356117249,uniform,uniform,10,0.0,0.0,0.0,,
centralized,3456,in_distribution,88,10.345312,0.6,8,1,1,102.84430280327796,431.48386001586914,0.6270071268081665,0.43462953,524.14636,155,1.39199400002326,50.345314,40.0,61.940700000000106,0.5,0.5146909356117249,uniform,uniform,10,0.0,0.0,0.0,,
centralized,3456,in_distribution,89,11.105614,0.85,3,2,2,78.01569957943524,452.7913856506348,0.7210171163082123,0.15953146,364.4385,155,1.39199400002326,26.105614,15.0,61.940700000000106,0.5,0.5146909356117249,uniform,uniform,10,0.0,0.0,0.0,,
centralized,3456,in_distribution,90,16.115852,0.7,6,5,5,136.70383981295996,479.2224597930908,0.9245951265096664,0.072986275,0.0,155,1.39199400002326,46.11586,30.000008,61.940700000000106,0.5,0.5146909356117249,uniform,uniform,10,0.0,0.0,0.0,,
centralized,3456,in_distribution,91,17.14,0.45000002,11,10,10,106.39071434736252,425.3623580932617,0.9000000953674316,0.113617726,0.0,155,1.39199400002326,72.14,55.0,61.940700000000106,0.5,0.5146909356117249,uniform,uniform,10,0.0,0.0,0.0,,
centralized,3456,in_distribution,92,16.56,0.7,6,5,5,216.8897203036717,479.6984195709229,0.944600510597229,0.0045188437,0.0,155,1.39199400002326,46.559994,29.999994,61.940700000000106,0.5,0.5146909356117249,uniform,uniform,10,0.0,0.0,0.0,,
centralized,3456,in_distribution,93,14.960702,0.75,5,4,4,144.28642988204956,468.9321613311768,0.8552095979452133,0.08436777,122.92985,155,1.39199400002326,39.960705,25.000004,61.940700000000106,0.5,0.5146909356117249,uniform,uniform,10,0.0,0.0,0.0,,
centralized,3456,in_distribution,94,13.942032,0.8,4,3,3,116.13296217285097,475.61914443969727,0.8419411659240723,0.15707548,166.9695,155,1.39199400002326,33.94203,20.0,61.940700000000106,0.5,0.5146909356117249,uniform,uniform,10,0.0,0.0,0.0,,
centralized,3456,in_distribution,95,14.570963,0.6,8,5,5,155.4396003484726,460.1586627960205,0.8226000159978867,0.17335616,176.76683,155,1.39199400002326,54.570965,40.0,61.940700000000106,0.5,0.5146909356117249,uniform,uniform,10,0.0,0.0,0.0,,
centralized,3456,in_distribution,96,12.289877,0.45000002,11,4,4,185.88146249453223,450.6158065795898,0.6867711186408997,0.1828009,428.01532,155,1.39199400002326,67.28988,55.0,61.940700000000106,0.5,0.5146909356117249,uniform,uniform,10,0.0,0.0,0.0,,
centralized,3456,in_distribution,97,17.19,0.55,9,7,7,163.77706549384376,450.776309967041,0.9097794234752656,0.070394546,0.0,155,1.39199400002326,62.19,45.0,61.940700000000106,0.5,0.5146909356117249,uniform,uniform,10,0.0,0.0,0.0,,
centralized,3456,in_distribution,98,14.375496,0.95,1,0,0,133.78849851457696,427.2770118713379,0.9000000953674316,0.03603672,0.0,155,1.39199400002326,19.375494,4.999998,61.940700000000106,0.5,0.5146909356117249,uniform,uniform,10,0.0,0.0,0.0,,
centralized,3456,in_distribution,99,11.462425,0.8,4,3,3,150.2754981815815,460.81509590148926,0.6757437407970428,0.31686932,480.0,155,1.39199400002326,31.462427,20.000002,61.940700000000106,0.5,0.5146909356117249,uniform,uniform,10,0.0,0.0,0.0,,
independent_narrow,1234,in_distribution,0,9.559999,0.90000004,2,1,1,175.47480265299478,479.9184036254883,0.6286045491695404,0.5951359,575.99994,159,4.689102999991519,19.560001,10.000002,66.29629600000044,0.5,0.5146909356117249,uniform,uniform,10,0.0,0.0,0.0,,
independent_narrow,1234,in_distribution,1,7.200845,0.85,3,2,2,131.66866021997788,473.2393169403076,0.5246638387441636,0.7961727,769.91565,159,4.689102999991519,22.200846,15.000001,66.29629600000044,0.5,0.5146909356117249,uniform,uniform,10,0.0,0.0,0.0,,
independent_narrow,1234,in_distribution,2,11.429468,0.8,4,4,4,145.2183536812663,454.7493839263916,0.6826543301343918,0.39128903,440.0532,159,4.689102999991519,31.429472,20.000004,66.29629600000044,0.5,0.5146909356117249,uniform,uniform,10,0.0,0.0,0.0,,
independent_narrow,1234,in_distribution,3,8.724251,0.75,5,4,4,144.90728068351746,466.8225288391113,0.5598420441150666,0.66677666,687.92596,159,4.689102999991519,33.72425,25.0,66.29629600000044,0.5,0.5146909356117249,uniform,uniform,10,0.0,0.0,0.0,,
independent_narrow,1234,in_distribution,4,8.372407,0.95,1,1,1,148.71547015089735,460.5501079559326,0.5812342494726181,0.62442553,657.88196,159,4.689102999991519,13.372404,4.999997,66.29629600000044,0.5,0.5146909356117249,uniform,uniform,10,0.0,0.0,0.0,,
independent_narrow,1234,in_distribution,5,8.371092,0.85,3,3,3,161.42187269294962,456.7776489257813,0.5913519591093064,0.61730933,624.00006,159,4.689102999991519,23.371096,15.000004,66.29629600000044,0.5,0.5146909356117249,uniform,uniform,10,0.0,0.0,0.0,,
independent_narrow,1234,in_distribution,6,12.349674,0.95,1,1,1,145.17477656665602,438.6626815795898,0.7707748055458069,0.21925117,254.7751,159,4.689102999991519,17.349674,5.0,66.29629600000044,0.5,0.5146909356117249,uniform,uniform,10,0.0,0.0,0.0,,
independent_narrow,1234,in_distribution,7,10.322058,0.75,5,2,2,138.5105586051941,418.1264019012451,0.6439769268035889,0.5848538,491.56448,159,4.689102999991519,35.322056,24.999998,66.29629600000044,0.5,0.5146909356117249,uniform,uniform,10,0.0,0.0,0.0,,
independent_narrow,1234,in_distribution,8,7.8210635,0.75,5,4,4,164.7464895248413,463.6891078948975,0.5196405977010727,0.7681757,774.89374,159,4.689102999991519,32.821064,25.0,66.29629600000044,0.5,0.5146909356117249,uniform,uniform,10,0.0,0.0,0.0,,
independent_narrow,1234,in_distribution,9,9.010561,0.8,4,2,2,126.25486409291624,434.6732997894287,0.5722549349069596,0.63049716,631.944,159,4.689102999991519,29.010563,20.000002,66.29629600000044,0.5,0.5146909356117249,uniform,uniform,10,0.0,0.0,0.0,,
independent_narrow,1234,in_distribution,10,7.7380877,0.7,6,4,4,161.57511643001013,467.283353805542,0.5030298620462418,0.85566044,797.4662,159,4.689102999991519,37.73809,30.000004,66.29629600000044,0.5,0.5146909356117249,uniform,uniform,10,0.0,0.0,0.0,,
independent_narrow,1234,in_distribution,11,10.612148,0.85,3,3,3,150.8473685208489,458.76036643981934,0.635574820637703,0.4931868,536.0853,159,4.689102999991519,25.612152,15.000004,66.29629600000044,0.5,0.5146909356117249,uniform,uniform,10,0.0,0.0,0.0,,
independent_narrow,1234,in_distribution,12,7.1187334,0.8,4,4,4,146.4915904775262,461.8296718597412,0.5156882792711258,0.7175806,767.70844,159,4.689102999991519,27.118734,20.0,66.29629600000044,0.5,0.5146909356117249,uniform,uniform,10,0.0,0.0,0.0,,
independent_narrow,1234,in_distribution,13,7.444575,0.75,5,5,5,167.28191757202148,431.07333183288574,0.5127382874488831,0.6898568,743.5426,159,4.689102999991519,32.444572,24.999998,66.29629600000044,0.5,0.5146909356117249,uniform,uniform,10,0.0,0.0,0.0,,
independent_narrow,1234,in_distribution,14,9.238001,0.7,6,5,5,168.83981721741813,473.285551071167,0.615669646859169,0.59265834,587.19995,159,4.689102999991519,39.238,29.999998,66.29629600000044,0.5,0.5146909356117249,uniform,uniform,10,0.0,0.0,0.0,,
independent_narrow,1234,in_distribution,15,7.7100005,0.75,5,3,3,167.21767950057983,463.1626224517822,0.5162305921316147,0.71944463,768.00006,159,4.689102999991519,32.710007,25.000006,66.29629600000044,0.5,0.5146909356117249,uniform,uniform,10,0.0,0.0,0.0,,
independent_narrow,1234,in_distribution,16,9.619198,0.95,1,1,1,172.9484218672702,452.0207977294922,0.657122153043747,0.41733152,492.4003,159,4.689102999991519,14.619195,4.999997,66.29629600000044,0.5,0.5146909356117249,uniform,uniform,10,0.0,0.0,0.0,,
independent_narrow,1234,in_distribution,17,7.7490087,0.8,4,4,4,192.2927936911583,476.23443603515625,0.5672875225543976,0.67281395,701.26917,159,4.689102999991519,27.74901,20.000002,66.29629600000044,0.5,0.5146909356117249,uniform,uniform,10,0.0,0.0,0.0,,
independent_narrow,1234,in_distribution,18,10.00405,0.85,3,2,2,160.9741296487696,440.7396411895752,0.6277619689702988,0.40488452,531.43677,159,4.689102999991519,25.004047,14.999997,66.29629600000044,0.5,0.5146909356117249,uniform,uniform,10,0.0,0.0,0.0,,
independent_narrow,1234,in_distribution,19,9.7282295,0.55,9,9,9,206.53578335588628,396.69201850891113,0.5250000357627869,0.72978425,720.00006,159,4.689102999991519,54.72823,45.0,66.29629600000044,0.5,0.5146909356117249,uniform,uniform,10,0.0,0.0,0.0,,
independent_narrow,1234,in_distribution,20,8.55335,0.8,4,3,3,170.49727834761143,479.87377166748047,0.5912546157836914,0.5952915,640.6649,159,4.689102999991519,28.553349,19.999998,66.29629600000044,0.5,0.5146909356117249,uniform,uniform,10,0.0,0.0,0.0,,
independent_narrow,1234,in_distribution,21,8.087305,0.85,3,2,2,180.18082632738,479.7484302520752,0.5911485642194748,0.6020936,640.7433,159,4.689102999991519,23.087303,14.999998,66.29629600000044,0.5,0.5146909356117249,uniform,uniform,10,0.0,0.0,0.0,,
independent_narrow,1234,in_distribution,22,10.708973,0.6,8,7,7,176.71713590621948,401.3596630096436,0.5901061296463013,0.38951525,594.9963,159,4.689102999991519,50.70898,40.000008,66.29629600000044,0.5,0.5146909356117249,uniform,uniform,10,0.0,0.0,0.0,,
independent_narrow,1234,in_distribution,23,7.8421903,0.8,4,3,3,154.83308739960194,467.1432495117188,0.5557368129491806,0.6963624,720.00006,159,4.689102999991519,27.842188,19.999998,66.29629600000044,0.5,0.5146909356117249,uniform,uniform,10,0.0,0.0,0.0,,
independent_narrow,1234,in_distribution,24,8.77522,0.65000004,7,6,6,159.55814893429095,427.9858016967773,0.507563591003418,0.6474673,753.4781,159,4.689102999991519,43.775223,35.000004,66.29629600000044,0.5,0.5146909356117249,uniform,uniform,10,0.0,0.0,0.0,,
independent_narrow,1234,in_distribution,25,8.966725,0.8,4,4,4,186.21964752674103,461.7285346984863,0.5702899128198624,0.7128625,672.00006,159,4.689102999991519,28.966722,19.999996,66.29629600000044,0.5,0.5146909356117249,uniform,uniform,10,0.0,0.0,0.0,,
independent_narrow,1234,in_distribution,26,7.5740514,0.7,6,6,6,144.16489924703325,471.914119720459,0.508102360367775,0.8765914,797.59485,159,4.689102999991519,37.57405,30.0,66.29629600000044,0.5,0.5146909356117249,uniform,uniform,10,0.0,0.0,0.0,,
independent_narrow,1234,in_distribution,27,7.718892,0.65000004,7,7,7,160.18729200729956,459.59635734558105,0.4801541298627853,0.8317963,841.1752,159,4.689102999991519,42.71889,35.0,66.29629600000044,0.5,0.5146909356117249,uniform,uniform,10,0.0,0.0,0.0,,
independent_narrow,1234,in_distribution,28,9.497217,0.8,4,2,2,127.79167648404837,440.9973335266113,0.6147593200206757,0.57770187,556.65955,159,4.689102999991519,29.49722,20.000002,66.29629600000044,0.5,0.5146909356117249,uniform,uniform,10,0.0,0.0,0.0,,
independent_narrow,1234,in_distribution,29,8.110466,0.85,3,2,2,146.2932033398572,462.2928714752197,0.561277636885643,0.6821394,680.6401,159,4.689102999991519,23.110466,15.0,66.29629600000044,0.5,0.5146909356117249,uniform,uniform,10,0.0,0.0,0.0,,
independent_narrow,1234,in_distribution,30,8.58,0.85,3,3,3,160.9029818983639,479.1656112670898,0.620957362651825,0.6450982,624.00006,159,4.689102999991519,23.579998,14.999998,66.29629600000044,0.5,0.5146909356117249,uniform,uniform,10,0.0,0.0,0.0,,
independent_narrow,1234,in_distribution,31,8.613199,0.6,8,5,5,182.64045625925064,461.587028503418,0.5154099702835083,0.6065142,768.00006,159,4.689102999991519,48.613197,40.0,66.29629600000044,0.5,0.5146909356117249,uniform,uniform,10,0.0,0.0,0.0,,
independent_narrow,1234,in_distribution,32,10.323223,0.90000004,2,2,2,174.2900307973226,474.4610595703125,0.6803489953279496,0.40462595,485.98807,159,4.689102999991519,20.323223,10.0,66.29629600000044,0.5,0.5146909356117249,uniform,uniform,10,0.0,0.0,0.0,,
independent_narrow,1234,in_distribution,33,6.008192,0.8,4,2,2,188.2831654697657,440.15049934387207,0.4542451292276382,1.0014875,864.0001,159,4.689102999991519,26.008196,20.000004,66.29629600000044,0.5,0.5146909356117249,uniform,uniform,10,0.0,0.0,0.0,,
independent_narrow,1234,in_distribution,34,10.154528,0.8,4,3,3,191.8952225893736,471.5380382537842,0.6633978664875031,0.5797637,527.99994,159,4.689102999991519,30.154528,20.0,66.29629600000044,0.5,0.5146909356117249,uniform,uniform,10,0.0,0.0,0.0,,
independent_narrow,1234,in_distribution,35,8.650444,0.7,6,6,6,159.28094489233834,380.2192497253418,0.5723104476928711,0.6111845,629.16406,159,4.689102999991519,38.650444,30.0,66.29629600000044,0.5,0.5146909356117249,uniform,uniform,10,0.0,0.0,0.0,,
independent_narrow,1234,in_distribution,36,9.619999,0.90000004,2,2,2,159.2610260844231,447.3255157470703,0.5852248698472977,0.48308507,624.00006,159,4.689102999991519,19.619999,10.0,66.29629600000044,0.5,0.5146909356117249,uniform,uniform,10,0.0,0.0,0.0,,
independent_narrow,1234,in_distribution,37,8.657749,0.8,4,4,4,157.12859384715557,474.4544506072998,0.553139129281044,0.66870064,708.4274,159,4.689102999991519,28.65775,20.0,66.29629600000044,0.5,0.5146909356117249,uniform,uniform,10,0.0,0.0,0.0,,
independent_narrow,1234,in_distribution,38,8.812719,0.7,6,5,5,161.5994200536183,447.79812812805176,0.5642895787954331,0.6393765,660.3622,159,4.689102999991519,38.812714,29.999994,66.29629600000044,0.5,0.5146909356117249,uniform,uniform,10,0.0,0.0,0.0,,
independent_narrow,1234,in_distribution,39,8.441706,0.75,5,5,5,171.94981920719147,469.25734519958496,0.5221566736698151,0.6231908,768.00006,159,4.689102999991519,33.441704,24.999998,66.29629600000044,0.5,0.5146909356117249,uniform,uniform,10,0.0,0.0,0.0,,
independent_narrow,1234,in_distribution,40,5.7356367,0.55,9,7,7,191.39305878769267,461.4485836029053,0.3799947589635849,0.95920515,1027.8588,159,4.689102999991519,50.735634,44.999996,66.29629600000044,0.5,0.5146909356117249,uniform,uniform,10,0.0,0.0,0.0,,
independent_narrow,1234,in_distribution,41,9.379716,0.85,3,3,3,156.5418802289402,437.2049903869629,0.6372482120990753,0.57795215,509.68854,159,4.689102999991519,24.379715,14.999999,66.29629600000044,0.5,0.5146909356117249,uniform,uniform,10,0.0,0.0,0.0,,
independent_narrow,1234,in_distribution,42,10.3725605,0.65000004,7,5,5,147.16624700106107,448.6697387695313,0.5771657466888428,0.4097121,636.51166,159,4.689102999991519,45.37256,35.0,66.29629600000044,0.5,0.5146909356117249,uniform,uniform,10,0.0,0.0,0.0,,
independent_narrow,1234,in_distribution,43,8.992853,0.75,5,3,3,167.87336027622223,426.1966896057129,0.5607876777648926,0.60875165,651.2878,159,4.689102999991519,33.99285,24.999998,66.29629600000044,0.5,0.5146909356117249,uniform,uniform,10,0.0,0.0,0.0,,
independent_narrow,1234,in_distribution,44,9.934428,0.8,4,3,3,177.0891031622887,440.93058586120605,0.6581685274839402,0.58217907,480.54135,159,4.689102999991519,29.934423,19.999996,66.29629600000044,0.5,0.5146909356117249,uniform,uniform,10,0.0,0.0,0.0,,
independent_narrow,1234,in_distribution,45,8.743618,0.75,5,4,4,194.4331979751587,431.7916774749756,0.5586807131767273,0.6650546,655.3331,159,4.689102999991519,33.743618,25.0,66.29629600000044,0.5,0.5146909356117249,uniform,uniform,10,0.0,0.0,0.0,,
independent_narrow,1234,in_distribution,46,10.50457,0.65000004,7,6,6,145.61040717821854,430.3044033050537,0.6172266602516174,0.60663784,542.925,159,4.689102999991519,45.504574,35.000004,66.29629600000044,0.5,0.5146909356117249,uniform,uniform,10,0.0,0.0,0.0,,
independent_narrow,1234,in_distribution,47,6.691757,0.65000004,7,4,4,183.97823631763455,426.0234832763672,0.4230082631111145,1.0144833,915.82434,159,4.689102999991519,41.691757,35.0,66.29629600000044,0.5,0.5146909356117249,uniform,uniform,10,0.0,0.0,0.0,,
independent_narrow,1234,in_distribution,48,9.708422,0.90000004,2,1,1,160.18498361110687,464.4208431243897,0.623117345571518,0.58733803,575.99994,159,4.689102999991519,19.708424,10.000002,66.29629600000044,0.5,0.5146909356117249,uniform,uniform,10,0.0,0.0,0.0,,
independent_narrow,1234,in_distribution,49,8.010375,0.75,5,2,2,154.36973357200625,443.60721588134766,0.5495597958564759,0.6381062,684.4525,159,4.689102999991519,33.01038,25.000004,66.29629600000044,0.5,0.5146909356117249,uniform,uniform,10,0.0,0.0,0.0,,
independent_narrow,1234,in_distribution,50,7.787504,0.65000004,7,7,7,192.8915859873478,462.3803901672363,0.4822068333625793,0.8708387,858.30774,159,4.689102999991519,42.7875,34.999992,66.29629600000044,0.5,0.5146909356117249,uniform,uniform,10,0.0,0.0,0.0,,
independent_narrow,1234,in_distribution,51,9.112493,0.75,5,3,3,168.87453508377075,379.02445793151855,0.5621057152748108,0.5881599,648.7571,159,4.689102999991519,34.112488,24.999996,66.29629600000044,0.5,0.5146909356117249,uniform,uniform,10,0.0,0.0,0.0,,
independent_narrow,1234,in_distribution,52,9.8624525,0.8,4,4,4,180.4667219147086,452.6416110992432,0.6647765815258027,0.4000388,482.48685,159,4.689102999991519,29.862444,19.999992,66.29629600000044,0.5,0.5146909356117249,uniform,uniform,10,0.0,0.0,0.0,,
independent_narrow,1234,in_distribution,53,7.5016127,0.75,5,3,3,138.70619928836825,421.4659309387207,0.5427161455154419,0.6102326,685.9851,159,4.689102999991519,32.50161,24.999996,66.29629600000044,0.5,0.5146909356117249,uniform,uniform,10,0.0,0.0,0.0,,
independent_narrow,1234,in_distribution,54,7.154466,0.7,6,4,4,129.28376338311605,424.0837097167969,0.4701344072818756,0.8478414,825.3421,159,4.689102999991519,37.154465,29.999998,66.29629600000044,0.5,0.5146909356117249,uniform,uniform,10,0.0,0.0,0.0,,
independent_narrow,1234,in_distribution,55,9.363149,0.7,6,5,5,126.25909898962291,411.93700790405273,0.5827561616897583,0.6640913,609.1083,159,4.689102999991519,39.363155,30.000008,66.29629600000044,0.5,0.5146909356117249,uniform,uniform,10,0.0,0.0,0.0,,
independent_narrow,1234,in_distribution,56,9.661556,0.90000004,2,2,2,182.85693605740863,478.4856605529785,0.6609353452920914,0.4667423,527.99994,159,4.689102999991519,19.661554,9.999998,66.29629600000044,0.5,0.5146909356117249,uniform,uniform,10,0.0,0.0,0.0,,
independent_narrow,1234,in_distribution,57,8.895557,0.75,5,4,4,138.34102249145508,474.0867233276367,0.5849971413612366,0.587336,646.89233,159,4.689102999991519,33.895557,25.0,66.29629600000044,0.5,0.5146909356117249,uniform,uniform,10,0.0,0.0,0.0,,
independent_narrow,1234,in_distribution,58,10.96872,0.8,4,3,3,192.60529451072216,457.7960586547852,0.6884355187416077,0.36479577,432.0,159,4.689102999991519,30.968721,20.0,66.29629600000044,0.5,0.5146909356117249,uniform,uniform,10,0.0,0.0,0.0,,
independent_narrow,1234,in_distribution,59,10.385827,0.95,1,0,0,190.01140415668488,457.0067024230957,0.669083195924759,0.43364567,479.99997,159,4.689102999991519,15.385829,5.000002,66.29629600000044,0.5,0.5146909356117249,uniform,uniform,10,0.0,0.0,0.0,,
independent_narrow,1234,in_distribution,60,7.090066,0.8,4,4,4,126.5790482237935,440.98185539245605,0.5097697764635086,0.8233134,758.224,159,4.689102999991519,27.090063,19.999996,66.29629600000044,0.5,0.5146909356117249,uniform,uniform,10,0.0,0.0,0.0,,
independent_narrow,1234,in_distribution,61,11.469802,1.0,0,0,0,152.33151541650295,449.5084476470947,0.7948381990194321,0.1696281,219.41922,159,4.689102999991519,11.469803,9.536743e-07,66.29629600000044,0.5,0.5146909356117249,uniform,uniform,10,0.0,0.0,0.0,,
independent_narrow,1234,in_distribution,62,8.7509775,0.8,4,4,4,155.09457685053349,439.82605934143066,0.5726619452238083,0.62280095,636.31525,159,4.689102999991519,28.750978,20.0,66.29629600000044,0.5,0.5146909356117249,uniform,uniform,10,0.0,0.0,0.0,,
independent_narrow,1234,in_distribution,63,10.744763,0.75,5,5,5,215.20423412323,474.9083805084229,0.6884438276290894,0.54072875,479.5236,159,4.689102999991519,35.744762,25.0,66.29629600000044,0.5,0.5146909356117249,uniform,uniform,10,0.0,0.0,0.0,,
independent_narrow,1234,in_distribution,64,9.810568,0.7,6,6,6,154.43472811153956,382.5926971435547,0.5635945796966553,0.6373864,645.89856,159,4.689102999991519,39.810566,29.999998,66.29629600000044,0.5,0.5146909356117249,uniform,uniform,10,0.0,0.0,0.0,,
independent_narrow,1234,in_distribution,65,7.027315,0.75,5,3,3,150.33460927009585,471.1075401306152,0.5088388860225678,0.7565342,790.1371,159,4.689102999991519,32.027313,24.999998,66.29629600000044,0.5,0.5146909356117249,uniform,uniform,10,0.0,0.0,0.0,,
independent_narrow,1234,in_distribution,66,7.930177,0.75,5,3,3,150.29816591739657,452.7698421478272,0.5266622096300125,0.65634763,737.5786,159,4.689102999991519,32.930176,24.999998,66.29629600000044,0.5,0.5146909356117249,uniform,uniform,10,0.0,0.0,0.0,,
independent_narrow,1234,in_distribution,67,9.107177,0.75,5,5,5,158.7111897468567,445.6533050537109,0.5626932621002197,0.5991281,661.2823,159,4.689102999991519,34.107178,25.0,66.29629600000044,0.5,0.5146909356117249,uniform,uniform,10,0.0,0.0,0.0,,
independent_narrow,1234,in_distribution,68,9.209004,0.8,4,3,3,208.68500255048275,454.7378826141357,0.5894340455532074,0.5888332,624.00006,159,4.689102999991519,29.209007,20.000004,66.29629600000044,0.5,0.5146909356117249,uniform,uniform,10,0.0,0.0,0.0,,
independent_narrow,1234,in_distribution,69,9.408089,0.85,3,3,3,142.74694919586182,442.4307346343994,0.6359609246253968,0.5953968,526.1911,159,4.689102999991519,24.408089,15.0,66.29629600000044,0.5,0.5146909356117249,uniform,uniform,10,0.0,0.0,0.0,,
independent_narrow,1234,in_distribution,70,7.799082,0.90000004,2,1,1,157.5421888629595,450.2994060516357,0.5595310121774674,0.644878,672.00006,159,4.689102999991519,17.799082,10.0,66.29629600000044,0.5,0.5146909356117249,uniform,uniform,10,0.0,0.0,0.0,,
independent_narrow,1234,in_distribution,71,7.790283,0.8,4,4,4,127.808955386281,474.424352645874,0.5258210480213166,0.7032454,800.33234,159,4.689102999991519,27.790281,19.999998,66.29629600000044,0.5,0.5146909356117249,uniform,uniform,10,0.0,0.0,0.0,,
independent_narrow,1234,in_distribution,72,8.143383,0.7,6,5,5,131.67545327118464,451.5707302093506,0.5285913735628128,0.5994103,732.6754,159,4.689102999991519,38.14338,29.999996,66.29629600000044,0.5,0.5146909356117249,uniform,uniform,10,0.0,0.0,0.0,,
independent_narrow,1234,in_distribution,73,7.5800004,0.8,4,4,4,176.0212680324912,455.0289916992188,0.4869943499565125,0.76991975,816.00006,159,4.689102999991519,27.58,20.0,66.29629600000044,0.5,0.5146909356117249,uniform,uniform,10,0.0,0.0,0.0,,
independent_narrow,1234,in_distribution,74,8.48459,0.65000004,7,6,6,190.92588956539447,441.6291618347168,0.5194780856370926,0.71624106,743.0836,159,4.689102999991519,43.484592,35.000004,66.29629600000044,0.5,0.5146909356117249,uniform,uniform,10,0.0,0.0,0.0,,
independent_narrow,1234,in_distribution,75,9.871889,0.75,5,4,4,201.86973810195923,437.3113059997559,0.5936192214488983,0.5931259,593.5625,159,4.689102999991519,34.871887,24.999998,66.29629600000044,0.5,0.5146909356117249,uniform,uniform,10,0.0,0.0,0.0,,
independent_narrow,1234,in_distribution,76,10.212088,0.7,6,5,5,176.05253602777208,462.9173183441162,0.617774048447609,0.5780022,572.7912,159,4.689102999991519,40.212086,29.999998,66.29629600000044,0.5,0.5146909356117249,uniform,uniform,10,0.0,0.0,0.0,,
independent_narrow,1234,in_distribution,77,7.1699996,0.7,6,4,4,204.5625235778945,478.5617923736572,0.4742509812116623,0.756307,864.0001,159,4.689102999991519,37.170002,30.000002,66.29629600000044,0.5,0.5146909356117249,uniform,uniform,10,0.0,0.0,0.0,,
independent_narrow,1234,in_distribution,78,8.207225,0.90000004,2,1,1,127.08231468995412,387.59642601013184,0.5853389501571655,0.59549046,604.14923,159,4.689102999991519,18.207228,10.000003,66.29629600000044,0.5,0.5146909356117249,uniform,uniform,10,0.0,0.0,0.0,,
independent_narrow,1234,in_distribution,79,8.688041,0.75,5,4,4,193.38377237319943,475.9292221069336,0.5690587490797043,0.68713206,706.4922,159,4.689102999991519,33.68804,25.0,66.29629600000044,0.5,0.5146909356117249,uniform,uniform,10,0.0,0.0,0.0,,
independent_narrow,1234,in_distribution,80,7.6863556,0.65000004,7,5,5,157.1413083259876,454.6259021759033,0.5063606977462769,0.7779128,793.3645,159,4.689102999991519,42.686356,35.0,66.29629600000044,0.5,0.5146909356117249,uniform,uniform,10,0.0,0.0,0.0,,
independent_narrow,1234,in_distribution,81,7.8057594,0.75,5,4,4,168.77365350723267,471.5687656402588,0.532698142528534,0.7856629,768.00006,159,4.689102999991519,32.80576,25.0,66.29629600000044,0.5,0.5146909356117249,uniform,uniform,10,0.0,0.0,0.0,,
independent_narrow,1234,in_distribution,82,8.259747,0.75,5,5,5,151.23467242717743,469.7698402404785,0.5561169922351837,0.609027,698.02527,159,4.689102999991519,33.259743,24.999996,66.29629600000044,0.5,0.5146909356117249,uniform,uniform,10,0.0,0.0,0.0,,
independent_narrow,1234,in_distribution,83,9.816814,0.85,3,3,3,124.05966786777272,383.93391609191895,0.6362924575805664,0.34580013,506.31854,159,4.689102999991519,24.816813,14.999998,66.29629600000044,0.5,0.5146909356117249,uniform,uniform,10,0.0,0.0,0.0,,
independent_narrow,1234,in_distribution,84,8.220471,0.8,4,4,4,187.8299164026976,451.7806148529053,0.5790286034345626,0.642947,672.00006,159,4.689102999991519,28.220469,19.999996,66.29629600000044,0.5,0.5146909356117249,uniform,uniform,10,0.0,0.0,0.0,,
independent_narrow,1234,in_distribution,85,8.572456,0.8,4,3,3,153.00344042479992,476.9736385345459,0.5965517550706864,0.59404254,627.5945,159,4.689102999991519,28.572456,20.0,66.29629600000044,0.5,0.5146909356117249,uniform,uniform,10,0.0,0.0,0.0,,
independent_narrow,1234,in_distribution,86,9.792641,0.8,4,2,2,193.11561830341816,467.461051940918,0.6530234634876251,0.5881074,529.17914,159,4.689102999991519,29.79264,20.0,66.29629600000044,0.5,0.5146909356117249,uniform,uniform,10,0.0,0.0,0.0,,
independent_narrow,1234,in_distribution,87,6.777216,0.85,3,3,3,161.9244603637387,472.20534324646,0.5088113278150559,0.8600504,828.9728,159,4.689102999991519,21.777218,15.000002,66.29629600000044,0.5,0.5146909356117249,uniform,uniform,10,0.0,0.0,0.0,,
independent_narrow,1234,in_distribution,88,9.247086,0.8,4,3,3,179.51202616095543,446.4509582519531,0.5575266122817993,0.682275,672.00006,159,4.689102999991519,29.247086,20.0,66.29629600000044,0.5,0.5146909356117249,uniform,uniform,10,0.0,0.0,0.0,,
independent_narrow,1234,in_distribution,89,8.036214,0.8,4,3,3,124.49308823794128,441.2687015533447,0.5302556931972504,0.7440519,720.00006,159,4.689102999991519,28.036211,19.999996,66.29629600000044,0.5,0.5146909356117249,uniform,uniform,10,0.0,0.0,0.0,,
independent_narrow,1234,in_distribution,90,6.44264,0.7,6,5,5,157.46144694941384,470.5832290649414,0.4600485295057296,0.85944337,916.04297,159,4.689102999991519,36.442642,30.000002,66.29629600000044,0.5,0.5146909356117249,uniform,uniform,10,0.0,0.0,0.0,,
independent_narrow,1234,in_distribution,91,10.31884,0.85,3,2,2,187.05848593922224,417.5328540802002,0.678585410118103,0.33896208,425.11606,159,4.689102999991519,25.318838,14.999998,66.29629600000044,0.5,0.5146909356117249,uniform,uniform,10,0.0,0.0,0.0,,
independent_narrow,1234,in_distribution,92,10.902612,0.75,5,4,4,170.07711958885193,474.453477859497,0.6659972757101059,0.5788676,491.7389,159,4.689102999991519,35.902615,25.000004,66.29629600000044,0.5,0.5146909356117249,uniform,uniform,10,0.0,0.0,0.0,,
independent_narrow,1234,in_distribution,93,6.1091766,0.75,5,4,4,188.96670389175412,457.3861885070801,0.445908236503601,1.001884,907.80615,159,4.689102999991519,31.109179,25.000002,66.29629600000044,0.5,0.5146909356117249,uniform,uniform,10,0.0,0.0,0.0,,
independent_narrow,1234,in_distribution,94,8.787056,0.75,5,4,4,120.47601044178008,472.1586227416992,0.5908161044120789,0.4312272,633.7918,159,4.689102999991519,33.787056,25.0,66.29629600000044,0.5,0.5146909356117249,uniform,uniform,10,0.0,0.0,0.0,,
independent_narrow,1234,in_distribution,95,8.962502,0.65000004,7,5,5,184.2212941096379,446.12131118774414,0.5467497050762177,0.6668538,692.36206,159,4.689102999991519,43.9625,35.0,66.29629600000044,0.5,0.5146909356117249,uniform,uniform,10,0.0,0.0,0.0,,
independent_narrow,1234,in_distribution,96,9.666017,0.65000004,7,6,6,186.7928043695597,414.8800563812256,0.5530243515968323,0.6058647,666.19336,159,4.689102999991519,44.666016,35.0,66.29629600000044,0.5,0.5146909356117249,uniform,uniform,10,0.0,0.0,0.0,,
independent_narrow,1234,in_distribution,97,11.470242,0.8,4,2,2,125.92807319015265,379.87366676330566,0.7047543525695801,0.27945265,374.8717,159,4.689102999991519,31.47024,19.999998,66.29629600000044,0.5,0.5146909356117249,uniform,uniform,10,0.0,0.0,0.0,,
independent_narrow,1234,in_distribution,98,9.024612,0.7,6,5,5,159.95574729783195,418.974552154541,0.5750000476837158,0.6074873,624.00006,159,4.689102999991519,39.024612,30.0,66.29629600000044,0.5,0.5146909356117249,uniform,uniform,10,0.0,0.0,0.0,,
independent_narrow,1234,in_distribution,99,8.830492,0.75,5,4,4,153.39191508293152,441.4628219604492,0.529899263381958,0.64809793,720.05634,159,4.689102999991519,33.830494,25.000002,66.29629600000044,0.5,0.5146909356117249,uniform,uniform,10,0.0,0.0,0.0,,
independent_narrow,2345,in_distribution,0,10.226263,0.85,3,1,1,154.72256057402666,416.1772155761719,0.6435216069221497,0.3915336,492.4386,154,4.548250000016196,25.226263,15.0,66.37819900000068,0.5,0.5146909356117249,uniform,uniform,10,0.0,0.0,0.0,,
independent_narrow,2345,in_distribution,1,7.633296,0.8,4,3,3,136.06411881744862,467.4952125549317,0.5566796004772187,0.6002695,694.6705,154,4.548250000016196,27.633299,20.000004,66.37819900000068,0.5,0.5146909356117249,uniform,uniform,10,0.0,0.0,0.0,,
independent_narrow,2345,in_distribution,2,11.34833,0.8,4,4,4,170.6166845932603,460.898323059082,0.7153895735740662,0.26961938,383.3505,154,4.548250000016196,31.348331,20.000002,66.37819900000068,0.5,0.5146909356117249,uniform,uniform,10,0.0,0.0,0.0,,
independent_narrow,2345,in_distribution,3,9.05431,0.7,6,4,4,190.54965223584853,457.0775413513184,0.5616068184375763,0.714946,674.79266,154,4.548250000016196,39.05431,30.0,66.37819900000068,0.5,0.5146909356117249,uniform,uniform,10,0.0,0.0,0.0,,
independent_narrow,2345,in_distribution,4,9.70705,0.7,6,6,6,196.4273750782013,432.9271602630615,0.5754829436540604,0.6292394,624.00006,154,4.548250000016196,39.707047,29.999996,66.37819900000068,0.5,0.5146909356117249,uniform,uniform,10,0.0,0.0,0.0,,
independent_narrow,2345,in_distribution,5,8.7697935,0.65000004,7,7,7,175.6472703585258,467.9744625091553,0.5828392893075943,0.6015889,644.92316,154,4.548250000016196,43.76979,34.999996,66.37819900000068,0.5,0.5146909356117249,uniform,uniform,10,0.0,0.0,0.0,,
independent_narrow,2345,in_distribution,6,11.273805,1.0,0,0,0,156.64753353595734,440.3103160858154,0.7622856289148331,0.19577721,272.72192,154,4.548250000016196,11.273804,-9.536743e-07,66.37819900000068,0.5,0.5146909356117249,uniform,uniform,10,0.0,0.0,0.0,,
independent_narrow,2345,in_distribution,7,11.856271,0.7,6,3,3,196.6782576697213,432.5024700164795,0.7052758723497391,0.21967502,374.37286,154,4.548250000016196,41.856266,29.999996,66.37819900000068,0.5,0.5146909356117249,uniform,uniform,10,0.0,0.0,0.0,,
independent_narrow,2345,in_distribution,8,8.76,0.65000004,7,6,6,168.9724073960231,439.8062324523926,0.5290657818317414,0.6665337,720.00006,154,4.548250000016196,43.760002,35.0,66.37819900000068,0.5,0.5146909356117249,uniform,uniform,10,0.0,0.0,0.0,,
independent_narrow,2345,in_distribution,9,10.000011,0.85,3,1,1,180.35227070836456,463.16508293151855,0.6452670127153397,0.42346233,528.0,154,4.548250000016196,25.00001,14.999998,66.37819900000068,0.5,0.5146909356117249,uniform,uniform,10,0.0,0.0,0.0,,
independent_narrow,2345,in_distribution,10,7.678363,0.75,5,3,3,136.1761486530304,421.7403030395508,0.4980322122573852,0.750261,771.7784,154,4.548250000016196,32.67836,24.999996,66.37819900000068,0.5,0.5146909356117249,uniform,uniform,10,0.0,0.0,0.0,,
independent_narrow,2345,in_distribution,11,9.324569,0.65000004,7,7,7,115.80786356559166,408.53379249572754,0.5644955039024353,0.63343674,644.1687,154,4.548250000016196,44.324574,35.000004,66.37819900000068,0.5,0.5146909356117249,uniform,uniform,10,0.0,0.0,0.0,,
independent_narrow,2345,in_distribution,12,7.8765583,0.75,5,5,5,192.5580852031708,449.7159576416016,0.5230058670043946,0.70411557,741.5448,154,4.548250000016196,32.87656,25.000002,66.37819900000068,0.5,0.5146909356117249,uniform,uniform,10,0.0,0.0,0.0,,
independent_narrow,2345,in_distribution,13,9.281511,0.6,8,8,8,190.51558196544647,370.1609802246094,0.5532965660095215,0.635663,665.6707,154,4.548250000016196,49.281506,39.999992,66.37819900000068,0.5,0.5146909356117249,uniform,uniform,10,0.0,0.0,0.0,,
independent_narrow,2345,in_distribution,14,9.36,0.8,4,3,3,185.97708508372307,442.7926254272461,0.6107340633869172,0.6084005,575.99994,154,4.548250000016196,29.359999,20.0,66.37819900000068,0.5,0.5146909356117249,uniform,uniform,10,0.0,0.0,0.0,,
independent_narrow,2345,in_distribution,15,7.5300007,0.75,5,3,3,170.78000688552856,466.6075229644776,0.5289006948471069,0.72744894,768.00006,154,4.548250000016196,32.530003,25.000002,66.37819900000068,0.5,0.5146909356117249,uniform,uniform,10,0.0,0.0,0.0,,
independent_narrow,2345,in_distribution,16,9.131394,0.85,3,3,3,154.24507929998285,449.6092414855957,0.6321608364582062,0.51653874,531.8605,154,4.548250000016196,24.131393,14.999999,66.37819900000068,0.5,0.5146909356117249,uniform,uniform,10,0.0,0.0,0.0,,
independent_narrow,2345,in_distribution,17,8.595972,0.7,6,6,6,171.49051902549607,450.8434295654297,0.5864176392555237,0.45583302,620.9217,154,4.548250000016196,38.595978,30.000006,66.37819900000068,0.5,0.5146909356117249,uniform,uniform,10,0.0,0.0,0.0,,
independent_narrow,2345,in_distribution,18,9.012444,0.7,6,5,5,163.37427888597762,434.7912883758545,0.5950985342264176,0.4134801,588.2021,154,4.548250000016196,39.012444,30.0,66.37819900000068,0.5,0.5146909356117249,uniform,uniform,10,0.0,0.0,0.0,,
independent_narrow,2345,in_distribution,19,9.159912,0.75,5,5,5,154.97662150859833,428.92066955566406,0.5571900606155396,0.6485591,658.19525,154,4.548250000016196,34.159912,25.0,66.37819900000068,0.5,0.5146909356117249,uniform,uniform,10,0.0,0.0,0.0,,
independent_narrow,2345,in_distribution,20,7.2996244,0.7,6,4,4,189.14618151528492,447.9430103302002,0.5119299978017807,0.6034166,761.0376,154,4.548250000016196,37.299633,30.000008,66.37819900000068,0.5,0.5146909356117249,uniform,uniform,10,0.0,0.0,0.0,,
independent_narrow,2345,in_distribution,21,8.294817,0.65000004,7,6,6,161.78081796719476,479.5074462890625,0.5507573366165162,0.6514956,760.5184,154,4.548250000016196,43.29481,34.999992,66.37819900000068,0.5,0.5146909356117249,uniform,uniform,10,0.0,0.0,0.0,,
independent_narrow,2345,in_distribution,22,11.325008,0.7,6,4,4,198.9191784177508,443.5293102264404,0.6660034388303757,0.26698157,465.5578,154,4.548250000016196,41.32501,30.0,66.37819900000068,0.5,0.5146909356117249,uniform,uniform,10,0.0,0.0,0.0,,
independent_narrow,2345,in_distribution,23,9.011345,0.55,9,8,8,196.0534358024597,451.8203544616699,0.5353231370449066,0.6895944,720.00006,154,4.548250000016196,54.011345,45.0,66.37819900000068,0.5,0.5146909356117249,uniform,uniform,10,0.0,0.0,0.0,,
independent_narrow,2345,in_distribution,24,8.447337,0.6,8,5,5,129.5949587225914,397.19615936279297,0.5042568445205688,0.6948053,759.827,154,4.548250000016196,48.44734,40.0,66.37819900000068,0.5,0.5146909356117249,uniform,uniform,10,0.0,0.0,0.0,,
independent_narrow,2345,in_distribution,25,9.038267,0.7,6,6,6,154.8008370612349,418.1417083740234,0.5377204418182373,0.63013905,695.5769,154,4.548250000016196,39.038265,29.999998,66.37819900000068,0.5,0.5146909356117249,uniform,uniform,10,0.0,0.0,0.0,,
independent_narrow,2345,in_distribution,26,8.84259,0.90000004,2,2,2,206.91033522288004,478.57521057128906,0.607514026761055,0.6130593,651.5424,154,4.548250000016196,18.84259,10.0,66.37819900000068,0.5,0.5146909356117249,uniform,uniform,10,0.0,0.0,0.0,,
independent_narrow,2345,in_distribution,27,8.180933,0.6,8,8,8,155.870503783226,459.7270202636719,0.4882425099611282,0.8158333,840.126,154,4.548250000016196,48.180943,40.000008,66.37819900000068,0.5,0.5146909356117249,uniform,uniform,10,0.0,0.0,0.0,,
independent_narrow,2345,in_distribution,28,11.087688,0.6,8,3,3,164.32155936956406,416.7340564727783,0.6500000953674316,0.39033434,479.99997,154,4.548250000016196,51.08768,39.999992,66.37819900000068,0.5,0.5146909356117249,uniform,uniform,10,0.0,0.0,0.0,,
independent_narrow,2345,in_distribution,29,8.37362,0.7,6,4,4,180.11473851544517,438.8842105865479,0.5523752063512802,0.6460229,674.32385,154,4.548250000016196,38.373615,29.999996,66.37819900000068,0.5,0.5146909356117249,uniform,uniform,10,0.0,0.0,0.0,,
independent_narrow,2345,in_distribution,30,9.162447,0.7,6,4,4,196.0329983915601,464.3702030181885,0.5918595284223557,0.6509326,624.00006,154,4.548250000016196,39.162445,29.999998,66.37819900000068,0.5,0.5146909356117249,uniform,uniform,10,0.0,0.0,0.0,,
independent_narrow,2345,in_distribution,31,6.8208246,0.65000004,7,4,4,181.06696885365707,472.42069244384766,0.4639367789030075,0.79512876,894.52484,154,4.548250000016196,41.82082,34.999996,66.37819900000068,0.5,0.5146909356117249,uniform,uniform,10,0.0,0.0,0.0,,
independent_narrow,2345,in_distribution,32,9.681979,0.75,5,5,5,173.5515899658203,430.5371475219727,0.6136447787284851,0.391735,549.80206,154,4.548250000016196,34.681976,24.999996,66.37819900000068,0.5,0.5146909356117249,uniform,uniform,10,0.0,0.0,0.0,,
independent_narrow,2345,in_distribution,33,6.189934,0.75,5,3,3,157.04463362693787,419.677963256836,0.4500000774860382,1.0018998,864.0001,154,4.548250000016196,31.189938,25.000004,66.37819900000068,0.5,0.5146909356117249,uniform,uniform,10,0.0,0.0,0.0,,
independent_narrow,2345,in_distribution,34,9.182997,0.8,4,3,3,158.5278753284365,426.5123462677002,0.6049903631210327,0.58144563,566.4186,154,4.548250000016196,29.182999,20.000002,66.37819900000068,0.5,0.5146909356117249,uniform,uniform,10,0.0,0.0,0.0,,
independent_narrow,2345,in_distribution,35,8.800555,0.6,8,8,8,135.31067416071892,381.888370513916,0.5177758932113647,0.7014079,733.8704,154,4.548250000016196,48.80056,40.000004,66.37819900000068,0.5,0.5146909356117249,uniform,uniform,10,0.0,0.0,0.0,,
independent_narrow,2345,in_distribution,36,8.272152,0.90000004,2,1,1,175.89063515265784,415.00760078430176,0.5593883991241455,0.73046374,653.9745,154,4.548250000016196,18.272152,10.0,66.37819900000068,0.5,0.5146909356117249,uniform,uniform,10,0.0,0.0,0.0,,
independent_narrow,2345,in_distribution,37,8.378889,0.75,5,5,5,175.29080510139465,423.7821578979492,0.527576208114624,0.7341776,715.05383,154,4.548250000016196,33.37889,25.000002,66.37819900000068,0.5,0.5146909356117249,uniform,uniform,10,0.0,0.0,0.0,,
independent_narrow,2345,in_distribution,38,9.072011,0.65000004,7,6,6,191.6431627365259,418.048152923584,0.5592402815818787,0.6366646,654.25885,154,4.548250000016196,44.07201,35.0,66.37819900000068,0.5,0.5146909356117249,uniform,uniform,10,0.0,0.0,0.0,,
independent_narrow,2345,in_distribution,39,8.283485,0.75,5,5,5,151.37154245376587,464.0592670440674,0.5166975945234299,0.65498793,768.00006,154,4.548250000016196,33.28348,24.999996,66.37819900000068,0.5,0.5146909356117249,uniform,uniform,10,0.0,0.0,0.0,,
independent_narrow,2345,in_distribution,40,7.8527784,0.7,6,4,4,213.40171835252215,476.9993019104004,0.5090305089950562,0.7814697,806.7222,154,4.548250000016196,37.85278,30.0,66.37819900000068,0.5,0.5146909356117249,uniform,uniform,10,0.0,0.0,0.0,,
independent_narrow,2345,in_distribution,41,9.301223,0.85,3,3,3,151.07537732404822,405.3324222564697,0.649292528629303,0.40001288,481.3584,154,4.548250000016196,24.30122,14.999997,66.37819900000068,0.5,0.5146909356117249,uniform,uniform,10,0.0,0.0,0.0,,
independent_narrow,2345,in_distribution,42,8.946188,0.75,5,1,1,194.77262783050537,473.127908706665,0.576912346482277,0.6482277,672.00006,154,4.548250000016196,33.946186,24.999998,66.37819900000068,0.5,0.5146909356117249,uniform,uniform,10,0.0,0.0,0.0,,
independent_narrow,2345,in_distribution,43,9.578939,0.65000004,7,5,5,189.1847258806229,430.6937885284424,0.5750000476837158,0.6285307,624.00006,154,4.548250000016196,44.578938,35.0,66.37819900000068,0.5,0.5146909356117249,uniform,uniform,10,0.0,0.0,0.0,,
independent_narrow,2345,in_distribution,44,11.0286255,0.8,4,3,3,155.57692006230354,446.1791610717773,0.6869325280189514,0.3753076,423.26877,154,4.548250000016196,31.028624,19.999998,66.37819900000068,0.5,0.5146909356117249,uniform,uniform,10,0.0,0.0,0.0,,
independent_narrow,2345,in_distribution,45,8.930058,0.55,9,8,8,164.3464157256213,369.3396663665772,0.5329924821853638,0.64895916,704.6546,154,4.548250000016196,53.930058,45.0,66.37819900000068,0.5,0.5146909356117249,uniform,uniform,10,0.0,0.0,0.0,,
independent_narrow,2345,in_distribution,46,11.52402,0.85,3,2,2,166.57896311844095,445.6454086303711,0.7021491765975952,0.37954527,393.51913,154,4.548250000016196,26.52402,14.999999,66.37819900000068,0.5,0.5146909356117249,uniform,uniform,10,0.0,0.0,0.0,,
independent_narrow,2345,in_distribution,47,8.5,0.8,4,1,1,163.49793612957,466.8612957000733,0.5456151247024537,0.6984591,720.00006,154,4.548250000016196,28.5,20.0,66.37819900000068,0.5,0.5146909356117249,uniform,uniform,10,0.0,0.0,0.0,,
independent_narrow,2345,in_distribution,48,9.667602,0.85,3,2,2,136.6313768485013,450.8449459075928,0.5931429654359818,0.59439856,608.0105,154,4.548250000016196,24.6676,14.999999,66.37819900000068,0.5,0.5146909356117249,uniform,uniform,10,0.0,0.0,0.0,,
independent_narrow,2345,in_distribution,49,9.696471,0.6,8,5,5,170.1602539420128,443.79435539245605,0.5780022531747818,0.6227927,630.0302,154,4.548250000016196,49.696472,40.0,66.37819900000068,0.5,0.5146909356117249,uniform,uniform,10,0.0,0.0,0.0,,
independent_narrow,2345,in_distribution,50,6.3496275,0.65000004,7,7,7,123.4381286914532,469.8246574401856,0.4249706298112869,0.8662497,954.84906,154,4.548250000016196,41.349625,34.999996,66.37819900000068,0.5,0.5146909356117249,uniform,uniform,10,0.0,0.0,0.0,,
independent_narrow,2345,in_distribution,51,9.333958,0.7,6,4,4,203.27015621321544,460.6783962249756,0.5910697013139725,0.63770807,625.9411,154,4.548250000016196,39.33396,30.000004,66.37819900000068,0.5,0.5146909356117249,uniform,uniform,10,0.0,0.0,0.0,,
independent_narrow,2345,in_distribution,52,10.831705,0.75,5,5,5,171.29958188533783,439.89169120788574,0.6584860354661941,0.35047913,479.99997,154,4.548250000016196,35.831707,25.000002,66.37819900000068,0.5,0.5146909356117249,uniform,uniform,10,0.0,0.0,0.0,,
independent_narrow,2345,in_distribution,53,8.436708,0.75,5,3,3,153.496244430542,441.3724136352539,0.5873370409011841,0.62277997,609.6854,154,4.548250000016196,33.43671,25.000002,66.37819900000068,0.5,0.5146909356117249,uniform,uniform,10,0.0,0.0,0.0,,
independent_narrow,2345,in_distribution,54,7.716082,0.6,8,6,6,133.5168981552124,452.5796127319336,0.5033925414085388,0.7110548,782.06604,154,4.548250000016196,47.71608,39.999996,66.37819900000068,0.5,0.5146909356117249,uniform,uniform,10,0.0,0.0,0.0,,
independent_narrow,2345,in_distribution,55,8.994461,0.90000004,2,1,1,183.94677261511484,459.93699073791504,0.6335974514484406,0.5968113,551.414,154,4.548250000016196,18.994465,10.000004,66.37819900000068,0.5,0.5146909356117249,uniform,uniform,10,0.0,0.0,0.0,,
independent_narrow,2345,in_distribution,56,10.080954,0.8,4,4,4,165.4370404779911,461.2172985076904,0.6402174025774002,0.47414273,527.99994,154,4.548250000016196,30.080952,19.999998,66.37819900000068,0.5,0.5146909356117249,uniform,uniform,10,0.0,0.0,0.0,,
independent_narrow,2345,in_distribution,57,9.187754,0.8,4,2,2,156.7460641823709,464.00696754455566,0.6166703790426254,0.58880544,575.99994,154,4.548250000016196,29.187752,19.999998,66.37819900000068,0.5,0.5146909356117249,uniform,uniform,10,0.0,0.0,0.0,,
independent_narrow,2345,in_distribution,58,10.864523,0.8,4,3,3,153.688899949193,446.282958984375,0.657439136505127,0.3864237,479.99997,154,4.548250000016196,30.864521,19.999998,66.37819900000068,0.5,0.5146909356117249,uniform,uniform,10,0.0,0.0,0.0,,
independent_narrow,2345,in_distribution,59,11.477926,0.6,8,7,7,193.78383234143257,443.6328506469727,0.6330341935157776,0.4326726,524.20734,154,4.548250000016196,51.47793,40.0,66.37819900000068,0.5,0.5146909356117249,uniform,uniform,10,0.0,0.0,0.0,,
independent_narrow,2345,in_distribution,60,8.182941,0.7,6,5,5,157.03926226922445,448.33353996276855,0.5278157413005828,0.67025983,747.87384,154,4.548250000016196,38.182938,29.999996,66.37819900000068,0.5,0.5146909356117249,uniform,uniform,10,0.0,0.0,0.0,,
independent_narrow,2345,in_distribution,61,12.061577,0.90000004,2,2,2,144.81954023241997,430.52730560302734,0.7586084604263306,0.17905998,271.4718,154,4.548250000016196,22.06158,10.000004,66.37819900000068,0.5,0.5146909356117249,uniform,uniform,10,0.0,0.0,0.0,,
independent_narrow,2345,in_distribution,62,9.6180935,0.8,4,4,4,177.10322052240372,461.742525100708,0.6113763928413392,0.64489144,602.1907,154,4.548250000016196,29.618092,19.999998,66.37819900000068,0.5,0.5146909356117249,uniform,uniform,10,0.0,0.0,0.0,,
independent_narrow,2345,in_distribution,63,11.3142185,0.8,4,4,4,165.52991322241724,439.6972560882568,0.6662079483270645,0.28508937,456.57806,154,4.548250000016196,31.314217,19.999998,66.37819900000068,0.5,0.5146909356117249,uniform,uniform,10,0.0,0.0,0.0,,
independent_narrow,2345,in_distribution,64,9.509928,0.7,6,6,6,201.92564913204737,382.8279876708984,0.5690710544586182,0.5880599,635.3838,154,4.548250000016196,39.50993,30.000002,66.37819900000068,0.5,0.5146909356117249,uniform,uniform,10,0.0,0.0,0.0,,
independent_narrow,2345,in_distribution,65,7.1318684,0.65000004,7,5,5,150.4240419772955,392.35708236694336,0.475927472114563,0.7637692,814.2195,154,4.548250000016196,42.13187,35.0,66.37819900000068,0.5,0.5146909356117249,uniform,uniform,10,0.0,0.0,0.0,,
independent_narrow,2345,in_distribution,66,8.258949,0.7,6,4,4,183.07368099689484,433.5963249206543,0.5361934244632721,0.71999174,700.1051,154,4.548250000016196,38.25895,30.0,66.37819900000068,0.5,0.5146909356117249,uniform,uniform,10,0.0,0.0,0.0,,
independent_narrow,2345,in_distribution,67,8.914477,0.75,5,5,5,157.07152676582336,417.7100086212158,0.5634522438049316,0.59551924,646.17175,154,4.548250000016196,33.91448,25.0,66.37819900000068,0.5,0.5146909356117249,uniform,uniform,10,0.0,0.0,0.0,,
independent_narrow,2345,in_distribution,68,8.687546,0.8,4,3,3,162.67848562449217,423.8877296447754,0.5528104305267334,0.6657578,666.6041,154,4.548250000016196,28.687546,20.0,66.37819900000068,0.5,0.5146909356117249,uniform,uniform,10,0.0,0.0,0.0,,
independent_narrow,2345,in_distribution,69,9.824267,0.8,4,4,4,162.56369568407536,442.230863571167,0.6504838347434998,0.58365554,498.80276,154,4.548250000016196,29.824268,20.0,66.37819900000068,0.5,0.5146909356117249,uniform,uniform,10,0.0,0.0,0.0,,
independent_narrow,2345,in_distribution,70,8.739424,0.7,6,5,5,170.43890271868025,411.6185474395752,0.52506422996521,0.6409166,719.87683,154,4.548250000016196,38.739426,30.000002,66.37819900000068,0.5,0.5146909356117249,uniform,uniform,10,0.0,0.0,0.0,,
independent_narrow,2345,in_distribution,71,7.864376,0.7,6,6,6,147.3691361291068,465.11999130249023,0.5020641714334488,0.77554023,819.6948,154,4.548250000016196,37.864376,30.0,66.37819900000068,0.5,0.5146909356117249,uniform,uniform,10,0.0,0.0,0.0,,
independent_narrow,2345,in_distribution,72,10.490803,0.55,9,8,8,175.2717632597143,457.9734706878662,0.6133020907640457,0.5926441,576.4336,154,4.548250000016196,55.490807,45.000004,66.37819900000068,0.5,0.5146909356117249,uniform,uniform,10,0.0,0.0,0.0,,
independent_narrow,2345,in_distribution,73,6.359627,0.65000004,7,7,7,210.1171359190574,475.11011123657227,0.4649816691875458,1.0000277,878.3455,154,4.548250000016196,41.359627,35.0,66.37819900000068,0.5,0.5146909356117249,uniform,uniform,10,0.0,0.0,0.0,,
independent_narrow,2345,in_distribution,74,8.817329,0.65000004,7,6,6,163.5203127677624,444.6166133880615,0.5293487697839737,0.75884694,724.2671,154,4.548250000016196,43.81732,34.999992,66.37819900000068,0.5,0.5146909356117249,uniform,uniform,10,0.0,0.0,0.0,,
independent_narrow,2345,in_distribution,75,9.85321,0.7,6,4,4,214.3296260067395,464.0035915374756,0.6147637039422988,0.6135425,631.679,154,4.548250000016196,39.85321,30.0,66.37819900000068,0.5,0.5146909356117249,uniform,uniform,10,0.0,0.0,0.0,,
independent_narrow,2345,in_distribution,76,8.120759,0.75,5,4,4,150.4631540775299,478.797025680542,0.5806630641222,0.62506336,659.9241,154,4.548250000016196,33.120758,25.0,66.37819900000068,0.5,0.5146909356117249,uniform,uniform,10,0.0,0.0,0.0,,
independent_narrow,2345,in_distribution,77,7.438733,0.6,8,6,6,191.18784233927727,439.71447944641113,0.4540180057287216,0.8044095,864.0001,154,4.548250000016196,47.438736,40.000004,66.37819900000068,0.5,0.5146909356117249,uniform,uniform,10,0.0,0.0,0.0,,
independent_narrow,2345,in_distribution,78,10.395624,0.7,6,5,5,193.7610257975757,464.5517635345459,0.6419541031122208,0.43059582,528.0,154,4.548250000016196,40.395626,30.000002,66.37819900000068,0.5,0.5146909356117249,uniform,uniform,10,0.0,0.0,0.0,,
independent_narrow,2345,in_distribution,79,8.8,0.8,4,2,2,169.8238531127572,477.460355758667,0.5905591517686843,0.66192186,672.00006,154,4.548250000016196,28.799997,19.999996,66.37819900000068,0.5,0.5146909356117249,uniform,uniform,10,0.0,0.0,0.0,,
independent_narrow,2345,in_distribution,80,9.421086,0.55,9,5,5,176.29025264219806,435.7723331451416,0.519729682803154,0.6877758,733.8915,154,4.548250000016196,54.421085,45.0,66.37819900000068,0.5,0.5146909356117249,uniform,uniform,10,0.0,0.0,0.0,,
independent_narrow,2345,in_distribution,81,7.704027,0.8,4,3,3,147.06849798560145,459.2292881011963,0.5141819804906845,0.7170676,768.00006,154,4.548250000016196,27.704027,20.0,66.37819900000068,0.5,0.5146909356117249,uniform,uniform,10,0.0,0.0,0.0,,
independent_narrow,2345,in_distribution,82,10.250547,0.7,6,6,6,177.0184342669589,467.9902267456055,0.6711620330810547,0.3863308,475.3592,154,4.548250000016196,40.250546,29.999998,66.37819900000068,0.5,0.5146909356117249,uniform,uniform,10,0.0,0.0,0.0,,
independent_narrow,2345,in_distribution,83,10.566386,0.85,3,3,3,136.59972646657158,383.93391609191895,0.6872258186340332,0.33870164,408.52658,154,4.548250000016196,25.566387,15.000001,66.37819900000068,0.5,0.5146909356117249,uniform,uniform,10,0.0,0.0,0.0,,
independent_narrow,2345,in_distribution,84,6.5882587,0.65000004,7,7,7,112.59631857275964,463.5191345214844,0.4835130512714386,0.7196677,831.17413,154,4.548250000016196,41.58825,34.999992,66.37819900000068,0.5,0.5146909356117249,uniform,uniform,10,0.0,0.0,0.0,,
independent_narrow,2345,in_distribution,85,9.121529,0.7,6,3,3,192.8620137487139,448.71623039245605,0.5837064176797867,0.66808,624.00006,154,4.548250000016196,39.12153,30.0,66.37819900000068,0.5,0.5146909356117249,uniform,uniform,10,0.0,0.0,0.0,,
independent_narrow,2345,in_distribution,86,9.645267,0.65000004,7,5,5,218.9272089187916,448.3541393280029,0.5858745962381363,0.6407434,619.475,154,4.548250000016196,44.645267,35.0,66.37819900000068,0.5,0.5146909356117249,uniform,uniform,10,0.0,0.0,0.0,,
independent_narrow,2345,in_distribution,87,9.385272,0.6,8,8,8,166.52923166751862,436.2099838256836,0.5564415693283081,0.66750795,663.84235,154,4.548250000016196,49.385277,40.000004,66.37819900000068,0.5,0.5146909356117249,uniform,uniform,10,0.0,0.0,0.0,,
independent_narrow,2345,in_distribution,88,8.45557,0.7,6,5,5,167.4632508414132,445.819616317749,0.5287501007318497,0.75068414,726.6196,154,4.548250000016196,38.45557,30.0,66.37819900000068,0.5,0.5146909356117249,uniform,uniform,10,0.0,0.0,0.0,,
independent_narrow,2345,in_distribution,89,6.0074267,0.85,3,2,2,114.36307074392543,460.8687973022461,0.4857352316379547,0.7684734,824.25726,154,4.548250000016196,21.007427,15.0,66.37819900000068,0.5,0.5146909356117249,uniform,uniform,10,0.0,0.0,0.0,,
independent_narrow,2345,in_distribution,90,8.575536,0.65000004,7,4,4,194.5790370611044,467.27322578430176,0.543371507525444,0.7355149,720.00006,154,4.548250000016196,43.575535,35.0,66.37819900000068,0.5,0.5146909356117249,uniform,uniform,10,0.0,0.0,0.0,,
independent_narrow,2345,in_distribution,91,12.061342,0.7,6,5,5,189.4294578475612,456.29794120788574,0.7152842670679093,0.33645192,378.95227,154,4.548250000016196,42.061344,30.000002,66.37819900000068,0.5,0.5146909356117249,uniform,uniform,10,0.0,0.0,0.0,,
independent_narrow,2345,in_distribution,92,9.792783,0.7,6,5,5,130.38664673055922,463.3142852783203,0.6125585675239563,0.59140164,583.20197,154,4.548250000016196,39.792786,30.000004,66.37819900000068,0.5,0.5146909356117249,uniform,uniform,10,0.0,0.0,0.0,,
independent_narrow,2345,in_distribution,93,6.145323,0.65000004,7,3,3,182.6273079101856,431.1210536956787,0.4185914993286133,1.002203,924.3045,154,4.548250000016196,41.14532,35.0,66.37819900000068,0.5,0.5146909356117249,uniform,uniform,10,0.0,0.0,0.0,,
independent_narrow,2345,in_distribution,94,8.46603,0.75,5,4,4,139.8213356733322,463.66387367248535,0.5813890784978867,0.40985334,643.3969,154,4.548250000016196,33.466026,24.999996,66.37819900000068,0.5,0.5146909356117249,uniform,uniform,10,0.0,0.0,0.0,,
independent_narrow,2345,in_distribution,95,9.496454,0.6,8,6,6,213.790420293808,438.9247512817383,0.5435261964797974,0.6901517,691.3546,154,4.548250000016196,49.496452,40.0,66.37819900000068,0.5,0.5146909356117249,uniform,uniform,10,0.0,0.0,0.0,,
independent_narrow,2345,in_distribution,96,8.988075,0.8,4,3,3,208.85878510773185,473.5939407348633,0.5922365665435791,0.6116926,638.2702,154,4.548250000016196,28.98808,20.000004,66.37819900000068,0.5,0.5146909356117249,uniform,uniform,10,0.0,0.0,0.0,,
independent_narrow,2345,in_distribution,97,12.543171,0.75,5,3,3,178.0431308746338,470.4192924499512,0.7646340668201447,0.26334625,298.32208,154,4.548250000016196,37.543175,25.000004,66.37819900000068,0.5,0.5146909356117249,uniform,uniform,10,0.0,0.0,0.0,,
independent_narrow,2345,in_distribution,98,8.47999,0.85,3,2,2,155.1775768223931,445.6511878967285,0.5683600842952728,0.61398995,650.39996,154,4.548250000016196,23.479992,15.000002,66.37819900000068,0.5,0.5146909356117249,uniform,uniform,10,0.0,0.0,0.0,,
independent_narrow,2345,in_distribution,99,8.941488,0.65000004,7,6,6,193.84195804595947,440.4718780517578,0.5294124722480774,0.67947197,720.00006,154,4.548250000016196,43.941486,35.0,66.37819900000068,0.5,0.5146909356117249,uniform,uniform,10,0.0,0.0,0.0,,
independent_narrow,3456,in_distribution,0,9.547781,0.85,3,2,2,176.08466400819665,425.6695175170898,0.6000000834465027,0.5988123,575.99994,154,4.317738000008831,24.547783,15.000002,64.15531699999974,0.5,0.5146909356117249,uniform,uniform,10,0.0,0.0,0.0,,
independent_narrow,3456,in_distribution,1,7.9738317,0.8,4,3,3,143.54588985443115,469.03326988220215,0.57573781311512,0.597838,659.6168,154,4.317738000008831,27.973831,20.0,64.15531699999974,0.5,0.5146909356117249,uniform,uniform,10,0.0,0.0,0.0,,
independent_narrow,3456,in_distribution,2,12.009972,0.85,3,3,3,141.35295962586122,412.12260246276855,0.7124986052513123,0.3542288,360.00275,154,4.317738000008831,27.009974,15.000002,64.15531699999974,0.5,0.5146909356117249,uniform,uniform,10,0.0,0.0,0.0,,
independent_narrow,3456,in_distribution,3,7.0945697,0.7,6,5,5,140.85861555167608,466.1368846893311,0.4609717220067978,0.9068549,877.0714,154,4.317738000008831,37.094574,30.000004,64.15531699999974,0.5,0.5146909356117249,uniform,uniform,10,0.0,0.0,0.0,,
independent_narrow,3456,in_distribution,4,9.180653,0.8,4,4,4,156.01954735815525,453.283109664917,0.6159680277109146,0.41570327,566.6247,154,4.317738000008831,29.180653,20.0,64.15531699999974,0.5,0.5146909356117249,uniform,uniform,10,0.0,0.0,0.0,,
independent_narrow,3456,in_distribution,5,9.355336,0.75,5,5,5,169.89751827716827,430.8439922332764,0.5677709579467773,0.5271759,637.8799,154,4.317738000008831,34.355335,25.0,64.15531699999974,0.5,0.5146909356117249,uniform,uniform,10,0.0,0.0,0.0,,
independent_narrow,3456,in_distribution,6,12.331835,0.8,4,4,4,148.1567569077015,473.64126205444336,0.783173793554306,0.10036345,265.94766,154,4.317738000008831,32.331833,19.999998,64.15531699999974,0.5,0.5146909356117249,uniform,uniform,10,0.0,0.0,0.0,,
independent_narrow,3456,in_distribution,7,11.222422,0.7,6,3,3,175.38016166005815,467.0044898986816,0.6788637578487396,0.48033845,459.5862,154,4.317738000008831,41.22242,29.999998,64.15531699999974,0.5,0.5146909356117249,uniform,uniform,10,0.0,0.0,0.0,,
independent_narrow,3456,in_distribution,8,7.5265207,0.75,5,4,4,165.00465059280396,478.3588886260986,0.5417231798171998,0.78382826,774.8937,154,4.317738000008831,32.526524,25.000004,64.15531699999974,0.5,0.5146909356117249,uniform,uniform,10,0.0,0.0,0.0,,
independent_narrow,3456,in_distribution,9,9.8943615,0.85,3,1,1,165.6025811328607,439.59574699401855,0.6044184356927872,0.46853784,575.1125,154,4.317738000008831,24.894363,15.000002,64.15531699999974,0.5,0.5146909356117249,uniform,uniform,10,0.0,0.0,0.0,,
independent_narrow,3456,in_distribution,10,8.420078,0.7,6,4,4,186.12856456211637,414.2663383483887,0.5347809791564941,0.7392013,701.22064,154,4.317738000008831,38.42008,30.0,64.15531699999974,0.5,0.5146909356117249,uniform,uniform,10,0.0,0.0,0.0,,
independent_narrow,3456,in_distribution,11,9.077764,0.7,6,6,6,170.55400729179382,463.84695053100586,0.5805061787366868,0.6719204,647.22363,154,4.317738000008831,39.077766,30.000004,64.15531699999974,0.5,0.5146909356117249,uniform,uniform,10,0.0,0.0,0.0,,
independent_narrow,3456,in_distribution,12,9.084412,0.85,3,3,3,174.8710866535411,478.8936710357666,0.5930287152528763,0.45991048,672.00006,154,4.317738000008831,24.084412,15.0,64.15531699999974,0.5,0.5146909356117249,uniform,uniform,10,0.0,0.0,0.0,,
independent_narrow,3456,in_distribution,13,7.598149,0.6,8,8,8,160.21812677383423,411.6592597961426,0.4629244208335876,0.7003313,839.18524,154,4.317738000008831,47.598145,39.999996,64.15531699999974,0.5,0.5146909356117249,uniform,uniform,10,0.0,0.0,0.0,,
independent_narrow,3456,in_distribution,14,10.340548,0.7,6,5,5,157.66843174185072,459.4562244415283,0.6539051622152329,0.34171543,499.9583,154,4.317738000008831,40.34055,30.000002,64.15531699999974,0.5,0.5146909356117249,uniform,uniform,10,0.0,0.0,0.0,,
independent_narrow,3456,in_distribution,15,8.240072,0.65000004,7,5,5,184.8888997848217,463.1626224517822,0.5162305921316147,0.7352815,768.00006,154,4.317738000008831,43.240074,35.0,64.15531699999974,0.5,0.5146909356117249,uniform,uniform,10,0.0,0.0,0.0,,
independent_narrow,3456,in_distribution,16,9.273617,0.85,3,3,3,155.8053361668306,453.7742614746094,0.6677791118621826,0.25799015,467.6383,154,4.317738000008831,24.273617,15.0,64.15531699999974,0.5,0.5146909356117249,uniform,uniform,10,0.0,0.0,0.0,,
independent_narrow,3456,in_distribution,17,9.312873,0.8,4,4,4,173.7981478124857,451.1657238006592,0.6126919180154801,0.42881805,570.79736,154,4.317738000008831,29.31287,19.999996,64.15531699999974,0.5,0.5146909356117249,uniform,uniform,10,0.0,0.0,0.0,,
independent_narrow,3456,in_distribution,18,9.85334,0.8,4,3,3,170.60495048761368,432.14149475097656,0.6218717336654663,0.4389868,534.1479,154,4.317738000008831,29.85334,20.0,64.15531699999974,0.5,0.5146909356117249,uniform,uniform,10,0.0,0.0,0.0,,
independent_narrow,3456,in_distribution,19,11.26654,0.75,5,5,5,213.21015906333923,449.4804096221924,0.6104227632284165,0.3917403,576.0,154,4.317738000008831,36.266544,25.000004,64.15531699999974,0.5,0.5146909356117249,uniform,uniform,10,0.0,0.0,0.0,,
independent_narrow,3456,in_distribution,20,9.861724,0.7,6,5,5,140.58075044836318,414.1202831268311,0.6120690107345581,0.25923648,552.8276,154,4.317738000008831,39.861725,30.0,64.15531699999974,0.5,0.5146909356117249,uniform,uniform,10,0.0,0.0,0.0,,
independent_narrow,3456,in_distribution,21,7.908516,0.8,4,3,3,148.51075887680054,351.3936424255371,0.5479797720909119,0.61335015,675.87897,154,4.317738000008831,27.908516,20.0,64.15531699999974,0.5,0.5146909356117249,uniform,uniform,10,0.0,0.0,0.0,,
independent_narrow,3456,in_distribution,22,11.418762,0.65000004,7,6,6,174.86964225769043,450.8050060272217,0.6542458325624466,0.22067517,490.65308,154,4.317738000008831,46.418762,35.0,64.15531699999974,0.5,0.5146909356117249,uniform,uniform,10,0.0,0.0,0.0,,
independent_narrow,3456,in_distribution,23,7.6735673,0.6,8,7,7,171.34029895067215,470.4468727111816,0.5342630684375763,0.7016484,740.662,154,4.317738000008831,47.673565,39.999996,64.15531699999974,0.5,0.5146909356117249,uniform,uniform,10,0.0,0.0,0.0,,
independent_narrow,3456,in_distribution,24,8.940001,0.8,4,3,3,153.78679141402245,476.8951034545898,0.568362158536911,0.6260985,720.00006,154,4.317738000008831,28.940002,20.000002,64.15531699999974,0.5,0.5146909356117249,uniform,uniform,10,0.0,0.0,0.0,,
independent_narrow,3456,in_distribution,25,10.095032,0.8,4,4,4,164.6899613365531,447.3026847839356,0.6143740832805633,0.4404754,576.0,154,4.317738000008831,30.095032,20.0,64.15531699999974,0.5,0.5146909356117249,uniform,uniform,10,0.0,0.0,0.0,,
independent_narrow,3456,in_distribution,26,7.1657887,0.8,4,4,4,171.71526230871677,475.8987236022949,0.4958519369363784,0.80502653,827.7778,154,4.317738000008831,27.165789,20.0,64.15531699999974,0.5,0.5146909356117249,uniform,uniform,10,0.0,0.0,0.0,,
independent_narrow,3456,in_distribution,27,8.067505,0.6,8,8,8,194.2320871353149,459.99195098876953,0.4569116771221161,0.6874123,878.7217,154,4.317738000008831,48.06751,40.000004,64.15531699999974,0.5,0.5146909356117249,uniform,uniform,10,0.0,0.0,0.0,,
independent_narrow,3456,in_distribution,28,9.775205,0.75,5,3,3,137.3540140390396,466.3960361480713,0.6499827593564987,0.3752685,514.4292,154,4.317738000008831,34.775208,25.000004,64.15531699999974,0.5,0.5146909356117249,uniform,uniform,10,0.0,0.0,0.0,,
independent_narrow,3456,in_distribution,29,8.671974,0.90000004,2,1,1,138.24937522411346,477.5350284576416,0.6012335300445557,0.6259512,620.8534,154,4.317738000008831,18.671976,10.000002,64.15531699999974,0.5,0.5146909356117249,uniform,uniform,10,0.0,0.0,0.0,,
independent_narrow,3456,in_distribution,30,10.356115,0.65000004,7,7,7,160.6125079668485,422.1134948730469,0.6000000238418579,0.45750788,576.0,154,4.317738000008831,45.35611,34.999992,64.15531699999974,0.5,0.5146909356117249,uniform,uniform,10,0.0,0.0,0.0,,
independent_narrow,3456,in_distribution,31,8.948183,0.7,6,3,3,195.7124053154673,477.24263191223145,0.5690488040447235,0.58186704,720.00006,154,4.317738000008831,38.948185,30.000002,64.15531699999974,0.5,0.5146909356117249,uniform,uniform,10,0.0,0.0,0.0,,
independent_narrow,3456,in_distribution,32,9.682767,0.8,4,4,4,164.53009760007262,465.005235671997,0.6381676882505417,0.39054486,535.72327,154,4.317738000008831,29.682766,20.0,64.15531699999974,0.5,0.5146909356117249,uniform,uniform,10,0.0,0.0,0.0,,
independent_narrow,3456,in_distribution,33,6.1320496,0.75,5,3,3,211.46707892417908,479.4271087646485,0.491790372133255,1.0044161,864.0001,154,4.317738000008831,31.132051,25.000002,64.15531699999974,0.5,0.5146909356117249,uniform,uniform,10,0.0,0.0,0.0,,
independent_narrow,3456,in_distribution,34,10.877307,0.7,6,5,5,176.8342012166977,453.88638496398926,0.691467234492302,0.20842853,422.26932,154,4.317738000008831,40.877304,29.999996,64.15531699999974,0.5,0.5146909356117249,uniform,uniform,10,0.0,0.0,0.0,,
independent_narrow,3456,in_distribution,35,9.10041,0.7,6,6,6,161.218421459198,364.74775314331055,0.5648676156997681,0.62088245,643.4542,154,4.317738000008831,39.100414,30.000004,64.15531699999974,0.5,0.5146909356117249,uniform,uniform,10,0.0,0.0,0.0,,
independent_narrow,3456,in_distribution,36,10.419604,0.90000004,2,2,2,169.92558121681213,459.477767944336,0.6562506794929505,0.28394863,495.47653,154,4.317738000008831,20.419603,9.999999,64.15531699999974,0.5,0.5146909356117249,uniform,uniform,10,0.0,0.0,0.0,,
independent_narrow,3456,in_distribution,37,8.217013,0.8,4,4,4,151.2907467037439,478.64994049072266,0.5710163950920105,0.49199477,678.29865,154,4.317738000008831,28.21701,19.999996,64.15531699999974,0.5,0.5146909356117249,uniform,uniform,10,0.0,0.0,0.0,,
independent_narrow,3456,in_distribution,38,8.346197,0.65000004,7,6,6,149.01835799217224,425.2701187133789,0.544206976890564,0.6283338,683.12274,154,4.317738000008831,43.346195,35.0,64.15531699999974,0.5,0.5146909356117249,uniform,uniform,10,0.0,0.0,0.0,,
independent_narrow,3456,in_distribution,39,9.216051,0.75,5,5,5,153.19401228427887,437.53443717956543,0.5452488452196121,0.50593257,686.65686,154,4.317738000008831,34.216045,24.999994,64.15531699999974,0.5,0.5146909356117249,uniform,uniform,10,0.0,0.0,0.0,,
independent_narrow,3456,in_distribution,40,5.815998,0.6,8,6,6,192.6753529906273,455.112419128418,0.3766946732997894,0.91304976,1027.8588,154,4.317738000008831,45.815994,39.999996,64.15531699999974,0.5,0.5146909356117249,uniform,uniform,10,0.0,0.0,0.0,,
independent_narrow,3456,in_distribution,41,8.543672,0.8,4,4,4,158.5010251030326,444.2932033538818,0.6044038712978363,0.58878094,581.8904,154,4.317738000008831,28.543673,20.0,64.15531699999974,0.5,0.5146909356117249,uniform,uniform,10,0.0,0.0,0.0,,
independent_narrow,3456,in_distribution,42,10.80126,0.65000004,7,5,5,161.3579640021691,424.8975563049317,0.5917322635650635,0.35771984,591.8742,154,4.317738000008831,45.80126,35.0,64.15531699999974,0.5,0.5146909356117249,uniform,uniform,10,0.0,0.0,0.0,,
independent_narrow,3456,in_distribution,43,9.090477,0.7,6,4,4,140.5123034119606,433.183822631836,0.5614042520523072,0.6203612,651.2878,154,4.317738000008831,39.090477,30.0,64.15531699999974,0.5,0.5146909356117249,uniform,uniform,10,0.0,0.0,0.0,,
independent_narrow,3456,in_distribution,44,9.202449,0.8,4,3,3,155.39201617240906,461.9439697265625,0.6381080925464631,0.39520675,534.98737,154,4.317738000008831,29.202452,20.000004,64.15531699999974,0.5,0.5146909356117249,uniform,uniform,10,0.0,0.0,0.0,,
independent_narrow,3456,in_distribution,45,8.388614,0.7,6,5,5,176.92261295659202,441.7334461212158,0.5259974479675293,0.62733525,734.1386,154,4.317738000008831,38.38861,29.999996,64.15531699999974,0.5,0.5146909356117249,uniform,uniform,10,0.0,0.0,0.0,,
independent_narrow,3456,in_distribution,46,10.971401,0.7,6,5,5,134.9798582707133,432.0905113220215,0.6695934474468231,0.38926008,442.47122,154,4.317738000008831,40.971405,30.000004,64.15531699999974,0.5,0.5146909356117249,uniform,uniform,10,0.0,0.0,0.0,,
independent_narrow,3456,in_distribution,47,6.541758,0.7,6,3,3,206.8233718616622,470.3032779693604,0.4469283998012542,1.0026698,915.82434,154,4.317738000008831,36.54176,30.000002,64.15531699999974,0.5,0.5146909356117249,uniform,uniform,10,0.0,0.0,0.0,,
independent_narrow,3456,in_distribution,48,9.451544,0.90000004,2,1,1,149.16129310925805,421.9257545471192,0.6064288020133972,0.47929585,563.65674,154,4.317738000008831,19.451546,10.000002,64.15531699999974,0.5,0.5146909356117249,uniform,uniform,10,0.0,0.0,0.0,,
independent_narrow,3456,in_distribution,49,7.935029,0.7,6,3,3,151.92659395081657,447.6448917388916,0.55166275203228,0.6345167,684.4525,154,4.317738000008831,37.935028,30.0,64.15531699999974,0.5,0.5146909356117249,uniform,uniform,10,0.0,0.0,0.0,,
independent_narrow,3456,in_distribution,50,7.0444093,0.7,6,6,6,151.50974373732294,412.6903438568115,0.4529648423194885,0.80924535,858.30774,154,4.317738000008831,37.044403,29.999994,64.15531699999974,0.5,0.5146909356117249,uniform,uniform,10,0.0,0.0,0.0,,
independent_narrow,3456,in_distribution,51,11.617491,0.8,4,2,2,194.7871707379818,467.6965999603272,0.7061402827501297,0.24709205,432.00003,154,4.317738000008831,31.617493,20.000002,64.15531699999974,0.5,0.5146909356117249,uniform,uniform,10,0.0,0.0,0.0,,
independent_narrow,3456,in_distribution,52,11.0714245,0.75,5,5,5,183.2102097272873,455.44240951538086,0.6855037540197373,0.32970262,456.2721,154,4.317738000008831,36.071426,25.000002,64.15531699999974,0.5,0.5146909356117249,uniform,uniform,10,0.0,0.0,0.0,,
independent_narrow,3456,in_distribution,53,7.9564986,0.7,6,4,4,144.64423260518484,409.1905117034912,0.5466926693916321,0.6236127,678.35016,154,4.317738000008831,37.956493,29.999994,64.15531699999974,0.5,0.5146909356117249,uniform,uniform,10,0.0,0.0,0.0,,
independent_narrow,3456,in_distribution,54,7.98436,0.7,6,4,4,137.02464835984367,414.9308395385742,0.543148398399353,0.7146731,685.1552,154,4.317738000008831,37.98436,30.0,64.15531699999974,0.5,0.5146909356117249,uniform,uniform,10,0.0,0.0,0.0,,
independent_narrow,3456,in_distribution,55,9.073148,0.8,4,3,3,153.20360876619816,429.9794769287109,0.5827561616897583,0.65190727,609.1083,154,4.317738000008831,29.073147,20.0,64.15531699999974,0.5,0.5146909356117249,uniform,uniform,10,0.0,0.0,0.0,,
independent_narrow,3456,in_distribution,56,11.360001,0.85,3,3,3,218.5783283850726,476.7273902893066,0.7222581475973129,0.2998442,432.0,154,4.317738000008831,26.359999,14.999998,64.15531699999974,0.5,0.5146909356117249,uniform,uniform,10,0.0,0.0,0.0,,
independent_narrow,3456,in_distribution,57,8.49183,0.75,5,4,4,140.5034942626953,474.0867233276367,0.5889696717262268,0.5775534,639.265,154,4.317738000008831,33.49183,25.0,64.15531699999974,0.5,0.5146909356117249,uniform,uniform,10,0.0,0.0,0.0,,
independent_narrow,3456,in_distribution,58,11.967413,0.7,6,5,5,231.90219257559096,459.6928310394287,0.6889982014894486,0.2769196,432.81644,154,4.317738000008831,41.967415,30.000002,64.15531699999974,0.5,0.5146909356117249,uniform,uniform,10,0.0,0.0,0.0,,
independent_narrow,3456,in_distribution,59,11.672944,0.90000004,2,1,1,201.466221511364,447.7312660217285,0.733193451166153,0.19613706,335.99997,154,4.317738000008831,21.672941,9.999997,64.15531699999974,0.5,0.5146909356117249,uniform,uniform,10,0.0,0.0,0.0,,
independent_narrow,3456,in_distribution,60,9.542118,0.75,5,5,5,130.217249751091,463.4805679321289,0.5823880672454834,0.46227852,641.2956,154,4.317738000008831,34.542118,25.0,64.15531699999974,0.5,0.5146909356117249,uniform,uniform,10,0.0,0.0,0.0,,
independent_narrow,3456,in_distribution,61,13.414583,0.8,4,4,4,168.20278940722346,454.7545909881592,0.8040939301252366,0.14256981,212.4943,154,4.317738000008831,33.414585,20.000002,64.15531699999974,0.5,0.5146909356117249,uniform,uniform,10,0.0,0.0,0.0,,
independent_narrow,3456,in_distribution,62,9.627258,0.85,3,3,3,169.44748100112466,460.75246810913086,0.6177017033100128,0.5108662,570.7653,154,4.317738000008831,24.62726,15.000002,64.15531699999974,0.5,0.5146909356117249,uniform,uniform,10,0.0,0.0,0.0,,
independent_narrow,3456,in_distribution,63,10.612826,1.0,0,0,0,159.3191558495164,463.6276531219482,0.7423248320817948,0.29514435,345.95706,154,4.317738000008831,10.612825,-9.536743e-07,64.15531699999974,0.5,0.5146909356117249,uniform,uniform,10,0.0,0.0,0.0,,
independent_narrow,3456,in_distribution,64,8.410434,0.55,9,9,9,128.91555255109614,465.5002212524414,0.4969119668006897,0.7215971,807.42944,154,4.317738000008831,53.410435,45.0,64.15531699999974,0.5,0.5146909356117249,uniform,uniform,10,0.0,0.0,0.0,,
independent_narrow,3456,in_distribution,65,7.731868,0.75,5,3,3,162.5348082780838,458.1012153625488,0.5135944426059723,0.61601007,768.00006,154,4.317738000008831,32.73187,25.0,64.15531699999974,0.5,0.5146909356117249,uniform,uniform,10,0.0,0.0,0.0,,
independent_narrow,3456,in_distribution,66,8.097723,0.75,5,3,3,171.67177176475525,433.5963249206543,0.5405993402004242,0.6773275,691.64575,154,4.317738000008831,33.097725,25.000002,64.15531699999974,0.5,0.5146909356117249,uniform,uniform,10,0.0,0.0,0.0,,
independent_narrow,3456,in_distribution,67,7.669401,0.75,5,5,5,170.19074010849,460.2531909942627,0.543722876906395,0.68326074,712.3054,154,4.317738000008831,32.669403,25.000002,64.15531699999974,0.5,0.5146909356117249,uniform,uniform,10,0.0,0.0,0.0,,
independent_narrow,3456,in_distribution,68,10.4716625,0.75,5,4,4,209.6239321231842,459.3345451354981,0.6321815222501754,0.41524652,576.0,154,4.317738000008831,35.47166,24.999998,64.15531699999974,0.5,0.5146909356117249,uniform,uniform,10,0.0,0.0,0.0,,
independent_narrow,3456,in_distribution,69,9.861988,0.8,4,4,4,145.66411525011063,441.5006732940674,0.6327688187360764,0.5818898,522.58466,154,4.317738000008831,29.861988,20.0,64.15531699999974,0.5,0.5146909356117249,uniform,uniform,10,0.0,0.0,0.0,,
independent_narrow,3456,in_distribution,70,8.989741,0.95,1,0,0,153.57999415774094,477.7722930908203,0.6253868818283081,0.42140666,586.0259,154,4.317738000008831,13.989742,5.000001,64.15531699999974,0.5,0.5146909356117249,uniform,uniform,10,0.0,0.0,0.0,,
independent_narrow,3456,in_distribution,71,7.5780725,0.75,5,5,5,129.41053891181946,467.6241588592529,0.4887443572282791,0.7854806,825.23517,154,4.317738000008831,32.57807,25.0,64.15531699999974,0.5,0.5146909356117249,uniform,uniform,10,0.0,0.0,0.0,,
independent_narrow,3456,in_distribution,72,11.662268,0.75,5,4,4,148.1018841266632,468.95853996276855,0.743020984530449,0.2903236,365.94348,154,4.317738000008831,36.66227,25.000002,64.15531699999974,0.5,0.5146909356117249,uniform,uniform,10,0.0,0.0,0.0,,
independent_narrow,3456,in_distribution,73,8.060001,0.8,4,4,4,171.17531564086676,455.0289916992188,0.4869943499565125,0.6503086,816.00006,154,4.317738000008831,28.06,19.999998,64.15531699999974,0.5,0.5146909356117249,uniform,uniform,10,0.0,0.0,0.0,,
independent_narrow,3456,in_distribution,74,8.713217,0.75,5,4,4,173.39109706878662,476.7979431152344,0.5526810318231583,0.6527233,724.2671,154,4.317738000008831,33.713215,24.999998,64.15531699999974,0.5,0.5146909356117249,uniform,uniform,10,0.0,0.0,0.0,,
independent_narrow,3456,in_distribution,75,10.234375,0.8,4,3,3,182.95951880514625,456.926794052124,0.6066019266843796,0.4845342,593.5625,154,4.317738000008831,30.234373,19.999998,64.15531699999974,0.5,0.5146909356117249,uniform,uniform,10,0.0,0.0,0.0,,
independent_narrow,3456,in_distribution,76,10.577621,0.8,4,3,3,177.9316522926092,471.8227958679199,0.671101588010788,0.4475805,479.99997,154,4.317738000008831,30.577625,20.000004,64.15531699999974,0.5,0.5146909356117249,uniform,uniform,10,0.0,0.0,0.0,,
independent_narrow,3456,in_distribution,77,7.465063,0.65000004,7,5,5,193.19275081157684,387.8611564636231,0.4500000476837158,0.62187475,864.0001,154,4.317738000008831,42.465065,35.0,64.15531699999974,0.5,0.5146909356117249,uniform,uniform,10,0.0,0.0,0.0,,
independent_narrow,3456,in_distribution,78,9.283121,0.90000004,2,1,1,124.5804876089096,387.59642601013184,0.6413752436637878,0.17684968,496.5596,154,4.317738000008831,19.283125,10.000004,64.15531699999974,0.5,0.5146909356117249,uniform,uniform,10,0.0,0.0,0.0,,
independent_narrow,3456,in_distribution,79,9.860441,0.6,8,7,7,189.9024674296379,424.738655090332,0.5500000715255737,0.54009,672.00006,154,4.317738000008831,49.860443,40.0,64.15531699999974,0.5,0.5146909356117249,uniform,uniform,10,0.0,0.0,0.0,,
independent_narrow,3456,in_distribution,80,7.3819647,0.75,5,3,3,161.01750111579895,467.9007911682129,0.5021340191364289,0.7709815,799.8036,154,4.317738000008831,32.381966,25.0,64.15531699999974,0.5,0.5146909356117249,uniform,uniform,10,0.0,0.0,0.0,,
independent_narrow,3456,in_distribution,81,8.846313,0.75,5,4,4,172.78743505477905,464.1789436340332,0.5417599618434906,0.57325107,720.00006,154,4.317738000008831,33.846317,25.000004,64.15531699999974,0.5,0.5146909356117249,uniform,uniform,10,0.0,0.0,0.0,,
independent_narrow,3456,in_distribution,82,9.043676,0.8,4,4,4,158.23315400630236,466.33975982666016,0.6310976386070252,0.25358203,550.63245,154,4.317738000008831,29.043674,19.999998,64.15531699999974,0.5,0.5146909356117249,uniform,uniform,10,0.0,0.0,0.0,,
independent_narrow,3456,in_distribution,83,11.935177,0.85,3,3,3,157.18595645006965,430.6822872161865,0.7294062972068787,0.21109429,327.54,154,4.317738000008831,26.935177,15.0,64.15531699999974,0.5,0.5146909356117249,uniform,uniform,10,0.0,0.0,0.0,,
independent_narrow,3456,in_distribution,84,9.827978,0.8,4,4,4,178.37045207619667,478.82128715515137,0.6493860870599747,0.34876785,528.0,154,4.317738000008831,29.827976,19.999998,64.15531699999974,0.5,0.5146909356117249,uniform,uniform,10,0.0,0.0,0.0,,
independent_narrow,3456,in_distribution,85,9.586338,0.85,3,2,2,137.99961784306694,476.9736385345459,0.6571014910936356,0.27683946,511.3389,154,4.317738000008831,24.586338,15.0,64.15531699999974,0.5,0.5146909356117249,uniform,uniform,10,0.0,0.0,0.0,,
independent_narrow,3456,in_distribution,86,9.578324,0.75,5,3,3,151.0913152694702,446.1240863800049,0.6240014761686326,0.58672166,553.3838,154,4.317738000008831,34.578323,25.0,64.15531699999974,0.5,0.5146909356117249,uniform,uniform,10,0.0,0.0,0.0,,
independent_narrow,3456,in_distribution,87,7.995154,0.8,4,4,4,167.7154317498207,455.1574516296387,0.5622186005115509,0.63328654,671.6978,154,4.317738000008831,27.995152,19.999998,64.15531699999974,0.5,0.5146909356117249,uniform,uniform,10,0.0,0.0,0.0,,
independent_narrow,3456,in_distribution,88,8.778986,0.75,5,4,4,164.07410383224487,432.6743888854981,0.5251019537448883,0.70129937,720.47876,154,4.317738000008831,33.778988,25.000002,64.15531699999974,0.5,0.5146909356117249,uniform,uniform,10,0.0,0.0,0.0,,
independent_narrow,3456,in_distribution,89,6.0907154,0.7,6,5,5,116.60637425524848,435.8816528320313,0.4411215126514435,0.7670857,884.9285,154,4.317738000008831,36.090714,29.999998,64.15531699999974,0.5,0.5146909356117249,uniform,uniform,10,0.0,0.0,0.0,,
independent_narrow,3456,in_distribution,90,8.605732,0.6,8,7,7,194.3537935614586,428.88854026794434,0.5250000357627869,0.6164002,720.00006,154,4.317738000008831,48.605736,40.000004,64.15531699999974,0.5,0.5146909356117249,uniform,uniform,10,0.0,0.0,0.0,,
independent_narrow,3456,in_distribution,91,10.702805,0.95,1,0,0,158.8132218153853,468.42387199401855,0.7571471124887467,0.10320292,310.70148,154,4.317738000008831,15.702801,4.999996,64.15531699999974,0.5,0.5146909356117249,uniform,uniform,10,0.0,0.0,0.0,,
independent_narrow,3456,in_distribution,92,12.613546,0.65000004,7,6,6,190.0067116664006,474.453477859497,0.7315650075674057,0.23401386,365.84875,154,4.317738000008831,47.613544,35.0,64.15531699999974,0.5,0.5146909356117249,uniform,uniform,10,0.0,0.0,0.0,,
independent_narrow,3456,in_distribution,93,6.491329,0.7,6,5,5,181.1357558625085,438.3086013793945,0.4519633889198303,1.000066,866.53906,154,4.317738000008831,36.491325,29.999996,64.15531699999974,0.5,0.5146909356117249,uniform,uniform,10,0.0,0.0,0.0,,
independent_narrow,3456,in_distribution,94,8.846442,0.7,6,5,5,120.07490886109215,418.2285690307617,0.56101393699646,0.4070718,650.8533,154,4.317738000008831,38.84644,29.999996,64.15531699999974,0.5,0.5146909356117249,uniform,uniform,10,0.0,0.0,0.0,,
independent_narrow,3456,in_distribution,95,9.722151,0.7,6,4,4,147.1182325908116,447.2383689880371,0.5689477503299714,0.5426374,651.2317,154,4.317738000008831,39.72215,29.999998,64.15531699999974,0.5,0.5146909356117249,uniform,uniform,10,0.0,0.0,0.0,,
independent_narrow,3456,in_distribution,96,10.354792,0.8,4,3,3,215.34709565341475,476.1016845703125,0.622969651222229,0.46739247,576.0,154,4.317738000008831,30.354794,20.000002,64.15531699999974,0.5,0.5146909356117249,uniform,uniform,10,0.0,0.0,0.0,,
independent_narrow,3456,in_distribution,97,11.915509,0.8,4,2,2,125.03818597644567,374.1874694824219,0.7128812670707703,0.2191833,359.26804,154,4.317738000008831,31.91551,20.0,64.15531699999974,0.5,0.5146909356117249,uniform,uniform,10,0.0,0.0,0.0,,
independent_narrow,3456,in_distribution,98,11.279722,0.8,4,3,3,150.32056085765362,423.5953330993652,0.6750000715255737,0.27897882,432.0,154,4.317738000008831,31.279722,20.0,64.15531699999974,0.5,0.5146909356117249,uniform,uniform,10,0.0,0.0,0.0,,
independent_narrow,3456,in_distribution,99,9.490469,0.8,4,3,3,160.38399673998356,418.9926910400391,0.5753384828567505,0.39269605,623.3502,154,4.317738000008831,29.490475,20.000006,64.15531699999974,0.5,0.5146909356117249,uniform,uniform,10,0.0,0.0,0.0,,
independent,1234,in_distribution,0,9.486437,0.65000004,7,6,6,203.9958767707531,448.9913749694824,0.5934155315160752,0.67905325,613.2718,146,4.092958000010185,44.486443,35.000008,60.97571700000117,0.5,0.5146909356117249,uniform,uniform,10,0.0,0.0,0.0,,
independent,1234,in_distribution,1,7.3909187,0.8,4,1,1,124.5360116288066,443.1733703613281,0.5316729187965393,0.7032058,718.3616,146,4.092958000010185,27.390919,20.0,60.97571700000117,0.5,0.5146909356117249,uniform,uniform,10,0.0,0.0,0.0,,
independent,1234,in_distribution,2,11.627723,0.85,3,3,3,143.3447065072901,442.63306617736816,0.6997223675251008,0.27429214,397.8347,146,4.092958000010185,26.627722,14.999999,60.97571700000117,0.5,0.5146909356117249,uniform,uniform,10,0.0,0.0,0.0,,
independent,1234,in_distribution,3,8.451474,0.75,5,4,4,107.80029296875,435.1365280151367,0.5256687641143799,0.65896314,721.8527,146,4.092958000010185,33.451473,25.0,60.97571700000117,0.5,0.5146909356117249,uniform,uniform,10,0.0,0.0,0.0,,
independent,1234,in_distribution,4,8.610212,0.85,3,3,3,156.98346439529868,412.6804161071777,0.5742571353912354,0.61167395,625.42645,146,4.092958000010185,23.61021,14.999998,60.97571700000117,0.5,0.5146909356117249,uniform,uniform,10,0.0,0.0,0.0,,
independent,1234,in_distribution,5,8.588289,0.90000004,2,2,2,169.82357770204544,458.5869026184082,0.5888473927974701,0.6219926,624.00006,146,4.092958000010185,18.588291,10.000002,60.97571700000117,0.5,0.5146909356117249,uniform,uniform,10,0.0,0.0,0.0,,
independent,1234,in_distribution,6,11.076376,0.85,3,3,3,159.3661897322711,426.8495464324951,0.7076165080070496,0.23148473,369.37643,146,4.092958000010185,26.076378,15.000002,60.97571700000117,0.5,0.5146909356117249,uniform,uniform,10,0.0,0.0,0.0,,
independent,1234,in_distribution,7,9.074085,0.75,5,2,2,127.41143274307252,433.6911678314209,0.5974478513002396,0.64940137,582.59143,146,4.092958000010185,34.074085,25.0,60.97571700000117,0.5,0.5146909356117249,uniform,uniform,10,0.0,0.0,0.0,,
independent,1234,in_distribution,8,8.441328,0.7,6,5,5,176.5224368231637,455.4741382598877,0.5372261494398117,0.7545327,720.00006,146,4.092958000010185,38.441334,30.000006,60.97571700000117,0.5,0.5146909356117249,uniform,uniform,10,0.0,0.0,0.0,,
independent,1234,in_distribution,9,8.530348,0.85,3,1,1,151.65528216782738,439.59574699401855,0.5653328686952591,0.63295114,650.1567,146,4.092958000010185,23.53035,15.000002,60.97571700000117,0.5,0.5146909356117249,uniform,uniform,10,0.0,0.0,0.0,,
independent,1234,in_distribution,10,8.950421,0.90000004,2,0,0,175.28456330299375,461.1220836639404,0.5974222004413605,0.62433267,624.00006,146,4.092958000010185,18.950422,10.000001,60.97571700000117,0.5,0.5146909356117249,uniform,uniform,10,0.0,0.0,0.0,,
independent,1234,in_distribution,11,8.824738,0.8,4,2,2,139.01440545916557,428.1500816345215,0.5826592445373535,0.65230966,609.2944,146,4.092958000010185,28.82474,20.000002,60.97571700000117,0.5,0.5146909356117249,uniform,uniform,10,0.0,0.0,0.0,,
independent,1234,in_distribution,12,7.2206717,0.75,5,5,5,149.32147312164307,433.8967895507813,0.4998969078063965,0.7492232,770.095,146,4.092958000010185,32.220673,25.0,60.97571700000117,0.5,0.5146909356117249,uniform,uniform,10,0.0,0.0,0.0,,
independent,1234,in_distribution,13,8.860807,0.8,4,4,4,156.02292962372303,441.76915168762207,0.5520051807165146,0.6618211,677.9194,146,4.092958000010185,28.860807,20.0,60.97571700000117,0.5,0.5146909356117249,uniform,uniform,10,0.0,0.0,0.0,,
independent,1234,in_distribution,14,8.738972,0.8,4,2,2,151.46705232560635,476.7245864868164,0.6095332384109498,0.601127,603.8052,146,4.092958000010185,28.738968,19.999996,60.97571700000117,0.5,0.5146909356117249,uniform,uniform,10,0.0,0.0,0.0,,
independent,1234,in_distribution,15,8.027844,0.65000004,7,5,5,168.35760657603925,447.1557712554932,0.5146709561347962,0.7629555,768.00006,146,4.092958000010185,43.027843,35.0,60.97571700000117,0.5,0.5146909356117249,uniform,uniform,10,0.0,0.0,0.0,,
independent,1234,in_distribution,16,8.499575,1.0,0,0,0,166.1061623096466,465.59374809265137,0.6397422939538956,0.3603314,533.2887,146,4.092958000010185,8.499574,-9.536743e-07,60.97571700000117,0.5,0.5146909356117249,uniform,uniform,10,0.0,0.0,0.0,,
independent,1234,in_distribution,17,9.070457,0.95,1,1,1,163.87661971543966,458.6570262908936,0.6280181676149368,0.38831064,576.0,146,4.092958000010185,14.0704565,4.999999,60.97571700000117,0.5,0.5146909356117249,uniform,uniform,10,0.0,0.0,0.0,,
independent,1234,in_distribution,18,10.258817,0.85,3,2,2,179.73342860446257,454.08599853515625,0.6421754628419876,0.36344162,531.1183,146,4.092958000010185,25.258816,14.999999,60.97571700000117,0.5,0.5146909356117249,uniform,uniform,10,0.0,0.0,0.0,,
independent,1234,in_distribution,19,9.333952,0.7,6,6,6,112.93446408850808,457.2868251800537,0.5357719451189041,0.677968,724.60486,146,4.092958000010185,39.333958,30.000006,60.97571700000117,0.5,0.5146909356117249,uniform,uniform,10,0.0,0.0,0.0,,
independent,1234,in_distribution,20,9.060448,0.90000004,2,1,1,161.12995028495789,460.2370262145996,0.63243847489357,0.6540517,541.9552,146,4.092958000010185,19.060452,10.000004,60.97571700000117,0.5,0.5146909356117249,uniform,uniform,10,0.0,0.0,0.0,,
independent,1234,in_distribution,21,8.213256,0.75,5,4,4,130.05982315540314,368.9455604553223,0.5489822030067444,0.5963737,673.9542,146,4.092958000010185,33.213257,25.0,60.97571700000117,0.5,0.5146909356117249,uniform,uniform,10,0.0,0.0,0.0,,
independent,1234,in_distribution,22,9.984101,0.8,4,3,3,191.634339094162,451.17751121521,0.6349883466959,0.48102993,527.99994,146,4.092958000010185,29.984098,19.999996,60.97571700000117,0.5,0.5146909356117249,uniform,uniform,10,0.0,0.0,0.0,,
independent,1234,in_distribution,23,6.9337664,0.7,6,5,5,140.78385600021906,471.3769340515137,0.4847724318504333,0.89386034,869.8095,146,4.092958000010185,36.933765,30.0,60.97571700000117,0.5,0.5146909356117249,uniform,uniform,10,0.0,0.0,0.0,,
independent,1234,in_distribution,24,9.293302,0.7,6,5,5,198.47668290138245,443.8012790679932,0.5326026260852814,0.58270836,720.00006,146,4.092958000010185,39.293297,29.999996,60.97571700000117,0.5,0.5146909356117249,uniform,uniform,10,0.0,0.0,0.0,,
independent,1234,in_distribution,25,9.20545,0.75,5,5,5,143.33506870269775,424.4323253631592,0.5489962697029114,0.61699015,673.9273,146,4.092958000010185,34.20545,24.999998,60.97571700000117,0.5,0.5146909356117249,uniform,uniform,10,0.0,0.0,0.0,,
independent,1234,in_distribution,26,7.4751086,0.90000004,2,2,2,156.3507878780365,452.0115566253662,0.5100129663944244,0.6520359,788.00586,146,4.092958000010185,17.475111,10.000002,60.97571700000117,0.5,0.5146909356117249,uniform,uniform,10,0.0,0.0,0.0,,
independent,1234,in_distribution,27,7.0324945,0.55,9,3,3,138.1074734167619,423.3569812774658,0.4287758469581604,1.0047941,904.75055,146,4.092958000010185,52.0325,45.000008,60.97571700000117,0.5,0.5146909356117249,uniform,uniform,10,0.0,0.0,0.0,,
independent,1234,in_distribution,28,10.219521,0.7,6,4,4,126.46599156515938,433.5686874389648,0.6033962607383728,0.58010876,571.0479,146,4.092958000010185,40.219517,29.999996,60.97571700000117,0.5,0.5146909356117249,uniform,uniform,10,0.0,0.0,0.0,,
independent,1234,in_distribution,29,8.5753355,0.7,6,5,5,143.51130928312028,382.9125022888184,0.5551673173904419,0.59684044,662.0788,146,4.092958000010185,38.575336,30.0,60.97571700000117,0.5,0.5146909356117249,uniform,uniform,10,0.0,0.0,0.0,,
independent,1234,in_distribution,30,9.016877,0.75,5,5,5,151.99140405654907,476.92219734191895,0.6122080951929092,0.6216118,631.31226,146,4.092958000010185,34.01688,25.000004,60.97571700000117,0.5,0.5146909356117249,uniform,uniform,10,0.0,0.0,0.0,,
independent,1234,in_distribution,31,7.959727,0.6,8,5,5,134.92697715759277,449.83094215393066,0.5056949943304062,0.6880358,774.8967,146,4.092958000010185,47.959724,39.999996,60.97571700000117,0.5,0.5146909356117249,uniform,uniform,10,0.0,0.0,0.0,,
independent,1234,in_distribution,32,8.810053,0.85,3,3,3,135.89085344006034,445.52767753601074,0.5682310849428177,0.6635507,650.524,146,4.092958000010185,23.810053,15.0,60.97571700000117,0.5,0.5146909356117249,uniform,uniform,10,0.0,0.0,0.0,,
independent,1234,in_distribution,33,6.6977863,0.7,6,4,4,144.75142197949546,449.6458053588867,0.4591906011104584,1.0115602,864.0001,146,4.092958000010185,36.69779,30.000002,60.97571700000117,0.5,0.5146909356117249,uniform,uniform,10,0.0,0.0,0.0,,
independent,1234,in_distribution,34,8.705603,0.7,6,3,3,164.93907579353876,450.0533580780029,0.5758404523134232,0.61190766,640.43976,146,4.092958000010185,38.7056,29.999998,60.97571700000117,0.5,0.5146909356117249,uniform,uniform,10,0.0,0.0,0.0,,
independent,1234,in_distribution,35,8.826038,0.75,5,5,5,141.29758620262146,462.7906322479248,0.574382820725441,0.61505824,655.9757,146,4.092958000010185,33.82604,25.0,60.97571700000117,0.5,0.5146909356117249,uniform,uniform,10,0.0,0.0,0.0,,
independent,1234,in_distribution,36,7.3458276,0.85,3,1,1,135.97299298819374,423.642053604126,0.5206161141395569,0.6826099,728.41724,146,4.092958000010185,22.345827,15.0,60.97571700000117,0.5,0.5146909356117249,uniform,uniform,10,0.0,0.0,0.0,,
independent,1234,in_distribution,37,9.167934,0.7,6,6,6,125.0798476593835,477.1307945251465,0.5575626432895661,0.64901936,702.6106,146,4.092958000010185,39.16793,29.999996,60.97571700000117,0.5,0.5146909356117249,uniform,uniform,10,0.0,0.0,0.0,,
independent,1234,in_distribution,38,9.07352,0.8,4,3,3,161.04068152606487,448.2865333557129,0.5722075641155243,0.646812,645.6481,146,4.092958000010185,29.073517,19.999996,60.97571700000117,0.5,0.5146909356117249,uniform,uniform,10,0.0,0.0,0.0,,
independent,1234,in_distribution,39,8.167149,0.7,6,6,6,140.28251230716705,451.8600368499756,0.5181385606527329,0.65339607,768.00006,146,4.092958000010185,38.16715,30.0,60.97571700000117,0.5,0.5146909356117249,uniform,uniform,10,0.0,0.0,0.0,,
independent,1234,in_distribution,40,8.08,0.7,6,4,4,178.01417176212584,462.2695255279541,0.5234858810901641,0.715642,768.00006,146,4.092958000010185,38.079998,29.999998,60.97571700000117,0.5,0.5146909356117249,uniform,uniform,10,0.0,0.0,0.0,,
independent,1234,in_distribution,41,10.083836,0.7,6,6,6,155.41652747562952,425.44206619262695,0.6781270503997803,0.36259788,425.9962,146,4.092958000010185,40.083836,30.0,60.97571700000117,0.5,0.5146909356117249,uniform,uniform,10,0.0,0.0,0.0,,
independent,1234,in_distribution,42,8.693389,0.75,5,3,3,145.74673008918762,465.60768127441406,0.5675040721893311,0.6277967,672.00006,146,4.092958000010185,33.693386,24.999996,60.97571700000117,0.5,0.5146909356117249,uniform,uniform,10,0.0,0.0,0.0,,
independent,1234,in_distribution,43,8.947636,0.75,5,3,3,147.04890501499176,451.1381149291992,0.5849678158760071,0.5964599,624.00006,146,4.092958000010185,33.94764,25.000004,60.97571700000117,0.5,0.5146909356117249,uniform,uniform,10,0.0,0.0,0.0,,
independent,1234,in_distribution,44,7.473501,0.65000004,7,6,6,104.07131305107704,433.4165382385254,0.5188620626926422,0.6273561,733.2015,146,4.092958000010185,42.4735,35.0,60.97571700000117,0.5,0.5146909356117249,uniform,uniform,10,0.0,0.0,0.0,,
independent,1234,in_distribution,45,6.899669,0.6,8,7,7,139.69794988632202,411.5052509307861,0.4581969976425171,0.6827702,848.26196,146,4.092958000010185,46.89967,40.0,60.97571700000117,0.5,0.5146909356117249,uniform,uniform,10,0.0,0.0,0.0,,
independent,1234,in_distribution,46,9.711161,0.8,4,3,3,99.60029192268848,457.0206069946289,0.6500712871551514,0.36903346,504.8839,146,4.092958000010185,29.711157,19.999996,60.97571700000117,0.5,0.5146909356117249,uniform,uniform,10,0.0,0.0,0.0,,
independent,1234,in_distribution,47,8.271963,0.8,4,1,1,170.79330392181873,439.93346214294434,0.5291320472955704,0.6784452,720.00006,146,4.092958000010185,28.271961,19.999998,60.97571700000117,0.5,0.5146909356117249,uniform,uniform,10,0.0,0.0,0.0,,
independent,1234,in_distribution,48,8.961681,0.90000004,2,1,1,165.73332806428274,424.6990585327149,0.5698502659797668,0.6767769,633.8877,146,4.092958000010185,18.961681,10.0,60.97571700000117,0.5,0.5146909356117249,uniform,uniform,10,0.0,0.0,0.0,,
independent,1234,in_distribution,49,7.03731,0.85,3,0,0,179.64484649546006,466.6604804992676,0.5373458147048951,0.74237573,763.7511,146,4.092958000010185,22.037312,15.000002,60.97571700000117,0.5,0.5146909356117249,uniform,uniform,10,0.0,0.0,0.0,,
independent,1234,in_distribution,50,7.3618736,0.8,4,4,4,136.742440816015,462.3803901672363,0.5212790191173553,0.7737445,788.03534,146,4.092958000010185,27.361876,20.000002,60.97571700000117,0.5,0.5146909356117249,uniform,uniform,10,0.0,0.0,0.0,,
independent,1234,in_distribution,51,8.760364,0.7,6,4,4,177.1333086490631,464.1145706176758,0.5705716848373413,0.70827395,664.61707,146,4.092958000010185,38.760365,30.0,60.97571700000117,0.5,0.5146909356117249,uniform,uniform,10,0.0,0.0,0.0,,
independent,1234,in_distribution,52,8.59388,0.8,4,0,0,130.26872735470533,452.9770374298096,0.6109256237745285,0.5855935,575.99994,146,4.092958000010185,28.593878,19.999998,60.97571700000117,0.5,0.5146909356117249,uniform,uniform,10,0.0,0.0,0.0,,
independent,1234,in_distribution,53,8.324045,0.8,4,2,2,168.34531590342522,457.84661293029785,0.5855441182851792,0.66968554,629.602,146,4.092958000010185,28.324047,20.000002,60.97571700000117,0.5,0.5146909356117249,uniform,uniform,10,0.0,0.0,0.0,,
independent,1234,in_distribution,54,8.158617,0.7,6,4,4,106.5633365724768,423.16051483154297,0.5650666952133179,0.582436,643.07214,146,4.092958000010185,38.15862,30.000002,60.97571700000117,0.5,0.5146909356117249,uniform,uniform,10,0.0,0.0,0.0,,
independent,1234,in_distribution,55,9.370775,0.85,3,2,2,147.79590578640207,468.7880229949951,0.6342240959405899,0.5866467,547.0779,146,4.092958000010185,24.370777,15.000002,60.97571700000117,0.5,0.5146909356117249,uniform,uniform,10,0.0,0.0,0.0,,
independent,1234,in_distribution,56,10.619354,0.7,6,6,6,123.32269064017704,471.108283996582,0.6342335224151612,0.38132435,562.9154,146,4.092958000010185,40.619354,30.0,60.97571700000117,0.5,0.5146909356117249,uniform,uniform,10,0.0,0.0,0.0,,
independent,1234,in_distribution,57,8.624098,0.8,4,3,3,132.57720362395048,467.9025363922119,0.5762185543775559,0.6365784,657.56305,146,4.092958000010185,28.624096,19.999998,60.97571700000117,0.5,0.5146909356117249,uniform,uniform,10,0.0,0.0,0.0,,
independent,1234,in_distribution,58,10.761195,0.75,5,4,4,125.6762313246727,416.0464096069336,0.6255985498428345,0.29601634,526.85077,146,4.092958000010185,35.7612,25.000004,60.97571700000117,0.5,0.5146909356117249,uniform,uniform,10,0.0,0.0,0.0,,
independent,1234,in_distribution,59,8.336924,0.75,5,2,2,180.00785291194916,469.2385482788086,0.5569231748580933,0.6262691,695.94617,146,4.092958000010185,33.336926,25.000002,60.97571700000117,0.5,0.5146909356117249,uniform,uniform,10,0.0,0.0,0.0,,
independent,1234,in_distribution,60,8.633964,0.75,5,4,4,138.01082229614258,467.65886306762695,0.5685723960399628,0.5935794,672.00006,146,4.092958000010185,33.63396,24.999996,60.97571700000117,0.5,0.5146909356117249,uniform,uniform,10,0.0,0.0,0.0,,
independent,1234,in_distribution,61,11.586966,0.85,3,3,3,137.56679266691208,445.5182933807373,0.7443827778100968,0.24924384,312.30347,146,4.092958000010185,26.586967,15.000002,60.97571700000117,0.5,0.5146909356117249,uniform,uniform,10,0.0,0.0,0.0,,
independent,1234,in_distribution,62,9.021296,0.7,6,5,5,132.19754832131522,463.1756401062012,0.5963065505027771,0.5818818,634.8703,146,4.092958000010185,39.021294,29.999998,60.97571700000117,0.5,0.5146909356117249,uniform,uniform,10,0.0,0.0,0.0,,
independent,1234,in_distribution,63,9.473513,0.8,4,4,4,162.31317423284054,472.9405403137207,0.6554998099803925,0.3580415,510.38092,146,4.092958000010185,29.473516,20.000004,60.97571700000117,0.5,0.5146909356117249,uniform,uniform,10,0.0,0.0,0.0,,
independent,1234,in_distribution,64,9.269138,0.75,5,4,4,154.0525257587433,446.64819717407227,0.5534177362918854,0.63847095,680.0863,146,4.092958000010185,34.269142,25.000004,60.97571700000117,0.5,0.5146909356117249,uniform,uniform,10,0.0,0.0,0.0,,
independent,1234,in_distribution,65,7.693219,0.65000004,7,4,4,129.93512969750626,476.1156463623047,0.5163737773895264,0.7722339,780.67816,146,4.092958000010185,42.693214,34.999996,60.97571700000117,0.5,0.5146909356117249,uniform,uniform,10,0.0,0.0,0.0,,
independent,1234,in_distribution,66,7.462759,0.6,8,6,6,120.62589392066002,384.6253108978272,0.4611700773239136,0.7767512,842.55365,146,4.092958000010185,47.46276,40.0,60.97571700000117,0.5,0.5146909356117249,uniform,uniform,10,0.0,0.0,0.0,,
independent,1234,in_distribution,67,7.063859,0.85,3,3,3,121.67732792742112,462.1919631958008,0.5325927376747132,0.65617436,735.6141,146,4.092958000010185,22.06386,15.000001,60.97571700000117,0.5,0.5146909356117249,uniform,uniform,10,0.0,0.0,0.0,,
independent,1234,in_distribution,68,10.038201,0.75,5,4,4,136.7659422159195,361.6214561462402,0.5957396626472473,0.5952351,584.17993,146,4.092958000010185,35.0382,25.0,60.97571700000117,0.5,0.5146909356117249,uniform,uniform,10,0.0,0.0,0.0,,
independent,1234,in_distribution,69,9.1825285,0.85,3,3,3,121.06497477082644,459.0096473693848,0.6256084382534027,0.5858148,553.8415,146,4.092958000010185,24.182531,15.000003,60.97571700000117,0.5,0.5146909356117249,uniform,uniform,10,0.0,0.0,0.0,,
independent,1234,in_distribution,70,6.466243,0.75,5,4,4,124.50193631649016,470.7415580749512,0.4505017876625061,0.9006474,926.46326,146,4.092958000010185,31.466244,25.0,60.97571700000117,0.5,0.5146909356117249,uniform,uniform,10,0.0,0.0,0.0,,
independent,1234,in_distribution,71,6.4634132,0.65000004,7,7,7,143.46541313024667,467.8828525543213,0.419333803653717,0.98590136,978.8656,146,4.092958000010185,41.463413,35.0,60.97571700000117,0.5,0.5146909356117249,uniform,uniform,10,0.0,0.0,0.0,,
independent,1234,in_distribution,72,11.306454,0.85,3,2,2,149.58683084039126,479.1896152496338,0.7159607142210007,0.44842508,434.23248,146,4.092958000010185,26.306456,15.000002,60.97571700000117,0.5,0.5146909356117249,uniform,uniform,10,0.0,0.0,0.0,,
independent,1234,in_distribution,73,7.013585,0.8,4,2,2,160.5599312670529,416.5384483337402,0.4750000834465027,0.759356,816.00006,146,4.092958000010185,27.013586,20.0,60.97571700000117,0.5,0.5146909356117249,uniform,uniform,10,0.0,0.0,0.0,,
independent,1234,in_distribution,74,8.607557,0.75,5,4,4,169.81490463018417,463.6095428466797,0.5553986072540283,0.6173251,693.24426,146,4.092958000010185,33.60756,25.000002,60.97571700000117,0.5,0.5146909356117249,uniform,uniform,10,0.0,0.0,0.0,,
independent,1234,in_distribution,75,8.164888,0.7,6,5,5,156.33095319781984,471.3451766967773,0.5216265499591828,0.7580963,771.1337,146,4.092958000010185,38.16489,30.000002,60.97571700000117,0.5,0.5146909356117249,uniform,uniform,10,0.0,0.0,0.0,,
independent,1234,in_distribution,76,10.069836,0.90000004,2,1,1,188.971799214681,478.5811614990234,0.696857464313507,0.5854686,517.0165,146,4.092958000010185,20.069841,10.000006,60.97571700000117,0.5,0.5146909356117249,uniform,uniform,10,0.0,0.0,0.0,,
independent,1234,in_distribution,77,6.975211,0.7,6,4,4,144.8852875828743,462.412748336792,0.4510072857141495,0.7775815,892.47894,146,4.092958000010185,36.975216,30.000004,60.97571700000117,0.5,0.5146909356117249,uniform,uniform,10,0.0,0.0,0.0,,
independent,1234,in_distribution,78,9.074396,0.8,4,2,2,147.18536216765642,456.4652824401856,0.595455938577652,0.60803974,609.18994,146,4.092958000010185,29.074402,20.000006,60.97571700000117,0.5,0.5146909356117249,uniform,uniform,10,0.0,0.0,0.0,,
independent,1234,in_distribution,79,9.004652,0.65000004,7,6,6,169.12405798068414,390.7202053070069,0.5374485850334167,0.71669173,696.0989,146,4.092958000010185,44.00465,35.0,60.97571700000117,0.5,0.5146909356117249,uniform,uniform,10,0.0,0.0,0.0,,
independent,1234,in_distribution,80,8.802402,0.7,6,4,4,148.62442859581537,449.6234607696533,0.5327414959669113,0.6759018,722.7599,146,4.092958000010185,38.802406,30.000004,60.97571700000117,0.5,0.5146909356117249,uniform,uniform,10,0.0,0.0,0.0,,
independent,1234,in_distribution,81,6.823345,0.75,5,4,4,161.1102433204651,469.39284324646,0.478916335105896,0.79440385,846.4971,146,4.092958000010185,31.823347,25.000002,60.97571700000117,0.5,0.5146909356117249,uniform,uniform,10,0.0,0.0,0.0,,
independent,1234,in_distribution,82,8.409588,0.90000004,2,1,1,144.45381820201874,439.7307300567627,0.5802560538053513,0.67383933,621.6392,146,4.092958000010185,18.40959,10.000002,60.97571700000117,0.5,0.5146909356117249,uniform,uniform,10,0.0,0.0,0.0,,
independent,1234,in_distribution,83,8.754599,0.85,3,3,3,119.14044436286476,383.93391609191895,0.605968713760376,0.41849232,564.5402,146,4.092958000010185,23.7546,15.000002,60.97571700000117,0.5,0.5146909356117249,uniform,uniform,10,0.0,0.0,0.0,,
independent,1234,in_distribution,84,7.5664463,0.8,4,3,3,130.9828658681363,463.7480163574219,0.547922158241272,0.6605349,707.7377,146,4.092958000010185,27.566452,20.000006,60.97571700000117,0.5,0.5146909356117249,uniform,uniform,10,0.0,0.0,0.0,,
independent,1234,in_distribution,85,9.014289,0.7,6,5,5,193.18593519074577,442.4535655975342,0.5731868535280228,0.6670467,637.93494,146,4.092958000010185,39.01429,30.0,60.97571700000117,0.5,0.5146909356117249,uniform,uniform,10,0.0,0.0,0.0,,
independent,1234,in_distribution,86,10.34414,0.65000004,7,5,5,191.6344846211947,441.5511417388916,0.6296354025602341,0.60518074,528.6513,146,4.092958000010185,45.34414,35.0,60.97571700000117,0.5,0.5146909356117249,uniform,uniform,10,0.0,0.0,0.0,,
independent,1234,in_distribution,87,7.7356095,0.8,4,4,4,106.8320868909359,440.3070259094238,0.557341331243515,0.60638314,666.2118,146,4.092958000010185,27.735607,19.999998,60.97571700000117,0.5,0.5146909356117249,uniform,uniform,10,0.0,0.0,0.0,,
independent,1234,in_distribution,88,8.350004,0.6,8,7,7,110.30953153967856,415.6461238861084,0.50274258852005,0.73159564,762.73444,146,4.092958000010185,48.350006,40.0,60.97571700000117,0.5,0.5146909356117249,uniform,uniform,10,0.0,0.0,0.0,,
independent,1234,in_distribution,89,8.030001,0.85,3,1,1,146.80903399691863,468.3190727233887,0.5564857542514801,0.7618031,720.00006,146,4.092958000010185,23.029997,14.999996,60.97571700000117,0.5,0.5146909356117249,uniform,uniform,10,0.0,0.0,0.0,,
independent,1234,in_distribution,90,8.620612,0.65000004,7,5,5,199.34054594773517,457.9845428466797,0.5385336518287659,0.7311957,720.00006,146,4.092958000010185,43.620613,35.0,60.97571700000117,0.5,0.5146909356117249,uniform,uniform,10,0.0,0.0,0.0,,
independent,1234,in_distribution,91,10.17867,0.90000004,2,1,1,164.7668364147345,431.3738250732422,0.6799166202545166,0.41951475,422.56012,146,4.092958000010185,20.178669,9.999999,60.97571700000117,0.5,0.5146909356117249,uniform,uniform,10,0.0,0.0,0.0,,
independent,1234,in_distribution,92,10.48,0.90000004,2,1,1,173.45995823542276,476.3196659088135,0.7109306126832962,0.57886434,480.0,146,4.092958000010185,20.48,10.0,60.97571700000117,0.5,0.5146909356117249,uniform,uniform,10,0.0,0.0,0.0,,
independent,1234,in_distribution,93,4.8762116,0.55,9,8,8,181.2059992009943,447.7809047698975,0.3433655887842178,1.112867,1084.5192,146,4.092958000010185,49.876213,45.0,60.97571700000117,0.5,0.5146909356117249,uniform,uniform,10,0.0,0.0,0.0,,
independent,1234,in_distribution,94,9.209137,0.75,5,4,4,142.8871750831604,361.2790775299072,0.6036008596420288,0.40325788,569.0863,146,4.092958000010185,34.209137,25.0,60.97571700000117,0.5,0.5146909356117249,uniform,uniform,10,0.0,0.0,0.0,,
independent,1234,in_distribution,95,8.763882,0.7,6,4,4,148.50997924804688,459.83470916748047,0.5557367086410523,0.6474331,704.1072,146,4.092958000010185,38.763878,29.999996,60.97571700000117,0.5,0.5146909356117249,uniform,uniform,10,0.0,0.0,0.0,,
independent,1234,in_distribution,96,10.1078,0.55,9,5,5,160.23742253130132,451.4788055419922,0.5803399920463562,0.6047733,633.2262,146,4.092958000010185,55.1078,45.0,60.97571700000117,0.5,0.5146909356117249,uniform,uniform,10,0.0,0.0,0.0,,
independent,1234,in_distribution,97,10.335066,0.85,3,1,1,118.336441061076,404.7795867919922,0.6487013697624207,0.48094794,482.49344,146,4.092958000010185,25.335064,14.999998,60.97571700000117,0.5,0.5146909356117249,uniform,uniform,10,0.0,0.0,0.0,,
independent,1234,in_distribution,98,8.879276,0.8,4,3,3,145.62312131747603,448.9917182922363,0.5888120412826539,0.6373794,624.00006,146,4.092958000010185,28.879278,20.000002,60.97571700000117,0.5,0.5146909356117249,uniform,uniform,10,0.0,0.0,0.0,,
independent,1234,in_distribution,99,8.374788,0.8,4,3,3,159.32824954390526,433.34670066833496,0.525701442360878,0.67897856,720.00006,146,4.092958000010185,28.374788,20.0,60.97571700000117,0.5,0.5146909356117249,uniform,uniform,10,0.0,0.0,0.0,,
independent,2345,in_distribution,0,9.616753,0.8,4,3,3,161.7061047255993,441.7459201812744,0.6050760835409165,0.6057993,575.99994,160,4.3884759999855305,29.616755,20.000002,65.66045499999746,0.5,0.5146909356117249,uniform,uniform,10,0.0,0.0,0.0,,
independent,2345,in_distribution,1,9.98,0.85,3,2,2,192.90515068699327,477.9557991027832,0.6807629078626632,0.5313342,575.99994,160,4.3884759999855305,24.979996,14.999996,65.66045499999746,0.5,0.5146909356117249,uniform,uniform,10,0.0,0.0,0.0,,
independent,2345,in_distribution,2,12.320799,0.8,4,4,4,170.26090163737535,477.936372756958,0.7644209682941436,0.36371893,356.15607,160,4.3884759999855305,32.320797,19.999998,65.66045499999746,0.5,0.5146909356117249,uniform,uniform,10,0.0,0.0,0.0,,
independent,2345,in_distribution,3,9.640778,0.6,8,7,7,137.5510534644127,436.23647689819336,0.5522065699100495,0.63842285,672.00006,160,4.3884759999855305,49.640778,40.0,65.66045499999746,0.5,0.5146909356117249,uniform,uniform,10,0.0,0.0,0.0,,
independent,2345,in_distribution,4,9.990427,0.6,8,8,8,157.56574004888537,452.1885681152344,0.5855149269104004,0.62182266,624.00006,160,4.3884759999855305,49.99042,39.999992,65.66045499999746,0.5,0.5146909356117249,uniform,uniform,10,0.0,0.0,0.0,,
independent,2345,in_distribution,5,9.926785,0.6,8,8,8,227.2724986076355,477.5494194030762,0.598723703622818,0.6478133,624.00006,160,4.3884759999855305,49.926785,40.0,65.66045499999746,0.5,0.5146909356117249,uniform,uniform,10,0.0,0.0,0.0,,
independent,2345,in_distribution,6,11.771982,0.95,1,1,1,165.142557432777,471.2148571014404,0.7868607670068741,0.28917438,288.0,160,4.3884759999855305,16.771986,5.000004,65.66045499999746,0.5,0.5146909356117249,uniform,uniform,10,0.0,0.0,0.0,,
independent,2345,in_distribution,7,8.833732,0.75,5,2,2,142.60832118988037,471.0923767089844,0.6044092416763306,0.6299117,606.6268,160,4.3884759999855305,33.833733,25.0,65.66045499999746,0.5,0.5146909356117249,uniform,uniform,10,0.0,0.0,0.0,,
independent,2345,in_distribution,8,8.262017,0.6,8,7,7,133.7127861380577,392.1921730041504,0.4948691129684448,0.7887437,777.8515,160,4.3884759999855305,48.26202,40.000004,65.66045499999746,0.5,0.5146909356117249,uniform,uniform,10,0.0,0.0,0.0,,
independent,2345,in_distribution,9,10.027415,0.7,6,4,4,156.58063952411925,389.9680995941162,0.5772854089736938,0.6014508,619.61206,160,4.3884759999855305,40.027412,29.999996,65.66045499999746,0.5,0.5146909356117249,uniform,uniform,10,0.0,0.0,0.0,,
independent,2345,in_distribution,10,9.58,0.8,4,2,2,189.62352186441424,438.0860996246338,0.5787656486034394,0.60550356,624.00006,160,4.3884759999855305,29.580002,20.000002,65.66045499999746,0.5,0.5146909356117249,uniform,uniform,10,0.0,0.0,0.0,,
independent,2345,in_distribution,11,11.014061,0.75,5,5,5,140.6621232032776,466.84292793273926,0.6535862267017365,0.43612447,527.99994,160,4.3884759999855305,36.014072,25.000011,65.66045499999746,0.5,0.5146909356117249,uniform,uniform,10,0.0,0.0,0.0,,
independent,2345,in_distribution,12,8.07825,0.65000004,7,7,7,142.691194323393,422.3240375518799,0.512598991394043,0.6705973,743.8101,160,4.3884759999855305,43.07825,35.0,65.66045499999746,0.5,0.5146909356117249,uniform,uniform,10,0.0,0.0,0.0,,
independent,2345,in_distribution,13,9.089795,0.75,5,5,5,173.5030335187912,456.0322093963623,0.5683921366930008,0.6314404,660.7195,160,4.3884759999855305,34.08979,24.999996,65.66045499999746,0.5,0.5146909356117249,uniform,uniform,10,0.0,0.0,0.0,,
independent,2345,in_distribution,14,9.186703,0.8,4,3,3,181.23742014169693,476.0782814025879,0.6307620376348495,0.6003718,585.32983,160,4.3884759999855305,29.18671,20.000008,65.66045499999746,0.5,0.5146909356117249,uniform,uniform,10,0.0,0.0,0.0,,
independent,2345,in_distribution,15,7.5661917,0.75,5,3,3,155.15591502189636,452.0875453948975,0.5151111662387848,0.7703392,768.00006,160,4.3884759999855305,32.566193,25.0,65.66045499999746,0.5,0.5146909356117249,uniform,uniform,10,0.0,0.0,0.0,,
independent,2345,in_distribution,16,9.190044,0.90000004,2,2,2,112.31441140174866,430.7926082611084,0.6240728497505188,0.33306554,529.7802,160,4.3884759999855305,19.190044,10.0,65.66045499999746,0.5,0.5146909356117249,uniform,uniform,10,0.0,0.0,0.0,,
independent,2345,in_distribution,17,8.241245,0.8,4,4,4,153.10260392725468,468.995532989502,0.5655485570430756,0.68192846,691.02454,160,4.3884759999855305,28.241247,20.000002,65.66045499999746,0.5,0.5146909356117249,uniform,uniform,10,0.0,0.0,0.0,,
independent,2345,in_distribution,18,9.171961,0.75,5,4,4,148.74376797676086,414.3389797210693,0.6068705320358276,0.2968903,562.80865,160,4.3884759999855305,34.171963,25.000002,65.66045499999746,0.5,0.5146909356117249,uniform,uniform,10,0.0,0.0,0.0,,
independent,2345,in_distribution,19,9.306137,0.65000004,7,7,7,100.08859345546136,461.5675735473633,0.5403998732566834,0.67521155,720.00006,160,4.3884759999855305,44.306137,35.0,65.66045499999746,0.5,0.5146909356117249,uniform,uniform,10,0.0,0.0,0.0,,
independent,2345,in_distribution,20,10.786334,0.7,6,5,5,130.8544566801616,443.9313697814941,0.631214314699173,0.49055701,527.99994,160,4.3884759999855305,40.78633,29.999996,65.66045499999746,0.5,0.5146909356117249,uniform,uniform,10,0.0,0.0,0.0,,
independent,2345,in_distribution,21,8.236773,0.90000004,2,1,1,162.46270815531412,474.4649505615234,0.5808032989501953,0.7260872,655.3229,160,4.3884759999855305,18.236773,10.0,65.66045499999746,0.5,0.5146909356117249,uniform,uniform,10,0.0,0.0,0.0,,
independent,2345,in_distribution,22,10.013908,0.65000004,7,6,6,97.38361234848315,451.17751121521,0.5935252100229264,0.5999297,607.6092,160,4.3884759999855305,45.01391,35.0,65.66045499999746,0.5,0.5146909356117249,uniform,uniform,10,0.0,0.0,0.0,,
independent,2345,in_distribution,23,8.185182,0.7,6,5,5,150.5207291671208,472.0289897918701,0.5458485275506973,0.6790077,720.00006,160,4.3884759999855305,38.18518,30.0,65.66045499999746,0.5,0.5146909356117249,uniform,uniform,10,0.0,0.0,0.0,,
independent,2345,in_distribution,24,8.580001,0.75,5,4,4,154.65099048614502,454.4891166687012,0.5367131769657135,0.69422007,720.00006,160,4.3884759999855305,33.58,25.0,65.66045499999746,0.5,0.5146909356117249,uniform,uniform,10,0.0,0.0,0.0,,
independent,2345,in_distribution,25,8.5750475,0.7,6,6,6,154.49661459241594,471.3809394836426,0.566504392027855,0.7094975,702.4953,160,4.3884759999855305,38.575043,29.999996,65.66045499999746,0.5,0.5146909356117249,uniform,uniform,10,0.0,0.0,0.0,,
independent,2345,in_distribution,26,9.439672,0.85,3,3,3,178.8878637902877,443.0875396728516,0.6004532605409623,0.58597547,587.0386,160,4.3884759999855305,24.43967,14.999998,65.66045499999746,0.5,0.5146909356117249,uniform,uniform,10,0.0,0.0,0.0,,
independent,2345,in_distribution,27,6.9945755,0.7,6,6,6,107.4165323802403,465.851640701294,0.4577455252408981,0.82124454,910.5424,160,4.3884759999855305,36.994576,30.0,65.66045499999746,0.5,0.5146909356117249,uniform,uniform,10,0.0,0.0,0.0,,
independent,2345,in_distribution,28,9.97399,0.7,6,4,4,130.076710326331,463.8088417053223,0.6391797095537186,0.5796264,543.42395,160,4.3884759999855305,39.973984,29.999992,65.66045499999746,0.5,0.5146909356117249,uniform,uniform,10,0.0,0.0,0.0,,
independent,2345,in_distribution,29,8.5655575,0.7,6,5,5,132.32461886746543,451.6527843475342,0.5538225561380387,0.66584307,684.3137,160,4.3884759999855305,38.56556,30.000002,65.66045499999746,0.5,0.5146909356117249,uniform,uniform,10,0.0,0.0,0.0,,
independent,2345,in_distribution,30,8.448769,0.65000004,7,7,7,126.54751525475427,374.4295978546143,0.5577483773231506,0.6580733,657.1232,160,4.3884759999855305,43.44877,35.0,65.66045499999746,0.5,0.5146909356117249,uniform,uniform,10,0.0,0.0,0.0,,
independent,2345,in_distribution,31,7.583473,0.55,9,6,6,163.80302505059674,472.578763961792,0.4760589331388473,0.7987031,872.6528,160,4.3884759999855305,52.583473,45.0,65.66045499999746,0.5,0.5146909356117249,uniform,uniform,10,0.0,0.0,0.0,,
independent,2345,in_distribution,32,11.02396,0.8,4,4,4,162.20313906669617,444.0267562866211,0.6421965003013611,0.37806693,507.0095,160,4.3884759999855305,31.02396,20.0,65.66045499999746,0.5,0.5146909356117249,uniform,uniform,10,0.0,0.0,0.0,,
independent,2345,in_distribution,33,6.195439,0.75,5,3,3,165.81258249282837,476.1896324157715,0.4639237761497498,1.0076963,881.4562,160,4.3884759999855305,31.195442,25.000004,65.66045499999746,0.5,0.5146909356117249,uniform,uniform,10,0.0,0.0,0.0,,
independent,2345,in_distribution,34,9.608271,0.65000004,7,6,6,163.8015903876378,344.6912956237793,0.5876312851905823,0.650192,599.748,160,4.3884759999855305,44.608276,35.000008,65.66045499999746,0.5,0.5146909356117249,uniform,uniform,10,0.0,0.0,0.0,,
independent,2345,in_distribution,35,9.064958,0.8,4,3,3,122.76064708828926,474.64138984680176,0.5972091048955918,0.6136478,624.00006,160,4.3884759999855305,29.064949,19.999992,65.66045499999746,0.5,0.5146909356117249,uniform,uniform,10,0.0,0.0,0.0,,
independent,2345,in_distribution,36,8.83921,0.8,4,4,4,134.72913566976786,431.51968002319336,0.5600020885467529,0.6308966,652.79614,160,4.3884759999855305,28.83921,20.0,65.66045499999746,0.5,0.5146909356117249,uniform,uniform,10,0.0,0.0,0.0,,
independent,2345,in_distribution,37,7.8264723,0.65000004,7,7,7,135.73418553058917,435.3031253814697,0.4611167997121811,0.8499317,845.95905,160,4.3884759999855305,42.82647,34.999996,65.66045499999746,0.5,0.5146909356117249,uniform,uniform,10,0.0,0.0,0.0,,
independent,2345,in_distribution,38,8.44807,0.55,9,8,8,114.8653816093098,476.0804557800293,0.5556705534458161,0.68401927,705.1931,160,4.3884759999855305,53.448067,44.999996,65.66045499999746,0.5,0.5146909356117249,uniform,uniform,10,0.0,0.0,0.0,,
independent,2345,in_distribution,39,7.6300874,0.45000002,11,11,11,114.2586048444112,434.2078685760498,0.4333987921476364,0.9191292,898.0824,160,4.3884759999855305,62.63009,55.0,65.66045499999746,0.5,0.5146909356117249,uniform,uniform,10,0.0,0.0,0.0,,
independent,2345,in_distribution,40,5.6888475,0.5,10,8,8,147.55340373516083,432.8945159912109,0.3651228487491608,1.1051205,1027.8588,160,4.3884759999855305,55.688843,49.999996,65.66045499999746,0.5,0.5146909356117249,uniform,uniform,10,0.0,0.0,0.0,,
independent,2345,in_distribution,41,8.306502,0.75,5,5,5,117.87131214141846,425.44206619262695,0.5828964114189148,0.5813911,608.839,160,4.3884759999855305,33.306503,25.0,65.66045499999746,0.5,0.5146909356117249,uniform,uniform,10,0.0,0.0,0.0,,
independent,2345,in_distribution,42,10.180001,0.7,6,4,4,144.48885440826416,479.3480587005615,0.6492876172065735,0.48182482,624.00006,160,4.3884759999855305,40.180004,30.000004,65.66045499999746,0.5,0.5146909356117249,uniform,uniform,10,0.0,0.0,0.0,,
independent,2345,in_distribution,43,7.609345,0.55,9,7,7,136.4314162731171,439.9346351623535,0.4519714057445526,0.88759774,868.1498,160,4.3884759999855305,52.609344,45.0,65.66045499999746,0.5,0.5146909356117249,uniform,uniform,10,0.0,0.0,0.0,,
independent,2345,in_distribution,44,8.831491,0.8,4,3,3,142.63277739286423,450.4892921447754,0.5973179966211319,0.61977714,601.85077,160,4.3884759999855305,28.831491,20.0,65.66045499999746,0.5,0.5146909356117249,uniform,uniform,10,0.0,0.0,0.0,,
independent,2345,in_distribution,45,9.6022415,0.65000004,7,6,6,177.92361149421106,427.09988594055176,0.589000940322876,0.6270698,597.11835,160,4.3884759999855305,44.60224,35.0,65.66045499999746,0.5,0.5146909356117249,uniform,uniform,10,0.0,0.0,0.0,,
independent,2345,in_distribution,46,11.706661,0.85,3,2,2,161.5586047663408,441.9566345214844,0.7054345339536667,0.39243546,384.0,160,4.3884759999855305,26.706657,14.999996,65.66045499999746,0.5,0.5146909356117249,uniform,uniform,10,0.0,0.0,0.0,,
independent,2345,in_distribution,47,6.6229215,0.6,8,5,5,126.72137066721916,429.0699291229248,0.4230082631111145,1.0097213,915.82434,160,4.3884759999855305,46.622917,39.999996,65.66045499999746,0.5,0.5146909356117249,uniform,uniform,10,0.0,0.0,0.0,,
independent,2345,in_distribution,48,8.801916,0.85,3,2,2,153.03655554266538,435.1461696624756,0.5541168838739395,0.65294176,667.242,160,4.3884759999855305,23.801916,15.0,65.66045499999746,0.5,0.5146909356117249,uniform,uniform,10,0.0,0.0,0.0,,
independent,2345,in_distribution,49,7.5176926,0.75,5,2,2,171.29219031333923,479.4619846343994,0.5330757975578309,0.7557362,763.7511,160,4.3884759999855305,32.517693,25.0,65.66045499999746,0.5,0.5146909356117249,uniform,uniform,10,0.0,0.0,0.0,,
independent,2345,in_distribution,50,8.382039,0.4,12,12,12,126.73087757080792,406.770486831665,0.4478369951248169,0.8060973,868.1532,160,4.3884759999855305,68.382034,59.999996,65.66045499999746,0.5,0.5146909356117249,uniform,uniform,10,0.0,0.0,0.0,,
independent,2345,in_distribution,51,9.7097845,0.75,5,3,3,161.77684795856476,464.83057022094727,0.6070235908031464,0.627704,595.34534,160,4.3884759999855305,34.70978,24.999996,65.66045499999746,0.5,0.5146909356117249,uniform,uniform,10,0.0,0.0,0.0,,
independent,2345,in_distribution,52,9.982112,0.8,4,4,4,151.0047533735633,447.33229637146,0.6453965693712235,0.5838806,504.17108,160,4.3884759999855305,29.98211,19.999996,65.66045499999746,0.5,0.5146909356117249,uniform,uniform,10,0.0,0.0,0.0,,
independent,2345,in_distribution,53,9.290752,0.8,4,2,2,140.37807494401932,457.84661293029785,0.6377925962209702,0.5852031,529.285,160,4.3884759999855305,29.290747,19.999994,65.66045499999746,0.5,0.5146909356117249,uniform,uniform,10,0.0,0.0,0.0,,
independent,2345,in_distribution,54,6.4295993,0.75,5,3,3,99.49473667144775,432.4896240234375,0.4595238208770752,0.84817576,846.2041,160,4.3884759999855305,31.4296,25.0,65.66045499999746,0.5,0.5146909356117249,uniform,uniform,10,0.0,0.0,0.0,,
independent,2345,in_distribution,55,8.5569315,0.8,4,3,3,156.74376122653484,442.27131843566895,0.5834410279989243,0.62343526,618.0646,160,4.3884759999855305,28.556934,20.000004,65.66045499999746,0.5,0.5146909356117249,uniform,uniform,10,0.0,0.0,0.0,,
independent,2345,in_distribution,56,10.999319,0.7,6,6,6,154.8036355631692,466.40453338623047,0.6429190874099732,0.42103556,527.99994,160,4.3884759999855305,40.999313,29.999994,65.66045499999746,0.5,0.5146909356117249,uniform,uniform,10,0.0,0.0,0.0,,
independent,2345,in_distribution,57,8.665395,0.65000004,7,6,6,153.6803057560554,399.9166774749756,0.5382683277130127,0.70312667,694.52496,160,4.3884759999855305,43.665394,35.0,65.66045499999746,0.5,0.5146909356117249,uniform,uniform,10,0.0,0.0,0.0,,
independent,2345,in_distribution,58,11.016979,0.8,4,3,3,144.55052085220814,433.9276313781738,0.6510040700435639,0.39738846,479.99997,160,4.3884759999855305,31.01698,20.0,65.66045499999746,0.5,0.5146909356117249,uniform,uniform,10,0.0,0.0,0.0,,
independent,2345,in_distribution,59,10.471956,0.90000004,2,1,1,177.28438287973404,443.6328506469727,0.6407358467578887,0.42144004,524.2017,160,4.3884759999855305,20.471949,9.999992,65.66045499999746,0.5,0.5146909356117249,uniform,uniform,10,0.0,0.0,0.0,,
independent,2345,in_distribution,60,8.520834,0.6,8,8,8,150.10936498641968,463.4805679321289,0.5405855804681778,0.6624957,752.5641,160,4.3884759999855305,48.520836,40.0,65.66045499999746,0.5,0.5146909356117249,uniform,uniform,10,0.0,0.0,0.0,,
independent,2345,in_distribution,61,13.77,0.85,3,3,3,183.85519355535507,468.82012367248535,0.8242687255144119,0.19183524,192.0,160,4.3884759999855305,28.770006,15.000006,65.66045499999746,0.5,0.5146909356117249,uniform,uniform,10,0.0,0.0,0.0,,
independent,2345,in_distribution,62,7.54126,0.8,4,4,4,135.69515325129032,467.959213256836,0.5361262440681458,0.65800965,742.874,160,4.3884759999855305,27.541264,20.000004,65.66045499999746,0.5,0.5146909356117249,uniform,uniform,10,0.0,0.0,0.0,,
independent,2345,in_distribution,63,11.934046,0.7,6,6,6,196.50733479431696,474.887580871582,0.6973373532295227,0.3835986,431.99997,160,4.3884759999855305,41.93404,29.999994,65.66045499999746,0.5,0.5146909356117249,uniform,uniform,10,0.0,0.0,0.0,,
independent,2345,in_distribution,64,9.326074,0.7,6,6,6,143.68883243628912,477.2526454925537,0.5607042104005814,0.658553,696.7007,160,4.3884759999855305,39.326073,30.0,65.66045499999746,0.5,0.5146909356117249,uniform,uniform,10,0.0,0.0,0.0,,
independent,2345,in_distribution,65,7.632448,0.7,6,4,4,134.56519258873803,476.9118404388428,0.5233916431665421,0.75050676,768.00006,160,4.3884759999855305,37.632446,29.999998,65.66045499999746,0.5,0.5146909356117249,uniform,uniform,10,0.0,0.0,0.0,,
independent,2345,in_distribution,66,8.559206,0.75,5,3,3,160.38247656822205,468.9864921569824,0.5461046636104584,0.6444217,716.4657,160,4.3884759999855305,33.559204,24.999998,65.66045499999746,0.5,0.5146909356117249,uniform,uniform,10,0.0,0.0,0.0,,
independent,2345,in_distribution,67,9.115212,0.75,5,5,5,153.23519945144653,455.91708183288574,0.5934574991464615,0.63678706,612.47876,160,4.3884759999855305,34.115215,25.000004,65.66045499999746,0.5,0.5146909356117249,uniform,uniform,10,0.0,0.0,0.0,,
independent,2345,in_distribution,68,10.118835,0.6,8,7,7,192.1166160702705,474.9745845794678,0.6086739629507065,0.63125,624.00006,160,4.3884759999855305,50.118835,40.0,65.66045499999746,0.5,0.5146909356117249,uniform,uniform,10,0.0,0.0,0.0,,
independent,2345,in_distribution,69,8.375135,0.85,3,3,3,136.4294604694142,459.0096473693848,0.601997309923172,0.60300946,599.1749,160,4.3884759999855305,23.375134,14.999998,65.66045499999746,0.5,0.5146909356117249,uniform,uniform,10,0.0,0.0,0.0,,
independent,2345,in_distribution,70,6.8362803,0.7,6,5,5,104.31101413709776,459.9701499938965,0.4472275614738464,0.90770376,897.29346,160,4.3884759999855305,36.836285,30.000004,65.66045499999746,0.5,0.5146909356117249,uniform,uniform,10,0.0,0.0,0.0,,
independent,2345,in_distribution,71,7.831278,0.65000004,7,7,7,162.25001500203058,469.8573017120361,0.4946525812149047,0.84939706,860.8723,160,4.3884759999855305,42.831276,35.0,65.66045499999746,0.5,0.5146909356117249,uniform,uniform,10,0.0,0.0,0.0,,
independent,2345,in_distribution,72,11.027908,0.75,5,4,4,105.612238407135,452.7627754211426,0.6714352905750275,0.58305407,459.6072,160,4.3884759999855305,36.027916,25.000008,65.66045499999746,0.5,0.5146909356117249,uniform,uniform,10,0.0,0.0,0.0,,
independent,2345,in_distribution,73,8.1,0.65000004,7,7,7,196.0780979578312,445.4310607910156,0.4862502098083496,0.8172318,816.00006,160,4.3884759999855305,43.1,35.0,65.66045499999746,0.5,0.5146909356117249,uniform,uniform,10,0.0,0.0,0.0,,
independent,2345,in_distribution,74,9.292339,0.55,9,8,8,163.01880622451955,404.7064876556397,0.5209552049636841,0.680142,727.7661,160,4.3884759999855305,54.29234,45.0,65.66045499999746,0.5,0.5146909356117249,uniform,uniform,10,0.0,0.0,0.0,,
independent,2345,in_distribution,75,9.701528,0.6,8,7,7,131.27012327313423,478.8797378540039,0.5952551394701004,0.64182395,661.53595,160,4.3884759999855305,49.701523,39.999996,65.66045499999746,0.5,0.5146909356117249,uniform,uniform,10,0.0,0.0,0.0,,
independent,2345,in_distribution,76,10.580721,0.7,6,5,5,168.32062866006578,443.2553386688232,0.63633953332901,0.58944994,527.99994,160,4.3884759999855305,40.580715,29.999994,65.66045499999746,0.5,0.5146909356117249,uniform,uniform,10,0.0,0.0,0.0,,
independent,2345,in_distribution,77,7.4999995,0.6,8,6,6,163.673195540905,440.3674221038818,0.4573627591133117,0.820246,864.0001,160,4.3884759999855305,47.500004,40.000004,65.66045499999746,0.5,0.5146909356117249,uniform,uniform,10,0.0,0.0,0.0,,
independent,2345,in_distribution,78,8.61577,0.8,4,3,3,121.87928069382906,435.5964374542236,0.5901945918798447,0.6491117,598.423,160,4.3884759999855305,28.615768,19.999998,65.66045499999746,0.5,0.5146909356117249,uniform,uniform,10,0.0,0.0,0.0,,
independent,2345,in_distribution,79,9.570001,0.6,8,7,7,145.29705166816711,442.9479217529297,0.5557021141052246,0.6431649,672.00006,160,4.3884759999855305,49.570007,40.000008,65.66045499999746,0.5,0.5146909356117249,uniform,uniform,10,0.0,0.0,0.0,,
independent,2345,in_distribution,80,8.554179,0.7,6,4,4,167.27737426757812,451.6601943969727,0.5316863238811493,0.6539184,740.5822,160,4.3884759999855305,38.55418,30.0,65.66045499999746,0.5,0.5146909356117249,uniform,uniform,10,0.0,0.0,0.0,,
independent,2345,in_distribution,81,8.41,0.7,6,5,5,142.83118767397744,470.3915119171143,0.5199956387281418,0.7518802,768.00006,160,4.3884759999855305,38.41,30.0,65.66045499999746,0.5,0.5146909356117249,uniform,uniform,10,0.0,0.0,0.0,,
independent,2345,in_distribution,82,9.178762,0.90000004,2,2,2,143.41964960098267,426.1775207519531,0.5874526500701904,0.6250783,600.09106,160,4.3884759999855305,19.17876,9.999998,65.66045499999746,0.5,0.5146909356117249,uniform,uniform,10,0.0,0.0,0.0,,
independent,2345,in_distribution,83,8.501188,0.7,6,6,6,107.0359011207308,343.4464931488037,0.5389280319213867,0.62451833,693.25824,160,4.3884759999855305,38.50119,30.000002,65.66045499999746,0.5,0.5146909356117249,uniform,uniform,10,0.0,0.0,0.0,,
independent,2345,in_distribution,84,7.6520605,0.7,6,6,6,146.09384846474444,437.5241374969482,0.5232970505952835,0.69007707,728.794,160,4.3884759999855305,37.65206,30.0,65.66045499999746,0.5,0.5146909356117249,uniform,uniform,10,0.0,0.0,0.0,,
independent,2345,in_distribution,85,8.794623,0.75,5,4,4,133.9541181921959,439.5867347717285,0.574085944890976,0.68030167,633.34186,160,4.3884759999855305,33.794617,24.999992,65.66045499999746,0.5,0.5146909356117249,uniform,uniform,10,0.0,0.0,0.0,,
independent,2345,in_distribution,86,9.884116,0.65000004,7,5,5,142.82730652735785,474.99338150024414,0.6296445161104203,0.6049977,572.2282,160,4.3884759999855305,44.884117,35.0,65.66045499999746,0.5,0.5146909356117249,uniform,uniform,10,0.0,0.0,0.0,,
independent,2345,in_distribution,87,8.508723,0.45000002,11,11,11,98.49278902014096,383.8565254211426,0.4682434797286987,0.7941673,828.9728,160,4.3884759999855305,63.508728,55.000004,65.66045499999746,0.5,0.5146909356117249,uniform,uniform,10,0.0,0.0,0.0,,
independent,2345,in_distribution,88,8.860001,0.7,6,5,5,129.0590932539531,460.3590488433838,0.5659912347793579,0.7226897,720.00006,160,4.3884759999855305,38.860004,30.000004,65.66045499999746,0.5,0.5146909356117249,uniform,uniform,10,0.0,0.0,0.0,,
independent,2345,in_distribution,89,7.7688293,0.8,4,3,3,125.23461828008294,471.0259437561035,0.5453261077404022,0.66708845,720.00006,160,4.3884759999855305,27.76883,20.0,65.66045499999746,0.5,0.5146909356117249,uniform,uniform,10,0.0,0.0,0.0,,
independent,2345,in_distribution,90,8.38,0.75,5,4,4,123.96239447593688,471.01813316345215,0.5656900376081466,0.70177203,720.00006,160,4.3884759999855305,33.38,25.0,65.66045499999746,0.5,0.5146909356117249,uniform,uniform,10,0.0,0.0,0.0,,
independent,2345,in_distribution,91,11.861799,0.8,4,3,3,165.80801026895642,416.3356304168701,0.7089817523956299,0.2756768,366.75522,160,4.3884759999855305,31.861797,19.999998,65.66045499999746,0.5,0.5146909356117249,uniform,uniform,10,0.0,0.0,0.0,,
independent,2345,in_distribution,92,10.725957,0.8,4,3,3,149.6200780570507,450.28942108154297,0.6638889193534852,0.5794358,480.0,160,4.3884759999855305,30.725964,20.000008,65.66045499999746,0.5,0.5146909356117249,uniform,uniform,10,0.0,0.0,0.0,,
independent,2345,in_distribution,93,7.5329986,0.6,8,7,7,167.62307196855545,404.09786224365234,0.4500000774860382,0.89079064,864.0001,160,4.3884759999855305,47.533,40.000004,65.66045499999746,0.5,0.5146909356117249,uniform,uniform,10,0.0,0.0,0.0,,
independent,2345,in_distribution,94,10.14861,0.65000004,7,6,6,187.41849372020133,473.3541870117188,0.6196424394845963,0.6225936,603.139,160,4.3884759999855305,45.148605,34.999996,65.66045499999746,0.5,0.5146909356117249,uniform,uniform,10,0.0,0.0,0.0,,
independent,2345,in_distribution,95,9.219114,0.55,9,7,7,138.1409733945673,434.4789791107178,0.5233739405870438,0.7167594,725.60126,160,4.3884759999855305,54.21912,45.000008,65.66045499999746,0.5,0.5146909356117249,uniform,uniform,10,0.0,0.0,0.0,,
independent,2345,in_distribution,96,10.258461,0.6,8,7,7,144.5145058631897,440.23770332336426,0.5792905181646347,0.61358565,624.00006,160,4.3884759999855305,50.25846,40.0,65.66045499999746,0.5,0.5146909356117249,uniform,uniform,10,0.0,0.0,0.0,,
independent,2345,in_distribution,97,11.09255,0.75,5,3,3,140.39295434951782,436.47268295288086,0.6706916034221649,0.48433968,444.7449,160,4.3884759999855305,36.092552,25.000002,65.66045499999746,0.5,0.5146909356117249,uniform,uniform,10,0.0,0.0,0.0,,
independent,2345,in_distribution,98,10.009999,0.6,8,7,7,161.49200350046158,475.1808643341065,0.5987731546163559,0.6226358,624.00006,160,4.3884759999855305,50.010002,40.000004,65.66045499999746,0.5,0.5146909356117249,uniform,uniform,10,0.0,0.0,0.0,,
independent,2345,in_distribution,99,8.638491,0.75,5,4,4,113.4688835144043,462.1477890014648,0.5478614896535874,0.705448,720.00006,160,4.3884759999855305,33.638493,25.000002,65.66045499999746,0.5,0.5146909356117249,uniform,uniform,10,0.0,0.0,0.0,,
independent,3456,in_distribution,0,9.95,0.8,4,3,3,146.96233816444874,464.51568603515625,0.6189776837825776,0.5955747,575.99994,153,4.005729999989853,29.95,20.0,60.41396599999644,0.5,0.5146909356117249,uniform,uniform,10,0.0,0.0,0.0,,
independent,3456,in_distribution,1,7.743804,0.75,5,4,4,117.96055376529694,476.2514305114746,0.5343608289957047,0.85924286,761.6196,153,4.005729999989853,32.743805,25.0,60.41396599999644,0.5,0.5146909356117249,uniform,uniform,10,0.0,0.0,0.0,,
independent,3456,in_distribution,2,10.736901,0.95,1,1,1,156.16825367275038,450.9697437286377,0.6642267674207687,0.44506574,494.5055,153,4.005729999989853,15.736902,5.000001,60.41396599999644,0.5,0.5146909356117249,uniform,uniform,10,0.0,0.0,0.0,,
independent,3456,in_distribution,3,7.1953106,0.7,6,5,5,97.26141214370728,451.4093399047852,0.4463231801986694,0.8721056,890.46906,153,4.005729999989853,37.195305,29.999994,60.41396599999644,0.5,0.5146909356117249,uniform,uniform,10,0.0,0.0,0.0,,
independent,3456,in_distribution,4,9.540174,0.75,5,5,5,141.46196174621582,424.6303081512451,0.5750000476837158,0.6052578,624.00006,153,4.005729999989853,34.540173,25.0,60.41396599999644,0.5,0.5146909356117249,uniform,uniform,10,0.0,0.0,0.0,,
independent,3456,in_distribution,5,8.678672,0.6,8,8,8,135.50058960914612,462.4149799346924,0.5383945196866989,0.71341884,724.69775,153,4.005729999989853,48.678673,40.0,60.41396599999644,0.5,0.5146909356117249,uniform,uniform,10,0.0,0.0,0.0,,
independent,3456,in_distribution,6,12.196415,0.90000004,2,2,2,144.68733131885529,470.714807510376,0.7814338892698288,0.16536509,266.36185,153,4.005729999989853,22.196413,9.999998,60.41396599999644,0.5,0.5146909356117249,uniform,uniform,10,0.0,0.0,0.0,,
independent,3456,in_distribution,7,9.778888,0.75,5,2,2,114.09707486629486,453.64394187927246,0.6503760606050492,0.57849735,500.9221,153,4.005729999989853,34.77889,25.0,60.41396599999644,0.5,0.5146909356117249,uniform,uniform,10,0.0,0.0,0.0,,
independent,3456,in_distribution,8,7.1914864,0.90000004,2,1,1,165.97990403572717,472.6431941986084,0.5295366168022155,0.77104926,777.8515,153,4.005729999989853,17.191486,10.0,60.41396599999644,0.5,0.5146909356117249,uniform,uniform,10,0.0,0.0,0.0,,
independent,3456,in_distribution,9,8.574963,0.75,5,3,3,143.42436039447784,414.7474479675293,0.5709447264671326,0.5937244,631.78625,153,4.005729999989853,33.574963,25.0,60.41396599999644,0.5,0.5146909356117249,uniform,uniform,10,0.0,0.0,0.0,,
independent,3456,in_distribution,10,7.7882214,0.8,4,2,2,146.65548216551542,445.2748775482178,0.5448422819375992,0.6719447,695.1778,153,4.005729999989853,27.788223,20.000002,60.41396599999644,0.5,0.5146909356117249,uniform,uniform,10,0.0,0.0,0.0,,
independent,3456,in_distribution,11,10.120022,0.95,1,1,1,143.49434871422616,476.4587116241455,0.6727233052253723,0.47200435,527.99994,153,4.005729999989853,15.120022,5.0,60.41396599999644,0.5,0.5146909356117249,uniform,uniform,10,0.0,0.0,0.0,,
independent,3456,in_distribution,12,8.31,0.8,4,4,4,133.52860305458307,475.632905960083,0.5720162361860275,0.67699456,720.00006,153,4.005729999989853,28.31,20.0,60.41396599999644,0.5,0.5146909356117249,uniform,uniform,10,0.0,0.0,0.0,,
independent,3456,in_distribution,13,9.13538,0.8,4,4,4,148.7225342541933,456.1035346984863,0.5875539720058441,0.61020094,624.00006,153,4.005729999989853,29.13538,20.0,60.41396599999644,0.5,0.5146909356117249,uniform,uniform,10,0.0,0.0,0.0,,
independent,3456,in_distribution,14,9.469309,0.7,6,5,5,149.61430549621582,476.7245864868164,0.6138712406158447,0.60018337,594.092,153,4.005729999989853,39.469315,30.000006,60.41396599999644,0.5,0.5146909356117249,uniform,uniform,10,0.0,0.0,0.0,,
independent,3456,in_distribution,15,7.8100004,0.7,6,4,4,110.39130117212024,461.1425971984863,0.5253517806529999,0.72644603,768.00006,153,4.005729999989853,37.81,30.0,60.41396599999644,0.5,0.5146909356117249,uniform,uniform,10,0.0,0.0,0.0,,
independent,3456,in_distribution,16,8.39616,0.90000004,2,2,2,126.93914582331976,455.29008865356445,0.5836583107709885,0.61148804,642.7582,153,4.005729999989853,18.396158,9.999998,60.41396599999644,0.5,0.5146909356117249,uniform,uniform,10,0.0,0.0,0.0,,
independent,3456,in_distribution,17,8.044952,0.8,4,4,4,138.89383926987648,421.3680839538574,0.5251303911209106,0.6502812,719.7498,153,4.005729999989853,28.044952,20.0,60.41396599999644,0.5,0.5146909356117249,uniform,uniform,10,0.0,0.0,0.0,,
independent,3456,in_distribution,18,9.52751,0.85,3,2,2,167.887784873738,443.8054847717285,0.6249364346265793,0.3451163,540.3916,153,4.005729999989853,24.527512,15.000002,60.41396599999644,0.5,0.5146909356117249,uniform,uniform,10,0.0,0.0,0.0,,
independent,3456,in_distribution,19,7.4618044,0.7,6,6,6,94.25117394753865,468.9857196807861,0.4667532831430435,1.0000687,868.81964,153,4.005729999989853,37.461803,30.0,60.41396599999644,0.5,0.5146909356117249,uniform,uniform,10,0.0,0.0,0.0,,
independent,3456,in_distribution,20,8.76582,0.8,4,3,3,149.56224247813225,365.76029777526855,0.593330442905426,0.6419124,588.80566,153,4.005729999989853,28.765816,19.999996,60.41396599999644,0.5,0.5146909356117249,uniform,uniform,10,0.0,0.0,0.0,,
independent,3456,in_distribution,21,8.403949,0.8,4,3,3,150.73184743523598,384.0007495880127,0.5654125213623047,0.62112474,642.40814,153,4.005729999989853,28.403948,20.0,60.41396599999644,0.5,0.5146909356117249,uniform,uniform,10,0.0,0.0,0.0,,
independent,3456,in_distribution,22,10.192581,0.7,6,5,5,148.43664509909493,450.0567054748535,0.634404593706131,0.39393696,527.99994,153,4.005729999989853,40.192577,29.999996,60.41396599999644,0.5,0.5146909356117249,uniform,uniform,10,0.0,0.0,0.0,,
independent,3456,in_distribution,23,8.35,0.65000004,7,6,6,162.4642016337468,461.7763996124268,0.5434631735086441,0.7184142,720.00006,153,4.005729999989853,43.35,35.0,60.41396599999644,0.5,0.5146909356117249,uniform,uniform,10,0.0,0.0,0.0,,
independent,3456,in_distribution,24,8.345087,0.75,5,4,4,144.56697249412537,458.8718605041504,0.5478473335504532,0.6892011,720.00006,153,4.005729999989853,33.34508,24.999994,60.41396599999644,0.5,0.5146909356117249,uniform,uniform,10,0.0,0.0,0.0,,
independent,3456,in_distribution,25,8.169603,0.75,5,5,5,150.31997966766355,377.4256324768066,0.5140039920806885,0.64032197,741.1125,153,4.005729999989853,33.1696,24.999998,60.41396599999644,0.5,0.5146909356117249,uniform,uniform,10,0.0,0.0,0.0,,
independent,3456,in_distribution,26,10.040991,0.8,4,4,4,160.39476044476032,413.6167716979981,0.6129438281059265,0.50246567,551.1479,153,4.005729999989853,30.040989,19.999998,60.41396599999644,0.5,0.5146909356117249,uniform,uniform,10,0.0,0.0,0.0,,
independent,3456,in_distribution,27,6.585157,0.65000004,7,7,7,160.02689191928278,474.6474838256836,0.4524420022964477,0.83552784,952.4843,153,4.005729999989853,41.58516,35.000004,60.41396599999644,0.5,0.5146909356117249,uniform,uniform,10,0.0,0.0,0.0,,
independent,3456,in_distribution,28,9.792347,0.8,4,2,2,129.0376030281186,459.93178367614746,0.6282053917646409,0.5897686,553.6113,153,4.005729999989853,29.792345,19.999998,60.41396599999644,0.5,0.5146909356117249,uniform,uniform,10,0.0,0.0,0.0,,
independent,3456,in_distribution,29,8.429443,0.85,3,2,2,116.92404501578388,474.977445602417,0.5971097081899643,0.6070877,648.26874,153,4.005729999989853,23.429441,14.999998,60.41396599999644,0.5,0.5146909356117249,uniform,uniform,10,0.0,0.0,0.0,,
independent,3456,in_distribution,30,9.39,0.7,6,6,6,103.38285735675268,478.9894580841065,0.599473723769188,0.61826843,624.00006,153,4.005729999989853,39.38999,29.999992,60.41396599999644,0.5,0.5146909356117249,uniform,uniform,10,0.0,0.0,0.0,,
independent,3456,in_distribution,31,6.2422447,0.65000004,7,4,4,132.29360268666193,456.5415287017822,0.4379479676485062,1.0002319,911.68164,153,4.005729999989853,41.24225,35.000004,60.41396599999644,0.5,0.5146909356117249,uniform,uniform,10,0.0,0.0,0.0,,
independent,3456,in_distribution,32,10.261007,0.8,4,4,4,139.98798798769712,403.64121437072754,0.6380454897880554,0.4190648,502.9528,153,4.005729999989853,30.261011,20.000004,60.41396599999644,0.5,0.5146909356117249,uniform,uniform,10,0.0,0.0,0.0,,
independent,3456,in_distribution,33,5.7068863,0.8,4,2,2,165.8701555430889,450.1598453521729,0.4503665953874588,1.0004131,881.4562,153,4.005729999989853,25.70689,20.000004,60.41396599999644,0.5,0.5146909356117249,uniform,uniform,10,0.0,0.0,0.0,,
independent,3456,in_distribution,34,8.893023,0.75,5,4,4,129.14682793617249,426.5123462677002,0.5829846262931824,0.61644703,608.66956,153,4.005729999989853,33.893024,25.000002,60.41396599999644,0.5,0.5146909356117249,uniform,uniform,10,0.0,0.0,0.0,,
independent,3456,in_distribution,35,8.905719,0.7,6,6,6,119.77676817349024,369.7213554382324,0.5697290301322937,0.6220883,634.12036,153,4.005729999989853,38.905724,30.000004,60.41396599999644,0.5,0.5146909356117249,uniform,uniform,10,0.0,0.0,0.0,,
independent,3456,in_distribution,36,8.533267,0.75,5,5,5,140.3266862630844,452.2239303588867,0.5669228672981262,0.618861,659.7322,153,4.005729999989853,33.533264,24.999996,60.41396599999644,0.5,0.5146909356117249,uniform,uniform,10,0.0,0.0,0.0,,
independent,3456,in_distribution,37,8.441713,0.85,3,3,3,125.58015809339636,475.8855628967285,0.5594763100147248,0.6548611,697.6912,153,4.005729999989853,23.441713,15.0,60.41396599999644,0.5,0.5146909356117249,uniform,uniform,10,0.0,0.0,0.0,,
independent,3456,in_distribution,38,9.043461,0.75,5,4,4,145.7063571214676,435.88454246521,0.555849352478981,0.6360903,664.65393,153,4.005729999989853,34.04346,25.0,60.41396599999644,0.5,0.5146909356117249,uniform,uniform,10,0.0,0.0,0.0,,
independent,3456,in_distribution,39,7.644225,0.8,4,4,4,159.09453079104424,477.9117965698242,0.5409152835607529,0.7602135,768.00006,153,4.005729999989853,27.644226,20.0,60.41396599999644,0.5,0.5146909356117249,uniform,uniform,10,0.0,0.0,0.0,,
independent,3456,in_distribution,40,7.7574472,0.7,6,4,4,147.3958422456469,442.0062160491944,0.4863540023565292,0.71588886,804.2067,153,4.005729999989853,37.757446,30.0,60.41396599999644,0.5,0.5146909356117249,uniform,uniform,10,0.0,0.0,0.0,,
independent,3456,in_distribution,41,7.8053274,0.75,5,5,5,110.05833053588869,456.284236907959,0.5545921862125397,0.6200518,687.46735,153,4.005729999989853,32.80533,25.0,60.41396599999644,0.5,0.5146909356117249,uniform,uniform,10,0.0,0.0,0.0,,
independent,3456,in_distribution,42,9.9800005,0.75,5,3,3,151.2009642124176,458.6963081359863,0.6126538723707199,0.47395104,624.00006,153,4.005729999989853,34.980003,25.000004,60.41396599999644,0.5,0.5146909356117249,uniform,uniform,10,0.0,0.0,0.0,,
independent,3456,in_distribution,43,8.766079,0.65000004,7,5,5,150.419171498372,391.0333156585693,0.5508037209510803,0.59123975,670.457,153,4.005729999989853,43.76608,35.0,60.41396599999644,0.5,0.5146909356117249,uniform,uniform,10,0.0,0.0,0.0,,
independent,3456,in_distribution,44,10.505875,0.85,3,2,2,150.00860494725845,472.9675769805908,0.7106895923614502,0.46268156,441.26294,153,4.005729999989853,25.505875,15.0,60.41396599999644,0.5,0.5146909356117249,uniform,uniform,10,0.0,0.0,0.0,,
independent,3456,in_distribution,45,9.598989,0.75,5,4,4,154.82277464866638,454.2732238769531,0.6120638489723206,0.58687484,575.1107,153,4.005729999989853,34.598988,25.0,60.41396599999644,0.5,0.5146909356117249,uniform,uniform,10,0.0,0.0,0.0,,
independent,3456,in_distribution,46,11.906395,0.75,5,4,4,119.9065465927124,431.9103527069092,0.702590823173523,0.25407353,379.02573,153,4.005729999989853,36.9064,25.000004,60.41396599999644,0.5,0.5146909356117249,uniform,uniform,10,0.0,0.0,0.0,,
independent,3456,in_distribution,47,8.670105,0.7,6,3,3,160.25778216975075,415.697021484375,0.5250000357627869,0.69462496,720.00006,153,4.005729999989853,38.6701,29.999996,60.41396599999644,0.5,0.5146909356117249,uniform,uniform,10,0.0,0.0,0.0,,
independent,3456,in_distribution,48,8.393972,0.8,4,3,3,152.03674960881472,421.9257545471192,0.553504228591919,0.6238038,665.2721,153,4.005729999989853,28.393978,20.000006,60.41396599999644,0.5,0.5146909356117249,uniform,uniform,10,0.0,0.0,0.0,,
independent,3456,in_distribution,49,9.309249,0.6,8,5,5,193.224515914917,466.2284660339356,0.5584132015705109,0.6481902,690.07526,153,4.005729999989853,49.309254,40.000004,60.41396599999644,0.5,0.5146909356117249,uniform,uniform,10,0.0,0.0,0.0,,
independent,3456,in_distribution,50,8.326564,0.65000004,7,7,7,101.01883326585477,433.42617988586426,0.5007428616285324,0.8132283,768.00006,153,4.005729999989853,43.326565,35.0,60.41396599999644,0.5,0.5146909356117249,uniform,uniform,10,0.0,0.0,0.0,,
independent,3456,in_distribution,51,9.779999,0.85,3,1,1,169.0625213174259,464.5003509521485,0.6311590790748596,0.5891878,575.99994,153,4.005729999989853,24.779999,15.0,60.41396599999644,0.5,0.5146909356117249,uniform,uniform,10,0.0,0.0,0.0,,
independent,3456,in_distribution,52,11.48217,0.85,3,3,3,190.81994985832887,472.5502681732178,0.7432902812957763,0.37528422,394.78302,153,4.005729999989853,26.482174,15.000004,60.41396599999644,0.5,0.5146909356117249,uniform,uniform,10,0.0,0.0,0.0,,
independent,3456,in_distribution,53,7.9557714,0.75,5,3,3,165.4836196899414,426.178150177002,0.5703260898590088,0.6121605,632.97394,153,4.005729999989853,32.95577,24.999996,60.41396599999644,0.5,0.5146909356117249,uniform,uniform,10,0.0,0.0,0.0,,
independent,3456,in_distribution,54,7.822874,0.7,6,4,4,81.61088513476508,472.89782524108887,0.5473551481962204,0.6883292,755.7127,153,4.005729999989853,37.822876,30.000002,60.41396599999644,0.5,0.5146909356117249,uniform,uniform,10,0.0,0.0,0.0,,
independent,3456,in_distribution,55,8.444145,0.7,6,5,5,124.47250638689312,447.7546691894531,0.5599839925765991,0.6042892,668.5854,153,4.005729999989853,38.444145,30.0,60.41396599999644,0.5,0.5146909356117249,uniform,uniform,10,0.0,0.0,0.0,,
independent,3456,in_distribution,56,10.12859,0.8,4,4,4,156.81697346270084,441.7654037475586,0.6304327726364136,0.44779554,527.99994,153,4.005729999989853,30.12859,20.0,60.41396599999644,0.5,0.5146909356117249,uniform,uniform,10,0.0,0.0,0.0,,
independent,3456,in_distribution,57,8.773709,0.7,6,5,5,139.13795305149895,474.0867233276367,0.5791737914085389,0.61801654,679.53516,153,4.005729999989853,38.773712,30.000004,60.41396599999644,0.5,0.5146909356117249,uniform,uniform,10,0.0,0.0,0.0,,
independent,3456,in_distribution,58,10.633565,0.90000004,2,1,1,147.82978107531866,472.5505256652832,0.6991900980472565,0.27704012,432.0,153,4.005729999989853,20.633564,9.999999,60.41396599999644,0.5,0.5146909356117249,uniform,uniform,10,0.0,0.0,0.0,,
independent,3456,in_distribution,59,11.293698,0.8,4,3,3,147.1022279933095,444.710168838501,0.6815005034208298,0.31160772,432.22928,153,4.005729999989853,31.293695,19.999996,60.41396599999644,0.5,0.5146909356117249,uniform,uniform,10,0.0,0.0,0.0,,
independent,3456,in_distribution,60,9.047615,0.75,5,5,5,135.473548412323,452.5847053527832,0.5383045613765717,0.4709249,715.04016,153,4.005729999989853,34.047615,25.0,60.41396599999644,0.5,0.5146909356117249,uniform,uniform,10,0.0,0.0,0.0,,
independent,3456,in_distribution,61,10.157552,0.85,3,3,3,119.80976369451074,474.91576194763184,0.6841110765933991,0.33417296,470.2448,153,4.005729999989853,25.157555,15.000003,60.41396599999644,0.5,0.5146909356117249,uniform,uniform,10,0.0,0.0,0.0,,
independent,3456,in_distribution,62,10.297248,0.8,4,4,4,133.51911948993802,479.6112728118897,0.6400270253419876,0.3865995,546.75946,153,4.005729999989853,30.297245,19.999996,60.41396599999644,0.5,0.5146909356117249,uniform,uniform,10,0.0,0.0,0.0,,
independent,3456,in_distribution,63,10.032486,0.8,4,4,4,143.79191860556602,444.75857734680176,0.6457254976034165,0.5643022,500.96564,153,4.005729999989853,30.032488,20.000002,60.41396599999644,0.5,0.5146909356117249,uniform,uniform,10,0.0,0.0,0.0,,
independent,3456,in_distribution,64,9.701292,0.65000004,7,7,7,156.1801028251648,422.4564456939697,0.537135124206543,0.66690123,696.7007,153,4.005729999989853,44.701294,35.0,60.41396599999644,0.5,0.5146909356117249,uniform,uniform,10,0.0,0.0,0.0,,
independent,3456,in_distribution,65,8.064819,0.7,6,4,4,167.13540583848953,478.51773262023926,0.5528965324163437,0.75506276,733.5077,153,4.005729999989853,38.06482,30.0,60.41396599999644,0.5,0.5146909356117249,uniform,uniform,10,0.0,0.0,0.0,,
independent,3456,in_distribution,66,7.385913,0.75,5,3,3,150.1244579553604,420.9865093231201,0.4806362092494964,0.7745467,805.17865,153,4.005729999989853,32.385914,25.0,60.41396599999644,0.5,0.5146909356117249,uniform,uniform,10,0.0,0.0,0.0,,
independent,3456,in_distribution,67,8.06857,0.8,4,4,4,153.37848231196404,455.480260848999,0.5539680510759354,0.6427948,687.8618,153,4.005729999989853,28.068571,20.0,60.41396599999644,0.5,0.5146909356117249,uniform,uniform,10,0.0,0.0,0.0,,
independent,3456,in_distribution,68,9.228529,0.7,6,5,5,149.4339463540486,403.5932064056397,0.5596329569816589,0.60718983,653.5048,153,4.005729999989853,39.22853,30.000002,60.41396599999644,0.5,0.5146909356117249,uniform,uniform,10,0.0,0.0,0.0,,
independent,3456,in_distribution,69,11.031057,0.75,5,5,5,128.70731782913208,442.4307346343994,0.7123875111341477,0.38873795,370.64688,153,4.005729999989853,36.031055,24.999998,60.41396599999644,0.5,0.5146909356117249,uniform,uniform,10,0.0,0.0,0.0,,
independent,3456,in_distribution,70,6.2337465,0.75,5,4,4,114.12374597787856,436.761417388916,0.4471969544887543,0.8773493,874.1435,153,4.005729999989853,31.233747,25.0,60.41396599999644,0.5,0.5146909356117249,uniform,uniform,10,0.0,0.0,0.0,,
independent,3456,in_distribution,71,8.88,0.65000004,7,7,7,113.060478247129,474.63892936706543,0.5402837067842483,0.7654212,768.00006,153,4.005729999989853,43.879993,34.999992,60.41396599999644,0.5,0.5146909356117249,uniform,uniform,10,0.0,0.0,0.0,,
independent,3456,in_distribution,72,11.197198,0.85,3,2,2,114.81567957822014,474.9677181243897,0.7311374932527542,0.37870347,367.18384,153,4.005729999989853,26.1972,15.000003,60.41396599999644,0.5,0.5146909356117249,uniform,uniform,10,0.0,0.0,0.0,,
independent,3456,in_distribution,73,6.897352,0.8,4,4,4,125.42919041588902,416.3613224029541,0.4750000834465027,0.7851192,816.00006,153,4.005729999989853,26.897352,20.0,60.41396599999644,0.5,0.5146909356117249,uniform,uniform,10,0.0,0.0,0.0,,
independent,3456,in_distribution,74,9.1611805,0.65000004,7,6,6,147.5758717610286,474.3141746520996,0.5585387825965882,0.5904486,720.00006,153,4.005729999989853,44.16118,35.0,60.41396599999644,0.5,0.5146909356117249,uniform,uniform,10,0.0,0.0,0.0,,
independent,3456,in_distribution,75,9.884213,0.65000004,7,6,6,149.80247497558594,475.5123996734619,0.610624361038208,0.60249543,613.53595,153,4.005729999989853,44.88421,34.999996,60.41396599999644,0.5,0.5146909356117249,uniform,uniform,10,0.0,0.0,0.0,,
independent,3456,in_distribution,76,10.25114,0.8,4,3,3,158.8830640912056,432.6229190826416,0.6252198904752732,0.5830009,528.20087,153,4.005729999989853,30.25114,20.0,60.41396599999644,0.5,0.5146909356117249,uniform,uniform,10,0.0,0.0,0.0,,
independent,3456,in_distribution,77,7.535679,0.6,8,6,6,141.74104019999504,461.5595626831055,0.4797317564487457,0.7783565,864.0001,153,4.005729999989853,47.53568,40.0,60.41396599999644,0.5,0.5146909356117249,uniform,uniform,10,0.0,0.0,0.0,,
independent,3456,in_distribution,78,10.217757,0.8,4,3,3,137.89074428379536,474.4955921173096,0.6221332043409348,0.5544318,575.99994,153,4.005729999989853,30.21776,20.000004,60.41396599999644,0.5,0.5146909356117249,uniform,uniform,10,0.0,0.0,0.0,,
independent,3456,in_distribution,79,9.37749,0.6,8,7,7,128.48708599805832,421.12157821655273,0.5500000715255737,0.6852526,672.00006,153,4.005729999989853,49.377487,39.999996,60.41396599999644,0.5,0.5146909356117249,uniform,uniform,10,0.0,0.0,0.0,,
independent,3456,in_distribution,80,7.474901,0.7,6,4,4,143.05913865566254,454.1670227050781,0.5219788193702698,0.76621395,747.9679,153,4.005729999989853,37.474903,30.000002,60.41396599999644,0.5,0.5146909356117249,uniform,uniform,10,0.0,0.0,0.0,,
independent,3456,in_distribution,81,7.746499,0.7,6,5,5,163.36867358003343,468.5712146759033,0.4990756541490554,0.8144616,825.3502,153,4.005729999989853,37.746502,30.000004,60.41396599999644,0.5,0.5146909356117249,uniform,uniform,10,0.0,0.0,0.0,,
independent,3456,in_distribution,82,9.96504,0.90000004,2,2,2,143.50803854564825,478.064546585083,0.6665162175893784,0.4073065,513.13885,153,4.005729999989853,19.96504,10.0,60.41396599999644,0.5,0.5146909356117249,uniform,uniform,10,0.0,0.0,0.0,,
independent,3456,in_distribution,83,8.115665,0.75,5,5,5,104.93305945396423,479.93391036987305,0.5583557426929474,0.5382695,703.891,153,4.005729999989853,33.115665,25.0,60.41396599999644,0.5,0.5146909356117249,uniform,uniform,10,0.0,0.0,0.0,,
independent,3456,in_distribution,84,7.081273,0.65000004,7,7,7,130.0379733282786,444.5239734649658,0.4769017785787582,0.85302407,824.87274,153,4.005729999989853,42.081272,35.0,60.41396599999644,0.5,0.5146909356117249,uniform,uniform,10,0.0,0.0,0.0,,
independent,3456,in_distribution,85,9.795747,0.7,6,5,5,126.21558717318943,472.7582931518554,0.6235696405172348,0.59665424,578.39594,153,4.005729999989853,39.795746,30.0,60.41396599999644,0.5,0.5146909356117249,uniform,uniform,10,0.0,0.0,0.0,,
independent,3456,in_distribution,86,11.446804,0.7,6,4,4,148.85264217853546,444.32544708251953,0.6620301485061646,0.41749102,479.99997,153,4.005729999989853,41.446804,30.0,60.41396599999644,0.5,0.5146909356117249,uniform,uniform,10,0.0,0.0,0.0,,
independent,3456,in_distribution,87,9.880669,0.7,6,6,6,96.84249742754868,445.140552520752,0.5941458284854889,0.5827446,600.3806,153,4.005729999989853,39.88067,30.0,60.41396599999644,0.5,0.5146909356117249,uniform,uniform,10,0.0,0.0,0.0,,
independent,3456,in_distribution,88,8.256033,0.8,4,3,3,145.96949860453606,478.1262874603272,0.5566739916801453,0.7029528,728.3371,153,4.005729999989853,28.256035,20.000002,60.41396599999644,0.5,0.5146909356117249,uniform,uniform,10,0.0,0.0,0.0,,
independent,3456,in_distribution,89,7.183129,0.8,4,3,3,124.13984455168249,450.2694511413574,0.504470044374466,0.81781286,777.68713,153,4.005729999989853,27.183128,20.0,60.41396599999644,0.5,0.5146909356117249,uniform,uniform,10,0.0,0.0,0.0,,
independent,3456,in_distribution,90,8.255051,0.65000004,7,6,6,143.26086787077097,477.7738380432129,0.57069790661335,0.68861765,720.00006,153,4.005729999989853,43.255054,35.000004,60.41396599999644,0.5,0.5146909356117249,uniform,uniform,10,0.0,0.0,0.0,,
independent,3456,in_distribution,91,8.971413,0.95,1,0,0,151.72342747449875,436.0036182403565,0.6608832567930222,0.43200645,463.10782,153,4.005729999989853,13.971415,5.000002,60.41396599999644,0.5,0.5146909356117249,uniform,uniform,10,0.0,0.0,0.0,,
independent,3456,in_distribution,92,9.906517,0.85,3,2,2,148.9953978622661,477.8638172149658,0.6426091879606247,0.594934,540.05426,153,4.005729999989853,24.906515,14.999998,60.41396599999644,0.5,0.5146909356117249,uniform,uniform,10,0.0,0.0,0.0,,
independent,3456,in_distribution,93,7.2836294,0.65000004,7,6,6,140.19331661554483,397.8249263763428,0.4500000774860382,0.9029915,864.0001,153,4.005729999989853,42.283634,35.000004,60.41396599999644,0.5,0.5146909356117249,uniform,uniform,10,0.0,0.0,0.0,,
independent,3456,in_distribution,94,9.332182,0.8,4,3,3,124.18595273047686,443.8772392272949,0.6052238285541535,0.6374598,577.8476,153,4.005729999989853,29.332178,19.999996,60.41396599999644,0.5,0.5146909356117249,uniform,uniform,10,0.0,0.0,0.0,,
independent,3456,in_distribution,95,11.92142,0.55,9,7,7,165.16629825938833,478.3309078216553,0.693434077501297,0.395573,481.50397,153,4.005729999989853,56.921417,44.999996,60.41396599999644,0.5,0.5146909356117249,uniform,uniform,10,0.0,0.0,0.0,,
independent,3456,in_distribution,96,9.103523,0.85,3,2,2,163.65016074741587,469.0237426757813,0.5850917935371399,0.6327002,641.6477,153,4.005729999989853,24.103525,15.000002,60.41396599999644,0.5,0.5146909356117249,uniform,uniform,10,0.0,0.0,0.0,,
independent,3456,in_distribution,97,12.733757,0.8,4,2,2,156.61977007985115,400.6852054595947,0.7291515469551086,0.2714678,328.02914,153,4.005729999989853,32.733757,20.0,60.41396599999644,0.5,0.5146909356117249,uniform,uniform,10,0.0,0.0,0.0,,
independent,3456,in_distribution,98,9.499369,0.75,5,4,4,148.22275972366333,477.36857414245605,0.6236295491456986,0.6055626,575.99994,153,4.005729999989853,34.499367,24.999998,60.41396599999644,0.5,0.5146909356117249,uniform,uniform,10,0.0,0.0,0.0,,
independent,3456,in_distribution,99,9.219999,0.8,4,3,3,115.67953683435915,434.77975845336914,0.5514478623867035,0.64953244,672.00006,153,4.005729999989853,29.22,20.0,60.41396599999644,0.5,0.5146909356117249,uniform,uniform,10,0.0,0.0,0.0,,
joint_pair,1234,in_distribution,0,15.832608,0.8,4,2,2,90.16698963940144,416.8557643890381,0.8901656270027161,0.07714882,18.882174,155,0.7547709999835206,35.83261,20.000004,66.50652399999672,0.5,0.5146909356117249,uniform,uniform,10,0.0,0.0,0.0,,
joint_pair,1234,in_distribution,1,11.754261,0.90000004,2,1,1,108.75747362772624,475.6754207611084,0.7901618868112564,0.19499929,254.56467,155,0.7547709999835206,21.754261,10.0,66.50652399999672,0.5,0.5146909356117249,uniform,uniform,10,0.0,0.0,0.0,,
joint_pair,1234,in_distribution,2,14.2827015,0.90000004,2,1,1,120.3394290804863,445.49577713012695,0.8677224457263947,0.15115303,75.46879,155,0.7547709999835206,24.282701,10.0,66.50652399999672,0.5,0.5146909356117249,uniform,uniform,10,0.0,0.0,0.0,,
joint_pair,1234,in_distribution,3,12.035198,0.75,5,4,4,97.24696600437164,417.2885799407959,0.70572829246521,0.2605393,373.00177,155,0.7547709999835206,37.035202,25.000004,66.50652399999672,0.5,0.5146909356117249,uniform,uniform,10,0.0,0.0,0.0,,
joint_pair,1234,in_distribution,4,13.066705,0.95,1,0,0,106.71310158152328,349.87046241760254,0.8474599123001099,0.17205587,100.87708,155,0.7547709999835206,18.066704,4.999999,66.50652399999672,0.5,0.5146909356117249,uniform,uniform,10,0.0,0.0,0.0,,
joint_pair,1234,in_distribution,5,14.612348,0.90000004,2,2,2,138.4274903933207,464.2670345306397,0.8903402864933014,0.096393324,63.574806,155,0.7547709999835206,24.612349,10.000001,66.50652399999672,0.5,0.5146909356117249,uniform,uniform,10,0.0,0.0,0.0,,
joint_pair,1234,in_distribution,6,10.852298,1.0,0,0,0,110.43764877319336,466.0671901702881,0.7497767001390457,0.32862154,322.49597,155,0.7547709999835206,10.852294,-3.8146973e-06,66.50652399999672,0.5,0.5146909356117249,uniform,uniform,10,0.0,0.0,0.0,,
joint_pair,1234,in_distribution,7,13.737679,0.75,5,0,0,105.81500017642976,453.64394187927246,0.8422835856676102,0.20372702,132.45956,155,0.7547709999835206,38.73768,25.0,66.50652399999672,0.5,0.5146909356117249,uniform,uniform,10,0.0,0.0,0.0,,
joint_pair,1234,in_distribution,8,11.143587,0.85,3,1,1,119.63086261468776,472.6431941986084,0.7491076171398163,0.2493641,357.64117,155,0.7547709999835206,26.143589,15.000002,66.50652399999672,0.5,0.5146909356117249,uniform,uniform,10,0.0,0.0,0.0,,
joint_pair,1234,in_distribution,9,15.462696,0.8,4,1,1,98.49418250843884,424.5828723907471,0.8750001192092896,0.11122267,48.0,155,0.7547709999835206,35.462696,20.0,66.50652399999672,0.5,0.5146909356117249,uniform,uniform,10,0.0,0.0,0.0,,
joint_pair,1234,in_distribution,10,12.85337,0.8,4,2,2,161.94336734712124,471.0666275024414,0.7976060748100281,0.12590763,235.6631,155,0.7547709999835206,32.853374,20.000004,66.50652399999672,0.5,0.5146909356117249,uniform,uniform,10,0.0,0.0,0.0,,
joint_pair,1234,in_distribution,11,13.97164,0.90000004,2,2,2,154.55231865247092,468.2775592803955,0.8782281309366227,0.023073027,89.70788,155,0.7547709999835206,23.971642,10.000002,66.50652399999672,0.5,0.5146909356117249,uniform,uniform,10,0.0,0.0,0.0,,
joint_pair,1234,in_distribution,12,10.768755,0.8,4,2,2,133.11475731432438,461.8296718597412,0.681674399971962,0.2597391,449.01495,155,0.7547709999835206,30.768757,20.000002,66.50652399999672,0.5,0.5146909356117249,uniform,uniform,10,0.0,0.0,0.0,,
joint_pair,1234,in_distribution,13,11.434116,0.8,4,3,3,122.49557387083767,392.3210620880127,0.7070432901382446,0.13745736,370.47684,155,0.7547709999835206,31.434114,19.999998,66.50652399999672,0.5,0.5146909356117249,uniform,uniform,10,0.0,0.0,0.0,,
joint_pair,1234,in_distribution,14,15.195533,0.8,4,3,3,124.00626204907894,402.1979427337647,0.9000000953674316,0.102566764,0.0,155,0.7547709999835206,35.195534,20.0,66.50652399999672,0.5,0.5146909356117249,uniform,uniform,10,0.0,0.0,0.0,,
joint_pair,1234,in_distribution,15,9.944486,0.75,5,3,3,105.01384210586548,463.1626224517822,0.6826099842786789,0.1262907,448.5514,155,0.7547709999835206,34.944485,25.0,66.50652399999672,0.5,0.5146909356117249,uniform,uniform,10,0.0,0.0,0.0,,
joint_pair,1234,in_distribution,16,14.194002,0.95,1,1,1,115.24291841607344,445.0438499450684,0.8998522102832794,0.11612607,13.327726,155,0.7547709999835206,19.194002,5.0,66.50652399999672,0.5,0.5146909356117249,uniform,uniform,10,0.0,0.0,0.0,,
joint_pair,1234,in_distribution,17,10.159417,1.0,0,0,0,88.11005862057209,430.0263404846192,0.7255433797836304,0.27432168,334.95676,155,0.7547709999835206,10.159418,9.536743e-07,66.50652399999672,0.5,0.5146909356117249,uniform,uniform,10,0.0,0.0,0.0,,
joint_pair,1234,in_distribution,18,14.561386,0.8,4,3,3,180.6971235573292,451.6028308868408,0.8886089444160461,0.081586,60.392273,155,0.7547709999835206,34.561382,19.999996,66.50652399999672,0.5,0.5146909356117249,uniform,uniform,10,0.0,0.0,0.0,,
joint_pair,1234,in_distribution,19,11.752763,0.8,4,4,4,119.61233541369438,459.2913436889648,0.7082876801490784,0.2816949,395.37912,155,0.7547709999835206,31.752766,20.000004,66.50652399999672,0.5,0.5146909356117249,uniform,uniform,10,0.0,0.0,0.0,,
joint_pair,1234,in_distribution,20,15.159421,0.8,4,3,3,84.13133628666401,440.3346633911133,0.8742965698242188,0.08550785,57.685368,155,0.7547709999835206,35.159424,20.000004,66.50652399999672,0.5,0.5146909356117249,uniform,uniform,10,0.0,0.0,0.0,,
joint_pair,1234,in_distribution,21,10.740839,0.90000004,2,1,1,132.36273288726807,451.2810516357422,0.7242666721343994,0.18458502,356.689,155,0.7547709999835206,20.740837,9.999998,66.50652399999672,0.5,0.5146909356117249,uniform,uniform,10,0.0,0.0,0.0,,
joint_pair,1234,in_distribution,22,10.815344,0.75,5,0,0,103.29747247695924,381.8835067749024,0.733090877532959,0.11518558,320.4656,155,0.7547709999835206,35.815342,24.999998,66.50652399999672,0.5,0.5146909356117249,uniform,uniform,10,0.0,0.0,0.0,,
joint_pair,1234,in_distribution,23,15.684383,0.65000004,7,6,6,117.734590447866,456.954402923584,0.8811648428440094,0.10218059,61.118145,155,0.7547709999835206,50.684372,34.99999,66.50652399999672,0.5,0.5146909356117249,uniform,uniform,10,0.0,0.0,0.0,,
joint_pair,1234,in_distribution,24,16.123987,0.7,6,0,0,127.97286450862885,397.98834800720215,0.9000000953674316,0.06773774,0.0,155,0.7547709999835206,46.123985,29.999998,66.50652399999672,0.5,0.5146909356117249,uniform,uniform,10,0.0,0.0,0.0,,
joint_pair,1234,in_distribution,25,12.875765,0.85,3,3,3,114.0217301424812,437.9214763641357,0.7710926920175553,0.15086907,253.42352,155,0.7547709999835206,27.875767,15.000002,66.50652399999672,0.5,0.5146909356117249,uniform,uniform,10,0.0,0.0,0.0,,
joint_pair,1234,in_distribution,26,11.136147,0.85,3,0,0,124.12647864397834,397.2334671020508,0.7408919930458069,0.19384494,305.48743,155,0.7547709999835206,26.136147,15.0,66.50652399999672,0.5,0.5146909356117249,uniform,uniform,10,0.0,0.0,0.0,,
joint_pair,1234,in_distribution,27,10.1919365,0.6,8,2,2,131.144859790802,394.4870567321777,0.6209341883659363,0.36865368,535.8064,155,0.7547709999835206,50.19194,40.000004,66.50652399999672,0.5,0.5146909356117249,uniform,uniform,10,0.0,0.0,0.0,,
joint_pair,1234,in_distribution,28,10.462199,0.65000004,7,0,0,97.56173688631792,324.3379497528076,0.6751145720481873,0.090290256,431.78,155,0.7547709999835206,45.4622,35.0,66.50652399999672,0.5,0.5146909356117249,uniform,uniform,10,0.0,0.0,0.0,,
joint_pair,1234,in_distribution,29,10.008194,0.85,3,0,0,108.2371071506949,477.5350284576416,0.6721301764249802,0.32512552,483.04523,155,0.7547709999835206,25.008194,15.0,66.50652399999672,0.5,0.5146909356117249,uniform,uniform,10,0.0,0.0,0.0,,
joint_pair,1234,in_distribution,30,13.18105,0.75,5,0,0,110.53653955459596,375.0967311859131,0.8667214512825012,0.08328894,63.89498,155,0.7547709999835206,38.181053,25.000004,66.50652399999672,0.5,0.5146909356117249,uniform,uniform,10,0.0,0.0,0.0,,
joint_pair,1234,in_distribution,31,13.434563,0.65000004,7,4,4,120.87968120208151,461.6605567932129,0.7531858623027802,0.13562092,311.54376,155,0.7547709999835206,48.434566,35.000004,66.50652399999672,0.5,0.5146909356117249,uniform,uniform,10,0.0,0.0,0.0,,
joint_pair,1234,in_distribution,32,10.193914,0.85,3,3,3,129.1125251265133,450.5118942260742,0.6461301684379578,0.27123493,505.942,155,0.7547709999835206,25.193913,14.999998,66.50652399999672,0.5,0.5146909356117249,uniform,uniform,10,0.0,0.0,0.0,,
joint_pair,1234,in_distribution,33,12.491831,0.90000004,2,0,0,140.68269540866217,434.03079986572266,0.8383451342582703,0.08721017,120.40818,155,0.7547709999835206,22.491829,9.999998,66.50652399999672,0.5,0.5146909356117249,uniform,uniform,10,0.0,0.0,0.0,,
joint_pair,1234,in_distribution,34,13.6922,0.85,3,2,2,143.08847939266877,476.86137199401855,0.8641164481639863,0.10195886,154.8212,155,0.7547709999835206,28.6922,15.0,66.50652399999672,0.5,0.5146909356117249,uniform,uniform,10,0.0,0.0,0.0,,
joint_pair,1234,in_distribution,35,11.583611,0.8,4,3,3,104.51652735471724,437.6247024536133,0.6898779511451721,0.287291,409.05902,155,0.7547709999835206,31.583614,20.000004,66.50652399999672,0.5,0.5146909356117249,uniform,uniform,10,0.0,0.0,0.0,,
joint_pair,1234,in_distribution,36,10.937298,0.90000004,2,0,0,101.99147244294484,368.3409976959229,0.7477760314941406,0.17436776,292.27005,155,0.7547709999835206,20.937302,10.000004,66.50652399999672,0.5,0.5146909356117249,uniform,uniform,10,0.0,0.0,0.0,,
joint_pair,1234,in_distribution,37,11.979364,0.85,3,3,3,121.1919513870688,474.4544506072998,0.7491619974374771,0.26736578,332.06345,155,0.7547709999835206,26.979364,15.0,66.50652399999672,0.5,0.5146909356117249,uniform,uniform,10,0.0,0.0,0.0,,
joint_pair,1234,in_distribution,38,11.476113,0.8,4,0,0,121.82831022888422,381.7871189117432,0.7319375276565552,0.24762839,322.68,155,0.7547709999835206,31.476116,20.000004,66.50652399999672,0.5,0.5146909356117249,uniform,uniform,10,0.0,0.0,0.0,,
joint_pair,1234,in_distribution,39,12.713975,0.8,4,4,4,111.87077287584545,421.853141784668,0.7587609887123108,0.2173382,271.1789,155,0.7547709999835206,32.713974,20.0,66.50652399999672,0.5,0.5146909356117249,uniform,uniform,10,0.0,0.0,0.0,,
joint_pair,1234,in_distribution,40,13.194651,0.8,4,2,2,147.17499223072082,445.49391746521,0.8197187662124634,0.20929013,177.53488,155,0.7547709999835206,33.194653,20.000002,66.50652399999672,0.5,0.5146909356117249,uniform,uniform,10,0.0,0.0,0.0,,
joint_pair,1234,in_distribution,41,12.063812,0.85,3,3,3,133.570394375745,429.24482345581055,0.7822355031967163,0.15044163,226.10803,155,0.7547709999835206,27.063812,15.0,66.50652399999672,0.5,0.5146909356117249,uniform,uniform,10,0.0,0.0,0.0,,
joint_pair,1234,in_distribution,42,8.319234,0.6,8,0,0,80.46922415494919,268.37199211120605,0.551001787185669,0.08693917,670.0766,155,0.7547709999835206,48.319237,40.000004,66.50652399999672,0.5,0.5146909356117249,uniform,uniform,10,0.0,0.0,0.0,,
joint_pair,1234,in_distribution,43,10.76458,0.75,5,0,0,139.12678861618042,477.0157814025879,0.7208967745304108,0.3308581,388.894,155,0.7547709999835206,35.764584,25.000004,66.50652399999672,0.5,0.5146909356117249,uniform,uniform,10,0.0,0.0,0.0,,
joint_pair,1234,in_distribution,44,9.472672,0.8,4,0,0,117.12295275181532,370.4820156097412,0.6694101095199585,0.18203741,442.7326,155,0.7547709999835206,29.472675,20.000004,66.50652399999672,0.5,0.5146909356117249,uniform,uniform,10,0.0,0.0,0.0,,
joint_pair,1234,in_distribution,45,13.096132,0.75,5,4,4,155.32323670387268,476.956844329834,0.8120195299386979,0.14834344,223.61292,155,0.7547709999835206,38.096127,24.999994,66.50652399999672,0.5,0.5146909356117249,uniform,uniform,10,0.0,0.0,0.0,,
joint_pair,1234,in_distribution,46,15.426534,0.85,3,2,2,161.81077154243692,450.09318351745605,0.9042413353919982,0.044570267,20.509415,155,0.7547709999835206,30.426535,15.000001,66.50652399999672,0.5,0.5146909356117249,uniform,uniform,10,0.0,0.0,0.0,,
joint_pair,1234,in_distribution,47,12.750962,0.75,5,2,2,150.82546639442444,436.514024734497,0.7852137178182602,0.08220825,224.90376,155,0.7547709999835206,37.75096,25.0,66.50652399999672,0.5,0.5146909356117249,uniform,uniform,10,0.0,0.0,0.0,,
joint_pair,1234,in_distribution,48,15.196296,0.85,3,2,2,127.92404904085048,469.9257373809815,0.8812644571065903,0.11737096,73.89819,155,0.7547709999835206,30.196297,15.000001,66.50652399999672,0.5,0.5146909356117249,uniform,uniform,10,0.0,0.0,0.0,,
joint_pair,1234,in_distribution,49,10.473414,0.8,4,0,0,116.4505534619093,443.79435539245605,0.7036054521799088,0.18540026,388.87192,155,0.7547709999835206,30.473415,20.0,66.50652399999672,0.5,0.5146909356117249,uniform,uniform,10,0.0,0.0,0.0,,
joint_pair,1234,in_distribution,50,13.317332,0.90000004,2,2,2,155.70394799113274,474.91673469543457,0.8341648012399674,0.12819606,198.0107,155,0.7547709999835206,23.317339,10.000007,66.50652399999672,0.5,0.5146909356117249,uniform,uniform,10,0.0,0.0,0.0,,
joint_pair,1234,in_distribution,51,11.051615,0.8,4,0,0,110.60240361839531,449.19227600097656,0.7111217617988587,0.25375992,379.83847,155,0.7547709999835206,31.051613,19.999998,66.50652399999672,0.5,0.5146909356117249,uniform,uniform,10,0.0,0.0,0.0,,
joint_pair,1234,in_distribution,52,14.727299,0.90000004,2,2,2,172.57342904806137,449.1984272003174,0.9109049707651138,0.11251312,0.0,155,0.7547709999835206,24.727291,9.999992,66.50652399999672,0.5,0.5146909356117249,uniform,uniform,10,0.0,0.0,0.0,,
joint_pair,1234,in_distribution,53,10.475801,0.75,5,0,0,107.8093115091324,354.5210838317871,0.7159271836280823,0.24461403,353.41983,155,0.7547709999835206,35.4758,24.999998,66.50652399999672,0.5,0.5146909356117249,uniform,uniform,10,0.0,0.0,0.0,,
joint_pair,1234,in_distribution,54,10.158613,0.7,6,4,4,141.36223861149378,453.832368850708,0.6513532489538193,0.3251792,499.23413,155,0.7547709999835206,40.15861,29.999998,66.50652399999672,0.5,0.5146909356117249,uniform,uniform,10,0.0,0.0,0.0,,
joint_pair,1234,in_distribution,55,11.591814,0.90000004,2,1,1,120.06689382096133,411.93700790405273,0.7837282419204712,0.10386602,223.24178,155,0.7547709999835206,21.591818,10.000004,66.50652399999672,0.5,0.5146909356117249,uniform,uniform,10,0.0,0.0,0.0,,
joint_pair,1234,in_distribution,56,14.1339035,0.85,3,3,3,160.5682813420015,448.0973052978516,0.8634336918592453,0.12948534,86.40024,155,0.7547709999835206,29.133902,14.999998,66.50652399999672,0.5,0.5146909356117249,uniform,uniform,10,0.0,0.0,0.0,,
joint_pair,1234,in_distribution,57,12.552175,0.7,6,0,0,103.2897337419646,361.8700218200684,0.7839674353599548,0.12537995,222.78261,155,0.7547709999835206,42.552177,30.000004,66.50652399999672,0.5,0.5146909356117249,uniform,uniform,10,0.0,0.0,0.0,,
joint_pair,1234,in_distribution,58,13.432138,0.85,3,2,2,154.52204262509065,465.7674980163574,0.8268519580364228,0.15239619,174.21191,155,0.7547709999835206,28.432137,14.999998,66.50652399999672,0.5,0.5146909356117249,uniform,uniform,10,0.0,0.0,0.0,,
joint_pair,1234,in_distribution,59,14.942444,0.90000004,2,0,0,138.8635888695717,449.7660827636719,0.9092532634735108,0.07676274,0.0,155,0.7547709999835206,24.942444,10.0,66.50652399999672,0.5,0.5146909356117249,uniform,uniform,10,0.0,0.0,0.0,,
joint_pair,1234,in_distribution,60,9.121192,0.75,5,0,0,78.20720481872559,452.523193359375,0.5996990442276001,0.40569103,597.101,155,0.7547709999835206,34.12119,24.999996,66.50652399999672,0.5,0.5146909356117249,uniform,uniform,10,0.0,0.0,0.0,,
joint_pair,1234,in_distribution,61,13.222248,0.90000004,2,2,2,172.0649823049704,459.9950408935547,0.8354974031448364,0.124452494,151.84013,155,0.7547709999835206,23.222244,9.999996,66.50652399999672,0.5,0.5146909356117249,uniform,uniform,10,0.0,0.0,0.0,,
joint_pair,1234,in_distribution,62,12.593207,0.85,3,3,3,94.5406787185108,478.7895584106445,0.7855556428432464,0.19099121,319.1162,155,0.7547709999835206,27.593208,15.000001,66.50652399999672,0.5,0.5146909356117249,uniform,uniform,10,0.0,0.0,0.0,,
joint_pair,1234,in_distribution,63,14.161539,0.85,3,3,3,135.45988230144278,425.4927062988281,0.8520306348800659,0.06586232,92.1013,155,0.7547709999835206,29.161537,14.999998,66.50652399999672,0.5,0.5146909356117249,uniform,uniform,10,0.0,0.0,0.0,,
joint_pair,1234,in_distribution,64,16.35241,0.75,5,4,4,99.6110303401947,437.517786026001,0.8938395470380783,0.06980509,17.34597,155,0.7547709999835206,41.35241,25.0,66.50652399999672,0.5,0.5146909356117249,uniform,uniform,10,0.0,0.0,0.0,,
joint_pair,1234,in_distribution,65,10.578837,0.75,5,0,0,90.97655773162842,423.1075286865234,0.6968145370483398,0.27361074,390.11618,155,0.7547709999835206,35.578835,24.999996,66.50652399999672,0.5,0.5146909356117249,uniform,uniform,10,0.0,0.0,0.0,,
joint_pair,1234,in_distribution,66,18.56,0.2,16,14,14,106.4443539083004,257.8922367095947,0.9000000953674316,0.007918602,0.0,155,0.7547709999835206,98.560005,80.00001,66.50652399999672,0.5,0.5146909356117249,uniform,uniform,10,0.0,0.0,0.0,,
joint_pair,1234,in_distribution,67,14.08524,0.8,4,4,4,181.5570996701717,456.8660545349121,0.8646877348423004,0.11008223,92.66569,155,0.7547709999835206,34.085243,20.000004,66.50652399999672,0.5,0.5146909356117249,uniform,uniform,10,0.0,0.0,0.0,,
joint_pair,1234,in_distribution,68,13.886686,0.8,4,3,3,158.26606951653957,412.0968532562256,0.8008691072463989,0.20410793,190.33151,155,0.7547709999835206,33.88669,20.000002,66.50652399999672,0.5,0.5146909356117249,uniform,uniform,10,0.0,0.0,0.0,,
joint_pair,1234,in_distribution,69,10.591585,0.85,3,3,3,107.9715207043816,424.9856472015381,0.6693764328956604,0.30980274,442.79727,155,0.7547709999835206,25.591585,15.0,66.50652399999672,0.5,0.5146909356117249,uniform,uniform,10,0.0,0.0,0.0,,
joint_pair,1234,in_distribution,70,14.225117,0.75,5,4,4,103.33791875839232,313.3548831939697,0.8029586672782898,0.05817051,186.31949,155,0.7547709999835206,39.225117,25.0,66.50652399999672,0.5,0.5146909356117249,uniform,uniform,10,0.0,0.0,0.0,,
joint_pair,1234,in_distribution,71,8.387133,0.7,6,0,0,88.67195095334735,380.7422733306885,0.5680798888206482,0.1910835,637.28674,155,0.7547709999835206,38.38713,29.999998,66.50652399999672,0.5,0.5146909356117249,uniform,uniform,10,0.0,0.0,0.0,,
joint_pair,1234,in_distribution,72,14.371802,0.7,6,5,5,113.68263116904669,426.96773529052734,0.8117977976799011,0.07673357,169.34839,155,0.7547709999835206,44.37181,30.000008,66.50652399999672,0.5,0.5146909356117249,uniform,uniform,10,0.0,0.0,0.0,,
joint_pair,1234,in_distribution,73,9.663579,0.8,4,4,4,166.54810164123774,379.01535987854,0.6397697925567627,0.2451149,499.64206,155,0.7547709999835206,29.663578,20.0,66.50652399999672,0.5,0.5146909356117249,uniform,uniform,10,0.0,0.0,0.0,,
joint_pair,1234,in_distribution,74,14.777258,0.65000004,7,1,1,157.12596856630765,468.9232349395752,0.8638798087835312,0.06028409,106.2742,155,0.7547709999835206,49.777252,34.999992,66.50652399999672,0.5,0.5146909356117249,uniform,uniform,10,0.0,0.0,0.0,,
joint_pair,1234,in_distribution,75,11.67454,0.75,5,0,0,115.41031205654144,337.8785991668701,0.7528406381607056,0.074492164,282.5461,155,0.7547709999835206,36.674538,24.999998,66.50652399999672,0.5,0.5146909356117249,uniform,uniform,10,0.0,0.0,0.0,,
joint_pair,1234,in_distribution,76,10.432921,0.85,3,2,2,127.39471940433278,432.6920700073242,0.703307831287384,0.22763051,378.341,155,0.7547709999835206,25.432922,15.000001,66.50652399999672,0.5,0.5146909356117249,uniform,uniform,10,0.0,0.0,0.0,,
joint_pair,1234,in_distribution,77,14.8718405,0.65000004,7,5,5,156.93272145894858,471.7947006225586,0.8476775616407395,0.07160704,147.96843,155,0.7547709999835206,49.871838,34.999996,66.50652399999672,0.5,0.5146909356117249,uniform,uniform,10,0.0,0.0,0.0,,
joint_pair,1234,in_distribution,78,13.349602,0.85,3,0,0,151.64986796457978,447.1108531951904,0.8328496009111405,0.18628365,144.03975,155,0.7547709999835206,28.349604,15.000002,66.50652399999672,0.5,0.5146909356117249,uniform,uniform,10,0.0,0.0,0.0,,
joint_pair,1234,in_distribution,79,12.382177,0.85,3,0,0,119.86907254247105,400.35844802856445,0.8063938617706299,0.12107243,179.7239,155,0.7547709999835206,27.382175,14.999998,66.50652399999672,0.5,0.5146909356117249,uniform,uniform,10,0.0,0.0,0.0,,
joint_pair,1234,in_distribution,80,16.02753,0.7,6,2,2,118.52347203663416,458.7967872619629,0.8927537739276886,0.12394508,40.709736,155,0.7547709999835206,46.027534,30.000004,66.50652399999672,0.5,0.5146909356117249,uniform,uniform,10,0.0,0.0,0.0,,
joint_pair,1234,in_distribution,81,10.4929085,0.8,4,3,3,98.37927505373956,439.5749473571777,0.6449581325054169,0.27522093,497.2554,155,0.7547709999835206,30.492908,20.0,66.50652399999672,0.5,0.5146909356117249,uniform,uniform,10,0.0,0.0,0.0,,
joint_pair,1234,in_distribution,82,15.339949,0.8,4,4,4,87.5547759141773,287.59105682373047,0.8578099012374878,0.09276146,81.00519,155,0.7547709999835206,35.33995,20.000002,66.50652399999672,0.5,0.5146909356117249,uniform,uniform,10,0.0,0.0,0.0,,
joint_pair,1234,in_distribution,83,14.3935375,0.8,4,3,3,128.38271632790563,383.93391609191895,0.8547965288162231,0.15036549,86.79073,155,0.7547709999835206,34.39354,20.000002,66.50652399999672,0.5,0.5146909356117249,uniform,uniform,10,0.0,0.0,0.0,,
joint_pair,1234,in_distribution,84,13.6825905,0.90000004,2,2,2,120.19110918045044,478.7961959838867,0.8788465440273285,0.038737375,89.74114,155,0.7547709999835206,23.682594,10.000004,66.50652399999672,0.5,0.5146909356117249,uniform,uniform,10,0.0,0.0,0.0,,
joint_pair,1234,in_distribution,85,13.862461,0.75,5,2,2,103.3642753958702,410.33838272094727,0.8159438371658325,0.15382586,161.38797,155,0.7547709999835206,38.86246,25.0,66.50652399999672,0.5,0.5146909356117249,uniform,uniform,10,0.0,0.0,0.0,,
joint_pair,1234,in_distribution,86,16.030704,0.7,6,3,3,176.93757048674993,471.1324596405029,0.909066590666771,0.03873679,24.862762,155,0.7547709999835206,46.03071,30.000004,66.50652399999672,0.5,0.5146909356117249,uniform,uniform,10,0.0,0.0,0.0,,
joint_pair,1234,in_distribution,87,14.351857,0.90000004,2,2,2,160.97275455792746,467.23734855651855,0.8963182836771011,0.054536313,55.428364,155,0.7547709999835206,24.351856,9.999999,66.50652399999672,0.5,0.5146909356117249,uniform,uniform,10,0.0,0.0,0.0,,
joint_pair,1234,in_distribution,88,10.938271,0.7,6,5,5,112.59414732456209,396.2190055847168,0.6713047027587891,0.3068291,439.095,155,0.7547709999835206,40.938274,30.000004,66.50652399999672,0.5,0.5146909356117249,uniform,uniform,10,0.0,0.0,0.0,,
joint_pair,1234,in_distribution,89,7.41139,0.7,6,5,5,76.81196221283504,435.8816528320313,0.5099066734313965,0.44343987,752.86096,155,0.7547709999835206,37.41139,29.999998,66.50652399999672,0.5,0.5146909356117249,uniform,uniform,10,0.0,0.0,0.0,,
joint_pair,1234,in_distribution,90,11.27896,0.75,5,0,0,126.30750846862792,448.1496047973633,0.7474371433258057,0.094860904,309.07037,155,0.7547709999835206,36.278957,24.999996,66.50652399999672,0.5,0.5146909356117249,uniform,uniform,10,0.0,0.0,0.0,,
joint_pair,1234,in_distribution,91,13.674183,0.90000004,2,1,1,113.35546875993413,359.5449542999268,0.8653221130371094,0.061231986,66.581665,155,0.7547709999835206,23.674185,10.000002,66.50652399999672,0.5,0.5146909356117249,uniform,uniform,10,0.0,0.0,0.0,,
joint_pair,1234,in_distribution,92,14.278273,0.90000004,2,1,1,132.7228413025538,464.65115547180176,0.8681574434041976,0.0042031915,116.49462,155,0.7547709999835206,24.278275,10.000002,66.50652399999672,0.5,0.5146909356117249,uniform,uniform,10,0.0,0.0,0.0,,
joint_pair,1234,in_distribution,93,12.735358,0.7,6,0,0,131.3102740262236,390.85679054260254,0.7841333150863647,0.07769208,222.46414,155,0.7547709999835206,42.73535,29.999992,66.50652399999672,0.5,0.5146909356117249,uniform,uniform,10,0.0,0.0,0.0,,
joint_pair,1234,in_distribution,94,10.0153055,0.85,3,2,2,100.26997197200272,453.4720230102539,0.6539288401603699,0.3980913,493.92865,155,0.7547709999835206,25.015306,15.000001,66.50652399999672,0.5,0.5146909356117249,uniform,uniform,10,0.0,0.0,0.0,,
joint_pair,1234,in_distribution,95,12.2380905,0.65000004,7,2,2,169.18804737237784,432.7712631225586,0.7180106282234192,0.33216745,350.19095,155,0.7547709999835206,47.23809,35.0,66.50652399999672,0.5,0.5146909356117249,uniform,uniform,10,0.0,0.0,0.0,,
joint_pair,1234,in_distribution,96,11.649382,0.90000004,2,1,1,176.24020874500275,462.6659202575684,0.7392497390508652,0.4055804,368.17316,155,0.7547709999835206,21.649384,10.000002,66.50652399999672,0.5,0.5146909356117249,uniform,uniform,10,0.0,0.0,0.0,,
joint_pair,1234,in_distribution,97,15.55952,0.75,5,0,0,109.78136003017426,420.8229160308838,0.8990290760993958,0.046242785,1.8643398,155,0.7547709999835206,40.55952,25.0,66.50652399999672,0.5,0.5146909356117249,uniform,uniform,10,0.0,0.0,0.0,,
joint_pair,1234,in_distribution,98,14.790148,0.90000004,2,1,1,105.98370879888536,435.33788681030273,0.8891714096069336,0.057555854,27.26473,155,0.7547709999835206,24.790146,9.999998,66.50652399999672,0.5,0.5146909356117249,uniform,uniform,10,0.0,0.0,0.0,,
joint_pair,1234,in_distribution,99,14.02681,0.85,3,0,0,114.62769396164838,411.4881706237793,0.8361340761184692,0.15666111,122.622696,155,0.7547709999835206,29.026806,14.999996,66.50652399999672,0.5,0.5146909356117249,uniform,uniform,10,0.0,0.0,0.0,,
joint_pair,2345,in_distribution,0,14.283546,0.90000004,2,1,1,135.84269980589548,446.13189697265625,0.8699822664260864,0.13617738,71.76612,146,0.6984090000423748,24.283543,9.999996,59.91115499999978,0.5,0.5146909356117249,uniform,uniform,10,0.0,0.0,0.0,,
joint_pair,2345,in_distribution,1,9.1246,0.85,3,2,2,92.18395734534543,455.3682804107666,0.6353615611791611,0.3440674,531.4741,146,0.6984090000423748,24.1246,14.999999,59.91115499999978,0.5,0.5146909356117249,uniform,uniform,10,0.0,0.0,0.0,,
joint_pair,2345,in_distribution,2,11.972162,0.90000004,2,2,2,122.94385333855946,442.63306617736816,0.7723174184560776,0.21414274,255.78372,146,0.6984090000423748,21.972164,10.000002,59.91115499999978,0.5,0.5146909356117249,uniform,uniform,10,0.0,0.0,0.0,,
joint_pair,2345,in_distribution,3,11.201328,0.7,6,5,5,91.81311122008732,391.0370635986328,0.646763801574707,0.28011885,486.2135,146,0.6984090000423748,41.20133,30.0,59.91115499999978,0.5,0.5146909356117249,uniform,uniform,10,0.0,0.0,0.0,,
joint_pair,2345,in_distribution,4,15.090221,0.90000004,2,2,2,120.5991405248642,396.6818332672119,0.8822603225708008,0.07089619,34.060314,146,0.6984090000423748,25.090223,10.000002,59.91115499999978,0.5,0.5146909356117249,uniform,uniform,10,0.0,0.0,0.0,,
joint_pair,2345,in_distribution,5,10.890583,0.6,8,8,8,152.3787409067154,467.6783752441406,0.6443833589553833,0.42254475,536.176,146,0.6984090000423748,50.89058,39.999996,59.91115499999978,0.5,0.5146909356117249,uniform,uniform,10,0.0,0.0,0.0,,
joint_pair,2345,in_distribution,6,13.058155,0.95,1,1,1,95.90708255767822,444.89333152771,0.8190236479043961,0.15537418,168.36804,146,0.6984090000423748,18.058155,5.0,59.91115499999978,0.5,0.5146909356117249,uniform,uniform,10,0.0,0.0,0.0,,
joint_pair,2345,in_distribution,7,10.319056,0.75,5,2,2,113.0343189239502,429.24259185791016,0.6572425365447998,0.33108,466.09436,146,0.6984090000423748,35.319057,25.000002,59.91115499999978,0.5,0.5146909356117249,uniform,uniform,10,0.0,0.0,0.0,,
joint_pair,2345,in_distribution,8,9.961626,0.85,3,2,2,107.49460300978492,387.2076988220215,0.6813347339630127,0.31447273,419.83728,146,0.6984090000423748,24.961626,15.0,59.91115499999978,0.5,0.5146909356117249,uniform,uniform,10,0.0,0.0,0.0,,
joint_pair,2345,in_distribution,9,13.239552,0.85,3,1,1,140.2564346615006,422.3671817779541,0.8120271563529968,0.14104949,168.90796,146,0.6984090000423748,28.239552,15.0,59.91115499999978,0.5,0.5146909356117249,uniform,uniform,10,0.0,0.0,0.0,,
joint_pair,2345,in_distribution,10,10.8654,0.85,3,1,1,89.72014704171349,346.8688774108887,0.7065314054489136,0.1374889,371.4598,146,0.6984090000423748,25.8654,15.0,59.91115499999978,0.5,0.5146909356117249,uniform,uniform,10,0.0,0.0,0.0,,
joint_pair,2345,in_distribution,11,13.462785,0.95,1,1,1,112.67520697493302,461.1015129089356,0.865787798166275,0.19300133,94.78909,146,0.6984090000423748,18.462788,5.000003,59.91115499999978,0.5,0.5146909356117249,uniform,uniform,10,0.0,0.0,0.0,,
joint_pair,2345,in_distribution,12,11.425564,0.90000004,2,2,2,82.39160406092803,466.7738628387451,0.7309011608362198,0.30458924,359.4436,146,0.6984090000423748,21.425566,10.000002,59.91115499999978,0.5,0.5146909356117249,uniform,uniform,10,0.0,0.0,0.0,,
joint_pair,2345,in_distribution,13,12.76867,0.8,4,4,4,75.5924790725112,470.731086730957,0.7497907519340515,0.18027323,327.1329,146,0.6984090000423748,32.76867,20.0,59.91115499999978,0.5,0.5146909356117249,uniform,uniform,10,0.0,0.0,0.0,,
joint_pair,2345,in_distribution,14,13.420967,0.8,4,3,3,172.61184258386493,463.4041500091553,0.8562223702669144,0.08228853,115.45735,146,0.6984090000423748,33.42097,20.000004,59.91115499999978,0.5,0.5146909356117249,uniform,uniform,10,0.0,0.0,0.0,,
joint_pair,2345,in_distribution,15,9.027088,0.75,5,3,3,116.74916243553162,437.310791015625,0.6089541554450989,0.26322415,564.1189,146,0.6984090000423748,34.027092,25.000004,59.91115499999978,0.5,0.5146909356117249,uniform,uniform,10,0.0,0.0,0.0,,
joint_pair,2345,in_distribution,16,11.841887,0.8,4,4,4,138.30962006002665,465.7349967956543,0.737766045331955,0.2694678,347.68497,146,0.6984090000423748,31.841887,20.0,59.91115499999978,0.5,0.5146909356117249,uniform,uniform,10,0.0,0.0,0.0,,
joint_pair,2345,in_distribution,17,10.748675,0.90000004,2,2,2,92.51217111945152,434.9737358093262,0.7240154087543488,0.3057918,340.8643,146,0.6984090000423748,20.748676,10.000001,59.91115499999978,0.5,0.5146909356117249,uniform,uniform,10,0.0,0.0,0.0,,
joint_pair,2345,in_distribution,18,11.349612,0.95,1,0,0,89.8862857253928,434.7912883758545,0.7644795566797257,0.18831025,262.99075,146,0.6984090000423748,16.34961,4.999997,59.91115499999978,0.5,0.5146909356117249,uniform,uniform,10,0.0,0.0,0.0,,
joint_pair,2345,in_distribution,19,15.412296,0.85,3,3,3,112.53747088067672,441.6697883605957,0.866093510389328,0.06890384,74.77029,146,0.6984090000423748,30.4123,15.000004,59.91115499999978,0.5,0.5146909356117249,uniform,uniform,10,0.0,0.0,0.0,,
joint_pair,2345,in_distribution,20,12.08004,0.85,3,2,2,147.1639760802774,386.93212509155273,0.790627121925354,0.2052259,209.996,146,0.6984090000423748,27.080038,14.999998,59.91115499999978,0.5,0.5146909356117249,uniform,uniform,10,0.0,0.0,0.0,,
joint_pair,2345,in_distribution,21,12.165899,0.8,4,3,3,95.37731196731328,467.4693775177002,0.7713851422071457,0.17985146,282.41003,146,0.6984090000423748,32.165897,19.999998,59.91115499999978,0.5,0.5146909356117249,uniform,uniform,10,0.0,0.0,0.0,,
joint_pair,2345,in_distribution,22,14.703953,0.7,6,5,5,117.91954381125312,447.7918338775635,0.8399260133504868,0.11590032,131.13402,146,0.6984090000423748,44.70395,29.999996,59.91115499999978,0.5,0.5146909356117249,uniform,uniform,10,0.0,0.0,0.0,,
joint_pair,2345,in_distribution,23,13.282675,0.65000004,7,6,6,187.87238840873425,425.7485103607178,0.7593224048614502,0.19405827,270.10104,146,0.6984090000423748,48.282677,35.0,59.91115499999978,0.5,0.5146909356117249,uniform,uniform,10,0.0,0.0,0.0,,
joint_pair,2345,in_distribution,24,11.932291,0.8,4,3,3,98.9391291886568,465.3071594238281,0.748374605178833,0.19387367,324.42795,146,0.6984090000423748,31.932291,20.0,59.91115499999978,0.5,0.5146909356117249,uniform,uniform,10,0.0,0.0,0.0,,
joint_pair,2345,in_distribution,25,12.925228,0.90000004,2,2,2,152.74468685189882,456.024055480957,0.7755722373723983,0.08400846,292.47702,146,0.6984090000423748,22.925228,10.0,59.91115499999978,0.5,0.5146909356117249,uniform,uniform,10,0.0,0.0,0.0,,
joint_pair,2345,in_distribution,26,11.177784,0.90000004,2,2,2,111.35295649369556,471.086540222168,0.7056588768959046,0.26041546,412.22144,146,0.6984090000423748,21.177784,10.0,59.91115499999978,0.5,0.5146909356117249,uniform,uniform,10,0.0,0.0,0.0,,
joint_pair,2345,in_distribution,27,9.31614,0.8,4,4,4,92.49189153313635,473.1193828582764,0.6098333984613419,0.2814711,598.23944,146,0.6984090000423748,29.316141,20.0,59.91115499999978,0.5,0.5146909356117249,uniform,uniform,10,0.0,0.0,0.0,,
joint_pair,2345,in_distribution,28,14.046238,0.65000004,7,5,5,124.9463103367732,443.3570766448975,0.7796762317419053,0.109610125,251.37617,146,0.6984090000423748,49.046238,35.0,59.91115499999978,0.5,0.5146909356117249,uniform,uniform,10,0.0,0.0,0.0,,
joint_pair,2345,in_distribution,29,12.088555,0.90000004,2,1,1,102.53460387388866,475.7840251922608,0.8015426188707352,0.0854297,232.82227,146,0.6984090000423748,22.088558,10.000003,59.91115499999978,0.5,0.5146909356117249,uniform,uniform,10,0.0,0.0,0.0,,
joint_pair,2345,in_distribution,30,13.746231,0.90000004,2,2,2,111.53515726327896,459.6660232543945,0.8794460773468018,0.07033119,94.505554,146,0.6984090000423748,23.746227,9.999996,59.91115499999978,0.5,0.5146909356117249,uniform,uniform,10,0.0,0.0,0.0,,
joint_pair,2345,in_distribution,31,13.400848,0.65000004,7,4,4,110.58477332958807,472.6241970062256,0.7597443252801895,0.1647877,309.9152,146,0.6984090000423748,48.400852,35.000004,59.91115499999978,0.5,0.5146909356117249,uniform,uniform,10,0.0,0.0,0.0,,
joint_pair,2345,in_distribution,32,12.670474,0.90000004,2,2,2,98.93300677339236,427.61372566223145,0.776094377040863,0.19192936,237.89888,146,0.6984090000423748,22.670471,9.999997,59.91115499999978,0.5,0.5146909356117249,uniform,uniform,10,0.0,0.0,0.0,,
joint_pair,2345,in_distribution,33,9.560017,0.90000004,2,0,0,99.49124862750372,410.866641998291,0.6807301044464111,0.38049582,420.99826,146,0.6984090000423748,19.560017,10.0,59.91115499999978,0.5,0.5146909356117249,uniform,uniform,10,0.0,0.0,0.0,,
joint_pair,2345,in_distribution,34,11.561928,0.95,1,0,0,106.23925905478627,474.5123291015625,0.7489267855882644,0.26352808,388.8072,146,0.6984090000423748,16.56193,5.000002,59.91115499999978,0.5,0.5146909356117249,uniform,uniform,10,0.0,0.0,0.0,,
joint_pair,2345,in_distribution,35,13.160881,0.85,3,3,3,101.39269067960628,471.2236976623535,0.8050792157649994,0.13789709,221.47168,146,0.6984090000423748,28.160881,15.0,59.91115499999978,0.5,0.5146909356117249,uniform,uniform,10,0.0,0.0,0.0,,
joint_pair,2345,in_distribution,36,10.3570385,0.95,1,1,1,149.30992681729165,474.1538143157959,0.6983634620904923,0.40624717,429.296,146,0.6984090000423748,15.3570385,5.0,59.91115499999978,0.5,0.5146909356117249,uniform,uniform,10,0.0,0.0,0.0,,
joint_pair,2345,in_distribution,37,13.46913,0.85,3,3,3,73.93153688486885,475.8855628967285,0.7957284390926361,0.1779112,244.08704,146,0.6984090000423748,28.469131,15.000002,59.91115499999978,0.5,0.5146909356117249,uniform,uniform,10,0.0,0.0,0.0,,
joint_pair,2345,in_distribution,38,12.566308,0.90000004,2,1,1,134.95106240113577,441.6720199584961,0.8018767416477204,0.14362472,200.36914,146,0.6984090000423748,22.566303,9.999995,59.91115499999978,0.5,0.5146909356117249,uniform,uniform,10,0.0,0.0,0.0,,
joint_pair,2345,in_distribution,39,11.374499,0.8,4,4,4,102.1181310340762,421.853141784668,0.7236191034317017,0.2634976,338.6514,146,0.6984090000423748,31.374502,20.000004,59.91115499999978,0.5,0.5146909356117249,uniform,uniform,10,0.0,0.0,0.0,,
joint_pair,2345,in_distribution,40,11.811722,0.75,5,3,3,120.5623562335968,333.6961555480957,0.7115733623504639,0.25149202,361.77927,146,0.6984090000423748,36.811726,25.000004,59.91115499999978,0.5,0.5146909356117249,uniform,uniform,10,0.0,0.0,0.0,,
joint_pair,2345,in_distribution,41,13.483493,0.85,3,3,3,115.94267080811892,451.2186527252197,0.8633770436048508,0.100489,89.53481,146,0.6984090000423748,28.483492,14.999999,59.91115499999978,0.5,0.5146909356117249,uniform,uniform,10,0.0,0.0,0.0,,
joint_pair,2345,in_distribution,42,13.854486,0.8,4,2,2,118.05165722966194,466.7716884613037,0.8423346608877182,0.06871931,173.20306,146,0.6984090000423748,33.85449,20.000002,59.91115499999978,0.5,0.5146909356117249,uniform,uniform,10,0.0,0.0,0.0,,
joint_pair,2345,in_distribution,43,14.377211,0.7,6,4,4,130.4578856910978,441.5112590789795,0.8468177109956742,0.08069667,111.621376,146,0.6984090000423748,44.377216,30.000006,59.91115499999978,0.5,0.5146909356117249,uniform,uniform,10,0.0,0.0,0.0,,
joint_pair,2345,in_distribution,44,10.191961,0.8,4,3,3,99.23203982412817,395.571985244751,0.6615605354309082,0.24199225,457.8038,146,0.6984090000423748,30.19196,19.999998,59.91115499999978,0.5,0.5146909356117249,uniform,uniform,10,0.0,0.0,0.0,,
joint_pair,2345,in_distribution,45,11.189892,0.8,4,3,3,152.39355348050594,439.2619228363037,0.7412766605615616,0.13654606,312.01083,146,0.6984090000423748,31.189892,20.0,59.91115499999978,0.5,0.5146909356117249,uniform,uniform,10,0.0,0.0,0.0,,
joint_pair,2345,in_distribution,46,13.88497,0.8,4,3,3,112.03016828745604,470.0915336608887,0.840091758966446,0.23399532,153.11539,146,0.6984090000423748,33.884968,19.999998,59.91115499999978,0.5,0.5146909356117249,uniform,uniform,10,0.0,0.0,0.0,,
joint_pair,2345,in_distribution,47,13.567539,0.8,4,1,1,96.5544793009758,404.7901439666748,0.8030058145523071,0.057057053,186.22891,146,0.6984090000423748,33.567535,19.999996,59.91115499999978,0.5,0.5146909356117249,uniform,uniform,10,0.0,0.0,0.0,,
joint_pair,2345,in_distribution,48,10.006667,0.90000004,2,1,1,117.38238583008447,468.0444431304932,0.6540314048528671,0.3743174,508.3042,146,0.6984090000423748,20.006668,10.000001,59.91115499999978,0.5,0.5146909356117249,uniform,uniform,10,0.0,0.0,0.0,,
joint_pair,2345,in_distribution,49,7.689114,0.8,4,1,1,111.9724365323782,443.79435539245605,0.5692857891321182,0.39792323,646.7658,146,0.6984090000423748,27.689112,19.999998,59.91115499999978,0.5,0.5146909356117249,uniform,uniform,10,0.0,0.0,0.0,,
joint_pair,2345,in_distribution,50,10.774254,0.85,3,3,3,100.88523014503367,455.6056308746338,0.6932453602552414,0.15750785,420.57452,146,0.6984090000423748,25.774254,15.0,59.91115499999978,0.5,0.5146909356117249,uniform,uniform,10,0.0,0.0,0.0,,
joint_pair,2345,in_distribution,51,15.098304,0.8,4,2,2,139.85873848199844,477.7123832702637,0.9038928091526032,0.08846098,38.238407,146,0.6984090000423748,35.098305,20.0,59.91115499999978,0.5,0.5146909356117249,uniform,uniform,10,0.0,0.0,0.0,,
joint_pair,2345,in_distribution,52,14.186497,0.85,3,3,3,172.4196571111679,470.5599117279053,0.8705648958683014,0.10550913,98.12151,146,0.6984090000423748,29.18649,14.999992,59.91115499999978,0.5,0.5146909356117249,uniform,uniform,10,0.0,0.0,0.0,,
joint_pair,2345,in_distribution,53,10.594275,0.85,3,1,1,112.941554293913,474.17813301086426,0.7276226162910462,0.1689972,395.5724,146,0.6984090000423748,25.594276,15.000001,59.91115499999978,0.5,0.5146909356117249,uniform,uniform,10,0.0,0.0,0.0,,
joint_pair,2345,in_distribution,54,10.116979,0.75,5,3,3,88.35241174697876,454.87844467163086,0.6599124014377594,0.25121585,483.8466,146,0.6984090000423748,35.11698,25.000004,59.91115499999978,0.5,0.5146909356117249,uniform,uniform,10,0.0,0.0,0.0,,
joint_pair,2345,in_distribution,55,10.407099,0.90000004,2,1,1,115.77441128591695,446.6766929626465,0.7250249326229096,0.1584928,350.6288,146,0.6984090000423748,20.407099,10.0,59.91115499999978,0.5,0.5146909356117249,uniform,uniform,10,0.0,0.0,0.0,,
joint_pair,2345,in_distribution,56,15.655247,0.8,4,4,4,99.18987281620502,438.3959770202637,0.8943383038043976,0.019633608,17.266539,146,0.6984090000423748,35.655247,20.0,59.91115499999978,0.5,0.5146909356117249,uniform,uniform,10,0.0,0.0,0.0,,
joint_pair,2345,in_distribution,57,9.248926,0.90000004,2,1,1,84.58811740080516,461.9369316101074,0.6523081988096238,0.34000704,516.63245,146,0.6984090000423748,19.248924,9.999998,59.91115499999978,0.5,0.5146909356117249,uniform,uniform,10,0.0,0.0,0.0,,
joint_pair,2345,in_distribution,58,14.200342,0.85,3,2,2,114.91899769095814,452.0402526855469,0.8271809458732605,0.1529908,159.85298,146,0.6984090000423748,29.200342,15.0,59.91115499999978,0.5,0.5146909356117249,uniform,uniform,10,0.0,0.0,0.0,,
joint_pair,2345,in_distribution,59,11.798077,0.90000004,2,1,1,182.55067418018976,461.777229309082,0.7464972704648971,0.2362066,344.19226,146,0.6984090000423748,21.798077,10.0,59.91115499999978,0.5,0.5146909356117249,uniform,uniform,10,0.0,0.0,0.0,,
joint_pair,2345,in_distribution,60,10.745123,0.75,5,5,5,143.69882571697235,462.4960613250733,0.664523321390152,0.353558,494.38876,146,0.6984090000423748,35.745125,25.000002,59.91115499999978,0.5,0.5146909356117249,uniform,uniform,10,0.0,0.0,0.0,,
joint_pair,2345,in_distribution,61,13.919806,0.95,1,1,1,115.40501931780264,443.1196689605713,0.8653856009244919,0.047978204,77.57948,146,0.6984090000423748,18.919804,4.999998,59.91115499999978,0.5,0.5146909356117249,uniform,uniform,10,0.0,0.0,0.0,,
joint_pair,2345,in_distribution,62,10.224102,0.90000004,2,2,2,103.55569372574487,479.6112728118897,0.6898967802524567,0.24072301,495.58966,146,0.6984090000423748,20.224104,10.000002,59.91115499999978,0.5,0.5146909356117249,uniform,uniform,10,0.0,0.0,0.0,,
joint_pair,2345,in_distribution,63,11.181852,0.95,1,1,1,113.0973101368076,438.645658493042,0.740536966919899,0.19670932,312.81467,146,0.6984090000423748,16.18185,4.999998,59.91115499999978,0.5,0.5146909356117249,uniform,uniform,10,0.0,0.0,0.0,,
joint_pair,2345,in_distribution,64,15.456267,0.55,9,9,9,141.02000745860013,472.6720333099365,0.8230723530054093,0.13672051,188.37321,146,0.6984090000423748,60.45628,45.00001,59.91115499999978,0.5,0.5146909356117249,uniform,uniform,10,0.0,0.0,0.0,,
joint_pair,2345,in_distribution,65,9.405367,0.75,5,3,3,97.55988609790802,445.8022785186768,0.6190021127462387,0.3318987,553.3183,146,0.6984090000423748,34.405365,24.999998,59.91115499999978,0.5,0.5146909356117249,uniform,uniform,10,0.0,0.0,0.0,,
joint_pair,2345,in_distribution,66,9.264518,0.85,3,1,1,74.96760070323944,450.04039764404297,0.6115795016288758,0.43936458,571.80786,146,0.6984090000423748,24.264519,15.000001,59.91115499999978,0.5,0.5146909356117249,uniform,uniform,10,0.0,0.0,0.0,,
joint_pair,2345,in_distribution,67,10.916286,0.8,4,4,4,98.8329149968922,456.8660545349121,0.7002032339572907,0.21375853,408.47595,146,0.6984090000423748,30.916286,20.0,59.91115499999978,0.5,0.5146909356117249,uniform,uniform,10,0.0,0.0,0.0,,
joint_pair,2345,in_distribution,68,15.568245,0.90000004,2,1,1,165.17709771792093,448.4493827819824,0.8944504141807557,0.08900546,34.175537,146,0.6984090000423748,25.56825,10.000006,59.91115499999978,0.5,0.5146909356117249,uniform,uniform,10,0.0,0.0,0.0,,
joint_pair,2345,in_distribution,69,14.730237,0.75,5,5,5,120.31235378980637,459.6581268310547,0.8537864327430725,0.12094344,116.388275,146,0.6984090000423748,39.730236,25.0,59.91115499999978,0.5,0.5146909356117249,uniform,uniform,10,0.0,0.0,0.0,,
joint_pair,2345,in_distribution,70,12.973965,0.90000004,2,1,1,134.41258519887924,444.1833686828613,0.8301891118288041,0.09736379,152.60353,146,0.6984090000423748,22.973965,10.0,59.91115499999978,0.5,0.5146909356117249,uniform,uniform,10,0.0,0.0,0.0,,
joint_pair,2345,in_distribution,71,12.981562,0.65000004,7,7,7,110.94475631530467,468.2987308502197,0.7137785643339157,0.19465117,393.84393,146,0.6984090000423748,47.981556,34.999992,59.91115499999978,0.5,0.5146909356117249,uniform,uniform,10,0.0,0.0,0.0,,
joint_pair,2345,in_distribution,72,13.096812,0.90000004,2,1,1,97.9434629281362,468.500862121582,0.8198743492364884,0.1051098,204.3187,146,0.6984090000423748,23.096813,10.000001,59.91115499999978,0.5,0.5146909356117249,uniform,uniform,10,0.0,0.0,0.0,,
joint_pair,2345,in_distribution,73,12.483656,0.75,5,5,5,117.50351232290268,379.01535987854,0.7257112860679626,0.18275675,334.63434,146,0.6984090000423748,37.48366,25.000006,59.91115499999978,0.5,0.5146909356117249,uniform,uniform,10,0.0,0.0,0.0,,
joint_pair,2345,in_distribution,74,10.28097,0.8,4,3,3,96.20147958397864,445.81581115722656,0.6534333467483521,0.26034322,487.2237,146,0.6984090000423748,30.280964,19.999994,59.91115499999978,0.5,0.5146909356117249,uniform,uniform,10,0.0,0.0,0.0,,
joint_pair,2345,in_distribution,75,13.020101,0.75,5,4,4,161.2611973285675,449.0728569030762,0.7823173224925994,0.10002024,263.61252,146,0.6984090000423748,38.0201,25.0,59.91115499999978,0.5,0.5146909356117249,uniform,uniform,10,0.0,0.0,0.0,,
joint_pair,2345,in_distribution,76,13.889808,0.85,3,2,2,139.53621036866133,423.6644840240479,0.8296921253204346,0.019493157,134.99126,146,0.6984090000423748,28.889803,14.999995,59.91115499999978,0.5,0.5146909356117249,uniform,uniform,10,0.0,0.0,0.0,,
joint_pair,2345,in_distribution,77,12.072346,0.85,3,1,1,117.32125482138466,459.0607452392578,0.7720984548330307,0.17017812,280.3463,146,0.6984090000423748,27.072344,14.999998,59.91115499999978,0.5,0.5146909356117249,uniform,uniform,10,0.0,0.0,0.0,,
joint_pair,2345,in_distribution,78,13.0814085,0.90000004,2,1,1,139.80370620886484,395.64599990844727,0.8348934650421143,0.21244457,125.0046,146,0.6984090000423748,23.081413,10.000005,59.91115499999978,0.5,0.5146909356117249,uniform,uniform,10,0.0,0.0,0.0,,
joint_pair,2345,in_distribution,79,12.982183,0.85,3,2,2,123.97566497325896,434.487361907959,0.7939820468425751,0.09020484,206.45653,146,0.6984090000423748,27.982185,15.000002,59.91115499999978,0.5,0.5146909356117249,uniform,uniform,10,0.0,0.0,0.0,,
joint_pair,2345,in_distribution,80,12.402163,0.65000004,7,5,5,123.99372696876526,403.68189811706543,0.7243589162826538,0.08614748,337.23096,146,0.6984090000423748,47.40216,35.0,59.91115499999978,0.5,0.5146909356117249,uniform,uniform,10,0.0,0.0,0.0,,
joint_pair,2345,in_distribution,81,14.894605,0.75,5,4,4,112.26818680763245,436.6805076599121,0.8412494003772736,0.04685362,117.481766,146,0.6984090000423748,39.89461,25.000008,59.91115499999978,0.5,0.5146909356117249,uniform,uniform,10,0.0,0.0,0.0,,
joint_pair,2345,in_distribution,82,11.488949,1.0,0,0,0,135.03024396300316,412.020263671875,0.7736186385154724,0.09954793,242.65225,146,0.6984090000423748,11.488951,1.9073486e-06,59.91115499999978,0.5,0.5146909356117249,uniform,uniform,10,0.0,0.0,0.0,,
joint_pair,2345,in_distribution,83,11.662058,0.8,4,4,4,106.87770623713732,383.93391609191895,0.7464614510536194,0.08806447,294.7941,146,0.6984090000423748,31.662056,19.999998,59.91115499999978,0.5,0.5146909356117249,uniform,uniform,10,0.0,0.0,0.0,,
joint_pair,2345,in_distribution,84,10.817805,0.8,4,4,4,110.33677163533866,415.7480049133301,0.7084312438964844,0.22069912,367.81204,146,0.6984090000423748,30.817806,20.0,59.91115499999978,0.5,0.5146909356117249,uniform,uniform,10,0.0,0.0,0.0,,
joint_pair,2345,in_distribution,85,14.595258,0.8,4,3,3,157.595458868891,475.6809997558594,0.8925844758749009,0.06740279,80.47426,146,0.6984090000423748,34.59526,20.000004,59.91115499999978,0.5,0.5146909356117249,uniform,uniform,10,0.0,0.0,0.0,,
joint_pair,2345,in_distribution,86,13.929712,0.8,4,2,2,139.52065452933311,438.0719375610352,0.8156432151794434,0.111192174,168.03714,146,0.6984090000423748,33.92971,19.999998,59.91115499999978,0.5,0.5146909356117249,uniform,uniform,10,0.0,0.0,0.0,,
joint_pair,2345,in_distribution,87,14.374023,0.8,4,4,4,84.06696838326752,407.1574401855469,0.8404351472854614,0.034330778,114.36452,146,0.6984090000423748,34.374023,20.0,59.91115499999978,0.5,0.5146909356117249,uniform,uniform,10,0.0,0.0,0.0,,
joint_pair,2345,in_distribution,88,14.917607,0.7,6,5,5,82.55950633968625,389.445219039917,0.7973325252532959,0.07691872,197.12169,146,0.6984090000423748,44.91761,30.000004,59.91115499999978,0.5,0.5146909356117249,uniform,uniform,10,0.0,0.0,0.0,,
joint_pair,2345,in_distribution,89,9.418348,0.90000004,2,1,1,73.36506898204486,458.56950759887695,0.6705231606960297,0.169706,467.1651,146,0.6984090000423748,19.418346,9.999998,59.91115499999978,0.5,0.5146909356117249,uniform,uniform,10,0.0,0.0,0.0,,
joint_pair,2345,in_distribution,90,12.643053,0.7,6,5,5,184.07990276813507,474.1006278991699,0.7742450267076493,0.3361565,292.99423,146,0.6984090000423748,42.64305,29.999998,59.91115499999978,0.5,0.5146909356117249,uniform,uniform,10,0.0,0.0,0.0,,
joint_pair,2345,in_distribution,91,12.437628,0.95,1,0,0,127.68598997279216,466.0981750488281,0.8551359415054322,0.14019665,120.23727,146,0.6984090000423748,17.437628,5.0,59.91115499999978,0.5,0.5146909356117249,uniform,uniform,10,0.0,0.0,0.0,,
joint_pair,2345,in_distribution,92,13.097139,0.90000004,2,1,1,159.12424743175507,452.5107479095459,0.7967382997274399,0.12822518,235.28616,146,0.6984090000423748,23.097134,9.999994,59.91115499999978,0.5,0.5146909356117249,uniform,uniform,10,0.0,0.0,0.0,,
joint_pair,2345,in_distribution,93,9.658237,0.8,4,3,3,107.905268445611,457.3861885070801,0.6246341407299042,0.09464339,554.08875,146,0.6984090000423748,29.658243,20.000006,59.91115499999978,0.5,0.5146909356117249,uniform,uniform,10,0.0,0.0,0.0,,
joint_pair,2345,in_distribution,94,11.59918,0.85,3,2,2,85.80611010684686,443.8772392272949,0.7309430181980133,0.06571186,336.46674,146,0.6984090000423748,26.59918,15.0,59.91115499999978,0.5,0.5146909356117249,uniform,uniform,10,0.0,0.0,0.0,,
joint_pair,2345,in_distribution,95,12.000015,0.75,5,3,3,113.71519374847412,466.4050769805908,0.7679201453924179,0.16486855,287.99844,146,0.6984090000423748,37.000015,25.0,59.91115499999978,0.5,0.5146909356117249,uniform,uniform,10,0.0,0.0,0.0,,
joint_pair,2345,in_distribution,96,15.496225,0.75,5,4,4,179.48987126350403,389.26923751831055,0.8684666156768799,0.0754967,60.5442,146,0.6984090000423748,40.49623,25.000006,59.91115499999978,0.5,0.5146909356117249,uniform,uniform,10,0.0,0.0,0.0,,
joint_pair,2345,in_distribution,97,11.405252,0.8,4,2,2,121.87532007694244,397.0418643951416,0.668502688407898,0.3373364,444.47485,146,0.6984090000423748,31.405254,20.000002,59.91115499999978,0.5,0.5146909356117249,uniform,uniform,10,0.0,0.0,0.0,,
joint_pair,2345,in_distribution,98,12.671169,0.90000004,2,1,1,100.78848818937938,403.1026554107666,0.8381737470626831,0.10214257,118.70656,146,0.6984090000423748,22.671167,9.999998,59.91115499999978,0.5,0.5146909356117249,uniform,uniform,10,0.0,0.0,0.0,,
joint_pair,2345,in_distribution,99,15.5275755,0.8,4,3,3,129.6680746972561,436.5081596374512,0.8723991453647614,0.06837493,57.5019,146,0.6984090000423748,35.527584,20.000008,59.91115499999978,0.5,0.5146909356117249,uniform,uniform,10,0.0,0.0,0.0,,
joint_pair,3456,in_distribution,0,14.151345,0.75,5,4,4,129.2597906589508,427.7859592437744,0.7980753183364868,0.13016884,195.69554,154,0.6997910000791308,39.151352,25.000008,60.25710400000207,0.5,0.5146909356117249,uniform,uniform,10,0.0,0.0,0.0,,
joint_pair,3456,in_distribution,1,10.126338,0.8,4,3,3,134.37716614454985,453.215389251709,0.6608590424060822,0.3062366,480.36615,154,0.6997910000791308,30.126337,20.0,60.25710400000207,0.5,0.5146909356117249,uniform,uniform,10,0.0,0.0,0.0,,
joint_pair,3456,in_distribution,2,13.915674,0.85,3,3,3,128.92807055922117,468.330430984497,0.8411441922187806,0.1055422,150.84207,154,0.6997910000791308,28.915678,15.000004,60.25710400000207,0.5,0.5146909356117249,uniform,uniform,10,0.0,0.0,0.0,,
joint_pair,3456,in_distribution,3,12.350299,0.75,5,4,4,129.4250305891037,465.7226657867432,0.7628971427679062,0.20499513,296.9602,154,0.6997910000791308,37.3503,25.0,60.25710400000207,0.5,0.5146909356117249,uniform,uniform,10,0.0,0.0,0.0,,
joint_pair,3456,in_distribution,4,12.981503,0.90000004,2,2,2,127.37574378649394,394.975061416626,0.7660070657730103,0.11178888,257.2665,154,0.6997910000791308,22.981503,10.0,60.25710400000207,0.5,0.5146909356117249,uniform,uniform,10,0.0,0.0,0.0,,
joint_pair,3456,in_distribution,5,14.500002,0.8,4,4,4,194.18281450867653,478.4714126586914,0.8704811453819274,0.13369349,143.99997,154,0.6997910000791308,34.500008,20.000006,60.25710400000207,0.5,0.5146909356117249,uniform,uniform,10,0.0,0.0,0.0,,
joint_pair,3456,in_distribution,6,13.466043,0.85,3,3,3,136.116044661578,472.8422355651856,0.8060164391994477,0.16929592,221.29077,154,0.6997910000791308,28.46605,15.000006,60.25710400000207,0.5,0.5146909356117249,uniform,uniform,10,0.0,0.0,0.0,,
joint_pair,3456,in_distribution,7,12.620432,0.8,4,1,1,175.09662598371506,433.6931133270264,0.7846744447946549,0.0933668,223.11832,154,0.6997910000791308,32.62043,19.999998,60.25710400000207,0.5,0.5146909356117249,uniform,uniform,10,0.0,0.0,0.0,,
joint_pair,3456,in_distribution,8,11.224588,0.75,5,4,4,181.40112733840945,460.5290794372559,0.7130145967006684,0.20576252,387.54114,154,0.6997910000791308,36.22459,25.000002,60.25710400000207,0.5,0.5146909356117249,uniform,uniform,10,0.0,0.0,0.0,,
joint_pair,3456,in_distribution,9,10.574867,0.85,3,1,1,105.81788157715516,439.59574699401855,0.6901470810174942,0.17705452,410.51324,154,0.6997910000791308,25.574867,15.0,60.25710400000207,0.5,0.5146909356117249,uniform,uniform,10,0.0,0.0,0.0,,
joint_pair,3456,in_distribution,10,11.521091,0.7,6,4,4,241.16136661597665,479.83531951904297,0.7061632752418519,0.38289347,449.89078,154,0.6997910000791308,41.52109,30.0,60.25710400000207,0.5,0.5146909356117249,uniform,uniform,10,0.0,0.0,0.0,,
joint_pair,3456,in_distribution,11,15.25506,0.85,3,3,3,107.39034238983604,433.9180755615234,0.880750858783722,0.096235104,38.876564,154,0.6997910000791308,30.255056,14.999996,60.25710400000207,0.5,0.5146909356117249,uniform,uniform,10,0.0,0.0,0.0,,
joint_pair,3456,in_distribution,12,10.679543,0.75,5,5,5,149.09148287773132,478.2337188720703,0.6380776137113571,0.32589296,553.04584,154,0.6997910000791308,35.679543,25.0,60.25710400000207,0.5,0.5146909356117249,uniform,uniform,10,0.0,0.0,0.0,,
joint_pair,3456,in_distribution,13,11.845566,0.65000004,7,7,7,141.0706819020785,400.784969329834,0.675000011920929,0.18080305,432.00006,154,0.6997910000791308,46.845566,35.0,60.25710400000207,0.5,0.5146909356117249,uniform,uniform,10,0.0,0.0,0.0,,
joint_pair,3456,in_distribution,14,8.271637,0.8,4,3,3,121.39225758612156,404.0577793121338,0.5802459716796875,0.5941915,613.9278,154,0.6997910000791308,28.271635,19.999998,60.25710400000207,0.5,0.5146909356117249,uniform,uniform,10,0.0,0.0,0.0,,
joint_pair,3456,in_distribution,15,12.767287,0.75,5,3,3,169.58944177627563,474.4854068756104,0.8055570393800735,0.22236906,249.32848,154,0.6997910000791308,37.76729,25.0,60.25710400000207,0.5,0.5146909356117249,uniform,uniform,10,0.0,0.0,0.0,,
joint_pair,3456,in_distribution,16,7.7281284,0.95,1,1,1,169.3083429336548,463.0506420135498,0.6196163088083267,0.25821194,569.38745,154,0.6997910000791308,12.728128,5.0,60.25710400000207,0.5,0.5146909356117249,uniform,uniform,10,0.0,0.0,0.0,,
joint_pair,3456,in_distribution,17,10.852824,0.95,1,1,1,146.07078011098662,467.8084087371826,0.7368290156126023,0.17610423,350.69086,154,0.6997910000791308,15.852827,5.000003,60.25710400000207,0.5,0.5146909356117249,uniform,uniform,10,0.0,0.0,0.0,,
joint_pair,3456,in_distribution,18,13.994453,0.90000004,2,1,1,97.3908206820488,434.7912883758545,0.8720980674028397,0.07177981,56.36319,154,0.6997910000791308,23.994452,9.999998,60.25710400000207,0.5,0.5146909356117249,uniform,uniform,10,0.0,0.0,0.0,,
joint_pair,3456,in_distribution,19,16.920322,0.7,6,6,6,135.75858567442214,461.6234493255615,0.929962980747223,0.0692767,0.0,154,0.6997910000791308,46.920322,30.0,60.25710400000207,0.5,0.5146909356117249,uniform,uniform,10,0.0,0.0,0.0,,
joint_pair,3456,in_distribution,20,9.872192,0.85,3,2,2,114.53417848138248,408.1173706054688,0.675635039806366,0.2785889,430.7807,154,0.6997910000791308,24.872196,15.000004,60.25710400000207,0.5,0.5146909356117249,uniform,uniform,10,0.0,0.0,0.0,,
joint_pair,3456,in_distribution,21,12.129146,0.95,1,0,0,146.61109808244203,474.4649505615234,0.7754487127065659,0.19035153,317.07294,154,0.6997910000791308,17.129145,4.999999,60.25710400000207,0.5,0.5146909356117249,uniform,uniform,10,0.0,0.0,0.0,,
joint_pair,3456,in_distribution,22,11.372765,0.7,6,5,5,158.60016614198685,398.77753257751465,0.6691867113113403,0.4205809,443.16165,154,0.6997910000791308,41.372765,30.0,60.25710400000207,0.5,0.5146909356117249,uniform,uniform,10,0.0,0.0,0.0,,
joint_pair,3456,in_distribution,23,9.730345,0.90000004,2,1,1,129.58944439888,468.3315753936768,0.6632502347230911,0.3210621,501.9655,154,0.6997910000791308,19.730347,10.000002,60.25710400000207,0.5,0.5146909356117249,uniform,uniform,10,0.0,0.0,0.0,,
joint_pair,3456,in_distribution,24,14.69518,0.7,6,5,5,171.16202218191964,455.29518127441406,0.8212545245885849,0.07981197,186.48204,154,0.6997910000791308,44.695175,29.999996,60.25710400000207,0.5,0.5146909356117249,uniform,uniform,10,0.0,0.0,0.0,,
joint_pair,3456,in_distribution,25,13.377453,0.90000004,2,2,2,156.82997902234396,471.3809394836426,0.8095838963985443,0.15313013,212.9799,154,0.6997910000791308,23.37745,9.999998,60.25710400000207,0.5,0.5146909356117249,uniform,uniform,10,0.0,0.0,0.0,,
joint_pair,3456,in_distribution,26,13.992973,0.8,4,4,4,110.46657726634294,364.0719223022461,0.7995222806930542,0.101333074,192.91734,154,0.6997910000791308,33.992973,20.0,60.25710400000207,0.5,0.5146909356117249,uniform,uniform,10,0.0,0.0,0.0,,
joint_pair,3456,in_distribution,27,13.549251,0.85,3,3,3,120.68953030249652,474.57275390625,0.8000121891498566,0.13447009,242.02403,154,0.6997910000791308,28.549252,15.000001,60.25710400000207,0.5,0.5146909356117249,uniform,uniform,10,0.0,0.0,0.0,,
joint_pair,3456,in_distribution,28,12.328191,0.7,6,4,4,134.6464876617704,476.55235290527344,0.72855803668499,0.12211122,382.45755,154,0.6997910000791308,42.328194,30.000004,60.25710400000207,0.5,0.5146909356117249,uniform,uniform,10,0.0,0.0,0.0,,
joint_pair,3456,in_distribution,29,8.099561,0.90000004,2,1,1,143.12895119190216,475.7840251922608,0.5908762246370316,0.61298186,669.04395,154,0.6997910000791308,18.09956,9.999999,60.25710400000207,0.5,0.5146909356117249,uniform,uniform,10,0.0,0.0,0.0,,
joint_pair,3456,in_distribution,30,15.16,0.90000004,2,2,2,150.60698260863623,472.83453941345215,0.9212680846452712,0.12693734,5.722046e-06,154,0.6997910000791308,25.160004,10.000004,60.25710400000207,0.5,0.5146909356117249,uniform,uniform,10,0.0,0.0,0.0,,
joint_pair,3456,in_distribution,31,12.476131,0.7,6,3,3,142.67609775066376,478.93378257751465,0.7428490996360779,0.13659413,366.49454,154,0.6997910000791308,42.476124,29.999992,60.25710400000207,0.5,0.5146909356117249,uniform,uniform,10,0.0,0.0,0.0,,
joint_pair,3456,in_distribution,32,14.781317,0.75,5,5,5,147.02309942245483,440.4987144470215,0.8099206030368805,0.23769355,181.45131,154,0.6997910000791308,39.781315,24.999998,60.25710400000207,0.5,0.5146909356117249,uniform,uniform,10,0.0,0.0,0.0,,
joint_pair,3456,in_distribution,33,8.930856,0.90000004,2,0,0,145.51607956488928,453.949556350708,0.651723000407219,0.32926977,513.4042,154,0.6997910000791308,18.930855,9.999999,60.25710400000207,0.5,0.5146909356117249,uniform,uniform,10,0.0,0.0,0.0,,
joint_pair,3456,in_distribution,34,12.431491,0.7,6,5,5,97.80127823352814,416.7587184906006,0.7387834787368774,0.090310715,309.5358,154,0.6997910000791308,42.431488,29.999996,60.25710400000207,0.5,0.5146909356117249,uniform,uniform,10,0.0,0.0,0.0,,
joint_pair,3456,in_distribution,35,12.084342,0.75,5,5,5,118.34554195404051,477.0080280303955,0.7232431858778,0.16058971,384.3812,154,0.6997910000791308,37.084347,25.000004,60.25710400000207,0.5,0.5146909356117249,uniform,uniform,10,0.0,0.0,0.0,,
joint_pair,3456,in_distribution,36,12.412809,0.90000004,2,2,2,99.94625965754192,365.4931640625,0.7496255040168762,0.15393329,288.71912,154,0.6997910000791308,22.412807,9.999998,60.25710400000207,0.5,0.5146909356117249,uniform,uniform,10,0.0,0.0,0.0,,
joint_pair,3456,in_distribution,37,10.348337,0.75,5,5,5,150.00789952278137,429.6258544921875,0.6264759302139282,0.40525302,525.16626,154,0.6997910000791308,35.348335,24.999998,60.25710400000207,0.5,0.5146909356117249,uniform,uniform,10,0.0,0.0,0.0,,
joint_pair,3456,in_distribution,38,12.380761,0.90000004,2,1,1,116.71241203943887,478.1011962890625,0.7963268727064132,0.2676211,275.924,154,0.6997910000791308,22.380758,9.999997,60.25710400000207,0.5,0.5146909356117249,uniform,uniform,10,0.0,0.0,0.0,,
joint_pair,3456,in_distribution,39,12.52809,0.75,5,5,5,156.44889163970947,467.0426845550537,0.7432514220476151,0.20393671,335.99997,154,0.6997910000791308,37.52809,25.000002,60.25710400000207,0.5,0.5146909356117249,uniform,uniform,10,0.0,0.0,0.0,,
joint_pair,3456,in_distribution,40,6.119601,0.8,4,2,2,145.355771407485,409.5706844329834,0.4484420716762543,0.9341262,866.99146,154,0.6997910000791308,26.119598,19.999998,60.25710400000207,0.5,0.5146909356117249,uniform,uniform,10,0.0,0.0,0.0,,
joint_pair,3456,in_distribution,41,15.477384,0.7,6,6,6,162.97396506581987,474.5591354370117,0.9064463406801224,0.112112366,48.261604,154,0.6997910000791308,45.477386,30.000004,60.25710400000207,0.5,0.5146909356117249,uniform,uniform,10,0.0,0.0,0.0,,
joint_pair,3456,in_distribution,42,12.749971,0.65000004,7,5,5,130.56802071057834,451.3258266448975,0.7164807707071305,0.27856207,371.6828,154,0.6997910000791308,47.74997,35.0,60.25710400000207,0.5,0.5146909356117249,uniform,uniform,10,0.0,0.0,0.0,,
joint_pair,3456,in_distribution,43,10.295914,0.75,5,3,3,97.69626688957214,473.0206775665283,0.6366637527942658,0.17979975,556.4086,154,0.6997910000791308,35.295914,25.0,60.25710400000207,0.5,0.5146909356117249,uniform,uniform,10,0.0,0.0,0.0,,
joint_pair,3456,in_distribution,44,10.219408,0.90000004,2,1,1,146.70790791511536,463.1485748291016,0.6761415779590607,0.33956122,461.23886,154,0.6997910000791308,20.219412,10.000004,60.25710400000207,0.5,0.5146909356117249,uniform,uniform,10,0.0,0.0,0.0,,
joint_pair,3456,in_distribution,45,8.42757,0.75,5,4,4,145.45631432533264,381.2091064453125,0.5717520713806152,0.4585146,630.2361,154,0.6997910000791308,33.42757,25.0,60.25710400000207,0.5,0.5146909356117249,uniform,uniform,10,0.0,0.0,0.0,,
joint_pair,3456,in_distribution,46,14.419259,0.75,5,4,4,208.50075125694275,457.7335739135742,0.8191234111785889,0.048585474,181.01677,154,0.6997910000791308,39.419266,25.000008,60.25710400000207,0.5,0.5146909356117249,uniform,uniform,10,0.0,0.0,0.0,,
joint_pair,3456,in_distribution,47,11.740652,0.8,4,1,1,155.02912424504757,474.9740409851074,0.7555342346429825,0.41810516,346.93463,154,0.6997910000791308,31.74065,19.999998,60.25710400000207,0.5,0.5146909356117249,uniform,uniform,10,0.0,0.0,0.0,,
joint_pair,3456,in_distribution,48,8.689005,0.90000004,2,1,1,149.0728267033895,421.9257545471192,0.5896933674812317,0.49388734,595.7889,154,0.6997910000791308,18.689003,9.999998,60.25710400000207,0.5,0.5146909356117249,uniform,uniform,10,0.0,0.0,0.0,,
joint_pair,3456,in_distribution,49,8.636162,0.8,4,1,1,124.00656044483183,443.79435539245605,0.5871576458215714,0.52620095,612.4517,154,0.6997910000791308,28.636162,20.0,60.25710400000207,0.5,0.5146909356117249,uniform,uniform,10,0.0,0.0,0.0,,
joint_pair,3456,in_distribution,50,10.042282,0.65000004,7,7,7,125.4701543542055,426.6196346282959,0.5779548287391663,0.5626488,618.32684,154,0.6997910000791308,45.042282,35.0,60.25710400000207,0.5,0.5146909356117249,uniform,uniform,10,0.0,0.0,0.0,,
joint_pair,3456,in_distribution,51,14.161404,0.6,8,6,6,173.55593517422676,473.899040222168,0.7958696216344834,0.16620144,261.85968,154,0.6997910000791308,54.161404,40.0,60.25710400000207,0.5,0.5146909356117249,uniform,uniform,10,0.0,0.0,0.0,,
joint_pair,3456,in_distribution,52,13.967359,1.0,0,0,0,152.50319758057594,443.1158638000488,0.9008127868175506,0.056758653,21.98965,154,0.6997910000791308,13.967356,-2.861023e-06,60.25710400000207,0.5,0.5146909356117249,uniform,uniform,10,0.0,0.0,0.0,,
joint_pair,3456,in_distribution,53,9.067051,0.75,5,3,3,154.28273606300354,439.5940589904785,0.6017401158809662,0.39290717,580.2532,154,0.6997910000791308,34.067047,24.999996,60.25710400000207,0.5,0.5146909356117249,uniform,uniform,10,0.0,0.0,0.0,,
joint_pair,3456,in_distribution,54,10.643988,0.7,6,4,4,127.7776745387486,471.1604976654053,0.6877913266420365,0.37790266,446.60123,154,0.6997910000791308,40.643986,29.999998,60.25710400000207,0.5,0.5146909356117249,uniform,uniform,10,0.0,0.0,0.0,,
joint_pair,3456,in_distribution,55,10.922553,0.90000004,2,1,1,123.50971393287182,411.93700790405273,0.7438830137252808,0.17135775,299.74463,154,0.6997910000791308,20.92255,9.999997,60.25710400000207,0.5,0.5146909356117249,uniform,uniform,10,0.0,0.0,0.0,,
joint_pair,3456,in_distribution,56,15.311392,0.75,5,5,5,165.87814211845398,464.382848739624,0.9002222895622254,0.0923431,32.051647,154,0.6997910000791308,40.311394,25.000002,60.25710400000207,0.5,0.5146909356117249,uniform,uniform,10,0.0,0.0,0.0,,
joint_pair,3456,in_distribution,57,13.396364,0.75,5,4,4,132.25462913513184,479.4475936889648,0.788281974196434,0.24873675,303.70065,154,0.6997910000791308,38.396362,24.999998,60.25710400000207,0.5,0.5146909356117249,uniform,uniform,10,0.0,0.0,0.0,,
joint_pair,3456,in_distribution,58,16.03,0.8,4,3,3,219.29688088595867,475.2667236328125,0.951711055636406,0.021053787,0.0,154,0.6997910000791308,36.03,19.999998,60.25710400000207,0.5,0.5146909356117249,uniform,uniform,10,0.0,0.0,0.0,,
joint_pair,3456,in_distribution,59,12.889772,0.75,5,4,4,211.6346014738083,446.96422576904297,0.757793927192688,0.08986899,288.0,154,0.6997910000791308,37.889767,24.999994,60.25710400000207,0.5,0.5146909356117249,uniform,uniform,10,0.0,0.0,0.0,,
joint_pair,3456,in_distribution,60,10.546501,0.75,5,5,5,87.02294611930847,452.523193359375,0.6401945590972901,0.16943641,519.34973,154,0.6997910000791308,35.546497,24.999996,60.25710400000207,0.5,0.5146909356117249,uniform,uniform,10,0.0,0.0,0.0,,
joint_pair,3456,in_distribution,61,12.589643,1.0,0,0,0,122.89434568583964,437.6944828033447,0.853265592455864,0.09451879,95.42468,154,0.6997910000791308,12.589642,-9.536743e-07,60.25710400000207,0.5,0.5146909356117249,uniform,uniform,10,0.0,0.0,0.0,,
joint_pair,3456,in_distribution,62,10.667664,0.85,3,3,3,141.34769434438033,479.6112728118897,0.6923715591430664,0.25054255,503.1809,154,0.6997910000791308,25.66766,14.999996,60.25710400000207,0.5,0.5146909356117249,uniform,uniform,10,0.0,0.0,0.0,,
joint_pair,3456,in_distribution,63,14.440945,0.85,3,3,3,203.49246487897983,444.71946716308594,0.8566248059272766,0.11762438,96.00001,154,0.6997910000791308,29.440948,15.000004,60.25710400000207,0.5,0.5146909356117249,uniform,uniform,10,0.0,0.0,0.0,,
joint_pair,3456,in_distribution,64,9.389568,0.85,3,3,3,122.06919834894292,473.13268661499023,0.6021236807107926,0.4431697,628.2365,154,0.6997910000791308,24.389568,15.0,60.25710400000207,0.5,0.5146909356117249,uniform,uniform,10,0.0,0.0,0.0,,
joint_pair,3456,in_distribution,65,7.266507,0.75,5,3,3,119.28154894709589,423.1075286865234,0.5242972373962402,0.60400367,721.3494,154,0.6997910000791308,32.266502,24.999996,60.25710400000207,0.5,0.5146909356117249,uniform,uniform,10,0.0,0.0,0.0,,
joint_pair,3456,in_distribution,66,8.935226,0.85,3,1,1,98.51999265306137,450.04039764404297,0.610203230381012,0.27902892,574.45026,154,0.6997910000791308,23.935226,15.0,60.25710400000207,0.5,0.5146909356117249,uniform,uniform,10,0.0,0.0,0.0,,
joint_pair,3456,in_distribution,67,12.409342,0.85,3,3,3,157.75474353748209,460.5092525482178,0.765362897515297,0.26557562,287.01263,154,0.6997910000791308,27.409342,15.0,60.25710400000207,0.5,0.5146909356117249,uniform,uniform,10,0.0,0.0,0.0,,
joint_pair,3456,in_distribution,68,15.206862,0.90000004,2,1,1,180.31865964333213,479.0611267089844,0.9153210997581482,0.102666765,32.580517,154,0.6997910000791308,25.20686,9.999997,60.25710400000207,0.5,0.5146909356117249,uniform,uniform,10,0.0,0.0,0.0,,
joint_pair,3456,in_distribution,69,10.368151,0.85,3,3,3,107.47519759570852,394.4307231903076,0.6731799840927124,0.1711064,435.49442,154,0.6997910000791308,25.368153,15.000002,60.25710400000207,0.5,0.5146909356117249,uniform,uniform,10,0.0,0.0,0.0,,
joint_pair,3456,in_distribution,70,12.0135145,0.85,3,2,2,122.82053805449428,434.95802879333496,0.74651018679142,0.26057592,297.65854,154,0.6997910000791308,27.013517,15.000003,60.25710400000207,0.5,0.5146909356117249,uniform,uniform,10,0.0,0.0,0.0,,
joint_pair,3456,in_distribution,71,12.130807,0.75,5,5,5,102.98364561796188,419.1198921203613,0.6756725311279297,0.21130812,430.70883,154,0.6997910000791308,37.130806,25.0,60.25710400000207,0.5,0.5146909356117249,uniform,uniform,10,0.0,0.0,0.0,,
joint_pair,3456,in_distribution,72,14.551643,0.6,8,7,7,120.85598468780518,431.8700122833252,0.8195840120315552,0.11458709,154.39879,154,0.6997910000791308,54.55164,39.999996,60.25710400000207,0.5,0.5146909356117249,uniform,uniform,10,0.0,0.0,0.0,,
joint_pair,3456,in_distribution,73,10.324287,0.75,5,5,5,113.73671025037766,436.90958976745605,0.6439262419939041,0.23748033,496.57132,154,0.6997910000791308,35.32429,25.000004,60.25710400000207,0.5,0.5146909356117249,uniform,uniform,10,0.0,0.0,0.0,,
joint_pair,3456,in_distribution,74,10.6336155,0.8,4,3,3,94.41034622490406,454.5834732055664,0.6669591099023819,0.3208972,482.63855,154,0.6997910000791308,30.633612,19.999996,60.25710400000207,0.5,0.5146909356117249,uniform,uniform,10,0.0,0.0,0.0,,
joint_pair,3456,in_distribution,75,13.4873085,0.7,6,5,5,154.86193886825018,375.0007152557373,0.7615081071853638,0.12703985,265.9045,154,0.6997910000791308,43.48731,30.0,60.25710400000207,0.5,0.5146909356117249,uniform,uniform,10,0.0,0.0,0.0,,
joint_pair,3456,in_distribution,76,13.200895,0.55,9,8,8,172.63379183682528,428.26666831970215,0.7302311658859253,0.32417893,325.95633,154,0.6997910000791308,58.20089,44.999992,60.25710400000207,0.5,0.5146909356117249,uniform,uniform,10,0.0,0.0,0.0,,
joint_pair,3456,in_distribution,77,10.1050205,0.65000004,7,5,5,144.86446311840643,404.5795154571533,0.5950531959533691,0.44085452,585.498,154,0.6997910000791308,45.10502,35.0,60.25710400000207,0.5,0.5146909356117249,uniform,uniform,10,0.0,0.0,0.0,,
joint_pair,3456,in_distribution,78,12.559226,0.85,3,2,2,88.53423132835066,414.8601722717285,0.7617102265357971,0.17477652,265.51642,154,0.6997910000791308,27.559223,14.999997,60.25710400000207,0.5,0.5146909356117249,uniform,uniform,10,0.0,0.0,0.0,,
joint_pair,3456,in_distribution,79,13.283737,0.65000004,7,6,6,165.06472651775067,439.8208236694336,0.7411768406629562,0.20944887,318.08264,154,0.6997910000791308,48.283737,35.0,60.25710400000207,0.5,0.5146909356117249,uniform,uniform,10,0.0,0.0,0.0,,
joint_pair,3456,in_distribution,80,14.481676,0.6,8,6,6,159.02734607458115,468.7038230895996,0.833050537109375,0.12681247,191.99998,154,0.6997910000791308,54.48168,40.000008,60.25710400000207,0.5,0.5146909356117249,uniform,uniform,10,0.0,0.0,0.0,,
joint_pair,3456,in_distribution,81,12.84,0.90000004,2,1,1,172.41926630338034,448.3271026611328,0.7919703155755997,0.2609859,240.0,154,0.6997910000791308,22.840004,10.000004,60.25710400000207,0.5,0.5146909356117249,uniform,uniform,10,0.0,0.0,0.0,,
joint_pair,3456,in_distribution,82,13.698861,0.90000004,2,2,2,152.07919230063757,474.28210258483887,0.8503165423870087,0.12188736,161.11372,154,0.6997910000791308,23.698862,10.000001,60.25710400000207,0.5,0.5146909356117249,uniform,uniform,10,0.0,0.0,0.0,,
joint_pair,3456,in_distribution,83,14.1399555,0.85,3,3,3,159.9275388437159,383.93391609191895,0.8587638139724731,0.1335689,79.17364,154,0.6997910000791308,29.13996,15.000004,60.25710400000207,0.5,0.5146909356117249,uniform,uniform,10,0.0,0.0,0.0,,
joint_pair,3456,in_distribution,84,10.540695,0.8,4,4,4,157.1832136809826,479.6639728546143,0.6894445508718491,0.2673614,451.93054,154,0.6997910000791308,30.540699,20.000004,60.25710400000207,0.5,0.5146909356117249,uniform,uniform,10,0.0,0.0,0.0,,
joint_pair,3456,in_distribution,85,10.309962,0.7,6,5,5,111.79337631378856,467.6377773284912,0.6571675926446915,0.37319103,501.87613,154,0.6997910000791308,40.30996,29.999996,60.25710400000207,0.5,0.5146909356117249,uniform,uniform,10,0.0,0.0,0.0,,
joint_pair,3456,in_distribution,86,13.112683,0.85,3,1,1,143.03147046005026,441.4396762847901,0.8245864093303681,0.11876524,159.7316,154,0.6997910000791308,28.112682,14.999999,60.25710400000207,0.5,0.5146909356117249,uniform,uniform,10,0.0,0.0,0.0,,
joint_pair,3456,in_distribution,87,14.2018175,0.90000004,2,2,2,154.7516938050588,452.539644241333,0.867368084192276,0.082611956,106.171814,154,0.6997910000791308,24.201813,9.999995,60.25710400000207,0.5,0.5146909356117249,uniform,uniform,10,0.0,0.0,0.0,,
joint_pair,3456,in_distribution,88,13.124723,0.8,4,3,3,119.5537954196334,426.3222885131836,0.7703603506088257,0.2306037,248.90817,154,0.6997910000791308,33.124725,20.000002,60.25710400000207,0.5,0.5146909356117249,uniform,uniform,10,0.0,0.0,0.0,,
joint_pair,3456,in_distribution,89,8.837938,0.85,3,2,2,137.13325854609994,476.945858001709,0.6017872959375381,0.6031545,639.20624,154,0.6997910000791308,23.837936,14.999998,60.25710400000207,0.5,0.5146909356117249,uniform,uniform,10,0.0,0.0,0.0,,
joint_pair,3456,in_distribution,90,11.323081,0.75,5,4,4,163.51390051841736,470.6086921691895,0.7481761455535889,0.26731133,360.69186,154,0.6997910000791308,36.323074,24.999992,60.25710400000207,0.5,0.5146909356117249,uniform,uniform,10,0.0,0.0,0.0,,
joint_pair,3456,in_distribution,91,11.964716,0.95,1,0,0,175.49273931666426,461.7586898803711,0.8282450079917908,0.13123332,167.52835,154,0.6997910000791308,16.964718,5.000002,60.25710400000207,0.5,0.5146909356117249,uniform,uniform,10,0.0,0.0,0.0,,
joint_pair,3456,in_distribution,92,13.113432,0.85,3,2,2,159.38049106036917,422.47318267822266,0.7944483757019043,0.21183369,202.65927,154,0.6997910000791308,28.113434,15.000002,60.25710400000207,0.5,0.5146909356117249,uniform,uniform,10,0.0,0.0,0.0,,
joint_pair,3456,in_distribution,93,8.841642,0.8,4,3,3,121.3383792154491,457.3861885070801,0.5951969563961029,0.2936251,610.60803,154,0.6997910000791308,28.841644,20.000002,60.25710400000207,0.5,0.5146909356117249,uniform,uniform,10,0.0,0.0,0.0,,
joint_pair,3456,in_distribution,94,10.608267,0.90000004,2,1,1,95.4537648955981,443.8772392272949,0.6847380936145783,0.38116348,425.18024,154,0.6997910000791308,20.608269,10.000002,60.25710400000207,0.5,0.5146909356117249,uniform,uniform,10,0.0,0.0,0.0,,
joint_pair,3456,in_distribution,95,12.903931,0.65000004,7,5,5,103.69270233007578,456.8507480621338,0.7536500185728073,0.12284066,305.84283,154,0.6997910000791308,47.90393,35.0,60.25710400000207,0.5,0.5146909356117249,uniform,uniform,10,0.0,0.0,0.0,,
joint_pair,3456,in_distribution,96,13.287371,0.85,3,2,2,160.83201569669387,469.0237426757813,0.8283305287361145,0.08867351,210.07445,154,0.6997910000791308,28.287374,15.000004,60.25710400000207,0.5,0.5146909356117249,uniform,uniform,10,0.0,0.0,0.0,,
joint_pair,3456,in_distribution,97,11.754574,0.90000004,2,0,0,128.5723595817884,465.1443958282471,0.7575490564107895,0.2747022,306.65036,154,0.6997910000791308,21.754578,10.000004,60.25710400000207,0.5,0.5146909356117249,uniform,uniform,10,0.0,0.0,0.0,,
joint_pair,3456,in_distribution,98,14.278152,0.7,6,5,5,143.565498398883,460.0908851623535,0.8193112552165985,0.12208148,183.01335,154,0.6997910000791308,44.278152,30.0,60.25710400000207,0.5,0.5146909356117249,uniform,uniform,10,0.0,0.0,0.0,,
joint_pair,3456,in_distribution,99,14.96804,0.8,4,3,3,166.48930303752422,475.1846408843994,0.8724920839071274,0.102069356,96.0,154,0.6997910000791308,34.96804,20.0,60.25710400000207,0.5,0.5146909356117249,uniform,uniform,10,0.0,0.0,0.0,,
attention_aggregation,1234,in_distribution,0,14.645843,0.85,3,2,2,96.68288847979376,416.8557643890381,0.8612133860588074,0.045194224,74.47043,168,2.22038699999672,29.645845,15.000003,69.67895900000002,0.5,0.5146909356117249,uniform,uniform,10,0.0,0.0,0.0,188.91274157692405,10.0
attention_aggregation,1234,in_distribution,1,14.430418,0.85,3,2,2,80.94678072368397,475.6754207611084,0.8495076030492783,0.10483738,142.95818,168,2.22038699999672,29.430416,14.999998,69.67895900000002,0.5,0.5146909356117249,uniform,uniform,10,0.0,0.0,0.0,175.74260736213012,10.0
attention_aggregation,1234,in_distribution,2,11.683255,0.7,6,6,6,114.6443013208253,443.33224296569824,0.654706346988678,0.15799136,492.9292,168,2.22038699999672,41.683258,30.000004,69.67895900000002,0.5,0.5146909356117249,uniform,uniform,10,0.0,0.0,0.0,229.46792364120483,10.0
attention_aggregation,1234,in_distribution,3,12.767523,0.55,9,8,8,149.0652322769165,391.99639320373535,0.6814455389976501,0.18122347,419.62463,168,2.22038699999672,57.767517,44.999992,69.67895900000002,0.5,0.5146909356117249,uniform,uniform,10,0.0,0.0,0.0,234.3208486383612,10.0
attention_aggregation,1234,in_distribution,4,13.761203,1.0,0,0,0,100.2057210803032,460.5501079559326,0.8951986819505692,0.035231207,37.768772,168,2.22038699999672,13.761203,0.0,69.67895900000002,0.5,0.5146909356117249,uniform,uniform,10,0.0,0.0,0.0,217.20833730697632,10.0
attention_aggregation,1234,in_distribution,5,15.581903,0.8,4,4,4,101.61807283759116,472.66862869262695,0.9017857253551484,0.06254104,37.240154,168,2.22038699999672,35.58191,20.000006,69.67895900000002,0.5,0.5146909356117249,uniform,uniform,10,0.0,0.0,0.0,212.93538317084312,10.0
attention_aggregation,1234,in_distribution,6,12.555757,1.0,0,0,0,140.82210212945938,470.714807510376,0.858484634757042,0.032645337,118.42442,168,2.22038699999672,12.555758,1.9073486e-06,69.67895900000002,0.5,0.5146909356117249,uniform,uniform,10,0.0,0.0,0.0,253.4766896367073,10.0
attention_aggregation,1234,in_distribution,7,15.265993,0.75,5,2,2,194.039324760437,465.8247470855713,0.9028127759695052,0.08176473,66.400604,168,2.22038699999672,40.26599,24.999998,69.67895900000002,0.5,0.5146909356117249,uniform,uniform,10,0.0,0.0,0.0,293.0464963912964,10.0
attention_aggregation,1234,in_distribution,8,10.089516,0.8,4,3,3,237.86173291504383,441.3970756530762,0.6104563236236572,0.060499053,575.04846,168,2.22038699999672,30.089516,20.0,69.67895900000002,0.5,0.5146909356117249,uniform,uniform,10,0.0,0.0,0.0,319.3841305375099,10.0
attention_aggregation,1234,in_distribution,9,12.387565,0.8,4,2,2,214.9224530719221,467.6871871948242,0.7161881357431412,0.17720294,394.2436,168,2.22038699999672,32.387566,20.0,69.67895900000002,0.5,0.5146909356117249,uniform,uniform,10,0.0,0.0,0.0,296.7378920316696,10.0
attention_aggregation,1234,in_distribution,10,10.154453,0.75,5,3,3,174.92319202423096,400.07909774780273,0.6081863641738892,0.06353945,560.28217,168,2.22038699999672,35.154453,25.0,69.67895900000002,0.5,0.5146909356117249,uniform,uniform,10,0.0,0.0,0.0,268.8321390151977,10.0
attention_aggregation,1234,in_distribution,11,15.233827,0.75,5,5,5,133.5321662425995,443.4156131744385,0.8470099061727524,0.11432791,113.15676,168,2.22038699999672,40.233826,25.0,69.67895900000002,0.5,0.5146909356117249,uniform,uniform,10,0.0,0.0,0.0,227.39785432815552,10.0
attention_aggregation,1234,in_distribution,12,10.683672,0.85,3,3,3,100.46776211437056,470.52623748779297,0.6699763178825379,0.19882937,480.17178,168,2.22038699999672,25.683672,15.0,69.67895900000002,0.5,0.5146909356117249,uniform,uniform,10,0.0,0.0,0.0,196.9165412117453,10.0
attention_aggregation,1234,in_distribution,13,11.108242,0.85,3,3,3,149.51831817626953,429.6050262451172,0.6934735774993896,0.12780201,396.53085,168,2.22038699999672,26.108242,15.0,69.67895900000002,0.5,0.5146909356117249,uniform,uniform,10,0.0,0.0,0.0,238.21493162828327,10.0
attention_aggregation,1234,in_distribution,14,14.09563,0.85,3,2,2,143.45637223299812,476.68667793273926,0.8554073661565781,0.061620466,130.30469,168,2.22038699999672,29.095634,15.000005,69.67895900000002,0.5,0.5146909356117249,uniform,uniform,10,0.0,0.0,0.0,254.62051097084492,10.0
attention_aggregation,1234,in_distribution,15,8.486187,0.55,9,7,7,201.9625685431741,463.1626224517822,0.5427904486656189,0.11229403,789.4738,168,2.22038699999672,53.486187,45.0,69.67895900000002,0.5,0.5146909356117249,uniform,uniform,10,0.0,0.0,0.0,341.4579778367823,10.0
attention_aggregation,1234,in_distribution,16,8.517618,0.95,1,1,1,182.0112478419354,439.5598125457764,0.590833979845047,0.1377237,607.249,168,2.22038699999672,13.517613,4.999995,69.67895900000002,0.5,0.5146909356117249,uniform,uniform,10,0.0,0.0,0.0,290.8217363608511,10.0
attention_aggregation,1234,in_distribution,17,12.591969,1.0,0,0,0,140.8617736548185,478.0715560913086,0.8391324341297149,0.1456941,233.80312,168,2.22038699999672,12.59197,1.9073486e-06,69.67895900000002,0.5,0.5146909356117249,uniform,uniform,10,0.0,0.0,0.0,250.2313190102577,10.0
attention_aggregation,1234,in_distribution,18,14.352882,0.75,5,4,4,116.62142252922058,423.0237007141113,0.8381710648536682,0.17631178,118.71167,168,2.22038699999672,39.352886,25.000004,69.67895900000002,0.5,0.5146909356117249,uniform,uniform,10,0.0,0.0,0.0,229.8594923019409,10.0
attention_aggregation,1234,in_distribution,19,13.662636,0.85,3,3,3,129.40553637111887,466.0669898986816,0.7884206712245941,0.24268526,248.29951,168,2.22038699999672,28.662638,15.000002,69.67895900000002,0.5,0.5146909356117249,uniform,uniform,10,0.0,0.0,0.0,250.9597159834469,10.0
attention_aggregation,1234,in_distribution,20,15.365343,0.85,3,2,2,100.2839530916775,412.61412620544434,0.8950185775756836,0.050249163,9.5644455,168,2.22038699999672,30.365349,15.000006,69.67895900000002,0.5,0.5146909356117249,uniform,uniform,10,0.0,0.0,0.0,168.93702948794646,10.0
attention_aggregation,1234,in_distribution,21,10.259532,0.90000004,2,1,1,110.46825567881268,474.4649505615234,0.7055388927459717,0.24776341,415.8303,168,2.22038699999672,20.259535,10.000003,69.67895900000002,0.5,0.5146909356117249,uniform,uniform,10,0.0,0.0,0.0,210.46618421872455,10.0
attention_aggregation,1234,in_distribution,22,15.110851,0.85,3,2,2,140.22346899789923,472.099199295044,0.9169307321310044,0.029676132,19.614227,168,2.22038699999672,30.110847,14.999996,69.67895900000002,0.5,0.5146909356117249,uniform,uniform,10,0.0,0.0,0.0,270.2008564331952,10.0
attention_aggregation,1234,in_distribution,23,12.877073,0.8,4,3,3,132.59975530207157,448.7490463256836,0.7831610083580017,0.018165158,241.08,168,2.22038699999672,32.877075,20.000002,69.67895900000002,0.5,0.5146909356117249,uniform,uniform,10,0.0,0.0,0.0,241.0701410472393,10.0
attention_aggregation,1234,in_distribution,24,12.64596,0.75,5,4,4,118.11701607704164,443.2498455047608,0.7173011630773545,0.051863417,370.6954,168,2.22038699999672,37.645966,25.000006,69.67895900000002,0.5,0.5146909356117249,uniform,uniform,10,0.0,0.0,0.0,201.78317713737488,10.0
attention_aggregation,1234,in_distribution,25,4.79,0.25,15,14,14,228.81524562835693,476.3035011291504,0.2433610588312149,0.18750831,1343.9998,168,2.22038699999672,79.78999,74.99999,69.67895900000002,0.5,0.5146909356117249,uniform,uniform,10,0.0,0.0,0.0,429.3728885650635,10.0
attention_aggregation,1234,in_distribution,26,12.204908,0.90000004,2,2,2,87.26515896618366,439.837646484375,0.7276632964611054,0.12861235,339.1351,168,2.22038699999672,22.204906,9.999998,69.67895900000002,0.5,0.5146909356117249,uniform,uniform,10,0.0,0.0,0.0,205.8889639377594,10.0
attention_aggregation,1234,in_distribution,27,14.846734,0.7,6,6,6,90.88548864637104,439.4745826721192,0.8228349566459656,0.09703665,159.96965,168,2.22038699999672,44.84674,30.000008,69.67895900000002,0.5,0.5146909356117249,uniform,uniform,10,0.0,0.0,0.0,188.5943065370832,10.0
attention_aggregation,1234,in_distribution,28,16.150246,0.75,5,3,3,157.2922478914261,476.20582580566406,0.939028424024582,0.06590454,2.2759237,168,2.22038699999672,41.150238,24.999992,69.67895900000002,0.5,0.5146909356117249,uniform,uniform,10,0.0,0.0,0.0,285.2326316833496,10.0
attention_aggregation,1234,in_distribution,29,11.945978,0.90000004,2,1,1,117.93948988119762,477.5350284576416,0.7586447417736053,0.20876409,325.47208,168,2.22038699999672,21.94598,10.000002,69.67895900000002,0.5,0.5146909356117249,uniform,uniform,10,0.0,0.0,0.0,235.4480751355489,10.0
attention_aggregation,1234,in_distribution,30,15.292131,0.8,4,4,4,134.0971129015088,438.1168842315674,0.903185972571373,0.048488848,0.0,168,2.22038699999672,35.29213,19.999998,69.67895900000002,0.5,0.5146909356117249,uniform,uniform,10,0.0,0.0,0.0,233.3968048542738,10.0
attention_aggregation,1234,in_distribution,31,8.385933,0.45000002,11,8,8,219.27432417869568,432.0843315124512,0.4475580990314484,0.1977352,868.77295,168,2.22038699999672,63.385933,55.0,69.67895900000002,0.5,0.5146909356117249,uniform,uniform,10,0.0,0.0,0.0,317.8304862976074,10.0
attention_aggregation,1234,in_distribution,32,14.280136,0.75,5,5,5,136.47543811798096,398.5853290557861,0.78284752368927,0.08897883,224.93285,168,2.22038699999672,39.28014,25.000004,69.67895900000002,0.5,0.5146909356117249,uniform,uniform,10,0.0,0.0,0.0,222.14453887939453,10.0
attention_aggregation,1234,in_distribution,33,12.020643,0.90000004,2,0,0,113.07646940151852,368.4176731109619,0.8338876962661743,0.03209884,126.93572,168,2.22038699999672,22.020645,10.000002,69.67895900000002,0.5,0.5146909356117249,uniform,uniform,10,0.0,0.0,0.0,200.1080705722173,10.0
attention_aggregation,1234,in_distribution,34,15.650393,0.85,3,2,2,144.11164977971245,473.78148078918457,0.9188127607107164,0.06150274,5.661189,168,2.22038699999672,30.65039,14.999998,69.67895900000002,0.5,0.5146909356117249,uniform,uniform,10,0.0,0.0,0.0,233.86478914934045,10.0
attention_aggregation,1234,in_distribution,35,12.47941,0.7,6,6,6,104.53899966818946,322.0103073120117,0.7244268655776978,0.19385383,337.10043,168,2.22038699999672,42.479416,30.000006,69.67895900000002,0.5,0.5146909356117249,uniform,uniform,10,0.0,0.0,0.0,173.0002156325749,10.0
attention_aggregation,1234,in_distribution,36,10.816025,0.6,8,8,8,170.31622052192688,436.0102558135986,0.6050319254398346,0.08182178,570.4654,168,2.22038699999672,50.81603,40.000004,69.67895900000002,0.5,0.5146909356117249,uniform,uniform,10,0.0,0.0,0.0,279.3460148572922,10.0
attention_aggregation,1234,in_distribution,37,14.735489,0.65000004,7,7,7,115.62848100295432,425.9859752655029,0.7917253375053406,0.049615815,207.88744,168,2.22038699999672,49.73549,35.0,69.67895900000002,0.5,0.5146909356117249,uniform,uniform,10,0.0,0.0,0.0,226.4819906308101,10.0
attention_aggregation,1234,in_distribution,38,15.026694,0.85,3,2,2,138.93718558199265,473.1087112426758,0.9012213170528413,0.060019907,74.33058,168,2.22038699999672,30.026703,15.000009,69.67895900000002,0.5,0.5146909356117249,uniform,uniform,10,0.0,0.0,0.0,245.9390671112958,10.0
attention_aggregation,1234,in_distribution,39,14.827517,0.75,5,5,5,130.55570256710052,437.4503517150879,0.839161628484726,0.022725467,122.26011,168,2.22038699999672,39.827515,24.999998,69.67895900000002,0.5,0.5146909356117249,uniform,uniform,10,0.0,0.0,0.0,229.82355618476868,10.0
attention_aggregation,1234,in_distribution,40,11.446613,0.5,10,8,8,77.0798035338521,398.7785339355469,0.6256406307220459,0.09773034,526.77014,168,2.22038699999672,61.44662,50.000008,69.67895900000002,0.5,0.5146909356117249,uniform,uniform,10,0.0,0.0,0.0,183.6093896627426,10.0
attention_aggregation,1234,in_distribution,41,14.22191,0.85,3,3,3,141.0748867076986,454.7108745574951,0.8691130608320237,0.053864405,87.21892,168,2.22038699999672,29.221914,15.000004,69.67895900000002,0.5,0.5146909356117249,uniform,uniform,10,0.0,0.0,0.0,237.69796097979827,10.0
attention_aggregation,1234,in_distribution,42,15.841829,0.75,5,3,3,105.63220143318176,405.038652420044,0.8911759853363037,0.026534388,16.942348,168,2.22038699999672,40.841827,24.999998,69.67895900000002,0.5,0.5146909356117249,uniform,uniform,10,0.0,0.0,0.0,202.9810426235199,10.0
attention_aggregation,1234,in_distribution,43,12.951098,0.65000004,7,5,5,109.60421080772691,404.45528984069824,0.7141196727752686,0.27541435,356.89023,168,2.22038699999672,47.951103,35.000004,69.67895900000002,0.5,0.5146909356117249,uniform,uniform,10,0.0,0.0,0.0,201.1050672714527,10.0
attention_aggregation,1234,in_distribution,44,14.761895,0.85,3,2,2,131.81544552831087,449.1645526885986,0.8774253308773041,0.06207208,73.81054,168,2.22038699999672,29.761892,14.999997,69.67895900000002,0.5,0.5146909356117249,uniform,uniform,10,0.0,0.0,0.0,235.1582546795116,10.0
attention_aggregation,1234,in_distribution,45,10.381974,0.6,8,7,7,239.43592727184296,479.8184967041016,0.635209035873413,0.43006822,618.8617,168,2.22038699999672,50.381977,40.000004,69.67895900000002,0.5,0.5146909356117249,uniform,uniform,10,0.0,0.0,0.0,320.173773765564,10.0
attention_aggregation,1234,in_distribution,46,10.43273,0.75,5,4,4,185.0058468580246,448.7505340576172,0.6340605944395066,0.21453384,542.52924,168,2.22038699999672,35.43273,25.000002,69.67895900000002,0.5,0.5146909356117249,uniform,uniform,10,0.0,0.0,0.0,317.50490045547485,10.0
attention_aggregation,1234,in_distribution,47,13.447742,0.65000004,7,4,4,147.6215881567735,394.9661350250244,0.7337735891342163,0.093864076,319.15482,168,2.22038699999672,48.447742,35.0,69.67895900000002,0.5,0.5146909356117249,uniform,uniform,10,0.0,0.0,0.0,230.03998958147488,10.0
attention_aggregation,1234,in_distribution,48,13.78422,0.8,4,3,3,219.75664045661688,472.5330448150635,0.8015988588333129,0.10957046,279.30194,168,2.22038699999672,33.784218,19.999998,69.67895900000002,0.5,0.5146909356117249,uniform,uniform,10,0.0,0.0,0.0,322.6097933202982,10.0
attention_aggregation,1234,in_distribution,49,10.029119,0.35,13,7,7,300.2516279901777,476.02935791015625,0.526843112707138,0.22946094,784.08826,168,2.22038699999672,75.02912,65.0,69.67895900000002,0.5,0.5146909356117249,uniform,uniform,10,0.0,0.0,0.0,393.71456827436174,10.0
attention_aggregation,1234,in_distribution,50,14.894536,0.75,5,5,5,117.75416618585588,427.0505332946777,0.8380495309829712,0.116382234,118.94502,168,2.22038699999672,39.89454,25.000004,69.67895900000002,0.5,0.5146909356117249,uniform,uniform,10,0.0,0.0,0.0,215.960063457489,10.0
attention_aggregation,1234,in_distribution,51,15.242996,0.8,4,2,2,129.55540984869003,473.0480289459229,0.8684102386236191,0.089938484,101.70051,168,2.22038699999672,35.242996,20.0,69.67895900000002,0.5,0.5146909356117249,uniform,uniform,10,0.0,0.0,0.0,222.5848652422428,10.0
attention_aggregation,1234,in_distribution,52,14.584177,0.85,3,3,3,104.3974815046086,444.3431282043457,0.8830319583415985,0.04804616,44.921955,168,2.22038699999672,29.584175,14.999998,69.67895900000002,0.5,0.5146909356117249,uniform,uniform,10,0.0,0.0,0.0,219.48329056010527,10.0
attention_aggregation,1234,in_distribution,53,14.577133,0.85,3,1,1,141.7535537481308,446.80492401123047,0.87880437374115,0.11403031,59.054264,168,2.22038699999672,29.577137,15.000004,69.67895900000002,0.5,0.5146909356117249,uniform,uniform,10,0.0,0.0,0.0,242.6197703445659,10.0
attention_aggregation,1234,in_distribution,54,8.958119,0.5,10,8,8,215.5391535758972,455.7015037536621,0.488819482922554,0.3075221,813.4526,168,2.22038699999672,58.95811,49.999992,69.67895900000002,0.5,0.5146909356117249,uniform,uniform,10,0.0,0.0,0.0,357.31413888931274,10.0
attention_aggregation,1234,in_distribution,55,7.0195594,0.5,10,9,9,236.14212942123413,463.8057518005371,0.4149003744125366,0.098493114,999.9907,168,2.22038699999672,57.019554,49.999996,69.67895900000002,0.5,0.5146909356117249,uniform,uniform,10,0.0,0.0,0.0,365.62700271606445,10.0
attention_aggregation,1234,in_distribution,56,15.069754,0.90000004,2,2,2,130.70086220900217,458.9355754852295,0.9081434041261672,0.08096647,12.615875,168,2.22038699999672,25.069754,10.0,69.67895900000002,0.5,0.5146909356117249,uniform,uniform,10,0.0,0.0,0.0,243.4628534317017,10.0
attention_aggregation,1234,in_distribution,57,14.966611,0.85,3,2,2,90.44522476546904,470.5880069732666,0.8929712742567062,0.07325665,69.97847,168,2.22038699999672,29.966612,15.000001,69.67895900000002,0.5,0.5146909356117249,uniform,uniform,10,0.0,0.0,0.0,232.54135166897493,10.0
attention_aggregation,1234,in_distribution,58,12.644531,0.65000004,7,5,5,182.95409120046176,452.7707576751709,0.720496591925621,0.16500168,395.5468,168,2.22038699999672,47.644527,34.999996,69.67895900000002,0.5,0.5146909356117249,uniform,uniform,10,0.0,0.0,0.0,314.7731307836679,10.0
attention_aggregation,1234,in_distribution,59,11.012409,0.5,10,9,9,181.2655770778656,468.3278274536133,0.6114948958158493,0.20557608,609.75903,168,2.22038699999672,61.012413,50.000004,69.67895900000002,0.5,0.5146909356117249,uniform,uniform,10,0.0,0.0,0.0,327.46083641052246,10.0
attention_aggregation,1234,in_distribution,60,7.886112,0.3,14,14,14,136.81759804487228,472.7707099914551,0.3887405931949615,0.21869181,1022.38885,168,2.22038699999672,77.88611,70.0,69.67895900000002,0.5,0.5146909356117249,uniform,uniform,10,0.0,0.0,0.0,331.39761567115784,10.0
attention_aggregation,1234,in_distribution,61,14.241526,0.90000004,2,2,2,129.31317473451296,458.3562469482422,0.8753253400325776,0.08874459,74.02362,168,2.22038699999672,24.241522,9.999996,69.67895900000002,0.5,0.5146909356117249,uniform,uniform,10,0.0,0.0,0.0,246.3202436765035,10.0
attention_aggregation,1234,in_distribution,62,8.103862,0.6,8,8,8,172.21520960330963,457.4553680419922,0.4641231030225753,0.38740408,862.51636,168,2.22038699999672,48.10386,39.999996,69.67895900000002,0.5,0.5146909356117249,uniform,uniform,10,0.0,0.0,0.0,259.71006721258163,10.0
attention_aggregation,1234,in_distribution,63,13.379516,0.7,6,6,6,186.28753133118155,477.5966262817383,0.7856139779090882,0.14675649,265.21796,168,2.22038699999672,43.37952,30.000004,69.67895900000002,0.5,0.5146909356117249,uniform,uniform,10,0.0,0.0,0.0,290.8954210792269,10.0
attention_aggregation,1234,in_distribution,64,13.26009,0.8,4,4,4,128.01992911845446,467.3788261413574,0.7681857287883759,0.15153421,288.46234,168,2.22038699999672,33.26009,20.0,69.67895900000002,0.5,0.5146909356117249,uniform,uniform,10,0.0,0.0,0.0,213.32139775156972,10.0
attention_aggregation,1234,in_distribution,65,13.4001875,0.8,4,2,2,137.06168979406357,463.66713523864746,0.8096277683973312,0.066253625,232.98126,168,2.22038699999672,33.400185,19.999996,69.67895900000002,0.5,0.5146909356117249,uniform,uniform,10,0.0,0.0,0.0,249.57908369600773,10.0
attention_aggregation,1234,in_distribution,66,8.489306,0.6,8,6,6,255.34178778529167,478.46208572387695,0.5169246166944503,0.13478912,825.90063,168,2.22038699999672,48.4893,39.999992,69.67895900000002,0.5,0.5146909356117249,uniform,uniform,10,0.0,0.0,0.0,365.3229439258576,10.0
attention_aggregation,1234,in_distribution,67,9.53844,0.3,14,14,14,126.41730904579164,434.5455837249756,0.4672460943460464,0.47072697,833.43317,168,2.22038699999672,79.53844,70.0,69.67895900000002,0.5,0.5146909356117249,uniform,uniform,10,0.0,0.0,0.0,276.06582403182983,10.0
attention_aggregation,1234,in_distribution,68,8.121242,0.55,9,3,3,168.38549299673602,377.0709800720215,0.5014788508415222,0.50271213,765.16064,168,2.22038699999672,53.121246,45.000004,69.67895900000002,0.5,0.5146909356117249,uniform,uniform,10,0.0,0.0,0.0,276.15439653396606,10.0
attention_aggregation,1234,in_distribution,69,11.014716,0.55,9,9,9,202.55625941536644,441.6500473022461,0.6147684335708619,0.15948863,560.52844,168,2.22038699999672,56.014717,45.0,69.67895900000002,0.5,0.5146909356117249,uniform,uniform,10,0.0,0.0,0.0,290.87558139454234,10.0
attention_aggregation,1234,in_distribution,70,14.9844675,0.90000004,2,1,1,104.2173809806506,477.7722930908203,0.8973315000534058,0.045618977,50.895985,168,2.22038699999672,24.984467,9.999999,69.67895900000002,0.5,0.5146909356117249,uniform,uniform,10,0.0,0.0,0.0,205.43069104353583,10.0
attention_aggregation,1234,in_distribution,71,12.82655,0.8,4,4,4,114.6920628938824,424.6479892730713,0.7245447635650635,0.09412835,336.87415,168,2.22038699999672,32.82655,20.0,69.67895900000002,0.5,0.5146909356117249,uniform,uniform,10,0.0,0.0,0.0,227.36619427800176,10.0
attention_aggregation,1234,in_distribution,72,10.437534,0.8,4,3,3,120.6367150694132,447.621660232544,0.6727930396795273,0.3584144,451.85916,168,2.22038699999672,30.43753,19.999996,69.67895900000002,0.5,0.5146909356117249,uniform,uniform,10,0.0,0.0,0.0,235.08270978927607,10.0
attention_aggregation,1234,in_distribution,73,9.450332,0.7,6,6,6,163.06376203894615,457.84850120544434,0.5651652395725251,0.51881486,688.804,168,2.22038699999672,39.45033,29.999996,69.67895900000002,0.5,0.5146909356117249,uniform,uniform,10,0.0,0.0,0.0,244.4091638496944,10.0
attention_aggregation,1234,in_distribution,74,11.98324,0.75,5,4,4,99.6121146082878,400.2482700347901,0.6946378350257874,0.14915311,394.2953,168,2.22038699999672,36.98324,24.999998,69.67895900000002,0.5,0.5146909356117249,uniform,uniform,10,0.0,0.0,0.0,184.77979052066803,10.0
attention_aggregation,1234,in_distribution,75,15.562728,0.75,5,4,4,85.7099380493164,469.3545627593994,0.8720378309488297,0.016766254,96.35336,168,2.22038699999672,40.56273,25.0,69.67895900000002,0.5,0.5146909356117249,uniform,uniform,10,0.0,0.0,0.0,201.7442729473114,10.0
attention_aggregation,1234,in_distribution,76,12.592545,0.75,5,4,4,124.63868284225464,394.3459224700928,0.7700116634368896,0.06712114,249.57762,168,2.22038699999672,37.592545,25.0,69.67895900000002,0.5,0.5146909356117249,uniform,uniform,10,0.0,0.0,0.0,175.51117753982544,10.0
attention_aggregation,1234,in_distribution,77,9.438757,0.45000002,11,9,9,228.4633187452952,479.9441528320313,0.5566625565290451,0.15666138,772.1244,168,2.22038699999672,64.43877,55.000008,69.67895900000002,0.5,0.5146909356117249,uniform,uniform,10,0.0,0.0,0.0,373.78665924072266,10.0
attention_aggregation,1234,in_distribution,78,9.343062,0.75,5,4,4,213.3524625301361,437.3925876617432,0.5598338335752487,0.134036,658.51184,168,2.22038699999672,34.34306,24.999996,69.67895900000002,0.5,0.5146909356117249,uniform,uniform,10,0.0,0.0,0.0,295.9635810852051,10.0
attention_aggregation,1234,in_distribution,79,15.606142,0.7,6,5,5,84.6765934569495,466.0685920715332,0.8727515876293183,0.04199045,86.38576,168,2.22038699999672,45.606148,30.000006,69.67895900000002,0.5,0.5146909356117249,uniform,uniform,10,0.0,0.0,0.0,205.04241330283028,10.0
attention_aggregation,1234,in_distribution,80,13.88266,0.75,5,3,3,114.5164120197296,445.7102108001709,0.8204184949398041,0.04399398,174.73418,168,2.22038699999672,38.882656,24.999996,69.67895900000002,0.5,0.5146909356117249,uniform,uniform,10,0.0,0.0,0.0,221.772127866745,10.0
attention_aggregation,1234,in_distribution,81,8.359019,0.4,12,11,11,158.64394694566727,461.1962127685547,0.451310110092163,0.3305517,912.00006,168,2.22038699999672,68.35902,59.999996,69.67895900000002,0.5,0.5146909356117249,uniform,uniform,10,0.0,0.0,0.0,398.1410872936249,10.0
attention_aggregation,1234,in_distribution,82,13.839443,0.90000004,2,2,2,112.58972478409608,423.5777950286865,0.7956885099411011,0.0364127,200.27817,168,2.22038699999672,23.839443,10.0,69.67895900000002,0.5,0.5146909356117249,uniform,uniform,10,0.0,0.0,0.0,235.4994555314382,10.0
attention_aggregation,1234,in_distribution,83,11.281183,0.85,3,3,3,86.083403264775,383.93391609191895,0.6744546890258789,0.07271299,433.04697,168,2.22038699999672,26.28118,14.999996,69.67895900000002,0.5,0.5146909356117249,uniform,uniform,10,0.0,0.0,0.0,160.49763143062592,10.0
attention_aggregation,1234,in_distribution,84,12.579464,0.90000004,2,2,2,93.8367834687233,421.9743061065674,0.7921863794326782,0.07749821,207.00226,168,2.22038699999672,22.579464,10.0,69.67895900000002,0.5,0.5146909356117249,uniform,uniform,10,0.0,0.0,0.0,205.8149302005768,10.0
attention_aggregation,1234,in_distribution,85,15.421312,0.75,5,4,4,127.45147454738616,476.2265968322754,0.8959984064102173,0.049617376,53.86877,168,2.22038699999672,40.421307,24.999994,69.67895900000002,0.5,0.5146909356117249,uniform,uniform,10,0.0,0.0,0.0,219.63624095916748,10.0
attention_aggregation,1234,in_distribution,86,12.068791,0.75,5,3,3,117.56778478622437,452.4218273162842,0.72046939432621,0.20709597,365.12076,168,2.22038699999672,37.068787,24.999996,69.67895900000002,0.5,0.5146909356117249,uniform,uniform,10,0.0,0.0,0.0,213.27073502540588,10.0
attention_aggregation,1234,in_distribution,87,9.271143,0.7,6,6,6,177.20547795295715,479.92544174194336,0.5811763286590577,0.052542467,681.20844,168,2.22038699999672,39.271145,30.000002,69.67895900000002,0.5,0.5146909356117249,uniform,uniform,10,0.0,0.0,0.0,327.26037127631054,10.0
attention_aggregation,1234,in_distribution,88,14.876837,0.7,6,5,5,107.200927734375,438.6554431915283,0.8168433994054795,0.14356937,166.31631,168,2.22038699999672,44.87684,30.000002,69.67895900000002,0.5,0.5146909356117249,uniform,uniform,10,0.0,0.0,0.0,213.159732903753,10.0
attention_aggregation,1234,in_distribution,89,9.256272,0.8,4,3,3,169.42323356866837,479.2206859588623,0.5992766410112381,0.072839096,624.60974,168,2.22038699999672,29.256271,20.0,69.67895900000002,0.5,0.5146909356117249,uniform,uniform,10,0.0,0.0,0.0,304.00495558977127,10.0
attention_aggregation,1234,in_distribution,90,13.37269,0.65000004,7,6,6,170.89338265932523,475.0668811798096,0.7858403950929642,0.22268005,296.25677,168,2.22038699999672,48.37269,35.0,69.67895900000002,0.5,0.5146909356117249,uniform,uniform,10,0.0,0.0,0.0,300.5412450203529,10.0
attention_aggregation,1234,in_distribution,91,14.817373,0.8,4,3,3,110.78372860327364,371.0818862915039,0.8693484663963318,0.052864578,58.851135,168,2.22038699999672,34.817375,20.000002,69.67895900000002,0.5,0.5146909356117249,uniform,uniform,10,0.0,0.0,0.0,184.3576772511005,10.0
attention_aggregation,1234,in_distribution,92,10.388126,0.5,10,9,9,148.8791652917862,446.5390491485596,0.5442080587148667,0.3581401,697.6597,168,2.22038699999672,60.388126,50.0,69.67895900000002,0.5,0.5146909356117249,uniform,uniform,10,0.0,0.0,0.0,283.62850642204285,10.0
attention_aggregation,1234,in_distribution,93,13.350786,0.8,4,3,3,103.05293340235949,457.3861885070801,0.7919542729854584,0.103003524,232.83408,168,2.22038699999672,33.350784,19.999998,69.67895900000002,0.5,0.5146909356117249,uniform,uniform,10,0.0,0.0,0.0,189.00322660803795,10.0
attention_aggregation,1234,in_distribution,94,12.388845,0.8,4,3,3,101.76999170333148,423.3841609954834,0.7311898469924927,0.17511044,324.11548,168,2.22038699999672,32.388844,19.999998,69.67895900000002,0.5,0.5146909356117249,uniform,uniform,10,0.0,0.0,0.0,196.1603381484747,10.0
attention_aggregation,1234,in_distribution,95,12.639587,0.7,6,4,4,122.71911927631923,426.91718101501465,0.754279375076294,0.22949626,279.78366,168,2.22038699999672,42.639584,29.999996,69.67895900000002,0.5,0.5146909356117249,uniform,uniform,10,0.0,0.0,0.0,211.6416452612196,10.0
attention_aggregation,1234,in_distribution,96,13.990109,0.7,6,5,5,104.5194158383778,460.8665370941162,0.816082039475441,0.03433009,189.98915,168,2.22038699999672,43.99011,30.0,69.67895900000002,0.5,0.5146909356117249,uniform,uniform,10,0.0,0.0,0.0,231.53491156441825,10.0
attention_aggregation,1234,in_distribution,97,12.527212,0.7,6,3,3,203.4409730775016,436.2583065032959,0.6904330134391785,0.2119685,407.95035,168,2.22038699999672,42.52721,29.999998,69.67895900000002,0.5,0.5146909356117249,uniform,uniform,10,0.0,0.0,0.0,303.3694267272949,10.0
attention_aggregation,1234,in_distribution,98,11.714218,0.90000004,2,1,1,148.52743471662205,443.6170291900635,0.7323731869459152,0.11481705,333.46048,168,2.22038699999672,21.71422,10.000002,69.67895900000002,0.5,0.5146909356117249,uniform,uniform,10,0.0,0.0,0.0,247.90407737096152,10.0
attention_aggregation,1234,in_distribution,99,13.824931,0.85,3,2,2,165.06534976117752,456.9381809234619,0.8099461823701859,0.094167046,217.80878,168,2.22038699999672,28.824938,15.000007,69.67895900000002,0.5,0.5146909356117249,uniform,uniform,10,0.0,0.0,0.0,291.2278924268835,10.0
attention_aggregation,2345,in_distribution,0,0.0,0.0,20,0,0,,0.0,5.811452652437765e-08,0.0,1727.9994,178,2.1820419999977503,100.0,100.0,65.4787349999998,0.5,0.5146909356117249,uniform,uniform,10,0.0,0.0,0.0,,10.0
attention_aggregation,2345,in_distribution,1,13.793428,0.75,5,1,1,94.29347813129424,475.6754207611084,0.8637861996889115,0.09992229,113.20603,178,2.1820419999977503,38.793427,24.999998,65.4787349999998,0.5,0.5146909356117249,uniform,uniform,10,0.0,0.0,0.0,198.1521645784378,10.0
attention_aggregation,2345,in_distribution,2,15.768547,0.7,6,2,2,103.88817110231945,442.63306617736816,0.8585874527692795,0.030694019,90.145355,178,2.1820419999977503,45.768547,30.0,65.4787349999998,0.5,0.5146909356117249,uniform,uniform,10,0.0,0.0,0.0,196.0592472553253,10.0
attention_aggregation,2345,in_distribution,3,9.504109,0.8,4,3,3,114.43595554679632,471.0672283172608,0.6240707665681839,0.54064775,594.92377,178,2.1820419999977503,29.504107,19.999996,65.4787349999998,0.5,0.5146909356117249,uniform,uniform,10,0.0,0.0,0.0,243.78634348511696,10.0
attention_aggregation,2345,in_distribution,4,10.827608,0.65000004,7,6,6,220.1830343099741,471.6785430908203,0.6153329849243164,0.042318784,586.2393,178,2.1820419999977503,45.827606,35.0,65.4787349999998,0.5,0.5146909356117249,uniform,uniform,10,0.0,0.0,0.0,298.7050801057082,10.0
attention_aggregation,2345,in_distribution,5,16.439514,0.6,8,4,4,150.14397844672203,452.8704071044922,0.9049140542745592,0.106450155,18.85347,178,2.1820419999977503,56.43951,39.999996,65.4787349999998,0.5,0.5146909356117249,uniform,uniform,10,0.0,0.0,0.0,240.85741102695465,10.0
attention_aggregation,2345,in_distribution,6,11.288047,0.8,4,4,4,120.72221495211124,438.6626815795898,0.6851851582527161,0.54117304,419.10733,178,2.1820419999977503,31.288048,20.0,65.4787349999998,0.5,0.5146909356117249,uniform,uniform,10,0.0,0.0,0.0,214.3111900985241,10.0
attention_aggregation,2345,in_distribution,7,0.0,0.0,20,0,0,,0.0,5.811452652437765e-08,0.0,1727.9994,178,2.1820419999977503,100.0,100.0,65.4787349999998,0.5,0.5146909356117249,uniform,uniform,10,0.0,0.0,0.0,,10.0
attention_aggregation,2345,in_distribution,8,10.043079,0.85,3,0,0,96.04836502495934,473.285551071167,0.7023924976587296,0.1280557,420.69205,178,2.1820419999977503,25.043083,15.000004,65.4787349999998,0.5,0.5146909356117249,uniform,uniform,10,0.0,0.0,0.0,197.24619879442105,10.0
attention_aggregation,2345,in_distribution,9,0.0,0.0,20,0,0,,0.0,5.811452652437765e-08,0.0,1727.9994,178,2.1820419999977503,100.0,100.0,65.4787349999998,0.5,0.5146909356117249,uniform,uniform,10,0.0,0.0,0.0,,10.0
attention_aggregation,2345,in_distribution,10,7.6312723,0.85,3,1,1,103.61966655534856,390.0700378417969,0.5380871295928955,0.4285193,694.87286,178,2.1820419999977503,22.631271,14.999999,65.4787349999998,0.5,0.5146909356117249,uniform,uniform,10,0.0,0.0,0.0,188.0687402276432,10.0
attention_aggregation,2345,in_distribution,11,14.871907,0.90000004,2,2,2,132.8344488143921,476.1500644683838,0.8981586515903472,0.110431984,96.62478,178,2.1820419999977503,24.87191,10.000003,65.4787349999998,0.5,0.5146909356117249,uniform,uniform,10,0.0,0.0,0.0,272.6231372356415,10.0
attention_aggregation,2345,in_distribution,12,9.669197,0.7,6,6,6,144.8216042774064,460.7240581512451,0.5923814594745636,0.61362374,648.76514,178,2.1820419999977503,39.669197,30.0,65.4787349999998,0.5,0.5146909356117249,uniform,uniform,10,0.0,0.0,0.0,268.31176221370697,10.0
attention_aggregation,2345,in_distribution,13,9.900913,0.8,4,4,4,152.86769405007362,463.9061737060547,0.6161445021629334,0.46120676,576.9088,178,2.1820419999977503,29.900913,20.0,65.4787349999998,0.5,0.5146909356117249,uniform,uniform,10,0.0,0.0,0.0,224.92968007922173,10.0
attention_aggregation,2345,in_distribution,14,13.93989,0.45000002,11,1,1,101.14575038353604,342.9734802246094,0.77759850025177,0.1782498,235.01096,178,2.1820419999977503,68.939896,55.000008,65.4787349999998,0.5,0.5146909356117249,uniform,uniform,10,0.0,0.0,0.0,150.70763111114502,10.0
attention_aggregation,2345,in_distribution,15,9.908365,0.55,9,0,0,86.66028564626521,315.4902648925781,0.6488732099533081,0.08256826,482.16345,178,2.1820419999977503,54.908363,45.0,65.4787349999998,0.5,0.5146909356117249,uniform,uniform,10,0.0,0.0,0.0,166.20196548375216,10.0
attention_aggregation,2345,in_distribution,16,10.802218,1.0,0,0,0,89.11650109291077,429.6100902557373,0.7669625282287598,0.21135119,255.432,178,2.1820419999977503,10.802217,-1.9073486e-06,65.4787349999998,0.5,0.5146909356117249,uniform,uniform,10,0.0,0.0,0.0,207.58777141571045,10.0
attention_aggregation,2345,in_distribution,17,12.791288,0.95,1,0,0,123.80117108947351,438.6871719360352,0.7892331212759018,0.096881695,222.92575,178,2.1820419999977503,17.791285,4.999996,65.4787349999998,0.5,0.5146909356117249,uniform,uniform,10,0.0,0.0,0.0,221.0473104527122,10.0
attention_aggregation,2345,in_distribution,18,12.253193,0.75,5,4,4,141.78699779510498,452.2558307647705,0.7308803468942642,0.19467789,365.3153,178,2.1820419999977503,37.253193,25.0,65.4787349999998,0.5,0.5146909356117249,uniform,uniform,10,0.0,0.0,0.0,269.787606716156,10.0
attention_aggregation,2345,in_distribution,19,14.82098,0.75,5,5,5,130.0242885351181,474.0721893310547,0.8219126701354981,0.026184576,192.00002,178,2.1820419999977503,39.82098,25.0,65.4787349999998,0.5,0.5146909356117249,uniform,uniform,10,0.0,0.0,0.0,260.9581251144409,10.0
attention_aggregation,2345,in_distribution,20,12.726059,0.3,14,11,11,194.46148991584775,479.3581008911133,0.6892838656902314,0.34249705,493.94308,178,2.1820419999977503,82.72606,70.0,65.4787349999998,0.5,0.5146909356117249,uniform,uniform,10,0.0,0.0,0.0,217.7948224544525,10.0
attention_aggregation,2345,in_distribution,21,8.175341,0.85,3,2,2,132.19228169497322,474.4649505615234,0.5710837483406067,0.6535722,673.98425,178,2.1820419999977503,23.175339,14.999998,65.4787349999998,0.5,0.5146909356117249,uniform,uniform,10,0.0,0.0,0.0,237.0136171228745,10.0
attention_aggregation,2345,in_distribution,22,0.0,0.0,20,0,0,,0.0,5.811452652437765e-08,0.0,1727.9994,178,2.1820419999977503,100.0,100.0,65.4787349999998,0.5,0.5146909356117249,uniform,uniform,10,0.0,0.0,0.0,,10.0
attention_aggregation,2345,in_distribution,23,11.427422,0.45000002,11,8,8,242.93087800343832,447.0217323303223,0.6075872123241425,0.047455695,576.4544,178,2.1820419999977503,66.427414,54.999992,65.4787349999998,0.5,0.5146909356117249,uniform,uniform,10,0.0,0.0,0.0,325.7143783569336,10.0
attention_aggregation,2345,in_distribution,24,0.0,0.0,20,0,0,,0.0,5.811452652437765e-08,0.0,1727.9994,178,2.1820419999977503,100.0,100.0,65.4787349999998,0.5,0.5146909356117249,uniform,uniform,10,0.0,0.0,0.0,,10.0
attention_aggregation,2345,in_distribution,25,14.507867,0.75,5,4,4,82.98194843530655,397.3398971557617,0.8280139565467834,0.05317849,138.21323,178,2.1820419999977503,39.507866,25.0,65.4787349999998,0.5,0.5146909356117249,uniform,uniform,10,0.0,0.0,0.0,187.68489837646484,10.0
attention_aggregation,2345,in_distribution,26,12.64913,0.8,4,4,4,137.3361586779356,439.837646484375,0.7715581297874451,0.3492212,254.44614,178,2.1820419999977503,32.64913,20.000002,65.4787349999998,0.5,0.5146909356117249,uniform,uniform,10,0.0,0.0,0.0,245.96690565347672,10.0
attention_aggregation,2345,in_distribution,27,12.167593,0.4,12,1,1,54.98172350227833,473.1193828582764,0.7069130331277848,0.24119101,411.8464,178,2.1820419999977503,72.167595,60.0,65.4787349999998,0.5,0.5146909356117249,uniform,uniform,10,0.0,0.0,0.0,142.22459122538567,10.0
attention_aggregation,2345,in_distribution,28,0.0,0.0,20,0,0,,0.0,5.811452652437765e-08,0.0,1727.9994,178,2.1820419999977503,100.0,100.0,65.4787349999998,0.5,0.5146909356117249,uniform,uniform,10,0.0,0.0,0.0,,10.0
attention_aggregation,2345,in_distribution,29,7.142318,0.85,3,2,2,112.04680302563835,459.6850204467773,0.5130815744400025,0.58007264,770.56854,178,2.1820419999977503,22.142319,15.000001,65.4787349999998,0.5,0.5146909356117249,uniform,uniform,10,0.0,0.0,0.0,215.70995492093704,10.0
attention_aggregation,2345,in_distribution,30,1.9200002,0.0,20,17,17,,0.0,5.811452652437765e-08,1.0296158e-07,1727.9994,178,2.1820419999977503,101.92,100.0,65.4787349999998,0.5,0.5146909356117249,uniform,uniform,10,0.0,0.0,0.0,,10.0
attention_aggregation,2345,in_distribution,31,8.458384,0.6,8,5,5,161.34321480989456,476.3400936126709,0.5314758211374283,0.6422901,751.9067,178,2.1820419999977503,48.45838,40.0,65.4787349999998,0.5,0.5146909356117249,uniform,uniform,10,0.0,0.0,0.0,236.89813494682312,10.0
attention_aggregation,2345,in_distribution,32,12.864519,0.90000004,2,2,2,109.6956419448058,396.4866542816162,0.7724107503890991,0.105261475,244.97148,178,2.1820419999977503,22.864521,10.000002,65.4787349999998,0.5,0.5146909356117249,uniform,uniform,10,0.0,0.0,0.0,202.63051827748615,10.0
attention_aggregation,2345,in_distribution,33,11.171975,0.75,5,0,0,128.75550365447998,432.3829936981201,0.7368826061487198,0.111632586,313.56842,178,2.1820419999977503,36.171974,25.0,65.4787349999998,0.5,0.5146909356117249,uniform,uniform,10,0.0,0.0,0.0,194.11705422401428,10.0
attention_aggregation,2345,in_distribution,34,14.560008,0.7,6,1,1,95.52001128239291,473.0631923675537,0.848634997010231,0.16308472,139.68408,178,2.1820419999977503,44.560005,29.999996,65.4787349999998,0.5,0.5146909356117249,uniform,uniform,10,0.0,0.0,0.0,197.9812170778002,10.0
attention_aggregation,2345,in_distribution,35,9.43127,0.65000004,7,7,7,171.5383786880053,470.3217601776123,0.5695045977830887,0.5681336,672.8731,178,2.1820419999977503,44.431267,34.999996,65.4787349999998,0.5,0.5146909356117249,uniform,uniform,10,0.0,0.0,0.0,243.71165954149689,10.0
attention_aggregation,2345,in_distribution,36,0.0,0.0,20,0,0,,0.0,5.811452652437765e-08,0.0,1727.9994,178,2.1820419999977503,100.0,100.0,65.4787349999998,0.5,0.5146909356117249,uniform,uniform,10,0.0,0.0,0.0,,10.0
attention_aggregation,2345,in_distribution,37,7.6737742,0.7,6,6,6,123.46428087779454,378.8895320892334,0.4869669675827026,0.7313975,793.0237,178,2.1820419999977503,37.67378,30.000004,65.4787349999998,0.5,0.5146909356117249,uniform,uniform,10,0.0,0.0,0.0,179.70316631453375,10.0
attention_aggregation,2345,in_distribution,38,0.0,0.0,20,0,0,,0.0,5.811452652437765e-08,0.0,1727.9994,178,2.1820419999977503,100.0,100.0,65.4787349999998,0.5,0.5146909356117249,uniform,uniform,10,0.0,0.0,0.0,,10.0
attention_aggregation,2345,in_distribution,39,12.500595,0.8,4,3,3,132.1490554511547,466.9679260253906,0.7662445545196533,0.11689776,291.7785,178,2.1820419999977503,32.500595,20.0,65.4787349999998,0.5,0.5146909356117249,uniform,uniform,10,0.0,0.0,0.0,249.90437418222427,10.0
attention_aggregation,2345,in_distribution,40,5.6380806,0.55,9,7,7,132.24399502304468,476.5147304534912,0.387834170460701,1.0473971,1027.8733,178,2.1820419999977503,50.638084,45.000004,65.4787349999998,0.5,0.5146909356117249,uniform,uniform,10,0.0,0.0,0.0,240.008226741444,10.0
attention_aggregation,2345,in_distribution,41,14.733157,0.7,6,6,6,159.7283438699586,473.44204902648926,0.8837117224931716,0.13900477,110.6844,178,2.1820419999977503,44.733154,29.999996,65.4787349999998,0.5,0.5146909356117249,uniform,uniform,10,0.0,0.0,0.0,262.96458976609364,10.0
attention_aggregation,2345,in_distribution,42,0.0,0.0,20,0,0,,0.0,5.811452652437765e-08,0.0,1727.9994,178,2.1820419999977503,100.0,100.0,65.4787349999998,0.5,0.5146909356117249,uniform,uniform,10,0.0,0.0,0.0,,10.0
attention_aggregation,2345,in_distribution,43,10.435093,0.55,9,7,7,146.80938997051933,475.3047466278076,0.6346697539091111,0.5826922,555.2878,178,2.1820419999977503,55.435093,45.0,65.4787349999998,0.5,0.5146909356117249,uniform,uniform,10,0.0,0.0,0.0,234.02622439644557,10.0
attention_aggregation,2345,in_distribution,44,0.0,0.0,20,0,0,,0.0,5.811452652437765e-08,0.0,1727.9994,178,2.1820419999977503,100.0,100.0,65.4787349999998,0.5,0.5146909356117249,uniform,uniform,10,0.0,0.0,0.0,,10.0
attention_aggregation,2345,in_distribution,45,16.694672,0.45000002,11,10,10,156.80514613787332,427.09988594055176,0.8968555927276611,0.050248757,6.037382,178,2.1820419999977503,71.69468,55.000008,65.4787349999998,0.5,0.5146909356117249,uniform,uniform,10,0.0,0.0,0.0,193.4907333056132,10.0
attention_aggregation,2345,in_distribution,46,10.63707,0.90000004,2,1,1,159.53141003847122,472.091588973999,0.6923142462968827,0.42447168,438.84833,178,2.1820419999977503,20.63707,10.0,65.4787349999998,0.5,0.5146909356117249,uniform,uniform,10,0.0,0.0,0.0,263.70050847530365,10.0
attention_aggregation,2345,in_distribution,47,10.79696,0.75,5,2,2,181.14223563671112,475.0096321105957,0.6766706973314285,0.30691716,511.52814,178,2.1820419999977503,35.79696,25.0,65.4787349999998,0.5,0.5146909356117249,uniform,uniform,10,0.0,0.0,0.0,278.36837553977966,10.0
attention_aggregation,2345,in_distribution,48,11.843019,0.5,10,0,0,105.18876242637634,243.90460968017575,0.6996363401412964,0.13308826,384.69818,178,2.1820419999977503,61.843018,50.0,65.4787349999998,0.5,0.5146909356117249,uniform,uniform,10,0.0,0.0,0.0,133.8018125295639,10.0
attention_aggregation,2345,in_distribution,49,0.0,0.0,20,0,0,,0.0,5.811452652437765e-08,0.0,1727.9994,178,2.1820419999977503,100.0,100.0,65.4787349999998,0.5,0.5146909356117249,uniform,uniform,10,0.0,0.0,0.0,,10.0
attention_aggregation,2345,in_distribution,50,7.7193007,0.7,6,6,6,136.02169256125177,439.1893672943115,0.4981109291315079,0.4923923,778.81647,178,2.1820419999977503,37.719296,29.999994,65.4787349999998,0.5,0.5146909356117249,uniform,uniform,10,0.0,0.0,0.0,254.25842540604728,10.0
attention_aggregation,2345,in_distribution,51,15.811356,0.7,6,4,4,170.3957952771868,474.70507621765137,0.8805940538644791,0.05272369,79.96463,178,2.1820419999977503,45.81136,30.000004,65.4787349999998,0.5,0.5146909356117249,uniform,uniform,10,0.0,0.0,0.0,266.5969858850752,10.0
attention_aggregation,2345,in_distribution,52,15.009445,0.7,6,2,2,93.9248896070889,444.3431282043457,0.8819206893444062,0.10589125,47.055565,178,2.1820419999977503,45.009445,30.0,65.4787349999998,0.5,0.5146909356117249,uniform,uniform,10,0.0,0.0,0.0,208.58053616115023,10.0
attention_aggregation,2345,in_distribution,53,0.0,0.0,20,0,0,,0.0,5.811452652437765e-08,0.0,1727.9994,178,2.1820419999977503,100.0,100.0,65.4787349999998,0.5,0.5146909356117249,uniform,uniform,10,0.0,0.0,0.0,,10.0
attention_aggregation,2345,in_distribution,54,7.953006,0.7,6,2,2,99.5333909562656,427.0655822753906,0.5288953185081482,0.5752848,712.5212,178,2.1820419999977503,37.953003,29.999996,65.4787349999998,0.5,0.5146909356117249,uniform,uniform,10,0.0,0.0,0.0,182.2100694690432,10.0
attention_aggregation,2345,in_distribution,55,10.310776,0.90000004,2,1,1,153.884326616923,454.30386543273926,0.7036241382360459,0.16928813,399.3455,178,2.1820419999977503,20.310778,10.000002,65.4787349999998,0.5,0.5146909356117249,uniform,uniform,10,0.0,0.0,0.0,237.24341988563535,10.0
attention_aggregation,2345,in_distribution,56,10.798122,0.85,3,3,3,130.84585421225603,435.0771331787109,0.6651382088661194,0.37415963,454.0119,178,2.1820419999977503,25.798122,15.0,65.4787349999998,0.5,0.5146909356117249,uniform,uniform,10,0.0,0.0,0.0,231.72337868634392,10.0
attention_aggregation,2345,in_distribution,57,0.36462203,0.0,20,1,1,,0.0,5.811452652437765e-08,1.7320508,1727.9994,178,2.1820419999977503,100.364624,100.0,65.4787349999998,0.5,0.5146909356117249,uniform,uniform,10,0.0,0.0,0.0,,10.0
attention_aggregation,2345,in_distribution,58,12.655371,0.90000004,2,1,1,144.76325770219168,471.0575866699219,0.8146741271018982,0.14695802,241.46281,178,2.1820419999977503,22.655369,9.999998,65.4787349999998,0.5,0.5146909356117249,uniform,uniform,10,0.0,0.0,0.0,261.6059265534083,10.0
attention_aggregation,2345,in_distribution,59,8.073186,0.3,14,0,0,78.39854270219803,154.4505786895752,0.4876659512519836,0.06821766,791.68146,178,2.1820419999977503,78.07319,70.0,65.4787349999998,0.5,0.5146909356117249,uniform,uniform,10,0.0,0.0,0.0,112.19010472297668,10.0
attention_aggregation,2345,in_distribution,60,5.3480396,0.25,15,15,15,220.72447299957275,442.2585868835449,0.2347895681858062,0.06293282,1295.9998,178,2.1820419999977503,80.348045,75.00001,65.4787349999998,0.5,0.5146909356117249,uniform,uniform,10,0.0,0.0,0.0,398.4496078491211,10.0
attention_aggregation,2345,in_distribution,61,11.773992,1.0,0,0,0,135.4089144319296,463.9210510253906,0.7923543691635132,0.13255481,238.60086,178,2.1820419999977503,11.773991,-9.536743e-07,65.4787349999998,0.5,0.5146909356117249,uniform,uniform,10,0.0,0.0,0.0,246.2884758710861,10.0
attention_aggregation,2345,in_distribution,62,13.123681,0.8,4,4,4,106.63292666897178,463.1756401062012,0.8108535349369049,0.13373175,202.33691,178,2.1820419999977503,33.12368,20.0,65.4787349999998,0.5,0.5146909356117249,uniform,uniform,10,0.0,0.0,0.0,199.701968729496,10.0
attention_aggregation,2345,in_distribution,63,15.614391,0.7,6,1,1,127.3776163905859,451.3517761230469,0.8926943778991699,0.014899239,33.378746,178,2.1820419999977503,45.61439,30.0,65.4787349999998,0.5,0.5146909356117249,uniform,uniform,10,0.0,0.0,0.0,216.4301029699189,10.0
attention_aggregation,2345,in_distribution,64,16.785774,0.65000004,7,3,3,111.2354788871912,457.4791431427002,0.9105751395225524,0.04213943,21.422762,178,2.1820419999977503,51.785767,34.999992,65.4787349999998,0.5,0.5146909356117249,uniform,uniform,10,0.0,0.0,0.0,200.60272858693048,10.0
attention_aggregation,2345,in_distribution,65,7.6619406,0.5,10,0,0,143.02876389026642,307.5263214111328,0.5178093910217285,0.2644923,733.806,178,2.1820419999977503,57.66194,50.0,65.4787349999998,0.5,0.5146909356117249,uniform,uniform,10,0.0,0.0,0.0,165.8287603855133,10.0
attention_aggregation,2345,in_distribution,66,6.1628838,0.7,6,4,4,157.68118513481957,459.27995681762695,0.4435252487659454,0.60623276,903.7117,178,2.1820419999977503,36.16288,29.999996,65.4787349999998,0.5,0.5146909356117249,uniform,uniform,10,0.0,0.0,0.0,221.60531299454823,10.0
attention_aggregation,2345,in_distribution,67,10.522966,0.85,3,3,3,123.45278426128276,477.1023845672608,0.7128662049770356,0.2259211,439.70328,178,2.1820419999977503,25.522966,15.0,65.4787349999998,0.5,0.5146909356117249,uniform,uniform,10,0.0,0.0,0.0,214.20321485575508,10.0
attention_aggregation,2345,in_distribution,68,15.581106,0.8,4,3,3,166.5342341735959,479.4624996185303,0.900796177983284,0.12847504,48.0,178,2.1820419999977503,35.58111,20.000002,65.4787349999998,0.5,0.5146909356117249,uniform,uniform,10,0.0,0.0,0.0,247.1912308037281,10.0
attention_aggregation,2345,in_distribution,69,7.867708,0.8,4,4,4,108.34343740716577,441.5006732940674,0.5699331253767014,0.34710762,643.2291,178,2.1820419999977503,27.867706,19.999998,65.4787349999998,0.5,0.5146909356117249,uniform,uniform,10,0.0,0.0,0.0,186.9113635271788,10.0
attention_aggregation,2345,in_distribution,70,15.88829,0.75,5,3,3,135.21131110191345,426.0834503173828,0.8900947570800781,0.020141862,19.018215,178,2.1820419999977503,40.888283,24.999992,65.4787349999998,0.5,0.5146909356117249,uniform,uniform,10,0.0,0.0,0.0,210.426687002182,10.0
attention_aggregation,2345,in_distribution,71,4.5730066,0.35,13,13,13,349.3828623635428,474.9081802368164,0.2235984236001968,0.16588482,1343.9998,178,2.1820419999977503,69.573006,65.0,65.4787349999998,0.5,0.5146909356117249,uniform,uniform,10,0.0,0.0,0.0,415.0238595690046,10.0
attention_aggregation,2345,in_distribution,72,11.400328,0.65000004,7,6,6,123.07014061854436,467.3776245117188,0.7041346162557602,0.4534974,433.2053,178,2.1820419999977503,46.400322,34.999992,65.4787349999998,0.5,0.5146909356117249,uniform,uniform,10,0.0,0.0,0.0,227.4605143987216,10.0
attention_aggregation,2345,in_distribution,73,7.148462,0.65000004,7,7,7,212.75232072059924,445.3653144836426,0.4644074380397797,0.81539094,849.70325,178,2.1820419999977503,42.14846,35.0,65.4787349999998,0.5,0.5146909356117249,uniform,uniform,10,0.0,0.0,0.0,256.45770659813513,10.0
attention_aggregation,2345,in_distribution,74,13.955993,0.8,4,3,3,130.901789534837,469.23182487487793,0.8247439742088318,0.17231674,201.40094,178,2.1820419999977503,33.955994,20.0,65.4787349999998,0.5,0.5146909356117249,uniform,uniform,10,0.0,0.0,0.0,258.8666306063533,10.0
attention_aggregation,2345,in_distribution,75,0.0,0.0,20,0,0,,0.0,5.811452652437765e-08,0.0,1727.9994,178,2.1820419999977503,100.0,100.0,65.4787349999998,0.5,0.5146909356117249,uniform,uniform,10,0.0,0.0,0.0,,10.0
attention_aggregation,2345,in_distribution,76,10.1383,0.85,3,2,2,146.72769406262566,478.77233505249023,0.6874856978654862,0.43075082,479.16998,178,2.1820419999977503,25.138294,14.999994,65.4787349999998,0.5,0.5146909356117249,uniform,uniform,10,0.0,0.0,0.0,240.3884970440584,10.0
attention_aggregation,2345,in_distribution,77,12.68833,0.7,6,4,4,151.58763949360167,477.64062881469727,0.7828978836536408,0.21955301,270.47675,178,2.1820419999977503,42.68833,30.000002,65.4787349999998,0.5,0.5146909356117249,uniform,uniform,10,0.0,0.0,0.0,228.21868479251864,10.0
attention_aggregation,2345,in_distribution,78,7.1807747,0.25,15,14,14,341.8765776157379,475.94409942626953,0.3705176293849945,0.2607647,1104.0,178,2.1820419999977503,82.18078,75.0,65.4787349999998,0.5,0.5146909356117249,uniform,uniform,10,0.0,0.0,0.0,445.6670322418213,10.0
attention_aggregation,2345,in_distribution,79,9.575567,0.4,12,10,10,261.4687129855156,474.3289375305176,0.5006859540939331,0.046430897,809.012,178,2.1820419999977503,69.57556,59.999992,65.4787349999998,0.5,0.5146909356117249,uniform,uniform,10,0.0,0.0,0.0,331.5798282623291,10.0
attention_aggregation,2345,in_distribution,80,14.859779,0.65000004,7,5,5,134.3709488098438,460.59099197387695,0.8398911893367768,0.16308288,144.00002,178,2.1820419999977503,49.85978,35.0,65.4787349999998,0.5,0.5146909356117249,uniform,uniform,10,0.0,0.0,0.0,241.4672387563265,10.0
attention_aggregation,2345,in_distribution,81,12.10354,0.65000004,7,1,1,105.2306265097398,332.4583911895752,0.7404847145080566,0.16318691,306.26932,178,2.1820419999977503,47.103542,35.0,65.4787349999998,0.5,0.5146909356117249,uniform,uniform,10,0.0,0.0,0.0,174.54532439892108,10.0
attention_aggregation,2345,in_distribution,82,0.0,0.0,20,0,0,,0.0,5.811452652437765e-08,0.0,1727.9994,178,2.1820419999977503,100.0,100.0,65.4787349999998,0.5,0.5146909356117249,uniform,uniform,10,0.0,0.0,0.0,,10.0
attention_aggregation,2345,in_distribution,83,14.171095,0.8,4,3,3,116.95195309817792,389.64094161987305,0.8012713193893433,0.09390662,189.55914,178,2.1820419999977503,34.171097,20.000002,65.4787349999998,0.5,0.5146909356117249,uniform,uniform,10,0.0,0.0,0.0,187.19911314547065,10.0
attention_aggregation,2345,in_distribution,84,15.591188,0.75,5,4,4,100.21079245209694,457.7394676208496,0.8999262392520905,0.105473556,25.881313,178,2.1820419999977503,40.591187,24.999998,65.4787349999998,0.5,0.5146909356117249,uniform,uniform,10,0.0,0.0,0.0,195.1500813961029,10.0
attention_aggregation,2345,in_distribution,85,2.8442044,0.15,17,16,16,297.5945043563843,443.7927532196045,0.1172546789050102,0.2146877,1535.9995,178,2.1820419999977503,87.8442,84.99999,65.4787349999998,0.5,0.5146909356117249,uniform,uniform,10,0.0,0.0,0.0,443.04296493530273,10.0
attention_aggregation,2345,in_distribution,86,8.275419,0.7,6,4,4,124.935302904674,458.0947780609131,0.5472871690988541,0.65540534,718.4582,178,2.1820419999977503,38.27542,30.000002,65.4787349999998,0.5,0.5146909356117249,uniform,uniform,10,0.0,0.0,0.0,221.36073819228585,10.0
attention_aggregation,2345,in_distribution,87,9.350384,0.55,9,9,9,133.61254627054387,466.50715827941895,0.5599142134189605,0.62817776,704.9616,178,2.1820419999977503,54.350384,45.0,65.4787349999998,0.5,0.5146909356117249,uniform,uniform,10,0.0,0.0,0.0,254.8633751002225,10.0
attention_aggregation,2345,in_distribution,88,11.15244,0.8,4,3,3,137.35388427972794,477.6098728179932,0.6672610729932785,0.21975209,492.4687,178,2.1820419999977503,31.152441,20.0,65.4787349999998,0.5,0.5146909356117249,uniform,uniform,10,0.0,0.0,0.0,248.31818662583828,10.0
attention_aggregation,2345,in_distribution,89,9.023451,0.8,4,3,3,91.46944535896182,455.3914833068848,0.6159208953380585,0.32547784,568.82336,178,2.1820419999977503,29.023453,20.000002,65.4787349999998,0.5,0.5146909356117249,uniform,uniform,10,0.0,0.0,0.0,189.76397819817063,10.0
attention_aggregation,2345,in_distribution,90,1.6588181,0.0,20,16,16,,0.0,5.811452652437765e-08,0.16728148,1727.9994,178,2.1820419999977503,101.65881,99.99999,65.4787349999998,0.5,0.5146909356117249,uniform,uniform,10,0.0,0.0,0.0,,10.0
attention_aggregation,2345,in_distribution,91,15.138427,0.85,3,2,2,124.15577062789131,395.91007232666016,0.8832440376281738,0.03031439,32.171654,178,2.1820419999977503,30.13843,15.000003,65.4787349999998,0.5,0.5146909356117249,uniform,uniform,10,0.0,0.0,0.0,189.4502322814044,10.0
attention_aggregation,2345,in_distribution,92,9.533236,0.25,15,0,0,73.06522250175476,161.78659915924072,0.5439184904098511,0.09096845,683.67645,178,2.1820419999977503,84.53323,75.0,65.4787349999998,0.5,0.5146909356117249,uniform,uniform,10,0.0,0.0,0.0,99.6781554222107,10.0
attention_aggregation,2345,in_distribution,93,10.616739,0.65000004,7,6,6,265.30801699711725,451.0091400146485,0.6160584270954133,0.09823072,577.8916,178,2.1820419999977503,45.616737,35.0,65.4787349999998,0.5,0.5146909356117249,uniform,uniform,10,0.0,0.0,0.0,318.47209563622107,10.0
attention_aggregation,2345,in_distribution,94,10.78496,0.8,4,3,3,92.88975100032984,438.1431770324707,0.6555607944726944,0.26583478,475.50394,178,2.1820419999977503,30.784958,19.999998,65.4787349999998,0.5,0.5146909356117249,uniform,uniform,10,0.0,0.0,0.0,204.1445581242442,10.0
attention_aggregation,2345,in_distribution,95,8.115621,0.65000004,7,5,5,178.62402732555682,415.8777523040772,0.5071925520896912,0.6605663,754.1905,178,2.1820419999977503,43.115616,34.999996,65.4787349999998,0.5,0.5146909356117249,uniform,uniform,10,0.0,0.0,0.0,270.1436976286081,10.0
attention_aggregation,2345,in_distribution,96,14.065334,0.7,6,5,5,162.10456711905343,455.0739097595215,0.8478410124778748,0.119215705,132.46652,178,2.1820419999977503,44.065334,30.0,65.4787349999998,0.5,0.5146909356117249,uniform,uniform,10,0.0,0.0,0.0,249.0958106517792,10.0
attention_aggregation,2345,in_distribution,97,0.0,0.0,20,0,0,,0.0,5.811452652437765e-08,0.0,1727.9994,178,2.1820419999977503,100.0,100.0,65.4787349999998,0.5,0.5146909356117249,uniform,uniform,10,0.0,0.0,0.0,,10.0
attention_aggregation,2345,in_distribution,98,12.626708,0.7,6,5,5,156.54648286955697,399.4836616516113,0.7357831001281738,0.08951605,315.29654,178,2.1820419999977503,42.626713,30.000004,65.4787349999998,0.5,0.5146909356117249,uniform,uniform,10,0.0,0.0,0.0,233.32864114216397,10.0
attention_aggregation,2345,in_distribution,99,12.422827,0.45000002,11,10,10,163.17990382512411,417.71281242370605,0.6750000715255737,0.5801877,432.0,178,2.1820419999977503,67.42282,54.999992,65.4787349999998,0.5,0.5146909356117249,uniform,uniform,10,0.0,0.0,0.0,265.6384499867757,10.0
attention_aggregation,3456,in_distribution,0,15.249374,0.85,3,2,2,123.51559638977052,441.4852809906006,0.8886450320482254,0.044641517,31.287067,134,1.6060029999965764,30.249378,15.000004,53.655261000000685,0.5,0.5146909356117249,uniform,uniform,10,0.0,0.0,0.0,214.036123752594,10.0
attention_aggregation,3456,in_distribution,1,10.513152,0.95,1,0,0,103.60615036989512,473.2393169403076,0.6989685118198394,0.19899942,458.61884,134,1.6060029999965764,15.513153,5.000001,53.655261000000685,0.5,0.5146909356117249,uniform,uniform,10,0.0,0.0,0.0,221.8793986031884,10.0
attention_aggregation,3456,in_distribution,2,13.774721,0.85,3,3,3,105.61284279122071,442.63306617736816,0.787505516409874,0.06690434,226.62253,134,1.6060029999965764,28.774721,15.0,53.655261000000685,0.5,0.5146909356117249,uniform,uniform,10,0.0,0.0,0.0,205.5154862123377,10.0
attention_aggregation,3456,in_distribution,3,13.902222,0.85,3,2,2,83.06752892101512,471.3180541992188,0.8228382349014283,0.07563877,190.66003,134,1.6060029999965764,28.902222,15.0,53.655261000000685,0.5,0.5146909356117249,uniform,uniform,10,0.0,0.0,0.0,205.3973064001869,10.0
attention_aggregation,3456,in_distribution,4,15.149449,0.90000004,2,2,2,109.57493911186856,421.7307186126709,0.8866976499557495,0.045035843,25.54065,134,1.6060029999965764,25.149448,9.999999,53.655261000000685,0.5,0.5146909356117249,uniform,uniform,10,0.0,0.0,0.0,221.13240917523703,10.0
attention_aggregation,3456,in_distribution,5,13.115374,0.90000004,2,2,2,132.97478765249252,469.9697685241699,0.8008929818868638,0.09420881,228.46275,134,1.6060029999965764,23.115376,10.000002,53.655261000000685,0.5,0.5146909356117249,uniform,uniform,10,0.0,0.0,0.0,235.0901730855306,10.0
attention_aggregation,3456,in_distribution,6,14.709506,0.95,1,1,1,120.59359186574032,435.3277587890625,0.9017333030700684,0.028421381,0.0,134,1.6060029999965764,19.709507,5.000001,53.655261000000685,0.5,0.5146909356117249,uniform,uniform,10,0.0,0.0,0.0,218.83226187605607,10.0
attention_aggregation,3456,in_distribution,7,14.287006,0.8,4,1,1,130.0982216745615,453.64394187927246,0.8869187623262406,0.09056784,46.760117,134,1.6060029999965764,34.28701,20.000004,53.655261000000685,0.5,0.5146909356117249,uniform,uniform,10,0.0,0.0,0.0,224.60494548082352,10.0
attention_aggregation,3456,in_distribution,8,10.39105,0.90000004,2,1,1,91.8479573726654,472.6431941986084,0.6951495796442032,0.3291789,433.95605,134,1.6060029999965764,20.391052,10.000002,53.655261000000685,0.5,0.5146909356117249,uniform,uniform,10,0.0,0.0,0.0,199.85994776089987,10.0
attention_aggregation,3456,in_distribution,9,14.849867,0.8,4,2,2,98.58717050403357,439.59574699401855,0.8531001001596451,0.09030809,97.64375,134,1.6060029999965764,34.84987,20.000002,53.655261000000685,0.5,0.5146909356117249,uniform,uniform,10,0.0,0.0,0.0,178.37225295603275,10.0
attention_aggregation,3456,in_distribution,10,8.894598,0.85,3,1,1,71.53433287844939,346.8688774108887,0.603885293006897,0.27105734,568.54016,134,1.6060029999965764,23.894596,14.999998,53.655261000000685,0.5,0.5146909356117249,uniform,uniform,10,0.0,0.0,0.0,155.98340644555932,10.0
attention_aggregation,3456,in_distribution,11,14.856758,0.85,3,3,3,90.73784561718212,432.9610347747803,0.8420726448297501,0.04748234,112.18164,134,1.6060029999965764,29.856758,15.0,53.655261000000685,0.5,0.5146909356117249,uniform,uniform,10,0.0,0.0,0.0,210.0276816592497,10.0
attention_aggregation,3456,in_distribution,12,14.576342,0.95,1,1,1,98.80529202912984,461.8296718597412,0.8982790589332581,0.05669147,53.89871,134,1.6060029999965764,19.57634,4.999998,53.655261000000685,0.5,0.5146909356117249,uniform,uniform,10,0.0,0.0,0.0,222.62668471587327,10.0
attention_aggregation,3456,in_distribution,13,14.915253,0.8,4,4,4,89.21070132404566,400.93711853027344,0.845934271812439,0.067170605,103.80627,134,1.6060029999965764,34.91525,19.999996,53.655261000000685,0.5,0.5146909356117249,uniform,uniform,10,0.0,0.0,0.0,169.9415984004736,10.0
attention_aggregation,3456,in_distribution,14,13.813808,0.90000004,2,1,1,127.45222687721252,476.7245864868164,0.8824360787868499,0.0895251,142.61917,134,1.6060029999965764,23.813816,10.000008,53.655261000000685,0.5,0.5146909356117249,uniform,uniform,10,0.0,0.0,0.0,257.3579589525859,10.0
attention_aggregation,3456,in_distribution,15,12.476064,0.7,6,4,4,125.19762320177897,310.68469047546387,0.7455719709396362,0.065539114,296.50195,134,1.6060029999965764,42.476067,30.000004,53.655261000000685,0.5,0.5146909356117249,uniform,uniform,10,0.0,0.0,0.0,191.76608511379783,10.0
attention_aggregation,3456,in_distribution,16,12.10061,0.95,1,1,1,98.2933665576734,386.0139656066895,0.8015943169593811,0.06259747,188.93896,134,1.6060029999965764,17.100609,4.999999,53.655261000000685,0.5,0.5146909356117249,uniform,uniform,10,0.0,0.0,0.0,203.24683559568305,10.0
attention_aggregation,3456,in_distribution,17,13.952257,0.85,3,3,3,99.4897143981036,466.2458610534668,0.8407826364040375,0.05325881,147.94331,134,1.6060029999965764,28.95226,15.000002,53.655261000000685,0.5,0.5146909356117249,uniform,uniform,10,0.0,0.0,0.0,210.54992016624,10.0
attention_aggregation,3456,in_distribution,18,12.956616,0.85,3,2,2,112.32279896736144,408.45168113708496,0.7885876893997192,0.047226675,213.91182,134,1.6060029999965764,27.95661,14.999993,53.655261000000685,0.5,0.5146909356117249,uniform,uniform,10,0.0,0.0,0.0,207.2248092118432,10.0
attention_aggregation,3456,in_distribution,19,15.338653,0.85,3,3,3,117.9371747900458,468.31360816955566,0.8684717893600464,0.022824982,122.13475,134,1.6060029999965764,30.338657,15.000005,53.655261000000685,0.5,0.5146909356117249,uniform,uniform,10,0.0,0.0,0.0,236.9596334064708,10.0
attention_aggregation,3456,in_distribution,20,13.51679,0.85,3,2,2,126.27369298654445,447.2108173370361,0.8287482142448426,0.12337461,154.65787,134,1.6060029999965764,28.516788,14.999998,53.655261000000685,0.5,0.5146909356117249,uniform,uniform,10,0.0,0.0,0.0,194.92676980355208,10.0
attention_aggregation,3456,in_distribution,21,14.4480915,0.95,1,0,0,84.56915654634174,474.5668315887451,0.910089325904846,0.02235808,101.12967,134,1.6060029999965764,19.44809,4.999998,53.655261000000685,0.5,0.5146909356117249,uniform,uniform,10,0.0,0.0,0.0,201.130100425921,10.0
attention_aggregation,3456,in_distribution,22,15.275679,0.8,4,3,3,105.02384193241596,451.17751121521,0.9075035244226456,0.087952524,4.7709503,134,1.6060029999965764,35.275677,19.999998,53.655261000000685,0.5,0.5146909356117249,uniform,uniform,10,0.0,0.0,0.0,218.3147621154785,10.0
attention_aggregation,3456,in_distribution,23,14.581188,0.8,4,3,3,107.1399975568056,469.90047454833984,0.8753527045249939,0.08890884,85.22335,134,1.6060029999965764,34.581192,20.000004,53.655261000000685,0.5,0.5146909356117249,uniform,uniform,10,0.0,0.0,0.0,237.7170192450285,10.0
attention_aggregation,3456,in_distribution,24,14.19309,0.90000004,2,1,1,108.18098425865172,475.3367328643799,0.8767720133066177,0.061898258,143.82378,134,1.6060029999965764,24.19309,10.0,53.655261000000685,0.5,0.5146909356117249,uniform,uniform,10,0.0,0.0,0.0,242.64122823874155,10.0
attention_aggregation,3456,in_distribution,25,12.340353,0.90000004,2,2,2,105.89247713486354,454.6094226837158,0.7521593451499939,0.14788623,324.66068,134,1.6060029999965764,22.340351,9.999998,53.655261000000685,0.5,0.5146909356117249,uniform,uniform,10,0.0,0.0,0.0,218.8791916767756,10.0
attention_aggregation,3456,in_distribution,26,13.854849,0.95,1,1,1,78.87587561027,433.4722709655762,0.8451746642589569,0.05875189,106.73701,134,1.6060029999965764,18.854847,4.999998,53.655261000000685,0.5,0.5146909356117249,uniform,uniform,10,0.0,0.0,0.0,192.20369056651467,10.0
attention_aggregation,3456,in_distribution,27,11.487758,0.90000004,2,2,2,84.49556400378545,474.2128658294678,0.706021037697792,0.17293079,427.17328,134,1.6060029999965764,21.487757,9.999999,53.655261000000685,0.5,0.5146909356117249,uniform,uniform,10,0.0,0.0,0.0,238.6892227331797,10.0
attention_aggregation,3456,in_distribution,28,15.4151945,0.75,5,3,3,153.2940731048584,467.9183578491211,0.8989056527614594,0.0699799,47.016994,134,1.6060029999965764,40.4152,25.000004,53.655261000000685,0.5,0.5146909356117249,uniform,uniform,10,0.0,0.0,0.0,251.7351007461548,10.0
attention_aggregation,3456,in_distribution,29,13.816537,0.90000004,2,0,0,68.34167917569478,477.5349998474121,0.8694244951009751,0.06077708,148.02411,134,1.6060029999965764,23.816538,10.000001,53.655261000000685,0.5,0.5146909356117249,uniform,uniform,10,0.0,0.0,0.0,210.4516887664795,10.0
attention_aggregation,3456,in_distribution,30,14.643191,0.85,3,3,3,95.14028033789468,473.1376075744629,0.902042144536972,0.03474272,37.216846,134,1.6060029999965764,29.643192,15.000001,53.655261000000685,0.5,0.5146909356117249,uniform,uniform,10,0.0,0.0,0.0,221.35635032373315,10.0
attention_aggregation,3456,in_distribution,31,14.70519,0.7,6,3,3,107.2589168378285,451.3689136505127,0.8358477681875229,0.07319365,156.48112,134,1.6060029999965764,44.70519,30.0,53.655261000000685,0.5,0.5146909356117249,uniform,uniform,10,0.0,0.0,0.0,201.27264925411768,10.0
attention_aggregation,3456,in_distribution,32,12.132044,0.90000004,2,2,2,100.20576149225236,403.64121437072754,0.7355256080627441,0.12907636,315.79092,134,1.6060029999965764,22.132046,10.000002,53.655261000000685,0.5,0.5146909356117249,uniform,uniform,10,0.0,0.0,0.0,193.14063946406048,10.0
attention_aggregation,3456,in_distribution,33,8.581516,0.90000004,2,0,0,84.48304494222005,365.2781581878662,0.6547664403915405,0.078260265,470.84827,134,1.6060029999965764,18.581516,10.0,53.655261000000685,0.5,0.5146909356117249,uniform,uniform,10,0.0,0.0,0.0,171.51464700698853,10.0
attention_aggregation,3456,in_distribution,34,12.83313,0.95,1,0,0,142.42401725367495,473.0631923675537,0.8417532771825791,0.16555223,165.68698,134,1.6060029999965764,17.83313,5.0,53.655261000000685,0.5,0.5146909356117249,uniform,uniform,10,0.0,0.0,0.0,264.28268231843646,10.0
attention_aggregation,3456,in_distribution,35,15.710036,0.75,5,4,4,109.04359006881714,435.516300201416,0.881465607881546,0.090559386,39.102467,134,1.6060029999965764,40.710037,25.0,53.655261000000685,0.5,0.5146909356117249,uniform,uniform,10,0.0,0.0,0.0,197.88058710098267,10.0
attention_aggregation,3456,in_distribution,36,15.204086,0.85,3,3,3,86.6658417968189,375.6420421600342,0.8747943043708801,0.108185254,48.39509,134,1.6060029999965764,30.204086,15.0,53.655261000000685,0.5,0.5146909356117249,uniform,uniform,10,0.0,0.0,0.0,180.5383128278396,10.0
attention_aggregation,3456,in_distribution,37,15.599526,0.90000004,2,2,2,108.9186942577362,462.9870128631592,0.8911977887153626,0.099451855,56.04733,134,1.6060029999965764,25.59953,10.000003,53.655261000000685,0.5,0.5146909356117249,uniform,uniform,10,0.0,0.0,0.0,214.0783452987671,10.0
attention_aggregation,3456,in_distribution,38,15.620017,0.8,4,3,3,150.8980356529355,462.3657417297363,0.9068617105484008,0.0644196,24.621546,134,1.6060029999965764,35.620018,20.0,53.655261000000685,0.5,0.5146909356117249,uniform,uniform,10,0.0,0.0,0.0,263.0250332504511,10.0
attention_aggregation,3456,in_distribution,39,13.815029,0.8,4,4,4,144.69763409346342,432.9613780975342,0.8208464175462723,0.078379765,152.93636,134,1.6060029999965764,33.815033,20.000004,53.655261000000685,0.5,0.5146909356117249,uniform,uniform,10,0.0,0.0,0.0,240.80359853804111,10.0
attention_aggregation,3456,in_distribution,40,14.772746,0.8,4,2,2,107.98240781296045,450.65382957458496,0.8697070807218552,0.038014706,84.734055,134,1.6060029999965764,34.772743,19.999996,53.655261000000685,0.5,0.5146909356117249,uniform,uniform,10,0.0,0.0,0.0,197.79088206589225,10.0
attention_aggregation,3456,in_distribution,41,11.51561,0.85,3,3,3,134.54406149247114,463.2865333557129,0.7217956721782685,0.24768789,373.43896,134,1.6060029999965764,26.515606,14.999996,53.655261000000685,0.5,0.5146909356117249,uniform,uniform,10,0.0,0.0,0.0,231.16713565938613,10.0
attention_aggregation,3456,in_distribution,42,16.032581,0.8,4,2,2,102.7584021538496,476.2320327758789,0.9384891510009764,0.041773673,1.7417336,134,1.6060029999965764,36.032585,20.000004,53.655261000000685,0.5,0.5146909356117249,uniform,uniform,10,0.0,0.0,0.0,242.76634387671947,10.0
attention_aggregation,3456,in_distribution,43,16.150002,0.75,5,2,2,161.93287420272827,455.70241928100586,0.9174367159605026,0.041458346,0.0,134,1.6060029999965764,41.15,25.0,53.655261000000685,0.5,0.5146909356117249,uniform,uniform,10,0.0,0.0,0.0,268.6592770814896,10.0
attention_aggregation,3456,in_distribution,44,13.974644,0.90000004,2,1,1,126.38039847215016,476.5771579742432,0.8758797138929367,0.07250111,90.888214,134,1.6060029999965764,23.97464,9.999996,53.655261000000685,0.5,0.5146909356117249,uniform,uniform,10,0.0,0.0,0.0,238.22504003842676,10.0
attention_aggregation,3456,in_distribution,45,14.617217,0.75,5,4,4,135.97733187675476,441.7334461212158,0.8495528787374497,0.07623014,106.59209,134,1.6060029999965764,39.617218,25.0,53.655261000000685,0.5,0.5146909356117249,uniform,uniform,10,0.0,0.0,0.0,205.58831453323364,10.0
attention_aggregation,3456,in_distribution,46,13.21114,0.95,1,0,0,102.75860413124688,382.78985023498535,0.8730649948120117,0.08412959,51.715282,134,1.6060029999965764,18.21114,5.0,53.655261000000685,0.5,0.5146909356117249,uniform,uniform,10,0.0,0.0,0.0,212.09996261094747,10.0
attention_aggregation,3456,in_distribution,47,11.193859,0.8,4,1,1,95.9960001334548,392.5177574157715,0.6866593360900879,0.20496222,409.61404,134,1.6060029999965764,31.19386,20.0,53.655261000000685,0.5,0.5146909356117249,uniform,uniform,10,0.0,0.0,0.0,179.99950110912323,10.0
attention_aggregation,3456,in_distribution,48,10.286032,0.90000004,2,1,1,98.47076654434204,421.9257545471192,0.6693452000617981,0.11824953,442.85718,134,1.6060029999965764,20.28603,9.999998,53.655261000000685,0.5,0.5146909356117249,uniform,uniform,10,0.0,0.0,0.0,192.67357071240744,10.0
attention_aggregation,3456,in_distribution,49,15.141994,0.7,6,3,3,156.85166052409582,460.9811496734619,0.8646774977445603,0.027721673,96.80049,134,1.6060029999965764,45.141994,30.0,53.655261000000685,0.5,0.5146909356117249,uniform,uniform,10,0.0,0.0,0.0,214.3569450719016,10.0
attention_aggregation,3456,in_distribution,50,14.440617,0.90000004,2,2,2,112.66417488455772,478.2827568054199,0.8755049884319306,0.047088042,114.02468,134,1.6060029999965764,24.440617,10.0,53.655261000000685,0.5,0.5146909356117249,uniform,uniform,10,0.0,0.0,0.0,235.1276278495789,10.0
attention_aggregation,3456,in_distribution,51,15.465791,0.85,3,1,1,117.1215749838773,461.38710021972656,0.8935787856578827,0.06352487,42.905464,134,1.6060029999965764,30.465794,15.000003,53.655261000000685,0.5,0.5146909356117249,uniform,uniform,10,0.0,0.0,0.0,212.2195012429181,10.0
attention_aggregation,3456,in_distribution,52,14.138882,0.90000004,2,2,2,149.24210260311762,471.9190979003906,0.9026527822017668,0.064672284,64.8684,134,1.6060029999965764,24.138885,10.000004,53.655261000000685,0.5,0.5146909356117249,uniform,uniform,10,0.0,0.0,0.0,279.5548184712728,10.0
attention_aggregation,3456,in_distribution,53,14.903385,0.85,3,1,1,159.42930011188284,449.52884674072266,0.90630102455616,0.03987606,13.366882,134,1.6060029999965764,29.903385,15.0,53.655261000000685,0.5,0.5146909356117249,uniform,uniform,10,0.0,0.0,0.0,257.09798244869006,10.0
attention_aggregation,3456,in_distribution,54,13.383801,0.75,5,3,3,96.7013622522354,472.89782524108887,0.8157111793756485,0.059059866,202.73254,134,1.6060029999965764,38.383804,25.000004,53.655261000000685,0.5,0.5146909356117249,uniform,uniform,10,0.0,0.0,0.0,225.16014909744263,10.0
attention_aggregation,3456,in_distribution,55,12.917829,0.85,3,2,2,73.48376273232348,411.93700790405273,0.7887290716171265,0.03239128,213.64024,134,1.6060029999965764,27.91783,15.000001,53.655261000000685,0.5,0.5146909356117249,uniform,uniform,10,0.0,0.0,0.0,160.15809511437135,10.0
attention_aggregation,3456,in_distribution,56,13.312969,0.90000004,2,2,2,119.5557673772176,446.3064479827881,0.8214024692773819,0.12675357,165.21388,134,1.6060029999965764,23.312965,9.999996,53.655261000000685,0.5,0.5146909356117249,uniform,uniform,10,0.0,0.0,0.0,252.5005785624186,10.0
attention_aggregation,3456,in_distribution,57,14.14513,0.95,1,0,0,100.74377295218017,475.6125068664551,0.8840603709220887,0.0679579,90.06864,134,1.6060029999965764,19.14513,5.0,53.655261000000685,0.5,0.5146909356117249,uniform,uniform,10,0.0,0.0,0.0,248.25975631412703,10.0
attention_aggregation,3456,in_distribution,58,14.344575,0.90000004,2,1,1,102.8029131392638,419.21170234680176,0.8654689788818359,0.09552907,66.299675,134,1.6060029999965764,24.344578,10.000003,53.655261000000685,0.5,0.5146909356117249,uniform,uniform,10,0.0,0.0,0.0,209.81977800528207,10.0
attention_aggregation,3456,in_distribution,59,14.832846,0.95,1,0,0,134.64259527231516,468.9228057861328,0.9022915184497832,0.032787044,59.40001,134,1.6060029999965764,19.832848,5.000002,53.655261000000685,0.5,0.5146909356117249,uniform,uniform,10,0.0,0.0,0.0,229.60173763726888,10.0
attention_aggregation,3456,in_distribution,60,15.754306,0.85,3,3,3,87.76555559214424,473.1142902374268,0.9312838345766068,0.06912769,15.750665,134,1.6060029999965764,30.754303,14.999997,53.655261000000685,0.5,0.5146909356117249,uniform,uniform,10,0.0,0.0,0.0,238.34297376520493,10.0
attention_aggregation,3456,in_distribution,61,12.32061,1.0,0,0,0,115.41282252967358,436.7420768737793,0.8413119852542877,0.07129241,117.4231,134,1.6060029999965764,12.32061,0.0,53.655261000000685,0.5,0.5146909356117249,uniform,uniform,10,0.0,0.0,0.0,226.2923823595047,10.0
attention_aggregation,3456,in_distribution,62,14.532082,0.95,1,1,1,113.12069685835588,467.6916790008545,0.8919862180948257,0.04795142,83.791725,134,1.6060029999965764,19.532085,5.000004,53.655261000000685,0.5,0.5146909356117249,uniform,uniform,10,0.0,0.0,0.0,238.98113118974783,10.0
attention_aggregation,3456,in_distribution,63,14.177078,0.85,3,3,3,119.18739206650676,437.5895977020264,0.8490099102258682,0.06483512,103.49064,134,1.6060029999965764,29.177074,14.999996,53.655261000000685,0.5,0.5146909356117249,uniform,uniform,10,0.0,0.0,0.0,205.76965191785027,10.0
attention_aggregation,3456,in_distribution,64,14.978602,0.8,4,4,4,97.03698445111512,430.2835464477539,0.8266510367393494,0.04869736,140.83011,134,1.6060029999965764,34.978603,20.0,53.655261000000685,0.5,0.5146909356117249,uniform,uniform,10,0.0,0.0,0.0,202.48066507279876,10.0
attention_aggregation,3456,in_distribution,65,12.143045,0.8,4,2,2,119.0196704864502,479.9923324584961,0.7495811820030213,0.083834395,336.79657,134,1.6060029999965764,32.143047,20.000002,53.655261000000685,0.5,0.5146909356117249,uniform,uniform,10,0.0,0.0,0.0,232.83410176634789,10.0
attention_aggregation,3456,in_distribution,66,14.322159,0.8,4,2,2,100.30881620943546,452.7698421478272,0.832819202542305,0.102691315,149.75713,134,1.6060029999965764,34.322155,19.999996,53.655261000000685,0.5,0.5146909356117249,uniform,uniform,10,0.0,0.0,0.0,197.2460076212883,10.0
attention_aggregation,3456,in_distribution,67,15.203842,0.8,4,4,4,157.99869909882543,456.8660545349121,0.873777049779892,0.0410074,75.720375,134,1.6060029999965764,35.203842,20.0,53.655261000000685,0.5,0.5146909356117249,uniform,uniform,10,0.0,0.0,0.0,230.0059285014868,10.0
attention_aggregation,3456,in_distribution,68,12.92314,0.90000004,2,1,1,121.09268109003705,471.0046863555908,0.7863208144903183,0.07347847,257.26883,134,1.6060029999965764,22.923141,10.000002,53.655261000000685,0.5,0.5146909356117249,uniform,uniform,10,0.0,0.0,0.0,201.3603436946869,10.0
attention_aggregation,3456,in_distribution,69,13.997492,0.90000004,2,2,2,89.57580755154292,479.9611759185791,0.8715430229902268,0.024133945,147.20656,134,1.6060029999965764,23.997488,9.999996,53.655261000000685,0.5,0.5146909356117249,uniform,uniform,10,0.0,0.0,0.0,206.96678121884665,10.0
attention_aggregation,3456,in_distribution,70,11.3887415,0.95,1,0,0,88.30743336363842,477.7722930908203,0.7500327467918396,0.26229537,333.70944,134,1.6060029999965764,16.38874,4.999999,53.655261000000685,0.5,0.5146909356117249,uniform,uniform,10,0.0,0.0,0.0,201.8085095756932,10.0
attention_aggregation,3456,in_distribution,71,14.735083,0.85,3,3,3,88.5316756630645,477.50587463378906,0.856861674785614,0.014230665,128.33162,134,1.6060029999965764,29.735083,15.0,53.655261000000685,0.5,0.5146909356117249,uniform,uniform,10,0.0,0.0,0.0,217.0933905769797,10.0
attention_aggregation,3456,in_distribution,72,15.846814,0.8,4,3,3,104.6203015744686,454.9040508270264,0.9027741938829422,0.05391228,17.577778,134,1.6060029999965764,35.846813,20.0,53.655261000000685,0.5,0.5146909356117249,uniform,uniform,10,0.0,0.0,0.0,216.49381779134276,10.0
attention_aggregation,3456,in_distribution,73,15.010435,0.8,4,4,4,126.71906204894184,465.2826404571533,0.8695540308952332,0.074845836,119.694954,134,1.6060029999965764,35.010437,20.000002,53.655261000000685,0.5,0.5146909356117249,uniform,uniform,10,0.0,0.0,0.0,201.0784882307053,10.0
attention_aggregation,3456,in_distribution,74,15.840922,0.8,4,3,3,79.53289764001966,461.1684036254883,0.9364617139101028,0.06593807,0.0,134,1.6060029999965764,35.84092,19.999996,53.655261000000685,0.5,0.5146909356117249,uniform,uniform,10,0.0,0.0,0.0,227.7021757140756,10.0
attention_aggregation,3456,in_distribution,75,15.403563,0.8,4,3,3,116.51123318821192,479.981689453125,0.9136378347873688,0.0760174,27.108524,134,1.6060029999965764,35.403564,20.000002,53.655261000000685,0.5,0.5146909356117249,uniform,uniform,10,0.0,0.0,0.0,206.8628071993589,10.0
attention_aggregation,3456,in_distribution,76,14.718506,0.90000004,2,1,1,124.46950475374858,478.11750411987305,0.8955841928720474,0.05544625,86.53352,134,1.6060029999965764,24.718506,10.0,53.655261000000685,0.5,0.5146909356117249,uniform,uniform,10,0.0,0.0,0.0,213.87137373288476,10.0
attention_aggregation,3456,in_distribution,77,15.056582,0.7,6,4,4,116.23458151306424,476.98997497558594,0.8649209976196289,0.040718164,112.341736,134,1.6060029999965764,45.056583,30.0,53.655261000000685,0.5,0.5146909356117249,uniform,uniform,10,0.0,0.0,0.0,173.98983810629164,10.0
attention_aggregation,3456,in_distribution,78,13.699951,0.90000004,2,1,1,100.44864860052864,449.8659038543701,0.8587817937135697,0.148981,97.004875,134,1.6060029999965764,23.699955,10.000004,53.655261000000685,0.5,0.5146909356117249,uniform,uniform,10,0.0,0.0,0.0,188.63496005535129,10.0
attention_aggregation,3456,in_distribution,79,14.414336,0.85,3,2,2,108.25548669871162,474.7529983520508,0.8809021949768067,0.057958916,79.420944,134,1.6060029999965764,29.414337,15.000001,53.655261000000685,0.5,0.5146909356117249,uniform,uniform,10,0.0,0.0,0.0,209.65831686468687,10.0
attention_aggregation,3456,in_distribution,80,16.228985,0.6,8,3,3,88.92511010169983,450.8104991912842,0.8956188350915909,0.08831631,27.222496,134,1.6060029999965764,56.22898,39.999996,53.655261000000685,0.5,0.5146909356117249,uniform,uniform,10,0.0,0.0,0.0,231.56405061483383,10.0
attention_aggregation,3456,in_distribution,81,14.624728,0.8,4,3,3,157.3057533055544,477.9719352722168,0.8753270238637925,0.097681895,135.30513,134,1.6060029999965764,34.62473,20.0,53.655261000000685,0.5,0.5146909356117249,uniform,uniform,10,0.0,0.0,0.0,260.57146802544594,10.0
attention_aggregation,3456,in_distribution,82,14.85948,0.95,1,1,1,114.13450608127997,435.6716537475586,0.8735595583915711,0.104227774,54.437485,134,1.6060029999965764,19.859478,4.999998,53.655261000000685,0.5,0.5146909356117249,uniform,uniform,10,0.0,0.0,0.0,217.92131800400583,10.0
attention_aggregation,3456,in_distribution,83,13.816899,0.85,3,3,3,135.50646606613608,383.93391609191895,0.8219866752624512,0.07753459,149.78575,134,1.6060029999965764,28.816902,15.000003,53.655261000000685,0.5,0.5146909356117249,uniform,uniform,10,0.0,0.0,0.0,209.920693916433,10.0
attention_aggregation,3456,in_distribution,84,12.653725,0.95,1,1,1,95.1054894532028,467.1726036071777,0.8115131586790085,0.10453953,209.55302,134,1.6060029999965764,17.653725,5.0,53.655261000000685,0.5,0.5146909356117249,uniform,uniform,10,0.0,0.0,0.0,219.05175315706356,10.0
attention_aggregation,3456,in_distribution,85,15.014371,0.8,4,3,3,97.15135836973786,461.6748046875,0.8754023045301438,0.04404841,79.562874,134,1.6060029999965764,35.014374,20.000004,53.655261000000685,0.5,0.5146909356117249,uniform,uniform,10,0.0,0.0,0.0,220.5733150988817,10.0
attention_aggregation,3456,in_distribution,86,15.42845,0.75,5,3,3,146.5887897014618,479.9978256225586,0.9147079020738602,0.073427685,38.402386,134,1.6060029999965764,40.428448,24.999998,53.655261000000685,0.5,0.5146909356117249,uniform,uniform,10,0.0,0.0,0.0,239.45120120048523,10.0
attention_aggregation,3456,in_distribution,87,14.157228,0.90000004,2,2,2,94.57180549701054,448.35079193115234,0.8582570135593415,0.05002032,100.68843,134,1.6060029999965764,24.157227,9.999998,53.655261000000685,0.5,0.5146909356117249,uniform,uniform,10,0.0,0.0,0.0,221.2564386924108,10.0
attention_aggregation,3456,in_distribution,88,15.247698,0.85,3,2,2,125.49474961617412,439.0954113006592,0.8701059013605118,0.05262551,64.49219,134,1.6060029999965764,30.247702,15.000004,53.655261000000685,0.5,0.5146909356117249,uniform,uniform,10,0.0,0.0,0.0,223.95092915086184,10.0
attention_aggregation,3456,in_distribution,89,13.36445,0.90000004,2,1,1,81.16559758782387,435.8816528320313,0.8216986387968064,0.0991707,155.61012,134,1.6060029999965764,23.364449,9.999998,53.655261000000685,0.5,0.5146909356117249,uniform,uniform,10,0.0,0.0,0.0,218.47242931524912,10.0
attention_aggregation,3456,in_distribution,90,14.337428,0.8,4,3,3,118.0483527481556,466.72096252441406,0.872009563446045,0.046461545,91.09961,134,1.6060029999965764,34.33743,20.0,53.655261000000685,0.5,0.5146909356117249,uniform,uniform,10,0.0,0.0,0.0,249.1764260083437,10.0
attention_aggregation,3456,in_distribution,91,14.878167,0.85,3,2,2,181.24509199577216,403.5158443450928,0.891009509563446,0.1162281,17.261879,134,1.6060029999965764,29.878166,14.999999,53.655261000000685,0.5,0.5146909356117249,uniform,uniform,10,0.0,0.0,0.0,242.13631005848157,10.0
attention_aggregation,3456,in_distribution,92,14.603044,0.8,4,3,3,101.00578621029854,454.5583248138428,0.8634701758623123,0.07278897,92.69571,134,1.6060029999965764,34.603043,20.0,53.655261000000685,0.5,0.5146909356117249,uniform,uniform,10,0.0,0.0,0.0,204.20866817235947,10.0
attention_aggregation,3456,in_distribution,93,11.549799,0.8,4,3,3,89.50078239664435,457.3861885070801,0.6981528341770172,0.0903904,412.93277,134,1.6060029999965764,31.549797,19.999998,53.655261000000685,0.5,0.5146909356117249,uniform,uniform,10,0.0,0.0,0.0,175.45107431709766,10.0
attention_aggregation,3456,in_distribution,94,14.348759,0.90000004,2,1,1,114.87247278292972,443.8772392272949,0.8535175800323487,0.056323677,107.26675,134,1.6060029999965764,24.348759,10.0,53.655261000000685,0.5,0.5146909356117249,uniform,uniform,10,0.0,0.0,0.0,224.7847547133764,10.0
attention_aggregation,3456,in_distribution,95,16.707836,0.6,8,3,3,144.4219034910202,469.4610786437988,0.9141900479793548,0.04875993,10.216387,134,1.6060029999965764,56.707836,40.0,53.655261000000685,0.5,0.5146909356117249,uniform,uniform,10,0.0,0.0,0.0,287.3054766654968,10.0
attention_aggregation,3456,in_distribution,96,14.100311,0.85,3,2,2,149.52302981825437,469.0237426757813,0.8346871465444565,0.110440016,189.96884,134,1.6060029999965764,29.100311,15.0,53.655261000000685,0.5,0.5146909356117249,uniform,uniform,10,0.0,0.0,0.0,262.5628625645357,10.0
attention_aggregation,3456,in_distribution,97,14.511328,0.85,3,1,1,112.31713719227734,443.61485481262207,0.8793200343847275,0.104704306,51.3205,134,1.6060029999965764,29.511326,14.999998,53.655261000000685,0.5,0.5146909356117249,uniform,uniform,10,0.0,0.0,0.0,219.0866215088788,10.0
attention_aggregation,3456,in_distribution,98,13.065026,0.95,1,0,0,101.69268579859482,461.737060546875,0.8799479842185974,0.09771993,68.23702,134,1.6060029999965764,18.06503,5.000003,53.655261000000685,0.5,0.5146909356117249,uniform,uniform,10,0.0,0.0,0.0,209.80132473142524,10.0
attention_aggregation,3456,in_distribution,99,15.607515,0.7,6,3,3,130.26383093425207,352.4052143096924,0.8754770159721375,0.04752977,47.084343,134,1.6060029999965764,45.60752,30.000006,53.655261000000685,0.5,0.5146909356117249,uniform,uniform,10,0.0,0.0,0.0,199.0961010115487,10.0
