method,customer_count,vehicle_count,dynamic_rate,instance_id,cost,qos_percent,served_customers,unserved_customers,solve_time_s,planning_time_s,initial_planning_time_s,online_replanning_time_s,active_online_replanning_time_s,online_replanning_calls,active_online_replanning_calls,planning_calls,final_completion_minute,vehicles_used,vehicle_customer_counts,environment
OR-Tools,20,4,0.1,1,5.758225225627717,100.0,20,0,3.4004616999999997,3.399343700000001,1.0487154,2.3506283000000012,2.3505466000000004,10,3,11,531.647367360298,4,5;5;6;4,paper_multivehicle_v2
OR-Tools,20,4,0.1,2,5.839625761798496,100.0,20,0,1.7914257,1.7904163000000006,1.0245752999999997,0.7658410000000009,0.7657749000000003,10,5,11,528.9486375694032,4,7;4;5;4,paper_multivehicle_v2
OR-Tools,20,4,0.1,3,6.253786025566455,100.0,20,0,2.2902308,2.2891208999999995,1.0229495,1.2661713999999993,1.2660949999999995,10,4,11,558.4494802715059,4,7;6;3;4,paper_multivehicle_v2
OR-Tools,20,4,0.1,4,6.6356865888877,100.0,20,0,3.3730272,3.3720306000000018,1.0205610999999999,2.3514695000000017,2.3514035000000004,10,3,11,563.1293520465272,4,5;5;4;6,paper_multivehicle_v2
OR-Tools,20,4,0.1,5,4.392610596688152,100.0,20,0,2.5590720000000005,2.5581012999999997,1.0425811999999999,1.5155200999999998,1.5154627999999999,10,3,11,527.2247250119995,4,6;4;5;5,paper_multivehicle_v2
OR-Tools,20,4,0.1,6,5.888761100788498,100.0,20,0,2.7899256,2.788934099999999,1.0207077000000002,1.7682263999999992,1.7681605999999994,10,4,11,538.6244793006938,4,6;5;5;4,paper_multivehicle_v2
OR-Tools,20,4,0.1,7,5.40646564799233,100.0,20,0,2.5362627,2.535309,1.0172462,1.5180628,1.5180048,10,4,11,518.2865958476209,4,5;5;5;5,paper_multivehicle_v2
OR-Tools,20,4,0.1,8,5.042759346505126,100.0,20,0,2.7907164,2.7896707999999997,1.0227888,1.7668819999999994,1.7667954,10,3,11,540.2893564007277,4,4;6;5;5,paper_multivehicle_v2
OR-Tools,20,4,0.1,9,6.665982265106021,100.0,20,0,3.0471402999999997,3.0459840000000007,1.0226970000000002,2.0232870000000003,2.0232200000000007,10,4,11,531.4105971098319,4,5;5;5;5,paper_multivehicle_v2
OR-Tools,20,4,0.1,10,7.843200236588009,100.0,20,0,2.0406392999999996,2.0394322,1.0191050000000001,1.0203271999999997,1.0202593999999996,10,5,11,559.3385813317243,4,6;5;4;5,paper_multivehicle_v2
OR-Tools,20,4,0.1,11,6.428465424718515,100.0,20,0,2.7026097,2.7016065999999994,1.0190019999999997,1.6826046,1.6825548999999995,10,5,11,538.2696703133888,4,6;5;5;4,paper_multivehicle_v2
OR-Tools,20,4,0.1,12,5.576232458281599,100.0,20,0,2.5406021,2.5396273999999996,1.0237029,1.5159244999999997,1.5158536000000002,10,3,11,552.143518866289,4,5;5;5;5,paper_multivehicle_v2
OR-Tools,20,4,0.1,13,4.852172711774402,100.0,20,0,2.5255692,2.5246890000000013,1.0082724,1.5164166000000012,1.5163675999999997,10,4,11,568.8021928050729,4,5;5;5;5,paper_multivehicle_v2
OR-Tools,20,4,0.1,14,5.899794628028636,100.0,20,0,3.0264987,3.0256893000000016,1.0082201,2.0174692000000016,2.017420200000001,10,4,11,535.0055909686668,4,6;5;4;5,paper_multivehicle_v2
OR-Tools,20,4,0.1,15,5.870245197401778,100.0,20,0,3.0239718,3.0232754000000006,1.0072899000000004,2.0159855,2.0159486000000006,10,4,11,531.6196556122933,4,5;6;5;4,paper_multivehicle_v2
OR-Tools,20,4,0.1,16,5.166214304112914,100.0,20,0,2.5244939,2.523899300000002,1.0103603000000003,1.5135390000000015,1.5134906000000008,10,2,11,541.2343342374714,4,5;5;5;5,paper_multivehicle_v2
OR-Tools,20,4,0.1,17,5.059454469072289,100.0,20,0,2.5254271999999998,2.5246736999999997,1.0093145,1.5153591999999998,1.515299999999999,10,4,11,523.248790962389,4,5;5;5;5,paper_multivehicle_v2
OR-Tools,20,4,0.1,18,4.9934040139948355,100.0,20,0,1.7761149999999999,1.7751463999999988,1.0087212,0.7664251999999987,0.7663598999999994,10,5,11,509.28189028805537,4,6;5;4;5,paper_multivehicle_v2
OR-Tools,20,4,0.1,19,5.585189828906499,100.0,20,0,2.5229205999999995,2.5222021999999997,1.0076771999999998,1.514525,1.5144881999999988,10,4,11,556.3197769851895,4,7;5;4;4,paper_multivehicle_v2
OR-Tools,20,4,0.1,20,4.085091200573412,100.0,20,0,2.7762196,2.775518299999998,1.0104604999999998,1.7650577999999983,1.7650251999999993,10,3,11,526.1410784081285,4,5;5;5;5,paper_multivehicle_v2
OR-Tools,20,4,0.25,1,6.739423028588083,100.0,20,0,1.034376,1.0331065999999995,1.0144504,0.018656199999999457,0.018599599999999716,10,7,11,544.1953459267177,4,7;5;5;3,paper_multivehicle_v2
OR-Tools,20,4,0.25,2,7.249102505353337,100.0,20,0,2.5313312,2.5302167,1.0121649000000001,1.5180517999999996,1.5179859999999998,10,5,11,560.3360127195328,4,6;5;5;4,paper_multivehicle_v2
OR-Tools,20,4,0.25,3,6.569133079178634,100.0,20,0,2.0365405,2.0354981000000003,1.0132719000000001,1.0222262000000004,1.022173,10,5,11,511.86180510894815,4,5;5;5;5,paper_multivehicle_v2
OR-Tools,20,4,0.25,4,7.052159782271834,100.0,20,0,1.5315041999999996,1.5304235000000002,1.0115378000000002,0.5188857,0.5188290000000004,10,6,11,592.6710318698514,4,7;5;4;4,paper_multivehicle_v2
OR-Tools,20,4,0.25,5,6.618569723852068,100.0,20,0,2.3690121,2.3679152999999995,1.0143235000000002,1.3535917999999993,1.3535305999999996,10,6,11,566.7666969488616,4,5;6;4;5,paper_multivehicle_v2
OR-Tools,20,4,0.25,6,6.219090943190651,95.0,19,1,2.5341514,2.5332348999999996,1.0147963,1.5184385999999994,1.5184016999999994,10,7,11,522.0550630863519,4,5;5;5;4,paper_multivehicle_v2
OR-Tools,20,4,0.25,7,5.557748549908322,100.0,20,0,2.7863302,2.7851402,1.0148595999999999,1.7702805999999998,1.7702028,10,4,11,526.0131603968896,4,5;5;5;5,paper_multivehicle_v2
OR-Tools,20,4,0.25,8,4.629638990821275,95.0,19,1,2.5322175,2.5312111,1.0167576999999999,1.5144534000000003,1.5144534000000003,10,10,11,524.848231764954,4,5;4;5;5,paper_multivehicle_v2
OR-Tools,20,4,0.25,9,4.630111568865221,100.0,20,0,2.0373926,2.0360593000000002,1.0169856,1.0190737000000003,1.0190177,10,5,11,544.8712910967158,4,6;6;4;4,paper_multivehicle_v2
OR-Tools,20,4,0.25,10,4.839794737265817,100.0,20,0,2.5353469,2.5343933000000005,1.0151653,1.5192280000000002,1.5191808999999996,10,5,11,531.0014859709453,4,6;4;5;5,paper_multivehicle_v2
OR-Tools,20,4,0.25,11,5.849421311496889,100.0,20,0,2.2851185000000003,2.2840108000000012,1.0152664,1.2687444000000012,1.2686809000000003,10,5,11,539.6810720552348,4,8;4;4;4,paper_multivehicle_v2
OR-Tools,20,4,0.25,12,5.0108673765292355,100.0,20,0,2.2932292,2.292071100000002,1.0230119,1.2690592000000018,1.269001400000001,10,5,11,568.6966850605999,4,5;6;5;4,paper_multivehicle_v2
OR-Tools,20,4,0.25,13,10.438755692969027,100.0,20,0,1.5278471999999998,1.5269106000000001,1.0076675,0.5192431000000002,0.5191865,10,6,11,557.3770923105903,4,6;6;5;3,paper_multivehicle_v2
OR-Tools,20,4,0.25,14,6.34524921783223,100.0,20,0,2.1066148,2.1057373999999998,1.0077826,1.0979547999999997,1.0979134,10,6,11,589.9931725347394,4,6;5;5;4,paper_multivehicle_v2
OR-Tools,20,4,0.25,15,6.328031550671281,100.0,20,0,2.2791398999999997,2.278131900000002,1.0095231,1.2686088000000022,1.268531100000001,10,4,11,560.9475029345424,4,5;5;6;4,paper_multivehicle_v2
OR-Tools,20,4,0.25,16,6.146771227787666,100.0,20,0,1.2746210999999996,1.273709900000001,1.0083796,0.2653303000000009,0.2653021000000009,10,7,11,580.5185570279035,4,7;5;5;3,paper_multivehicle_v2
OR-Tools,20,4,0.25,17,4.407839772636619,100.0,20,0,1.7757866,1.7748464999999989,1.0081395999999998,0.7667068999999991,0.7666274,10,5,11,508.93711682535917,4,7;5;4;4,paper_multivehicle_v2
OR-Tools,20,4,0.25,18,6.91797593415234,100.0,20,0,2.0292121,2.0282093999999984,1.0077247000000003,1.0204846999999981,1.0204053999999996,10,5,11,528.811082854494,4,6;5;5;4,paper_multivehicle_v2
OR-Tools,20,4,0.25,19,6.853851977481346,100.0,20,0,3.2787275000000005,3.277943300000001,1.0081368000000004,2.2698065000000005,2.2697751000000004,10,5,11,589.8022662686963,4,6;5;5;4,paper_multivehicle_v2
OR-Tools,20,4,0.25,20,5.025927980498073,100.0,20,0,2.2741025,2.2732056000000007,1.0079403999999998,1.2652652000000009,1.2651967999999991,10,4,11,537.8201904107107,4,6;5;5;4,paper_multivehicle_v2
OR-Tools,20,4,0.5,1,9.322407740126376,100.0,20,0,1.037821,1.0365892999999995,1.0145525,0.022036799999999523,0.022003400000000006,10,8,11,558.9416638148097,4,6;4;5;5,paper_multivehicle_v2
OR-Tools,20,4,0.5,2,5.433199584059724,100.0,20,0,1.8642355,1.8633283000000005,1.0164051,0.8469232000000004,0.8469031999999999,10,7,11,535.877916671745,4,8;4;4;4,paper_multivehicle_v2
OR-Tools,20,4,0.5,3,6.922614459954637,100.0,20,0,1.0328471000000001,1.0320769999999997,1.0169288,0.015148199999999612,0.015124999999999389,10,7,11,554.2615097690523,4,7;6;4;3,paper_multivehicle_v2
OR-Tools,20,4,0.5,4,7.9237356537498265,100.0,20,0,1.7826724999999999,1.7819118999999992,1.0155988999999999,0.7663129999999994,0.7662766999999997,10,6,11,596.2366769457079,4,6;5;5;4,paper_multivehicle_v2
OR-Tools,20,4,0.5,5,7.090673524345704,100.0,20,0,1.038009,1.0367968999999997,1.0168632,0.01993369999999972,0.0198855,10,7,11,575.9378620589291,4,6;5;6;3,paper_multivehicle_v2
OR-Tools,20,4,0.5,6,7.058127200614788,100.0,20,0,1.364789,1.3639681999999997,1.0174223,0.34654589999999974,0.34650529999999957,10,6,11,552.9376921834634,4,6;5;5;4,paper_multivehicle_v2
OR-Tools,20,4,0.5,7,5.604046554296721,100.0,20,0,1.0263244,1.025411,1.0140436,0.011367400000000139,0.011334799999999756,10,7,11,518.5133995976269,4,6;6;6;2,paper_multivehicle_v2
OR-Tools,20,4,0.5,8,6.07125043651285,100.0,20,0,1.0339852999999999,1.033021600000001,1.0160434,0.016978200000000943,0.016942400000000468,10,7,11,536.9358991703494,4,5;6;5;4,paper_multivehicle_v2
OR-Tools,20,4,0.5,9,8.025810414944761,100.0,20,0,1.5303934,1.5295215000000004,1.0195682000000001,0.5099533000000003,0.5099274999999999,10,7,11,524.1232277162179,4,7;5;3;5,paper_multivehicle_v2
OR-Tools,20,4,0.5,10,7.239884398057213,100.0,20,0,1.7888019999999998,1.7877454999999998,1.0172718,0.7704736999999997,0.7704429999999993,10,8,11,533.5910019190031,4,6;6;4;4,paper_multivehicle_v2
OR-Tools,20,4,0.5,11,8.893546189581183,100.0,20,0,1.7025735000000002,1.701440799999999,1.0161135,0.6853272999999991,0.6852996999999994,10,8,11,582.7383488398002,4,6;6;5;3,paper_multivehicle_v2
OR-Tools,20,4,0.5,12,8.799204339882381,100.0,20,0,1.6999203999999999,1.6990521,1.0149967999999998,0.6840553000000003,0.6840253000000005,10,7,11,597.6453471834177,4,6;5;6;3,paper_multivehicle_v2
OR-Tools,20,4,0.5,13,6.926077210045256,100.0,20,0,0.7721762999999999,0.7715439000000006,0.7569119,0.014632000000000644,0.01461110000000021,10,8,11,583.4032053717971,4,6;7;5;2,paper_multivehicle_v2
OR-Tools,20,4,0.5,14,7.607774215464362,95.0,19,1,2.031823,2.0304470999999995,1.0073154999999998,1.0231315999999997,1.0231085999999996,10,9,11,548.8930995609462,4,6;6;4;3,paper_multivehicle_v2
OR-Tools,20,4,0.5,15,5.475452369771814,100.0,20,0,1.0241388999999996,1.0231139000000007,1.0070848000000003,0.01602910000000035,0.0159906000000003,10,7,11,537.9565932145551,4,6;6;6;2,paper_multivehicle_v2
OR-Tools,20,4,0.5,16,8.584862827002777,95.0,19,1,0.032743500000000036,0.031672000000000367,0.006741799999999909,0.024930200000000458,0.024897300000000566,10,8,11,548.0268765632588,4,5;7;5;2,paper_multivehicle_v2
OR-Tools,20,4,0.5,17,8.055701913993827,100.0,20,0,1.0256961000000002,1.0244586,1.0063581000000004,0.01810049999999963,0.01807949999999936,10,9,11,590.272769328359,4,6;6;5;3,paper_multivehicle_v2
OR-Tools,20,4,0.5,18,6.391057978217432,100.0,20,0,1.0284134000000003,1.0271058999999996,1.0067643,0.020341599999999627,0.02030569999999976,10,8,11,573.6275791703083,4,6;5;5;4,paper_multivehicle_v2
OR-Tools,20,4,0.5,19,5.678003006438329,100.0,20,0,1.0232795000000001,1.0222114000000002,1.0054292999999999,0.016782100000000355,0.016763500000000153,10,9,11,534.5764708446005,4,7;7;4;2,paper_multivehicle_v2
OR-Tools,20,4,0.5,20,9.25934711440999,100.0,20,0,1.6909218999999998,1.6900505999999997,1.0070285,0.6830220999999996,0.6830048999999994,10,8,11,596.5710688670223,4,6;6;5;3,paper_multivehicle_v2
OR-Tools,20,4,0.75,1,9.365846519323382,100.0,20,0,0.29219839999999997,0.29103309999999993,0.26606660000000004,0.02496649999999989,0.024949600000000016,10,9,11,604.6364047707309,4,6;7;4;3,paper_multivehicle_v2
OR-Tools,20,4,0.75,2,9.013854535585388,100.0,20,0,0.5360088000000001,0.5347490999999998,0.5156197999999999,0.019129299999999905,0.01910959999999995,10,9,11,613.1006835143444,4,7;7;5;1,paper_multivehicle_v2
OR-Tools,20,4,0.75,3,6.711379915282022,100.0,20,0,0.04990289999999997,0.04806260000000018,0.014838600000000035,0.03322400000000014,0.03322400000000014,10,10,11,576.5594936362888,4,8;7;3;2,paper_multivehicle_v2
OR-Tools,20,4,0.75,4,7.308691814415017,100.0,20,0,1.0338282,1.0327527000000005,0.017012899999999886,1.0157398000000006,1.0157398000000006,10,10,11,565.2160183226072,4,8;5;4;3,paper_multivehicle_v2
OR-Tools,20,4,0.75,5,8.217945402833035,100.0,20,0,0.5425589,0.5414167999999999,0.5205781,0.020838699999999877,0.020802999999999905,10,8,11,542.1784189612059,4,6;6;5;3,paper_multivehicle_v2
OR-Tools,20,4,0.75,6,5.730933573489488,100.0,20,0,0.2917601999999999,0.2903809000000004,0.26435030000000004,0.026030600000000348,0.026009200000000288,10,9,11,536.6408194408576,4,7;6;4;3,paper_multivehicle_v2
OR-Tools,20,4,0.75,7,7.077321835387058,100.0,20,0,1.0369669,1.0358020000000006,1.0157855999999998,0.02001640000000071,0.019989500000000326,10,8,11,559.8777198950195,4,6;6;4;4,paper_multivehicle_v2
OR-Tools,20,4,0.75,8,7.448936388958553,100.0,20,0,0.27422729999999995,0.2732084999999995,0.25627430000000007,0.016934199999999455,0.016934199999999455,10,10,11,550.1508718080743,4,6;5;5;4,paper_multivehicle_v2
OR-Tools,20,4,0.75,9,8.495277594868654,100.0,20,0,1.0301673,1.0294120000000002,1.0164408000000003,0.01297119999999996,0.012954800000000155,10,8,11,615.6653538001976,4,7;6;5;2,paper_multivehicle_v2
OR-Tools,20,4,0.75,10,5.979968281248026,100.0,20,0,0.0411016999999998,0.03990400000000016,0.015211800000000109,0.024692200000000053,0.024692200000000053,10,10,11,583.4872827521169,4,8;7;4;1,paper_multivehicle_v2
OR-Tools,20,4,0.75,11,9.007632488508438,100.0,20,0,1.5322133999999998,1.5314320000000008,1.0171742000000001,0.5142578000000007,0.5142419000000005,10,8,11,551.6890534792201,4,6;5;5;4,paper_multivehicle_v2
OR-Tools,20,4,0.75,12,7.156082564136118,100.0,20,0,0.03758649999999997,0.03639059999999983,0.013546700000000023,0.022843899999999806,0.022843899999999806,10,10,11,573.7954078096038,4,7;6;6;1,paper_multivehicle_v2
OR-Tools,20,4,0.75,13,7.228483412481446,100.0,20,0,0.03296330000000003,0.03163370000000021,0.005017000000000049,0.02661670000000016,0.02661670000000016,10,10,11,562.2174496816775,4,7;6;6;1,paper_multivehicle_v2
OR-Tools,20,4,0.75,14,8.387595454199356,100.0,20,0,0.03619240000000001,0.035044100000000133,0.004888300000000179,0.030155799999999955,0.030155799999999955,10,10,11,613.3899419930766,4,7;6;4;3,paper_multivehicle_v2
OR-Tools,20,4,0.75,15,6.893332240357224,100.0,20,0,0.04068519999999998,0.03944589999999981,0.011831099999999983,0.02761479999999983,0.02761479999999983,10,10,11,573.0469718784885,4,6;7;4;3,paper_multivehicle_v2
OR-Tools,20,4,0.75,16,8.011398041264698,100.0,20,0,0.031602600000000036,0.030590000000000117,0.00636009999999998,0.024229900000000137,0.024211800000000228,10,9,11,568.2325218094916,4,8;5;4;3,paper_multivehicle_v2
OR-Tools,20,4,0.75,17,5.321745442810515,100.0,20,0,0.2761993999999999,0.2751825000000001,0.25564980000000004,0.01953270000000007,0.01953270000000007,10,10,11,553.4824208937275,4,8;7;4;1,paper_multivehicle_v2
OR-Tools,20,4,0.75,18,8.269153691345686,100.0,20,0,0.5264315000000002,0.5255321,0.506632,0.018900099999999975,0.018900099999999975,10,10,11,588.4033933436124,4,6;6;4;4,paper_multivehicle_v2
OR-Tools,20,4,0.75,19,7.275462076022959,100.0,20,0,0.5280685,0.5269323000000001,0.5067104,0.020221900000000126,0.0201785000000001,10,8,11,590.2979764024292,4,8;6;4;2,paper_multivehicle_v2
OR-Tools,20,4,0.75,20,8.146490970506493,100.0,20,0,0.029732599999999998,0.02866729999999973,0.0014855000000000285,0.0271817999999997,0.027166599999999708,10,9,11,574.4741426104808,4,6;6;5;3,paper_multivehicle_v2
OR-Tools,35,7,0.1,1,9.622797251401824,100.0,35,0,3.1566401,3.1553281,1.0226585,2.1326696000000003,2.1325902,10,3,11,545.9822948764817,7,5;4;6;4;5;6;5,paper_multivehicle_v2
OR-Tools,35,7,0.1,2,7.574295214786337,100.0,35,0,2.7843265,2.783101800000001,1.0203874000000002,1.762714400000001,1.7626426000000004,10,4,11,513.8635323820195,7,6;5;5;6;4;5;4,paper_multivehicle_v2
OR-Tools,35,7,0.1,3,10.287605016656014,100.0,35,0,2.7651893,2.7640629999999993,1.0201559,1.7439070999999993,1.7438594999999995,10,5,11,558.7075751504765,7,5;7;5;5;5;4;4,paper_multivehicle_v2
OR-Tools,35,7,0.1,4,9.499892142520777,100.0,35,0,2.6170562,2.6157605999999998,1.0205715,1.5951891,1.5950959000000007,10,4,11,584.6963767490109,7,7;3;5;6;5;5;4,paper_multivehicle_v2
OR-Tools,35,7,0.1,5,10.905989606087898,100.0,35,0,2.9211262,2.920078999999998,1.0172797,1.9027992999999983,1.9027371999999991,10,3,11,552.6547862873692,7,5;5;4;5;7;4;5,paper_multivehicle_v2
OR-Tools,35,7,0.1,6,9.325645245094078,100.0,35,0,2.7625458000000003,2.761419300000001,1.0195875,1.7418318000000006,1.7417820000000004,10,3,11,526.0135679918487,7,5;4;5;5;5;6;5,paper_multivehicle_v2
OR-Tools,35,7,0.1,7,11.69458117662047,100.0,35,0,2.7616395,2.760373,1.0184799999999998,1.7418930000000001,1.7418536000000002,10,5,11,570.7266884152497,7,6;6;4;5;5;4;5,paper_multivehicle_v2
OR-Tools,35,7,0.1,8,9.367783692189926,100.0,35,0,2.4713017,2.4700381000000005,1.0186568999999999,1.4513812000000008,1.4513359999999997,10,4,11,541.0106258328985,7,5;6;3;7;5;4;5,paper_multivehicle_v2
OR-Tools,35,7,0.1,9,9.300862389075021,100.0,35,0,2.6172412,2.6160549999999994,1.0233873,1.5926676999999996,1.5926065999999997,10,5,11,591.1631468944175,7,6;7;3;5;5;5;4,paper_multivehicle_v2
OR-Tools,35,7,0.1,10,9.199929466116044,100.0,35,0,2.6102588,2.609051500000001,1.0162759,1.5927756000000008,1.5927276000000004,10,5,11,547.8243017923795,7,6;5;6;4;4;6;4,paper_multivehicle_v2
OR-Tools,35,7,0.1,11,11.497332157974515,100.0,35,0,2.4950946999999997,2.4937589000000004,1.0172601000000001,1.4764988000000003,1.4764256999999996,10,5,11,564.5978728017278,7,6;4;5;5;6;5;4,paper_multivehicle_v2
OR-Tools,35,7,0.1,12,10.62491998802546,100.0,35,0,2.2123763,2.2108177000000016,1.0171417000000003,1.193676000000001,1.193601200000001,10,6,11,581.4120157100338,7,6;6;5;5;4;4;5,paper_multivehicle_v2
OR-Tools,35,7,0.1,13,9.478346044192925,100.0,35,0,2.2009580000000004,2.1996888000000006,1.0109357,1.1887531000000005,1.1886549000000004,10,4,11,538.2029630690915,7,6;5;6;4;5;4;5,paper_multivehicle_v2
OR-Tools,35,7,0.1,14,7.896045302593312,100.0,35,0,2.3192342,2.318144899999996,1.0085272999999995,1.3096175999999966,1.3095505999999988,10,5,11,526.1149635623844,7,5;6;5;5;4;5;5,paper_multivehicle_v2
OR-Tools,35,7,0.1,15,10.653794217539897,100.0,35,0,2.6065957,2.6055178000000017,1.0103877000000003,1.5951301000000013,1.5950883999999999,10,5,11,543.813782855477,7,6;5;4;5;6;5;4,paper_multivehicle_v2
OR-Tools,35,7,0.1,16,9.751536213914704,100.0,35,0,2.7537338,2.752429999999998,1.0143493000000006,1.7380806999999976,1.7380069999999987,10,5,11,582.3651985808531,7,5;5;6;4;4;5;6,paper_multivehicle_v2
OR-Tools,35,7,0.1,17,8.110293985990998,100.0,35,0,2.1814995999999995,2.1801516000000025,1.0107274,1.1694242000000026,1.1693476000000018,10,5,11,558.5661467699849,7,5;6;6;4;5;5;4,paper_multivehicle_v2
OR-Tools,35,7,0.1,18,7.767429953347282,100.0,35,0,2.1952311000000004,2.194236199999997,1.0084966,1.1857395999999971,1.1857026999999984,10,6,11,548.8772918630154,7,7;5;5;5;5;4;4,paper_multivehicle_v2
OR-Tools,35,7,0.1,19,6.877350413643557,100.0,35,0,2.3120297,2.3110247000000004,1.0080975000000003,1.3029272,1.3028453000000004,10,2,11,534.7929953476946,7,5;5;4;5;4;6;6,paper_multivehicle_v2
OR-Tools,35,7,0.1,20,9.331974488328555,100.0,35,0,1.8968509000000005,1.895465199999999,1.0078517999999996,0.8876133999999993,0.8875256,10,5,11,521.7873268280173,7,6;5;4;5;5;5;5,paper_multivehicle_v2
OR-Tools,35,7,0.25,1,9.512784727843103,100.0,35,0,2.2349542,2.2336306,1.0204951000000002,1.2131355,1.2131014000000002,10,7,11,588.1888209357787,7,6;5;6;4;6;4;4,paper_multivehicle_v2
OR-Tools,35,7,0.25,2,10.724977655673499,100.0,35,0,2.1033085,2.101965,1.0182718999999998,1.0836931,1.0836160000000001,10,5,11,590.917126982106,7,6;6;5;4;4;5;5,paper_multivehicle_v2
OR-Tools,35,7,0.25,3,10.114828105002323,100.0,35,0,2.0531064,2.0516723999999993,1.0236295999999998,1.0280427999999993,1.0279788999999995,10,6,11,554.8191460554373,7,7;6;5;5;4;4;4,paper_multivehicle_v2
OR-Tools,35,7,0.25,4,8.581022472231492,100.0,35,0,2.1533634,2.1520504999999996,1.0223027999999998,1.1297476999999998,1.1297079999999995,10,7,11,548.8217882397106,7,6;6;5;6;4;4;4,paper_multivehicle_v2
OR-Tools,35,7,0.25,5,10.542593703393084,100.0,35,0,2.1067513,2.105430899999999,1.0270172999999998,1.0784135999999993,1.0783650999999996,10,7,11,542.0969123521977,7,7;5;5;5;4;4;5,paper_multivehicle_v2
OR-Tools,35,7,0.25,6,12.193127120678556,100.0,35,0,1.9021211999999998,1.9007666000000003,1.0210995,0.8796671000000003,0.8796419000000002,10,8,11,544.5658129866073,7,6;7;5;5;4;4;4,paper_multivehicle_v2
OR-Tools,35,7,0.25,7,9.799021196404917,100.0,35,0,1.9076097,1.9062840000000003,1.0202835000000001,0.8860005000000002,0.8859678999999998,10,7,11,615.3215811984703,7,6;6;5;5;4;5;4,paper_multivehicle_v2
OR-Tools,35,7,0.25,8,10.54187119828114,100.0,35,0,1.5522811,1.5507510000000002,1.0206658,0.5300852000000003,0.5300622000000001,10,9,11,548.7990431507537,7,8;6;6;5;4;3;3,paper_multivehicle_v2
OR-Tools,35,7,0.25,9,9.616113221004586,100.0,35,0,2.4104149,2.409027,1.0313385999999998,1.3776884000000003,1.3776352000000003,10,6,11,567.5020788169162,7,6;6;5;5;3;5;5,paper_multivehicle_v2
OR-Tools,35,7,0.25,10,12.846933975473043,100.0,35,0,1.9907852,1.989127000000001,1.028042,0.9610850000000011,0.961045400000001,10,8,11,656.0838512127672,7,5;8;6;5;3;5;3,paper_multivehicle_v2
OR-Tools,35,7,0.25,11,10.035290381025609,100.0,35,0,1.4837162000000002,1.4823258000000004,1.0246584000000003,0.45766740000000006,0.45763440000000033,10,7,11,557.9133786370112,7,7;5;5;6;5;4;3,paper_multivehicle_v2
OR-Tools,35,7,0.25,12,10.821165088358756,100.0,35,0,1.8957143999999997,1.8940887,1.0435815,0.8505072,0.8504660999999998,10,8,11,535.9039650833507,7,6;5;6;5;4;5;4,paper_multivehicle_v2
OR-Tools,35,7,0.25,13,11.767877078467944,100.0,35,0,2.3690917000000002,2.3679315,1.0143453,1.3535862,1.3535404999999998,10,7,11,582.0212276849121,7,5;6;5;5;6;5;3,paper_multivehicle_v2
OR-Tools,35,7,0.25,14,8.275215820210079,100.0,35,0,2.4628731999999998,2.4618884999999997,1.0129997999999998,1.4488887,1.4488680999999999,10,7,11,539.9062373178023,7,6;6;4;4;5;5;5,paper_multivehicle_v2
OR-Tools,35,7,0.25,15,8.262540624694124,100.0,35,0,2.3612721999999997,2.360259400000001,1.0097711000000005,1.3504883000000003,1.3504602000000006,10,7,11,531.7842559543088,7,5;6;6;5;5;4;4,paper_multivehicle_v2
OR-Tools,35,7,0.25,16,8.238740555106313,100.0,35,0,2.4593821,2.4579971000000014,1.0116783000000003,1.4463188000000011,1.4462229000000013,10,4,11,535.2615292557283,7,4;5;5;5;6;5;5,paper_multivehicle_v2
OR-Tools,35,7,0.25,17,9.53277176344662,100.0,35,0,1.8828635,1.8818570999999986,1.0096587999999995,0.8721982999999991,0.8721637999999992,10,8,11,582.7409290228358,7,6;5;6;7;5;3;3,paper_multivehicle_v2
OR-Tools,35,7,0.25,18,10.3582030260904,100.0,35,0,1.6987324999999998,1.6973558000000013,1.0085454,0.6888104000000013,0.6887748000000009,10,8,11,593.6293505434759,7,7;6;7;5;3;4;3,paper_multivehicle_v2
OR-Tools,35,7,0.25,19,10.11660202582522,100.0,35,0,2.3192410000000003,2.318152100000001,1.0113043000000004,1.3068478000000008,1.3067942000000006,10,5,11,537.2329429564072,7,7;6;5;5;4;4;4,paper_multivehicle_v2
OR-Tools,35,7,0.25,20,9.124128007331759,100.0,35,0,2.0293544999999997,2.0284556,1.0100841000000003,1.0183714999999998,1.0183469,10,6,11,559.4551471576164,7,7;6;6;4;4;4;4,paper_multivehicle_v2
OR-Tools,35,7,0.5,1,13.422730468253286,100.0,35,0,1.5764245,1.5748245999999992,1.0340323,0.5407922999999992,0.5407520999999993,10,8,11,576.076980555774,7,7;7;4;4;5;4;4,paper_multivehicle_v2
OR-Tools,35,7,0.5,2,11.907532594526005,100.0,35,0,1.3908675000000001,1.3894498000000004,1.0186739,0.3707759000000004,0.37075650000000016,10,9,11,581.4267295467303,7,6;6;5;6;5;3;4,paper_multivehicle_v2
OR-Tools,35,7,0.5,3,12.061018149810659,100.0,35,0,1.0613077000000002,1.0590553000000005,1.0175712000000001,0.04148410000000036,0.041442200000000096,10,8,11,629.0679121403592,7,7;6;6;5;4;4;3,paper_multivehicle_v2
OR-Tools,35,7,0.5,4,11.170093948687324,100.0,35,0,1.3528612999999998,1.3512589000000008,1.0300563,0.3212026000000008,0.3211522000000002,10,7,11,552.9365156799901,7,7;5;5;6;5;4;3,paper_multivehicle_v2
OR-Tools,35,7,0.5,5,11.627012932543863,100.0,35,0,1.6202845999999997,1.6187688000000002,1.018132,0.6006368000000002,0.6006212,10,9,11,582.4589499432783,7,7;6;5;5;5;3;4,paper_multivehicle_v2
OR-Tools,35,7,0.5,6,10.956409951048414,100.0,35,0,1.2463434999999998,1.2449944000000002,1.0160664,0.22892800000000024,0.2288958000000001,10,8,11,552.3688898891606,7,5;6;5;6;6;5;2,paper_multivehicle_v2
OR-Tools,35,7,0.5,7,11.948229757170244,100.0,35,0,0.9082254000000001,0.9068434999999995,0.8735710999999999,0.033272399999999536,0.033252499999999685,10,9,11,544.6314307768926,7,6;7;8;6;4;2;2,paper_multivehicle_v2
OR-Tools,35,7,0.5,8,11.937923578025678,100.0,35,0,1.0559646,1.0542951,1.0189178,0.035377299999999945,0.035356799999999744,10,9,11,582.8778636544987,7,8;5;6;5;5;3;3,paper_multivehicle_v2
OR-Tools,35,7,0.5,9,13.342032213070564,100.0,35,0,1.3889685999999999,1.3873092000000005,1.0189818,0.3683274000000005,0.3683119000000006,10,9,11,570.2871384871165,7,6;6;7;5;5;3;3,paper_multivehicle_v2
OR-Tools,35,7,0.5,10,11.99861233616082,100.0,35,0,1.0555625000000002,1.0541864999999997,1.0173527999999998,0.03683369999999986,0.03680019999999962,10,8,11,557.2409029018725,7,5;6;6;7;4;4;3,paper_multivehicle_v2
OR-Tools,35,7,0.5,11,12.059530394525302,100.0,35,0,1.0568792,1.0552149000000006,1.0177164000000003,0.03749850000000032,0.037480700000000144,10,9,11,556.1533712581114,7,6;8;5;6;4;3;3,paper_multivehicle_v2
OR-Tools,35,7,0.5,12,13.776552061685353,100.0,35,0,1.3042406,1.3028427999999992,1.1014526999999998,0.20139009999999935,0.20139009999999935,10,10,11,575.6120575861119,7,7;7;7;4;4;3;3,paper_multivehicle_v2
OR-Tools,35,7,0.5,13,14.03189635064184,100.0,35,0,1.5455691000000003,1.5442221999999992,1.0067741,0.5374480999999993,0.5374314999999994,10,9,11,609.4058305716884,7,7;6;5;5;5;5;2,paper_multivehicle_v2
OR-Tools,35,7,0.5,14,11.340652683515579,100.0,35,0,1.6400769999999998,1.6388427000000014,1.0093556000000001,0.6294871000000013,0.6294782000000012,10,9,11,550.0527795089486,7,6;6;6;6;4;4;3,paper_multivehicle_v2
OR-Tools,35,7,0.5,15,15.454015473531959,100.0,35,0,1.9204415,1.9190699000000007,1.0080775000000002,0.9109924000000005,0.9109924000000005,10,10,11,609.01948355313,7,7;6;6;4;5;3;4,paper_multivehicle_v2
OR-Tools,35,7,0.5,16,13.105065105804963,100.0,35,0,1.258493,1.2569653,0.7221995000000003,0.5347657999999997,0.5347657999999997,10,10,11,545.1207599333933,7,8;6;7;5;4;3;2,paper_multivehicle_v2
OR-Tools,35,7,0.5,17,10.92253528808311,100.0,35,0,1.2914328999999998,1.289849699999999,1.0073800999999998,0.2824695999999993,0.2824547999999991,10,9,11,566.8623645598564,7,7;7;5;5;4;4;3,paper_multivehicle_v2
OR-Tools,35,7,0.5,18,10.895135767803682,100.0,35,0,1.3206876000000003,1.3194531999999994,1.0087705999999996,0.3106825999999998,0.3106412999999999,10,8,11,595.9914438330138,7,7;6;6;5;5;3;3,paper_multivehicle_v2
OR-Tools,35,7,0.5,19,14.393700374265809,100.0,35,0,1.3805104999999998,1.3792693000000016,1.0103089,0.3689604000000015,0.36894140000000153,10,9,11,611.5403716933981,7,8;6;6;6;3;3;3,paper_multivehicle_v2
OR-Tools,35,7,0.5,20,11.432791486432548,100.0,35,0,1.5250673,1.5241768999999992,1.0059505999999998,0.5182262999999994,0.5182174999999996,10,9,11,538.9754879987793,7,6;6;6;5;5;4;3,paper_multivehicle_v2
OR-Tools,35,7,0.75,1,14.092702481457332,100.0,35,0,0.33773509999999995,0.3364955999999998,0.30397170000000007,0.03252389999999972,0.03252389999999972,10,10,11,554.4627852477378,7,7;7;7;5;4;3;2,paper_multivehicle_v2
OR-Tools,35,7,0.75,2,14.153995592046444,100.0,35,0,0.04908380000000012,0.04768340000000015,0.016510299999999978,0.031173100000000176,0.031173100000000176,10,10,11,659.2752368906725,7,7;5;6;6;6;3;2,paper_multivehicle_v2
OR-Tools,35,7,0.75,3,11.925380238791613,100.0,35,0,0.20023060000000004,0.19865370000000027,0.1633326999999999,0.03532100000000038,0.03532100000000038,10,10,11,578.3838909306294,7,7;7;5;5;4;4;3,paper_multivehicle_v2
OR-Tools,35,7,0.75,4,13.61071378962721,100.0,35,0,0.3530559999999999,0.35134489999999996,0.3057018,0.045643099999999937,0.045643099999999937,10,10,11,562.08211769891,7,8;6;6;5;4;4;2,paper_multivehicle_v2
OR-Tools,35,7,0.75,5,10.607717878393535,100.0,35,0,0.6123371999999999,0.6112493999999998,0.5877587999999999,0.023490599999999917,0.023490599999999917,10,10,11,570.436319112787,7,8;8;6;6;3;2;2,paper_multivehicle_v2
OR-Tools,35,7,0.75,6,13.36030327067085,100.0,35,0,0.6712208000000002,0.6699702999999999,0.30264,0.3673302999999999,0.3673302999999999,10,10,11,576.3738589147756,7,7;5;7;6;5;3;2,paper_multivehicle_v2
OR-Tools,35,7,0.75,7,11.528764371366357,100.0,35,0,0.05921390000000004,0.05773270000000019,0.016300300000000045,0.04143240000000015,0.04143240000000015,10,10,11,557.1531136919349,7,6;8;6;6;5;3;1,paper_multivehicle_v2
OR-Tools,35,7,0.75,8,12.401318199949154,100.0,35,0,0.0661425000000001,0.0644798000000002,0.021900400000000042,0.042579400000000156,0.042579400000000156,10,10,11,593.9242323071239,7,8;6;8;6;4;2;1,paper_multivehicle_v2
OR-Tools,35,7,0.75,9,12.531224283471959,100.0,35,0,0.19782810000000006,0.19650400000000012,0.15981860000000003,0.03668540000000009,0.03668540000000009,10,10,11,567.5099384237341,7,7;7;6;4;4;4;3,paper_multivehicle_v2
OR-Tools,35,7,0.75,10,14.918579748424296,100.0,35,0,0.04036620000000002,0.038882499999999265,0.0058882999999998464,0.03299419999999942,0.03299419999999942,10,10,11,614.877479364611,7,7;7;7;6;4;3;1,paper_multivehicle_v2
OR-Tools,35,7,0.75,11,10.44493946279919,100.0,35,0,0.05368879999999998,0.05229000000000017,0.018631500000000134,0.033658500000000036,0.033658500000000036,10,10,11,552.6889602444246,7,6;6;8;7;4;3;1,paper_multivehicle_v2
OR-Tools,35,7,0.75,12,12.809730512500092,97.14285714285714,34,1,0.19676650000000007,0.19537190000000004,0.16049789999999997,0.03487400000000007,0.03487400000000007,10,10,11,571.3541004243199,7,7;6;6;5;5;3;2,paper_multivehicle_v2
OR-Tools,35,7,0.75,13,15.175104947498317,100.0,35,0,0.4635472999999999,0.46260539999999983,0.44116659999999996,0.02143879999999987,0.02143879999999987,10,10,11,618.1276556395333,7,6;7;6;5;5;4;2,paper_multivehicle_v2
OR-Tools,35,7,0.75,14,16.898499046064572,100.0,35,0,0.041908399999999846,0.040463099999999974,0.007028699999999999,0.033434399999999975,0.033434399999999975,10,10,11,588.9358192500108,7,7;6;6;6;4;4;2,paper_multivehicle_v2
OR-Tools,35,7,0.75,15,12.024872219059988,100.0,35,0,0.8808513,0.8800360999999997,0.861211,0.018825099999999706,0.018825099999999706,10,10,11,535.0089338069353,7,6;7;7;4;5;3;3,paper_multivehicle_v2
OR-Tools,35,7,0.75,16,12.713722880183008,100.0,35,0,0.9319496,0.9311340000000004,0.5785241999999999,0.3526098000000004,0.3526098000000004,10,10,11,563.3555945589837,7,7;7;7;5;4;3;2,paper_multivehicle_v2
OR-Tools,35,7,0.75,17,13.893668287239667,100.0,35,0,0.1888129999999999,0.18742579999999998,0.15237049999999996,0.03505530000000001,0.03505530000000001,10,10,11,549.8183100508587,7,7;7;6;6;6;1;2,paper_multivehicle_v2
OR-Tools,35,7,0.75,18,15.223609680375993,100.0,35,0,0.4575591000000001,0.45665999999999984,0.43566020000000005,0.02099979999999979,0.02099059999999975,10,9,11,627.554968594909,7,5;7;7;6;3;4;3,paper_multivehicle_v2
OR-Tools,35,7,0.75,19,10.057011810689795,100.0,35,0,0.1722458,0.1713735000000005,0.1489684,0.02240510000000051,0.02240510000000051,10,10,11,570.6870551171995,7,6;7;6;5;5;3;3,paper_multivehicle_v2
OR-Tools,35,7,0.75,20,12.878987929855919,100.0,35,0,0.05710320000000002,0.05565380000000042,0.0075625000000001386,0.04809130000000028,0.04809130000000028,10,10,11,590.8215810077963,7,9;7;6;4;4;3;2,paper_multivehicle_v2
OR-Tools,50,10,0.1,1,9.942931770553159,100.0,50,0,2.5161672,2.5145968000000005,1.0499747000000001,1.4646221000000001,1.4645608,10,6,11,560.3499380840128,10,7;6;5;5;5;5;4;5;4;4,paper_multivehicle_v2
OR-Tools,50,10,0.1,2,15.501393909584783,100.0,50,0,2.8202407,2.8181866999999996,1.0501077,1.7680789999999997,1.7680068000000002,10,6,11,557.9020942154889,10,6;6;5;5;5;6;5;4;5;3,paper_multivehicle_v2
OR-Tools,50,10,0.1,3,11.40370005090313,100.0,50,0,2.4071152000000002,2.4054415,1.0498919,1.3555495999999998,1.3554507999999994,10,4,11,537.0027928263493,10,5;6;4;5;5;5;5;5;5;5,paper_multivehicle_v2
OR-Tools,50,10,0.1,4,11.733846028997782,100.0,50,0,3.0188898,3.017252899999999,1.0565521,1.9607007999999992,1.9606344999999998,10,5,11,534.8374903694183,10,5;6;7;4;5;5;5;5;3;5,paper_multivehicle_v2
OR-Tools,50,10,0.1,5,12.603435878090226,100.0,50,0,2.3171635000000004,2.3154906,1.0403524999999998,1.2751381,1.2750727,10,6,11,538.8082350193333,10,6;6;7;5;5;5;4;3;4;5,paper_multivehicle_v2
OR-Tools,50,10,0.1,6,15.213057396181323,100.0,50,0,3.1324145000000003,3.1309663999999997,1.0446456,2.0863207999999998,2.0862735999999997,10,5,11,553.2056608651419,10,6;5;4;4;6;4;4;5;6;6,paper_multivehicle_v2
OR-Tools,50,10,0.1,7,17.392670674126986,100.0,50,0,2.5394113000000003,2.5373908,1.0421410999999998,1.4952497,1.4951642,10,5,11,554.1170112405111,10,5;5;5;5;6;5;5;5;5;4,paper_multivehicle_v2
OR-Tools,50,10,0.1,8,10.87598541248638,100.0,50,0,2.3738062,2.3720928999999997,1.0425461999999999,1.3295466999999999,1.3294482000000003,10,4,11,528.1097605491706,10,6;6;6;5;4;5;4;5;4;5,paper_multivehicle_v2
OR-Tools,50,10,0.1,9,12.162737621876754,100.0,50,0,2.9900382,2.9884073,1.0424096,1.9459977,1.9459400000000007,10,6,11,548.428697240043,10,6;6;5;4;5;5;5;4;4;6,paper_multivehicle_v2
OR-Tools,50,10,0.1,10,15.43962585531365,100.0,50,0,2.4515824,2.4498559999999996,1.0390617999999998,1.4107941999999998,1.4107444999999998,10,7,11,586.6581574142505,10,7;6;5;4;4;5;5;5;5;4,paper_multivehicle_v2
OR-Tools,50,10,0.1,11,12.645843019185417,100.0,50,0,2.5994771,2.5979009,1.0489239,1.5489770000000003,1.5488953999999997,10,5,11,632.8599554321613,10,6;4;6;6;5;4;6;4;4;5,paper_multivehicle_v2
OR-Tools,50,10,0.1,12,12.208102021433103,100.0,50,0,2.5402595999999997,2.538182300000001,1.0438556,1.4943267000000007,1.4942608000000006,10,6,11,531.0078920481413,10,4;5;6;6;6;5;4;4;6;4,paper_multivehicle_v2
OR-Tools,50,10,0.1,13,11.101572484712209,100.0,50,0,2.5063527000000003,2.505255799999999,1.0304479,1.4748078999999992,1.4747594,10,5,11,538.6157067320711,10,6;5;5;5;5;5;5;5;5;4,paper_multivehicle_v2
OR-Tools,50,10,0.1,14,14.139009368965814,100.0,50,0,2.4820531000000003,2.480681199999999,1.0385363,1.4421448999999988,1.4421134000000002,10,7,11,581.0591388785529,10,9;6;4;4;4;4;7;5;3;4,paper_multivehicle_v2
OR-Tools,50,10,0.1,15,12.824767846088648,100.0,50,0,2.3033165999999996,2.3023135000000012,1.0367230000000003,1.265590500000001,1.2655517000000005,10,6,11,531.2589944499592,10,7;5;7;5;5;4;4;4;4;5,paper_multivehicle_v2
OR-Tools,50,10,0.1,16,14.716363929047654,100.0,50,0,2.6806338000000003,2.6792637999999998,1.0328965,1.6463672999999996,1.6462974999999993,10,5,11,563.0767814638289,10,6;4;7;6;4;5;4;4;5;5,paper_multivehicle_v2
OR-Tools,50,10,0.1,17,13.052349161153746,100.0,50,0,1.8567971999999995,1.8557976000000016,1.0252230999999998,0.8305745000000018,0.8305444000000008,10,8,11,536.4662200479819,10,6;6;6;6;5;4;5;3;5;4,paper_multivehicle_v2
OR-Tools,50,10,0.1,18,11.325876917560599,100.0,50,0,2.572776,2.5712771000000014,1.0303304000000004,1.540946700000001,1.5408867000000015,10,6,11,531.642841862637,10,6;3;5;5;6;5;5;5;5;5,paper_multivehicle_v2
OR-Tools,50,10,0.1,19,15.442944307199074,100.0,50,0,2.4758161000000003,2.4742721999999984,1.0338287999999998,1.4404433999999986,1.4403881999999983,10,7,11,574.1400849599689,10,7;4;5;5;5;4;5;4;6;5,paper_multivehicle_v2
OR-Tools,50,10,0.1,20,12.18700673793686,100.0,50,0,2.4720796000000003,2.4708363999999987,1.0294805,1.4413558999999987,1.441287599999999,10,6,11,533.7628910588287,10,6;7;5;5;4;4;5;5;4;5,paper_multivehicle_v2
OR-Tools,50,10,0.25,1,13.277795617184314,100.0,50,0,1.697261,1.6950399000000012,1.0400692,0.6549707000000011,0.6549319000000011,10,8,11,548.2265661047308,10,7;6;7;6;6;4;4;3;4;3,paper_multivehicle_v2
OR-Tools,50,10,0.25,2,12.826118256996905,100.0,50,0,1.2117187,1.2096337999999995,1.0346052,0.17502859999999965,0.17502859999999965,10,10,11,575.8210869839544,10,8;7;7;5;5;5;4;3;3;3,paper_multivehicle_v2
OR-Tools,50,10,0.25,3,15.350479553080964,100.0,50,0,2.0902054999999997,2.0879486999999997,1.0373108,1.0506378999999995,1.0506145999999998,10,9,11,538.2372216107453,10,9;5;6;6;4;4;3;5;5;3,paper_multivehicle_v2
OR-Tools,50,10,0.25,4,17.910052733211835,100.0,50,0,2.1819978000000004,2.1797455,1.0391465999999998,1.1405989000000005,1.1405768000000003,10,9,11,560.185303376631,10,6;7;6;5;5;5;4;3;5;4,paper_multivehicle_v2
OR-Tools,50,10,0.25,5,14.13857497236369,100.0,50,0,1.8109495999999998,1.8088532000000002,1.035863,0.7729902000000002,0.7729512000000001,10,8,11,542.3508388829938,10,6;6;5;5;7;6;5;3;4;3,paper_multivehicle_v2
OR-Tools,50,10,0.25,6,13.932797782497126,100.0,50,0,1.5901355000000001,1.5875480000000002,1.0323893999999998,0.5551586000000004,0.5551285000000004,10,9,11,531.2434229946308,10,7;7;7;5;5;5;4;3;4;3,paper_multivehicle_v2
OR-Tools,50,10,0.25,7,14.32004100145237,100.0,50,0,1.7492573999999999,1.7470830000000002,1.0352364000000003,0.7118465999999999,0.7118275999999999,10,9,11,548.5542414292895,10,6;6;7;5;6;5;6;3;3;3,paper_multivehicle_v2
OR-Tools,50,10,0.25,8,16.26945948564697,100.0,50,0,2.2324985,2.2304873000000005,1.0373765999999998,1.1931107000000005,1.1931107000000005,10,10,11,614.0183049998062,10,7;7;6;7;5;3;4;4;3;4,paper_multivehicle_v2
OR-Tools,50,10,0.25,9,12.918825578438165,100.0,50,0,2.2133808999999998,2.211450300000001,1.0370187,1.174431600000001,1.1743675000000011,10,7,11,573.7205936388136,10,8;6;5;3;5;4;4;6;5;4,paper_multivehicle_v2
OR-Tools,50,10,0.25,10,13.62349852198081,100.0,50,0,1.7020277,1.699624900000001,1.0361426,0.663482300000001,0.6634268000000012,10,8,11,563.4229869692942,10,6;6;8;5;5;5;3;5;3;4,paper_multivehicle_v2
OR-Tools,50,10,0.25,11,14.067398216511755,100.0,50,0,2.0263961999999998,2.0242905,1.0401407,0.9841498000000004,0.9840769000000007,10,7,11,596.731812432946,10,7;6;6;6;5;5;4;5;3;3,paper_multivehicle_v2
OR-Tools,50,10,0.25,12,15.266639119080068,100.0,50,0,2.3486988,2.3467872000000005,1.0397833,1.3070039000000002,1.3069262000000004,10,7,11,542.6060260658915,10,6;6;6;5;4;5;5;4;4;5,paper_multivehicle_v2
OR-Tools,50,10,0.25,13,16.17133419926443,100.0,50,0,2.2937364000000002,2.292145300000002,1.0327235999999997,1.259421700000002,1.2593739000000013,10,7,11,594.7950140021289,10,7;6;6;5;4;4;4;5;4;5,paper_multivehicle_v2
OR-Tools,50,10,0.25,14,20.66876590924354,100.0,50,0,2.9162755,2.914749500000002,1.0320819,1.8826676000000018,1.8825744000000015,10,8,11,625.4722050967889,10,7;6;7;5;4;5;3;4;5;4,paper_multivehicle_v2
OR-Tools,50,10,0.25,15,14.975153231997647,100.0,50,0,1.9878889999999996,1.9862276999999984,1.0291663999999998,0.9570612999999986,0.9570105999999985,10,7,11,596.0397223148636,10,7;7;6;6;4;5;4;4;4;3,paper_multivehicle_v2
OR-Tools,50,10,0.25,16,17.44590673840017,100.0,50,0,2.3338999000000005,2.3323375000000004,1.0415145999999997,1.2908229000000007,1.2908229000000007,10,10,11,566.6708643101578,10,7;6;8;7;4;4;3;4;3;4,paper_multivehicle_v2
OR-Tools,50,10,0.25,17,13.585208304820995,100.0,50,0,1.7676110999999999,1.7661621999999992,1.0272237999999998,0.7389383999999994,0.7389082,10,7,11,550.6352056489637,10,7;5;6;6;6;5;4;4;4;3,paper_multivehicle_v2
OR-Tools,50,10,0.25,18,13.261939366461077,100.0,50,0,1.7692161,1.7678439999999989,1.0273286000000001,0.7405153999999987,0.7405031999999991,10,9,11,588.0022751813732,10,5;7;4;5;5;5;4;5;5;5,paper_multivehicle_v2
OR-Tools,50,10,0.25,19,19.469179855296026,100.0,50,0,2.5838436999999996,2.582246800000001,1.0299762000000001,1.5522706000000008,1.5522316000000016,10,8,11,563.7042143889405,10,6;8;6;6;4;4;3;5;4;4,paper_multivehicle_v2
OR-Tools,50,10,0.25,20,12.554069511614427,100.0,50,0,1.9644239999999997,1.9633345999999987,1.0291924999999997,0.934142099999999,0.9341199999999992,10,8,11,562.0626549798264,10,6;7;6;6;5;3;4;4;4;5,paper_multivehicle_v2
OR-Tools,50,10,0.5,1,15.644984716228475,100.0,50,0,1.1721777000000002,1.1703362999999993,1.0281036000000001,0.1422326999999992,0.1422326999999992,10,10,11,608.5137436847828,10,10;7;6;6;4;4;3;3;4;3,paper_multivehicle_v2
OR-Tools,50,10,0.5,2,16.373207940591595,100.0,50,0,1.5811006000000003,1.5792257999999992,1.029709,0.5495167999999993,0.5494971999999994,10,9,11,559.0408913227624,10,7;7;6;7;5;4;3;3;3;5,paper_multivehicle_v2
OR-Tools,50,10,0.5,3,21.468791081632613,100.0,50,0,1.4160422,1.414294300000001,1.0278996000000002,0.38639470000000076,0.38639470000000076,10,10,11,612.9579005679548,10,6;7;6;6;6;5;5;4;3;2,paper_multivehicle_v2
OR-Tools,50,10,0.5,4,14.545274441034373,100.0,50,0,1.5895230999999999,1.5877481,1.0387094,0.5490387000000001,0.5490179,10,9,11,544.5113027225366,10,8;5;6;6;5;5;5;3;4;3,paper_multivehicle_v2
OR-Tools,50,10,0.5,5,17.503481652949308,100.0,50,0,1.570929,1.5692013,1.0300937000000001,0.5391075999999999,0.5391075999999999,10,10,11,622.4179548446715,10,8;8;5;4;6;5;5;3;3;3,paper_multivehicle_v2
OR-Tools,50,10,0.5,6,14.723025964663803,100.0,50,0,1.0759731000000001,1.074119600000001,1.0292310999999998,0.04488850000000122,0.04486610000000102,10,9,11,599.3692661624063,10,6;7;6;7;6;6;4;4;2;2,paper_multivehicle_v2
OR-Tools,50,10,0.5,7,15.415834360745407,100.0,50,0,1.3305635999999998,1.3285010999999998,1.0302444000000002,0.2982566999999996,0.2982566999999996,10,10,11,552.6640476057379,10,8;8;7;5;5;5;3;4;2;3,paper_multivehicle_v2
OR-Tools,50,10,0.5,8,19.452917953594465,100.0,50,0,2.0268926,2.0253674,1.0359578000000003,0.9894095999999997,0.9893774999999998,10,8,11,594.5195225817619,10,8;5;6;6;6;6;3;3;3;4,paper_multivehicle_v2
OR-Tools,50,10,0.5,9,16.093181610614774,100.0,50,0,1.2537118,1.2505189000000003,1.0299592999999998,0.22055960000000052,0.22055960000000052,10,10,11,600.9091508133853,10,8;7;6;6;5;5;4;4;2;3,paper_multivehicle_v2
OR-Tools,50,10,0.5,10,16.673121706351793,100.0,50,0,1.3103275000000003,1.3083649000000004,1.0344352999999997,0.27392960000000066,0.27390340000000046,10,9,11,572.0067319898129,10,9;7;7;6;5;4;2;3;3;4,paper_multivehicle_v2
OR-Tools,50,10,0.5,11,17.271411909029236,100.0,50,0,1.0997921,1.097717000000001,1.0353248,0.06239220000000101,0.06239220000000101,10,10,11,616.0950329828685,10,6;7;6;6;5;6;5;3;3;3,paper_multivehicle_v2
OR-Tools,50,10,0.5,12,15.97040869009017,100.0,50,0,1.2386495000000002,1.2361966000000004,1.0320372999999998,0.2041593000000006,0.2041593000000006,10,10,11,576.202315070243,10,9;8;6;6;6;5;3;2;3;2,paper_multivehicle_v2
OR-Tools,50,10,0.5,13,17.463068440953265,100.0,50,0,1.9391313000000001,1.9371389000000012,1.0239229,0.9132160000000011,0.9131911000000015,10,9,11,597.3535881587671,10,5;7;6;7;5;6;4;3;4;3,paper_multivehicle_v2
OR-Tools,50,10,0.5,14,16.720469773684563,100.0,50,0,1.0573726000000003,1.0558974,1.0187373000000002,0.03716009999999992,0.037119600000000474,10,8,11,537.6194679734858,10,7;5;7;7;6;5;4;4;3;2,paper_multivehicle_v2
OR-Tools,50,10,0.5,15,20.255282063964994,98.0,49,1,0.8590506999999996,0.8577622999999996,0.8161930000000002,0.041569299999999476,0.041569299999999476,10,10,11,592.6443077202339,10,7;5;5;6;6;5;5;4;3;3,paper_multivehicle_v2
OR-Tools,50,10,0.5,16,15.732650092845498,100.0,50,0,1.0522460000000002,1.0510819999999996,1.021605,0.02947699999999953,0.02947699999999953,10,10,11,554.7303769549652,10,7;5;6;5;5;6;6;4;3;3,paper_multivehicle_v2
OR-Tools,50,10,0.5,17,14.874523951812668,100.0,50,0,1.0578603000000002,1.0564548999999999,1.0222647,0.03419019999999984,0.03417059999999994,10,9,11,584.411171871746,10,8;6;6;7;6;5;3;3;3;3,paper_multivehicle_v2
OR-Tools,50,10,0.5,18,14.149208968237804,100.0,50,0,1.0479946,1.0469651,1.0196481,0.027317000000000036,0.027317000000000036,10,10,11,568.1875650910835,10,8;6;6;5;5;5;5;4;3;3,paper_multivehicle_v2
OR-Tools,50,10,0.5,19,17.136832613637967,100.0,50,0,1.2535583,1.2524941000000007,1.0212430000000001,0.2312511000000006,0.2312511000000006,10,10,11,572.8908532072691,10,7;6;7;5;5;6;5;3;3;3,paper_multivehicle_v2
OR-Tools,50,10,0.5,20,17.292795210957127,100.0,50,0,1.0517911999999998,1.050726,1.0184789000000003,0.03224709999999975,0.03224709999999975,10,10,11,579.8098572175998,10,7;7;7;4;5;5;4;4;3;4,paper_multivehicle_v2
OR-Tools,50,10,0.75,1,17.001983926351233,100.0,50,0,0.6074788,0.6051381,0.5444022,0.060735900000000065,0.060735900000000065,10,10,11,551.8597482350202,10,7;8;7;5;5;5;5;4;2;2,paper_multivehicle_v2
OR-Tools,50,10,0.75,2,14.697340463558525,96.0,48,2,0.31375659999999983,0.31161150000000015,0.029355800000000043,0.2822557000000001,0.2822557000000001,10,10,11,550.825947822081,10,6;5;7;5;6;6;5;2;3;3,paper_multivehicle_v2
OR-Tools,50,10,0.75,3,21.480744387300057,100.0,50,0,0.7011349,0.6990411999999999,0.6303692000000001,0.06867199999999984,0.06867199999999984,10,10,11,649.0977767518339,10,7;7;6;6;5;5;4;4;3;3,paper_multivehicle_v2
OR-Tools,50,10,0.75,4,18.445447979535658,100.0,50,0,0.19658789999999993,0.1947606000000004,0.13037389999999993,0.06438670000000046,0.06438670000000046,10,10,11,521.9752481645428,10,6;8;8;5;5;5;4;3;3;3,paper_multivehicle_v2
OR-Tools,50,10,0.75,5,16.362527853713406,100.0,50,0,0.49614629999999993,0.4943261999999995,0.4326228999999999,0.06170329999999957,0.06170329999999957,10,10,11,614.1461630639145,10,6;6;7;6;7;5;4;3;3;3,paper_multivehicle_v2
OR-Tools,50,10,0.75,6,19.545910377908644,100.0,50,0,0.5806069999999999,0.5789751000000001,0.5360024000000001,0.042972699999999975,0.042972699999999975,10,10,11,559.7090671016836,10,7;8;7;6;6;5;4;3;2;2,paper_multivehicle_v2
OR-Tools,50,10,0.75,7,15.007637367095711,100.0,50,0,0.1164225000000001,0.11415759999999953,0.030844300000000047,0.08331329999999948,0.08331329999999948,10,10,11,547.1228385838266,10,8;5;8;6;5;8;6;2;1;1,paper_multivehicle_v2
OR-Tools,50,10,0.75,8,18.886602721248327,100.0,50,0,0.10338859999999994,0.1013027999999998,0.03502050000000012,0.06628229999999968,0.06628229999999968,10,10,11,644.9914828283688,10,8;7;7;6;5;5;4;4;2;2,paper_multivehicle_v2
OR-Tools,50,10,0.75,9,19.41591801159501,100.0,50,0,0.8785086999999998,0.8771282000000002,0.8400366000000001,0.03709160000000011,0.03709160000000011,10,10,11,571.8753064093039,10,7;6;6;6;6;6;4;3;3;3,paper_multivehicle_v2
OR-Tools,50,10,0.75,10,16.94982271878346,100.0,50,0,0.11181459999999999,0.10953249999999981,0.030983699999999947,0.07854879999999986,0.07854879999999986,10,10,11,585.149555572896,10,10;7;6;8;5;5;4;2;2;1,paper_multivehicle_v2
OR-Tools,50,10,0.75,11,18.39195856877533,100.0,50,0,0.1876389999999999,0.18584129999999988,0.1295733000000001,0.05626799999999976,0.05626799999999976,10,10,11,591.1117694375563,10,6;7;7;6;6;5;4;4;3;2,paper_multivehicle_v2
OR-Tools,50,10,0.75,12,22.906679913909745,100.0,50,0,0.09016880000000005,0.08829299999999995,0.025956099999999926,0.06233690000000003,0.06233690000000003,10,10,11,592.1223889715571,10,7;7;5;7;6;6;5;3;2;2,paper_multivehicle_v2
OR-Tools,50,10,0.75,13,14.647172221723478,100.0,50,0,0.27838810000000014,0.27652009999999927,0.21645519999999996,0.06006489999999931,0.06006489999999931,10,10,11,568.3007390860666,10,8;8;8;6;6;6;2;3;2;1,paper_multivehicle_v2
OR-Tools,50,10,0.75,14,20.308952791699745,100.0,50,0,0.10032700000000006,0.09824849999999996,0.01587190000000005,0.08237659999999991,0.08237659999999991,10,10,11,584.1098251534614,10,8;7;7;6;6;5;4;3;2;2,paper_multivehicle_v2
OR-Tools,50,10,0.75,15,20.12311079980127,100.0,50,0,0.9699484000000003,0.9686707999999995,0.8169911000000001,0.15167969999999942,0.15167969999999942,10,10,11,590.1525821238215,10,7;5;6;7;6;5;4;4;4;2,paper_multivehicle_v2
OR-Tools,50,10,0.75,16,19.30300141516343,100.0,50,0,0.37566880000000014,0.3738934999999999,0.3181720000000001,0.05572149999999976,0.05572149999999976,10,10,11,607.9934481207948,10,9;7;7;7;5;4;4;3;2;2,paper_multivehicle_v2
OR-Tools,50,10,0.75,17,18.727956270710678,100.0,50,0,0.3791677,0.37735339999999984,0.3177436,0.059609799999999824,0.059609799999999824,10,10,11,579.3399965946951,10,6;7;8;6;7;4;4;4;3;1,paper_multivehicle_v2
OR-Tools,50,10,0.75,18,15.881384679470063,100.0,50,0,0.5764165000000001,0.5747094000000004,0.5189180999999998,0.05579130000000054,0.05579130000000054,10,10,11,563.6089815766079,10,6;8;8;6;6;4;3;3;3;3,paper_multivehicle_v2
OR-Tools,50,10,0.75,19,17.744909956868145,100.0,50,0,0.27859710000000004,0.27653740000000004,0.21588000000000007,0.06065739999999997,0.06065739999999997,10,10,11,572.6789649260913,10,9;8;7;7;5;4;5;3;1;1,paper_multivehicle_v2
OR-Tools,50,10,0.75,20,16.62396013257085,96.0,48,2,0.11006610000000006,0.1079392999999993,0.016812800000000072,0.09112649999999922,0.09112649999999922,10,10,11,588.0332468252785,10,8;7;7;6;6;5;3;3;2;1,paper_multivehicle_v2
Tabu Search,20,4,0.1,1,5.758225225627717,100.0,20,0,0.3994401000000001,0.3986362999999995,0.3738463999999999,0.024789899999999587,0.02473639999999988,10,3,11,531.647367360298,4,5;5;6;4,paper_multivehicle_v2
Tabu Search,20,4,0.1,2,5.839625761798496,100.0,20,0,0.2803799,0.27936019999999995,0.2553947999999999,0.023965400000000026,0.023913300000000026,10,5,11,528.9486375694032,4,7;4;5;4,paper_multivehicle_v2
Tabu Search,20,4,0.1,3,4.808484128629929,100.0,20,0,0.23063650000000013,0.22964390000000034,0.2115148,0.018129100000000342,0.018067600000000184,10,4,11,512.6441167601605,4,7;5;4;4,paper_multivehicle_v2
Tabu Search,20,4,0.1,4,6.6356865888877,100.0,20,0,0.5229412,0.5221578999999996,0.3500508,0.17210709999999962,0.17207470000000002,10,3,11,563.1293520465272,4,5;5;4;6,paper_multivehicle_v2
Tabu Search,20,4,0.1,5,4.392610596688152,100.0,20,0,0.40087509999999993,0.40010650000000014,0.3582018,0.04190470000000013,0.041853200000000035,10,3,11,527.2247250119995,4,6;4;5;5,paper_multivehicle_v2
Tabu Search,20,4,0.1,6,5.888761100788498,100.0,20,0,0.2485811,0.2476113000000002,0.23304009999999997,0.014571200000000228,0.014506800000000153,10,4,11,538.6244793006938,4,6;5;5;4,paper_multivehicle_v2
Tabu Search,20,4,0.1,7,5.40646564799233,100.0,20,0,0.28204609999999986,0.28123649999999967,0.2617288999999998,0.019507599999999847,0.019459699999999858,10,4,11,518.2865958476209,4,5;5;5;5,paper_multivehicle_v2
Tabu Search,20,4,0.1,8,5.088238757317568,100.0,20,0,0.49005049999999994,0.48913660000000037,0.4204017,0.06873490000000038,0.06866440000000007,10,3,11,540.2893564007277,4,4;5;6;5,paper_multivehicle_v2
Tabu Search,20,4,0.1,9,5.680454307125226,100.0,20,0,0.5944976,0.5936180000000002,0.5128721,0.08074590000000015,0.0806766000000001,10,3,11,523.6434429932443,4,5;5;5;5,paper_multivehicle_v2
Tabu Search,20,4,0.1,10,6.881626451953242,100.0,20,0,0.2441854000000001,0.24337779999999976,0.23060780000000003,0.012769999999999726,0.012639599999999751,10,5,11,559.3385813317243,4,6;5;4;5,paper_multivehicle_v2
Tabu Search,20,4,0.1,11,6.428465424718515,100.0,20,0,0.2002679999999999,0.19952309999999995,0.1958561000000001,0.003666999999999865,0.0036281999999998593,10,5,11,538.2696703133888,4,6;5;5;4,paper_multivehicle_v2
Tabu Search,20,4,0.1,12,5.551510222520338,100.0,20,0,0.4145947000000001,0.4136481000000001,0.3631495,0.05049860000000006,0.05043620000000004,10,4,11,512.1745982714755,4,4;5;6;5,paper_multivehicle_v2
Tabu Search,20,4,0.1,13,4.852172711774402,100.0,20,0,0.3198907,0.3192474999999999,0.29756019999999994,0.021687299999999965,0.02164300000000008,10,4,11,568.8021928050729,4,5;5;5;5,paper_multivehicle_v2
Tabu Search,20,4,0.1,14,5.899794628028636,100.0,20,0,0.2516016000000001,0.25093029999999983,0.23434290000000013,0.016587399999999697,0.01653939999999987,10,4,11,535.0055909686668,4,6;5;4;5,paper_multivehicle_v2
Tabu Search,20,4,0.1,15,5.870245197401778,100.0,20,0,0.3084929999999999,0.30783610000000006,0.2855103000000001,0.02232579999999995,0.022278499999999868,10,4,11,531.6196556122933,4,5;6;5;4,paper_multivehicle_v2
Tabu Search,20,4,0.1,16,5.166214304112914,100.0,20,0,0.36826380000000003,0.36786009999999947,0.33100850000000004,0.03685159999999943,0.03681889999999988,10,2,11,541.2343342374714,4,5;5;5;5,paper_multivehicle_v2
Tabu Search,20,4,0.1,17,5.059454469072289,100.0,20,0,0.2884538000000001,0.28792480000000054,0.2643955,0.02352930000000053,0.02350370000000024,10,4,11,523.248790962389,4,5;5;5;5,paper_multivehicle_v2
Tabu Search,20,4,0.1,18,5.178307528713113,100.0,20,0,0.14550269999999998,0.14488159999999994,0.14347029999999994,0.0014113000000000042,0.0013716999999999757,10,5,11,527.8886820960741,4,6;5;4;5,paper_multivehicle_v2
Tabu Search,20,4,0.1,19,5.585189828906499,100.0,20,0,0.27517919999999996,0.2747548999999998,0.2528173,0.02193759999999978,0.021910299999999827,10,4,11,556.3197769851895,4,7;5;4;4,paper_multivehicle_v2
Tabu Search,20,4,0.1,20,4.558242550134127,100.0,20,0,0.32408900000000007,0.32369519999999996,0.29704130000000006,0.026653899999999897,0.026627600000000085,10,3,11,517.2622820624607,4,6;4;5;5,paper_multivehicle_v2
Tabu Search,20,4,0.25,1,6.739423028588083,100.0,20,0,0.04599200000000003,0.045142600000000366,0.044511100000000026,0.0006315000000003401,0.0006031000000001896,10,7,11,544.1953459267177,4,7;5;5;3,paper_multivehicle_v2
Tabu Search,20,4,0.25,2,7.249102505353337,100.0,20,0,0.21488189999999996,0.21407009999999982,0.1998103,0.014259799999999823,0.014219099999999818,10,5,11,560.3360127195328,4,6;5;5;4,paper_multivehicle_v2
Tabu Search,20,4,0.25,3,6.579211089822359,100.0,20,0,0.07747799999999994,0.0765224999999996,0.06639149999999994,0.010130999999999668,0.010092699999999954,10,5,11,521.5122832893167,4,5;5;6;4,paper_multivehicle_v2
Tabu Search,20,4,0.25,4,7.052159782271834,100.0,20,0,0.09992219999999996,0.0989549999999999,0.09324120000000002,0.00571379999999988,0.005664700000000078,10,6,11,592.6710318698514,4,7;5;4;4,paper_multivehicle_v2
Tabu Search,20,4,0.25,5,6.618569723852068,100.0,20,0,0.13144089999999986,0.13065419999999994,0.1232373,0.0074168999999999485,0.007375099999999968,10,6,11,566.7666969488616,4,5;6;4;5,paper_multivehicle_v2
Tabu Search,20,4,0.25,6,6.219090943190651,95.0,19,1,0.23419499999999993,0.23342339999999973,0.2187013,0.014722099999999738,0.014697799999999983,10,7,11,522.0550630863519,4,5;5;5;4,paper_multivehicle_v2
Tabu Search,20,4,0.25,7,5.557748549908322,100.0,20,0,0.3019384999999999,0.3009837000000002,0.2939303,0.0070534000000002095,0.006992099999999946,10,4,11,526.0131603968896,4,5;5;5;5,paper_multivehicle_v2
Tabu Search,20,4,0.25,8,4.7968476221933525,95.0,19,1,0.3300464999999999,0.32926270000000013,0.27486219999999983,0.054400500000000296,0.054400500000000296,10,10,11,533.7067018806463,4,4;5;5;5,paper_multivehicle_v2
Tabu Search,20,4,0.25,9,5.272138305844926,100.0,20,0,0.23044170000000008,0.22964479999999954,0.21668580000000004,0.012958999999999499,0.01291859999999967,10,5,11,544.8712910967158,4,6;6;4;4,paper_multivehicle_v2
Tabu Search,20,4,0.25,10,5.642443969266187,100.0,20,0,0.2822764999999998,0.28143790000000024,0.2572508,0.02418710000000024,0.02413619999999983,10,5,11,531.0014859709453,4,6;5;5;4,paper_multivehicle_v2
Tabu Search,20,4,0.25,11,5.849421311496889,100.0,20,0,0.348371,0.34763679999999986,0.304864,0.04277279999999983,0.04275070000000003,10,5,11,539.6810720552348,4,8;4;4;4,paper_multivehicle_v2
Tabu Search,20,4,0.25,12,4.328080552407576,100.0,20,0,0.22144680000000005,0.2206680999999997,0.2082329999999999,0.01243509999999981,0.01238819999999996,10,4,11,577.2979046008685,4,6;6;4;4,paper_multivehicle_v2
Tabu Search,20,4,0.25,13,10.438755692969027,100.0,20,0,0.04325599999999996,0.042437599999999964,0.027197600000000044,0.01523999999999992,0.015205900000000216,10,6,11,557.3770923105903,4,6;6;5;3,paper_multivehicle_v2
Tabu Search,20,4,0.25,14,6.34524921783223,100.0,20,0,0.22799839999999993,0.22719409999999995,0.2038852,0.023308899999999966,0.023267599999999833,10,6,11,589.9931725347394,4,6;5;5;4,paper_multivehicle_v2
Tabu Search,20,4,0.25,15,6.328031550671281,100.0,20,0,0.26394870000000004,0.2635101000000002,0.24661890000000009,0.016891200000000106,0.01686500000000013,10,4,11,560.9475029345424,4,5;5;6;4,paper_multivehicle_v2
Tabu Search,20,4,0.25,16,6.309146217311764,100.0,20,0,0.051417500000000116,0.050761600000000184,0.049528500000000086,0.001233100000000098,0.001209900000000319,10,7,11,568.9711029571296,4,6;7;4;3,paper_multivehicle_v2
Tabu Search,20,4,0.25,17,4.963907569312353,100.0,20,0,0.17818350000000005,0.17734810000000012,0.17046530000000004,0.006882800000000078,0.006827600000000267,10,5,11,523.6586935313398,4,7;5;4;4,paper_multivehicle_v2
Tabu Search,20,4,0.25,18,6.91797593415234,100.0,20,0,0.12280920000000006,0.12239990000000045,0.12142169999999997,0.0009782000000004842,0.0009489000000002523,10,5,11,528.811082854494,4,6;5;5;4,paper_multivehicle_v2
Tabu Search,20,4,0.25,19,6.6848936348354755,100.0,20,0,0.2318853999999999,0.23140859999999996,0.1830716000000001,0.04833699999999985,0.04830909999999977,10,5,11,576.4303414133349,4,6;5;5;4,paper_multivehicle_v2
Tabu Search,20,4,0.25,20,5.025927980498073,100.0,20,0,0.1818575,0.18145220000000006,0.1741807000000002,0.007271499999999875,0.007237899999999797,10,4,11,537.8201904107107,4,6;5;5;4,paper_multivehicle_v2
Tabu Search,20,4,0.5,1,7.674604515932025,100.0,20,0,0.032722599999999824,0.03186890000000031,0.03031410000000001,0.0015548000000003004,0.0015377000000003083,10,8,11,558.9416638148097,4,6;5;5;4,paper_multivehicle_v2
Tabu Search,20,4,0.5,2,6.0151923611648135,100.0,20,0,0.033571100000000076,0.03274049999999962,0.030879799999999902,0.0018606999999997154,0.001837399999999878,10,7,11,530.3773432976651,4,6;6;4;4,paper_multivehicle_v2
Tabu Search,20,4,0.5,3,6.922614459954637,100.0,20,0,0.004062199999999905,0.0030714000000000574,0.0021663999999999017,0.0009050000000001557,0.0008730000000001237,10,7,11,554.2615097690523,4,7;6;4;3,paper_multivehicle_v2
Tabu Search,20,4,0.5,4,7.9237356537498265,100.0,20,0,0.027106899999999934,0.026172900000000165,0.024040599999999968,0.002132300000000198,0.0020847000000001614,10,6,11,596.2366769457079,4,6;5;5;4,paper_multivehicle_v2
Tabu Search,20,4,0.5,5,7.090673524345704,100.0,20,0,0.012040100000000109,0.011062299999999858,0.010301399999999905,0.0007608999999999533,0.0007276000000002725,10,7,11,575.9378620589291,4,6;5;6;3,paper_multivehicle_v2
Tabu Search,20,4,0.5,6,7.058127200614788,100.0,20,0,0.020726900000000104,0.01993149999999999,0.0187075000000001,0.0012239999999998918,0.001181399999999666,10,6,11,552.9376921834634,4,6;5;5;4,paper_multivehicle_v2
Tabu Search,20,4,0.5,7,5.604046554296721,100.0,20,0,0.03304240000000003,0.03212970000000026,0.03141590000000005,0.0007138000000002087,0.000677099999999875,10,7,11,518.5133995976269,4,6;6;6;2,paper_multivehicle_v2
Tabu Search,20,4,0.5,8,5.731331914179925,100.0,20,0,0.023193699999999984,0.022500799999999987,0.021457599999999966,0.0010432000000000219,0.0010145999999999766,10,7,11,536.9358991703494,4,5;6;5;4,paper_multivehicle_v2
Tabu Search,20,4,0.5,9,7.917306208817434,100.0,20,0,0.02786069999999996,0.026960500000000387,0.02601640000000005,0.0009441000000003363,0.0009117000000002928,10,7,11,524.1232277162179,4,7;5;4;4,paper_multivehicle_v2
Tabu Search,20,4,0.5,10,7.372819066176676,100.0,20,0,0.04611419999999988,0.04529139999999998,0.04316019999999998,0.0021311999999999998,0.0021135999999999378,10,8,11,538.566153792042,4,7;6;4;3,paper_multivehicle_v2
Tabu Search,20,4,0.5,11,8.893546189581183,100.0,20,0,0.02839809999999998,0.027457400000000076,0.025896200000000036,0.0015612000000000403,0.0015408000000001199,10,8,11,582.7383488398002,4,6;6;5;3,paper_multivehicle_v2
Tabu Search,20,4,0.5,12,8.799204339882381,100.0,20,0,0.004698199999999986,0.003891000000000533,0.0019868000000000663,0.0019042000000004666,0.0018729000000003992,10,7,11,597.6453471834177,4,6;5;6;3,paper_multivehicle_v2
Tabu Search,20,4,0.5,13,6.926077210045256,100.0,20,0,0.00247099999999989,0.0017570000000000086,0.0011607000000000145,0.0005962999999999941,0.0005765000000002019,10,8,11,583.4032053717971,4,6;7;5;2,paper_multivehicle_v2
Tabu Search,20,4,0.5,14,7.607774215464362,95.0,19,1,0.0033968000000001997,0.002726199999999901,0.0014727000000001045,0.0012534999999997964,0.0012448999999998822,10,9,11,548.8930995609462,4,6;6;4;3,paper_multivehicle_v2
Tabu Search,20,4,0.5,15,5.475452369771814,100.0,20,0,0.007558699999999918,0.006804699999999997,0.0061637999999999415,0.0006409000000000553,0.000616800000000195,10,7,11,537.9565932145551,4,6;6;6;2,paper_multivehicle_v2
Tabu Search,20,4,0.5,16,8.584862827002777,95.0,19,1,0.0018591999999999498,0.0011263000000008017,0.00024660000000009674,0.0008797000000007049,0.0008590000000006093,10,8,11,548.0268765632588,4,5;7;5;2,paper_multivehicle_v2
Tabu Search,20,4,0.5,17,8.055701913993827,100.0,20,0,0.002909700000000015,0.0022987999999999342,0.0015631999999998758,0.0007356000000000584,0.0007187000000001831,10,9,11,590.272769328359,4,6;6;5;3,paper_multivehicle_v2
Tabu Search,20,4,0.5,18,6.391057978217432,100.0,20,0,0.024511799999999972,0.024093899999999557,0.023750200000000055,0.00034369999999950274,0.00033409999999967077,10,8,11,573.6275791703083,4,6;5;5;4,paper_multivehicle_v2
Tabu Search,20,4,0.5,19,5.678003006438329,100.0,20,0,0.019720799999999983,0.01892719999999959,0.01808389999999993,0.0008432999999996582,0.0008325999999998501,10,9,11,534.5764708446005,4,7;7;4;2,paper_multivehicle_v2
Tabu Search,20,4,0.5,20,9.25934711440999,100.0,20,0,0.018079500000000026,0.01721689999999998,0.01553899999999997,0.00167790000000001,0.0016533000000000797,10,8,11,596.5710688670223,4,6;6;5;3,paper_multivehicle_v2
Tabu Search,20,4,0.75,1,9.365846519323382,100.0,20,0,0.0021413000000001237,0.0013532999999994466,0.0006363999999998704,0.0007168999999995762,0.0007077999999995921,10,9,11,604.6364047707309,4,6;7;4;3,paper_multivehicle_v2
Tabu Search,20,4,0.75,2,9.013854535585388,100.0,20,0,0.0029284999999998895,0.002074499999999757,0.0007960000000000189,0.0012784999999997382,0.001262999999999792,10,9,11,613.1006835143444,4,7;7;5;1,paper_multivehicle_v2
Tabu Search,20,4,0.75,3,6.711379915282022,100.0,20,0,0.0028056000000000747,0.001961700000000288,0.00011659999999991122,0.001845100000000377,0.001845100000000377,10,10,11,576.5594936362888,4,8;7;3;2,paper_multivehicle_v2
Tabu Search,20,4,0.75,4,7.308691814415017,100.0,20,0,0.0018716000000000843,0.0012268999999998087,0.00020470000000005761,0.001022199999999751,0.001022199999999751,10,10,11,565.2160183226072,4,8;5;4;3,paper_multivehicle_v2
Tabu Search,20,4,0.75,5,8.217945402833035,100.0,20,0,0.0020534999999999304,0.0014518999999995064,0.0008068999999999438,0.0006449999999995626,0.000627499999999559,10,8,11,542.1784189612059,4,6;6;5;3,paper_multivehicle_v2
Tabu Search,20,4,0.75,6,5.730933573489488,100.0,20,0,0.0018291999999999753,0.0012079000000002615,0.0005151000000001016,0.00069280000000016,0.0006832000000001059,10,9,11,536.6408194408576,4,7;6;4;3,paper_multivehicle_v2
Tabu Search,20,4,0.75,7,6.339770215332913,100.0,20,0,0.015936799999999973,0.01522869999999954,0.014572599999999936,0.0006560999999996042,0.0006390999999996705,10,8,11,559.620244944048,4,6;5;5;4,paper_multivehicle_v2
Tabu Search,20,4,0.75,8,7.448936388958553,100.0,20,0,0.0028378999999998378,0.0018192999999999682,0.0008988999999999248,0.0009204000000000434,0.0009204000000000434,10,10,11,550.1508718080743,4,6;5;5;4,paper_multivehicle_v2
Tabu Search,20,4,0.75,9,8.495277594868654,100.0,20,0,0.026325399999999943,0.025736199999999654,0.025326100000000018,0.00041009999999963576,0.0004001999999998507,10,8,11,615.6653538001976,4,7;6;5;2,paper_multivehicle_v2
Tabu Search,20,4,0.75,10,5.979968281248026,100.0,20,0,0.0016546000000001726,0.0009508000000000294,0.0002648999999999013,0.0006859000000001281,0.0006859000000001281,10,10,11,583.4872827521169,4,8;7;4;1,paper_multivehicle_v2
Tabu Search,20,4,0.75,11,9.007632488508438,100.0,20,0,0.004540299999999942,0.003859100000000115,0.002428099999999933,0.0014310000000001821,0.0014134000000001201,10,8,11,551.6890534792201,4,6;5;5;4,paper_multivehicle_v2
Tabu Search,20,4,0.75,12,7.156082564136118,100.0,20,0,0.0018126999999998894,0.0010659999999997893,0.00032949999999987156,0.0007364999999999178,0.0007364999999999178,10,10,11,573.7954078096038,4,7;6;6;1,paper_multivehicle_v2
Tabu Search,20,4,0.75,13,7.228483412481446,100.0,20,0,0.0018352999999999842,0.0010161000000004083,0.00015830000000005562,0.0008578000000003527,0.0008578000000003527,10,10,11,562.2174496816775,4,7;6;6;1,paper_multivehicle_v2
Tabu Search,20,4,0.75,14,8.387595454199356,100.0,20,0,0.0014990999999999755,0.0008825000000001193,0.00014570000000002636,0.0007368000000000929,0.0007368000000000929,10,10,11,613.3899419930766,4,7;6;4;3,paper_multivehicle_v2
Tabu Search,20,4,0.75,15,6.893332240357224,100.0,20,0,0.001682699999999926,0.0010449000000001263,0.00013449999999992635,0.0009104000000001999,0.0009104000000001999,10,10,11,573.0469718784885,4,6;7;4;3,paper_multivehicle_v2
Tabu Search,20,4,0.75,16,8.011398041264698,100.0,20,0,0.0029135000000000133,0.0022334999999999994,0.0001723000000000141,0.0020611999999999853,0.00205069999999985,10,9,11,568.2325218094916,4,8;5;4;3,paper_multivehicle_v2
Tabu Search,20,4,0.75,17,5.321745442810515,100.0,20,0,0.001888300000000065,0.0012894999999997214,0.0005091999999999874,0.000780299999999734,0.000780299999999734,10,10,11,553.4824208937275,4,8;7;4;1,paper_multivehicle_v2
Tabu Search,20,4,0.75,18,8.269153691345686,100.0,20,0,0.002316900000000066,0.001669099999999979,0.0009703999999999269,0.0006987000000000521,0.0006987000000000521,10,10,11,588.4033933436124,4,6;6;4;4,paper_multivehicle_v2
Tabu Search,20,4,0.75,19,7.275462076022959,100.0,20,0,0.0019434000000000395,0.0013788000000003464,0.0007607000000000586,0.0006181000000002879,0.0005998000000002612,10,8,11,590.2979764024292,4,8;6;4;2,paper_multivehicle_v2
Tabu Search,20,4,0.75,20,8.146490970506493,100.0,20,0,0.0014678000000001301,0.0008915000000002671,7.010000000007288e-05,0.0008214000000001942,0.0008126999999999995,10,9,11,574.4741426104808,4,6;6;5;3,paper_multivehicle_v2
Tabu Search,35,7,0.1,1,8.880525187870106,100.0,35,0,0.9566334999999999,0.9555247000000009,0.7001470000000001,0.2553777000000008,0.2553184000000006,10,3,11,532.7768588044673,7,5;4;6;6;4;5;5,paper_multivehicle_v2
Tabu Search,35,7,0.1,2,7.574295214786337,100.0,35,0,0.7768558000000001,0.7758238999999998,0.7398505,0.03597339999999982,0.035919399999999824,10,4,11,513.8635323820195,7,6;5;5;6;4;5;4,paper_multivehicle_v2
Tabu Search,35,7,0.1,3,10.577641236929002,100.0,35,0,0.636728,0.6354039999999999,0.5492919,0.0861120999999998,0.08604979999999984,10,5,11,521.0928507555047,7,5;6;6;5;5;5;3,paper_multivehicle_v2
Tabu Search,35,7,0.1,4,9.507433719940478,100.0,35,0,0.5924331,0.5913827,0.5312307000000001,0.06015199999999998,0.060095699999999974,10,4,11,591.2498111222433,7,5;6;4;6;5;4;5,paper_multivehicle_v2
Tabu Search,35,7,0.1,5,10.905989606087898,100.0,35,0,0.7230714999999999,0.7219946000000002,0.6032033000000001,0.11879130000000004,0.11871080000000012,10,3,11,552.6547862873692,7,5;5;4;5;7;4;5,paper_multivehicle_v2
Tabu Search,35,7,0.1,6,9.851721460885607,100.0,35,0,0.9035855000000002,0.9025297000000001,0.7679152999999999,0.13461440000000024,0.13455320000000004,10,3,11,525.9130035789827,7,5;4;5;4;6;6;5,paper_multivehicle_v2
Tabu Search,35,7,0.1,7,11.69458117662047,100.0,35,0,0.6036520999999999,0.6026109999999998,0.5258065999999999,0.07680439999999988,0.07676079999999974,10,5,11,570.7266884152497,7,6;6;4;5;5;4;5,paper_multivehicle_v2
Tabu Search,35,7,0.1,8,10.525873697279605,100.0,35,0,0.7915232000000001,0.7904631999999996,0.6627002,0.12776299999999963,0.12770939999999986,10,4,11,541.0106258328985,7,5;6;4;6;5;4;5,paper_multivehicle_v2
Tabu Search,35,7,0.1,9,9.300862389075021,100.0,35,0,0.6185227,0.6174392,0.5569674,0.060471799999999964,0.06042419999999993,10,5,11,591.1631468944175,7,6;7;3;5;5;5;4,paper_multivehicle_v2
Tabu Search,35,7,0.1,10,9.199929466116044,100.0,35,0,0.5196296,0.5185991000000001,0.4446481,0.0739510000000001,0.07390999999999992,10,5,11,547.8243017923795,7,6;5;6;4;4;6;4,paper_multivehicle_v2
Tabu Search,35,7,0.1,11,11.497332157974515,100.0,35,0,0.5852409999999999,0.5841767999999996,0.5294257,0.05475109999999961,0.054702999999999946,10,5,11,564.5978728017278,7,6;4;5;5;6;5;4,paper_multivehicle_v2
Tabu Search,35,7,0.1,12,10.612431896913133,100.0,35,0,0.48784720000000004,0.4868264,0.4578514,0.028974999999999973,0.02893800000000013,10,6,11,585.9831428937264,7,5;7;4;5;5;4;5,paper_multivehicle_v2
Tabu Search,35,7,0.1,13,9.478346044192925,100.0,35,0,0.5712598999999998,0.5705938999999995,0.5477191000000001,0.022874799999999418,0.022845999999999478,10,4,11,538.2029630690915,7,6;5;6;4;5;4;5,paper_multivehicle_v2
Tabu Search,35,7,0.1,14,8.287611108870085,100.0,35,0,0.5242993,0.5232788999999987,0.4910659999999998,0.03221289999999888,0.032157099999999605,10,5,11,526.1149635623844,7,6;4;5;5;4;5;6,paper_multivehicle_v2
Tabu Search,35,7,0.1,15,10.629840901168288,100.0,35,0,0.4848059,0.4837571000000007,0.4500911000000001,0.03366600000000064,0.03360840000000076,10,5,11,556.0848689768886,7,6;5;5;4;5;5;5,paper_multivehicle_v2
Tabu Search,35,7,0.1,16,8.612703488123316,100.0,35,0,0.5644405000000001,0.5637839999999998,0.4900540999999998,0.07372990000000001,0.07370619999999972,10,5,11,542.9124596440977,7,6;5;5;5;5;4;5,paper_multivehicle_v2
Tabu Search,35,7,0.1,17,8.110293985990998,100.0,35,0,0.5095762999999998,0.5088999999999999,0.48106570000000004,0.027834299999999867,0.027807500000000207,10,5,11,558.5661467699849,7,5;6;6;4;5;5;4,paper_multivehicle_v2
Tabu Search,35,7,0.1,18,7.767429953347282,100.0,35,0,0.43071119999999996,0.42986990000000036,0.41552599999999984,0.01434390000000052,0.014307200000000186,10,6,11,548.8772918630154,7,7;5;5;5;5;4;4,paper_multivehicle_v2
Tabu Search,35,7,0.1,19,7.1384233292728805,100.0,35,0,0.6455476,0.645020599999999,0.6113653999999997,0.03365519999999922,0.03361939999999963,10,2,11,527.3922364060754,7,5;4;5;4;4;6;7,paper_multivehicle_v2
Tabu Search,35,7,0.1,20,7.672412749514532,100.0,35,0,0.3913053999999998,0.3904556000000001,0.36357870000000014,0.02687689999999998,0.026832799999999768,10,5,11,516.5844319991547,7,7;4;4;5;5;5;5,paper_multivehicle_v2
Tabu Search,35,7,0.25,1,9.799537877828428,100.0,35,0,0.4263772000000001,0.42509470000000027,0.38958629999999994,0.03550840000000033,0.035475100000000204,10,7,11,588.1888209357787,7,6;5;6;4;6;5;3,paper_multivehicle_v2
Tabu Search,35,7,0.25,2,10.724977655673499,100.0,35,0,0.2883967999999999,0.2873498000000003,0.2616020000000001,0.02574780000000021,0.025701900000000055,10,5,11,590.917126982106,7,6;6;5;4;4;5;5,paper_multivehicle_v2
Tabu Search,35,7,0.25,3,10.114828105002323,100.0,35,0,0.47596680000000013,0.47463989999999967,0.4380896999999999,0.036550199999999755,0.03651189999999982,10,6,11,554.8191460554373,7,7;6;5;5;4;4;4,paper_multivehicle_v2
Tabu Search,35,7,0.25,4,8.581022472231492,100.0,35,0,0.3099143000000002,0.30867749999999994,0.3022745,0.0064029999999999365,0.006364700000000001,10,7,11,548.8217882397106,7,6;6;5;6;4;4;4,paper_multivehicle_v2
Tabu Search,35,7,0.25,5,10.392339799290639,100.0,35,0,0.2227809999999999,0.22151699999999996,0.21309519999999993,0.008421800000000035,0.008382799999999913,10,7,11,533.489642188119,7,6;6;5;5;5;4;4,paper_multivehicle_v2
Tabu Search,35,7,0.25,6,12.193127120678556,100.0,35,0,0.38888069999999986,0.38764410000000016,0.38336100000000006,0.004283100000000095,0.004260699999999895,10,8,11,544.5658129866073,7,6;7;5;5;4;4;4,paper_multivehicle_v2
Tabu Search,35,7,0.25,7,11.268611048617112,100.0,35,0,0.4530025000000002,0.4517558000000004,0.4225996999999999,0.029156100000000462,0.029123200000000127,10,7,11,615.3215811984703,7,5;7;5;5;5;4;4,paper_multivehicle_v2
Tabu Search,35,7,0.25,8,10.54187119828114,100.0,35,0,0.17436600000000002,0.17324769999999967,0.1548729000000002,0.01837479999999947,0.018362999999999685,10,9,11,548.7990431507537,7,8;6;6;5;4;3;3,paper_multivehicle_v2
Tabu Search,35,7,0.25,9,9.616113221004586,100.0,35,0,0.42438660000000006,0.4233619999999998,0.3936615000000001,0.029700499999999685,0.02966269999999982,10,6,11,567.5020788169162,7,6;6;5;5;3;5;5,paper_multivehicle_v2
Tabu Search,35,7,0.25,10,12.15345733634382,100.0,35,0,0.2324526,0.23115279999999938,0.22660309999999995,0.004549699999999435,0.004521599999999681,10,8,11,656.0838512127672,7,5;9;5;5;3;5;3,paper_multivehicle_v2
Tabu Search,35,7,0.25,11,9.653365950918502,100.0,35,0,0.21300339999999984,0.21196440000000027,0.2047063,0.007258100000000267,0.007231100000000046,10,7,11,557.9133786370112,7,7;5;5;6;5;3;4,paper_multivehicle_v2
Tabu Search,35,7,0.25,12,11.04912761246547,100.0,35,0,0.32063449999999993,0.31959589999999993,0.30111409999999994,0.018481799999999993,0.01846149999999991,10,8,11,535.9039650833507,7,6;5;6;5;4;5;4,paper_multivehicle_v2
Tabu Search,35,7,0.25,13,11.767877078467944,100.0,35,0,0.31200609999999984,0.3109582000000004,0.29260529999999996,0.01835290000000045,0.018319700000000383,10,7,11,582.0212276849121,7,5;6;5;5;6;5;3,paper_multivehicle_v2
Tabu Search,35,7,0.25,14,9.01560818271799,100.0,35,0,0.3892690999999999,0.3883865000000004,0.3698664999999999,0.018520000000000536,0.018492200000000292,10,7,11,535.4233380062317,7,6;7;6;4;4;4;4,paper_multivehicle_v2
Tabu Search,35,7,0.25,15,8.262540624694124,100.0,35,0,0.2806371000000001,0.2797110000000007,0.2755289999999999,0.004182000000000796,0.004153700000000482,10,7,11,531.7842559543088,7,5;6;6;5;5;4;4,paper_multivehicle_v2
Tabu Search,35,7,0.25,16,8.804501500286312,97.14285714285714,34,1,0.4198885000000001,0.4193317999999999,0.4083626,0.010969199999999901,0.010953400000000002,10,7,11,533.3302474346625,7,6;5;5;4;5;5;4,paper_multivehicle_v2
Tabu Search,35,7,0.25,17,9.53277176344662,100.0,35,0,0.3307359000000001,0.329963,0.32235159999999996,0.007611400000000046,0.007598400000000005,10,8,11,582.7409290228358,7,6;5;6;7;5;3;3,paper_multivehicle_v2
Tabu Search,35,7,0.25,18,8.96626933435819,100.0,35,0,0.18051499999999998,0.1794693999999999,0.17633509999999997,0.0031342999999999233,0.0031152000000000957,10,8,11,546.6850807607567,7,7;7;6;5;3;4;3,paper_multivehicle_v2
Tabu Search,35,7,0.25,19,9.910412830991952,100.0,35,0,0.25786409999999993,0.2572611,0.2378503999999999,0.019410700000000114,0.0193823999999998,10,5,11,537.2329429564072,7,7;6;4;5;4;4;5,paper_multivehicle_v2
Tabu Search,35,7,0.25,20,7.855834442390757,100.0,35,0,0.29675399999999996,0.29623129999999986,0.28946840000000007,0.006762899999999794,0.006742499999999874,10,6,11,566.2218029699675,7,7;5;5;5;5;5;3,paper_multivehicle_v2
Tabu Search,35,7,0.5,1,13.33538056197027,100.0,35,0,0.040003800000000034,0.03905610000000026,0.036839899999999925,0.0022162000000003346,0.002197600000000355,10,8,11,576.076980555774,7,7;7;4;4;5;4;4,paper_multivehicle_v2
Tabu Search,35,7,0.5,2,11.907532594526005,100.0,35,0,0.04271829999999999,0.04169000000000045,0.039561600000000086,0.0021284000000003633,0.0021175000000004385,10,9,11,581.4267295467303,7,6;6;5;6;5;3;4,paper_multivehicle_v2
Tabu Search,35,7,0.5,3,12.061018149810659,100.0,35,0,0.0053315000000000445,0.004301500000000402,0.0030848000000001097,0.0012167000000002925,0.0011959999999999749,10,8,11,629.0679121403592,7,7;6;6;5;4;4;3,paper_multivehicle_v2
Tabu Search,35,7,0.5,4,11.216638939200042,100.0,35,0,0.13960470000000003,0.1390785999999995,0.13798789999999994,0.001090699999999556,0.001074999999999715,10,7,11,546.1175816974958,7,7;5;5;5;5;5;3,paper_multivehicle_v2
Tabu Search,35,7,0.5,5,11.4733728157135,100.0,35,0,0.07832840000000019,0.07766349999999966,0.07610929999999994,0.001554199999999728,0.0015488999999997421,10,9,11,563.2913823335964,7,8;6;6;4;4;3;4,paper_multivehicle_v2
Tabu Search,35,7,0.5,6,10.956409951048414,100.0,35,0,0.05914970000000008,0.05812639999999969,0.0567378999999999,0.0013884999999997927,0.0013684999999998837,10,8,11,552.3688898891606,7,5;6;5;6;6;5;2,paper_multivehicle_v2
Tabu Search,35,7,0.5,7,11.948229757170244,100.0,35,0,0.004908600000000041,0.0036880000000001356,0.0025113999999999415,0.0011766000000001942,0.0011665000000000703,10,9,11,544.6314307768926,7,6;7;8;6;4;2;2,paper_multivehicle_v2
Tabu Search,35,7,0.5,8,11.398118975400223,100.0,35,0,0.021333900000000128,0.020402000000000475,0.018959100000000007,0.0014429000000004688,0.0014325000000003918,10,9,11,582.390598563802,7,7;5;6;5;4;5;3,paper_multivehicle_v2
Tabu Search,35,7,0.5,9,13.342032213070564,100.0,35,0,0.02847400000000011,0.027221199999999612,0.024793100000000123,0.002428099999999489,0.002415799999999635,10,9,11,570.2871384871165,7,6;6;7;5;5;3;3,paper_multivehicle_v2
Tabu Search,35,7,0.5,10,11.99861233616082,100.0,35,0,0.04937759999999991,0.04814069999999937,0.04663550000000005,0.0015051999999993182,0.001481399999999411,10,8,11,557.2409029018725,7,5;6;6;7;4;4;3,paper_multivehicle_v2
Tabu Search,35,7,0.5,11,12.059530394525302,100.0,35,0,0.011966699999999886,0.01093599999999939,0.00948490000000013,0.0014510999999992613,0.0014402999999993948,10,9,11,556.1533712581114,7,6;8;5;6;4;3;3,paper_multivehicle_v2
Tabu Search,35,7,0.5,12,13.87484653435736,100.0,35,0,0.035307100000000036,0.03447699999999987,0.032840699999999945,0.001636299999999924,0.001636299999999924,10,10,11,575.6120575861119,7,7;7;6;4;5;3;3,paper_multivehicle_v2
Tabu Search,35,7,0.5,13,14.03189635064184,100.0,35,0,0.024429600000000162,0.023225400000000507,0.020164200000000188,0.0030612000000003192,0.003048900000000465,10,9,11,609.4058305716884,7,7;6;5;5;5;5;2,paper_multivehicle_v2
Tabu Search,35,7,0.5,14,12.033945600897686,100.0,35,0,0.049160800000000116,0.048321899999999696,0.04683549999999981,0.0014863999999998878,0.0014747999999997763,10,9,11,547.0929608403026,7,6;6;6;6;4;3;4,paper_multivehicle_v2
Tabu Search,35,7,0.5,15,15.040324138231952,100.0,35,0,0.030634599999999956,0.02954940000000028,0.021951800000000077,0.007597600000000204,0.007597600000000204,10,10,11,604.9061746453863,7,8;7;4;4;5;3;4,paper_multivehicle_v2
Tabu Search,35,7,0.5,16,13.105065105804963,100.0,35,0,0.004367700000000196,0.0034855000000002523,0.0020237000000000727,0.0014618000000001796,0.0014618000000001796,10,10,11,545.1207599333933,7,8;6;7;5;4;3;2,paper_multivehicle_v2
Tabu Search,35,7,0.5,17,10.92253528808311,100.0,35,0,0.020551900000000067,0.019682999999999895,0.01821000000000006,0.0014729999999998356,0.0014647999999999328,10,9,11,566.8623645598564,7,7;7;5;5;4;4;3,paper_multivehicle_v2
Tabu Search,35,7,0.5,18,11.26892568002616,100.0,35,0,0.07531909999999997,0.07397159999999992,0.07119710000000001,0.002774499999999902,0.0027478999999999143,10,8,11,589.0463586843141,7,6;5;6;6;5;4;3,paper_multivehicle_v2
Tabu Search,35,7,0.5,19,13.958965438371067,100.0,35,0,0.05304679999999995,0.05217649999999985,0.04959960000000008,0.002576899999999771,0.0025676999999997285,10,9,11,585.2440910829139,7,8;6;6;5;5;2;3,paper_multivehicle_v2
Tabu Search,35,7,0.5,20,10.445180255442109,100.0,35,0,0.06450859999999992,0.06337859999999984,0.06001370000000006,0.003364899999999782,0.0033538999999997987,10,9,11,539.5049496292147,7,6;6;6;6;4;4;3,paper_multivehicle_v2
Tabu Search,35,7,0.75,1,14.092702481457332,100.0,35,0,0.005233599999999949,0.003965500000000288,0.0016787999999998693,0.002286700000000419,0.002286700000000419,10,10,11,554.4627852477378,7,7;7;7;5;4;3;2,paper_multivehicle_v2
Tabu Search,35,7,0.75,2,14.153995592046444,100.0,35,0,0.0026057999999999915,0.0016736999999997781,0.0004052999999999418,0.0012683999999998363,0.0012683999999998363,10,10,11,659.2752368906725,7,7;5;6;6;6;3;2,paper_multivehicle_v2
Tabu Search,35,7,0.75,3,11.925380238791613,100.0,35,0,0.003305699999999856,0.0022717000000005427,0.0009192000000000089,0.0013525000000005338,0.0013525000000005338,10,10,11,578.3838909306294,7,7;7;5;5;4;4;3,paper_multivehicle_v2
Tabu Search,35,7,0.75,4,13.61071378962721,100.0,35,0,0.004168100000000008,0.002806200000000203,0.0014640999999999682,0.0013421000000002348,0.0013421000000002348,10,10,11,562.08211769891,7,8;6;6;5;4;4;2,paper_multivehicle_v2
Tabu Search,35,7,0.75,5,10.607717878393535,100.0,35,0,0.004469899999999916,0.003602999999999801,0.0022121999999999975,0.0013907999999998033,0.0013907999999998033,10,10,11,570.436319112787,7,8;8;6;6;3;2;2,paper_multivehicle_v2
Tabu Search,35,7,0.75,6,13.36030327067085,100.0,35,0,0.003737499999999949,0.002901900000000346,0.0011254000000000541,0.0017765000000002917,0.0017765000000002917,10,10,11,576.3738589147756,7,7;5;7;6;5;3;2,paper_multivehicle_v2
Tabu Search,35,7,0.75,7,11.528764371366357,100.0,35,0,0.0026983999999998787,0.001891500000000379,0.00025700000000017376,0.0016345000000002052,0.0016345000000002052,10,10,11,557.1531136919349,7,6;8;6;6;5;3;1,paper_multivehicle_v2
Tabu Search,35,7,0.75,8,12.401318199949154,100.0,35,0,0.0035544000000000686,0.0023750999999998523,0.0004386000000000667,0.0019364999999997856,0.0019364999999997856,10,10,11,593.9242323071239,7,8;6;8;6;4;2;1,paper_multivehicle_v2
Tabu Search,35,7,0.75,9,12.531224283471959,100.0,35,0,0.0028695999999999167,0.0020931999999997952,0.0007850000000000357,0.0013081999999997596,0.0013081999999997596,10,10,11,567.5099384237341,7,7;7;6;4;4;4;3,paper_multivehicle_v2
Tabu Search,35,7,0.75,10,14.918579748424296,100.0,35,0,0.0028297999999999934,0.0018128999999997841,0.00039189999999988956,0.0014209999999998946,0.0014209999999998946,10,10,11,614.877479364611,7,7;7;7;6;4;3;1,paper_multivehicle_v2
Tabu Search,35,7,0.75,11,10.44493946279919,100.0,35,0,0.002603299999999864,0.001801399999999953,0.0004258999999999791,0.001375499999999974,0.001375499999999974,10,10,11,552.6889602444246,7,6;6;8;7;4;3;1,paper_multivehicle_v2
Tabu Search,35,7,0.75,12,12.809730512500092,97.14285714285714,34,1,0.0046416000000000235,0.003389199999999981,0.0008164999999999978,0.0025726999999999833,0.0025726999999999833,10,10,11,571.3541004243199,7,7;6;6;5;5;3;2,paper_multivehicle_v2
Tabu Search,35,7,0.75,13,15.175104947498317,100.0,35,0,0.005660599999999905,0.00460600000000011,0.0028938999999998938,0.0017121000000002162,0.0017121000000002162,10,10,11,618.1276556395333,7,6;7;6;5;5;4;2,paper_multivehicle_v2
Tabu Search,35,7,0.75,14,16.898499046064572,100.0,35,0,0.002827300000000088,0.0018998999999995103,0.00046159999999995094,0.0014382999999995594,0.0014382999999995594,10,10,11,588.9358192500108,7,7;6;6;6;4;4;2,paper_multivehicle_v2
Tabu Search,35,7,0.75,15,12.024872219059988,100.0,35,0,0.006418699999999999,0.005269699999999933,0.0036585999999998453,0.0016111000000000875,0.0016111000000000875,10,10,11,535.0089338069353,7,6;7;7;4;5;3;3,paper_multivehicle_v2
Tabu Search,35,7,0.75,16,12.713722880183008,100.0,35,0,0.003947099999999981,0.003136900000000331,0.0017198999999998854,0.0014170000000004457,0.0014170000000004457,10,10,11,563.3555945589837,7,7;7;7;5;4;3;2,paper_multivehicle_v2
Tabu Search,35,7,0.75,17,13.893668287239667,100.0,35,0,0.0030805000000000415,0.002262200000000325,0.0007992000000001109,0.0014630000000002141,0.0014630000000002141,10,10,11,549.8183100508587,7,7;7;6;6;6;1;2,paper_multivehicle_v2
Tabu Search,35,7,0.75,18,15.223609680375993,100.0,35,0,0.004932399999999948,0.0036916999999996314,0.0021060999999999996,0.0015855999999996317,0.0015731999999997193,10,9,11,627.554968594909,7,5;7;7;6;3;4;3,paper_multivehicle_v2
Tabu Search,35,7,0.75,19,10.057011810689795,100.0,35,0,0.0029361999999999444,0.0020518999999996623,0.0008694000000000202,0.0011824999999996422,0.0011824999999996422,10,10,11,570.6870551171995,7,6;7;6;5;5;3;3,paper_multivehicle_v2
Tabu Search,35,7,0.75,20,12.878987929855919,100.0,35,0,0.002877999999999936,0.002049899999999827,0.00028239999999990495,0.001767499999999922,0.001767499999999922,10,10,11,590.8215810077963,7,9;7;6;4;4;3;2,paper_multivehicle_v2
Tabu Search,50,10,0.1,1,10.880386690807317,100.0,50,0,0.8506243999999998,0.8493714999999997,0.7812314,0.0681400999999997,0.06809659999999984,10,6,11,560.3499380840128,10,7;6;5;5;4;5;5;5;4;4,paper_multivehicle_v2
Tabu Search,50,10,0.1,2,15.501393909584783,100.0,50,0,1.0596933,1.058096300000001,0.760764,0.297332300000001,0.2972858000000007,10,6,11,557.9020942154889,10,6;6;5;5;5;6;5;4;5;3,paper_multivehicle_v2
Tabu Search,50,10,0.1,3,12.401529823774263,100.0,50,0,0.8979215999999999,0.8966889,0.8165458000000001,0.08014309999999991,0.0800945999999998,10,5,11,530.6714036258813,10,6;6;4;4;5;5;5;5;5;5,paper_multivehicle_v2
Tabu Search,50,10,0.1,4,11.733846028997782,100.0,50,0,0.8742151,0.8723534000000004,0.7830811,0.08927230000000042,0.0892238000000003,10,5,11,534.8374903694183,10,5;6;7;4;5;5;5;5;3;5,paper_multivehicle_v2
Tabu Search,50,10,0.1,5,12.170480406602959,100.0,50,0,0.804702,0.8032261,0.6761184999999998,0.1271076000000002,0.12705670000000024,10,6,11,536.7484465701194,10,5;8;6;5;5;5;4;4;4;4,paper_multivehicle_v2
Tabu Search,50,10,0.1,6,15.213057396181323,100.0,50,0,1.0314756999999999,1.0302135000000008,0.7561932,0.27402030000000077,0.2739693000000003,10,5,11,553.2056608651419,10,6;5;4;4;6;4;4;5;6;6,paper_multivehicle_v2
Tabu Search,50,10,0.1,7,17.392670674126986,100.0,50,0,0.717695,0.7164871000000006,0.6526492000000002,0.06383790000000045,0.06378750000000011,10,5,11,554.1170112405111,10,5;5;5;5;6;5;5;5;5;4,paper_multivehicle_v2
Tabu Search,50,10,0.1,8,10.974404974531128,100.0,50,0,0.8444491000000001,0.8429897,0.7511463,0.09184339999999991,0.09177389999999996,10,4,11,528.1097605491706,10,7;5;5;5;5;5;5;5;4;4,paper_multivehicle_v2
Tabu Search,50,10,0.1,9,12.899491829943786,100.0,50,0,1.0175846000000002,1.0158457000000005,0.7747637,0.24108200000000046,0.24103209999999997,10,6,11,559.9341457521008,10,5;7;5;5;6;4;4;4;4;6,paper_multivehicle_v2
Tabu Search,50,10,0.1,10,15.43962585531365,100.0,50,0,0.5740626,0.5728251,0.5302851,0.04254000000000002,0.042510099999999884,10,7,11,586.6581574142505,10,7;6;5;4;4;5;5;5;5;4,paper_multivehicle_v2
Tabu Search,50,10,0.1,11,12.645843019185417,100.0,50,0,0.8481812000000002,0.8469462000000003,0.7721279999999999,0.07481820000000039,0.07477030000000018,10,5,11,632.8599554321613,10,6;4;6;6;5;4;6;4;4;5,paper_multivehicle_v2
Tabu Search,50,10,0.1,12,12.723168247532115,100.0,50,0,0.8691576000000001,0.8676405999999999,0.8101937000000001,0.057446899999999745,0.05740190000000012,10,6,11,531.0078920481413,10,6;5;6;5;6;5;4;4;5;4,paper_multivehicle_v2
Tabu Search,50,10,0.1,13,10.892952668101437,100.0,50,0,0.7703959999999999,0.7696178999999996,0.7010751000000002,0.06854279999999946,0.0685140999999998,10,5,11,527.0852822484916,10,6;5;5;5;5;6;4;5;5;4,paper_multivehicle_v2
Tabu Search,50,10,0.1,14,14.879357251805926,100.0,50,0,0.7503689,0.7495603999999998,0.6658213,0.08373909999999984,0.0837235999999999,10,7,11,575.477479126452,10,7;6;5;5;4;4;7;4;3;5,paper_multivehicle_v2
Tabu Search,50,10,0.1,15,13.261269139236353,100.0,50,0,0.6076776000000002,0.6070191999999996,0.5736855000000001,0.03333369999999958,0.033309699999999776,10,6,11,549.5784026658558,10,7;5;5;5;4;5;5;4;5;5,paper_multivehicle_v2
Tabu Search,50,10,0.1,16,12.830608158199475,100.0,50,0,0.8187671000000003,0.8181130000000003,0.6994539,0.11865910000000035,0.11863240000000053,10,5,11,548.849869606832,10,6;5;5;5;4;5;5;4;5;6,paper_multivehicle_v2
Tabu Search,50,10,0.1,17,13.370066307861778,100.0,50,0,0.45655469999999987,0.45591880000000096,0.4329542000000002,0.02296460000000078,0.022952700000000714,10,8,11,544.2589127770731,10,6;6;6;5;5;4;5;3;6;4,paper_multivehicle_v2
Tabu Search,50,10,0.1,18,11.952475484247268,100.0,50,0,0.6652637000000001,0.6645623999999999,0.6126847999999998,0.05187760000000008,0.05184770000000016,10,5,11,531.642841862637,10,6;6;5;5;4;5;5;5;5;4,paper_multivehicle_v2
Tabu Search,50,10,0.1,19,15.442944307199074,100.0,50,0,0.6245481000000002,0.6236269000000005,0.5695451999999999,0.054081700000000676,0.0540525000000005,10,7,11,574.1400849599689,10,7;4;5;5;5;4;5;4;6;5,paper_multivehicle_v2
Tabu Search,50,10,0.1,20,13.468452455831262,100.0,50,0,0.6668912000000002,0.6662561,0.5937307999999999,0.07252530000000013,0.07250290000000037,10,6,11,535.0511920047915,10,7;5;6;5;4;4;5;5;4;5,paper_multivehicle_v2
Tabu Search,50,10,0.25,1,14.237952516814307,100.0,50,0,0.33346070000000005,0.33219069999999995,0.3260764999999999,0.00611420000000007,0.006093300000000079,10,8,11,605.5064005017668,10,6;6;8;6;5;4;4;4;4;3,paper_multivehicle_v2
Tabu Search,50,10,0.25,2,12.826118256996905,100.0,50,0,0.22513500000000009,0.22392080000000014,0.22160979999999997,0.002311000000000174,0.002311000000000174,10,10,11,575.8210869839544,10,8;7;7;5;5;5;4;3;3;3,paper_multivehicle_v2
Tabu Search,50,10,0.25,3,15.977303175436205,100.0,50,0,0.3876838,0.3864285999999999,0.3717539000000001,0.014674699999999818,0.014664299999999741,10,9,11,542.3846575129674,10,8;6;6;5;4;3;4;5;5;4,paper_multivehicle_v2
Tabu Search,50,10,0.25,4,18.362978183505362,100.0,50,0,0.29033810000000004,0.28903950000000034,0.26205270000000014,0.0269868000000002,0.026976700000000076,10,9,11,569.5489754733717,10,5;7;5;6;6;6;3;3;5;4,paper_multivehicle_v2
Tabu Search,50,10,0.25,5,14.13857497236369,100.0,50,0,0.32920360000000004,0.3276838999999996,0.32174670000000005,0.005937199999999532,0.005913199999999508,10,8,11,542.3508388829938,10,6;6;5;5;7;6;5;3;4;3,paper_multivehicle_v2
Tabu Search,50,10,0.25,6,13.932797782497126,100.0,50,0,0.23967169999999993,0.2383114999999998,0.22803370000000012,0.01027779999999967,0.01026709999999964,10,9,11,531.2434229946308,10,7;7;7;5;5;5;4;3;4;3,paper_multivehicle_v2
Tabu Search,50,10,0.25,7,14.32004100145237,100.0,50,0,0.2260793000000001,0.2248344,0.22067720000000013,0.004157199999999861,0.004146999999999901,10,9,11,548.5542414292895,10,6;6;7;5;6;5;6;3;3;3,paper_multivehicle_v2
Tabu Search,50,10,0.25,8,15.901784482732879,100.0,50,0,0.4440029000000001,0.4422286999999998,0.40518529999999986,0.03704339999999995,0.03702430000000012,10,9,11,614.0183049998062,10,7;6;6;7;6;3;3;4;4;4,paper_multivehicle_v2
Tabu Search,50,10,0.25,9,13.124322520356353,100.0,50,0,0.3771589000000002,0.37576790000000027,0.35461980000000004,0.021148100000000225,0.021115700000000404,10,7,11,573.7205936388136,10,7;7;5;3;4;5;4;6;5;4,paper_multivehicle_v2
Tabu Search,50,10,0.25,10,13.62349852198081,100.0,50,0,0.46996119999999997,0.46864499999999976,0.4553134999999999,0.01333149999999983,0.013305799999999923,10,8,11,563.4229869692942,10,6;6;8;5;5;5;3;5;3;4,paper_multivehicle_v2
Tabu Search,50,10,0.25,11,13.90335030465158,100.0,50,0,0.3939146,0.39269209999999966,0.3814987000000001,0.011193399999999576,0.011160399999999848,10,7,11,568.4934679211378,10,7;6;6;6;4;4;4;5;3;5,paper_multivehicle_v2
Tabu Search,50,10,0.25,12,14.670005207508293,100.0,50,0,0.5283655,0.5271774000000002,0.462056,0.06512140000000022,0.06508710000000018,10,7,11,542.6060260658915,10,5;5;6;5;6;5;5;4;4;5,paper_multivehicle_v2
Tabu Search,50,10,0.25,13,18.090251196983417,100.0,50,0,0.3347027,0.3337004000000001,0.2950575,0.03864290000000015,0.03861310000000007,10,7,11,587.6233363445585,10,7;6;5;5;4;5;5;4;4;5,paper_multivehicle_v2
Tabu Search,50,10,0.25,14,20.085124959820785,100.0,50,0,0.47723840000000006,0.47640229999999995,0.3922426000000001,0.08415969999999984,0.08414759999999988,10,8,11,601.2597250695225,10,5;6;7;6;6;3;4;4;4;5,paper_multivehicle_v2
Tabu Search,50,10,0.25,15,14.975153231997647,100.0,50,0,0.21328609999999992,0.21227370000000034,0.2071487999999999,0.005124900000000432,0.005094700000000119,10,7,11,596.0397223148636,10,7;7;6;6;4;5;4;4;4;3,paper_multivehicle_v2
Tabu Search,50,10,0.25,16,16.220412276536166,100.0,50,0,0.36656600000000017,0.3655923999999997,0.3468093000000001,0.01878309999999961,0.01878309999999961,10,10,11,566.6708643101578,10,7;6;8;7;3;4;4;3;4;4,paper_multivehicle_v2
Tabu Search,50,10,0.25,17,12.882302541837577,100.0,50,0,0.3244575999999999,0.3233695999999999,0.2849697,0.03839989999999993,0.038370899999999875,10,7,11,550.9096507670697,10,6;7;6;5;5;5;4;4;4;4,paper_multivehicle_v2
Tabu Search,50,10,0.25,18,13.261939366461077,100.0,50,0,0.35544969999999987,0.3548243999999998,0.35113139999999987,0.0036929999999999463,0.003686999999999774,10,9,11,588.0022751813732,10,5;7;4;5;5;5;4;5;5;5,paper_multivehicle_v2
Tabu Search,50,10,0.25,19,19.084818118583392,100.0,50,0,0.3999674,0.3992753000000002,0.3588145999999999,0.04046070000000035,0.04044820000000038,10,8,11,563.7042143889405,10,7;9;5;5;3;4;3;5;4;5,paper_multivehicle_v2
Tabu Search,50,10,0.25,20,12.621706637809432,100.0,50,0,0.31402890000000006,0.31311869999999997,0.30593709999999996,0.00718160000000001,0.007161099999999809,10,8,11,601.0657512181197,10,6;7;6;6;5;4;4;4;3;5,paper_multivehicle_v2
Tabu Search,50,10,0.5,1,15.644984716228475,100.0,50,0,0.07929560000000002,0.07802270000000022,0.07560189999999989,0.002420800000000334,0.002420800000000334,10,10,11,608.5137436847828,10,10;7;6;6;4;4;3;3;4;3,paper_multivehicle_v2
Tabu Search,50,10,0.5,2,15.996892912814875,100.0,50,0,0.09185810000000005,0.09056680000000017,0.08645760000000013,0.004109200000000035,0.004100299999999946,10,9,11,555.9742805028964,10,8;8;7;5;5;4;3;3;3;4,paper_multivehicle_v2
Tabu Search,50,10,0.5,3,21.468791081632613,100.0,50,0,0.012358800000000114,0.010583000000000009,0.006390799999999919,0.00419220000000009,0.00419220000000009,10,10,11,612.9579005679548,10,6;7;6;6;6;5;5;4;3;2,paper_multivehicle_v2
Tabu Search,50,10,0.5,4,14.29487413233535,100.0,50,0,0.1379300000000001,0.13723739999999984,0.12847889999999995,0.008758499999999891,0.008752700000000058,10,9,11,549.3572525175665,10,7;6;7;7;5;4;4;4;3;3,paper_multivehicle_v2
Tabu Search,50,10,0.5,5,17.11153012262225,100.0,50,0,0.03819930000000005,0.0369358999999998,0.03351909999999991,0.0034167999999998866,0.0034167999999998866,10,10,11,603.3806823752935,10,6;7;6;6;7;4;4;4;3;3,paper_multivehicle_v2
Tabu Search,50,10,0.5,6,14.857575057200103,100.0,50,0,0.02680860000000007,0.025603699999999785,0.023631699999999922,0.0019719999999998628,0.0019607999999997627,10,9,11,575.4016942865235,10,6;6;8;6;6;6;4;3;3;2,paper_multivehicle_v2
Tabu Search,50,10,0.5,7,14.839406618354063,100.0,50,0,0.047667499999999974,0.04575399999999985,0.04227409999999998,0.003479899999999869,0.003479899999999869,10,10,11,552.6640476057379,10,9;8;7;5;5;5;3;2;3;3,paper_multivehicle_v2
Tabu Search,50,10,0.5,8,18.050128653407207,100.0,50,0,0.12684059999999997,0.12531819999999994,0.10901570000000005,0.016302499999999887,0.016274299999999853,10,8,11,594.5195225817619,10,7;7;6;6;6;5;4;3;3;3,paper_multivehicle_v2
Tabu Search,50,10,0.5,9,16.093181610614774,100.0,50,0,0.03513110000000008,0.03366210000000014,0.030220600000000042,0.0034415000000000973,0.0034415000000000973,10,10,11,600.9091508133853,10,8;7;6;6;5;5;4;4;2;3,paper_multivehicle_v2
Tabu Search,50,10,0.5,10,15.700744801870476,100.0,50,0,0.12226870000000001,0.1210722999999998,0.11838499999999996,0.002687299999999837,0.0026721999999996804,10,9,11,580.6711916576241,10,9;7;7;6;5;4;2;3;3;4,paper_multivehicle_v2
Tabu Search,50,10,0.5,11,15.298636727183673,100.0,50,0,0.0858751000000002,0.08458319999999997,0.08187569999999988,0.002707500000000085,0.002707500000000085,10,10,11,596.094142180043,10,7;6;6;5;5;6;4;4;4;3,paper_multivehicle_v2
Tabu Search,50,10,0.5,12,15.97040869009017,100.0,50,0,0.011819400000000035,0.01079780000000019,0.008590499999999945,0.002207300000000245,0.002207300000000245,10,10,11,576.202315070243,10,9;8;6;6;6;5;3;2;3;2,paper_multivehicle_v2
Tabu Search,50,10,0.5,13,16.705236653677073,100.0,50,0,0.13192689999999985,0.13128589999999973,0.12900270000000003,0.0022831999999997077,0.0022775999999997687,10,9,11,597.3535881587671,10,4;7;6;6;6;6;4;4;4;3,paper_multivehicle_v2
Tabu Search,50,10,0.5,14,16.720469773684563,100.0,50,0,0.023084300000000058,0.022074300000000102,0.020150200000000007,0.0019241000000000952,0.0019028000000000933,10,8,11,537.6194679734858,10,7;5;7;7;6;5;4;4;3;2,paper_multivehicle_v2
Tabu Search,50,10,0.5,15,20.255282063964994,98.0,49,1,0.008764900000000075,0.00747859999999978,0.005154000000000103,0.002324599999999677,0.002324599999999677,10,10,11,592.6443077202339,10,7;5;5;6;6;5;5;4;3;3,paper_multivehicle_v2
Tabu Search,50,10,0.5,16,15.732650092845498,100.0,50,0,0.009205600000000036,0.007798300000000147,0.005404799999999987,0.0023935000000001594,0.0023935000000001594,10,10,11,554.7303769549652,10,7;5;6;5;5;6;6;4;3;3,paper_multivehicle_v2
Tabu Search,50,10,0.5,17,14.874523951812668,100.0,50,0,0.041509200000000135,0.04049009999999975,0.03891620000000007,0.0015738999999996839,0.0015633999999997705,10,9,11,584.411171871746,10,8;6;6;7;6;5;3;3;3;3,paper_multivehicle_v2
Tabu Search,50,10,0.5,18,14.149208968237804,100.0,50,0,0.040629999999999944,0.0389153999999996,0.03673060000000006,0.0021847999999995427,0.0021847999999995427,10,10,11,568.1875650910835,10,8;6;6;5;5;5;5;4;3;3,paper_multivehicle_v2
Tabu Search,50,10,0.5,19,17.136832613637967,100.0,50,0,0.04892109999999983,0.048133299999999934,0.04619580000000001,0.0019374999999999254,0.0019374999999999254,10,10,11,572.8908532072691,10,7;6;7;5;5;6;5;3;3;3,paper_multivehicle_v2
Tabu Search,50,10,0.5,20,17.292795210957127,100.0,50,0,0.01714860000000007,0.015408800000000333,0.012487899999999996,0.002920900000000337,0.002920900000000337,10,10,11,579.8098572175998,10,7;7;7;4;5;5;4;4;3;4,paper_multivehicle_v2
Tabu Search,50,10,0.75,1,17.001983926351233,100.0,50,0,0.007143099999999958,0.005514900000000322,0.002856399999999981,0.002658500000000341,0.002658500000000341,10,10,11,551.8597482350202,10,7;8;7;5;5;5;5;4;2;2,paper_multivehicle_v2
Tabu Search,50,10,0.75,2,14.697340463558525,96.0,48,2,0.00440700000000005,0.0032754999999995427,0.0006052999999999198,0.002670199999999623,0.002670199999999623,10,10,11,550.825947822081,10,6;5;7;5;6;6;5;2;3;3,paper_multivehicle_v2
Tabu Search,50,10,0.75,3,21.480744387300057,100.0,50,0,0.005908699999999989,0.0048618999999996415,0.0028654999999999653,0.001996399999999676,0.001996399999999676,10,10,11,649.0977767518339,10,7;7;6;6;5;5;4;4;3;3,paper_multivehicle_v2
Tabu Search,50,10,0.75,4,18.445447979535658,100.0,50,0,0.005112400000000017,0.003773199999999921,0.0011993999999999616,0.0025737999999999595,0.0025737999999999595,10,10,11,521.9752481645428,10,6;8;8;5;5;5;4;3;3;3,paper_multivehicle_v2
Tabu Search,50,10,0.75,5,16.362527853713406,100.0,50,0,0.007666100000000009,0.00610799999999978,0.0034769999999999524,0.002630999999999828,0.002630999999999828,10,10,11,614.1461630639145,10,6;6;7;6;7;5;4;3;3;3,paper_multivehicle_v2
Tabu Search,50,10,0.75,6,19.545910377908644,100.0,50,0,0.007086600000000054,0.005615700000000556,0.003094200000000047,0.0025215000000005094,0.0025215000000005094,10,10,11,559.7090671016836,10,7;8;7;6;6;5;4;3;2;2,paper_multivehicle_v2
Tabu Search,50,10,0.75,7,15.007637367095711,100.0,50,0,0.004002300000000014,0.002996899999999858,0.0008253000000000288,0.0021715999999998292,0.0021715999999998292,10,10,11,547.1228385838266,10,8;5;8;6;5;8;6;2;1;1,paper_multivehicle_v2
Tabu Search,50,10,0.75,8,18.886602721248327,100.0,50,0,0.0054515000000001645,0.003933699999999707,0.0008070000000000022,0.0031266999999997047,0.0031266999999997047,10,10,11,644.9914828283688,10,8;7;7;6;5;5;4;4;2;2,paper_multivehicle_v2
Tabu Search,50,10,0.75,9,19.41591801159501,100.0,50,0,0.00857629999999987,0.007257600000000197,0.005140400000000156,0.0021172000000000413,0.0021172000000000413,10,10,11,571.8753064093039,10,7;6;6;6;6;6;4;3;3;3,paper_multivehicle_v2
Tabu Search,50,10,0.75,10,16.94982271878346,100.0,50,0,0.006676000000000126,0.004750999999999728,0.0008809999999999096,0.003869999999999818,0.003869999999999818,10,10,11,585.149555572896,10,10;7;6;8;5;5;4;2;2;1,paper_multivehicle_v2
Tabu Search,50,10,0.75,11,18.39195856877533,100.0,50,0,0.004219100000000031,0.0032434000000001184,0.0011676000000000464,0.002075800000000072,0.002075800000000072,10,10,11,591.1117694375563,10,6;7;7;6;6;5;4;4;3;2,paper_multivehicle_v2
Tabu Search,50,10,0.75,12,22.906679913909745,100.0,50,0,0.004561200000000154,0.0031864000000001447,0.0007805999999999091,0.0024058000000002355,0.0024058000000002355,10,10,11,592.1223889715571,10,7;7;5;7;6;6;5;3;2;2,paper_multivehicle_v2
Tabu Search,50,10,0.75,13,14.647172221723478,100.0,50,0,0.005550799999999967,0.0044215999999996924,0.0021196999999999466,0.002301899999999746,0.002301899999999746,10,10,11,568.3007390860666,10,8;8;8;6;6;6;2;3;2;1,paper_multivehicle_v2
Tabu Search,50,10,0.75,14,20.308952791699745,100.0,50,0,0.003813700000000031,0.002850199999999914,0.000566400000000078,0.002283799999999836,0.002283799999999836,10,10,11,584.1098251534614,10,8;7;7;6;6;5;4;3;2;2,paper_multivehicle_v2
Tabu Search,50,10,0.75,15,20.12311079980127,100.0,50,0,0.01006269999999998,0.008682400000000534,0.005563100000000043,0.003119300000000491,0.003119300000000491,10,10,11,590.1525821238215,10,7;5;6;7;6;5;4;4;4;2,paper_multivehicle_v2
Tabu Search,50,10,0.75,16,19.30300141516343,100.0,50,0,0.0067853999999998305,0.005658799999999964,0.002434500000000117,0.0032242999999998467,0.0032242999999998467,10,10,11,607.9934481207948,10,9;7;7;7;5;4;4;3;2;2,paper_multivehicle_v2
Tabu Search,50,10,0.75,17,18.727956270710678,100.0,50,0,0.007119899999999957,0.005781899999999673,0.003073699999999846,0.0027081999999998274,0.0027081999999998274,10,10,11,579.3399965946951,10,6;7;8;6;7;4;4;4;3;1,paper_multivehicle_v2
Tabu Search,50,10,0.75,18,15.881384679470063,100.0,50,0,0.005506800000000034,0.004537200000000574,0.002662500000000012,0.001874700000000562,0.001874700000000562,10,10,11,563.6089815766079,10,6;8;8;6;6;4;3;3;3;3,paper_multivehicle_v2
Tabu Search,50,10,0.75,19,17.744909956868145,100.0,50,0,0.006394400000000022,0.004887300000000039,0.0021417999999999715,0.0027455000000000673,0.0027455000000000673,10,10,11,572.6789649260913,10,9;8;7;7;5;4;5;3;1;1,paper_multivehicle_v2
Tabu Search,50,10,0.75,20,16.62396013257085,96.0,48,2,0.005020799999999825,0.0035178000000000154,0.0006881999999999167,0.0028296000000000987,0.0028296000000000987,10,10,11,588.0332468252785,10,8;7;7;6;6;5;3;3;2;1,paper_multivehicle_v2
