distance,qos,unserved,committed_not_completed,late,response_time_min,completion_time_min,mean_completion_time_min,vehicle_utilization,route_balance_cv,idle_boundary_wait_min,replanning_events,decision_epochs,selector_time_ms_per_instance,cost_with_penalty,penalty,wall_time_ms_per_instance,city,condition,travel_noise,congestion,train_seed,selector,instance
20.407314,0.95,1,1,1,43.598955733897654,464.5979118347168,178.6758951450649,0.23644014596939086,1.060168,1306.6326,10,86,9.516259999999003,25.407314,5.0,23.173129999999983,Vienna,normal,0.0,0.0,1234,independent,0
21.174458,0.9,2,0,0,46.14576551442345,428.1576919555664,156.5635629494985,0.22116371989250183,1.1496975,1303.3656,10,86,9.516259999999003,31.174456,9.999998,23.173129999999983,Vienna,normal,0.0,0.0,1234,independent,1
16.05957,1.0,0,0,0,61.28210865519941,472.036771774292,215.9968859553337,0.22257713377475738,1.1862713,1340.6885,10,86,9.516259999999003,16.059566,-3.8146973e-06,23.173129999999983,Vienna,normal,0.0,0.0,1234,independent,2
23.90474,0.95,1,0,0,39.502866409326856,445.77378273010254,179.62257206439972,0.23414383232593536,0.7232845,1292.2174,10,86,9.516259999999003,28.90474,5.0,23.173129999999983,Vienna,normal,0.0,0.0,1234,independent,3
17.19168,1.0,0,0,0,37.419199090451,458.6904716491699,164.89454765617847,0.24719347953796386,0.67497444,1280.079,10,86,9.516259999999003,17.191687,5.722046e-06,23.173129999999983,Vienna,normal,0.0,0.0,1234,independent,4
30.552536,1.0,0,0,0,56.836051851511,450.8249759674072,200.94263917207718,0.22932035624980926,1.2272799,1306.5298,10,86,9.516259999999003,30.55252,-1.5258789e-05,23.173129999999983,Vienna,normal,0.0,0.0,1234,independent,5
30.56244,0.95,1,1,1,47.7738621997598,457.4202060699463,143.8134237339622,0.2117547184228897,0.8388012,1346.851,10,86,9.516259999999003,35.56244,4.999998,23.173129999999983,Vienna,normal,0.0,0.0,1234,independent,6
21.682041,0.95,1,0,0,45.530559789193305,449.27478790283203,141.30091064854673,0.20917802453041076,0.6966204,1343.6527,10,86,9.516259999999003,26.682037,4.999996,23.173129999999983,Vienna,normal,0.0,0.0,1234,independent,7
15.811309,1.0,0,0,0,48.123792350292206,430.65513610839844,170.31208249926567,0.22493915259838104,1.1189971,1296.1167,10,86,9.516259999999003,15.811309,0.0,23.173129999999983,Vienna,normal,0.0,0.0,1234,independent,8
15.965948,0.85,3,0,0,34.27152770845329,416.12863540649414,135.0426085205639,0.18404309451580048,1.1235237,1374.6371,10,86,9.516259999999003,30.96595,15.000002,23.173129999999983,Vienna,normal,0.0,0.0,1234,independent,9
17.842258,1.0,0,0,0,50.86513173021376,456.013240814209,195.7960529923439,0.23836054801940917,1.0535079,1294.3607,10,86,9.516259999999003,17.84225,-7.6293945e-06,23.173129999999983,Vienna,normal,0.0,0.0,1234,independent,10
12.616661,0.95,1,0,0,37.47709706719769,405.7429790496826,144.25462810616744,0.21147824823856354,1.0181739,1321.9617,10,86,9.516259999999003,17.616665,5.000004,23.173129999999983,Vienna,normal,0.0,0.0,1234,independent,11
22.538853,1.0,0,0,0,46.10431648045778,452.9775810241699,198.7927042990923,0.236588054895401,1.2532562,1294.7285,10,86,9.516259999999003,22.538853,0.0,23.173129999999983,Vienna,normal,0.0,0.0,1234,independent,12
26.172482,0.9,2,0,0,48.07057195653518,450.87029457092285,159.7567621866862,0.1894173413515091,1.0067807,1383.1888,10,86,9.516259999999003,36.172485,10.000004,23.173129999999983,Vienna,normal,0.0,0.0,1234,independent,13
12.100117,0.9,2,1,1,45.37544069811702,473.05787086486816,201.08883619308472,0.2308528959751129,1.0011207,1325.8201,10,86,9.516259999999003,22.10012,10.000004,23.173129999999983,Vienna,normal,0.0,0.0,1234,independent,14
21.685066,0.85,3,1,1,62.59391578243059,458.4118938446045,196.353720461621,0.19963400959968566,1.3943007,1371.1144,10,86,9.516259999999003,36.685066,15.0,23.173129999999983,Vienna,normal,0.0,0.0,1234,independent,15
20.505009,0.95,1,0,0,54.032368419299786,373.9259719848633,162.4982533015703,0.22811630368232727,1.0163217,1290.0166,10,86,9.516259999999003,25.505001,4.9999924,23.173129999999983,Vienna,normal,0.0,0.0,1234,independent,16
23.963116,0.9,2,0,0,43.27762300769488,416.8557071685791,147.99991816282272,0.20395439863204956,1.099865,1336.4073,10,86,9.516259999999003,33.96312,10.000004,23.173129999999983,Vienna,normal,0.0,0.0,1234,independent,17
23.546558,0.95,1,1,1,47.14399027049934,461.5238285064697,161.71858135022615,0.24087146818637847,1.0014243,1295.0505,10,86,9.516259999999003,28.546558,5.0,23.173129999999983,Vienna,normal,0.0,0.0,1234,independent,18
19.437765,1.0,0,0,0,47.49831355176866,429.5211410522461,191.23597007989883,0.24517449736595154,1.0021874,1257.2649,10,86,9.516259999999003,19.437769,3.8146973e-06,23.173129999999983,Vienna,normal,0.0,0.0,1234,independent,19
19.980436,1.0,0,0,0,42.79819745197892,463.1894302368164,156.28720781207085,0.22235834002494811,1.199928,1332.2612,10,86,9.516259999999003,19.980438,1.9073486e-06,23.173129999999983,Vienna,normal,0.0,0.0,1234,independent,20
22.160683,1.0,0,0,0,52.296108881011605,448.16285133361816,199.29390728473663,0.2587743490934372,1.0008782,1247.316,10,86,9.516259999999003,22.16068,-1.9073486e-06,23.173129999999983,Vienna,normal,0.0,0.0,1234,independent,21
12.396294,0.9,2,0,0,41.81937789234022,411.2518501281738,156.74102008342743,0.1980782449245453,1.0092211,1347.6896,10,86,9.516259999999003,22.396292,9.999998,23.173129999999983,Vienna,normal,0.0,0.0,1234,independent,22
25.45335,0.85,3,0,0,40.17147894620019,399.887752532959,141.54311330879435,0.17510221898555756,1.1820995,1391.8037,10,86,9.516259999999003,40.45335,15.0,23.173129999999983,Vienna,normal,0.0,0.0,1234,independent,23
21.87687,1.0,0,0,0,52.341806285083294,452.12559700012207,171.85534590482712,0.23890940248966216,0.8688474,1289.4194,10,86,9.516259999999003,21.876875,5.722046e-06,23.173129999999983,Vienna,normal,0.0,0.0,1234,independent,24
23.466564,1.0,0,0,0,48.94749349728227,402.2142505645752,145.51572141051292,0.23972582817077637,0.8251849,1267.7262,10,86,9.516259999999003,23.466562,-1.9073486e-06,23.173129999999983,Vienna,normal,0.0,0.0,1234,independent,25
20.938305,0.85,3,0,0,38.075771415058306,446.8898391723633,146.70728886828704,0.18317585587501525,0.74400276,1391.192,10,86,9.516259999999003,35.9383,14.999996,23.173129999999983,Vienna,normal,0.0,0.0,1234,independent,26
19.04634,0.95,1,0,0,38.56010038601725,461.72704696655273,174.4111640359226,0.24111681580543518,1.0467155,1294.7826,10,86,9.516259999999003,24.046345,5.000004,23.173129999999983,Vienna,normal,0.0,0.0,1234,independent,27
30.746147,1.0,0,0,0,42.29048104584217,445.74328422546387,164.75795218348503,0.22937575876712799,1.0262043,1301.3418,10,86,9.516259999999003,30.74615,1.9073486e-06,23.173129999999983,Vienna,normal,0.0,0.0,1234,independent,28
19.88886,0.95,1,0,0,50.885014918289684,405.0865173339844,160.63399799560247,0.2349589616060257,1.041063,1276.8785,10,86,9.516259999999003,24.888859,4.999998,23.173129999999983,Vienna,normal,0.0,0.0,1234,independent,29
20.408669,0.95,1,1,1,44.112738152769836,465.2244472503662,179.18967736394782,0.24305065870285034,1.0600655,1294.5671,10,86,8.127230000000196,25.408665,4.999996,21.2562066666667,Vienna,peak_congestion,0.1,0.45,1234,independent,0
20.886831,0.9,2,0,0,46.86251423011223,430.51231384277344,157.2803114851316,0.22740475833415985,1.1439879,1291.3826,10,86,8.127230000000196,30.88683,9.999998,21.2562066666667,Vienna,peak_congestion,0.1,0.45,1234,independent,1
17.628712,1.0,0,0,0,63.040454261004925,473.14982414245605,217.75523141026497,0.23305436372756957,1.2250003,1321.6854,10,86,8.127230000000196,17.628712,0.0,21.2562066666667,Vienna,peak_congestion,0.1,0.45,1234,independent,2
23.53126,0.95,1,0,0,40.251956695788785,447.15725898742676,180.371662880245,0.24027276933193206,0.7284398,1281.8334,10,86,8.127230000000196,28.531258,4.999998,21.2562066666667,Vienna,peak_congestion,0.1,0.45,1234,independent,3
17.186607,1.0,0,0,0,38.00713250041008,458.96573066711426,165.4824816584587,0.25405686497688296,0.6749816,1267.1764,10,86,8.127230000000196,17.18661,1.9073486e-06,21.2562066666667,Vienna,peak_congestion,0.1,0.45,1234,independent,4
29.95758,1.0,0,0,0,57.981334894895554,450.8215141296387,202.08792185783386,0.2341621607542038,1.2192422,1297.23,10,86,8.127230000000196,29.957571,-9.536743e-06,21.2562066666667,Vienna,peak_congestion,0.1,0.45,1234,independent,5
30.56244,0.95,1,1,1,48.57864244203819,457.7285099029541,144.61820360861327,0.21785281002521514,0.8388012,1335.451,10,86,8.127230000000196,35.562443,5.000002,21.2562066666667,Vienna,peak_congestion,0.1,0.45,1234,independent,6
21.674347,0.95,1,0,0,45.77384992257545,449.56223487854004,141.54420055841146,0.2137565106153488,0.6967782,1335.1494,10,86,8.127230000000196,26.674343,4.999996,21.2562066666667,Vienna,peak_congestion,0.1,0.45,1234,independent,7
15.800862,1.0,0,0,0,48.7700182646513,432.76625633239746,170.95830926299095,0.2311847299337387,1.1187265,1284.8915,10,86,8.127230000000196,15.800864,1.9073486e-06,21.2562066666667,Vienna,peak_congestion,0.1,0.45,1234,independent,8
15.9574795,0.85,3,0,0,34.8893155990278,417.27373123168945,135.6603950963301,0.19158919155597687,1.1233056,1360.1487,10,86,8.127230000000196,30.957481,15.000002,21.2562066666667,Vienna,peak_congestion,0.1,0.45,1234,independent,9
21.6676,1.0,0,0,0,51.74478331580758,456.7935562133789,196.67570436000824,0.24847661852836608,1.0003719,1275.7184,10,86,8.127230000000196,21.667591,-9.536743e-06,21.2562066666667,Vienna,peak_congestion,0.1,0.45,1234,independent,10
12.633068,0.95,1,0,0,37.854966884969095,406.50343894958496,144.63249865331147,0.22055277228355408,1.0185883,1304.5385,10,86,8.127230000000196,17.63307,5.000002,21.2562066666667,Vienna,peak_congestion,0.1,0.45,1234,independent,11
22.593534,1.0,0,0,0,46.88415579870343,453.4752559661865,199.57254347205162,0.2433125466108322,1.2542179,1282.3151,10,86,8.127230000000196,22.593536,1.9073486e-06,21.2562066666667,Vienna,peak_congestion,0.1,0.45,1234,independent,12
26.169037,0.9,2,0,0,48.84809359908104,451.03431701660156,160.53428490956625,0.1955477237701416,1.0067611,1371.5825,10,86,8.127230000000196,36.169037,10.0,21.2562066666667,Vienna,peak_congestion,0.1,0.45,1234,independent,13
12.12454,0.9,2,1,1,46.18928927307328,476.08214378356934,201.90268407265344,0.2400338441133499,1.0011382,1311.217,10,86,8.127230000000196,22.124542,10.000002,21.2562066666667,Vienna,peak_congestion,0.1,0.45,1234,independent,14
21.679642,0.85,3,1,1,63.4075538682587,458.95517349243164,197.16735899448395,0.20305132269859313,1.3038888,1365.0963,10,86,8.127230000000196,36.679646,15.000004,21.2562066666667,Vienna,peak_congestion,0.1,0.45,1234,independent,15
21.126633,0.95,1,0,0,55.08945876977553,377.3580265045166,163.55534387262244,0.2348162978887558,1.0063387,1277.1525,10,86,8.127230000000196,26.126629,4.999996,21.2562066666667,Vienna,peak_congestion,0.1,0.45,1234,independent,16
23.954773,0.9,2,0,0,43.70383885999521,418.1934356689453,148.426134288311,0.2092759907245636,1.099924,1326.19,10,86,8.127230000000196,33.954773,10.0,21.2562066666667,Vienna,peak_congestion,0.1,0.45,1234,independent,17
23.544579,0.95,1,1,1,47.91315870531099,462.14447021484375,162.48775099453172,0.2460099697113037,1.0014182,1285.805,10,86,8.127230000000196,28.544579,5.0,21.2562066666667,Vienna,peak_congestion,0.1,0.45,1234,independent,18
18.50772,1.0,0,0,0,48.362630205228925,431.5733242034912,192.10028609633446,0.2519363760948181,1.0000007,1244.282,10,86,8.127230000000196,18.507723,1.9073486e-06,21.2562066666667,Vienna,peak_congestion,0.1,0.45,1234,independent,19
19.963932,1.0,0,0,0,43.66192510351539,463.9408206939697,157.15093579888344,0.22950207591056823,1.1995848,1319.2966,10,86,8.127230000000196,19.963934,1.9073486e-06,21.2562066666667,Vienna,peak_congestion,0.1,0.45,1234,independent,20
23.490543,1.0,0,0,0,53.43536411784589,449.5140552520752,200.43316242098808,0.2661874979734421,1.0178143,1234.4338,10,86,8.127230000000196,23.490543,0.0,21.2562066666667,Vienna,peak_congestion,0.1,0.45,1234,independent,21
12.396817,0.9,2,0,0,42.02219462953508,413.4037685394287,156.9438378016154,0.2039005160331726,1.0092468,1336.5109,10,86,8.127230000000196,22.396814,9.999997,21.2562066666667,Vienna,peak_congestion,0.1,0.45,1234,independent,22
25.44889,0.85,3,0,0,40.81985676989836,401.4466381072998,142.1914892687517,0.17950290441513062,1.1820264,1383.3544,10,86,8.127230000000196,40.44889,15.0,21.2562066666667,Vienna,peak_congestion,0.1,0.45,1234,independent,23
21.865376,1.0,0,0,0,52.7529553771019,452.6875305175781,172.26649537682533,0.2442142754793167,0.8685817,1279.7959,10,86,8.127230000000196,21.865381,5.722046e-06,21.2562066666667,Vienna,peak_congestion,0.1,0.45,1234,independent,24
23.461208,1.0,0,0,0,49.51385575532913,402.7312660217285,146.0820842385292,0.24618932604789734,0.8250171,1255.3164,10,86,8.127230000000196,23.461206,-1.9073486e-06,21.2562066666667,Vienna,peak_congestion,0.1,0.45,1234,independent,25
20.932934,0.85,3,0,0,38.862128884476775,448.0296993255615,147.4936468110365,0.19035817086696624,0.74385595,1378.5419,10,86,8.127230000000196,35.93293,14.999996,21.2562066666667,Vienna,peak_congestion,0.1,0.45,1234,independent,26
19.016006,0.95,1,0,0,38.96619787733806,463.2029914855957,174.8172616331201,0.24837663173675537,1.0488181,1282.3197,10,86,8.127230000000196,24.016008,5.000002,21.2562066666667,Vienna,peak_congestion,0.1,0.45,1234,independent,27
30.734053,1.0,0,0,0,43.51717524603009,446.5426540374756,165.98464719951153,0.23974479138851165,1.0261734,1282.2324,10,86,8.127230000000196,30.734056,3.8146973e-06,21.2562066666667,Vienna,peak_congestion,0.1,0.45,1234,independent,28
19.339401,0.95,1,0,0,51.460698297933526,405.9290599822998,161.2096815517074,0.24022719264030457,1.0555481,1266.7635,10,86,8.127230000000196,24.339401,5.0,21.2562066666667,Vienna,peak_congestion,0.1,0.45,1234,independent,29
17.775103,0.95,1,0,0,51.243944864131905,436.54077529907227,172.80473113059998,0.2005925416946411,1.1369424,1347.4027,10,90,8.727133333333134,22.775105,5.000002,21.973593333333362,London,normal,0.0,0.0,1234,independent,0
25.201283,0.9,2,0,0,49.89024165086448,443.7866020202637,184.91774578889212,0.19345342516899108,1.019882,1368.3558,10,90,8.727133333333134,35.201283,10.0,21.973593333333362,London,normal,0.0,0.0,1234,independent,1
23.979229,0.95,1,0,0,40.9145062965782,410.94414710998535,152.52246153982063,0.23375532031059265,1.0030797,1279.1896,10,90,8.727133333333134,28.97923,5.000002,21.973593333333362,London,normal,0.0,0.0,1234,independent,2
26.144346,0.95,1,0,0,44.75372000352333,404.344482421875,182.494646844111,0.19215255975723267,1.067928,1359.0669,10,90,8.727133333333134,31.144346,5.0,21.973593333333362,London,normal,0.0,0.0,1234,independent,3
25.205933,0.9,2,0,0,48.77385734270016,408.08887481689453,158.15069139003754,0.19749601185321808,1.1372213,1348.8075,10,90,8.727133333333134,35.20594,10.000008,21.973593333333362,London,normal,0.0,0.0,1234,independent,4
18.35083,0.95,1,0,0,40.31010545201992,478.1674861907959,173.6972329804772,0.2290426880121231,1.0000035,1334.4055,10,90,8.727133333333134,23.35083,5.0,21.973593333333362,London,normal,0.0,0.0,1234,independent,5
30.958801,1.0,0,0,0,47.16898975521326,415.7970142364502,172.73013299703598,0.22710052132606506,1.0390104,1291.9669,10,90,8.727133333333134,30.958801,0.0,21.973593333333362,London,normal,0.0,0.0,1234,independent,6
23.876263,0.95,1,0,0,48.86220297923214,451.73535346984863,164.3488378587522,0.2246319591999054,1.0104997,1316.4419,10,90,8.727133333333134,28.876266,5.000004,21.973593333333362,London,normal,0.0,0.0,1234,independent,7
29.556976,0.95,1,0,0,44.46741924278046,467.0639419555664,179.2028102121855,0.21994485855102539,0.98696923,1340.7697,10,90,8.727133333333134,34.556976,5.0,21.973593333333362,London,normal,0.0,0.0,1234,independent,8
25.893806,1.0,0,0,0,50.58133842051029,455.789737701416,161.83700001239777,0.25579004883766177,0.8596784,1260.6727,10,90,8.727133333333134,25.893806,0.0,21.973593333333362,London,normal,0.0,0.0,1234,independent,9
22.455662,0.95,1,0,0,57.964443180121876,467.3378849029541,176.75221145153046,0.24964162111282348,1.0023334,1284.0259,10,90,8.727133333333134,27.45567,5.0000076,21.973593333333362,London,normal,0.0,0.0,1234,independent,10
22.026789,0.85,3,0,0,48.65582072559525,453.902063369751,149.59419713300818,0.19624654352664947,1.0043471,1373.1085,10,90,8.727133333333134,37.02679,15.000002,21.973593333333362,London,normal,0.0,0.0,1234,independent,11
30.47289,1.0,0,0,0,59.29198798164725,456.5814685821533,186.1970236301422,0.2438234031200409,1.0465862,1284.4404,10,90,8.727133333333134,30.472895,3.8146973e-06,21.973593333333362,London,normal,0.0,0.0,1234,independent,12
23.87381,1.0,0,0,0,51.791053365916014,448.0954170227051,165.62266623973846,0.24899258613586425,1.0008421,1266.0295,10,90,8.727133333333134,23.873808,-1.9073486e-06,21.973593333333362,London,normal,0.0,0.0,1234,independent,13
28.714977,1.0,0,0,0,49.58510900661349,336.64647102355957,144.84757858514786,0.23948615789413452,0.8791872,1268.1864,10,90,8.727133333333134,28.714977,0.0,21.973593333333362,London,normal,0.0,0.0,1234,independent,14
19.078543,0.95,1,0,0,55.727233439683914,462.3735237121582,155.934350741537,0.25886555910110476,1.0001025,1261.3516,10,90,8.727133333333134,24.078548,5.0000057,21.973593333333362,London,normal,0.0,0.0,1234,independent,15
17.697819,0.95,1,1,1,49.065787843183465,475.16615867614746,205.0817867329246,0.2292693793773651,1.068214,1330.9689,10,90,8.727133333333134,22.697819,5.0,21.973593333333362,London,normal,0.0,0.0,1234,independent,16
25.208256,0.95,1,0,0,48.26952112348456,456.42127990722656,160.83908313199095,0.20519905686378478,1.1616657,1358.439,10,90,8.727133333333134,30.208256,5.0,21.973593333333362,London,normal,0.0,0.0,1234,independent,17
21.584812,1.0,0,0,0,51.23354446515441,411.07821464538574,158.207590341568,0.2379988133907318,1.0217158,1271.0422,10,90,8.727133333333134,21.584816,3.8146973e-06,21.973593333333362,London,normal,0.0,0.0,1234,independent,18
19.014122,0.9,2,0,0,50.82997420181831,363.676815032959,121.78822969396909,0.2194991111755371,1.0185956,1306.5615,10,90,8.727133333333134,29.014126,10.000004,21.973593333333362,London,normal,0.0,0.0,1234,independent,19
26.53452,1.0,0,0,0,33.813394686207175,461.79399490356445,181.60868203639984,0.25105063915252684,1.0220628,1287.2948,10,90,8.727133333333134,26.534527,7.6293945e-06,21.973593333333362,London,normal,0.0,0.0,1234,independent,20
27.145195,0.95,1,0,0,40.37653643441828,456.2362003326416,198.7379067195089,0.22641555368900299,1.2295865,1317.5181,10,90,8.727133333333134,32.1452,5.000004,21.973593333333362,London,normal,0.0,0.0,1234,independent,21
24.868673,0.9,2,1,1,52.3075162495176,457.6897716522217,150.88051239649454,0.23347196877002716,1.0109929,1305.4236,10,90,8.727133333333134,34.86867,9.999998,21.973593333333362,London,normal,0.0,0.0,1234,independent,22
23.155972,0.9,2,0,0,76.75191437204678,403.51847648620605,189.79559421539307,0.24759937822818756,1.0694852,1252.6091,10,90,8.727133333333134,33.155968,9.999996,21.973593333333362,London,normal,0.0,0.0,1234,independent,23
17.75739,0.85,3,1,1,40.37298079169191,455.3126621246338,168.76809696940813,0.19794926941394805,1.037897,1371.2499,10,90,8.727133333333134,32.75739,15.0,21.973593333333362,London,normal,0.0,0.0,1234,independent,24
23.423937,0.9,2,1,1,46.769326167802014,477.67693519592285,161.75616085529327,0.23986668288707733,0.6706651,1313.1326,10,90,8.727133333333134,33.42394,10.000002,21.973593333333362,London,normal,0.0,0.0,1234,independent,25
29.23845,1.0,0,0,0,62.229205783456564,455.34685134887695,180.08185458183289,0.2513743877410889,1.0043476,1268.7079,10,90,8.727133333333134,29.23845,0.0,21.973593333333362,London,normal,0.0,0.0,1234,independent,26
27.749199,1.0,0,0,0,45.17380325496197,449.7396469116211,181.46242332458496,0.250416511297226,1.0372052,1264.9398,10,90,8.727133333333134,27.749197,-1.9073486e-06,21.973593333333362,London,normal,0.0,0.0,1234,independent,27
23.832775,0.9,2,0,0,38.70691027181844,453.8382625579834,132.59217326839766,0.20703888833522796,0.9428079,1352.3234,10,90,8.727133333333134,33.83278,10.000004,21.973593333333362,London,normal,0.0,0.0,1234,independent,28
21.426544,0.9,2,2,2,50.36338164160649,459.9540424346924,156.96452667315802,0.21251312792301177,1.0158635,1347.9286,10,90,8.727133333333134,31.42655,10.000006,21.973593333333362,London,normal,0.0,0.0,1234,independent,29
16.809156,0.95,1,0,0,51.717596524640136,438.98277282714844,173.27838270287765,0.20466382205486297,1.1139404,1342.0281,10,91,8.657663333334044,21.809158,5.000002,22.493786666666672,London,peak_congestion,0.1,0.45,1234,independent,0
25.725784,0.9,2,0,0,51.103142562011875,444.05616760253906,186.13064606984457,0.20320186913013458,1.0250319,1349.9084,10,91,8.657663333334044,35.725784,10.0,22.493786666666672,London,peak_congestion,0.1,0.45,1234,independent,1
25.322897,0.95,1,0,0,41.86415889153355,411.87546730041504,153.47211373479743,0.24319690465927124,1.0111006,1261.0618,10,91,8.657663333334044,30.322897,5.0,22.493786666666672,London,peak_congestion,0.1,0.45,1234,independent,2
26.09544,0.95,1,0,0,46.130987299900305,410.78418731689453,183.87191355228424,0.2003008872270584,1.0678508,1343.4221,10,91,8.657663333334044,31.09544,5.0,22.493786666666672,London,peak_congestion,0.1,0.45,1234,independent,3
25.186954,0.9,2,0,0,49.72276291499535,411.79664611816406,159.0995971361796,0.2030671238899231,1.1369083,1338.1111,10,91,8.657663333334044,35.18696,10.000004,22.493786666666672,London,peak_congestion,0.1,0.45,1234,independent,4
18.34175,0.95,1,0,0,40.79919664287254,478.5970401763916,174.18632344195717,0.23468088507652282,1.0000046,1324.0095,10,91,8.657663333334044,23.34175,5.0,22.493786666666672,London,peak_congestion,0.1,0.45,1234,independent,5
21.81678,1.0,0,0,0,47.70602049306035,416.7644691467285,173.2671629190445,0.23512764275074005,1.0181998,1276.5548,10,91,8.657663333334044,21.81678,0.0,22.493786666666672,London,peak_congestion,0.1,0.45,1234,independent,6
23.869732,0.95,1,0,0,49.23083069293123,452.7872085571289,164.7174655136309,0.23218899369239807,1.0104499,1302.9843,10,91,8.657663333334044,28.869732,5.0,22.493786666666672,London,peak_congestion,0.1,0.45,1234,independent,7
29.53993,0.95,1,0,0,45.189028545037694,469.61085319519043,179.92442014970277,0.22558806240558624,0.9866444,1332.4814,10,91,8.657663333334044,34.539932,5.000002,22.493786666666672,London,peak_congestion,0.1,0.45,1234,independent,8
26.684277,1.0,0,0,0,51.79541516304016,456.9203567504883,163.05107733607292,0.2637485504150391,0.84795755,1246.523,10,91,8.657663333334044,26.684277,0.0,22.493786666666672,London,peak_congestion,0.1,0.45,1234,independent,9
23.234539,0.95,1,0,0,59.088899606936856,468.58978271484375,177.87666781952507,0.2549003899097443,1.0064869,1275.1809,10,91,8.657663333334044,28.234543,5.000004,22.493786666666672,London,peak_congestion,0.1,0.45,1234,independent,10
22.025433,0.85,3,0,0,49.03000409550526,454.7135066986084,149.96838091050878,0.20192238092422485,1.0043395,1363.0222,10,91,8.657663333334044,37.025433,15.0,22.493786666666672,London,peak_congestion,0.1,0.45,1234,independent,11
30.417603,1.0,0,0,0,60.755456764250994,457.2078323364258,187.66049230098724,0.2526304811239243,1.0462471,1268.1572,10,91,8.657663333334044,30.417606,3.8146973e-06,22.493786666666672,London,peak_congestion,0.1,0.45,1234,independent,12
25.029795,1.0,0,0,0,53.08657797239721,448.4167957305908,166.91819116473198,0.2574251383543015,1.0003775,1250.1605,10,91,8.657663333334044,25.029795,0.0,22.493786666666672,London,peak_congestion,0.1,0.45,1234,independent,13
28.70494,1.0,0,0,0,50.23366502299905,338.65159034729004,145.49613440036774,0.24556377530097961,0.8789832,1256.5175,10,91,8.657663333334044,28.704939,-1.9073486e-06,22.493786666666672,London,peak_congestion,0.1,0.45,1234,independent,14
18.9254,0.95,1,0,0,56.301622947579936,463.5120391845703,156.50873959064484,0.2665623664855957,1.0000035,1247.7123,10,91,8.657663333334044,23.925402,5.000002,22.493786666666672,London,peak_congestion,0.1,0.45,1234,independent,15
17.691422,0.95,1,1,1,49.96556013234352,475.3686332702637,205.9815601455538,0.23505001664161682,1.068082,1320.0725,10,91,8.657663333334044,22.69142,4.999998,22.493786666666672,London,peak_congestion,0.1,0.45,1234,independent,16
24.798172,0.95,1,0,0,48.62148579013975,456.8079471588135,161.1910473986676,0.2104940354824066,1.1547987,1348.6593,10,91,8.657663333334044,29.798172,5.0,22.493786666666672,London,peak_congestion,0.1,0.45,1234,independent,17
20.809704,1.0,0,0,0,52.39053986594081,411.62672996520996,159.36458507180214,0.2436853051185608,1.0137253,1260.124,10,91,8.657663333334044,20.809704,0.0,22.493786666666672,London,peak_congestion,0.1,0.45,1234,independent,18
18.998526,0.9,2,0,0,51.972865611314774,364.3692111968994,122.93112153808276,0.22726967930793762,1.018756,1291.6421,10,91,8.657663333334044,28.99853,10.000004,22.493786666666672,London,peak_congestion,0.1,0.45,1234,independent,19
26.428604,1.0,0,0,0,34.92179159447551,462.10275650024414,182.71707817912102,0.2582202285528183,1.0199667,1274.311,10,91,8.657663333334044,26.428612,7.6293945e-06,22.493786666666672,London,peak_congestion,0.1,0.45,1234,independent,20
28.34359,0.95,1,0,0,42.0748594677762,457.59761810302734,200.43622989403573,0.23244094252586364,1.2470087,1307.3109,10,91,8.657663333334044,33.343594,5.000004,22.493786666666672,London,peak_congestion,0.1,0.45,1234,independent,21
24.822746,0.9,2,1,1,53.10496162623167,457.8771114349365,151.67795757452646,0.24077607095241546,1.0109409,1291.5868,10,91,8.657663333334044,34.82275,10.000004,22.493786666666672,London,peak_congestion,0.1,0.45,1234,independent,22
22.964714,0.9,2,0,0,77.64729548245668,405.57286262512207,190.69097677866617,0.2539217472076416,1.0670046,1240.4702,10,91,8.657663333334044,32.96471,9.999996,22.493786666666672,London,peak_congestion,0.1,0.45,1234,independent,23
17.749054,0.85,3,1,1,40.936691996175796,455.657901763916,169.3318082129254,0.20299066007137298,1.038013,1361.9156,10,91,8.657663333334044,32.749054,15.0,22.493786666666672,London,peak_congestion,0.1,0.45,1234,independent,24
23.416607,0.9,2,1,1,47.12591222176949,477.98023223876953,162.112746934096,0.24521135687828063,0.67074066,1303.1742,10,91,8.657663333334044,33.41661,10.000004,22.493786666666672,London,peak_congestion,0.1,0.45,1234,independent,25
29.42522,1.0,0,0,0,63.90558673068881,455.5840301513672,181.75823494791985,0.2633926510810852,1.0198671,1245.87,10,91,8.657663333334044,29.425219,-1.9073486e-06,22.493786666666672,London,peak_congestion,0.1,0.45,1234,independent,26
27.570297,1.0,0,0,0,48.301569644361734,450.32066345214844,184.59018963575363,0.2618132472038269,1.0580361,1243.6392,10,91,8.657663333334044,27.570293,-3.8146973e-06,22.493786666666672,London,peak_congestion,0.1,0.45,1234,independent,27
23.808544,0.9,2,0,0,39.7558196579727,454.03472900390625,133.64108229676881,0.21114837527275085,0.9420956,1344.6296,10,91,8.657663333334044,33.808548,10.000004,22.493786666666672,London,peak_congestion,0.1,0.45,1234,independent,28
21.419674,0.9,2,2,2,51.1126409843564,460.6647205352783,157.71378527084985,0.2217691034078598,1.0157938,1330.8679,10,91,8.657663333334044,31.41968,10.000006,22.493786666666672,London,peak_congestion,0.1,0.45,1234,independent,29
24.9914,1.0,0,0,0,37.59866210538894,457.3948287963867,140.50813776254654,0.235198312997818,0.73880196,1301.814,10,91,8.570910000000136,24.991396,-3.8146973e-06,21.87852999999992,New_York,normal,0.0,0.0,1234,independent,0
16.355904,0.9,2,1,1,41.31767318894466,454.6237850189209,181.43949995438257,0.2330925703048706,1.0458392,1303.0858,10,91,8.570910000000136,26.35591,10.000006,21.87852999999992,New_York,normal,0.0,0.0,1234,independent,1
25.603077,0.95,1,0,0,53.56155072878066,411.9763469696045,131.89979929673044,0.22122147679328918,1.0004207,1303.2545,10,91,8.570910000000136,30.603077,5.0,21.87852999999992,New_York,normal,0.0,0.0,1234,independent,2
21.588161,1.0,0,0,0,46.30549608170986,472.88646697998047,178.82333099842072,0.2334236741065979,1.0004607,1320.7129,10,91,8.570910000000136,21.588154,-7.6293945e-06,21.87852999999992,New_York,normal,0.0,0.0,1234,independent,3
20.721973,1.0,0,0,0,49.33342818170786,423.1277847290039,208.28126925230026,0.23455660045146942,1.2133248,1277.6512,10,91,8.570910000000136,20.721973,0.0,21.87852999999992,New_York,normal,0.0,0.0,1234,independent,4
19.180197,0.95,1,0,0,54.80083153828194,415.0294017791748,163.50588337371224,0.21991974115371704,1.0444777,1305.754,10,91,8.570910000000136,24.180193,4.999996,21.87852999999992,New_York,normal,0.0,0.0,1234,independent,5
17.235489,0.95,1,0,0,56.8050929727523,443.2840061187744,174.94448859440652,0.20051524937152862,1.0489825,1354.2946,10,91,8.570910000000136,22.235487,4.999998,21.87852999999992,New_York,normal,0.0,0.0,1234,independent,6
31.845352,1.0,0,0,0,60.237605173140764,372.9049587249756,163.6831760108471,0.2599182724952698,1.0582417,1228.9569,10,91,8.570910000000136,31.845352,0.0,21.87852999999992,New_York,normal,0.0,0.0,1234,independent,7
19.437857,0.85,3,1,1,47.768221015439316,474.2234516143799,178.97033950861763,0.20914674699306487,0.72970253,1368.6614,10,91,8.570910000000136,34.43786,15.000002,21.87852999999992,New_York,normal,0.0,0.0,1234,independent,8
21.294968,0.95,1,0,0,46.11566889246828,414.76552963256836,152.2796282642766,0.20836994051933289,1.0003301,1327.9296,10,91,8.570910000000136,26.294973,5.0000057,21.87852999999992,New_York,normal,0.0,0.0,1234,independent,9
15.979179,0.95,1,0,0,47.905737808660454,447.383451461792,179.88383813908226,0.2242507129907608,1.0065819,1312.8219,10,91,8.570910000000136,20.979183,5.000004,21.87852999999992,New_York,normal,0.0,0.0,1234,independent,10
21.93755,1.0,0,0,0,45.436243581119925,469.8636817932129,195.77782702445984,0.2192698061466217,1.2847557,1344.8655,10,91,8.570910000000136,21.937542,-7.6293945e-06,21.87852999999992,New_York,normal,0.0,0.0,1234,independent,11
24.338642,0.95,1,0,0,52.95419341639469,406.54234886169434,156.9971410538021,0.24810528755187988,0.87361515,1251.6377,10,91,8.570910000000136,29.338642,5.0,21.87852999999992,New_York,normal,0.0,0.0,1234,independent,12
14.453797,0.9,2,1,1,37.106810274223484,465.3544235229492,155.10216991106668,0.21518006324768066,1.0842128,1348.2085,10,91,8.570910000000136,24.4538,10.000003,21.87852999999992,New_York,normal,0.0,0.0,1234,independent,13
17.162434,1.0,0,0,0,43.94885518401861,466.2809658050537,188.5653895586729,0.23211909234523773,1.0000515,1316.6122,10,91,8.570910000000136,17.162434,0.0,21.87852999999992,New_York,normal,0.0,0.0,1234,independent,14
20.579285,0.85,3,0,0,41.66408125694622,462.29015350341797,158.63432817599352,0.18094586730003356,0.8857065,1410.8739,10,91,8.570910000000136,35.579285,15.0,21.87852999999992,New_York,normal,0.0,0.0,1234,independent,15
27.93399,0.9,2,0,0,51.23696479635934,366.5577507019043,121.39053136110306,0.22059425711631775,0.6743566,1304.459,10,91,8.570910000000136,37.933994,10.000004,21.87852999999992,New_York,normal,0.0,0.0,1234,independent,16
17.657421,1.0,0,0,0,46.74969758838415,466.6932964324951,198.60381692647934,0.2431951195001602,1.2101278,1296.6252,10,91,8.570910000000136,17.657421,0.0,21.87852999999992,New_York,normal,0.0,0.0,1234,independent,17
16.933418,0.9,2,0,0,50.06277291725079,452.9556941986084,164.07333890597025,0.21432943046092987,1.049503,1337.4431,10,91,8.570910000000136,26.933422,10.000004,21.87852999999992,New_York,normal,0.0,0.0,1234,independent,18
22.068718,1.0,0,0,0,62.77368908934295,476.1551570892334,214.11279076337814,0.2534432947635651,1.1404818,1285.544,10,91,8.570910000000136,22.068714,-3.8146973e-06,21.87852999999992,New_York,normal,0.0,0.0,1234,independent,19
27.727926,0.95,1,0,0,52.625556597976306,467.0510673522949,214.52019697741457,0.24913907349109649,0.9659356,1311.932,10,91,8.570910000000136,32.727924,4.999998,21.87852999999992,New_York,normal,0.0,0.0,1234,independent,20
25.104086,1.0,0,0,0,58.46461988054216,386.5130424499512,162.93490228056908,0.2672455310821533,1.051672,1214.8885,10,91,8.570910000000136,25.104088,1.9073486e-06,21.87852999999992,New_York,normal,0.0,0.0,1234,independent,21
23.834126,0.9,2,0,0,64.87379906078179,456.75756454467773,193.79222889741263,0.22188057899475097,1.0198746,1326.7466,10,91,8.570910000000136,33.83412,9.999996,21.87852999999992,New_York,normal,0.0,0.0,1234,independent,22
23.047844,0.95,1,1,1,38.59289933486205,461.3004398345947,162.30697358909407,0.24285704791545867,0.8556536,1291.0148,10,91,8.570910000000136,28.04784,4.999996,21.87852999999992,New_York,normal,0.0,0.0,1234,independent,23
24.00521,1.0,0,0,0,46.881496304646134,462.2537899017334,148.29224181175232,0.25371483862400057,0.59530187,1271.1212,10,91,8.570910000000136,24.005215,3.8146973e-06,21.87852999999992,New_York,normal,0.0,0.0,1234,independent,24
15.575204,0.95,1,1,1,48.87992235194696,476.23266220092773,212.13793826730628,0.22750293612480163,1.202876,1335.4268,10,91,8.570910000000136,20.575203,4.999999,21.87852999999992,New_York,normal,0.0,0.0,1234,independent,25
23.10213,0.95,1,0,0,49.424540816169035,479.91004943847656,181.67144254634255,0.2327932059764862,1.0919794,1328.9468,10,91,8.570910000000136,28.102135,5.000004,21.87852999999992,New_York,normal,0.0,0.0,1234,independent,26
19.707525,0.8,4,0,0,52.70829767687246,367.0648670196533,153.78791011869907,0.1576322615146637,1.4601613,1425.3457,10,91,8.570910000000136,39.707527,20.000002,21.87852999999992,New_York,normal,0.0,0.0,1234,independent,27
15.691901,0.95,1,0,0,43.25962922878956,470.8623504638672,207.9928047406046,0.2249456137418747,1.1681079,1334.9666,10,91,8.570910000000136,20.691896,4.999995,21.87852999999992,New_York,normal,0.0,0.0,1234,independent,28
21.82816,1.0,0,0,0,43.22771165147424,444.29134368896484,155.51860892772675,0.21253215670585632,1.1293821,1332.2295,10,91,8.570910000000136,21.828156,-3.8146973e-06,21.87852999999992,New_York,normal,0.0,0.0,1234,independent,29
24.986824,1.0,0,0,0,37.810434367507696,457.69062995910645,140.71991023421288,0.24022878110408782,0.7387914,1292.4512,10,92,8.578536666666045,24.986822,-1.9073486e-06,22.088530000000144,New_York,peak_congestion,0.1,0.45,1234,independent,0
16.352936,0.9,2,1,1,42.33393291632334,454.94916915893555,182.45576113462448,0.24019973874092101,1.0457802,1289.7655,10,92,8.578536666666045,26.352942,10.000006,22.088530000000144,New_York,peak_congestion,0.1,0.45,1234,independent,1
26.65876,0.95,1,0,0,59.29801770632989,412.2810459136963,137.63626672719656,0.2255697101354599,1.063353,1294.906,10,92,8.578536666666045,31.65876,5.0,22.088530000000144,New_York,peak_congestion,0.1,0.45,1234,independent,2
23.663685,1.0,0,0,0,47.056235656142235,473.6227798461914,179.57407043874264,0.23941268920898437,1.0048022,1309.9502,10,92,8.578536666666045,23.66368,-5.722046e-06,22.088530000000144,New_York,peak_congestion,0.1,0.45,1234,independent,3
20.235876,1.0,0,0,0,49.907031677663326,425.9567642211914,208.85487288236618,0.23800408840179443,1.2035197,1271.032,10,92,8.578536666666045,20.235876,0.0,22.088530000000144,New_York,peak_congestion,0.1,0.45,1234,independent,4
18.513454,0.95,1,0,0,55.506864270489466,415.2440929412842,164.211915982397,0.22378113865852356,1.0101907,1298.34,10,92,8.578536666666045,23.513454,5.0,22.088530000000144,New_York,peak_congestion,0.1,0.45,1234,independent,5
17.210114,0.95,1,0,0,57.6470972793667,443.4539222717285,175.78649197754106,0.20767519772052764,1.0488979,1340.7173,10,92,8.578536666666045,22.21011,4.999996,22.088530000000144,New_York,peak_congestion,0.1,0.45,1234,independent,6
32.9359,1.0,0,0,0,60.97632262855768,378.8221836090088,164.42189276218414,0.26681065559387207,1.0705571,1215.7234,10,92,8.578536666666045,32.9359,0.0,22.088530000000144,New_York,peak_congestion,0.1,0.45,1234,independent,7
21.31091,0.85,3,1,1,44.63668332380407,471.77576065063477,180.01945585012436,0.21172716617584228,0.7964671,1361.2594,10,92,8.578536666666045,36.310913,15.000004,22.088530000000144,New_York,peak_congestion,0.1,0.45,1234,independent,8
21.28133,0.95,1,0,0,46.49386633971804,415.4508876800537,152.65782575858267,0.21466097235679626,1.0003269,1315.8507,10,92,8.578536666666045,26.281336,5.0000057,22.088530000000144,New_York,peak_congestion,0.1,0.45,1234,independent,9
15.969128,0.95,1,0,0,48.88283898955897,447.66417503356934,180.86093991994858,0.23078743517398834,1.0066884,1300.5521,10,92,8.578536666666045,20.96913,5.000002,22.088530000000144,New_York,peak_congestion,0.1,0.45,1234,independent,10
21.929346,1.0,0,0,0,45.672626696527004,471.21814727783203,196.0142104625702,0.22372084259986877,1.2846131,1337.6741,10,92,8.578536666666045,21.92934,-5.722046e-06,22.088530000000144,New_York,peak_congestion,0.1,0.45,1234,independent,11
24.319946,0.95,1,0,0,53.685587523014924,410.3536891937256,157.7285352192427,0.25569093227386475,0.8731208,1237.0732,10,92,8.578536666666045,29.319944,4.999998,22.088530000000144,New_York,peak_congestion,0.1,0.45,1234,independent,12
14.448729,0.9,2,1,1,37.665485963225365,465.8119010925293,155.6608455379804,0.22149820029735565,1.084078,1336.5352,10,92,8.578536666666045,24.44873,10.000002,22.088530000000144,New_York,peak_congestion,0.1,0.45,1234,independent,13
17.157131,1.0,0,0,0,44.285686030983925,467.219295501709,188.902220338583,0.23746743202209472,1.0000463,1307.2816,10,92,8.578536666666045,17.157131,0.0,22.088530000000144,New_York,peak_congestion,0.1,0.45,1234,independent,14
20.494635,0.85,3,0,0,42.11532703600824,464.1372299194336,159.085574185147,0.1829003483057022,0.8829701,1408.9683,10,92,8.578536666666045,35.494637,15.000002,22.088530000000144,New_York,peak_congestion,0.1,0.45,1234,independent,15
27.174522,0.9,2,0,0,51.7845851307114,367.21092224121094,121.93815211455028,0.22506913542747498,0.69996655,1295.8671,10,92,8.578536666666045,37.174522,10.0,22.088530000000144,New_York,peak_congestion,0.1,0.45,1234,independent,16
17.646244,1.0,0,0,0,47.365919675678015,467.534236907959,199.22003808617592,0.24774159789085387,1.210215,1292.4014,10,92,8.578536666666045,17.646244,0.0,22.088530000000144,New_York,peak_congestion,0.1,0.45,1234,independent,17
17.053259,0.9,2,0,0,51.06974130496383,453.24514389038086,165.08030772209167,0.22079431414604186,1.0516586,1325.32,10,92,8.578536666666045,27.05326,10.000002,22.088530000000144,New_York,peak_congestion,0.1,0.45,1234,independent,18
20.113077,0.95,1,1,1,60.2942749622621,449.3870544433594,201.5623450906653,0.24409120678901672,1.101481,1276.7318,10,92,8.578536666666045,25.113075,4.999998,22.088530000000144,New_York,peak_congestion,0.1,0.45,1234,independent,19
27.689512,0.95,1,0,0,54.36664400720283,473.62441062927246,216.2612836925607,0.25603878796100615,0.96533763,1305.767,10,92,8.578536666666045,32.68951,4.999998,22.088530000000144,New_York,peak_congestion,0.1,0.45,1234,independent,20
25.809168,1.0,0,0,0,60.85411391034722,387.91354179382324,165.3243967294693,0.27195560932159424,1.0450263,1205.8452,10,92,8.578536666666045,25.809168,0.0,22.088530000000144,New_York,peak_congestion,0.1,0.45,1234,independent,21
23.820034,0.9,2,0,0,65.78874626507361,459.2095470428467,194.70717579126358,0.22656572759151458,1.0197338,1320.2031,10,92,8.578536666666045,33.82003,9.999996,22.088530000000144,New_York,peak_congestion,0.1,0.45,1234,independent,22
22.199488,0.95,1,1,1,39.20365209446142,461.330623626709,162.91772594577387,0.24765022993087768,0.8406458,1281.842,10,92,8.578536666666045,27.199488,5.0,22.088530000000144,New_York,peak_congestion,0.1,0.45,1234,independent,23
23.992771,1.0,0,0,0,47.35815632343292,462.79088973999023,148.76890182495117,0.2611077070236206,0.5954323,1257.464,10,92,8.578536666666045,23.992773,1.9073486e-06,22.088530000000144,New_York,peak_congestion,0.1,0.45,1234,independent,24
20.101936,1.0,0,0,0,48.647175908088684,473.93205642700195,221.95245945453644,0.24688185155391693,1.1755841,1295.9188,10,92,8.578536666666045,20.10194,3.8146973e-06,22.088530000000144,New_York,peak_congestion,0.1,0.45,1234,independent,25
23.056591,0.9,2,1,1,48.86917805920044,467.2507953643799,165.9555995464325,0.23354200422763824,1.0932529,1314.8501,10,92,8.578536666666045,33.056595,10.000004,22.088530000000144,New_York,peak_congestion,0.1,0.45,1234,independent,26
21.410608,0.8,4,0,0,54.86724665388465,378.06761741638184,155.94685837626457,0.1660054624080658,1.4805841,1409.2692,10,92,8.578536666666045,41.41061,20.000002,22.088530000000144,New_York,peak_congestion,0.1,0.45,1234,independent,27
15.681509,0.95,1,0,0,45.27233463368918,477.39232063293457,210.005509633767,0.23360102772712707,1.167845,1324.8782,10,92,8.578536666666045,20.681503,4.9999943,22.088530000000144,New_York,peak_congestion,0.1,0.45,1234,independent,28
21.684063,1.0,0,0,0,43.77739039063454,444.59569931030273,156.06828752160072,0.22154475152492523,1.0459852,1315.2296,10,92,8.578536666666045,21.68406,-3.8146973e-06,22.088530000000144,New_York,peak_congestion,0.1,0.45,1234,independent,29
12.294453,0.95,1,1,1,46.85334486935876,452.1889114379883,180.70190906524658,0.23268198370933532,1.0003697,1301.4395,10,87,8.243833333333583,17.294453,5.0,21.07248333333326,Vienna,normal,0.0,0.0,2345,independent,0
19.337984,0.9,2,0,0,43.30168673147758,426.7976188659668,153.71948371330896,0.21853718161582947,1.1491637,1308.4084,10,87,8.243833333333583,29.337978,9.999994,21.07248333333326,Vienna,normal,0.0,0.0,2345,independent,1
17.054054,0.8,4,1,1,78.5666272812523,457.7152633666992,211.8604406900704,0.1757480889558792,1.7320508,1416.2787,10,87,8.243833333333583,37.054054,20.0,21.07248333333326,Vienna,normal,0.0,0.0,2345,independent,2
21.954552,0.85,3,0,0,38.160797388238066,406.5128231048584,153.76554755603567,0.21611769497394562,0.73546547,1313.054,10,87,8.243833333333583,36.954548,14.999996,21.07248333333326,Vienna,normal,0.0,0.0,2345,independent,3
21.70421,1.0,0,0,0,37.35681317187846,458.6904716491699,164.8321613073349,0.24494686126708984,0.9018087,1284.3923,10,87,8.243833333333583,21.704212,1.9073486e-06,21.07248333333326,Vienna,normal,0.0,0.0,2345,independent,4
21.990334,1.0,0,0,0,49.3691007848829,450.8249759674072,193.47568774223328,0.2244248181581497,1.2800406,1315.9291,10,87,8.243833333333583,21.990334,0.0,21.07248333333326,Vienna,normal,0.0,0.0,2345,independent,5
28.208496,0.95,1,1,1,42.181689455909165,457.4202060699463,138.2212511489266,0.2218560218811035,0.75429577,1327.4565,10,87,8.243833333333583,33.208496,5.0,21.07248333333326,Vienna,normal,0.0,0.0,2345,independent,6
24.072302,0.95,1,0,0,42.081566778452775,449.27478790283203,137.85191717900727,0.2067658096551895,0.6467517,1348.2843,10,87,8.243833333333583,29.072304,5.000002,21.07248333333326,Vienna,normal,0.0,0.0,2345,independent,7
16.639042,1.0,0,0,0,45.77923026680946,430.65513610839844,167.96752095222473,0.22580887377262115,1.1322097,1294.4468,10,87,8.243833333333583,16.63904,-1.9073486e-06,21.07248333333326,Vienna,normal,0.0,0.0,2345,independent,8
19.102764,0.85,3,0,0,32.53955820438397,416.12863540649414,133.31063920960707,0.18862155079841614,1.0057151,1365.8464,10,87,8.243833333333583,34.10276,14.999996,21.07248333333326,Vienna,normal,0.0,0.0,2345,independent,9
19.262417,1.0,0,0,0,56.17271965742111,456.013240814209,201.10364118218422,0.23798401057720184,1.1901786,1295.0839,10,87,8.243833333333583,19.26242,3.8146973e-06,21.07248333333326,Vienna,normal,0.0,0.0,2345,independent,10
21.326092,0.95,1,0,0,35.06170761722483,405.7429790496826,141.8392379974064,0.21503868699073792,1.1972194,1315.1256,10,87,8.243833333333583,26.326092,5.0,21.07248333333326,Vienna,normal,0.0,0.0,2345,independent,11
18.20913,1.0,0,0,0,41.30812379345298,452.9775810241699,193.9965114891529,0.23429914712905883,1.0515423,1299.1232,10,87,8.243833333333583,18.20913,0.0,21.07248333333326,Vienna,normal,0.0,0.0,2345,independent,12
13.356529,0.8,4,0,0,52.79922195710242,450.87029457092285,141.45188642665744,0.15789397954940795,1.1025454,1443.7135,10,87,8.243833333333583,33.35653,20.0,21.07248333333326,Vienna,normal,0.0,0.0,2345,independent,13
15.773647,0.85,3,3,3,46.507542689933494,471.64475440979004,187.55066745421465,0.23086143434047698,1.1093556,1324.3906,10,87,8.243833333333583,30.773647,15.0,21.07248333333326,Vienna,normal,0.0,0.0,2345,independent,14
22.638088,0.85,3,2,2,49.546008596525475,458.4118938446045,183.30581356497373,0.1998247593641281,1.2382036,1370.7482,10,87,8.243833333333583,37.638084,14.999996,21.07248333333326,Vienna,normal,0.0,0.0,2345,independent,15
24.271576,0.95,1,0,0,55.496630019655356,370.4849338531494,163.96251557688964,0.23777730762958527,1.0087303,1271.4674,10,87,8.243833333333583,29.271582,5.0000057,21.07248333333326,Vienna,normal,0.0,0.0,2345,independent,16
22.597939,0.9,2,0,0,44.3957823390762,416.8557071685791,149.11807576815286,0.20403814315795898,1.2643064,1336.2466,10,87,8.243833333333583,32.59794,10.0,21.07248333333326,Vienna,normal,0.0,0.0,2345,independent,17
14.030431,0.95,1,1,1,36.71094958866505,461.5238285064697,151.28554165363312,0.2442143052816391,0.65113163,1288.6322,10,87,8.243833333333583,19.030434,5.000003,21.07248333333326,Vienna,normal,0.0,0.0,2345,independent,18
20.208654,1.0,0,0,0,43.63957814499736,429.5211410522461,187.3772346675396,0.24544894695281982,1.0069603,1256.7379,10,87,8.243833333333583,20.20866,5.722046e-06,21.07248333333326,Vienna,normal,0.0,0.0,2345,independent,19
26.959501,0.95,1,0,0,56.81378090509067,463.1894302368164,175.17063340074137,0.21155402958393096,1.0801566,1353.0055,10,87,8.243833333333583,31.959507,5.0000057,21.07248333333326,Vienna,normal,0.0,0.0,2345,independent,20
15.683889,1.0,0,0,0,44.30713615939021,447.290096282959,191.30493360757828,0.256101930141449,1.1107893,1251.5743,10,87,8.243833333333583,15.683889,0.0,21.07248333333326,Vienna,normal,0.0,0.0,2345,independent,21
16.823462,0.9,2,0,0,41.31670480594039,413.4637641906738,156.2383469939232,0.20231635868549347,1.0006926,1339.5524,10,87,8.243833333333583,26.823456,9.999994,21.07248333333326,Vienna,normal,0.0,0.0,2345,independent,22
16.288572,0.85,3,0,0,44.75666280616732,399.887752532959,146.12829587038826,0.1766386330127716,1.08719,1388.8536,10,87,8.243833333333583,31.288572,15.0,21.07248333333326,Vienna,normal,0.0,0.0,2345,independent,23
26.018528,1.0,0,0,0,46.13129041157663,452.12559700012207,165.64483112096786,0.24054110944271087,0.6392696,1286.2865,10,87,8.243833333333583,26.018528,0.0,21.07248333333326,Vienna,normal,0.0,0.0,2345,independent,24
22.64452,1.0,0,0,0,55.275145780295134,402.2142505645752,151.84337362647057,0.2387530356645584,0.6670392,1269.594,10,87,8.243833333333583,22.64452,0.0,21.07248333333326,Vienna,normal,0.0,0.0,2345,independent,25
16.856657,0.85,3,0,0,35.98186810665271,446.8898391723633,144.61338632247026,0.18412158787250518,1.0415982,1389.3761,10,87,8.243833333333583,31.856655,14.999998,21.07248333333326,Vienna,normal,0.0,0.0,2345,independent,26
20.792236,0.95,1,0,0,38.78794699515167,461.72704696655273,174.63901068034926,0.23821387588977813,1.0294493,1300.3562,10,87,8.243833333333583,25.79224,5.000004,21.07248333333326,Vienna,normal,0.0,0.0,2345,independent,27
21.628729,1.0,0,0,0,40.60415219888091,445.74328422546387,163.0716235935688,0.2260798156261444,1.0266875,1307.67,10,87,8.243833333333583,21.62873,1.9073486e-06,21.07248333333326,Vienna,normal,0.0,0.0,2345,independent,28
17.425804,0.95,1,0,0,52.17359819694569,405.0865173339844,161.92258146248366,0.23183050751686096,1.0419885,1282.8853,10,87,8.243833333333583,22.425806,5.000002,21.07248333333326,Vienna,normal,0.0,0.0,2345,independent,29
12.336342,0.95,1,1,1,47.19460990574015,452.2562313079834,181.04317395310653,0.23833715319633483,1.0002209,1290.6488,10,88,8.876983333334465,17.336342,5.0,22.3164633333333,Vienna,peak_congestion,0.1,0.45,2345,independent,0
19.335577,0.9,2,0,0,43.85870678971211,429.44180488586426,154.27650372187296,0.223158597946167,1.1491117,1299.5352,10,88,8.876983333334465,29.335571,9.999994,22.3164633333333,Vienna,peak_congestion,0.1,0.45,2345,independent,1
17.046385,0.8,4,1,1,79.58049725973979,457.57269859313965,212.874311003834,0.1820189744234085,1.7320507,1404.096,10,88,8.876983333334465,37.046387,20.000002,22.3164633333333,Vienna,peak_congestion,0.1,0.45,2345,independent,2
21.948833,0.85,3,0,0,38.57442533706917,407.73900032043457,154.17917584671693,0.22289720177650452,0.7352925,1300.0371,10,88,8.876983333334465,36.948833,15.0,22.3164633333333,Vienna,peak_congestion,0.1,0.45,2345,independent,3
21.700418,1.0,0,0,0,37.79165681870654,458.7906074523926,165.26700443029404,0.2504467010498047,0.901859,1273.9329,10,88,8.876983333334465,21.700418,0.0,22.3164633333333,Vienna,peak_congestion,0.1,0.45,2345,independent,4
22.021877,1.0,0,0,0,51.09845679625869,451.8291664123535,195.2050438374281,0.22940530776977539,1.2806492,1307.3708,10,88,8.876983333334465,22.021875,-1.9073486e-06,22.3164633333333,Vienna,peak_congestion,0.1,0.45,2345,independent,5
27.536911,0.95,1,1,1,42.866316451446004,457.43064880371094,138.90587756508276,0.2306908905506134,0.73717904,1310.5039,10,88,8.876983333334465,32.53691,5.0,22.3164633333333,Vienna,peak_congestion,0.1,0.45,2345,independent,6
24.05681,0.95,1,0,0,42.785402352088376,449.39703941345215,138.55575282322732,0.21319864094257354,0.6466752,1336.0555,10,88,8.876983333334465,29.056812,5.000002,22.3164633333333,Vienna,peak_congestion,0.1,0.45,2345,independent,7
16.631271,1.0,0,0,0,46.29759868606925,432.2010040283203,168.485888376832,0.23164535462856292,1.1320162,1283.4419,10,88,8.876983333334465,16.631271,0.0,22.3164633333333,Vienna,peak_congestion,0.1,0.45,2345,independent,8
19.091454,0.85,3,0,0,33.20717601872542,417.04710960388184,133.97825602222892,0.19724301993846893,1.005633,1349.2932,10,88,8.876983333334465,34.09145,14.999996,22.3164633333333,Vienna,peak_congestion,0.1,0.45,2345,independent,9
18.898552,1.0,0,0,0,56.6359105668962,457.13072776794434,201.5668330192566,0.24499160945415496,1.1822617,1282.7467,10,88,8.876983333334465,18.898556,3.8146973e-06,22.3164633333333,Vienna,peak_congestion,0.1,0.45,2345,independent,10
21.311012,0.95,1,0,0,35.79839513686142,406.2759304046631,142.57592665521722,0.2235402762889862,1.1973302,1298.8026,10,88,8.876983333334465,26.311008,4.999996,22.3164633333333,Vienna,peak_congestion,0.1,0.45,2345,independent,11
19.156147,1.0,0,0,0,41.93853246420622,453.2361602783203,194.6269209086895,0.2390313684940338,1.0694048,1290.2958,10,88,8.876983333334465,19.15615,3.8146973e-06,22.3164633333333,Vienna,peak_congestion,0.1,0.45,2345,independent,12
13.362707,0.8,4,0,0,53.71785363648087,451.07460021972656,142.3705182597041,0.1653353214263916,1.1019514,1429.6305,10,88,8.876983333334465,33.362705,19.999998,22.3164633333333,Vienna,peak_congestion,0.1,0.45,2345,independent,13
15.759892,0.85,3,3,3,47.51671888153343,473.8293743133545,188.5598435997963,0.23475872874259948,1.1090167,1319.0925,10,88,8.876983333334465,30.75989,14.999997,22.3164633333333,Vienna,peak_congestion,0.1,0.45,2345,independent,14
22.630238,0.85,3,2,2,49.97454894377905,458.23451042175293,183.73435378074646,0.20346496403217315,1.2380638,1363.5815,10,88,8.876983333334465,37.630234,14.999996,22.3164633333333,Vienna,peak_congestion,0.1,0.45,2345,independent,15
25.203121,0.95,1,0,0,57.782862711893884,372.63630867004395,166.24874852205576,0.24660837650299072,1.0329218,1254.5117,10,88,8.876983333334465,30.203133,5.0000114,22.3164633333333,Vienna,peak_congestion,0.1,0.45,2345,independent,16
22.530596,0.9,2,0,0,44.97299278775851,418.23394775390625,149.69528595606485,0.20999900996685028,1.2567114,1324.8019,10,88,8.876983333334465,32.530598,10.000002,22.3164633333333,Vienna,peak_congestion,0.1,0.45,2345,independent,17
14.0142145,0.95,1,1,1,37.584487453936354,462.43042945861816,152.15907896819868,0.2521642088890076,0.6505547,1274.275,10,88,8.876983333334465,19.014217,5.000003,22.3164633333333,Vienna,peak_congestion,0.1,0.45,2345,independent,18
19.911251,1.0,0,0,0,44.292378544807434,430.9376907348633,188.03003472089767,0.25129345059394836,1.0107101,1245.5164,10,88,8.876983333334465,19.911255,3.8146973e-06,22.3164633333333,Vienna,peak_congestion,0.1,0.45,2345,independent,19
21.502357,1.0,0,0,0,58.48462898377329,463.8192558288574,171.9736397266388,0.23743445575237274,0.9319274,1303.945,10,88,8.876983333334465,21.502361,3.8146973e-06,22.3164633333333,Vienna,peak_congestion,0.1,0.45,2345,independent,20
15.679647,1.0,0,0,0,44.84230666793883,448.93847465515137,191.84010484814644,0.26202974617481234,1.1108512,1241.8412,10,88,8.876983333334465,15.679647,0.0,22.3164633333333,Vienna,peak_congestion,0.1,0.45,2345,independent,21
16.816,0.9,2,0,0,41.87597033878168,416.06451988220215,156.79761151472727,0.2078927755355835,1.0007167,1328.8457,10,88,8.876983333334465,26.815996,9.999996,22.3164633333333,Vienna,peak_congestion,0.1,0.45,2345,independent,22
16.280876,0.85,3,0,0,45.62353574616068,400.8950614929199,146.9951687314931,0.18220458924770355,1.0870069,1378.1669,10,88,8.876983333334465,31.280878,15.000002,22.3164633333333,Vienna,peak_congestion,0.1,0.45,2345,independent,23
26.002481,1.0,0,0,0,46.73669506050646,452.68664360046387,166.25023537874222,0.24767605364322662,0.6391661,1273.1484,10,88,8.876983333334465,26.00248,-1.9073486e-06,22.3164633333333,Vienna,peak_congestion,0.1,0.45,2345,independent,24
22.31672,1.0,0,0,0,55.841371927410364,403.4058380126953,152.40959912538528,0.2454117387533188,0.66741854,1256.8093,10,88,8.876983333334465,22.31672,0.0,22.3164633333333,Vienna,peak_congestion,0.1,0.45,2345,independent,25
21.46891,0.85,3,0,0,35.90401856776546,447.9269313812256,144.53553667839836,0.1940843552350998,0.73225474,1371.2847,10,88,8.876983333334465,36.46891,15.0,22.3164633333333,Vienna,peak_congestion,0.1,0.45,2345,independent,26
20.883545,0.95,1,0,0,39.3799281237941,462.2442054748535,175.2309915266539,0.24488627314567565,1.027493,1288.0623,10,88,8.876983333334465,25.883549,5.000004,22.3164633333333,Vienna,peak_congestion,0.1,0.45,2345,independent,27
21.623455,1.0,0,0,0,41.40908632054925,445.7498359680176,163.87655755877495,0.23613526821136474,1.0267787,1288.37,10,88,8.876983333334465,21.623455,0.0,22.3164633333333,Vienna,peak_congestion,0.1,0.45,2345,independent,28
17.018661,0.95,1,0,0,53.00243258672325,405.9352970123291,162.7514145876232,0.23711463809013367,1.0347699,1272.7396,10,88,8.876983333334465,22.018665,5.000004,22.3164633333333,Vienna,peak_congestion,0.1,0.45,2345,independent,29
18.601515,0.95,1,0,0,56.08318278075833,438.49562644958496,177.6439688707653,0.20340951681137084,1.0307833,1343.9492,10,90,8.753963333333795,23.601517,5.000002,22.112103333333266,London,normal,0.0,0.0,2345,independent,0
31.16594,0.95,1,0,0,54.8538963967248,464.5158576965332,201.88697520055268,0.20434827506542205,1.2510632,1368.167,10,90,8.753963333333795,36.165947,5.0000076,22.112103333333266,London,normal,0.0,0.0,2345,independent,1
22.45274,0.95,1,0,0,45.29059693609413,410.94414710998535,156.89855236756173,0.23204034566879272,1.0266641,1282.4823,10,90,8.753963333333795,27.452742,5.000002,22.112103333333266,London,normal,0.0,0.0,2345,independent,2
16.296335,0.95,1,0,0,46.689221274695896,406.39211654663086,184.43014759766427,0.19333375990390778,1.0007641,1356.7991,10,90,8.753963333333795,21.296337,5.000002,22.112103333333266,London,normal,0.0,0.0,2345,independent,3
27.56789,0.9,2,0,0,50.01578980435928,406.517915725708,159.39262370268503,0.20080788433551788,1.0339758,1342.4487,10,90,8.753963333333795,37.567894,10.000004,22.112103333333266,London,normal,0.0,0.0,2345,independent,4
17.473087,0.95,1,0,0,56.07625140563438,478.1674861907959,189.4633790693785,0.22884804904460906,1.000085,1334.7792,10,90,8.753963333333795,22.47309,5.000002,22.112103333333266,London,normal,0.0,0.0,2345,independent,5
27.240347,1.0,0,0,0,45.75161514803767,437.7604007720947,171.31275808811188,0.2267553001642227,1.1865772,1298.3901,10,90,8.753963333333795,27.240349,1.9073486e-06,22.112103333333266,London,normal,0.0,0.0,2345,independent,6
22.086027,0.95,1,0,0,60.15340679178112,451.73535346984863,175.64004091840042,0.22427990436553955,1.0343702,1317.1178,10,90,8.753963333333795,27.086027,5.0,22.112103333333266,London,normal,0.0,0.0,2345,independent,7
29.607988,0.95,1,0,0,48.60193819199738,464.55299377441406,183.33733084954713,0.22108990848064422,1.0725187,1336.0602,10,90,8.753963333333795,34.60799,5.000002,22.112103333333266,London,normal,0.0,0.0,2345,independent,8
27.138893,1.0,0,0,0,51.02192066051066,455.789737701416,162.2775824368,0.2574979603290558,1.008294,1257.3934,10,90,8.753963333333795,27.13889,-3.8146973e-06,22.112103333333266,London,normal,0.0,0.0,2345,independent,9
27.013557,0.95,1,0,0,59.61013104962675,467.59363174438477,178.39789886223642,0.25150888562202456,1.0264987,1280.6965,10,90,8.753963333333795,32.013565,5.0000076,22.112103333333266,London,normal,0.0,0.0,2345,independent,10
23.235119,0.85,3,0,0,34.09124457441709,453.902063369751,135.02962163266014,0.19812227189540862,0.72628766,1369.5071,10,90,8.753963333333795,38.235126,15.000008,22.112103333333266,London,normal,0.0,0.0,2345,independent,11
20.484613,1.0,0,0,0,60.29173418926075,456.5814685821533,187.19676929712296,0.25128585994243624,1.0484105,1270.1124,10,90,8.753963333333795,20.48462,5.722046e-06,22.112103333333266,London,normal,0.0,0.0,2345,independent,12
25.24535,1.0,0,0,0,48.18937608785927,448.0954170227051,162.02099016308784,0.24783098101615905,1.0731537,1268.2598,10,90,8.753963333333795,25.24535,0.0,22.112103333333266,London,normal,0.0,0.0,2345,independent,13
22.564713,1.0,0,0,0,46.78232162632048,336.64647102355957,142.0447908192873,0.23375579714775085,0.8092251,1279.1887,10,90,8.753963333333795,22.564707,-5.722046e-06,22.112103333333266,London,normal,0.0,0.0,2345,independent,14
21.414467,0.95,1,0,0,62.28966791378824,462.3735237121582,162.49678467449388,0.2572753965854645,1.0207486,1264.4045,10,90,8.753963333333795,26.414474,5.0000076,22.112103333333266,London,normal,0.0,0.0,2345,independent,15
19.349476,0.95,1,1,1,44.48358585175715,475.16615867614746,200.49958508265647,0.22803444564342498,1.14736,1333.3398,10,90,8.753963333333795,24.349474,4.999998,22.112103333333266,London,normal,0.0,0.0,2345,independent,16
22.816708,0.95,1,0,0,45.440548807382584,456.42127990722656,158.01011079236082,0.20268844962120056,1.0488846,1363.2594,10,90,8.753963333333795,27.816711,5.000004,22.112103333333266,London,normal,0.0,0.0,2345,independent,17
11.924444,1.0,0,0,0,45.811635352671146,411.07821464538574,152.785680860281,0.23646792769432068,1.0696936,1273.9814,10,90,8.753963333333795,11.924445,9.536743e-07,22.112103333333266,London,normal,0.0,0.0,2345,independent,18
20.487103,0.9,2,0,0,48.88791420807441,363.676815032959,119.84617009758949,0.21610671281814575,1.0227473,1313.075,10,90,8.753963333333795,30.487103,10.0,22.112103333333266,London,normal,0.0,0.0,2345,independent,19
24.269526,1.0,0,0,0,40.19826206937432,475.7029724121094,187.9935491681099,0.25274249315261843,1.0077418,1286.4373,10,90,8.753963333333795,24.269526,0.0,22.112103333333266,London,normal,0.0,0.0,2345,independent,20
16.30746,0.85,3,0,0,42.38061088411247,398.8757801055908,170.66868792561922,0.2015170156955719,1.0223451,1341.0873,10,90,8.753963333333795,31.307463,15.000002,22.112103333333266,London,normal,0.0,0.0,2345,independent,21
17.313927,0.9,2,1,1,50.41040441642205,462.1182632446289,150.929483572642,0.23477593958377838,1.1406356,1307.3484,10,90,8.753963333333795,27.313925,9.999998,22.112103333333266,London,normal,0.0,0.0,2345,independent,22
18.834213,0.9,2,0,0,75.92853628098965,403.51847648620605,188.97221684455872,0.2456430196762085,1.0982621,1256.3654,10,90,8.753963333333795,28.834213,10.0,22.112103333333266,London,normal,0.0,0.0,2345,independent,23
17.112411,0.85,3,1,1,42.327523577739214,455.3126621246338,170.7226400866228,0.20397509038448333,1.0083157,1359.6803,10,90,8.753963333333795,32.112408,14.999996,22.112103333333266,London,normal,0.0,0.0,2345,independent,24
23.53865,0.9,2,1,1,47.60639710972706,478.4450054168701,162.78685828049979,0.23543825149536132,0.8192165,1322.4033,10,90,8.753963333333795,33.538647,9.999996,22.112103333333266,London,normal,0.0,0.0,2345,independent,25
30.182281,1.0,0,0,0,60.50671821087599,455.34685134887695,178.3593671321869,0.24637407958507537,1.1505457,1278.3085,10,90,8.753963333333795,30.182281,0.0,22.112103333333266,London,normal,0.0,0.0,2345,independent,26
22.626448,1.0,0,0,0,44.7062958329916,449.7396469116211,180.99491688609123,0.2503510802984238,1.0134935,1265.0654,10,90,8.753963333333795,22.626453,5.722046e-06,22.112103333333266,London,normal,0.0,0.0,2345,independent,27
28.943682,0.9,2,0,0,41.622937911500536,453.8382625579834,135.50820221503577,0.2128635585308075,0.7194166,1341.14,10,90,8.753963333333795,38.943687,10.000006,22.112103333333266,London,normal,0.0,0.0,2345,independent,28
32.429764,0.95,1,1,1,49.78249991410657,474.5812225341797,173.60750038372842,0.2275497257709503,0.76190877,1333.6855,10,90,8.753963333333795,37.429764,5.0,22.112103333333266,London,normal,0.0,0.0,2345,independent,29
19.536564,0.95,1,0,0,57.54086906188413,446.46809577941895,179.10165549893128,0.21103354692459106,1.0456969,1337.2836,10,90,11.452313333335459,24.536564,5.0,25.06302333333323,London,peak_congestion,0.1,0.45,2345,independent,0
29.844753,0.95,1,0,0,55.67640327309307,464.681339263916,202.70948174752687,0.20840854346752166,1.2336642,1360.5367,10,90,11.452313333335459,34.844757,5.000004,25.06302333333323,London,peak_congestion,0.1,0.45,2345,independent,1
22.435432,0.95,1,0,0,46.98973354932509,411.9243335723877,158.59768980427793,0.2424001544713974,1.0269165,1262.5917,10,90,11.452313333335459,27.435434,5.000002,25.06302333333323,London,peak_congestion,0.1,0.45,2345,independent,2
16.279987,0.95,1,0,0,48.125065492564126,414.343957901001,185.86599271548423,0.20159819722175598,1.0007681,1340.9313,10,90,11.452313333335459,21.279991,5.000004,25.06302333333323,London,peak_congestion,0.1,0.45,2345,independent,3
27.53229,0.9,2,0,0,50.95736462622881,412.0359706878662,160.33419827620187,0.20715317130088806,1.0337898,1330.2659,10,90,11.452313333335459,37.53229,10.000002,25.06302333333323,London,peak_congestion,0.1,0.45,2345,independent,4
17.46297,0.95,1,0,0,56.52959219131031,478.67520332336426,189.91671954330644,0.23444349467754363,1.0000749,1324.5437,10,90,11.452313333335459,22.462973,5.000002,25.06302333333323,London,peak_congestion,0.1,0.45,2345,independent,5
27.076899,1.0,0,0,0,46.775859631597996,440.3473663330078,172.33700171113014,0.23605718612670898,1.184342,1283.1174,10,90,11.452313333335459,27.0769,1.9073486e-06,25.06302333333323,London,peak_congestion,0.1,0.45,2345,independent,6
22.058891,0.95,1,0,0,61.63652029084532,452.2965431213379,177.12315371162012,0.23025456964969634,1.0340523,1306.2075,10,90,11.452313333335459,27.058891,5.0,25.06302333333323,London,peak_congestion,0.1,0.45,2345,independent,7
29.258217,0.95,1,0,0,49.16041604782406,465.6605529785156,183.89580798776527,0.2250734657049179,1.0681441,1329.5193,10,90,11.452313333335459,34.258217,5.0,25.06302333333323,London,peak_congestion,0.1,0.45,2345,independent,8
27.047653,1.0,0,0,0,52.10674140974879,458.11732292175293,163.36240401864052,0.2665006309747696,1.0061622,1242.436,10,90,11.452313333335459,27.047647,-5.722046e-06,25.06302333333323,London,peak_congestion,0.1,0.45,2345,independent,9
26.932835,0.95,1,0,0,60.335356734300916,469.5513153076172,179.12312413516798,0.2588634729385376,1.0271019,1268.5333,10,90,11.452313333335459,31.93284,5.0000057,25.06302333333323,London,peak_congestion,0.1,0.45,2345,independent,10
26.682024,0.85,3,0,0,35.090577104950654,454.2487907409668,136.02895370301079,0.20981063842773437,0.72872066,1347.4121,10,90,11.452313333335459,41.68203,15.000006,25.06302333333323,London,peak_congestion,0.1,0.45,2345,independent,11
20.480825,1.0,0,0,0,61.789465832524,456.9210720062256,188.69450104236603,0.26187322437763216,1.0483681,1250.1243,10,90,11.452313333335459,20.480827,1.9073486e-06,25.06302333333323,London,peak_congestion,0.1,0.45,2345,independent,12
25.225254,1.0,0,0,0,49.162291936576366,448.22519302368164,162.99390511214733,0.2541820049285889,1.0728577,1256.1957,10,90,11.452313333335459,25.225254,0.0,25.06302333333323,London,peak_congestion,0.1,0.45,2345,independent,13
22.54425,1.0,0,0,0,48.00471346266568,338.5045051574707,143.26718245446682,0.24032841622829437,0.8086955,1266.5692,10,90,11.452313333335459,22.544245,-5.722046e-06,25.06302333333323,London,peak_congestion,0.1,0.45,2345,independent,14
21.365795,0.95,1,0,0,63.31994075916315,463.3282470703125,163.52705870804033,0.2664386868476868,1.0216575,1247.7659,10,90,11.452313333335459,26.365803,5.0000076,25.06302333333323,London,peak_congestion,0.1,0.45,2345,independent,15
17.302477,0.95,1,1,1,45.79109164445024,475.08376121520996,201.80709106357475,0.2342011272907257,1.1014658,1321.4175,10,90,11.452313333335459,22.302475,4.999998,25.06302333333323,London,peak_congestion,0.1,0.45,2345,independent,16
22.722408,0.95,1,0,0,45.94670347085125,457.615385055542,158.51626622049432,0.21154663860797882,1.0003755,1347.4456,10,90,11.452313333335459,27.722412,5.000004,25.06302333333323,London,peak_congestion,0.1,0.45,2345,independent,17
11.916895,1.0,0,0,0,46.673117469996214,411.4389896392822,153.64716356992722,0.24313732981681824,1.0694252,1261.1763,10,90,11.452313333335459,11.916896,9.536743e-07,25.06302333333323,London,peak_congestion,0.1,0.45,2345,independent,18
20.461224,0.9,2,0,0,49.825431940456234,364.4216537475586,120.78368594249089,0.22185304760932922,1.0228384,1302.042,10,90,11.452313333335459,30.461224,10.0,25.06302333333323,London,peak_congestion,0.1,0.45,2345,independent,19
24.255682,1.0,0,0,0,41.177952356636524,476.9391632080078,188.9732385277748,0.2633879274129868,1.0075698,1267.2341,10,90,11.452313333335459,24.255682,0.0,25.06302333333323,London,peak_congestion,0.1,0.45,2345,independent,20
16.311972,0.85,3,0,0,43.618751271244356,404.76945877075195,171.90682826673284,0.20946013927459717,1.0224599,1325.8364,10,90,11.452313333335459,31.311974,15.000002,25.06302333333323,London,peak_congestion,0.1,0.45,2345,independent,21
17.4251,0.9,2,1,1,51.30943185339371,462.21362113952637,151.82851095994315,0.24301580488681793,1.1443591,1291.6232,10,90,11.452313333335459,27.4251,10.0,25.06302333333323,London,peak_congestion,0.1,0.45,2345,independent,22
18.819252,0.9,2,0,0,77.1092772235473,404.91125106811523,190.1529586315155,0.25380370020866394,1.0986652,1240.6967,10,90,11.452313333335459,28.819252,10.0,25.06302333333323,London,peak_congestion,0.1,0.45,2345,independent,23
17.108315,0.85,3,1,1,42.56538320113631,455.2116394042969,170.96049911835615,0.2095014840364456,1.0083317,1348.9686,10,90,11.452313333335459,32.10831,14.999996,25.06302333333323,London,peak_congestion,0.1,0.45,2345,independent,24
23.31403,0.9,2,1,1,47.94537127017975,479.08103942871094,163.1258326768875,0.24166203439235687,0.8120711,1311.0897,10,90,11.452313333335459,33.31403,10.0,25.06302333333323,London,peak_congestion,0.1,0.45,2345,independent,25
31.85004,1.0,0,0,0,62.422882217913866,455.2207946777344,180.27553090453148,0.25535271465778353,1.1730639,1260.9435,10,90,11.452313333335459,31.850037,-3.8146973e-06,25.06302333333323,London,peak_congestion,0.1,0.45,2345,independent,26
22.637753,1.0,0,0,0,45.78742564469576,450.6101131439209,182.07604604959488,0.2643085509538651,0.7214595,1239.1377,10,90,11.452313333335459,22.637753,0.0,25.06302333333323,London,peak_congestion,0.1,0.45,2345,independent,27
30.514175,0.9,2,0,0,41.609912694742285,454.1011619567871,135.49517631530762,0.2182689994573593,0.740929,1331.0244,10,90,11.452313333335459,40.51418,10.000004,25.06302333333323,London,peak_congestion,0.1,0.45,2345,independent,28
32.421947,0.95,1,1,1,50.850473242370704,476.8014621734619,174.67547432372444,0.23851352334022521,0.7618477,1314.8555,10,90,11.452313333335459,37.42195,5.000004,25.06302333333323,London,peak_congestion,0.1,0.45,2345,independent,29
20.829123,1.0,0,0,0,38.446467963047326,457.3948287963867,141.355943441391,0.23300012350082397,0.6374355,1306.0344,10,90,9.130260000002721,20.829124,1.9073486e-06,22.903796666666665,New_York,normal,0.0,0.0,2345,independent,0
14.230463,0.9,2,1,1,40.63247229593495,454.6237850189209,180.7543005545934,0.22979311048984527,1.0138425,1309.4208,10,90,9.130260000002721,24.230469,10.000006,22.903796666666665,New_York,normal,0.0,0.0,2345,independent,1
19.881487,0.9,2,0,0,70.57823144520323,411.9763469696045,148.07864944140115,0.2087319791316986,0.7913178,1327.2344,10,90,9.130260000002721,29.881489,10.000002,22.903796666666665,New_York,normal,0.0,0.0,2345,independent,2
23.703247,1.0,0,0,0,47.21962522342801,472.88646697998047,179.73745992779732,0.23259978890419006,1.0117644,1322.2948,10,90,9.130260000002721,23.703247,0.0,22.903796666666665,New_York,normal,0.0,0.0,2345,independent,3
19.173182,1.0,0,0,0,48.25444647297263,429.1779613494873,207.20228764414787,0.23356673121452332,1.2475183,1279.5518,10,90,9.130260000002721,19.173183,1.9073486e-06,22.903796666666665,New_York,normal,0.0,0.0,2345,independent,4
19.508276,0.95,1,0,0,54.21182312512476,415.0294017791748,162.91687422677091,0.22252032160758972,1.0340532,1300.7609,10,90,9.130260000002721,24.508276,5.0,22.903796666666665,New_York,normal,0.0,0.0,2345,independent,5
23.208237,0.9,2,0,0,55.07918421179056,443.2840061187744,162.06509917974472,0.18505776822566986,1.1726543,1383.9728,10,90,9.130260000002721,33.208237,10.0,22.903796666666665,New_York,normal,0.0,0.0,2345,independent,6
15.744983,1.0,0,0,0,59.942578230053186,373.4827136993408,163.38814929127693,0.2578182816505432,1.000357,1232.9888,10,90,9.130260000002721,15.744984,9.536743e-07,22.903796666666665,New_York,normal,0.0,0.0,2345,independent,7
12.70623,0.85,3,1,1,49.50732229387059,473.6759948730469,180.70944060297575,0.20435985326766967,0.7896748,1377.3048,10,90,9.130260000002721,27.706234,15.000004,22.903796666666665,New_York,normal,0.0,0.0,2345,independent,8
19.525427,0.85,3,0,0,57.9454707902144,414.76552963256836,154.99113058342652,0.19321204721927643,0.8358705,1357.0327,10,90,9.130260000002721,34.52543,15.000002,22.903796666666665,New_York,normal,0.0,0.0,2345,independent,9
15.225473,0.95,1,0,0,45.258340608132514,447.383451461792,177.2364407150369,0.2218507170677185,1.0000242,1317.4299,10,90,9.130260000002721,20.225475,5.000002,22.903796666666665,New_York,normal,0.0,0.0,2345,independent,10
20.595581,0.8,4,0,0,41.245208837790415,446.37651443481445,162.49424094334245,0.17005326747894287,1.1230298,1415.874,10,90,9.130260000002721,40.59558,20.0,22.903796666666665,New_York,normal,0.0,0.0,2345,independent,11
23.011124,0.95,1,0,0,56.42290666307274,406.54234886169434,160.46585355934343,0.2471020668745041,0.776126,1253.5638,10,90,9.130260000002721,28.011124,5.0,22.903796666666665,New_York,normal,0.0,0.0,2345,independent,12
14.306747,0.75,5,0,0,36.85062886029482,354.60110664367676,129.36546170711517,0.17581281065940857,1.0479212,1390.4391,10,90,9.130260000002721,39.306747,25.0,22.903796666666665,New_York,normal,0.0,0.0,2345,independent,13
15.561085,0.9,2,0,0,96.18529133498669,451.3410758972168,216.51191731293997,0.19332098364830017,1.7320509,1376.1647,10,90,9.130260000002721,25.561085,10.0,22.903796666666665,New_York,normal,0.0,0.0,2345,independent,14
19.983128,0.85,3,0,0,41.4265158630031,462.7401638031006,158.39676224133547,0.1806079089641571,1.1074233,1411.9727,10,90,9.130260000002721,34.983128,15.0,22.903796666666665,New_York,normal,0.0,0.0,2345,independent,15
22.840832,0.85,3,0,0,53.71229716521852,218.59305381774902,108.28519147985122,0.20035751163959503,0.6967993,1343.3135,10,90,9.130260000002721,37.84083,15.0,22.903796666666665,New_York,normal,0.0,0.0,2345,independent,16
21.809456,1.0,0,0,0,42.802787125110626,466.6932964324951,194.65690630674362,0.25109419524669646,1.003575,1282.9078,10,90,9.130260000002721,21.80946,3.8146973e-06,22.903796666666665,New_York,normal,0.0,0.0,2345,independent,17
19.154825,0.9,2,0,0,55.079434514045715,452.9556941986084,169.09000128507614,0.21510362029075622,1.0925457,1335.9567,10,90,9.130260000002721,29.154823,9.999998,22.903796666666665,New_York,normal,0.0,0.0,2345,independent,18
16.470177,1.0,0,0,0,48.960122745484114,475.8134937286377,200.29922425746918,0.24344767034053802,1.0409013,1304.3937,10,90,9.130260000002721,16.47018,3.8146973e-06,22.903796666666665,New_York,normal,0.0,0.0,2345,independent,19
26.136395,0.95,1,0,0,51.71288435396395,466.22483253479004,213.6075246334076,0.24710993766784667,1.0968754,1315.0018,10,90,9.130260000002721,31.136398,5.000004,22.903796666666665,New_York,normal,0.0,0.0,2345,independent,20
18.262405,1.0,0,0,0,56.59361565671861,387.26792335510254,161.06389769911766,0.2642625868320465,1.026169,1220.6157,10,90,9.130260000002721,18.262407,1.9073486e-06,22.903796666666665,New_York,normal,0.0,0.0,2345,independent,21
10.904861,0.9,2,0,0,84.32362290720145,456.75756454467773,213.2420508066813,0.22004576921463012,1.1576805,1330.2695,10,90,9.130260000002721,20.90486,9.999998,22.903796666666665,New_York,normal,0.0,0.0,2345,independent,22
18.538322,0.95,1,0,0,38.670252595881095,461.3004398345947,162.3843272265635,0.23795920014381408,0.8705077,1300.4186,10,90,9.130260000002721,23.538322,5.0,22.903796666666665,New_York,normal,0.0,0.0,2345,independent,23
18.840666,1.0,0,0,0,43.793065667152405,462.2537899017334,145.2038110345602,0.25098385810852053,0.72981006,1276.3647,10,90,9.130260000002721,18.840666,0.0,22.903796666666665,New_York,normal,0.0,0.0,2345,independent,24
16.08348,0.85,3,0,0,43.65456214065061,476.23266220092773,194.10732854815092,0.20307866632938384,1.0618703,1382.3214,10,90,9.130260000002721,31.083483,15.000002,22.903796666666665,New_York,normal,0.0,0.0,2345,independent,25
18.021643,0.9,2,1,1,55.259900726377964,456.7244338989258,170.00849713881811,0.21860508024692535,0.8780965,1333.0024,10,90,9.130260000002721,28.021648,10.000006,22.903796666666665,New_York,normal,0.0,0.0,2345,independent,26
17.982252,0.8,4,0,0,50.55523737799376,361.5780830383301,151.63484953343868,0.15681877732276917,1.4327315,1426.9077,10,90,9.130260000002721,37.982254,20.000002,22.903796666666665,New_York,normal,0.0,0.0,2345,independent,27
14.263817,0.95,1,0,0,46.72976312570666,471.08911514282227,211.46293834636086,0.22294946908950805,1.2742201,1339.0259,10,90,9.130260000002721,19.263813,4.999996,22.903796666666665,New_York,normal,0.0,0.0,2345,independent,28
18.499378,1.0,0,0,0,42.70643553324044,444.29134368896484,154.99733260273933,0.2145124614238739,1.0172842,1328.4272,10,90,9.130260000002721,18.499372,-5.722046e-06,22.903796666666665,New_York,normal,0.0,0.0,2345,independent,29
20.827019,1.0,0,0,0,38.61855909693986,458.01355361938477,141.52803486585617,0.23717131614685058,0.63746816,1298.6444,10,92,9.57831666666659,20.827023,3.8146973e-06,24.138706666666582,New_York,peak_congestion,0.1,0.45,2345,independent,0
14.229056,0.9,2,1,1,41.233318376665316,454.7681522369385,181.35514671603838,0.2351370096206665,1.0138223,1299.3049,10,92,9.57831666666659,24.22906,10.000003,24.138706666666582,New_York,peak_congestion,0.1,0.45,2345,independent,1
19.746433,0.9,2,0,0,71.48809179663658,412.4172019958496,148.98850997289023,0.21513986587524414,0.7882738,1314.9314,10,92,9.57831666666659,29.746435,10.000002,24.138706666666582,New_York,peak_congestion,0.1,0.45,2345,independent,2
25.789394,1.0,0,0,0,48.0989131629467,473.52962493896484,180.61674803495407,0.2376333862543106,1.0003616,1313.2734,10,92,9.57831666666659,25.789392,-1.9073486e-06,24.138706666666582,New_York,peak_congestion,0.1,0.45,2345,independent,3
19.150896,1.0,0,0,0,48.91607426851988,433.9124393463135,207.86391565203667,0.2364119529724121,1.2473006,1276.0013,10,92,9.57831666666659,19.150898,1.9073486e-06,24.138706666666582,New_York,peak_congestion,0.1,0.45,2345,independent,4
19.499817,0.95,1,0,0,54.775969009160214,415.27782440185547,163.48102033138275,0.2277325689792633,1.0340546,1290.7534,10,92,9.57831666666659,24.499817,5.0,24.138706666666582,New_York,peak_congestion,0.1,0.45,2345,independent,5
23.342402,0.9,2,0,0,57.42422423015038,443.4360980987549,164.41013793150583,0.1905050367116928,1.1153167,1373.6663,10,92,9.57831666666659,33.342403,10.000002,24.138706666666582,New_York,peak_congestion,0.1,0.45,2345,independent,6
15.630383,1.0,0,0,0,60.774677546694875,376.2542152404785,164.22024750709534,0.2653641998767853,1.0001371,1218.5006,10,92,9.57831666666659,15.630381,-1.9073486e-06,24.138706666666582,New_York,peak_congestion,0.1,0.45,2345,independent,7
14.271307,0.85,3,1,1,46.55686237356242,472.0557689666748,181.9396348209942,0.20930934846401214,0.8430747,1366.1816,10,92,9.57831666666659,29.27131,15.000004,24.138706666666582,New_York,peak_congestion,0.1,0.45,2345,independent,8
19.509943,0.85,3,0,0,58.999975591021425,415.2872943878174,156.0456373761682,0.1985405832529068,0.83592147,1346.802,10,92,9.57831666666659,34.509945,15.000002,24.138706666666582,New_York,peak_congestion,0.1,0.45,2345,independent,9
16.644386,0.95,1,0,0,46.76628051031577,447.804594039917,178.74438107013702,0.23074252307415008,1.0065621,1300.7788,10,92,9.57831666666659,21.644386,5.0,24.138706666666582,New_York,peak_congestion,0.1,0.45,2345,independent,10
20.596186,0.8,4,0,0,41.60085953772068,446.9296360015869,162.8498919121921,0.17352204918861389,1.123042,1409.7671,10,92,9.57831666666659,40.59619,20.000006,24.138706666666582,New_York,peak_congestion,0.1,0.45,2345,independent,11
22.935263,0.95,1,0,0,57.331517519135225,410.2343273162842,161.37446513301447,0.2536076009273529,0.7759696,1241.0732,10,92,9.57831666666659,27.935265,5.000002,24.138706666666582,New_York,peak_congestion,0.1,0.45,2345,independent,12
14.141772,0.75,5,0,0,37.118653915822506,356.3277339935303,129.6334867477417,0.18115663528442383,1.0538477,1380.179,10,92,9.57831666666659,39.141777,25.000004,24.138706666666582,New_York,peak_congestion,0.1,0.45,2345,independent,13
15.545227,0.9,2,0,0,97.1545647084713,452.87864685058594,217.48119036356607,0.1961333841085434,1.7320508,1372.3025,10,92,9.57831666666659,25.545227,10.0,24.138706666666582,New_York,peak_congestion,0.1,0.45,2345,independent,14
21.397915,0.85,3,0,0,42.074365482172546,464.80542182922363,159.04461222536423,0.18501860797405242,1.145141,1405.5695,10,92,9.57831666666659,36.397915,15.0,24.138706666666582,New_York,peak_congestion,0.1,0.45,2345,independent,15
24.16287,0.85,3,0,0,59.773041150149176,240.12182235717773,114.34593684533063,0.20651090145111084,0.6919407,1331.4989,10,92,9.57831666666659,39.162865,14.999994,24.138706666666582,New_York,peak_congestion,0.1,0.45,2345,independent,16
21.9833,1.0,0,0,0,43.57553884014487,466.6951274871826,195.42965850234032,0.2572309851646423,1.002572,1275.4354,10,92,9.57831666666659,21.9833,0.0,24.138706666666582,New_York,peak_congestion,0.1,0.45,2345,independent,17
19.147118,0.9,2,0,0,56.43591348081827,453.03500175476074,170.44647922118506,0.22105550169944763,1.0923878,1324.6083,10,92,9.57831666666659,29.147116,9.999998,24.138706666666582,New_York,peak_congestion,0.1,0.45,2345,independent,18
16.903145,0.95,1,1,1,48.98469855910853,454.1861057281494,187.14205073682885,0.2346303254365921,1.0495377,1299.6957,10,92,9.57831666666659,21.903149,5.000004,24.138706666666582,New_York,peak_congestion,0.1,0.45,2345,independent,19
26.114902,0.95,1,0,0,52.76976838315788,470.07508277893066,214.6644087214219,0.2518993943929672,1.0965804,1309.9993,10,92,9.57831666666659,31.114904,5.000002,24.138706666666582,New_York,peak_congestion,0.1,0.45,2345,independent,20
18.258057,1.0,0,0,0,57.34293080493808,388.1517505645752,161.81321212649345,0.2685621678829193,1.0262569,1212.3606,10,92,9.57831666666659,18.25806,3.8146973e-06,24.138706666666582,New_York,peak_congestion,0.1,0.45,2345,independent,21
11.205391,0.9,2,0,0,85.62764339148998,458.23041915893555,214.5460706949234,0.22362321019172668,1.1691301,1324.8737,10,92,9.57831666666659,21.205389,9.999998,24.138706666666582,New_York,peak_congestion,0.1,0.45,2345,independent,22
18.523449,0.95,1,0,0,39.51106144605499,461.43619537353516,163.22513603850416,0.24434574842453002,0.869976,1288.2922,10,92,9.57831666666659,23.523449,5.0,24.138706666666582,New_York,peak_congestion,0.1,0.45,2345,independent,23
18.83653,1.0,0,0,0,44.21299556270242,463.3688163757324,145.62374058365822,0.2571584671735764,0.72970796,1265.6244,10,92,9.57831666666659,18.836529,-1.9073486e-06,24.138706666666582,New_York,peak_congestion,0.1,0.45,2345,independent,24
16.081165,0.85,3,0,0,44.26216626211124,478.68870735168457,194.71493314294253,0.20704297125339508,1.0618192,1377.1659,10,92,9.57831666666659,31.081165,15.0,24.138706666666582,New_York,peak_congestion,0.1,0.45,2345,independent,25
15.820666,0.9,2,1,1,56.17870807647705,459.06641006469727,170.92730522155762,0.22468341290950775,0.87079537,1323.6741,10,92,9.57831666666659,25.82067,10.000003,24.138706666666582,New_York,peak_congestion,0.1,0.45,2345,independent,26
17.924286,0.8,4,0,0,51.47609287407249,364.8641109466553,152.55570363253355,0.16137275099754333,1.4318328,1418.1641,10,92,9.57831666666659,37.924286,20.0,24.138706666666582,New_York,peak_congestion,0.1,0.45,2345,independent,27
14.223139,0.95,1,0,0,48.333143056615405,475.9482479095459,213.06631819198006,0.2297225832939148,1.2731138,1330.8807,10,92,9.57831666666659,19.223135,4.999996,24.138706666666582,New_York,peak_congestion,0.1,0.45,2345,independent,28
18.499172,1.0,0,0,0,43.197576879523695,444.7879886627197,155.48847430944443,0.22240036129951476,1.0169921,1313.779,10,92,9.57831666666659,18.499165,-7.6293945e-06,24.138706666666582,New_York,peak_congestion,0.1,0.45,2345,independent,29
14.458244,0.95,1,1,1,42.69813113502766,452.1889114379883,176.54669579706695,0.22892186939716339,1.0101697,1308.6588,10,87,8.29121666666713,19.458248,5.000004,21.22084666666666,Vienna,normal,0.0,0.0,3456,independent,0
14.247847,0.9,2,0,0,44.01718885948261,426.7976188659668,154.4349859158198,0.21977995336055756,1.0011678,1306.0223,10,87,8.29121666666713,24.247845,9.999998,21.22084666666666,Vienna,normal,0.0,0.0,3456,independent,1
14.772812,1.0,0,0,0,50.76266684755683,472.036771774292,205.47744405269623,0.22395993173122405,1.236865,1338.0336,10,87,8.29121666666713,14.772815,2.861023e-06,21.22084666666666,Vienna,normal,0.0,0.0,3456,independent,2
15.154825,0.95,1,0,0,39.88970985145945,445.77378273010254,180.00941577710603,0.22823441922664642,1.0860103,1303.5635,10,87,8.29121666666713,20.154823,4.999998,21.22084666666666,Vienna,normal,0.0,0.0,3456,independent,3
25.233572,1.0,0,0,0,37.30207692459226,458.6904716491699,164.77742475271225,0.24789879620075225,1.0163267,1278.7247,10,87,8.29121666666713,25.233576,3.8146973e-06,21.22084666666666,Vienna,normal,0.0,0.0,3456,independent,4
22.869522,1.0,0,0,0,49.10235788393766,450.8249759674072,193.20894446969032,0.2250494599342346,1.0600593,1314.7299,10,87,8.29121666666713,22.869516,-5.722046e-06,21.22084666666666,Vienna,normal,0.0,0.0,3456,independent,5
26.074593,0.95,1,1,1,43.856006489184345,457.4202060699463,139.8955688351079,0.2190770298242569,0.7250427,1332.7922,10,87,8.29121666666713,31.074593,5.0,21.22084666666666,Vienna,normal,0.0,0.0,3456,independent,6
23.326023,0.95,1,0,0,42.47342142227449,449.27478790283203,138.24377144637862,0.2055950403213501,0.6574904,1350.5321,10,87,8.29121666666713,28.326023,5.0,21.22084666666666,Vienna,normal,0.0,0.0,3456,independent,7
14.957632,1.0,0,0,0,42.93350698426366,428.889741897583,165.1217966079712,0.22553502023220062,1.0018424,1294.9725,10,87,8.29121666666713,14.95763,-1.9073486e-06,21.22084666666666,Vienna,normal,0.0,0.0,3456,independent,8
17.593643,0.85,3,0,0,31.395881355685347,416.12863540649414,132.1669619048343,0.1857139617204666,1.27447,1371.429,10,87,8.29121666666713,32.593643,15.0,21.22084666666666,Vienna,normal,0.0,0.0,3456,independent,9
18.615086,1.0,0,0,0,52.183474358171225,456.013240814209,197.11439663171768,0.23539329469203948,1.0082035,1300.058,10,87,8.29121666666713,18.615086,0.0,21.22084666666666,Vienna,normal,0.0,0.0,3456,independent,10
20.016228,0.95,1,0,0,33.407388010895566,405.7429790496826,140.18491857930235,0.21456892788410187,1.1603936,1316.0276,10,87,8.29121666666713,25.016228,5.0,21.22084666666666,Vienna,normal,0.0,0.0,3456,independent,11
17.647835,1.0,0,0,0,42.36105549708009,452.9775810241699,195.04944330453873,0.23210721611976623,1.173784,1303.3317,10,87,8.29121666666713,17.647835,0.0,21.22084666666666,Vienna,normal,0.0,0.0,3456,independent,12
16.296482,0.9,2,0,0,50.477147828787565,450.87029457092285,162.16333965460458,0.18619775176048278,1.1323413,1389.3704,10,87,8.29121666666713,26.296482,10.0,21.22084666666666,Vienna,normal,0.0,0.0,3456,independent,13
17.36029,0.9,2,2,2,42.9079759058853,471.64475440979004,199.01932080586752,0.2386039525270462,1.0000205,1324.8578,10,87,8.29121666666713,27.36029,10.0,21.22084666666666,Vienna,normal,0.0,0.0,3456,independent,14
23.525522,0.85,3,2,2,64.6581507101655,458.4118938446045,198.4179559875937,0.19987646639347076,1.3726796,1370.6489,10,87,8.29121666666713,38.525524,15.000002,21.22084666666666,Vienna,normal,0.0,0.0,3456,independent,15
18.46014,0.95,1,0,0,55.5664980161543,370.4849338531494,164.0323830278296,0.22794242203235626,1.179601,1290.3503,10,87,8.29121666666713,23.460144,5.000004,21.22084666666666,Vienna,normal,0.0,0.0,3456,independent,16
24.52177,0.9,2,0,0,43.55611098309358,416.8557071685791,148.2784034808477,0.2061007171869278,1.1271319,1332.2864,10,87,8.29121666666713,34.521774,10.000004,21.22084666666666,Vienna,normal,0.0,0.0,3456,independent,17
15.702024,0.95,1,1,1,37.232219708691304,461.5238285064697,151.80681090605887,0.2447202742099762,1.0689285,1287.6608,10,87,8.29121666666713,20.702026,5.000002,21.22084666666666,Vienna,normal,0.0,0.0,3456,independent,18
22.04295,1.0,0,0,0,46.74360668286681,430.53093910217285,190.48126351833344,0.24131391942501068,1.0502504,1264.6771,10,87,8.29121666666713,22.042948,-1.9073486e-06,21.22084666666666,Vienna,normal,0.0,0.0,3456,independent,19
23.896927,1.0,0,0,0,47.209856037050486,463.1894302368164,160.69886675477028,0.2263779431581497,1.0002124,1324.5436,10,87,8.29121666666713,23.896927,0.0,21.22084666666666,Vienna,normal,0.0,0.0,3456,independent,20
15.24382,1.0,0,0,0,45.96073923446238,447.290096282959,192.95853728055954,0.25487189888954165,1.0993593,1253.936,10,87,8.29121666666713,15.243822,1.9073486e-06,21.22084666666666,Vienna,normal,0.0,0.0,3456,independent,21
21.830997,0.9,2,0,0,42.40239858627319,413.4637641906738,157.32404172420502,0.2005627453327179,1.1364216,1342.9193,10,87,8.29121666666713,31.830997,10.0,21.22084666666666,Vienna,normal,0.0,0.0,3456,independent,22
19.52312,0.85,3,0,0,44.66880603419507,399.887752532959,146.04043990373611,0.1734761744737625,1.2807038,1394.9255,10,87,8.29121666666713,34.52312,15.0,21.22084666666666,Vienna,normal,0.0,0.0,3456,independent,23
28.139751,1.0,0,0,0,46.13819163478911,452.12559700012207,165.65173208713531,0.24189797937870025,0.84462845,1283.6813,10,87,8.29121666666713,28.139755,3.8146973e-06,21.22084666666666,Vienna,normal,0.0,0.0,3456,independent,24
25.179888,1.0,0,0,0,46.10275233909488,402.2142505645752,142.67097947001457,0.24074599146842957,0.58304936,1265.7675,10,87,8.29121666666713,25.179886,-1.9073486e-06,21.22084666666666,Vienna,normal,0.0,0.0,3456,independent,25
17.851765,0.85,3,0,0,36.611308827996254,446.8898391723633,145.24282735936782,0.1803805023431778,1.0008105,1396.5591,10,87,8.29121666666713,32.851765,15.0,21.22084666666666,Vienna,normal,0.0,0.0,3456,independent,26
18.182316,0.95,1,0,0,39.44019778386543,461.72704696655273,175.2912612337815,0.2405068814754486,1.2653185,1295.9536,10,87,8.29121666666713,23.18232,5.000004,21.22084666666666,Vienna,normal,0.0,0.0,3456,independent,27
27.029453,1.0,0,0,0,43.12982101365924,445.74328422546387,165.59729272127151,0.22525137066841125,1.0505946,1309.2605,10,87,8.29121666666713,27.02946,7.6293945e-06,21.22084666666666,Vienna,normal,0.0,0.0,3456,independent,28
23.817028,0.95,1,0,0,52.7260793627877,405.0865173339844,162.47506245186455,0.23220570385456085,1.1084334,1282.1648,10,87,8.29121666666713,28.817028,5.0,21.22084666666666,Vienna,normal,0.0,0.0,3456,independent,29
14.460783,0.95,1,1,1,43.1035603842649,452.17326164245605,176.95212524188193,0.2373289108276367,1.0103257,1292.5016,10,87,8.778983333332016,19.460785,5.000002,22.284583333333313,Vienna,peak_congestion,0.1,0.45,3456,independent,0
14.238928,0.9,2,0,0,44.646145893881716,429.2417907714844,155.06394247213998,0.223977729678154,1.0011269,1297.9625,10,87,8.778983333332016,24.238926,9.999998,22.284583333333313,Vienna,peak_congestion,0.1,0.45,3456,independent,1
14.760052,1.0,0,0,0,51.65721393562853,472.70379066467285,206.37199160456657,0.23286824822425842,1.236516,1321.5967,10,87,8.778983333332016,14.760055,2.861023e-06,22.284583333333313,Vienna,peak_congestion,0.1,0.45,3456,independent,2
15.150502,0.95,1,0,0,40.1486024064453,446.41090393066406,180.26830889676748,0.23352309465408325,1.0860373,1294.0464,10,87,8.778983333332016,20.150501,4.999999,22.284583333333313,Vienna,peak_congestion,0.1,0.45,3456,independent,3
24.785467,1.0,0,0,0,38.03159195557237,458.71710777282715,165.50694027543068,0.2548153191804886,1.0110091,1265.4716,10,87,8.778983333332016,24.785465,-1.9073486e-06,22.284583333333313,Vienna,peak_congestion,0.1,0.45,3456,independent,4
22.868904,1.0,0,0,0,50.05899687856436,451.5198040008545,194.1655833721161,0.23086463809013366,1.0599883,1304.2595,10,87,8.778983333332016,22.868898,-5.722046e-06,22.284583333333313,Vienna,peak_congestion,0.1,0.45,3456,independent,5
25.96257,0.95,1,1,1,44.252404800959326,457.90443420410156,140.29196695277565,0.22513310015201568,0.7243427,1321.6488,10,87,8.778983333332016,30.962574,5.000004,22.284583333333313,Vienna,peak_congestion,0.1,0.45,3456,independent,6
23.311447,0.95,1,0,0,43.11488291934917,449.60978507995605,138.88523424926558,0.21228837370872497,0.65730876,1338.016,10,87,8.778983333332016,28.311447,5.0,22.284583333333313,Vienna,peak_congestion,0.1,0.45,3456,independent,7
14.938351,1.0,0,0,0,43.713977828621864,433.2772922515869,165.9022677540779,0.23149969577789306,1.001745,1284.7977,10,87,8.778983333332016,14.938353,1.9073486e-06,22.284583333333313,Vienna,peak_congestion,0.1,0.45,3456,independent,8
17.585629,0.85,3,0,0,31.872767422567396,416.9376468658447,132.64384809662315,0.1928381323814392,1.2742935,1357.7505,10,87,8.778983333332016,32.58563,15.0,22.284583333333313,Vienna,peak_congestion,0.1,0.45,3456,independent,9
18.611135,1.0,0,0,0,53.250231474637985,457.15928077697754,198.18115308880806,0.24687460958957672,1.0078217,1279.1599,10,87,8.778983333332016,18.611137,1.9073486e-06,22.284583333333313,Vienna,peak_congestion,0.1,0.45,3456,independent,10
20.013805,0.95,1,0,0,33.54103956861716,406.78293228149414,140.31857136048768,0.22081880271434784,1.1601659,1304.0278,10,87,8.778983333332016,25.013805,5.0,22.284583333333313,Vienna,peak_congestion,0.1,0.45,3456,independent,11
20.132477,1.0,0,0,0,43.50563637167215,453.750057220459,196.19402459263802,0.24027503430843353,1.1986624,1288.4219,10,87,8.778983333332016,20.132475,-1.9073486e-06,22.284583333333313,Vienna,peak_congestion,0.1,0.45,3456,independent,12
17.930798,0.9,2,0,0,51.61263226221005,451.1623477935791,163.29882274071375,0.1960912436246872,1.1723121,1370.6669,10,87,8.778983333332016,27.930798,10.0,22.284583333333313,Vienna,peak_congestion,0.1,0.45,3456,independent,13
17.356045,0.9,2,2,2,43.322593942284584,475.07909774780273,199.43393856287003,0.24303934276103972,1.00002,1320.0759,10,87,8.778983333332016,27.356045,10.0,22.284583333333313,Vienna,peak_congestion,0.1,0.45,3456,independent,14
23.519308,0.85,3,2,2,65.8233574427226,458.63245010375977,199.58316227969001,0.20492083728313445,1.3725938,1361.1843,10,87,8.778983333332016,38.51931,15.000002,22.284583333333313,Vienna,peak_congestion,0.1,0.45,3456,independent,15
19.174076,0.95,1,0,0,56.6809177506519,372.46521949768066,165.1468032284787,0.23443640768527985,1.1411088,1277.882,10,87,8.778983333332016,24.17408,5.000004,22.284583333333313,Vienna,peak_congestion,0.1,0.45,3456,independent,16
24.509356,0.9,2,0,0,44.61947528024515,418.20244789123535,149.34176842371622,0.21295742690563202,1.1269231,1319.1216,10,87,8.778983333332016,34.50936,10.000006,22.284583333333313,Vienna,peak_congestion,0.1,0.45,3456,independent,17
15.685629,0.95,1,1,1,37.77569244542208,461.9341564178467,152.35028404938546,0.2514775335788727,1.0685314,1275.0972,10,87,8.778983333332016,20.68563,5.000002,22.284583333333313,Vienna,peak_congestion,0.1,0.45,3456,independent,18
22.021452,1.0,0,0,0,47.604390643537045,432.51551628112793,191.34204751253128,0.2468964695930481,1.0499247,1254.4741,10,87,8.778983333332016,22.021452,0.0,22.284583333333313,Vienna,peak_congestion,0.1,0.45,3456,independent,19
23.956446,1.0,0,0,0,48.06080876290798,463.7332820892334,161.54981982707977,0.23367922902107238,1.0003389,1311.0691,10,87,8.778983333332016,23.956448,1.9073486e-06,22.284583333333313,Vienna,peak_congestion,0.1,0.45,3456,independent,20
15.241155,1.0,0,0,0,46.5146568082273,448.92388343811035,193.51245456933975,0.26197252571582796,1.099239,1241.9364,10,87,8.778983333332016,15.241158,2.861023e-06,22.284583333333313,Vienna,peak_congestion,0.1,0.45,3456,independent,21
21.954197,0.9,2,0,0,42.887076040109,414.9859142303467,157.80871917804083,0.20663762092590332,1.1387608,1331.2556,10,87,8.778983333332016,31.954197,10.0,22.284583333333313,Vienna,peak_congestion,0.1,0.45,3456,independent,22
19.5059,0.85,3,0,0,45.174224612248295,401.4715576171875,146.54585785725538,0.1789255291223526,1.2803652,1384.4629,10,87,8.778983333332016,34.505898,14.999998,22.284583333333313,Vienna,peak_congestion,0.1,0.45,3456,independent,23
27.259254,1.0,0,0,0,48.4185475576669,452.4650573730469,167.9320884346962,0.25171748697757723,0.79064924,1265.1675,10,87,8.778983333332016,27.25926,5.722046e-06,22.284583333333313,Vienna,peak_congestion,0.1,0.45,3456,independent,24
24.944689,1.0,0,0,0,46.54032541997731,403.10322761535645,143.10855317115784,0.2466094046831131,0.5812004,1254.5096,10,87,8.778983333332016,24.944685,-3.8146973e-06,22.284583333333313,Vienna,peak_congestion,0.1,0.45,3456,independent,25
17.848913,0.85,3,0,0,36.76146409529097,447.32205390930176,145.3929819429622,0.1844610810279846,1.0008017,1389.1564,10,87,8.778983333332016,32.848915,15.000002,22.284583333333313,Vienna,peak_congestion,0.1,0.45,3456,independent,26
18.172842,0.95,1,0,0,39.85821141224159,462.2930717468262,175.709274756281,0.24816761314868926,1.2651083,1281.8112,10,87,8.778983333332016,23.172844,5.000002,22.284583333333313,Vienna,peak_congestion,0.1,0.45,3456,independent,27
26.465626,1.0,0,0,0,43.724627416580915,446.11252784729004,166.19209894537926,0.23670264482498168,1.0438263,1287.6433,10,87,8.778983333332016,26.465633,7.6293945e-06,22.284583333333313,Vienna,peak_congestion,0.1,0.45,3456,independent,28
30.729,0.95,1,0,0,52.513260253165896,405.84282875061035,162.26224347164757,0.23974590003490448,1.1271033,1267.6877,10,87,8.778983333332016,35.728996,4.999996,22.284583333333313,Vienna,peak_congestion,0.1,0.45,3456,independent,29
25.526922,0.95,1,0,0,58.683290807040116,440.2122974395752,180.24407716173874,0.2114645481109619,1.0015949,1330.2001,10,92,9.02257000000001,30.526924,5.000002,22.741840000000007,London,normal,0.0,0.0,3456,independent,0
27.426702,0.95,1,0,0,48.88964823594219,450.21989822387695,195.92272771032233,0.20009832382202147,1.2035902,1376.537,10,92,9.02257000000001,32.4267,4.999998,22.741840000000007,London,normal,0.0,0.0,3456,independent,1
17.601366,0.95,1,0,0,44.56681499747854,410.94414710998535,156.1747709700936,0.22806844115257263,1.0409839,1290.1084,10,92,9.02257000000001,22.601366,5.0,22.741840000000007,London,normal,0.0,0.0,3456,independent,2
26.565735,0.95,1,0,0,44.46132694027926,400.2136516571045,182.20225274562836,0.19576385617256165,1.1305044,1352.1333,10,92,9.02257000000001,31.565737,5.000002,22.741840000000007,London,normal,0.0,0.0,3456,independent,3
28.933033,0.9,2,0,0,55.879652090370655,406.43199920654297,165.25648633639017,0.20202934741973877,1.0213176,1340.1035,10,92,9.02257000000001,38.933037,10.000004,22.741840000000007,London,normal,0.0,0.0,3456,independent,4
18.645433,0.95,1,0,0,50.98867659113909,478.1674861907959,184.375804537221,0.22701154053211212,1.095111,1338.3052,10,92,9.02257000000001,23.645432,4.999998,22.741840000000007,London,normal,0.0,0.0,3456,independent,5
28.64696,1.0,0,0,0,47.03055215254426,437.7604007720947,172.59169578552246,0.22834555208683013,1.2757671,1295.3368,10,92,9.02257000000001,28.646955,-3.8146973e-06,22.741840000000007,London,normal,0.0,0.0,3456,independent,6
20.001995,0.95,1,0,0,52.831420839617124,451.73535346984863,168.31805546032754,0.22591097056865692,1.0145332,1313.9861,10,92,9.02257000000001,25.001997,5.000002,22.741840000000007,London,normal,0.0,0.0,3456,independent,7
27.119923,0.95,1,0,0,44.957774771671545,464.55299377441406,179.69316667632052,0.2188381940126419,1.1188128,1340.3834,10,92,9.02257000000001,32.119923,5.0,22.741840000000007,London,normal,0.0,0.0,3456,independent,8
24.257328,1.0,0,0,0,44.3013323340565,455.789737701416,155.55699589848518,0.25425136983394625,0.7110638,1263.627,10,92,9.02257000000001,24.25732,-7.6293945e-06,22.741840000000007,London,normal,0.0,0.0,3456,independent,9
20.495636,0.95,1,0,0,54.513179702978384,467.59363174438477,173.30094732736288,0.2455180823802948,1.0035608,1292.1987,10,92,9.02257000000001,25.495636,5.0,22.741840000000007,London,normal,0.0,0.0,3456,independent,10
16.572842,0.85,3,0,0,38.89170554411762,453.902063369751,139.830082181622,0.19507990181446075,1.0245785,1375.3484,10,92,9.02257000000001,31.572842,15.0,22.741840000000007,London,normal,0.0,0.0,3456,independent,11
21.333809,1.0,0,0,0,51.41988044651225,456.5814685821533,178.32491639256477,0.24890209138393402,1.265661,1274.6893,10,92,9.02257000000001,21.333813,3.8146973e-06,22.741840000000007,London,normal,0.0,0.0,3456,independent,12
27.469751,1.0,0,0,0,48.688653694465756,448.0954170227051,162.5202678143978,0.2510802835226059,1.0005219,1262.0212,10,92,9.02257000000001,27.469746,-5.722046e-06,22.741840000000007,London,normal,0.0,0.0,3456,independent,13
24.527487,1.0,0,0,0,48.0213032271713,336.64647102355957,143.28377187252045,0.23604486882686615,0.72157025,1274.7937,10,92,9.02257000000001,24.527485,-1.9073486e-06,22.741840000000007,London,normal,0.0,0.0,3456,independent,14
16.048855,0.95,1,0,0,61.495033847658256,462.3735237121582,161.70215136126467,0.25861752927303316,1.000065,1261.8278,10,92,9.02257000000001,21.048862,5.0000076,22.741840000000007,London,normal,0.0,0.0,3456,independent,15
18.192137,0.95,1,1,1,45.9897449377336,477.1512508392334,200.93853658751436,0.2277139663696289,1.1850139,1335.9402,10,92,9.02257000000001,23.192135,4.999998,22.741840000000007,London,normal,0.0,0.0,3456,independent,16
15.711113,0.95,1,0,0,43.538705730124526,456.42127990722656,156.10826780921533,0.20134887993335723,1.0008125,1365.8313,10,92,9.02257000000001,20.711117,5.000004,22.741840000000007,London,normal,0.0,0.0,3456,independent,17
20.474697,1.0,0,0,0,50.64455468393862,411.07821464538574,157.61859968304634,0.2399401217699051,1.0311946,1267.3148,10,92,9.02257000000001,20.4747,3.8146973e-06,22.741840000000007,London,normal,0.0,0.0,3456,independent,18
22.737368,0.9,2,0,0,53.064105485876404,363.676815032959,124.0223600467046,0.22332347929477692,1.0030843,1299.2188,10,92,9.02257000000001,32.737362,9.999994,22.741840000000007,London,normal,0.0,0.0,3456,independent,19
20.07347,1.0,0,0,0,37.64417907781899,475.7029724121094,185.43946543335915,0.253769525885582,0.79938024,1284.4655,10,92,9.02257000000001,20.073471,1.9073486e-06,22.741840000000007,London,normal,0.0,0.0,3456,independent,20
25.66325,0.95,1,0,0,36.734068240774306,456.2362003326416,195.0954387376183,0.22383053004741668,1.1328021,1322.4814,10,92,9.02257000000001,30.663252,5.000002,22.741840000000007,London,normal,0.0,0.0,3456,independent,21
25.519102,0.9,2,1,1,51.316225404540695,462.1182632446289,151.83530429999033,0.23348196744918823,1.0677744,1309.8329,10,92,9.02257000000001,35.51911,10.00001,22.741840000000007,London,normal,0.0,0.0,3456,independent,22
24.139675,0.9,2,0,0,72.3746476477633,403.51847648620605,185.41832908988,0.24848346412181854,1.034229,1250.9116,10,92,9.02257000000001,34.13967,9.999996,22.741840000000007,London,normal,0.0,0.0,3456,independent,23
15.709967,0.85,3,1,1,45.500021296388965,464.34322357177734,174.47476965539596,0.20764050781726837,1.005222,1361.6733,10,92,9.02257000000001,30.709969,15.000002,22.741840000000007,London,normal,0.0,0.0,3456,independent,24
21.647575,0.95,1,0,0,45.43529199534341,478.4450054168701,177.0826856713546,0.24149690866470336,0.7324383,1327.1031,10,92,9.02257000000001,26.647575,5.0,22.741840000000007,London,normal,0.0,0.0,3456,independent,25
23.851093,1.0,0,0,0,62.41619177162647,455.34685134887695,180.26883906126022,0.2504380583763123,1.0258019,1270.5056,10,92,9.02257000000001,23.851093,0.0,22.741840000000007,London,normal,0.0,0.0,3456,independent,26
21.189255,1.0,0,0,0,44.50791384279728,449.7396469116211,180.79653391242027,0.2527931421995163,1.002974,1260.3766,10,92,9.02257000000001,21.189257,1.9073486e-06,22.741840000000007,London,normal,0.0,0.0,3456,independent,27
23.751274,0.9,2,0,0,45.26256335278352,453.8382625579834,139.1478275259336,0.207474285364151,0.75510556,1351.4874,10,92,9.02257000000001,33.751274,10.0,22.741840000000007,London,normal,0.0,0.0,3456,independent,28
22.37025,0.95,1,1,1,44.295244481610624,474.5812225341797,168.1202461217579,0.2223867267370224,1.004108,1343.5984,10,92,9.02257000000001,27.370256,5.0000057,22.741840000000007,London,normal,0.0,0.0,3456,independent,29
28.479366,0.95,1,0,0,60.29426936256258,447.9516792297363,181.85505622311643,0.22236932218074798,1.0021607,1317.0024,10,92,8.913966666666795,33.47936,4.9999924,23.209146666666665,London,peak_congestion,0.1,0.45,3456,independent,0
25.861221,0.95,1,0,0,49.53245000227501,450.150146484375,196.56552860611365,0.20396565198898314,1.1790837,1369.8533,10,92,8.913966666666795,30.861221,5.0,23.209146666666665,London,peak_congestion,0.1,0.45,3456,independent,1
17.556152,0.95,1,0,0,45.618103303407366,411.28435134887695,157.22605968776503,0.23733602464199066,1.0413392,1272.3147,10,92,8.913966666666795,22.556149,4.999996,23.209146666666665,London,peak_congestion,0.1,0.45,3456,independent,2
26.539558,0.95,1,0,0,45.287750912340066,401.5359306335449,183.02867672945322,0.20258085429668427,1.1304862,1339.0446,10,92,8.913966666666795,31.53956,5.000002,23.209146666666665,London,peak_congestion,0.1,0.45,3456,independent,3
28.898556,0.9,2,0,0,57.891069973508515,411.46267890930176,167.2679042816162,0.20965664088726044,1.0211987,1325.459,10,92,8.913966666666795,38.89856,10.000004,23.209146666666665,London,peak_congestion,0.1,0.45,3456,independent,4
18.644524,0.95,1,0,0,52.28694291491257,478.7190914154053,185.67407059042077,0.2342495709657669,1.0178405,1324.9596,10,92,8.913966666666795,23.644524,5.0,23.209146666666665,London,peak_congestion,0.1,0.45,3456,independent,5
19.800228,1.0,0,0,0,48.20129952952266,440.60794830322266,173.7624426484108,0.23772005140781402,1.1243632,1280.1853,10,92,8.913966666666795,19.800226,-1.9073486e-06,23.209146666666665,London,peak_congestion,0.1,0.45,3456,independent,6
20.056229,0.95,1,0,0,53.436991862560575,452.0009708404541,168.92362682442916,0.23342958986759185,1.013819,1299.8159,10,92,8.913966666666795,25.05623,5.000002,23.209146666666665,London,peak_congestion,0.1,0.45,3456,independent,7
26.657036,0.95,1,0,0,45.462757233334216,466.1363410949707,180.19814899093225,0.2236435204744339,1.1088525,1332.7406,10,92,8.913966666666795,31.657032,4.999996,23.209146666666665,London,peak_congestion,0.1,0.45,3456,independent,8
24.244232,1.0,0,0,0,44.846573838964105,456.89208984375,156.10223597288132,0.26054545640945437,0.71069646,1252.6448,10,92,8.913966666666795,24.244225,-7.6293945e-06,23.209146666666665,London,peak_congestion,0.1,0.45,3456,independent,9
20.461143,0.95,1,0,0,55.772294751123376,469.48184967041016,174.56006122262855,0.25337866842746737,1.0034854,1278.9946,10,92,8.913966666666795,25.461142,4.999998,23.209146666666665,London,peak_congestion,0.1,0.45,3456,independent,10
16.561687,0.85,3,0,0,39.17672422659748,454.0539836883545,140.1151006011402,0.2005838096141815,1.024404,1364.9329,10,92,8.913966666666795,31.561687,15.0,23.209146666666665,London,peak_congestion,0.1,0.45,3456,independent,11
21.326317,1.0,0,0,0,52.97546526649967,457.25403785705566,179.8805006146431,0.2585152924060822,1.2657111,1256.9045,10,92,8.913966666666795,21.326317,0.0,23.209146666666665,London,peak_congestion,0.1,0.45,3456,independent,12
27.044579,1.0,0,0,0,49.69403334707022,448.33645820617676,163.52564638853073,0.2575803637504578,1.0014727,1249.782,10,92,8.913966666666795,27.044575,-3.8146973e-06,23.209146666666665,London,peak_congestion,0.1,0.45,3456,independent,13
24.418533,1.0,0,0,0,48.795269748196006,338.2627487182617,144.0577393770218,0.24355031549930573,0.7214804,1260.3833,10,92,8.913966666666795,24.418528,-5.722046e-06,23.209146666666665,London,peak_congestion,0.1,0.45,3456,independent,14
16.050852,0.95,1,0,0,62.25607713978542,463.956356048584,162.46319428870552,0.26771306395530703,1.0000521,1245.9473,10,92,8.913966666666795,21.050861,5.0000095,23.209146666666665,London,peak_congestion,0.1,0.45,3456,independent,15
16.149117,0.95,1,1,1,46.995521079944936,478.4780216217041,201.94431348850853,0.23370456099510192,1.1352229,1325.7651,10,92,8.913966666666795,21.149113,4.999996,23.209146666666665,London,peak_congestion,0.1,0.45,3456,independent,16
16.368454,0.95,1,0,0,44.51697067210549,457.69237518310547,157.08653286883705,0.21064115464687347,1.0001637,1349.2611,10,92,8.913966666666795,21.368458,5.000004,23.209146666666665,London,peak_congestion,0.1,0.45,3456,independent,17
20.327106,1.0,0,0,0,51.4981100410223,412.05845832824707,158.4721558392048,0.24810878932476044,1.0295967,1251.6311,10,92,8.913966666666795,20.327108,1.9073486e-06,23.209146666666665,London,peak_congestion,0.1,0.45,3456,independent,18
25.981293,0.9,2,0,0,54.24163709084193,364.2041873931885,125.19989212354024,0.2307031750679016,0.77294135,1285.0498,10,92,8.913966666666795,35.98129,9.999996,23.209146666666665,London,peak_congestion,0.1,0.45,3456,independent,19
20.073711,1.0,0,0,0,38.37449160218239,476.98551177978516,186.1697778403759,0.263885834813118,0.7994222,1266.3245,10,92,8.913966666666795,20.073715,3.8146973e-06,23.209146666666665,London,peak_congestion,0.1,0.45,3456,independent,20
26.936092,0.95,1,0,0,37.76731950868117,457.6028251647949,196.12868898793272,0.22921044528484344,1.152847,1313.5187,10,92,8.913966666666795,31.936098,5.0000057,23.209146666666665,London,peak_congestion,0.1,0.45,3456,independent,21
24.454002,0.9,2,1,1,51.884107341368995,462.390775680542,152.40318646033606,0.24199148416519164,1.0533103,1293.7671,10,92,8.913966666666795,34.454006,10.000004,23.209146666666665,London,peak_congestion,0.1,0.45,3456,independent,22
24.13908,0.9,2,0,0,73.91224442670743,405.0380229949951,186.95592602094015,0.25779885053634644,1.0351739,1233.0261,10,92,8.913966666666795,34.13908,10.0,23.209146666666665,London,peak_congestion,0.1,0.45,3456,independent,23
15.839506,0.85,3,1,1,45.776562449686665,465.7164001464844,174.75131140035742,0.2133673220872879,1.0063708,1352.0511,10,92,8.913966666666795,30.839512,15.000006,23.209146666666665,London,peak_congestion,0.1,0.45,3456,independent,24
21.641365,0.95,1,0,0,45.826749601646476,479.08098220825195,177.4741438188051,0.24649697840213775,0.73235464,1318.1426,10,92,8.913966666666795,26.641365,5.0,23.209146666666665,London,peak_congestion,0.1,0.45,3456,independent,25
23.825733,1.0,0,0,0,64.17405126616359,455.5597114562988,182.02669948339462,0.26258995532989504,1.0255214,1247.3868,10,92,8.913966666666795,23.825733,0.0,23.209146666666665,London,peak_congestion,0.1,0.45,3456,independent,26
21.478107,1.0,0,0,0,45.33177587762475,451.1763668060303,181.62039649486542,0.2646236509084702,1.0014089,1239.0989,10,92,8.913966666666795,21.47811,1.9073486e-06,23.209146666666665,London,peak_congestion,0.1,0.45,3456,independent,27
25.840149,0.9,2,0,0,45.966139417141676,454.01092529296875,139.8514031370481,0.21511910259723663,0.81631035,1336.982,10,92,8.913966666666795,35.84015,10.0,23.209146666666665,London,peak_congestion,0.1,0.45,3456,independent,28
22.333422,0.95,1,1,1,44.87678303530342,474.7471618652344,168.7017837637349,0.22906220853328704,1.00422,1330.9475,10,92,8.913966666666795,27.333427,5.0000057,23.209146666666665,London,peak_congestion,0.1,0.45,3456,independent,29
19.47327,1.0,0,0,0,40.075484320521355,457.3948287963867,142.98496055603027,0.2323071300983429,0.67888033,1307.365,10,93,9.058016666668086,19.47327,0.0,22.86490999999984,New_York,normal,0.0,0.0,3456,independent,0
16.543985,0.9,2,1,1,41.34913537030419,463.0766773223877,182.39501466353735,0.23697780966758727,1.0017576,1304.0791,10,93,9.058016666668086,26.54399,10.000004,22.86490999999984,New_York,normal,0.0,0.0,3456,independent,1
26.159626,0.95,1,0,0,57.833752104718435,411.9763469696045,136.17200035797921,0.22192524373531342,1.0131086,1301.9033,10,93,9.058016666668086,31.159624,4.999998,22.86490999999984,New_York,normal,0.0,0.0,3456,independent,2
23.162804,1.0,0,0,0,47.11804299429059,472.88646697998047,179.63587805628777,0.23322550356388091,1.0190129,1321.0934,10,93,9.058016666668086,23.162804,0.0,22.86490999999984,New_York,normal,0.0,0.0,3456,independent,3
19.30621,1.0,0,0,0,47.17913334723562,429.1779613494873,206.12697449326515,0.23492431640625,1.2117399,1276.9452,10,93,9.058016666668086,19.306213,3.8146973e-06,22.86490999999984,New_York,normal,0.0,0.0,3456,independent,4
16.766502,0.95,1,0,0,44.25900007647119,415.0294017791748,152.96405073843505,0.22337181866168976,1.1816422,1299.126,10,93,9.058016666668086,21.766499,4.999996,22.86490999999984,New_York,normal,0.0,0.0,3456,independent,5
19.034626,0.95,1,0,0,42.98731511752857,443.2840061187744,161.12671014509704,0.20288957059383392,1.0000328,1349.7357,10,93,9.058016666668086,24.034628,5.000002,22.86490999999984,New_York,normal,0.0,0.0,3456,independent,6
18.028187,1.0,0,0,0,57.79777343804017,373.3252429962158,161.2433439195156,0.2569800317287445,1.0116793,1234.5983,10,93,9.058016666668086,18.028189,1.9073486e-06,22.86490999999984,New_York,normal,0.0,0.0,3456,independent,7
16.797327,0.9,2,0,0,45.327378983298935,473.6759948730469,193.8002590338389,0.2126208573579788,0.8453705,1376.7482,10,93,9.058016666668086,26.797327,10.0,22.86490999999984,New_York,normal,0.0,0.0,3456,independent,8
22.988132,0.95,1,0,0,45.93709726866923,414.76552963256836,152.10105732867592,0.21105733513832092,1.0098377,1322.7698,10,93,9.058016666668086,27.988132,5.0,22.86490999999984,New_York,normal,0.0,0.0,3456,independent,9
17.643398,0.95,1,0,0,46.705264990267004,447.383451461792,178.68336486188988,0.22637032866477966,1.0002452,1308.7523,10,93,9.058016666668086,22.643402,5.000004,22.86490999999984,New_York,normal,0.0,0.0,3456,independent,10
22.196285,1.0,0,0,0,43.69233143515885,469.8636817932129,194.03391574323177,0.22043297588825225,1.0943776,1342.6323,10,93,9.058016666668086,22.196281,-3.8146973e-06,22.86490999999984,New_York,normal,0.0,0.0,3456,independent,11
16.106297,0.95,1,0,0,56.72743065184668,406.54234886169434,160.77037895980635,0.246965229511261,0.68458444,1253.8267,10,93,9.058016666668086,21.106297,5.0,22.86490999999984,New_York,normal,0.0,0.0,3456,independent,12
15.288008,0.9,2,1,1,40.47742698341608,453.6979579925537,159.81138010819754,0.21159068644046783,1.0104076,1343.4437,10,93,9.058016666668086,25.28801,10.000002,22.86490999999984,New_York,normal,0.0,0.0,3456,independent,13
18.473495,1.0,0,0,0,36.41785738617182,466.2809658050537,181.03439220786095,0.22958146929740905,1.1404417,1321.4843,10,93,9.058016666668086,18.473495,0.0,22.86490999999984,New_York,normal,0.0,0.0,3456,independent,14
19.660845,0.85,3,0,0,43.944454429780734,462.7401638031006,160.91470125843497,0.18094272315502166,0.8371234,1411.3298,10,93,9.058016666668086,34.660843,14.999998,22.86490999999984,New_York,normal,0.0,0.0,3456,independent,15
21.668274,0.9,2,0,0,53.683451134711504,366.5577507019043,123.83701751629512,0.21287670731544495,1.067174,1319.2765,10,93,9.058016666668086,31.668278,10.000004,22.86490999999984,New_York,normal,0.0,0.0,3456,independent,16
21.26939,1.0,0,0,0,42.204928547143936,466.6932964324951,194.0590467453003,0.24922125339508056,1.0037911,1284.24,10,93,9.058016666668086,21.26939,0.0,22.86490999999984,New_York,normal,0.0,0.0,3456,independent,17
13.562242,0.9,2,0,0,44.474929509063564,452.9556941986084,158.48549634218216,0.21127592921257018,1.1384389,1343.3058,10,93,9.058016666668086,23.56224,9.999999,22.86490999999984,New_York,normal,0.0,0.0,3456,independent,18
22.128075,1.0,0,0,0,56.22945850342512,459.8184299468994,207.5685597360134,0.2513675272464752,1.0000001,1287.0862,10,93,9.058016666668086,22.128075,0.0,22.86490999999984,New_York,normal,0.0,0.0,3456,independent,19
19.419506,0.9,2,1,1,45.96145813663801,459.2282009124756,193.81225993235907,0.2347443640232086,0.9634599,1304.5189,10,93,9.058016666668086,29.419508,10.000002,22.86490999999984,New_York,normal,0.0,0.0,3456,independent,20
22.742542,1.0,0,0,0,58.38084554113448,387.26792335510254,162.85112902522087,0.26270821690559387,1.0010437,1223.6001,10,93,9.058016666668086,22.742544,1.9073486e-06,22.86490999999984,New_York,normal,0.0,0.0,3456,independent,21
18.036137,0.9,2,0,0,60.43863925461968,456.75756454467773,189.35706744591394,0.22182902097702026,1.0126356,1326.8456,10,93,9.058016666668086,28.036139,10.000002,22.86490999999984,New_York,normal,0.0,0.0,3456,independent,22
17.6376,0.95,1,1,1,42.33915253297279,461.3004398345947,166.05322640193137,0.2382289856672287,0.8544885,1299.9005,10,93,9.058016666668086,22.6376,5.0,22.86490999999984,New_York,normal,0.0,0.0,3456,independent,23
20.417274,1.0,0,0,0,50.5762635525316,462.2537899017334,151.98700806498528,0.24929853677749633,0.75039023,1279.6006,10,93,9.058016666668086,20.417274,0.0,22.86490999999984,New_York,normal,0.0,0.0,3456,independent,24
15.680384,0.95,1,1,1,48.260240921456564,476.23266220092773,211.5182566015344,0.22748174667358398,1.0910047,1335.4677,10,93,9.058016666668086,20.680382,4.999998,22.86490999999984,New_York,normal,0.0,0.0,3456,independent,25
17.867529,0.9,2,1,1,44.02631833528479,456.7244338989258,158.77491464217505,0.21521032750606536,1.031541,1339.5204,10,93,9.058016666668086,27.867527,9.999998,22.86490999999984,New_York,normal,0.0,0.0,3456,independent,26
17.997791,0.8,4,0,0,50.39525746833533,361.73672676086426,151.47486872971058,0.1570349782705307,1.4329716,1426.4926,10,93,9.058016666668086,37.99779,20.0,22.86490999999984,New_York,normal,0.0,0.0,3456,independent,27
15.427116,0.95,1,0,0,42.048558720240464,459.2318058013916,206.78173306741212,0.22777124047279357,1.0087492,1329.8934,10,93,9.058016666668086,20.42711,4.9999943,22.86490999999984,New_York,normal,0.0,0.0,3456,independent,28
18.336126,1.0,0,0,0,40.66816378198564,444.29134368896484,152.95906135439873,0.21357507407665252,1.019924,1330.227,10,93,9.058016666668086,18.336124,-1.9073486e-06,22.86490999999984,New_York,normal,0.0,0.0,3456,independent,29
19.469852,1.0,0,0,0,40.46191617753357,457.8207206726074,143.3713919520378,0.23814115822315216,0.6789494,1296.5895,10,93,9.4889499999996,19.469852,0.0,24.027319999999957,New_York,peak_congestion,0.1,0.45,3456,independent,0
16.541115,0.9,2,1,1,41.904508428027235,463.04283142089844,182.95038849115372,0.24223657846450805,1.0017438,1293.9485,10,93,9.4889499999996,26.541119,10.000004,24.027319999999957,New_York,peak_congestion,0.1,0.45,3456,independent,1
26.121582,0.95,1,0,0,58.57730440599354,412.4622344970703,136.91555321216583,0.22769995033740997,1.0134794,1290.8158,10,93,9.4889499999996,31.121582,5.0,24.027319999999957,New_York,peak_congestion,0.1,0.45,3456,independent,2
26.104881,1.0,0,0,0,47.64712397195399,474.1286373138428,180.1649593412876,0.2391129970550537,1.01635,1311.0315,10,93,9.4889499999996,26.104877,-3.8146973e-06,24.027319999999957,New_York,peak_congestion,0.1,0.45,3456,independent,3
19.290394,1.0,0,0,0,48.036201898008585,432.8714847564697,206.98404344916344,0.2377825915813446,1.211453,1272.3289,10,93,9.4889499999996,19.290398,3.8146973e-06,24.027319999999957,New_York,peak_congestion,0.1,0.45,3456,independent,4
16.758013,0.95,1,0,0,44.97334364801645,415.45214653015137,153.67839551285692,0.2283627837896347,1.1815354,1289.5432,10,93,9.4889499999996,21.758009,4.999996,24.027319999999957,New_York,peak_congestion,0.1,0.45,3456,independent,5
15.073666,0.95,1,0,0,43.55434651437559,443.5558891296387,161.69374216544,0.21115825474262237,1.069907,1334.1318,10,93,9.4889499999996,20.073668,5.000002,24.027319999999957,New_York,peak_congestion,0.1,0.45,3456,independent,6
18.006344,1.0,0,0,0,58.81693477369845,377.6922798156738,162.26250448822975,0.264322966337204,1.0116609,1220.4998,10,93,9.4889499999996,18.006346,1.9073486e-06,24.027319999999957,New_York,peak_congestion,0.1,0.45,3456,independent,7
20.6189,0.9,2,0,0,46.15939495464166,464.8004722595215,194.63227331638336,0.2178221672773361,0.86801183,1368.9915,10,93,9.4889499999996,30.618902,10.000002,24.027319999999957,New_York,peak_congestion,0.1,0.45,3456,independent,8
22.974773,0.95,1,0,0,46.69576105318571,415.54747581481934,152.85972099555167,0.2167106717824936,1.009929,1311.9153,10,93,9.4889499999996,27.974773,5.0,24.027319999999957,New_York,peak_congestion,0.1,0.45,3456,independent,9
18.552843,0.95,1,0,0,48.38289107539152,447.9667568206787,180.3609920175452,0.23459243178367614,1.0042123,1293.5492,10,93,9.4889499999996,23.552845,5.000002,24.027319999999957,New_York,peak_congestion,0.1,0.45,3456,independent,10
22.26204,1.0,0,0,0,44.00222294591367,471.88058853149414,194.34380699694157,0.22541875541210174,1.0916976,1335.0763,10,93,9.4889499999996,22.26204,0.0,24.027319999999957,New_York,peak_congestion,0.1,0.45,3456,independent,11
16.09983,0.95,1,0,0,57.31510190587295,410.0442123413086,161.35804991973075,0.2530651092529297,0.6847026,1242.1147,10,93,9.4889499999996,21.09983,5.0,24.027319999999957,New_York,peak_congestion,0.1,0.45,3456,independent,12
15.280325,0.9,2,1,1,40.91850512971481,453.92603874206543,160.2524584531784,0.21795763969421386,1.0103672,1331.447,10,93,9.4889499999996,25.280327,10.000002,24.027319999999957,New_York,peak_congestion,0.1,0.45,3456,independent,13
18.46195,1.0,0,0,0,36.89228241238743,466.8230724334717,181.50881753861904,0.2356921374797821,1.1401467,1310.2941,10,93,9.4889499999996,18.46195,0.0,24.027319999999957,New_York,peak_congestion,0.1,0.45,3456,independent,14
19.651306,0.85,3,0,0,44.47835561545456,464.6534729003906,161.4486025887377,0.1842629849910736,0.8367931,1406.8682,10,93,9.4889499999996,34.651302,14.999996,24.027319999999957,New_York,peak_congestion,0.1,0.45,3456,independent,15
21.638424,0.9,2,0,0,54.66812417532007,367.6490306854248,124.82169131437938,0.2186107188463211,1.066866,1308.2672,10,93,9.4889499999996,31.638428,10.000004,24.027319999999957,New_York,peak_congestion,0.1,0.45,3456,independent,16
21.258553,1.0,0,0,0,43.623544078320265,468.8200092315674,195.47766244411469,0.25665225386619567,1.003811,1275.495,10,93,9.4889499999996,21.258553,0.0,24.027319999999957,New_York,peak_congestion,0.1,0.45,3456,independent,17
13.576139,0.9,2,0,0,44.885156247764826,453.1632328033447,158.8957241177559,0.21638124585151672,1.1387537,1333.711,10,93,9.4889499999996,23.57614,10.0,24.027319999999957,New_York,peak_congestion,0.1,0.45,3456,independent,18
21.521168,1.0,0,0,0,57.42025526985526,459.9715232849121,208.7593570947647,0.258768367767334,1.0114199,1276.575,10,93,9.4889499999996,21.521168,0.0,24.027319999999957,New_York,peak_congestion,0.1,0.45,3456,independent,19
19.408772,0.9,2,1,1,46.12783424556255,459.6189880371094,193.97863621513048,0.2391299396753311,0.96338654,1296.4893,10,93,9.4889499999996,29.408773,10.000002,24.027319999999957,New_York,peak_congestion,0.1,0.45,3456,independent,20
22.728798,1.0,0,0,0,59.19944613240659,388.5630512237549,163.6697291135788,0.26855581998825073,1.0010779,1212.3728,10,93,9.4889499999996,22.7288,1.9073486e-06,24.027319999999957,New_York,peak_congestion,0.1,0.45,3456,independent,21
18.004707,0.9,2,0,0,61.56526666755477,457.9186820983887,190.4836960633596,0.22653963565826415,1.0127531,1318.9624,10,93,9.4889499999996,28.004707,10.0,24.027319999999957,New_York,peak_congestion,0.1,0.45,3456,independent,22
17.583572,0.95,1,1,1,43.25331973206056,461.4214324951172,166.9673939127671,0.2450092226266861,0.85234183,1287.0035,10,93,9.4889499999996,22.58357,4.999998,24.027319999999957,New_York,peak_congestion,0.1,0.45,3456,independent,23
21.658237,1.0,0,0,0,51.29352863878012,463.2194137573242,152.70427429676056,0.25731527209281924,0.79198563,1265.1738,10,93,9.4889499999996,21.658236,-1.9073486e-06,24.027319999999957,New_York,peak_congestion,0.1,0.45,3456,independent,24
15.653542,0.95,1,1,1,48.84075023626026,478.12886238098145,212.09876596927643,0.2316206783056259,1.0945933,1329.4169,10,93,9.4889499999996,20.653542,5.0,24.027319999999957,New_York,peak_congestion,0.1,0.45,3456,independent,25
17.750462,0.9,2,1,1,44.5706738717854,458.9585208892822,159.31926995515823,0.22040897011756896,1.0296886,1331.7731,10,93,9.4889499999996,27.75046,9.999998,24.027319999999957,New_York,peak_congestion,0.1,0.45,3456,independent,26
17.984318,0.8,4,0,0,51.1559821665287,365.01139640808105,152.23559271544218,0.16206523776054382,1.4327637,1416.8345,10,93,9.4889499999996,37.984318,20.0,24.027319999999957,New_York,peak_congestion,0.1,0.45,3456,independent,27
15.418449,0.95,1,0,0,42.83391566064797,461.9925785064697,207.56709073719225,0.2340701252222061,1.0086786,1320.7279,10,93,9.4889499999996,20.418444,4.9999943,24.027319999999957,New_York,peak_congestion,0.1,0.45,3456,independent,28
17.74432,1.0,0,0,0,41.05393888056278,444.7214126586914,153.34483636915684,0.22115255296230316,1.0124651,1316.1082,10,93,9.4889499999996,17.744316,-3.8146973e-06,24.027319999999957,New_York,peak_congestion,0.1,0.45,3456,independent,29
