method,instance,seed,dynamic_ratio,distance,cost_with_penalty,qos,unserved,response_time_min,completion_time_min,mean_completion_time_min,route_balance_cv,vehicle_utilization,replanning_events,planning_time_ms,late_customers,committed_not_completed
nearest,0,20260821,0.5,7.520485112071038,32.520485112071036,0.75,5,115.24847059051196,443.28309231996536,226.68202720681828,0.6380955644450107,0.5427336012944579,10,4.158300000000281,5,0
nearest,1,20260821,0.5,7.88975931674242,17.88975931674242,0.9,2,103.28677880681224,473.2393206357956,212.81059625662036,0.4838935591425283,0.598720356123522,10,2.6631999999999767,2,1
nearest,2,20260821,0.5,10.669277967810629,20.66927796781063,0.9,2,116.95396834922333,442.6330768465996,212.69535421642163,0.1467576278264406,0.7317897663762172,10,2.6934999999999043,2,1
nearest,3,20260821,0.5,8.897129091024398,18.897129091024397,0.9,2,97.43511122961839,473.9420640170574,233.34325037896633,0.38151010364214366,0.649329641647637,10,1.8182000000006582,2,0
nearest,4,20260821,0.5,9.330859818458558,9.330859818458558,1.0,0,129.45314214155079,464.3453877866268,246.45575917288662,0.33839476724425815,0.6917114491884906,10,3.3306000000006275,0,0
nearest,5,20260821,0.5,8.81517676949501,13.81517676949501,0.95,1,113.73916224586337,458.52994960546494,231.54089196889024,0.5998360405950869,0.6728322621434927,10,3.08760000000019,1,1
nearest,6,20260821,0.5,10.430000689923764,15.430000689923764,0.95,1,98.06696583722767,438.66269791126257,196.30563735334496,0.34656278300431803,0.7482759149589887,10,2.304299999999815,1,1
nearest,7,20260821,0.5,9.91455512046814,34.91455512046814,0.75,5,117.01430029720068,439.86441516876226,216.02147008031608,0.21014651432579548,0.6866955811468263,10,1.973900000000084,5,0
nearest,8,20260821,0.5,9.77812759373337,19.77812759373337,0.9,2,118.94045393251713,472.64320266246796,226.95244442009263,0.19697550311083517,0.7045899779089572,10,1.3645000000002128,2,0
nearest,9,20260821,0.5,10.046761621162295,30.046761621162297,0.8,4,123.1202256209217,476.96959537267685,227.64135782560334,0.3992467136167005,0.6828556260986564,10,2.5377999999995904,4,1
nearest,10,20260821,0.5,9.13031940445304,29.13031940445304,0.8,4,115.92701230244711,448.7064435482025,193.6791085083969,0.31803317867536757,0.6354333025636152,10,1.5322000000002056,4,0
nearest,11,20260821,0.5,11.841681942343714,16.841681942343712,0.95,1,85.8482855707407,428.1500771045685,200.51020838633963,0.0849891088981009,0.8039284437894822,10,1.3060000000002514,1,1
nearest,12,20260821,0.5,8.895493564605712,13.895493564605712,0.95,1,107.28643019820906,446.44182177074254,231.10782566127418,0.25223312085048105,0.6730476511952779,10,2.4492000000002623,1,1
nearest,13,20260821,0.5,9.593255749940873,24.593255749940873,0.85,3,115.97034569347608,400.7849941253662,204.66696077585223,0.31406930048260184,0.6755352662565808,10,1.9783999999998247,3,1
nearest,14,20260821,0.5,9.224753103405238,19.224753103405238,0.9,2,100.2411609246499,476.7245979309082,214.88180407426424,0.4289387902199425,0.6877475567550088,10,2.6479999999997617,2,0
nearest,15,20260821,0.5,8.093926394581795,33.09392639458179,0.75,5,112.07197555402915,477.3952819108963,240.3179920564095,0.5899884408340682,0.6054128309401374,10,2.3481999999992453,5,0
nearest,16,20260821,0.5,9.137745564822108,19.137745564822108,0.9,2,84.69586948470936,447.4524595737458,214.38616871751017,0.4057723628470572,0.685820080631917,10,2.8820000000002732,2,0
nearest,17,20260821,0.5,8.879078199863434,8.879078199863434,1.0,0,93.90134921595454,419.35916835069656,203.27089676186444,0.1213013303231627,0.6848478212952613,10,1.531499999999797,0,0
nearest,18,20260821,0.5,10.984655298143625,15.984655298143625,0.95,1,118.59011154308133,475.10955941677094,240.33506068626517,0.11038006067380186,0.7820132973060632,10,2.3148999999995645,1,0
nearest,19,20260821,0.5,9.496055070459843,9.496055070459843,1.0,0,125.2418426848948,469.73249566555023,266.0833509095013,0.42819161072606904,0.65187786865669,10,2.388099999999893,0,0
nearest,20,20260821,0.5,11.109657336398959,21.10965733639896,0.9,2,129.4330837161591,440.9220572710037,215.14903737418354,0.24372883706198073,0.7744613186417458,10,1.4135000000004005,2,0
nearest,21,20260821,0.5,9.160474163889884,14.160474163889884,0.95,1,128.83285380350915,467.4693968594074,245.39379655373725,0.6018066898531172,0.670337198022753,10,1.5980999999996026,1,0
nearest,22,20260821,0.5,10.095352442860603,20.0953524428606,0.9,2,112.99815779551864,468.7554038763046,237.84074088558555,0.39340179090296695,0.7289246077959736,10,1.5118999999998994,2,0
nearest,23,20260821,0.5,10.395042049735785,20.395042049735785,0.9,2,96.8683230806556,457.09558752179146,225.90041601947613,0.25245687316244253,0.7543843823252246,10,1.1393999999997906,2,1
nearest,24,20260821,0.5,7.600853130519389,27.60085313051939,0.8,4,105.44999844674022,475.2605791091919,217.97745610866696,0.6403149406083886,0.564106934564188,10,1.435499999999923,4,0
nearest,25,20260821,0.5,8.792896964475513,28.792896964475513,0.8,4,84.27535392518621,447.8485848903656,207.53449693496805,0.40024323624426683,0.6231180706333059,10,1.6118999999992223,4,1
nearest,26,20260821,0.5,8.902053895592688,13.902053895592688,0.95,1,99.69831691447057,423.0865385532379,213.02613056490296,0.3802295621566477,0.6485444762123128,10,1.6259999999999053,1,0
nearest,27,20260821,0.5,9.960901466263458,19.960901466263458,0.9,2,84.63546019978821,462.65963983535767,240.21365426170328,0.4435759343908905,0.7029462283918595,10,1.1479999999997048,2,1
nearest,28,20260821,0.5,11.304306893348693,26.304306893348695,0.85,3,126.37049773598419,445.45109951496124,252.314008057994,0.17324229917480422,0.773100474725167,10,1.4486000000002441,3,1
nearest,29,20260821,0.5,8.667679421901703,18.667679421901703,0.9,2,86.6942494172189,477.5350339412689,204.20283407552375,0.24788609787233543,0.6364415367444356,10,1.004300000000402,2,1
nearest,30,20260821,0.5,9.061552990674972,24.061552990674972,0.85,3,129.12159572530757,473.137598156929,254.8670765572392,0.22312307602835113,0.6720549973348776,10,2.090499999999773,3,1
nearest,31,20260821,0.5,8.455232517123221,38.45523251712322,0.7,6,110.48415215047342,476.064057469368,227.83606766749705,0.3626836791483081,0.5961058602978786,10,1.253600000000299,6,0
nearest,32,20260821,0.5,9.050406277477743,14.050406277477743,0.95,1,73.16728214272543,478.1515685915947,183.84368889014186,0.203724904531502,0.6437711616512388,10,0.9743999999995978,1,0
nearest,33,20260821,0.5,7.625807518064976,17.625807518064974,0.9,2,104.31886497636636,456.7537395060063,191.35046669344106,0.2927339612988475,0.6049899746198208,10,1.2038000000005322,2,0
nearest,34,20260821,0.5,11.407293250560759,21.40729325056076,0.9,2,120.458994907327,473.06320977211,235.18151079832265,0.19669743951649563,0.7832035638702413,10,2.024100000000084,2,1
nearest,35,20260821,0.5,9.468855787962676,19.468855787962674,0.9,2,102.41727138393455,453.04900074005127,223.63606015675597,0.4314793596154104,0.6808514103215808,10,1.3591999999997828,2,1
nearest,36,20260821,0.5,9.364933337569237,14.364933337569237,0.95,1,119.37780181303819,452.22394098341465,224.3278575753793,0.5368108017235873,0.674736112759759,10,1.5865999999997715,1,0
nearest,37,20260821,0.5,8.946111419796944,18.946111419796942,0.9,2,106.36999893892143,460.4014704823494,214.32384161858096,0.4643721402643263,0.6347040525637566,10,1.389399999999874,2,1
nearest,38,20260821,0.5,7.612990362495182,27.612990362495182,0.8,4,92.46743720560336,458.31572008132935,192.80995548306964,0.21319306647572764,0.5628196921432391,10,1.4613000000001097,4,1
nearest,39,20260821,0.5,8.224341394901275,23.224341394901273,0.85,3,105.21470648400924,451.8600603342057,215.4703374820597,0.27705867903495107,0.6222006154557069,10,1.4502999999999044,3,1
nearest,40,20260821,0.5,6.6065458801388734,36.606545880138874,0.7,6,151.86293964407272,468.27681761980057,249.3446898300733,0.6555633249049192,0.5084122208257517,10,2.645999999999926,6,1
nearest,41,20260821,0.5,11.042484527528284,26.042484527528284,0.85,3,126.81639924294808,439.37981390953064,223.4394741987481,0.25368014085036955,0.7808585680555552,10,2.0418000000004266,3,0
nearest,42,20260821,0.5,9.955266178846358,24.955266178846358,0.85,3,120.46629605201237,479.1652841567993,253.5325975380838,0.4340169409366198,0.6940242803966006,10,1.4957000000006548,3,0
nearest,43,20260821,0.5,8.565071475952864,28.565071475952863,0.8,4,132.30991418892518,473.0207115113735,241.47783889854327,0.2670219039567917,0.6289099715882913,10,1.471200000000339,4,0
nearest,44,20260821,0.5,9.900225033983588,14.900225033983588,0.95,1,100.01100521103332,459.1771337091923,211.76135988376643,0.203710302954653,0.726574219588656,10,1.2204000000002324,1,0
nearest,45,20260821,0.5,9.653703426718712,24.653703426718714,0.85,3,133.8210105378838,459.2006468474865,219.74362015811835,0.286120746100341,0.7031807697688539,10,1.5499999999990521,3,2
nearest,46,20260821,0.5,8.088031030148267,18.088031030148265,0.9,2,69.74015827445935,446.14699149131775,170.98067741064975,0.31938641935352674,0.6014599503871675,10,1.0201999999996936,2,0
nearest,47,20260821,0.5,9.894538896083832,29.89453889608383,0.8,4,105.53162771195639,438.934008717537,207.03916163102258,0.3558412169556339,0.6767989019242425,10,1.2879000000007856,4,0
nearest,48,20260821,0.5,9.123044394105673,19.123044394105673,0.9,2,121.96555361731185,421.9257506132126,216.16835674229594,0.41369856052890464,0.6380898909255242,10,1.7040999999999862,2,1
nearest,49,20260821,0.5,7.769976079463959,37.76997607946396,0.7,6,140.74792520382576,443.79434728622437,206.6535227756415,0.6202041554222619,0.5673386204056441,10,2.9079000000002964,6,1
nearest,50,20260821,0.5,8.735051962775179,8.735051962775179,1.0,0,103.94715745542199,475.7373286485672,253.43676544521003,0.33163141110291866,0.6612006224092813,10,2.670299999998793,0,0
nearest,51,20260821,0.5,8.42504662320018,18.42504662320018,0.9,2,93.45360433005004,461.3249097466469,199.48138361118941,0.29530489861922654,0.6112003453929599,10,1.5800000000001369,2,0
nearest,52,20260821,0.5,11.75823534786701,21.75823534786701,0.9,2,205.69668124160833,467.9661042690277,311.3154221081899,0.24082086959252355,0.835146042642494,10,4.04289999999996,2,1
nearest,53,20260821,0.5,9.330478394255042,19.330478394255042,0.9,2,85.01752665887278,455.48981864750385,199.25208584715924,0.36565695868302045,0.6932540832514255,10,1.199299999999237,2,0
nearest,54,20260821,0.5,8.656818590462207,28.65681859046221,0.8,4,79.3072415236384,470.94749253988266,200.49052345566452,0.4605628557562571,0.6286814256105573,10,0.7898999999991219,4,1
nearest,55,20260821,0.5,9.21959144413471,19.21959144413471,0.9,2,131.32014014737473,451.08126485347753,214.67923182662992,0.1921313587856751,0.6851749698631465,10,1.3640000000001429,2,1
nearest,56,20260821,0.5,9.769499756097794,9.769499756097794,1.0,0,163.15692701861263,477.7358920574188,284.9572573594749,0.1662205647804827,0.7254947790876031,10,2.517199999999775,0,0
nearest,57,20260821,0.5,7.42195405676961,12.42195405676961,0.95,1,95.79439332061693,471.0868008136749,243.31037503559338,0.44012044827513863,0.5870809406119709,10,1.1459999999994253,1,0
nearest,58,20260821,0.5,12.427128913402557,17.427128913402555,0.95,1,103.05925324049436,465.38360756635666,214.48915230874954,0.13447066629164436,0.8446421303165457,10,1.2227999999998573,1,0
nearest,59,20260821,0.5,11.440864075720311,16.440864075720313,0.95,1,149.09982327175769,443.63283002376556,244.05896497792318,0.12104461531697125,0.7880658393260092,10,3.0158999999998493,1,0
nearest,60,20260821,0.5,8.80943828880787,13.80943828880787,0.95,1,91.71949833631516,473.5968722105026,244.5224445430856,0.17970259138561018,0.6442415772005915,10,1.9800999999999291,1,0
nearest,61,20260821,0.5,10.785270119830965,10.785270119830965,1.0,0,103.56962873190642,406.1278688013554,214.4491919144988,0.203233784381005,0.7742328186480638,10,2.4314000000003055,0,0
nearest,62,20260821,0.5,10.107422998696565,10.107422998696565,1.0,0,74.2630151078105,479.6112735271454,215.53209673017264,0.06150520722243313,0.7342407832310225,10,1.624000000000514,0,0
nearest,63,20260821,0.5,10.668159005083142,15.668159005083142,0.95,1,116.851420235477,468.1101099848747,221.9603978701328,0.20490174103724187,0.7665707829117309,10,3.5637000000003916,1,0
nearest,64,20260821,0.5,10.918306027054786,10.918306027054786,1.0,0,79.64827913194895,466.79605972766876,225.01070800572634,0.09545104970481746,0.7467867728012304,10,1.9024000000000818,0,0
nearest,65,20260821,0.5,6.744242442995309,31.744242442995308,0.75,5,90.18392018377781,459.63499826192856,191.53164927065373,0.3484008150735009,0.5179292942164465,10,1.513099999999934,5,0
nearest,66,20260821,0.5,9.769085474973545,19.769085474973544,0.9,2,114.29580347571108,472.73222756385803,234.3871858401431,0.12325329725924575,0.6879732023182442,10,1.217600000000818,2,0
nearest,67,20260821,0.5,9.336331146955489,24.336331146955487,0.85,3,130.86341816164992,452.1898164115846,223.73103850356796,0.3144802253405605,0.6616844590132435,10,2.2322000000007947,3,1
nearest,68,20260821,0.5,9.937345805168153,24.937345805168153,0.85,3,119.72438234529075,437.00752095878124,203.06661401513745,0.16346798776442356,0.6743409282527865,10,2.328699999999184,3,0
nearest,69,20260821,0.5,10.871989408731459,25.87198940873146,0.85,3,92.58163862587774,466.45427745580673,205.71370412540787,0.4253134288445354,0.7554966603716214,10,1.1691999999992042,3,1
nearest,70,20260821,0.5,7.071521831303835,12.071521831303835,0.95,1,97.01523175325833,477.7722997665405,210.51630791825684,0.2024104315664538,0.5698709283412123,10,1.155299999999304,1,0
nearest,71,20260821,0.5,8.86760825999081,28.86760825999081,0.8,4,71.15868940576911,419.1198524236679,185.08256643638015,0.4643434125834716,0.6190651976231796,10,0.9860000000001534,4,2
nearest,72,20260821,0.5,9.848608034355568,19.848608034355568,0.9,2,86.5335757411085,460.0983504606411,219.3111564096374,0.36391788565441063,0.7009226748797422,10,1.164800000000188,2,1
nearest,73,20260821,0.5,8.368269070833922,18.36826907083392,0.9,2,146.58919842872353,456.83336359262466,252.66175599727364,0.6279956306881235,0.6184615220486497,10,2.274700000000074,2,1
nearest,74,20260821,0.5,11.37714553296566,31.37714553296566,0.8,4,110.47168644564226,448.6525776386261,215.0073410240002,0.4205771005562569,0.7745287154490749,10,1.0813000000005069,4,1
nearest,75,20260821,0.5,8.432995841130614,28.432995841130612,0.8,4,111.0128671200946,437.3112967014313,198.1589431958273,0.5972774489762049,0.6028259269699144,10,1.5617000000007764,4,2
nearest,76,20260821,0.5,11.572434996962548,21.57243499696255,0.9,2,149.10806805019578,437.6621804535389,238.50993747636676,0.1621841716601645,0.783980990263323,10,1.5985000000000582,2,0
nearest,77,20260821,0.5,9.701191649138927,24.701191649138927,0.85,3,105.01726047212587,459.06073697656393,192.59138591280754,0.22831796200353724,0.6938120654628923,10,1.5072000000002639,3,0
nearest,78,20260821,0.5,8.98088165797293,23.98088165797293,0.85,3,96.21696898604142,454.78138667345047,200.82288873984533,0.39074456080749115,0.6460204637493007,10,1.4030000000002651,3,1
nearest,79,20260821,0.5,10.803753778487442,35.80375377848744,0.75,5,123.79159680803618,447.58465130627155,236.5814716597398,0.17935766766165825,0.7303440549721321,10,1.7231999999984815,5,1
nearest,80,20260821,0.5,9.035480395555496,24.035480395555496,0.85,3,121.25446879184422,477.64135551452637,247.68944542570148,0.5922589270478941,0.6466396036868294,10,1.6466000000003866,3,0
nearest,81,20260821,0.5,9.508207953572272,24.508207953572274,0.85,3,134.87400719830222,448.59629371762276,253.87776093053466,0.43849730238918044,0.673920761141926,10,1.5570000000000306,3,1
nearest,82,20260821,0.5,8.461886897981167,8.461886897981167,1.0,0,102.79335460104048,439.7307529449463,217.59038467742502,0.3424198358472869,0.6365566111014535,10,1.3960000000001749,0,0
nearest,83,20260821,0.5,10.620154923796653,20.620154923796655,0.9,2,93.22022744268179,462.7739445567131,184.10751932114363,0.23721066844310312,0.7406330675507585,10,0.935200000000691,2,0
nearest,84,20260821,0.5,8.798285542875528,8.798285542875528,1.0,0,87.10692334212362,467.1725944876671,218.73542751409113,0.22353197616825146,0.6973065374807145,10,1.3674999999992998,0,0
nearest,85,20260821,0.5,10.05153009176254,25.05153009176254,0.85,3,75.0536746259998,476.97364580631256,237.62775657282157,0.44169635160431975,0.7188296932106217,10,1.2684000000011686,3,0
nearest,86,20260821,0.5,8.029742529392243,28.029742529392244,0.8,4,128.92282089265063,458.0947974026203,217.41883231373504,0.6139977031454473,0.6066285788392027,10,1.6250000000006537,4,1
nearest,87,20260821,0.5,11.899862865805625,16.899862865805623,0.95,1,124.12497862389213,478.90547466278076,259.96347428936707,0.07663135478747547,0.825513690772156,10,1.5252000000005594,1,0
nearest,88,20260821,0.5,10.140512088537214,20.140512088537214,0.9,2,115.51307107135656,477.40038853883743,237.5007973127067,0.23227960468498082,0.7049833020505807,10,1.2536999999999132,2,1
nearest,89,20260821,0.5,8.936798008084297,13.936798008084297,0.95,1,73.1742112197374,457.62661957740784,213.11269403445093,0.17217427127841678,0.6711873970304927,10,0.8823000000006687,1,0
nearest,90,20260821,0.5,9.998791283667089,24.99879128366709,0.85,3,109.42429569221157,466.5765697956085,242.10134711719172,0.3495759692157409,0.7252178042661399,10,1.2412000000008305,3,1
nearest,91,20260821,0.5,11.708237814307214,16.708237814307214,0.95,1,121.99673083267714,427.7753629684449,196.25384486035296,0.19788205843033388,0.8243873859445254,10,1.60059999999973,1,0
nearest,92,20260821,0.5,11.278237599730492,26.278237599730492,0.85,3,101.07871560182642,456.3486861139536,206.92867066623535,0.38693312423366794,0.7582415412490567,10,2.838200000000235,3,0
nearest,93,20260821,0.5,7.67704124495387,27.67704124495387,0.8,4,120.38093032909092,457.3861930966377,206.33122319949325,0.5392810830174897,0.5763353108971689,10,1.732899999999482,4,1
nearest,94,20260821,0.5,9.423588003441694,24.423588003441694,0.85,3,87.86705474818454,443.87725615501404,187.54880442514138,0.350528776278,0.6703452317005335,10,1.832500000001236,3,2
nearest,95,20260821,0.5,9.421292946934699,34.4212929469347,0.75,5,115.36140724023183,452.4771703481674,265.1585405071576,0.568254400563859,0.6438173425694307,10,3.255300000000627,5,0
nearest,96,20260821,0.5,9.804933747462929,19.80493374746293,0.9,2,120.23722384704485,469.0237722992897,225.62430738740497,0.145793916407274,0.6958967241672023,10,3.944999999999421,2,1
nearest,97,20260821,0.5,10.382618076652289,25.38261807665229,0.85,3,94.12169614215108,322.4881367683411,179.29807124725158,0.2999365237841485,0.7011780250429486,10,1.7640999999999352,3,0
nearest,98,20260821,0.5,8.38307870954275,13.38307870954275,0.95,1,115.282220320482,447.49960158765316,223.3908591591998,0.32628992260429357,0.6501603506971151,10,2.9852000000003542,1,0
nearest,99,20260821,0.5,8.341675030738116,28.341675030738116,0.8,4,128.5219333569985,473.88655465841293,227.94619095209055,0.682854407061936,0.5979640848158548,10,2.5002000000005076,4,1
regret,0,20260821,0.5,10.763298578560354,30.763298578560352,0.8,4,163.46072278544307,425.3510450720787,238.39036699011922,0.21971835576362642,0.7279610786121339,10,17.811900000000325,4,1
regret,1,20260821,0.5,7.0133601683378215,27.013360168337822,0.8,4,128.88610841799527,440.03076756000524,202.70409606490284,0.8092013149279792,0.5309041762724518,10,11.130799999999663,4,0
regret,2,20260821,0.5,9.184097946137188,24.184097946137186,0.85,3,133.37171933416496,463.94794431328773,224.43491096191985,0.5233021596761556,0.6437034769915044,10,15.437899999998894,3,1
regret,3,20260821,0.5,6.364529679045081,36.36452967904508,0.7,6,143.4588894237365,464.12696373462677,221.39859171743905,0.772477541703598,0.4720916223207799,10,11.116700000000979,6,1
regret,4,20260821,0.5,10.736173462867736,20.736173462867736,0.9,2,162.37342341746103,469.1121245622635,264.3523452083787,0.3111721316043747,0.7531674244441091,10,26.901599999999526,2,1
regret,5,20260821,0.5,8.987632890343665,38.98763289034366,0.7,6,185.87444523402627,458.56318604946136,266.7656501999923,0.5833187902030109,0.6311646884928147,10,31.935099999999217,6,1
regret,6,20260821,0.5,9.658753043413162,14.658753043413162,0.95,1,158.3924689556619,453.34179153479636,257.1939374723129,0.4351194532199638,0.6994142209490141,10,18.2661999999989,1,0
regret,7,20260821,0.5,9.38468134999275,29.38468134999275,0.8,4,122.77586323395374,432.54022920131683,217.2825848609209,0.4265811979636749,0.6810948529901604,10,11.937899999999502,4,1
regret,8,20260821,0.5,7.91099470898509,37.910994708985086,0.7,6,166.020884825715,472.64320266246796,249.31197497780835,0.5862000954546382,0.5689741931855679,10,19.689799999999646,6,1
regret,9,20260821,0.5,10.095477186739444,30.095477186739444,0.8,4,153.35067692724988,406.22439136356115,217.4517436097376,0.3747365428837436,0.6716394397585342,10,13.414799999999616,4,0
regret,10,20260821,0.5,7.51684400498867,27.51684400498867,0.8,4,131.1016228538938,452.29908296465874,219.01626468868926,0.5943508849011608,0.5420231260669729,10,10.725600000000668,4,0
regret,11,20260821,0.5,9.816939280629157,14.816939280629157,0.95,1,146.34632360543074,476.1500771045685,261.0082464210297,0.4035017982889445,0.6981537882238626,10,15.16189999999984,1,1
regret,12,20260821,0.5,6.687482871115208,21.687482871115208,0.85,3,125.97922810298554,461.8296719789505,237.66982793369715,0.5915077371223803,0.5350948421750217,10,9.514799999999823,3,1
regret,13,20260821,0.5,7.54293037891388,22.54293037891388,0.85,3,139.182283962255,437.0859762430191,227.87889904463117,0.6565073570500128,0.5642151239328086,10,10.310700000000228,3,0
regret,14,20260821,0.5,9.346198152601717,44.346198152601715,0.65,7,127.77001722730122,438.2075365781784,213.03837033647758,0.06674209784034563,0.6336561538744718,10,16.97890000000024,7,0
regret,15,20260821,0.5,8.34328351318836,38.34328351318836,0.7,6,154.61056737388884,456.6628512144089,243.19622310570307,0.5885945187068049,0.6019247954400877,10,14.932300000000343,6,1
regret,16,20260821,0.5,8.583267534971238,8.583267534971238,1.0,0,131.11287416521228,473.9781166315079,249.58414350453532,0.1956739924312118,0.6751701835542918,10,9.738300000000422,0,0
regret,17,20260821,0.5,9.763994021266699,24.763994021266697,0.85,3,164.09653157872313,463.69980376958847,259.1332521421068,0.2644004119601186,0.7016828443466997,10,22.41520000000019,3,1
regret,18,20260821,0.5,9.990322489142418,19.990322489142418,0.9,2,131.6986064232058,423.61973667144775,240.24646367794938,0.21739277416770292,0.7205935391907892,10,10.759499999999367,2,1
regret,19,20260821,0.5,9.506330455839635,34.50633045583963,0.75,5,171.23464952309925,437.38235050439835,242.44352166255314,0.5925085354652032,0.6139736118260771,10,14.620599999999762,5,1
regret,20,20260821,0.5,8.309928549453618,23.309928549453616,0.85,3,140.9464365498108,458.5327699482441,230.11626987685176,0.47807786705062566,0.6145796113608715,10,15.687299999999293,3,0
regret,21,20260821,0.5,8.740121589303016,23.740121589303016,0.85,3,168.42293021608802,477.47117978334427,249.01890881973154,0.10017485260446836,0.6281313345767557,10,13.039699999999765,3,0
regret,22,20260821,0.5,9.693178730905055,24.693178730905053,0.85,3,154.61624085021154,473.5741842985153,262.7135762484087,0.3910624298142639,0.7013972330993662,10,11.950399999999028,3,1
regret,23,20260821,0.5,8.37535117328167,43.37535117328167,0.65,7,158.59052505401465,459.39350736141205,249.8813814016489,0.6240093701810108,0.5852869470914206,10,21.559000000000328,7,1
regret,24,20260821,0.5,8.576614705622195,23.576614705622195,0.85,3,151.96211479165976,466.67042073607445,269.4583921134472,0.6753880653991188,0.6216986828638862,10,10.619099999999992,3,0
regret,25,20260821,0.5,9.123538406416772,19.12353840641677,0.9,2,141.47078091568417,456.2419932037592,250.4133573141363,0.5357496790836451,0.6544298239634373,10,12.331100000000372,2,1
regret,26,20260821,0.5,8.720803711153568,18.720803711153568,0.9,2,154.8544918257329,464.69843503832817,253.1373787679606,0.43097888965902137,0.6306444119681448,10,17.273699999999614,2,1
regret,27,20260821,0.5,7.768165368987245,37.76816536898725,0.7,6,170.00761203201753,466.9158988893032,265.3040595645351,0.6569478234704561,0.5418824237591858,10,21.523300000000134,6,1
regret,28,20260821,0.5,9.949922003522516,24.949922003522516,0.85,3,139.23698557475038,467.95573872327805,265.18049589676014,0.3860395565297637,0.693225105095189,10,13.528500000000054,3,0
regret,29,20260821,0.5,7.157534549236298,32.157534549236296,0.75,5,124.30226980869969,448.4438314437866,211.37068366234502,0.6896616122803825,0.5281006574009857,10,12.666799999999867,5,1
regret,30,20260821,0.5,8.372227913737298,28.372227913737298,0.8,4,161.32999554162052,424.3997026383877,277.0000899944189,0.6425104130056581,0.6322095906051497,10,19.71569999999989,4,1
regret,31,20260821,0.5,7.832070997953415,42.832070997953416,0.65,7,137.8437371987563,447.17411184310913,208.8175091468371,0.6543503547429814,0.5617707431937258,10,9.458999999999218,7,1
regret,32,20260821,0.5,9.327073797229676,29.327073797229676,0.8,4,135.01282345154323,465.00524801015854,222.87042839103378,0.4543545493910504,0.6363561397078835,10,11.527000000000509,4,1
regret,33,20260821,0.5,7.650085460990666,27.650085460990667,0.8,4,168.22869773581624,447.0384638905526,250.79364692419767,0.6587397698364063,0.5850387461716309,10,19.71799999999968,4,1
regret,34,20260821,0.5,8.462499799430372,38.462499799430375,0.7,6,132.47959220409393,422.2057526707649,221.87775680422783,0.6691414089238025,0.5808593645847093,10,12.842699999999319,6,0
regret,35,20260821,0.5,9.318291233405471,44.318291233405475,0.65,7,126.99652381642507,448.7325312271714,220.20337772885193,0.27962689886331954,0.6202700287026043,10,17.392299999999583,7,1
regret,36,20260821,0.5,8.428336845487355,18.428336845487355,0.9,2,147.01429648614592,471.6420457959175,237.3873326521781,0.4960365598097099,0.6171008788592494,10,11.652200000000779,2,0
regret,37,20260821,0.5,9.619722016826271,29.619722016826273,0.8,4,130.40756986942142,430.64995342493063,224.03854639735073,0.30636791103308025,0.6563278517879856,10,12.984600000000679,4,1
regret,38,20260821,0.5,6.42400965511799,31.42400965511799,0.75,5,138.83910086130103,424.9091004729271,200.965116524448,0.5920984280712588,0.502362732620289,10,11.061400000000887,5,1
regret,39,20260821,0.5,7.107400223910809,22.10740022391081,0.85,3,123.30485464106587,478.171595454216,248.25243924558163,0.6478958152131638,0.5467395937846352,10,13.288300000000142,3,0
regret,40,20260821,0.5,6.208273943960667,36.20827394396067,0.7,6,170.18260328578097,474.044472694397,232.45864264347725,0.8149466601471751,0.48329088767059153,10,19.82270000000108,6,1
regret,41,20260821,0.5,10.468266871720555,25.468266871720555,0.85,3,135.8760875314474,392.20324611663824,232.49916248724742,0.16484700575760833,0.7509513984822358,10,12.111000000000427,3,0
regret,42,20260821,0.5,9.816754919942468,44.81675491994247,0.65,7,119.073414186159,479.1652841567993,260.212525017273,0.5085891762522738,0.6534135624795454,10,14.496700000000029,7,2
regret,43,20260821,0.5,9.83606917887926,29.83606917887926,0.8,4,159.4017960964702,454.89384093880653,261.27030170476064,0.5047487798919482,0.6862536024767906,10,10.792600000000263,4,0
regret,44,20260821,0.5,10.253167304098605,15.253167304098605,0.95,1,115.00140956730438,424.3076437115669,226.75176424003746,0.19672778359230528,0.7449566294904799,10,11.19799999999982,1,0
regret,45,20260821,0.5,7.503258507847787,37.50325850784779,0.7,6,163.19552589527197,464.40693628787994,211.88258364583766,0.5279260845957352,0.5501697146954636,10,31.275599999999404,6,0
regret,46,20260821,0.5,8.073217323115095,18.073217323115095,0.9,2,128.34155939659107,470.52075576782227,229.58207853278145,0.4918090109001757,0.6006884031458564,10,9.960099999999805,2,0
regret,47,20260821,0.5,10.701969120055438,30.701969120055438,0.8,4,139.62485098425532,468.9824379682541,241.68143895600224,0.36020778498134004,0.715206726306739,10,11.57630000000065,4,0
regret,48,20260821,0.5,8.707688614726067,18.707688614726067,0.9,2,138.1080783887042,478.4098593592644,239.73979766004615,0.4796044379191174,0.6149837845005095,10,15.095599999999543,2,0
regret,49,20260821,0.5,10.064241297543049,35.06424129754305,0.75,5,174.56140672316158,475.73627483844757,229.76634257187445,0.31601375923581587,0.6970959003859509,10,15.073400000000792,5,0
regret,50,20260821,0.5,5.925807481810916,25.925807481810917,0.8,4,142.1805886632792,462.8135762810707,258.9530675007991,0.7134740347318063,0.47719138543046336,10,20.91820000000011,4,1
regret,51,20260821,0.5,8.188601784855127,23.188601784855127,0.85,3,160.25552053092156,424.6146907806397,248.45971522392597,0.5808809398824392,0.5853438432716453,10,13.754299999999997,3,0
regret,52,20260821,0.5,11.275398915410042,26.275398915410044,0.85,3,161.37185051078526,437.7728261947632,271.556399656624,0.36054718954384884,0.7954149783899387,10,21.35899999999946,3,1
regret,53,20260821,0.5,7.141968388855457,27.141968388855457,0.8,4,121.73390634427781,460.7939394824207,225.19545847619884,0.5947774632484322,0.5521858544865003,10,10.092300000001053,4,0
regret,54,20260821,0.5,6.093769215941429,46.09376921594143,0.6,8,111.8871500864625,475.0655896663666,184.0462944433093,0.7256558812083642,0.45695166016618405,10,8.269999999999555,8,1
regret,55,20260821,0.5,8.711078459620476,28.711078459620474,0.8,4,158.32361530326307,453.87100395560265,226.51530816964805,0.24614586041887432,0.6369453561957925,10,14.82519999999976,4,1
regret,56,20260821,0.5,9.90756356716156,14.90756356716156,0.95,1,177.22992217227034,473.29390373826027,286.6634619643814,0.41695941403817083,0.7233106022079786,10,21.20260000000007,1,0
regret,57,20260821,0.5,7.239400071352719,32.23940007135272,0.75,5,128.65794165829817,479.31818556785583,212.65736253956953,0.6594824084367765,0.5437187530954058,10,8.22929999999955,5,0
regret,58,20260821,0.5,9.963971064686774,24.963971064686774,0.85,3,181.24315825236195,456.1811379790306,282.0492978372118,0.48282296675471903,0.705771078976492,10,18.47830000000039,3,1
regret,59,20260821,0.5,11.752263538986444,31.752263538986444,0.8,4,182.1323984535411,468.92280262708664,252.87891295272857,0.12266833450419339,0.776367674775732,10,17.868299999999948,4,1
regret,60,20260821,0.5,8.56297337949276,28.56297337949276,0.8,4,134.11277283728123,463.62430077791214,272.5181646347046,0.3202928186383735,0.6126548628943662,10,10.576399999999708,4,0
regret,61,20260821,0.5,11.621384495496752,11.621384495496752,1.0,0,126.82324163429439,440.259426176548,237.70280481688678,0.2733954524979107,0.8177804423806568,10,8.78069999999953,0,0
regret,62,20260821,0.5,7.8716972818970685,17.87169728189707,0.9,2,119.79675325006247,479.6112735271454,234.19715476284424,0.5874365389289556,0.5948800692489992,10,9.001100000000761,2,0
regret,63,20260821,0.5,9.639428758621216,24.639428758621214,0.85,3,153.71495597195977,469.63984233140945,246.33628741476466,0.15699442247679143,0.6874702493660152,10,27.256399999999292,3,0
regret,64,20260821,0.5,8.568168466687203,23.568168466687204,0.85,3,130.75133481972358,479.116082906723,235.86158591684173,0.5344451202564785,0.5946962752379477,10,17.449699999998902,3,0
regret,65,20260821,0.5,7.98286802828312,37.98286802828312,0.7,6,138.99517735732454,471.1075390577316,236.4997313650591,0.6420503255861287,0.5812054716981948,10,14.848699999999937,6,1
regret,66,20260821,0.5,9.393047910928725,29.393047910928725,0.8,4,144.8384716603905,448.07416462898254,232.07434027083218,0.5186108273506858,0.649096047754089,10,9.360199999999708,4,1
regret,67,20260821,0.5,8.21936361283064,28.21936361283064,0.8,4,137.3453748836182,454.70896814763546,209.95695369830355,0.4109659536977328,0.5931960214395077,10,13.481499999999258,4,0
regret,68,20260821,0.5,8.762798635661603,33.7627986356616,0.75,5,179.78039393921694,469.3404762148857,259.6374185492595,0.38735610368357176,0.6017082629259676,10,37.74169999999977,5,0
regret,69,20260821,0.5,9.57442156560719,29.57442156560719,0.8,4,127.72205299139023,441.5006842613221,206.28998106718063,0.23350695305777383,0.6791726206778549,10,6.54209999999944,4,1
regret,70,20260821,0.5,8.285420972611755,28.285420972611753,0.8,4,149.28106548660435,466.0612617135048,235.67015054100193,0.5833723803158634,0.6068065611597073,10,13.536699999999513,4,1
regret,71,20260821,0.5,7.036766590848564,42.036766590848565,0.65,7,159.31531943380833,438.4963490962983,262.66080932548414,0.7997067990422637,0.4914885925943963,10,23.458800000000224,7,1
regret,72,20260821,0.5,8.662206821590663,33.662206821590665,0.75,5,139.73853813707828,476.49854634702206,229.05431001484394,0.5381781058425176,0.6186341721331701,10,9.953499999999948,5,1
regret,73,20260821,0.5,8.363367726206778,28.36336772620678,0.8,4,165.47212411276996,454.4302837252617,262.4755606111139,0.6411544279960422,0.5997169140726328,10,18.915600000000143,4,1
regret,74,20260821,0.5,8.586421068012715,33.58642106801271,0.75,5,157.30115149319172,477.2024784684181,256.46483770906923,0.49336639533995214,0.616480264114216,10,11.098899999999468,5,0
regret,75,20260821,0.5,8.46736084997654,23.46736084997654,0.85,3,156.14190032727578,479.98171043395996,245.13423962978754,0.5499547004806289,0.6066333779754738,10,14.714199999999789,3,0
regret,76,20260821,0.5,9.312035188823938,24.312035188823938,0.85,3,157.76661923703026,477.89842796325684,231.0401110088124,0.17777522084864228,0.6584393335894372,10,14.86710000000091,3,0
regret,77,20260821,0.5,9.309247756153345,34.30924775615335,0.75,5,193.55944299797218,473.7485649883747,267.32037955621877,0.4386706605912654,0.6562326193321497,10,29.863299999999704,5,1
regret,78,20260821,0.5,9.593858117237687,19.593858117237687,0.9,2,131.5458444321735,456.335016310215,219.7321562036458,0.40103513162417886,0.6856176103659286,10,11.039299999999308,2,0
regret,79,20260821,0.5,8.592440871447327,38.59244087144732,0.7,6,163.09816773767983,467.56133419275284,244.6763294754284,0.5623731017832682,0.5929869470496971,10,15.353300000001013,6,2
regret,80,20260821,0.5,11.760870125591754,46.76087012559175,0.65,7,180.52859840484766,469.9191389679909,286.6090289904521,0.2911897246395198,0.7545541511693349,10,16.344699999999435,7,1
regret,81,20260821,0.5,9.074797848463058,19.074797848463056,0.9,2,133.10230802278966,457.28377294540405,264.4981851258005,0.4763990440258682,0.6538957225779692,10,15.358399999999772,2,0
regret,82,20260821,0.5,9.643316279351712,9.643316279351712,1.0,0,124.32711675018072,443.8995934426785,239.12414682656527,0.2789105618083784,0.6980893913811694,10,13.246699999999834,0,0
regret,83,20260821,0.5,8.711427992880344,23.711427992880346,0.85,3,123.03405326078922,472.28606057167053,199.13966439226095,0.3656693711792028,0.6281993735426417,10,15.663400000001104,3,0
regret,84,20260821,0.5,6.821296430677175,31.821296430677176,0.75,5,145.58713088333607,466.68550980091095,227.7408018499613,0.7360794408751957,0.527150855298775,10,25.88680000000032,5,0
regret,85,20260821,0.5,9.038134606927635,24.038134606927635,0.85,3,152.89134706469144,477.8833247423172,271.0512885170824,0.22889432163508716,0.6655790011631325,10,22.858800000000734,3,1
regret,86,20260821,0.5,8.201677851080895,28.201677851080895,0.8,4,177.56381566869095,455.83951157331467,266.50559078203514,0.609672946825261,0.6098543767196437,10,21.898799999998886,4,1
regret,87,20260821,0.5,9.047612370252608,19.047612370252608,0.9,2,140.83803147408696,444.8447154611349,264.8035737408532,0.4821924660327612,0.6701881440666815,10,17.92289999999941,2,0
regret,88,20260821,0.5,9.034143150448799,29.0341431504488,0.8,4,174.48566282261163,442.49760711193085,262.24706938583404,0.5882291809673174,0.6179241243439417,10,14.20090000000096,4,0
regret,89,20260821,0.5,7.280834018588067,37.28083401858807,0.7,6,95.88881780845779,473.7041167616844,234.6744840996606,0.7097840914400294,0.5312934391821424,10,19.997200000001047,6,0
regret,90,20260821,0.5,8.943281438797712,33.94328143879771,0.75,5,161.68598226904868,476.57865715026855,259.19861362576484,0.5883396718984196,0.6407959085501109,10,20.263400000000154,5,0
regret,91,20260821,0.5,11.627020197510719,16.627020197510717,0.95,1,174.23548425969324,471.45377826690674,248.49259828736908,0.2517613446189497,0.8201573017363747,10,25.157600000000002,1,0
regret,92,20260821,0.5,11.762599722743033,21.762599722743033,0.9,2,149.00514004876217,445.0510802268982,245.7916260585189,0.20443928751993667,0.7933645688307782,10,22.323600000000443,2,0
regret,93,20260821,0.5,5.257756032347679,40.25775603234768,0.65,7,166.62021673528048,465.8456180691719,250.1944745950974,1.00167498616874,0.4050914605769018,10,20.062499999999872,7,0
regret,94,20260821,0.5,9.894307140931488,19.894307140931488,0.9,2,126.16434172799603,435.58107340335846,236.07662718505082,0.3179872704831863,0.6955368302258041,10,9.381799999999885,2,0
regret,95,20260821,0.5,8.577752938866615,43.57775293886662,0.65,7,157.5845285046559,444.33714294433594,242.53812197882397,0.6209062801628705,0.5811938451913496,10,22.144299999999006,7,1
regret,96,20260821,0.5,9.007765190303324,19.007765190303324,0.9,2,175.38797984603377,457.5647295415402,277.9000338423583,0.5911862591665964,0.6588478069907675,10,30.42450000000052,2,1
regret,97,20260821,0.5,10.546138250380753,25.546138250380753,0.85,3,146.1436732450829,458.2419234216213,231.3200483501834,0.4176051599355761,0.7152366604733591,10,12.066200000000471,3,1
regret,98,20260821,0.5,8.1682310692966,13.1682310692966,0.95,1,157.00649029643913,474.99902111291885,265.1151291351569,0.5152374939821396,0.6389703694342945,10,25.79769999999959,1,0
regret,99,20260821,0.5,8.456151737421752,33.45615173742175,0.75,5,153.4756624168406,447.86887679994106,249.62681133213144,0.6022231921894909,0.5841745694711183,10,29.942300000000532,5,0
local_search,0,20260821,0.5,11.223575620949267,31.22357562094927,0.8,4,143.74859191663563,454.09228828549385,244.25165219418705,0.33799279549311967,0.7439362314684937,10,15.215100000001147,4,0
local_search,1,20260821,0.5,6.826215971708297,21.826215971708297,0.85,3,120.80008954467142,446.2728717327118,207.40898757077315,0.7651550144165625,0.5393702246559163,10,12.364400000000497,3,1
local_search,2,20260821,0.5,10.299987777620553,25.29998777762055,0.85,3,142.31375052297815,438.0189561247826,222.47528878730887,0.47261211130949543,0.7090268858475611,10,17.64249999999956,3,2
local_search,3,20260821,0.5,6.60107551947236,36.60107551947236,0.7,6,153.63758581770318,458.8162527680397,230.68170107581787,1.0001446201953572,0.48439030551817264,10,19.08610000000044,6,1
local_search,4,20260821,0.5,9.536753013134003,19.536753013134003,0.9,2,161.8455341330005,449.9560781717301,273.1252287696633,0.3181832659667602,0.6758725532641013,10,42.781199999999856,2,0
local_search,5,20260821,0.5,9.02271993458271,39.02271993458271,0.7,6,190.2332718627794,442.91525745391846,265.1903300157615,0.5824600348322783,0.627745828901728,10,29.95089999999978,6,0
local_search,6,20260821,0.5,10.200224173069,10.200224173069,1.0,0,151.03802487598733,472.74229806661606,263.69261327730493,0.2570465968662056,0.7406366753081481,10,13.706400000001118,0,0
local_search,7,20260821,0.5,9.38468134999275,29.38468134999275,0.8,4,122.77586323395374,432.54022920131683,217.2825848609209,0.4265811979636749,0.6810948529901604,10,8.208499999998509,4,1
local_search,8,20260821,0.5,9.621128656547516,29.621128656547516,0.8,4,170.94580261386,439.31172606162727,260.69337969995104,0.5013902443120107,0.6734962836984778,10,20.13459999999956,4,0
local_search,9,20260821,0.5,10.095477186739444,30.095477186739444,0.8,4,153.35067692724988,406.22439136356115,217.4517436097376,0.3747365428837436,0.6716394397585342,10,15.064300000001474,4,0
local_search,10,20260821,0.5,7.529687453359367,27.529687453359365,0.8,4,139.01832664990798,452.29908296465874,226.93296848470345,0.5937754181517773,0.5426920556696132,10,13.736500000000262,4,0
local_search,11,20260821,0.5,8.975681053102015,23.975681053102015,0.85,3,162.6249936814694,478.7338916659355,252.75740576798424,0.4424471024245711,0.6362333888343225,10,23.946400000002477,3,0
local_search,12,20260821,0.5,7.501217803955079,17.50121780395508,0.9,2,123.26768434047699,420.7810356616974,233.41553902626038,0.549091913239497,0.5931374552970132,10,9.341299999999109,2,1
local_search,13,20260821,0.5,8.057149639129639,18.05714963912964,0.9,2,124.44833059505456,469.861839979887,232.42015415823295,0.48446899332684423,0.6066223770690462,10,10.173000000001764,2,0
local_search,14,20260821,0.5,9.346198152601717,44.346198152601715,0.65,7,127.77001722730122,438.2075365781784,213.03837033647758,0.06674209784034563,0.6336561538744718,10,24.452399999999486,7,0
local_search,15,20260821,0.5,8.486039552092553,43.48603955209255,0.65,7,151.29069172934845,444.8307123184204,230.14230288507846,0.6206934715411351,0.5929751580270628,10,23.88500000000171,7,1
local_search,16,20260821,0.5,9.247081464231012,14.247081464231012,0.95,1,126.65281376164211,450.96446657180786,235.46330322168376,0.31187295619197125,0.7024252833022425,10,19.81880000000036,1,1
local_search,17,20260821,0.5,8.485143467783928,13.485143467783928,0.95,1,147.9461275331284,457.1888319849968,257.7879025489092,0.31222915248231026,0.6533888161803285,10,21.661299999998107,1,1
local_search,18,20260821,0.5,9.149947596266866,19.149947596266866,0.9,2,134.5698262155056,475.10955941677094,243.11768347024918,0.09758644724442792,0.6760389375228746,10,9.77429999999746,2,0
local_search,19,20260821,0.5,10.668120348155497,30.668120348155497,0.8,4,156.6525987815112,462.1690635085106,268.9811315294355,0.5065503078738999,0.6844970109717299,10,17.6596999999985,4,1
local_search,20,20260821,0.5,8.309928549453616,23.309928549453616,0.85,3,140.9509483146317,458.6099639236927,230.12078164167264,0.47807786705062566,0.6145796113608715,10,26.69210000000266,3,0
local_search,21,20260821,0.5,8.740121589303016,23.740121589303016,0.85,3,168.42293021608802,477.47117978334427,249.01890881973154,0.10017485260446836,0.6281313345767557,10,23.464299999997884,3,0
local_search,22,20260821,0.5,11.193592366278171,26.19359236627817,0.85,3,142.88043558575652,456.48147559538484,252.41439200477566,0.2146360163062629,0.7809162698530903,10,9.69150000000063,3,0
local_search,23,20260821,0.5,8.37535117328167,43.37535117328167,0.65,7,158.59052505401465,459.39350736141205,249.8813814016489,0.6240093701810108,0.5852869470914206,10,26.05989999999725,7,1
local_search,24,20260821,0.5,8.576614705622195,23.576614705622195,0.85,3,151.96211479165976,466.67042073607445,269.4583921134472,0.6753880653991188,0.6216986828638862,10,21.418099999999107,3,0
local_search,25,20260821,0.5,8.04354361794889,28.04354361794889,0.8,4,142.4484924003482,461.1459336876869,244.92012343928218,0.6093243363602122,0.5731012334853101,10,28.172300000000483,4,0
local_search,26,20260821,0.5,7.342936511486767,22.342936511486766,0.85,3,123.1204335111029,475.89874309301376,233.82578507767005,0.6878326705086715,0.5496321121153112,10,17.328200000002347,3,0
local_search,27,20260821,0.5,7.768165368987245,37.76816536898725,0.7,6,170.00761203201753,466.9158988893032,265.3040595645351,0.6569478234704561,0.5418824237591858,10,28.307799999997663,6,1
local_search,28,20260821,0.5,9.947062226682903,24.947062226682903,0.85,3,138.04111306982884,467.95573872327805,263.9846233918386,0.38600284212697555,0.6930761583847924,10,19.244199999999267,3,0
local_search,29,20260821,0.5,7.157534549236298,32.157534549236296,0.75,5,124.30226980869969,448.4438314437866,211.37068366234502,0.6896616122803825,0.5281006574009857,10,18.257000000001078,5,1
local_search,30,20260821,0.5,9.470585545152426,24.470585545152424,0.85,3,167.2635685012621,471.73705500364304,301.3831909281366,0.5987633126979943,0.6970990836620331,10,33.46879999999963,3,1
local_search,31,20260821,0.5,7.832070997953415,42.832070997953416,0.65,7,137.8437371987563,447.17411184310913,208.8175091468371,0.6543503547429814,0.5617707431937258,10,18.835599999999175,7,1
local_search,32,20260821,0.5,9.705541673172265,24.705541673172263,0.85,3,147.14879220395406,448.4304783567786,224.56270489995094,0.42858987094797407,0.6656830699930045,10,20.877299999999543,3,1
local_search,33,20260821,0.5,6.303235622644424,26.303235622644422,0.8,4,157.38647717330608,471.2317023873329,248.35738403070718,0.7200403250911286,0.5053768555012842,10,44.18330000000026,4,0
local_search,34,20260821,0.5,8.702499795854092,33.702499795854095,0.75,5,140.15413822929065,473.06320977211,240.69588705102603,0.6751347886364502,0.6058593645847092,10,29.10000000000057,5,0
local_search,35,20260821,0.5,8.009003387838604,38.009003387838604,0.7,6,152.72339976791824,478.35582476854324,230.1906528483544,0.4772949934414699,0.5572873846394941,10,27.39030000000131,6,1
local_search,36,20260821,0.5,10.409283911287783,15.409283911287783,0.95,1,152.46372194470544,463.39117762446404,257.41377770704656,0.2695870909105289,0.7291293718076,10,17.863099999999577,1,0
local_search,37,20260821,0.5,8.941198706626892,28.941198706626892,0.8,4,135.5926174707711,460.4014704823494,238.5639746710658,0.5925414236150472,0.6104791023147603,10,17.9248999999988,4,0
local_search,38,20260821,0.5,6.2220907726883885,41.22209077268839,0.65,7,116.15809567244007,385.0941667556763,182.77812204080132,0.7902255484505709,0.4747431393867979,10,15.967100000002787,7,2
local_search,39,20260821,0.5,6.9814605927467355,26.981460592746735,0.8,4,141.50780360400677,478.171595454216,239.59832634031773,0.5895368527371133,0.5564441159988444,10,18.1551000000022,4,2
local_search,40,20260821,0.5,7.552702464163304,42.5527024641633,0.65,7,167.11334877747757,443.08696413040167,216.3899302986952,0.614175689252739,0.5454785670309018,10,22.959499999998023,7,1
local_search,41,20260821,0.5,10.512999463677405,25.512999463677403,0.85,3,158.49778833371752,464.6445135474205,261.5225721168167,0.2839404500997932,0.7454687209799885,10,12.560899999999542,3,0
local_search,42,20260821,0.5,9.581457145866006,29.581457145866004,0.8,4,141.42520279088058,479.5858733057976,267.31998876133,0.48565377445881347,0.6662217270922459,10,16.09790000000011,4,0
local_search,43,20260821,0.5,9.83606917887926,29.83606917887926,0.8,4,159.4017960964702,454.89384093880653,261.27030170476064,0.5047487798919482,0.6862536024767906,10,23.965399999998915,4,0
local_search,44,20260821,0.5,7.9046667581796655,17.904666758179665,0.9,2,123.05703851622012,471.6625804901123,219.05630094847746,0.1755260888741075,0.6085763930963974,10,20.42330000000092,2,0
local_search,45,20260821,0.5,7.396614413857461,32.39661441385746,0.75,5,173.2034797390302,464.40693628787994,220.5780669172605,0.5159664899539432,0.564988260374715,10,29.178899999998897,5,1
local_search,46,20260821,0.5,8.326249168803916,18.326249168803916,0.9,2,124.35761757520962,456.56102085113525,225.5981367114,0.4838655721195768,0.6138671451088158,10,17.195099999999464,2,0
local_search,47,20260821,0.5,8.586099289441481,38.58609928944148,0.7,6,155.54111590143293,468.89648389816284,231.96086590643972,0.42182353799725353,0.5784426732808545,10,20.52740000000064,6,0
local_search,48,20260821,0.5,7.812534587979316,17.812534587979314,0.9,2,129.3965089083132,421.7267545461655,223.59931203329728,0.6565793914024607,0.5685649018113812,10,17.624900000001276,2,1
local_search,49,20260821,0.5,10.064241297543049,35.06424129754305,0.75,5,174.56140672316158,475.73627483844757,229.76634257187445,0.31601375923581587,0.6970959003859509,10,23.909799999998427,5,0
local_search,50,20260821,0.5,6.94676156084286,26.94676156084286,0.8,4,156.0946011661581,471.5163482427597,271.8207240036718,0.6761314957371213,0.5295188306109291,10,30.286799999999836,4,0
local_search,51,20260821,0.5,8.188601784855127,23.188601784855127,0.85,3,160.3988514695974,424.4087865352631,248.60304616260177,0.5808809398824392,0.5853438432716453,10,13.131399999999793,3,0
local_search,52,20260821,0.5,11.275398915410042,26.275398915410044,0.85,3,162.10603194996057,456.0083713531494,272.2905810957994,0.36054718954384884,0.7954149783899387,10,20.89880000000033,3,1
local_search,53,20260821,0.5,7.141968388855457,27.141968388855457,0.8,4,121.73390634427781,460.7939394824207,225.19545847619884,0.5947774632484322,0.5521858544865003,10,11.481999999999992,4,0
local_search,54,20260821,0.5,6.093769215941429,46.09376921594143,0.6,8,111.8871500864625,475.0655896663666,184.0462944433093,0.7256558812083642,0.45695166016618405,10,15.065800000000351,8,1
local_search,55,20260821,0.5,9.299278029352426,19.299278029352426,0.9,2,156.6129047928585,432.77756506204605,239.97199647211366,0.23256481489125228,0.6893253128432358,10,29.46429999999811,2,1
local_search,56,20260821,0.5,9.90756356716156,14.90756356716156,0.95,1,177.22990233019777,473.29390373826027,286.6634421223088,0.41695941403817083,0.7233106022079786,10,34.85810000000189,1,0
local_search,57,20260821,0.5,7.239444417208433,32.23944441720843,0.75,5,127.10237641036511,479.31818556785583,211.10179729163647,0.6594838589900206,0.5437210627753909,10,14.3481999999997,5,0
local_search,58,20260821,0.5,10.346404227614403,25.346404227614403,0.85,3,177.62471056817208,417.52512240409857,277.28913680376377,0.4991456239316003,0.7185627192569276,10,33.85409999999833,3,0
local_search,59,20260821,0.5,12.042328453641385,27.042328453641385,0.85,3,219.32933062577948,477.1815162599087,284.4334291210946,0.27804829582477136,0.7990796088231339,10,35.73890000000013,3,0
local_search,60,20260821,0.5,8.85449389398098,33.85449389398098,0.75,5,160.30986869533857,479.070654630661,291.4040758033594,0.49739752792955955,0.634718015200148,10,25.068400000001212,5,1
local_search,61,20260821,0.5,11.668084413409236,16.668084413409236,0.95,1,145.34485321609597,471.513923227787,243.28514846061407,0.15890557316114132,0.8071918967490395,10,11.871100000000467,1,0
local_search,62,20260821,0.5,7.8716972818970685,17.87169728189707,0.9,2,119.79675325006247,479.6112735271454,234.19715476284424,0.5874365389289556,0.5948800692489992,10,10.209599999996932,2,0
local_search,63,20260821,0.5,9.94757037945092,14.94757037945092,0.95,1,142.35969945945237,433.3644946813584,237.76622897072843,0.37016101452781114,0.7264359583496117,10,15.81879999999991,1,0
local_search,64,20260821,0.5,8.809603934884073,28.809603934884073,0.8,4,137.0539917331189,475.2512730360031,223.92283122055233,0.4796525587114453,0.5942502061836422,10,18.979599999999763,4,0
local_search,65,20260821,0.5,7.98286802828312,37.98286802828312,0.7,6,138.99517735732454,471.1075390577316,236.4997313650591,0.6420503255861287,0.5812054716981948,10,11.11309999999932,6,1
local_search,66,20260821,0.5,9.393047910928725,29.393047910928725,0.8,4,144.8384716603905,448.07416462898254,232.07434027083218,0.5186108273506858,0.649096047754089,10,16.750899999999902,4,1
local_search,67,20260821,0.5,8.374715566337109,38.37471556633711,0.7,6,135.8311452312129,432.5060992836953,189.05569137419974,0.5737205152000698,0.5811354237763832,10,12.361700000000475,6,1
local_search,68,20260821,0.5,7.833744157552718,17.83374415755272,0.9,2,168.47683702781796,449.0547164678574,248.74450027818486,0.5883939373198228,0.579361675834904,10,19.410200000002042,2,0
local_search,69,20260821,0.5,9.57442156560719,29.57442156560719,0.8,4,127.72205299139023,441.5006842613221,206.28998106718063,0.23350695305777383,0.6791726206778549,10,7.736999999999661,4,1
local_search,70,20260821,0.5,8.285420972611755,28.285420972611753,0.8,4,149.28106548660435,466.0612617135048,235.67015054100193,0.5833723803158634,0.6068065611597073,10,19.016800000001055,4,1
local_search,71,20260821,0.5,7.5524499437958,37.5524499437958,0.7,6,144.95817330160313,438.4963490962983,254.8148053554552,0.7072334061779042,0.524116857338231,10,17.007700000001513,6,1
local_search,72,20260821,0.5,9.357776113897563,34.357776113897565,0.75,5,124.25371027390162,474.9677224159241,227.58482450644175,0.5336467608458489,0.6436341721331702,10,10.6105000000003,5,0
local_search,73,20260821,0.5,6.965762879997492,21.96576287999749,0.85,3,166.1527595143108,470.52545469999313,265.3731303223792,0.7686013134437343,0.5325918181876963,10,27.105399999999058,3,0
local_search,74,20260821,0.5,8.854422413110733,38.85442241311073,0.7,6,144.18181731126137,462.1138189435005,241.16910124357258,0.38740587795207054,0.6174178335505227,10,21.666400000000863,6,0
local_search,75,20260821,0.5,9.169493907541037,34.16949390754104,0.75,5,159.9996911327044,456.445913553238,225.19184315601984,0.5987488639431029,0.623411141638644,10,28.854999999999187,5,0
local_search,76,20260821,0.5,9.312035188823938,24.312035188823938,0.85,3,157.76661923703026,477.89842796325684,231.0401110088124,0.17777522084864228,0.6584393335894372,10,25.358999999998133,3,0
local_search,77,20260821,0.5,8.007654500007629,38.00765450000763,0.7,6,210.05186732618935,466.8758864402771,259.9987237184708,0.4129378386885227,0.5758399532797436,10,28.255700000000772,6,1
local_search,78,20260821,0.5,9.153926491513849,24.15392649151385,0.85,3,137.27182450518012,441.39423125982285,218.73324335476056,0.37062589034363674,0.6507253384411645,10,12.939300000000209,3,0
local_search,79,20260821,0.5,9.423775181770324,19.423775181770324,0.9,2,146.49836298450828,479.9562386870384,262.660129185766,0.5842002678296827,0.6767591232123473,10,13.062599999999591,2,0
local_search,80,20260821,0.5,10.982108851373194,45.9821088513732,0.65,7,180.1173262905616,445.46036677062517,285.5054491563485,0.3544042414252707,0.7088770207172881,10,22.478899999998525,7,1
local_search,81,20260821,0.5,9.539362322092057,34.53936232209206,0.75,5,139.2071103482197,436.8929364681244,229.04331606912118,0.5945861387806018,0.6504876215631763,10,19.839599999997404,5,0
local_search,82,20260821,0.5,9.643316279351712,9.643316279351712,1.0,0,124.32711675018072,443.8995934426785,239.12414682656527,0.2789105618083784,0.6980893913811694,10,14.778100000000016,0,0
local_search,83,20260821,0.5,8.72508582353592,23.72508582353592,0.85,3,122.91176279678066,472.28606057167053,199.0173739282524,0.36249048618065294,0.6289107188892862,10,11.38740000000027,3,0
local_search,84,20260821,0.5,5.871341526359321,40.87134152635932,0.65,7,127.64545220939014,414.5187302827835,203.11662025520434,0.8313115513629852,0.4599657041563963,10,23.215699999999728,7,0
local_search,85,20260821,0.5,9.038134606927635,24.038134606927635,0.85,3,153.02787041664126,476.5437729358673,271.18781186903226,0.22889432163508716,0.6655790011631325,10,12.870499999997342,3,1
local_search,86,20260821,0.5,8.201677851080895,28.201677851080895,0.8,4,177.56381566869095,455.83951157331467,266.50559078203514,0.609672946825261,0.6098543767196437,10,14.066700000000765,4,1
local_search,87,20260821,0.5,8.453324016332626,23.453324016332626,0.85,3,147.79661219238358,452.76359611749655,255.732739465859,0.3128363657657052,0.6351687724081179,10,14.318099999999667,3,1
local_search,88,20260821,0.5,9.034143150448799,29.0341431504488,0.8,4,174.48566282261163,442.49760711193085,262.24706938583404,0.5882291809673174,0.6179241243439417,10,21.366300000000393,4,0
local_search,89,20260821,0.5,7.280834018588067,37.28083401858807,0.7,6,95.88881780845779,473.7041167616844,234.6744840996606,0.7097840914400294,0.5312934391821424,10,24.829600000002117,6,0
local_search,90,20260821,0.5,8.580133088603615,33.58013308860362,0.75,5,149.8802274564902,473.27086132764816,254.80090869466463,0.5837934846761775,0.616673598488948,10,17.882500000001578,5,0
local_search,91,20260821,0.5,10.522487732470037,15.522487732470037,0.95,1,155.95926301258518,420.92873895168304,230.21637704026102,0.07750803436266952,0.7626295691821724,10,14.236200000000032,1,0
local_search,92,20260821,0.5,9.288766021430494,19.288766021430494,0.9,2,112.61309748681055,447.60904708504677,215.17498325101204,0.26983451213511594,0.6634375435765832,10,11.145300000000802,2,1
local_search,93,20260821,0.5,6.329564375728369,41.32956437572837,0.65,7,160.9495495901658,437.39835941791534,222.8523162993101,0.825195348316015,0.4844006358878687,10,30.561000000000504,7,1
local_search,94,20260821,0.5,9.911823258399963,19.911823258399963,0.9,2,148.74358520035943,457.17637833952904,258.6558706574142,0.2228380528140857,0.6993150238879025,10,21.066400000000485,2,1
local_search,95,20260821,0.5,9.364539914727212,44.36453991472721,0.65,7,178.6348862189513,468.6188754141331,255.3628856218778,0.6095298617207825,0.6184656216142078,10,18.742399999999826,7,0
local_search,96,20260821,0.5,7.445419034659864,22.445419034659864,0.85,3,154.00357803132604,462.8745378628373,241.3492800308501,0.5780850659919994,0.5591364108802129,10,25.377800000002004,3,0
local_search,97,20260821,0.5,10.264666391909122,20.264666391909124,0.9,2,132.5281130700476,461.87666577100754,234.03262674104838,0.4866383490412177,0.7044097085017711,10,10.398399999999697,2,0
local_search,98,20260821,0.5,8.76615951627493,18.766159516274932,0.9,2,146.97312003456884,448.79798197746277,241.6629785903626,0.5816862396179155,0.6615145835870255,10,16.570600000002322,2,1
local_search,99,20260821,0.5,8.456151737421752,33.45615173742175,0.75,5,153.4756624168406,447.86887679994106,249.62681133213144,0.6022231921894909,0.5841745694711183,10,18.10379999999956,5,0
tabu,0,20260821,0.5,11.147920905649661,26.147920905649663,0.85,3,166.41954642315122,419.2026332169771,252.42350654873778,0.09914292803424568,0.7514542157606533,10,21.29140000000085,3,0
tabu,1,20260821,0.5,6.719331360459328,21.71933136045933,0.85,3,121.87108594880387,452.69338381290436,208.47998397490556,0.8208062539457791,0.5345331642776727,10,16.61360000000034,3,1
tabu,2,20260821,0.5,8.777760720103979,18.777760720103977,0.9,2,137.22097978502927,445.49581580609083,232.96236565222756,0.5090671975490095,0.6283223720849491,10,19.47450000000206,2,1
tabu,3,20260821,0.5,6.5858396643400186,41.58583966434002,0.65,7,121.56269296774498,425.9420640170574,185.4789461172544,0.8293902367224149,0.46436665033300717,10,23.94779999999841,7,0
tabu,4,20260821,0.5,9.224155194163322,14.224155194163322,0.95,1,172.34875391835445,460.55011651292443,284.3645726522725,0.42714597171236596,0.6783373442478478,10,42.86420000000124,1,1
tabu,5,20260821,0.5,9.02271993458271,39.02271993458271,0.7,6,190.2332718627794,442.91525745391846,265.1903300157615,0.5824600348322783,0.627745828901728,10,31.567799999997703,6,0
tabu,6,20260821,0.5,10.0963689863123,20.0963689863123,0.9,2,141.44233633629563,434.8012193441391,224.2573859249759,0.08397153931486152,0.7178784307063324,10,22.981000000000584,2,1
tabu,7,20260821,0.5,9.38468134999275,29.38468134999275,0.8,4,122.77586323395374,432.54022920131683,217.2825848609209,0.4265811979636749,0.6810948529901604,10,11.701900000000265,4,1
tabu,8,20260821,0.5,7.590332325994966,22.590332325994964,0.85,3,176.99989871250685,473.64190351963043,266.8946628203232,0.5713729734989357,0.5828298077142486,10,34.69060000000024,3,0
tabu,9,20260821,0.5,10.095477186739444,30.095477186739444,0.8,4,153.35067692724988,406.22439136356115,217.4517436097376,0.3747365428837436,0.6716394397585342,10,21.5329000000013,4,0
tabu,10,20260821,0.5,6.705182167328893,36.70518216732889,0.7,6,107.8993876193251,429.17382651567465,202.35588275109018,0.6764165882541808,0.47579073825424223,10,38.14350000000033,6,0
tabu,11,20260821,0.5,9.002410939335823,29.002410939335824,0.8,4,125.42303908616304,466.20072615146637,237.8753230907023,0.6105842650823181,0.6204380709677935,10,27.605699999998734,4,0
tabu,12,20260821,0.5,7.355332014858723,22.355332014858725,0.85,3,130.67871851079605,405.6528262197972,227.12749905445997,0.6306401306462674,0.5606943768293907,10,18.079599999999196,3,0
tabu,13,20260821,0.5,8.293317478597164,38.29331747859716,0.7,6,103.92767662102622,433.565903544426,195.74912261404097,0.5140032847163858,0.5741311190494647,10,34.981300000000104,6,0
tabu,14,20260821,0.5,9.754972048401832,29.754972048401832,0.8,4,157.04485894949175,461.67442363500595,258.03313033492304,0.5206750656085706,0.7060552748851479,10,35.614300000000654,4,1
tabu,15,20260821,0.5,7.676352367550135,42.67635236755014,0.65,7,171.41502618216552,406.18852114677435,226.55581404956487,0.5948942829226962,0.5594831079322224,10,37.70940000000067,7,1
tabu,16,20260821,0.5,9.782756617665289,14.782756617665289,0.95,1,112.68976371353001,459.0750558376312,235.9226788012801,0.21766812729747054,0.7230602398825188,10,29.61890000000178,1,0
tabu,17,20260821,0.5,7.580203928202391,17.58020392820239,0.9,2,146.31040609462394,443.32899832725525,248.18133147143655,0.30216299593271856,0.5989689531348026,10,35.98779999999824,2,0
tabu,18,20260821,0.5,9.711732891201972,24.711732891201972,0.85,3,166.09213214104668,460.94201301038265,260.9941428588594,0.2557504137855385,0.6974860883007448,10,29.85660000000223,3,0
tabu,19,20260821,0.5,10.389515677839515,25.389515677839515,0.85,3,173.4657240946065,434.3513380885124,269.57379977295506,0.5820026035080726,0.674974775291048,10,34.76700000000221,3,0
tabu,20,20260821,0.5,10.653372656106948,20.653372656106946,0.9,2,150.83184230369,454.2061365842819,236.54779596171446,0.2320438560218637,0.7506964915432036,10,28.19369999999921,2,0
tabu,21,20260821,0.5,8.84674901753664,28.846749017536638,0.8,4,146.83558321231976,463.3331112265587,231.4063104861416,0.4631003108241553,0.6257683600454281,10,34.37400000000057,4,1
tabu,22,20260821,0.5,10.578812159299853,25.57881215929985,0.85,3,139.9165827754666,444.7003891468048,249.4505391944857,0.3264310356784939,0.7488964674063027,10,22.970900000000682,3,0
tabu,23,20260821,0.5,8.37535117328167,43.37535117328167,0.65,7,158.59052505401465,459.39350736141205,249.8813814016489,0.6240093701810108,0.5852869470914206,10,45.914800000000255,7,1
tabu,24,20260821,0.5,7.5852288597822195,32.58522885978222,0.75,5,111.14652262330056,460.36380928754807,223.25983409285544,0.7631747905093522,0.5437091533715526,10,35.09399999999996,5,1
tabu,25,20260821,0.5,7.787672780677676,22.787672780677674,0.85,3,112.48982732195188,461.1459336876869,229.4396090273033,0.38250572266550287,0.5727954608659881,10,30.05770000000041,3,0
tabu,26,20260821,0.5,6.740997531712056,11.740997531712056,0.95,1,134.3218416273594,478.67403757572174,248.10432871548753,0.7040937832597648,0.5328644569807997,10,28.08970000000155,1,0
tabu,27,20260821,0.5,6.66201511944644,41.66201511944644,0.65,7,170.67950168653175,472.8358097076416,252.938993093486,0.7324349296465472,0.47482464721494266,10,25.724300000000255,7,1
tabu,28,20260821,0.5,9.909256818443538,24.909256818443538,0.85,3,137.7998724737588,467.95573872327805,263.74338279576864,0.3856141584702867,0.691107126705659,10,14.849900000000638,3,0
tabu,29,20260821,0.5,5.94226053878665,20.94226053878665,0.85,3,109.74133301482482,455.5488374531269,208.61822366013246,0.2757776073711441,0.4799894665445512,10,14.385800000001225,3,1
tabu,30,20260821,0.5,9.753957403916864,39.753957403916864,0.7,6,172.08081136005265,463.243234872818,275.359751701355,0.4682801735572699,0.6834986488024394,10,37.011999999998935,6,2
tabu,31,20260821,0.5,7.8325096297264105,47.83250962972641,0.6,8,163.10104679316282,426.07458853721624,206.7717633768916,0.777782597221511,0.5488014564538994,10,25.68900000000074,8,1
tabu,32,20260821,0.5,9.705541673172265,24.705541673172263,0.85,3,147.14879220395406,448.4304783567786,224.56270489995094,0.42858987094797407,0.6656830699930045,10,18.26300000000014,3,1
tabu,33,20260821,0.5,5.949490137472749,20.94949013747275,0.85,3,162.0871211899554,479.4275191128254,249.4126805360703,0.803015793401379,0.5020567777139755,10,34.419899999999615,3,0
tabu,34,20260821,0.5,10.706155894994735,30.706155894994737,0.8,4,170.4766335664317,462.31720519065857,252.3283011233434,0.26882721373239526,0.7149039532678823,10,28.179900000001368,4,0
tabu,35,20260821,0.5,10.20635820426047,25.206358204260468,0.85,3,140.28035068468137,450.94291415810585,249.93721307332024,0.42950340875209225,0.6987686567512962,10,17.35890000000051,3,0
tabu,36,20260821,0.5,8.291391649506986,13.291391649506986,0.95,1,139.39589851231952,472.73602974414825,244.34595427466067,0.22305944801565805,0.6188224831731836,10,21.135499999998864,1,0
tabu,37,20260821,0.5,7.027459985315799,22.0274599853158,0.85,3,138.6019186754437,437.3719092607498,237.0106682873824,0.5836327555913395,0.5165771407851328,10,22.055700000000122,3,2
tabu,38,20260821,0.5,6.2220907726883885,41.22209077268839,0.65,7,116.15809567244007,385.0941667556763,182.77812204080132,0.7902255484505709,0.4747431393867979,10,22.51629999999949,7,2
tabu,39,20260821,0.5,7.877247458100318,32.87724745810032,0.75,5,164.21764076153437,479.6495164632797,242.70880949894587,0.4975713037021514,0.5743296564556658,10,32.8122000000004,5,1
tabu,40,20260821,0.5,6.772770639955999,41.772770639956,0.65,7,167.11334877747757,443.08696413040167,216.3899302986952,0.5889088917108809,0.5048571178534379,10,32.55270000000099,7,1
tabu,41,20260821,0.5,10.529916137456894,35.529916137456894,0.75,5,161.32750492990016,428.7390568256378,229.69346201121806,0.2938275430267932,0.7376390012912453,10,20.495300000001215,5,2
tabu,42,20260821,0.5,8.951687226295471,33.95168722629547,0.75,5,124.67151810477178,471.82063204050064,218.9218657190601,0.5974134213698041,0.6177962104479472,10,23.137100000000466,5,0
tabu,43,20260821,0.5,8.73523708820343,33.735237088203434,0.75,5,126.12406220796207,473.56081676483154,238.27800121667485,0.5826962925593484,0.6331562661255399,10,27.500800000001213,5,1
tabu,44,20260821,0.5,10.158140569329262,20.158140569329262,0.9,2,139.23407559924655,463.7524264752865,235.23333803150388,0.350631179756535,0.7259448207604389,10,21.208199999999344,2,0
tabu,45,20260821,0.5,7.6060216364264495,27.606021636426448,0.8,4,147.48632343532518,462.797743499279,232.16122139291838,0.49771454198824994,0.574792794091627,10,29.984000000001565,4,0
tabu,46,20260821,0.5,7.289296584045514,22.289296584045516,0.85,3,123.47651893859181,452.6875850707293,209.65947144429254,0.6550206936868505,0.5468383649630899,10,15.664300000001852,3,0
tabu,47,20260821,0.5,9.18476377733983,34.18476377733983,0.75,5,146.45179299227894,445.3655391335488,241.83415583483875,0.39561919299458437,0.6294147813115462,10,27.53169999999905,5,0
tabu,48,20260821,0.5,7.187609865963459,17.18760986596346,0.9,2,122.5427974116885,421.9257506132126,216.7456005366726,0.6705828907476826,0.5364956889146318,10,27.709099999999154,2,1
tabu,49,20260821,0.5,8.949953997954726,28.949953997954726,0.8,4,168.35467108292505,477.7082974910736,243.46000517485663,0.36241393065061356,0.6494767705095,10,18.754899999999353,4,0
tabu,50,20260821,0.5,6.7641506522893895,26.764150652289388,0.8,4,156.47971156053245,471.5163482427597,272.20583439804614,0.7030863450975605,0.5200078457904358,10,30.909499999998147,4,0
tabu,51,20260821,0.5,8.146854933649301,28.1468549336493,0.8,4,140.76989992754534,406.1718721091748,218.2795290206559,0.4578592541698585,0.5815639875285948,10,22.895600000000904,4,1
tabu,52,20260821,0.5,12.180633141994473,22.180633141994473,0.9,2,177.86154214872255,464.3807579278946,292.9559058878157,0.20737002265893303,0.8411788092615704,10,29.20699999999954,2,0
tabu,53,20260821,0.5,8.160080184936524,28.160080184936525,0.8,4,149.42648909660056,419.779829621315,229.9596379105933,0.35407795033034967,0.6151268077703814,10,26.228500000001098,4,1
tabu,54,20260821,0.5,6.093769215941429,46.09376921594143,0.6,8,111.8871500864625,475.0655896663666,184.0462944433093,0.7256558812083642,0.45695166016618405,10,18.993799999999617,8,1
tabu,55,20260821,0.5,9.03623686850071,24.03623686850071,0.85,3,158.8781089171329,465.96878719329834,245.84655890241265,0.39748716984748944,0.6591790044369797,10,28.183199999999964,3,0
tabu,56,20260821,0.5,9.971143674850463,29.971143674850463,0.8,4,165.017767585814,440.679305434227,271.0654508881271,0.4950451625807893,0.7015723551313082,10,36.17719999999913,4,1
tabu,57,20260821,0.5,8.556480241566895,23.556480241566895,0.85,3,129.24570329487324,474.0867097377777,248.19178548367586,0.5996682873443807,0.6363125441673523,10,24.065299999998402,3,1
tabu,58,20260821,0.5,8.202474808394909,28.20247480839491,0.8,4,144.34786716476083,424.83269804716116,235.09671220555902,0.5611640799603441,0.6086272369914998,10,33.322099999999466,4,1
tabu,59,20260821,0.5,11.378944448828697,16.378944448828697,0.95,1,195.3494157791138,465.6492583155632,290.30855748527927,0.38611997847077173,0.7848408587587377,10,37.75540000000177,1,0
tabu,60,20260821,0.5,8.85449389398098,33.85449389398098,0.75,5,160.30986869533857,479.070654630661,291.4040758033594,0.49739752792955955,0.634718015200148,10,23.289899999999086,5,1
tabu,61,20260821,0.5,11.668084413409236,16.668084413409236,0.95,1,145.34485321609597,471.513923227787,243.28514846061407,0.15890557316114132,0.8071918967490395,10,15.4040999999987,1,0
tabu,62,20260821,0.5,9.321034441292285,24.321034441292284,0.85,3,128.71233218393343,463.1756519973278,224.81105731350974,0.19918805534979425,0.6625538787028442,10,15.951600000000177,3,0
tabu,63,20260821,0.5,9.691216810494659,24.69121681049466,0.85,3,136.10948259602574,427.23460429906845,222.5579704282915,0.3378386936091117,0.6910604914107049,10,29.879399999999556,3,1
tabu,64,20260821,0.5,8.162228674539366,28.162228674539364,0.8,4,133.28491790467524,451.1728502162732,235.6629102329316,0.6374844175438089,0.5696778066145877,10,29.683299999999413,4,1
tabu,65,20260821,0.5,7.415372536778451,37.41537253677845,0.7,6,130.44292087427206,435.62482440471655,205.17187828889914,0.6059347809388831,0.5461131532055636,10,23.362499999999287,6,0
tabu,66,20260821,0.5,9.393047910928725,29.393047910928725,0.8,4,144.8384716603905,448.07416462898254,232.07434027083218,0.5186108273506858,0.649096047754089,10,27.21830000000036,4,1
tabu,67,20260821,0.5,8.407426327168942,38.40742632716894,0.7,6,136.54533319388116,434.86987763643265,189.769879336868,0.5764010515783726,0.5828391092363744,10,29.38789999999969,6,1
tabu,68,20260821,0.5,8.555950040072203,33.555950040072204,0.75,5,159.0561803643902,443.15475331246853,243.0200448696812,0.6025012250289069,0.5846848989448821,10,54.371100000000894,5,0
tabu,69,20260821,0.5,8.760078558325768,28.760078558325766,0.8,4,127.67683240445331,442.7986588478089,206.2447604802437,0.4765787524771942,0.6367589223819475,10,25.759700000000052,4,1
tabu,70,20260821,0.5,7.969503240045158,17.969503240045157,0.9,2,133.74652353301647,479.85116970539093,252.38654839371642,0.5932048163869303,0.6057032935660875,10,36.21059999999776,2,0
tabu,71,20260821,0.5,7.5524499437958,37.5524499437958,0.7,6,144.95817330160313,438.4963490962983,254.8148053554552,0.7072334061779042,0.524116857338231,10,31.303600000001985,6,1
tabu,72,20260821,0.5,9.357776113897563,34.357776113897565,0.75,5,124.25371027390162,474.9677224159241,227.58482450644175,0.5336467608458489,0.6436341721331702,10,22.271800000005726,5,0
tabu,73,20260821,0.5,8.010717755556108,28.010717755556108,0.8,4,168.9715543286875,455.3291783928871,243.33098280150443,0.6185109871390142,0.5771998666226864,10,53.89219999999639,4,1
tabu,74,20260821,0.5,9.146111913621425,34.146111913621425,0.75,5,155.08563138842584,476.83380287885666,266.54448135495187,0.41730439123218327,0.6430266620125621,10,32.46179999999832,5,0
tabu,75,20260821,0.5,9.169493907541037,34.16949390754104,0.75,5,159.9996911327044,456.445913553238,225.19184315601984,0.5987488639431029,0.623411141638644,10,29.26840000000297,5,0
tabu,76,20260821,0.5,8.535287332087757,33.535287332087755,0.75,5,154.94556883014738,477.4330897331238,216.82174918092787,0.43189398439946963,0.5955878826556729,10,32.17860000000172,5,0
tabu,77,20260821,0.5,8.069199584908784,43.06919958490879,0.65,7,179.74144440975326,459.06073697656393,239.4615761875533,0.46519296913754116,0.5624583116208669,10,54.008900000003024,7,0
tabu,78,20260821,0.5,9.729356209337709,29.72935620933771,0.8,4,131.02411061245948,463.49946220219135,227.9212113255635,0.46004125521775546,0.6747535740180561,10,32.48630000000219,4,1
tabu,79,20260821,0.5,8.122565130591394,23.122565130591394,0.85,3,164.74869951474315,472.77377885580063,290.3424972720882,0.6034120447078878,0.5970085999617973,10,43.43789999999714,3,0
tabu,80,20260821,0.5,11.869860525131225,41.86986052513122,0.7,6,162.91155954343932,434.5458012223244,267.6977730521134,0.3581874479835415,0.7661385685826341,10,36.83489999999878,6,0
tabu,81,20260821,0.5,8.86913848042488,38.86913848042488,0.7,6,136.28066101124776,436.8929364681244,217.22707081998564,0.6160707438772561,0.6093301297165453,10,26.988500000001636,6,0
tabu,82,20260821,0.5,9.474727854132652,9.474727854132652,1.0,0,128.61118083596233,478.0470226407051,243.40821091234685,0.28538688643153015,0.6893087442343434,10,20.896899999996776,0,0
tabu,83,20260821,0.5,7.85446820139885,27.854468201398852,0.8,4,141.67943952791393,479.93394446372986,212.31451042182744,0.23889156941417128,0.5816446429739397,10,23.08549999999876,4,1
tabu,84,20260821,0.5,5.860137658044697,40.8601376580447,0.65,7,127.27541674558933,414.5187302827835,202.74658479140356,0.8332457511746715,0.459382169348343,10,46.996699999999336,7,0
tabu,85,20260821,0.5,8.366282873610034,33.36628287361003,0.75,5,159.30347236096858,458.83339067548513,246.51854970157146,0.36758992541504976,0.6114312134610372,10,31.421999999999173,5,1
tabu,86,20260821,0.5,10.297823074907065,35.297823074907065,0.75,5,159.91619202891988,389.75412344932556,228.94482860366503,0.35752877749171197,0.7017541609626885,10,30.63470000000379,5,1
tabu,87,20260821,0.5,9.795383989214896,29.795383989214898,0.8,4,142.7122242692858,440.307036280632,264.6276280041784,0.5696835584291565,0.6856970816229782,10,24.12560000000319,4,0
tabu,88,20260821,0.5,8.696241353154182,28.696241353154182,0.8,4,167.48556783329695,433.4832736253739,254.54593012016267,0.6040827435872262,0.5940750727740427,10,26.78700000000056,4,0
tabu,89,20260821,0.5,7.280834018588067,37.28083401858807,0.7,6,95.88881780845779,473.7041167616844,234.6744840996606,0.7097840914400294,0.5312934391821424,10,21.643399999998536,6,0
tabu,90,20260821,0.5,8.471061574444175,28.471061574444175,0.8,4,152.5499982284382,473.27086132764816,277.3795105786994,0.5848220410259554,0.6255761238552319,10,24.32029999999763,4,0
tabu,91,20260821,0.5,9.64795149836689,14.64795149836689,0.95,1,158.9656252878669,469.7915182709694,233.22273931554273,0.41868245721890723,0.7170808069893004,10,22.754300000000782,1,0
tabu,92,20260821,0.5,10.759782588481904,30.759782588481904,0.8,4,166.67157381307334,455.9333274960518,237.4798125354573,0.34791183187334096,0.7150928437088928,10,30.154800000005366,4,0
tabu,93,20260821,0.5,6.329564375728369,41.32956437572837,0.65,7,160.9495495901658,437.39835941791534,222.8523162993101,0.825195348316015,0.4844006358878687,10,34.17749999999664,7,1
tabu,94,20260821,0.5,8.745086457952857,33.74508645795286,0.75,5,141.50282810827096,390.87893164157873,208.74378119607766,0.09354300771436015,0.6159185261892466,10,17.038399999998788,5,1
tabu,95,20260821,0.5,8.863909496068954,33.863909496068956,0.75,5,154.80440988242626,418.06465411186224,257.8297941297293,0.5851602558792978,0.6111411209218204,10,21.48040000000151,5,0
tabu,96,20260821,0.5,10.36091116577387,30.36091116577387,0.8,4,168.24500453472137,446.6661132276058,236.86438585445285,0.3052999633438187,0.6932766261665771,10,45.19039999999919,4,0
tabu,97,20260821,0.5,10.009021523296832,20.00902152329683,0.9,2,141.2699380165173,461.87666577100754,242.77445168751808,0.5131794284152724,0.691094871594881,10,16.17070000000176,2,0
tabu,98,20260821,0.5,8.628158167898656,13.628158167898656,0.95,1,135.2672771923244,458.18603870272636,243.3759160310422,0.4165793603660712,0.6629249058198183,10,23.429300000001874,1,0
tabu,99,20260821,0.5,8.456151737421752,33.45615173742175,0.75,5,153.4756624168406,447.86887679994106,249.62681133213144,0.6022231921894909,0.5841745694711183,10,32.0772999999992,5,0
alns,0,20260821,0.5,10.40471017256379,35.40471017256379,0.75,5,179.08557896936932,476.02784631587565,272.03569709385437,0.2729599727642876,0.6929536565284555,10,501.5484000000008,5,0
alns,1,20260821,0.5,6.364120864570141,26.36412086457014,0.8,4,133.57744582928717,473.2393206357956,209.08428101800382,0.7311918611337367,0.49708962920121846,10,304.75710000000333,4,0
alns,2,20260821,0.5,9.420100630447267,19.420100630447266,0.9,2,134.18402745616106,445.49581580609083,229.92541332335935,0.31686282754396955,0.6617775757486621,10,224.0564000000038,2,1
alns,3,20260821,0.5,7.267157753407955,32.26715775340796,0.75,5,134.41704911688964,473.9420640170574,222.2311977217595,0.6004915334149431,0.5269353010536482,10,264.3161000000003,5,0
alns,4,20260821,0.5,8.607772044241427,33.60777204424143,0.75,5,108.19903809527555,457.09162440896034,220.9557517240445,0.35353892477029863,0.5994240147061646,10,590.4205999999998,5,1
alns,5,20260821,0.5,9.529539639949798,29.529539639949796,0.8,4,137.52020160318352,460.4826761484146,252.09861586452462,0.5790780205404328,0.6775801880906026,10,394.5219000000044,4,0
alns,6,20260821,0.5,9.351352435052394,19.351352435052394,0.9,2,149.14436567533346,448.7950677871704,231.95941526401373,0.31074195121154025,0.6801644294367483,10,288.19509999999934,2,1
alns,7,20260821,0.5,10.426695937514305,35.4266959375143,0.75,5,147.85581123481194,408.41839504987007,229.50477045426766,0.26618724214668205,0.7138904148712754,10,209.80199999999627,5,0
alns,8,20260821,0.5,7.590332325994966,22.590332325994964,0.85,3,176.99989871250685,473.64190351963043,266.8946628203232,0.5713729734989357,0.5828298077142486,10,452.96079999999785,3,0
alns,9,20260821,0.5,10.095477186739444,30.095477186739444,0.8,4,153.35067692724988,406.22439136356115,217.4517436097376,0.3747365428837436,0.6716394397585342,10,298.1002999999998,4,0
alns,10,20260821,0.5,7.729543691128492,27.72954369112849,0.8,4,153.78679411672056,443.37771171331406,242.63893589563668,0.6083453017078037,0.5609137342544273,10,429.8149000000002,4,0
alns,11,20260821,0.5,9.002410939335823,29.002410939335824,0.8,4,125.42303908616304,466.20072615146637,237.8753230907023,0.6105842650823181,0.6204380709677935,10,431.87409999999994,4,0
alns,12,20260821,0.5,6.5082900489121664,21.508290048912166,0.85,3,120.1329228352098,453.92267924547195,216.58170337887373,0.8083811180733043,0.5165776077696742,10,271.05279999999607,3,0
alns,13,20260821,0.5,8.226516414880752,38.22651641488075,0.7,6,105.0164815057069,433.565903544426,196.83792749872165,0.5115192191591169,0.5706518969809016,10,327.2363999999985,6,0
alns,14,20260821,0.5,8.589073659181595,23.589073659181594,0.85,3,168.55791675365145,448.26311764121056,264.42923100226943,0.5818423341061266,0.6468267523683607,10,331.5591999999992,3,0
alns,15,20260821,0.5,7.676352367550135,42.67635236755014,0.65,7,171.41502618216552,406.18852114677435,226.55581404956487,0.5948942829226962,0.5594831079322224,10,391.5170000000021,7,1
alns,16,20260821,0.5,9.170880836367141,19.17088083636714,0.9,2,109.2778760644271,445.0438565358054,222.0617626560205,0.31834645355681324,0.6877333888046753,10,248.3561000000023,2,1
alns,17,20260821,0.5,7.869561977386475,32.869561977386475,0.75,5,116.67936671090622,433.48283076286316,221.61281693292162,0.35372887059646807,0.5786230189104874,10,530.6265999999997,5,0
alns,18,20260821,0.5,10.304089813977479,25.304089813977477,0.85,3,145.60429700683144,420.446180343628,246.26623609136132,0.28864516768316006,0.7277967803257829,10,267.8683999999993,3,1
alns,19,20260821,0.5,10.773834761083126,25.773834761083126,0.85,3,160.18068303080167,460.40332478284836,265.86533639360874,0.5786260498579436,0.7022656893512855,10,308.46079999999887,3,1
alns,20,20260821,0.5,10.2211659771204,35.2211659771204,0.75,5,152.26212687790394,436.4619925022125,206.7223836928606,0.24301643349339982,0.7057898931515714,10,269.94730000000544,5,0
alns,21,20260821,0.5,8.42135455727577,18.42135455727577,0.9,2,148.73034576285215,474.46496319770813,248.72827410408192,0.48412140907397705,0.6182997183874249,10,304.91560000000106,2,0
alns,22,20260821,0.5,10.528348125517368,30.52834812551737,0.8,4,153.63696844782683,436.7958583831787,246.1442431760952,0.2543873536624932,0.7337681321272006,10,256.5854000000023,4,0
alns,23,20260821,0.5,7.732047345042229,32.73204734504223,0.75,5,158.68553632423283,450.00850516185164,248.45592582151295,0.6890506847548972,0.5766691338270903,10,380.4492999999951,5,0
alns,24,20260821,0.5,8.344233982563019,28.34423398256302,0.8,4,120.31308398710098,461.0059842169285,226.52147452475037,0.6607224844975954,0.595533020577083,10,247.09259999999844,4,0
alns,25,20260821,0.5,5.761932106465102,20.761932106465103,0.85,3,120.34118377746029,458.63238376379013,214.49084370210767,0.6333491034410207,0.4717981357282649,10,309.22870000000205,3,1
alns,26,20260821,0.5,6.740997531712056,11.740997531712056,0.95,1,134.3218416273594,478.67403757572174,248.10432871548753,0.7040937832597648,0.5328644569807997,10,329.3206999999967,1,0
alns,27,20260821,0.5,6.66201511944644,41.66201511944644,0.65,7,170.67950168653175,472.8358097076416,252.938993093486,0.7324349296465472,0.47482464721494266,10,493.89640000000054,7,1
alns,28,20260821,0.5,11.46640733063221,36.46640733063221,0.75,5,174.18262869119644,436.9739600419998,272.03591281175613,0.16213217085403137,0.7565837158821522,10,262.14830000000336,5,0
alns,29,20260821,0.5,5.94226053878665,20.94226053878665,0.85,3,109.74133301482482,455.5488374531269,208.61822366013246,0.2757776073711441,0.4799894665445512,10,166.62480000000102,3,1
alns,30,20260821,0.5,8.683995072469116,28.683995072469116,0.8,4,159.7433697382221,456.18414771556854,275.28846419847105,0.6138091520267026,0.6387497443511772,10,380.31349999999975,4,0
alns,31,20260821,0.5,7.8325096297264105,47.83250962972641,0.6,8,163.10104679316282,426.07458853721624,206.7717633768916,0.777782597221511,0.5488014564538994,10,278.12160000000574,8,1
alns,32,20260821,0.5,9.705541673172265,24.705541673172263,0.85,3,147.14879220395406,448.4304783567786,224.56270489995094,0.42858987094797407,0.6656830699930045,10,282.0732999999933,3,1
alns,33,20260821,0.5,5.803910494223237,15.803910494223237,0.9,2,170.85695064067843,479.2520420141518,257.8885523577531,0.8061423284284199,0.5100995046280634,10,555.1220999999985,2,0
alns,34,20260821,0.5,8.646361291408537,38.64636129140854,0.7,6,138.04213924705982,398.56961226463324,192.12308464944363,0.50233286324439,0.5940535230872532,10,294.383499999995,6,1
alns,35,20260821,0.5,10.20635820426047,25.206358204260468,0.85,3,140.28035068468137,450.94291415810585,249.93721307332024,0.42950340875209225,0.6987686567512962,10,276.6104000000027,3,0
alns,36,20260821,0.5,8.00755107447505,13.00755107447505,0.95,1,123.59971677629571,444.61371982097626,228.54977253863686,0.6085196346039684,0.6040391198902701,10,252.71559999999482,1,0
alns,37,20260821,0.5,10.10790212187916,20.10790212187916,0.9,2,146.0008501942373,458.19781881570816,251.1605009869155,0.43923532400751253,0.6847865719833256,10,305.1820999999926,2,0
alns,38,20260821,0.5,6.2220907726883885,41.22209077268839,0.65,7,116.15809567244007,385.0941667556763,182.77812204080132,0.7902255484505709,0.4747431393867979,10,398.1652000000082,7,2
alns,39,20260821,0.5,7.983499514460564,22.983499514460565,0.85,3,117.40217837778962,478.171595454216,242.34976298230535,0.6034441117120232,0.592369765167435,10,271.4690000000033,3,0
alns,40,20260821,0.5,6.253256669342519,36.25325666934252,0.7,6,146.64220210909843,458.8241611123085,232.48934025423867,0.5931471617144288,0.4798571178534379,10,485.308799999995,6,0
alns,41,20260821,0.5,10.254096376001835,25.254096376001833,0.85,3,133.873202178189,457.7696184515953,236.8979859612882,0.17504785592512312,0.7428149270980309,10,232.90359999999666,3,1
alns,42,20260821,0.5,11.029663210511206,31.029663210511206,0.8,4,141.24176766886376,460.02118849754333,255.33872636198066,0.4376738713187751,0.74633662601312,10,244.8647999999949,4,0
alns,43,20260821,0.5,7.329514036774635,47.32951403677463,0.6,8,124.3525419329914,447.88154447078705,200.76689242773378,0.6073921730544823,0.5197663553059102,10,346.90880000000493,8,0
alns,44,20260821,0.5,10.158524914979935,20.158524914979935,0.9,2,139.19614419672223,463.7524264752865,235.19540662897958,0.3506220207113697,0.725964838763078,10,223.4714999999987,2,0
alns,45,20260821,0.5,9.011652229726314,29.011652229726316,0.8,4,143.9546375614591,476.5121142268181,237.32526999758556,0.4708603168920062,0.6615827102369318,10,330.8665000000026,4,1
alns,46,20260821,0.5,6.430697067156435,21.430697067156437,0.85,3,119.2012161977644,466.5328038930893,207.08835038162002,0.5544671359866861,0.5010779735205384,10,236.24219999999596,3,0
alns,47,20260821,0.5,7.121139081120489,32.12113908112049,0.75,5,161.37131739743054,475.0096408724785,253.93870164044202,0.7458541160723894,0.5212698709530135,10,570.6881000000053,5,1
alns,48,20260821,0.5,6.22865784868598,16.22865784868598,0.9,2,112.95388591475785,421.9257506132126,207.15668903974196,0.5890228621602877,0.4865502713480965,10,235.32469999999606,2,1
alns,49,20260821,0.5,8.064339886903763,33.06433988690377,0.75,5,162.93776912937562,465.66882495582104,241.85012544641893,0.6010912701322464,0.5939760351864,10,374.30230000000006,5,0
alns,50,20260821,0.5,6.4730147543549545,31.473014754354956,0.75,5,162.6723848462105,460.58796831965446,248.24570022821428,0.6198134433606066,0.492865350889042,10,469.6738999999859,5,0
alns,51,20260821,0.5,7.725467278808354,27.725467278808352,0.8,4,124.4152366053313,473.8990430235863,209.24945531971753,0.5828712088269226,0.5580972541356459,10,256.4591000000007,4,0
alns,52,20260821,0.5,9.885326364338399,39.8853263643384,0.7,6,138.70883339976095,444.3431326150894,259.35800148666436,0.4581883124317892,0.6914614463069787,10,458.84109999999725,6,1
alns,53,20260821,0.5,8.64215342760086,33.64215342760086,0.75,5,140.64985911920667,460.7939394824207,238.34952162578702,0.46253820651521943,0.6157371585257352,10,299.46140000000196,5,0
alns,54,20260821,0.5,5.801615423858166,40.801615423858166,0.65,7,100.76718230430896,475.0655896663666,169.2217771227543,0.8465194898750498,0.45423531701477865,10,162.00160000000352,7,1
alns,55,20260821,0.5,9.03623686850071,24.03623686850071,0.85,3,158.8781089171329,465.96878719329834,245.84655890241265,0.39748716984748944,0.6591790044369797,10,386.0021999999965,3,0
alns,56,20260821,0.5,8.537430014610289,13.537430014610289,0.95,1,169.36696478646056,455.1245857179165,278.8005045785716,0.5530389074678155,0.6606503536303838,10,421.7703000000022,1,1
alns,57,20260821,0.5,8.556480241566895,23.556480241566895,0.85,3,129.24570329487324,474.0867097377777,248.19178548367586,0.5996682873443807,0.6363125441673523,10,249.04290000000273,3,1
alns,58,20260821,0.5,9.075406457781792,19.075406457781792,0.9,2,150.49338660140833,428.1830828785897,250.01874075829983,0.5137671754382654,0.6643318110456069,10,292.9361000000057,2,1
alns,59,20260821,0.5,11.15962598271668,41.159625982716676,0.7,6,168.44617678757226,428.2115220427513,235.4955726340413,0.36886268028865143,0.7305759744757476,10,428.93890000000215,6,1
alns,60,20260821,0.5,8.828985967114567,33.82898596711457,0.75,5,134.73134407401085,478.41865253448486,287.1309230029583,0.38866959907355536,0.6219311442264976,10,464.8074000000015,5,1
alns,61,20260821,0.5,11.800451244600119,11.800451244600119,1.0,0,131.07624662257732,447.680825997144,241.9558098051697,0.14679242551808575,0.8271068355631239,10,194.27080000000174,0,0
alns,62,20260821,0.5,9.515161249488592,19.515161249488592,0.9,2,128.66674207647645,479.6112735271454,243.0671435892582,0.18679686768775922,0.680477150894391,10,239.0199999999929,2,0
alns,63,20260821,0.5,11.207531521916389,21.207531521916387,0.9,2,152.1884292057819,433.4566744565964,246.14796113885112,0.2536833491589303,0.7826839350784818,10,338.8780000000011,2,0
alns,64,20260821,0.5,8.162228674539366,28.162228674539364,0.8,4,133.28491790467524,451.1728502162732,235.6629102329316,0.6374844175438089,0.5696778066145877,10,311.9565999999985,4,1
alns,65,20260821,0.5,7.63907862007618,27.63907862007618,0.8,4,119.23715020157398,467.44530034065247,232.97003897465765,0.6331121201617262,0.5754728449198108,10,183.5757999999963,4,0
alns,66,20260821,0.5,9.393047910928725,29.393047910928725,0.8,4,144.8384716603905,448.07416462898254,232.07434027083218,0.5186108273506858,0.649096047754089,10,231.90449999999885,4,1
alns,67,20260821,0.5,9.698903271853924,29.698903271853922,0.8,4,137.2503054663539,444.6653106212616,209.86188428103924,0.39535451501821023,0.6717142572471251,10,243.4018000000009,4,1
alns,68,20260821,0.5,8.894877988100053,28.894877988100053,0.8,4,134.1886593741365,398.0175421237946,213.71728235529736,0.597483787515313,0.6154062975508471,10,369.7743999999972,4,1
alns,69,20260821,0.5,9.019070723056792,24.019070723056792,0.85,3,133.7410546510535,397.26214563846594,227.60930051917538,0.44095801617587943,0.6624746441220243,10,228.15280000000016,3,1
alns,70,20260821,0.5,8.524103521015494,33.52410352101549,0.75,5,134.17102528909842,434.5112510919571,218.41914726595084,0.3755968325139488,0.6082328168626797,10,434.23149999999214,5,1
alns,71,20260821,0.5,7.5524499437958,37.5524499437958,0.7,6,144.95817330160313,438.4963490962983,254.8148053554552,0.7072334061779042,0.524116857338231,10,404.10320000000866,6,1
alns,72,20260821,0.5,9.518988849669697,34.5189888496697,0.75,5,101.93485953609148,474.9677224159241,205.26597376863162,0.5488701130608873,0.6520306687879687,10,199.7737000000015,5,0
alns,73,20260821,0.5,9.512454852461815,24.512454852461815,0.85,3,163.66544465107077,459.4476307630539,255.08543013825135,0.4281097460754376,0.6673153582960367,10,353.8668000000129,3,0
alns,74,20260821,0.5,8.837360249757767,38.837360249757765,0.7,6,137.9287413337401,473.90560162067413,242.66400896438532,0.5914878487029256,0.616222605916361,10,250.38770000000454,6,1
alns,75,20260821,0.5,9.169493907541037,34.16949390754104,0.75,5,159.9996911327044,456.445913553238,225.19184315601984,0.5987488639431029,0.623411141638644,10,383.83520000000004,5,0
alns,76,20260821,0.5,9.133978601843118,34.13397860184312,0.75,5,156.0725271832819,421.42820411920553,217.94870753406238,0.6116906278193321,0.6455157610354946,10,472.56489999998763,5,2
alns,77,20260821,0.5,8.746857412755489,33.74685741275549,0.75,5,173.58986341655253,439.71445822715765,244.49666827619075,0.3855771622805044,0.6165029908996077,10,480.48740000000123,5,0
alns,78,20260821,0.5,8.786258562095462,23.786258562095462,0.85,3,158.6800146758118,479.41302996873856,233.45453019944185,0.5026630766770384,0.6383468000470507,10,375.07830000001263,3,0
alns,79,20260821,0.5,7.859131839871406,27.859131839871406,0.8,4,147.06497324630618,447.6067599058152,241.68076612055302,0.6264109699625123,0.5752889150132735,10,317.18839999999204,4,1
alns,80,20260821,0.5,10.498736181855202,50.4987361818552,0.6,8,162.06092113194367,464.31776144355536,254.78185684916875,0.44754913399158264,0.6878853424141805,10,375.0461999999999,8,1
alns,81,20260821,0.5,7.656276723742485,27.656276723742486,0.8,4,137.89963359385732,455.31132411956787,254.85259939357638,0.7280315661034042,0.5670819632709027,10,339.3122999999889,4,1
alns,82,20260821,0.5,8.490283581316474,18.490283581316476,0.9,2,152.18047652683325,459.74109303951263,238.4678130750027,0.5730666026180273,0.6282800044088314,10,341.5830999999869,2,1
alns,83,20260821,0.5,7.85446820139885,27.854468201398852,0.8,4,141.67943952791393,479.93394446372986,212.31451042182744,0.23889156941417128,0.5816446429739397,10,303.5710999999992,4,1
alns,84,20260821,0.5,7.023517011404037,32.02351701140404,0.75,5,122.77765381932258,467.1725944876671,230.54341358542442,0.4232433592633664,0.5464862250102063,10,486.30160000000444,5,1
alns,85,20260821,0.5,8.7708286935091,28.770828693509102,0.8,4,126.10673994757235,476.97364580631256,257.2675011213869,0.42445646367201145,0.6245223285009465,10,264.61099999999504,4,0
alns,86,20260821,0.5,10.406170788407323,35.40617078840732,0.75,5,183.14039438702167,423.0434210002423,252.16903096176685,0.22862991011588243,0.7253540874148408,10,367.89519999999953,5,2
alns,87,20260821,0.5,9.795383989214896,29.795383989214898,0.8,4,143.97887883149087,449.95508635044104,265.8942825663835,0.5696835584291565,0.6856970816229782,10,319.3619000000041,4,0
alns,88,20260821,0.5,8.561594247221946,23.561594247221947,0.85,3,149.4465265282813,471.5206242799759,247.9027045903837,0.6119470834103701,0.601645536068827,10,296.63230000000596,3,0
alns,89,20260821,0.5,8.660096204876899,28.6600962048769,0.8,4,111.24688652530313,470.7361916899681,234.06697818264365,0.43479128518417637,0.6325103804779549,10,252.92109999998758,4,1
alns,90,20260821,0.5,9.233945271968842,29.233945271968842,0.8,4,162.75977690331638,471.4376474618912,280.64424248971045,0.5931138042891942,0.6705179832565287,10,342.27230000000475,4,0
alns,91,20260821,0.5,9.64795149836689,14.64795149836689,0.95,1,158.9656252878669,469.7915182709694,233.22273931554273,0.41868245721890723,0.7170808069893004,10,279.3543000000156,1,0
alns,92,20260821,0.5,11.282061121463776,26.282061121463776,0.85,3,160.78809952209977,444.56487143039703,246.84031269304893,0.31349278535287534,0.7542740170533458,10,261.90490000001176,3,0
alns,93,20260821,0.5,6.329564375728369,41.32956437572837,0.65,7,160.9495495901658,437.39835941791534,222.8523162993101,0.825195348316015,0.4844006358878687,10,520.7791000000057,7,1
alns,94,20260821,0.5,8.721022627875207,33.72102262787521,0.75,5,142.08679661850135,390.87893164157873,209.32774970630805,0.062017764575557396,0.6146652017060357,10,236.72779999999705,5,1
alns,95,20260821,0.5,8.863909496068954,33.863909496068956,0.75,5,154.80440988242626,418.06465411186224,257.8297941297293,0.5851602558792978,0.6111411209218204,10,246.60889999999824,5,0
alns,96,20260821,0.5,8.075995303988456,33.075995303988456,0.75,5,157.65562189618745,439.7814700156451,228.9829619626204,0.707288098005038,0.5596872583031655,10,385.20370000001236,5,0
alns,97,20260821,0.5,9.139230149164796,24.139230149164796,0.85,3,127.96801310164089,418.87901054322725,213.1443882067414,0.5088708481126067,0.6385446799802594,10,195.81479999999374,3,1
alns,98,20260821,0.5,8.628158167898656,13.628158167898656,0.95,1,135.2672771923244,458.18603870272636,243.3759160310422,0.4165793603660712,0.6629249058198183,10,367.10459999999756,1,0
alns,99,20260821,0.5,8.456151737421752,33.45615173742175,0.75,5,153.4756624168406,447.86887679994106,249.62681133213144,0.6022231921894909,0.5841745694711183,10,405.71329999998085,5,0
ortools,0,20260821,0.5,9.241521060466766,39.241521060466766,0.7,6,140.74197094834275,464.85576969385147,236.0173959013607,0.1862222017186466,0.6282882858999074,10,2519.3327999999865,6,1
ortools,1,20260821,0.5,7.063541035652159,27.063541035652158,0.8,4,124.15661563910544,473.2393206357956,205.7976040598005,0.48836057338267735,0.5277885963208973,10,2513.571000000006,4,0
ortools,2,20260821,0.5,10.217555338181555,25.217555338181555,0.85,3,130.22050029192778,442.6330768465996,220.7862281884779,0.1622852097853898,0.6915393426723313,10,2512.0279999999866,3,0
ortools,3,20260821,0.5,6.822024061977864,31.822024061977864,0.75,5,130.920389983058,439.03705620765686,216.6933760970831,0.5774638031876056,0.5037512546249976,10,2510.84400000002,5,0
ortools,4,20260821,0.5,9.150702206790447,34.15070220679045,0.75,5,135.44834092830618,460.55011651292443,237.6602740642925,0.29172416083636626,0.6292032396886498,10,2513.659699999998,5,0
ortools,5,20260821,0.5,8.844342471808194,33.84434247180819,0.75,5,160.98278833329678,466.9300891160965,240.94233740270138,0.43211835556247724,0.6285867017616208,10,2511.7488000000067,5,1
ortools,6,20260821,0.5,8.232516722381115,18.232516722381114,0.9,2,121.32579462188814,458.4155475795269,244.16422616897358,0.4540245135005004,0.6186837188589077,10,2510.946300000008,2,1
ortools,7,20260821,0.5,7.800365705490111,47.80036570549011,0.6,8,153.90176716943583,433.1061633825302,223.06587885816893,0.5837424900049188,0.5465586634042363,10,2512.686300000013,8,1
ortools,8,20260821,0.5,8.459884543418884,38.45988454341888,0.7,6,133.06867957647358,462.82002475857735,222.31521206774883,0.5099991126596967,0.5979106523096561,10,2513.1034999999856,6,0
ortools,9,20260821,0.5,8.333233479261398,33.333233479261395,0.75,5,150.49503062913814,434.1510441303253,217.5361683840553,0.5907761826356756,0.5800664710191388,10,2512.087899999983,5,1
ortools,10,20260821,0.5,7.208257267400622,37.208257267400626,0.7,6,126.70444237866572,474.94822603464127,234.12176454173667,0.5509354857587522,0.5155464794991228,10,2511.442300000013,6,1
ortools,11,20260821,0.5,10.937367497980595,30.937367497980595,0.8,4,155.8871363522485,440.95735335350037,243.33932182285935,0.16825205664500703,0.7356397284970929,10,2515.174000000002,4,1
ortools,12,20260821,0.5,6.583802505545318,36.58380250554532,0.7,6,125.09928988346032,468.8854157626629,246.5209604139839,0.4423007262550038,0.5021262411552015,10,2510.912400000024,6,1
ortools,13,20260821,0.5,7.731533279232681,42.73153327923268,0.65,7,102.94651968633899,442.7976586818695,199.10237836809114,0.5405610285234236,0.5379455543336614,10,2511.7726999999804,7,1
ortools,14,20260821,0.5,8.384002021700145,38.38400202170014,0.7,6,135.83874148769038,461.65718641877174,227.7636589940105,0.16299797629446597,0.5996876048933093,10,2510.5681000000004,6,0
ortools,15,20260821,0.5,8.140707144588234,58.140707144588234,0.5,10,119.34790152907371,406.18852114677435,203.84374917149543,0.20612258783929177,0.5513765850337222,10,2513.2189000000126,10,1
ortools,16,20260821,0.5,8.679148586690426,23.679148586690424,0.85,3,140.56865963252153,453.16983368992805,228.36914747339839,0.37483165346719,0.6457889885175974,10,2513.1079999999743,3,0
ortools,17,20260821,0.5,9.575898142619991,34.57589814261999,0.75,5,165.58572214345136,450.2266433238984,241.6626295397679,0.3203634762837427,0.6660567075409443,10,2509.8344999999827,5,1
ortools,18,20260821,0.5,11.379820990413426,31.379820990413428,0.8,4,142.96940475702286,463.12526550889015,260.18809298053384,0.17936828543992775,0.7784285263701651,10,2512.1321999999964,4,1
ortools,19,20260821,0.5,9.75029655098915,44.75029655098915,0.65,7,98.72894752598725,464.3977333307266,216.73908192492448,0.3404755174347213,0.6091924854709456,10,2512.0503000000126,7,1
ortools,20,20260821,0.5,8.852303151115775,23.852303151115777,0.85,3,177.73941185325384,460.4496393799782,246.3924890384078,0.42002612158848457,0.6475157877857176,10,2511.5851000000193,3,0
ortools,21,20260821,0.5,9.096371449828148,39.09637144982815,0.7,6,156.69961409909385,463.2423497438431,217.95073854071754,0.252090759656278,0.6225137737269203,10,2510.669699999994,6,1
ortools,22,20260821,0.5,9.589817355424167,34.58981735542417,0.75,5,155.73067183047533,430.19288861751556,236.81320048123598,0.16648085119773723,0.6708238215573753,10,2510.7804000000015,5,0
ortools,23,20260821,0.5,6.3798838718980555,41.37988387189806,0.65,7,124.50049154345805,471.3769571185112,256.60371577968965,0.4629507463528895,0.48436895237537103,10,2510.525999999999,7,0
ortools,24,20260821,0.5,6.822570906579494,36.82257090657949,0.7,6,119.47838711312839,461.0059842169285,221.17502613152777,0.8510032975431159,0.5016529328965893,10,2511.4296999999938,6,1
ortools,25,20260821,0.5,7.096117276847362,37.096117276847366,0.7,6,136.48660976280058,461.87726125866175,209.88120721227355,0.339143567013598,0.5093420614760059,10,2511.5657000000056,6,1
ortools,26,20260821,0.5,8.436609286516905,28.436609286516905,0.8,4,104.82461468526165,432.2863077521324,217.99490860872902,0.4431208844786448,0.6075802446575835,10,2511.8235999999997,4,1
ortools,27,20260821,0.5,6.916618294222278,41.916618294222275,0.65,7,145.4703795285179,465.40047255158424,261.5681406460129,0.5907241103052173,0.4951255018332934,10,2511.722000000006,7,2
ortools,28,20260821,0.5,11.044269654154778,46.044269654154775,0.65,7,162.4421437090406,442.84007692337036,244.62353998709185,0.25615796809089925,0.7137640450770656,10,2512.2392000000245,7,0
ortools,29,20260821,0.5,6.583436363935471,16.58343636393547,0.9,2,102.43049102359348,477.5350339412689,219.93907568189832,0.2623726124937296,0.5168456438307961,10,2510.966699999997,2,0
ortools,30,20260821,0.5,10.08496301949024,50.08496301949024,0.6,8,115.498193043905,454.9738105535507,232.49923839016506,0.28478077160126936,0.6824604383359353,10,2512.0794999999703,8,1
ortools,31,20260821,0.5,7.277534371986985,42.27753437198699,0.65,7,157.22073994748868,454.908952832222,236.2624115399443,0.6114267762608563,0.5277882586543758,10,2513.610000000014,7,2
ortools,32,20260821,0.5,8.909050694108009,33.90905069410801,0.75,5,120.96167141770323,432.4579510986805,205.8307724652191,0.15859071430930732,0.595508204245319,10,2511.430199999978,5,1
ortools,33,20260821,0.5,5.234526605010033,40.23452660501003,0.65,7,169.14551820835243,441.0818781852722,217.2939553277997,0.6318259420858693,0.4368666253363093,10,2514.0466000000147,7,1
ortools,34,20260821,0.5,7.108977484107017,37.108977484107015,0.7,6,126.33139397416797,415.6995543241501,195.75455820986204,0.6713847144017147,0.507759244615833,10,2513.0735999999984,6,0
ortools,35,20260821,0.5,7.697589129656554,47.697589129656556,0.6,8,135.75216830521822,470.19364964962006,214.97247420996428,0.37327274757692225,0.5259161000372842,10,2514.075600000041,8,0
ortools,36,20260821,0.5,9.66033456519246,34.66033456519246,0.75,5,110.94345135887464,375.64204579591757,207.37000752886135,0.22206284636115275,0.6547049264811601,10,2512.5849999999164,5,0
ortools,37,20260821,0.5,7.511142936646939,37.51114293664694,0.7,6,106.18997247197798,452.1744320988655,203.80410570225544,0.4151055019842692,0.5162053640776625,10,2510.5401000000143,6,0
ortools,38,20260821,0.5,6.66379469498992,36.66379469498992,0.7,6,115.35742011213941,458.31572008132935,217.51498908629375,0.44102106681935954,0.48942408495737866,10,2513.1318999999903,6,1
ortools,39,20260821,0.5,6.90282672405243,31.90282672405243,0.75,5,131.58764122823874,430.171595454216,210.07880996565024,0.5712690693675425,0.5300071119020382,10,2513.5885000000258,5,2
ortools,40,20260821,0.5,6.56644867002964,56.566448670029644,0.5,10,162.71354988962415,458.3811719417572,229.77526558190584,0.698445284356672,0.459447685458387,10,2512.216999999964,10,1
ortools,41,20260821,0.5,9.930810440257192,29.93081044025719,0.8,4,153.37687485013157,428.0314322710037,237.41913849581033,0.24382861700159164,0.7202479511538211,10,2508.559900000023,4,1
ortools,42,20260821,0.5,9.386503171920776,44.38650317192078,0.65,7,140.88582877098366,479.1652841567993,257.2076299932714,0.39255411393784684,0.6250681572283308,10,2514.317899999952,7,1
ortools,43,20260821,0.5,10.184377649733797,45.1843776497338,0.65,7,160.65582082592525,454.8597329556942,232.11522129636543,0.2144756410434434,0.6855729089511442,10,2510.1720000000682,7,1
ortools,44,20260821,0.5,8.61433529406786,33.61433529406786,0.75,5,127.33409198919932,472.3076437115669,218.9468327442805,0.33604663210847835,0.6085591282850753,10,2511.5869000000257,5,0
ortools,45,20260821,0.5,8.674558151662348,48.674558151662346,0.6,8,152.65119268124303,450.4435511827469,199.67444761221608,0.32095560399510087,0.5928050136659295,10,2510.1316000000224,8,1
ortools,46,20260821,0.5,7.396800575330852,22.39680057533085,0.85,3,130.0530442947193,467.43529003858566,210.6620750007603,0.25351558318009704,0.5498333641987604,10,2514.3002000000365,3,0
ortools,47,20260821,0.5,8.342735038399697,53.342735038399695,0.55,9,156.83114498853683,437.9452761411667,219.23716035756198,0.4591867695359006,0.5382386390119791,10,2511.403099999967,9,1
ortools,48,20260821,0.5,6.882723532915115,21.882723532915115,0.85,3,146.42782677819625,449.8107139468193,229.05156744074296,0.6767177603700807,0.5034877218926948,10,2513.8058000000283,3,1
ortools,49,20260821,0.5,7.3371127655357125,47.337112765535714,0.6,8,153.5890836926798,412.98114524781704,197.3446718516449,0.24702836931775146,0.5160914113551067,10,2512.437900000009,8,1
ortools,50,20260821,0.5,7.399916564114393,37.39991656411439,0.7,6,108.20483371455755,475.7373286485672,244.04489110463433,0.3673528750538545,0.5227405781489021,10,2512.6033000000234,6,1
ortools,51,20260821,0.5,6.598880482316018,36.59888048231602,0.7,6,150.18082967187678,465.66727232933044,246.23916646625315,0.3721374530966853,0.47099488815292717,10,2510.9498999999287,6,1
ortools,52,20260821,0.5,9.897614593952893,29.897614593952895,0.8,4,153.75992327556014,464.4885782599449,277.2607080042362,0.2101909207555181,0.7129559646360575,10,2515.9146999999393,4,1
ortools,53,20260821,0.5,8.300108122229577,23.300108122229577,0.85,3,124.93872189171174,474.1781396865845,225.80494022369385,0.1374209924456829,0.6291722979396582,10,2511.6056999999614,3,0
ortools,54,20260821,0.5,5.888996255546807,40.88899625554681,0.65,7,107.29862894003207,406.0553697645664,175.75322375847742,0.7463582608225358,0.46207597147828583,10,2511.70970000004,7,1
ortools,55,20260821,0.5,8.259551606923342,28.259551606923342,0.8,4,151.2145118666813,461.59034115076065,241.80599002819508,0.20615408526320422,0.603622480831109,10,2510.2090000000317,4,0
ortools,56,20260821,0.5,9.722894328087568,29.72289432808757,0.8,4,145.93720228690654,463.387697532773,264.97197634819895,0.3067321323619604,0.6863523350097239,10,2513.4787999999444,4,1
ortools,57,20260821,0.5,7.525393709689379,37.52539370968938,0.7,6,122.28713757970503,471.05022740364075,222.02719503960438,0.5271205910843784,0.5372600892325864,10,2510.2483999999095,6,0
ortools,58,20260821,0.5,8.855172327756883,23.855172327756883,0.85,3,167.6499120791388,472.43528735637665,255.5873152250972,0.4693811898608159,0.6393318916981419,10,2513.777599999969,3,0
ortools,59,20260821,0.5,11.570850552022456,36.570850552022456,0.75,5,172.84810165862243,443.63283002376556,254.09234200219313,0.22714665922323976,0.7668799203665306,10,2513.7794000000326,5,1
ortools,60,20260821,0.5,9.616193274538965,24.616193274538965,0.85,3,115.40519521867529,479.53533840179443,249.60393697374008,0.28687916117771867,0.6716767326453312,10,2511.263099999979,3,0
ortools,61,20260821,0.5,11.59164386458695,31.59164386458695,0.8,4,99.34350866265595,437.69448304176336,206.9279769193381,0.18126270451944004,0.7750856175126197,10,2513.115499999998,4,0
ortools,62,20260821,0.5,8.558785172328353,28.558785172328353,0.8,4,132.82699233386666,440.83195888996124,210.54195100907236,0.2737781535328646,0.6130383567690539,10,2512.1723000000316,4,1
ortools,63,20260821,0.5,9.318837890811265,24.318837890811267,0.85,3,128.19808378640346,444.81685006618505,221.55505407207153,0.22013742835723757,0.670251975497619,10,2512.5040999999155,3,0
ortools,64,20260821,0.5,7.868895191252231,42.86889519125223,0.65,7,117.53573781022659,448.50438234210014,187.59260210853355,0.6325856192726722,0.522698306121553,10,2511.664499999966,7,1
ortools,65,20260821,0.5,6.9862856197357175,46.98628561973572,0.6,8,148.43463956813017,476.8448449373245,219.27019282678762,0.49487986893035013,0.503973208926618,10,2511.6074000000026,8,0
ortools,66,20260821,0.5,8.338480428755284,38.33848042875528,0.7,6,101.68090524311576,472.73222756385803,225.78330963743585,0.42193507076366643,0.576483356502528,10,2511.9277000000293,6,0
ortools,67,20260821,0.5,8.276964170634745,28.276964170634745,0.8,4,128.31288278498687,455.48027750849724,203.17397676804103,0.5072983485910905,0.6025924767057101,10,2516.6664000000196,4,1
ortools,68,20260821,0.5,8.581258805394173,33.58125880539417,0.75,5,149.1434575041135,471.00470435619354,233.1073220094045,0.6261277346443135,0.5860030638054013,10,2510.8803000000253,5,0
ortools,69,20260821,0.5,8.485919542908668,43.48591954290867,0.65,7,125.26853593782737,429.9918597340584,201.16375029373629,0.4846793798487352,0.5867896878160537,10,2512.586199999987,7,1
ortools,70,20260821,0.5,7.54750209217891,22.54750209217891,0.85,3,137.5848516886506,474.69059360027313,237.72811639604762,0.6377967223369687,0.5757734017398131,10,2510.4661000000588,3,1
ortools,71,20260821,0.5,6.839594118669629,31.83959411866963,0.75,5,166.30877381265162,478.7036973685026,286.82757597863673,0.7253687090538062,0.4989371954191786,10,2511.7823999999873,5,0
ortools,72,20260821,0.5,8.999766545742752,28.99976654574275,0.8,4,123.66965493839236,450.7460618466139,238.11564971413463,0.20698991461984478,0.6389066993491723,10,2510.2705999999844,4,1
ortools,73,20260821,0.5,10.031360442452133,50.03136044245213,0.6,8,171.98685635626316,448.5102727413178,245.0931807309389,0.1851487220162103,0.6370500245965862,10,2511.6648999999998,8,0
ortools,74,20260821,0.5,8.85539093658328,43.85539093658328,0.65,7,148.25272725064022,477.93384236097336,256.38125756497567,0.548573189824977,0.6065307776676491,10,2512.6343999999676,7,0
ortools,75,20260821,0.5,8.949769719094038,43.949769719094036,0.65,7,116.11724967337571,437.3112967014313,189.41588660043018,0.5998767360743351,0.5989463400018091,10,2510.3568999999766,7,0
ortools,76,20260821,0.5,10.98924734339118,40.98924734339118,0.7,6,163.9846736948405,452.6565611809492,219.4046362074358,0.27268787059358957,0.7204052596352994,10,2511.6896999999767,6,1
ortools,77,20260821,0.5,5.700663341730833,40.70066334173083,0.65,7,149.32470986017813,437.99321317672735,205.0001356418316,0.6828598046484584,0.45067573853302745,10,2512.104500000021,7,1
ortools,78,20260821,0.5,7.717789418287574,22.717789418287573,0.85,3,146.7339306094629,475.30374777317047,239.4017901216798,0.31054510146013,0.5816556988691446,10,2510.6911999999966,3,0
ortools,79,20260821,0.5,7.653415359258651,42.65341535925865,0.65,7,118.34114551544191,432.41454088687897,210.7453183256663,0.5203413056812147,0.5413642342512806,10,2513.4228000000007,7,1
ortools,80,20260821,0.5,12.071503735780714,52.071503735780716,0.6,8,134.84841322153807,464.90762037038803,255.39155384153128,0.22301691844353802,0.7684938587869207,10,2512.1978999999897,8,1
ortools,81,20260821,0.5,8.99516714632511,43.99516714632511,0.65,7,184.946383896642,448.42852303385735,261.9400303120223,0.3249900813697929,0.6028732897092899,10,2514.7459999999455,7,0
ortools,82,20260821,0.5,9.98660450041294,34.98660450041294,0.75,5,148.28917109767596,446.79872864484787,235.73397946159045,0.24823530980515396,0.6771400499157607,10,2511.509799999999,5,1
ortools,83,20260821,0.5,10.154872249364852,25.15487224936485,0.85,3,152.85751987029525,468.6151334345341,242.69762523910578,0.31533027273749104,0.7080662611561517,10,2512.6335999999583,3,0
ortools,84,20260821,0.5,5.225848996043204,40.225848996043204,0.65,7,98.26950675363724,423.7469228506089,202.99502688302442,0.6094149334832373,0.4252870549137394,10,2513.695699999971,7,1
ortools,85,20260821,0.5,8.35772289812565,38.35772289812565,0.7,6,122.06602194053787,476.97364580631256,243.8327992771353,0.4017102823500626,0.6076939013786614,10,2510.484700000148,6,0
ortools,86,20260821,0.5,8.040700800567866,43.04070080056786,0.65,7,111.78200726769865,458.0947974026203,209.80878115144486,0.30834673652023503,0.5552448326799398,10,2510.926999999981,7,0
ortools,87,20260821,0.5,7.555209208577871,37.55520920857787,0.7,6,118.60856198679123,477.0374400615692,225.7438534482249,0.5832115136456562,0.5579348484481064,10,2515.042200000096,6,1
ortools,88,20260821,0.5,7.897459959685802,32.897459959685804,0.75,5,130.04708257665237,463.6461190581322,211.51924661149582,0.22573326475628913,0.5451802080341925,10,2512.022500000114,5,0
ortools,89,20260821,0.5,6.417613366246224,41.41761336624622,0.65,7,106.12138411173454,420.4916604757309,194.78580158490402,0.6598953622404077,0.47812412176281216,10,2509.7079000000235,7,1
ortools,90,20260821,0.5,9.401263399794699,44.4012633997947,0.65,7,146.05397350742265,460.7887769937515,257.53379819714104,0.384247253216836,0.6464947001426481,10,2511.7426000001046,7,1
ortools,91,20260821,0.5,9.058276584744453,34.058276584744455,0.75,5,139.12349988470476,454.24539291858673,211.14536847124498,0.3591071301821827,0.6415769051139553,10,2516.0448000000315,5,0
ortools,92,20260821,0.5,9.02667323321104,39.02667323321104,0.7,6,128.17582996615343,464.65116751194,229.4967894021954,0.2588868909777622,0.6024308975941192,10,2516.157900000053,6,0
ortools,93,20260821,0.5,4.916254644542933,39.91625464454293,0.65,7,132.0050930690307,476.8861315846443,242.40782776131078,0.8593551757508608,0.3899090978705014,10,2510.9297999999853,7,0
ortools,94,20260821,0.5,9.131447949931026,34.13144794993103,0.75,5,117.35298290948073,443.87725615501404,201.31353846291702,0.44912894593716973,0.62547438290203,10,2510.132800000008,5,1
ortools,95,20260821,0.5,9.610019946694374,49.61001994669437,0.6,8,138.45062154283127,469.58803218603134,267.5748501246174,0.2944630175107932,0.6307236140593886,10,2510.7744999998545,8,1
ortools,96,20260821,0.5,10.477231143712997,30.477231143713,0.8,4,160.6685844650492,470.34902733564377,265.37618484627455,0.4327449863776352,0.7066266236516336,10,2511.1491000000115,4,0
ortools,97,20260821,0.5,10.286969215422868,35.28696921542287,0.75,5,137.50179129006963,461.5968540478498,220.87170629861455,0.3506787295234546,0.6800504802182937,10,2513.1544999999846,5,0
ortools,98,20260821,0.5,8.305612565875053,38.30561256587505,0.7,6,131.71164016212737,439.0192135572434,233.63588275228227,0.3657356739993805,0.5981885399979849,10,2512.9888999999253,6,1
ortools,99,20260821,0.5,8.39807895451784,43.39807895451784,0.65,7,176.6028511856611,465.482366502285,249.65298839371937,0.6136937244790199,0.5660457791294902,10,2513.1492999999523,7,0
