city,dynamic_rate,condition,method,instance,normalized_road_cost,penalized_normalized_cost,road_distance_km,qos_percent,driving_time_min,completion_time_min,response_wait_time_min,completion_delay_min,uncompleted_requests,vehicle_utilization_percent,route_balance_cv,inference_ms_per_instance,decision_time_ms_per_epoch
Vienna,0.1,Off-peak,DVNDA,0,15.5873995,15.5873995,41.41359,100.0,65.22691,484.86105,50.66073,70.81072,0.0,24.142326,0.18389578,3.9410529999999966,0.39410529999999966
Vienna,0.1,Off-peak,DVNDA,1,14.213185,14.213185,37.905556,100.0,56.732796,482.87,58.707085,78.60709,0.0,23.543228,0.615686,3.9410529999999966,0.39410529999999966
Vienna,0.1,Off-peak,DVNDA,2,11.096757,11.096757,29.550861,100.0,43.952698,506.81677,56.29354,78.89354,0.0,24.464104,0.6027558,3.9410529999999966,0.39410529999999966
Vienna,0.1,Off-peak,DVNDA,3,12.685091,12.685091,33.748188,100.0,48.306065,484.46155,53.7979,72.1479,0.0,21.431324,0.6077716,3.9410529999999966,0.39410529999999966
Vienna,0.1,Off-peak,DVNDA,4,15.848426,15.848426,42.016846,100.0,60.865715,483.67682,53.02782,74.37782,0.0,25.216515,0.3221548,3.9410529999999966,0.39410529999999966
Vienna,0.1,Off-peak,DVNDA,5,10.984963,10.984963,29.136116,100.0,40.308678,483.18747,53.338562,73.888565,0.0,23.350601,0.23718557,3.9410529999999966,0.39410529999999966
Vienna,0.1,Off-peak,DVNDA,6,12.153298,12.153298,32.272247,100.0,50.687515,517.3427,75.50199,96.25199,0.0,22.503824,0.6068611,3.9410529999999966,0.39410529999999966
Vienna,0.1,Off-peak,DVNDA,7,12.972287,12.972287,34.43543,100.0,48.926506,482.84363,50.669933,69.719925,0.0,22.260132,0.41478595,3.9410529999999966,0.39410529999999966
Vienna,0.1,Off-peak,DVNDA,8,10.66896,10.66896,28.399702,100.0,42.240788,493.17334,61.48078,83.18078,0.0,24.141653,0.6947416,3.9410529999999966,0.39410529999999966
Vienna,0.1,Off-peak,DVNDA,9,10.587057,10.587057,28.131847,100.0,39.140095,481.71066,60.16732,79.06732,0.0,21.648893,0.62473416,3.9410529999999966,0.39410529999999966
Vienna,0.1,Off-peak,DVNDA,10,12.688811,12.688811,33.624893,100.0,49.124535,484.38464,59.143055,82.39305,0.0,26.534933,0.33046502,3.9410529999999966,0.39410529999999966
Vienna,0.1,Off-peak,DVNDA,11,14.1545925,14.1545925,37.594177,100.0,56.18719,485.0224,46.27317,67.423164,0.0,24.699228,0.17491326,3.9410529999999966,0.39410529999999966
Vienna,0.1,Off-peak,DVNDA,12,15.795147,15.795147,41.981777,100.0,67.97492,485.7442,56.061077,77.06107,0.0,25.11481,0.271027,3.9410529999999966,0.39410529999999966
Vienna,0.1,Off-peak,DVNDA,13,11.835059,11.835059,31.38869,100.0,49.39871,500.1218,64.3108,83.510796,0.0,21.664658,0.5956282,3.9410529999999966,0.39410529999999966
Vienna,0.1,Off-peak,DVNDA,14,13.186018,13.186018,35.071358,100.0,50.319912,484.63846,44.890987,63.540985,0.0,21.836893,0.36176282,3.9410529999999966,0.39410529999999966
Vienna,0.1,Off-peak,DVNDA,15,12.198883,12.198883,32.33407,100.0,44.879486,482.75928,55.341694,74.441696,0.0,22.10623,0.5798734,3.9410529999999966,0.39410529999999966
Vienna,0.1,Off-peak,DVNDA,16,10.349268,10.349268,27.632751,100.0,42.755783,483.48227,62.94099,86.690994,0.0,26.772219,0.64200795,3.9410529999999966,0.39410529999999966
Vienna,0.1,Off-peak,DVNDA,17,13.169911,13.169911,34.922955,100.0,55.875347,519.37213,52.943672,72.59367,0.0,21.606632,0.36197853,3.9410529999999966,0.39410529999999966
Vienna,0.1,Off-peak,DVNDA,18,13.911459,13.911459,36.901028,100.0,57.830357,484.33325,50.420567,69.87057,0.0,23.064198,0.12641673,3.9410529999999966,0.39410529999999966
Vienna,0.1,Off-peak,DVNDA,19,11.281683,11.281683,30.02816,100.0,43.87179,482.41483,52.285484,74.63548,0.0,25.438265,0.43999353,3.9410529999999966,0.39410529999999966
Vienna,0.1,Off-peak,DVNDA,20,10.706356,10.706356,28.372173,100.0,41.56197,482.93546,61.90913,84.00913,0.0,25.032429,0.23699035,3.9410529999999966,0.39410529999999966
Vienna,0.1,Off-peak,DVNDA,21,13.419212,13.419212,35.64397,100.0,53.413483,483.94666,60.011475,79.861465,0.0,23.267725,0.4717492,3.9410529999999966,0.39410529999999966
Vienna,0.1,Off-peak,DVNDA,22,12.874213,12.874213,34.26328,100.0,50.70335,483.66785,47.812286,67.36228,0.0,22.830923,0.3661513,3.9410529999999966,0.39410529999999966
Vienna,0.1,Off-peak,DVNDA,23,12.961161,12.961161,34.42574,100.0,53.117836,484.36282,55.28988,76.48988,0.0,24.626057,0.5825834,3.9410529999999966,0.39410529999999966
Vienna,0.1,Off-peak,DVNDA,24,14.753584,14.753584,39.24944,100.0,54.37469,484.4609,58.00548,79.00548,0.0,24.479515,0.6073336,3.9410529999999966,0.39410529999999966
Vienna,0.1,Off-peak,DVNDA,25,11.494899,11.494899,30.602907,100.0,45.537926,507.12732,64.118324,85.51833,0.0,23.344135,0.6379448,3.9410529999999966,0.39410529999999966
Vienna,0.1,Off-peak,DVNDA,26,13.30595,13.30595,35.140472,100.0,53.935936,511.8777,61.91742,85.76742,0.0,25.930801,0.24155535,3.9410529999999966,0.39410529999999966
Vienna,0.1,Off-peak,DVNDA,27,12.406233,12.406233,32.823086,100.0,49.35547,484.9292,52.82315,73.87315,0.0,24.248663,0.2928991,3.9410529999999966,0.39410529999999966
Vienna,0.1,Off-peak,DVNDA,28,10.791638,10.791638,28.695242,100.0,43.988678,507.69934,46.45197,65.25196,0.0,20.680975,0.47056615,3.9410529999999966,0.39410529999999966
Vienna,0.1,Off-peak,DVNDA,29,10.6838665,10.6838665,28.330875,100.0,42.444145,483.12253,41.52465,62.574654,0.0,23.981705,0.3818962,3.9410529999999966,0.39410529999999966
Vienna,0.1,Off-peak,DVNDA,30,11.929892,11.929892,31.594486,100.0,51.4325,483.53674,62.108295,83.7083,0.0,24.994614,0.39201275,3.9410529999999966,0.39410529999999966
Vienna,0.1,Off-peak,DVNDA,31,11.080407,11.080407,29.413624,100.0,44.873016,499.9165,37.49836,55.49836,0.0,20.247036,0.385707,3.9410529999999966,0.39410529999999966
Vienna,0.1,Off-peak,DVNDA,32,10.474422,10.474422,27.762325,100.0,39.286057,483.29184,63.75758,87.00758,0.0,26.086002,0.641352,3.9410529999999966,0.39410529999999966
Vienna,0.1,Off-peak,DVNDA,33,13.484425,13.484425,35.823338,100.0,60.176613,515.2804,51.725,71.37499,0.0,21.986897,0.35098037,3.9410529999999966,0.39410529999999966
Vienna,0.1,Off-peak,DVNDA,34,12.76693,12.76693,33.988163,100.0,52.211666,498.12543,60.147602,80.397606,0.0,22.946615,0.62232876,3.9410529999999966,0.39410529999999966
Vienna,0.1,Off-peak,DVNDA,35,12.310199,12.310199,32.653767,100.0,47.939854,484.02127,66.70769,87.85769,0.0,24.324335,0.77510536,3.9410529999999966,0.39410529999999966
Vienna,0.1,Off-peak,DVNDA,36,14.364385,14.364385,38.36641,100.0,57.667374,484.0342,60.888813,83.03881,0.0,25.859087,0.2888219,3.9410529999999966,0.39410529999999966
Vienna,0.1,Off-peak,DVNDA,37,12.700989,12.700989,33.901978,100.0,47.796947,483.7766,58.50271,79.20271,0.0,23.864164,0.49191827,3.9410529999999966,0.39410529999999966
Vienna,0.1,Off-peak,DVNDA,38,13.77874,13.77874,36.481583,100.0,51.93037,514.2598,57.893677,80.19368,0.0,24.20617,0.35452157,3.9410529999999966,0.39410529999999966
Vienna,0.1,Off-peak,DVNDA,39,11.1875,11.1875,29.7635,100.0,44.7988,483.20035,52.250923,72.900925,0.0,23.685764,0.19892225,3.9410529999999966,0.39410529999999966
Vienna,0.1,Off-peak,DVNDA,40,13.119951,13.119951,34.894333,100.0,53.046642,509.41412,40.784203,60.884205,0.0,22.331867,0.1698489,3.9410529999999966,0.39410529999999966
Vienna,0.1,Off-peak,DVNDA,41,12.904507,12.904507,34.25915,100.0,54.67865,503.05435,53.43731,70.48731,0.0,19.663813,0.46669912,3.9410529999999966,0.39410529999999966
Vienna,0.1,Off-peak,DVNDA,42,11.786465,11.786465,31.458244,100.0,46.152355,484.0257,60.24538,81.34538,0.0,24.180138,0.20642956,3.9410529999999966,0.39410529999999966
Vienna,0.1,Off-peak,DVNDA,43,12.5780525,12.5780525,33.40831,100.0,48.99978,484.05368,52.576508,73.22651,0.0,23.860977,0.39475098,3.9410529999999966,0.39410529999999966
Vienna,0.1,Off-peak,DVNDA,44,11.518147,11.518147,30.59894,100.0,45.79614,483.5534,74.01132,94.21132,0.0,23.254732,0.68153715,3.9410529999999966,0.39410529999999966
Vienna,0.1,Off-peak,DVNDA,45,8.804704,8.804704,23.345928,100.0,36.01416,508.89117,55.71858,76.91857,0.0,22.598848,0.6858236,3.9410529999999966,0.39410529999999966
Vienna,0.1,Off-peak,DVNDA,46,10.869254,10.869254,29.015673,100.0,42.872883,483.60162,70.36457,90.264565,0.0,22.791119,0.739909,3.9410529999999966,0.39410529999999966
Vienna,0.1,Off-peak,DVNDA,47,14.887293,14.887293,39.495586,100.0,54.396088,498.27426,57.201885,77.501884,0.0,23.099533,0.20255212,3.9410529999999966,0.39410529999999966
Vienna,0.1,Off-peak,DVNDA,48,9.920673,9.920673,26.347311,100.0,39.342476,484.51788,48.974113,67.42411,0.0,21.06953,0.36730585,3.9410529999999966,0.39410529999999966
Vienna,0.1,Off-peak,DVNDA,49,10.115133,10.115133,26.821238,100.0,38.106144,481.87186,55.57783,75.92784,0.0,23.09256,0.4901351,3.9410529999999966,0.39410529999999966
Vienna,0.1,Off-peak,DVNDA,50,11.179472,11.179472,29.896858,100.0,44.32123,509.1012,62.87954,85.87954,0.0,24.765274,0.58750165,3.9410529999999966,0.39410529999999966
Vienna,0.1,Off-peak,DVNDA,51,12.229892,12.229892,32.50858,100.0,46.900978,484.21606,65.23369,87.58369,0.0,25.500032,0.6120459,3.9410529999999966,0.39410529999999966
Vienna,0.1,Off-peak,DVNDA,52,11.947447,11.947447,31.771349,100.0,48.951595,483.8637,54.125416,75.87541,0.0,25.00454,0.087190844,3.9410529999999966,0.39410529999999966
Vienna,0.1,Off-peak,DVNDA,53,13.189873,13.189873,34.962093,100.0,52.612762,508.18228,50.231956,69.53196,0.0,21.577526,0.32857025,3.9410529999999966,0.39410529999999966
Vienna,0.1,Off-peak,DVNDA,54,12.136061,12.136061,32.26679,100.0,48.17542,492.97342,57.91212,79.51212,0.0,24.350977,0.18697897,3.9410529999999966,0.39410529999999966
Vienna,0.1,Off-peak,DVNDA,55,11.185047,11.185047,29.722649,100.0,43.155273,482.8794,72.87868,94.92868,0.0,25.066057,0.6653235,3.9410529999999966,0.39410529999999966
Vienna,0.1,Off-peak,DVNDA,56,12.214897,12.214897,32.5098,100.0,48.2481,510.19873,55.89202,78.04202,0.0,24.071411,0.37334463,3.9410529999999966,0.39410529999999966
Vienna,0.1,Off-peak,DVNDA,57,12.846986,12.846986,34.165962,100.0,52.277126,512.39557,49.894726,71.14473,0.0,23.286554,0.23686154,3.9410529999999966,0.39410529999999966
Vienna,0.1,Off-peak,DVNDA,58,12.415747,12.415747,32.982018,100.0,49.54248,481.99454,51.10944,72.509445,0.0,24.769083,0.24372143,3.9410529999999966,0.39410529999999966
Vienna,0.1,Off-peak,DVNDA,59,12.827087,12.827087,34.16814,100.0,48.57985,484.67404,54.580025,75.48002,0.0,24.066685,0.57928455,3.9410529999999966,0.39410529999999966
Vienna,0.1,Off-peak,DVNDA,60,11.4931,11.4931,30.464125,100.0,45.625107,482.20944,61.486244,82.736244,0.0,24.399414,0.6733026,3.9410529999999966,0.39410529999999966
Vienna,0.1,Off-peak,DVNDA,61,11.190268,11.190268,29.702751,100.0,44.783943,484.32593,68.56275,90.51276,0.0,24.972027,0.5929713,3.9410529999999966,0.39410529999999966
Vienna,0.1,Off-peak,DVNDA,62,11.312056,11.312056,30.028688,100.0,42.652645,483.93253,50.631767,71.63177,0.0,23.900679,0.2556859,3.9410529999999966,0.39410529999999966
Vienna,0.1,Off-peak,DVNDA,63,15.162813,15.162813,40.377354,100.0,54.79283,485.0777,45.23805,67.18805,0.0,25.449163,0.3383292,3.9410529999999966,0.39410529999999966
Vienna,0.1,Off-peak,DVNDA,64,13.463607,13.463607,35.65479,100.0,50.634624,516.47107,47.55552,66.15552,0.0,20.45781,0.18601504,3.9410529999999966,0.39410529999999966
Vienna,0.1,Off-peak,DVNDA,65,13.907619,13.907619,37.081543,100.0,57.28284,485.8637,58.048805,79.74881,0.0,25.27884,0.12274582,3.9410529999999966,0.39410529999999966
Vienna,0.1,Off-peak,DVNDA,66,13.040128,13.040128,34.762257,100.0,58.11218,483.86478,58.699482,80.14948,0.0,25.167784,0.10831942,3.9410529999999966,0.39410529999999966
Vienna,0.1,Off-peak,DVNDA,67,12.541744,12.541744,33.17707,100.0,50.528988,484.64127,64.69867,86.84866,0.0,25.45847,0.69554627,3.9410529999999966,0.39410529999999966
Vienna,0.1,Off-peak,DVNDA,68,9.727882,9.727882,25.725925,100.0,40.194958,482.77216,53.437096,73.3371,0.0,22.691603,0.69199073,3.9410529999999966,0.39410529999999966
Vienna,0.1,Off-peak,DVNDA,69,11.006878,11.006878,29.231249,100.0,42.189842,484.2032,50.402546,70.10254,0.0,22.52101,0.23164584,3.9410529999999966,0.39410529999999966
Vienna,0.1,Off-peak,DVNDA,70,11.386971,11.386971,30.147083,100.0,45.552547,482.83566,51.753242,73.85324,0.0,25.244232,0.36818188,3.9410529999999966,0.39410529999999966
Vienna,0.1,Off-peak,DVNDA,71,12.318452,12.318452,32.619534,100.0,47.048557,484.3961,49.17051,70.120514,0.0,24.053074,0.725421,3.9410529999999966,0.39410529999999966
Vienna,0.1,Off-peak,DVNDA,72,10.567187,10.567187,28.151987,100.0,41.728214,482.2602,59.81175,78.46175,0.0,21.499197,0.4902861,3.9410529999999966,0.39410529999999966
Vienna,0.1,Off-peak,DVNDA,73,13.5963955,13.5963955,36.274742,100.0,56.321552,518.3042,53.461082,77.06108,0.0,25.48318,0.173072,3.9410529999999966,0.39410529999999966
Vienna,0.1,Off-peak,DVNDA,74,13.345064,13.345064,35.554226,100.0,51.91906,499.68234,51.791798,69.941795,0.0,20.759142,0.5959207,3.9410529999999966,0.39410529999999966
Vienna,0.1,Off-peak,DVNDA,75,12.514097,12.514097,33.25772,100.0,48.87628,484.18097,58.79374,78.893745,0.0,23.280361,0.36106193,3.9410529999999966,0.39410529999999966
Vienna,0.1,Off-peak,DVNDA,76,11.185916,11.185916,29.764082,100.0,46.11462,483.96732,55.380623,75.68062,0.0,23.354603,0.3810089,3.9410529999999966,0.39410529999999966
Vienna,0.1,Off-peak,DVNDA,77,13.908549,13.908549,36.837967,100.0,59.580418,484.84943,47.602917,69.20293,0.0,25.347063,0.089689225,3.9410529999999966,0.39410529999999966
Vienna,0.1,Off-peak,DVNDA,78,11.866141,11.866141,31.627314,100.0,49.479115,482.6928,51.44745,71.09745,0.0,22.91722,0.58496255,3.9410529999999966,0.39410529999999966
Vienna,0.1,Off-peak,DVNDA,79,15.01099,15.01099,39.97793,100.0,55.59769,485.01044,40.26288,59.96288,0.0,23.174637,0.25018495,3.9410529999999966,0.39410529999999966
Vienna,0.1,Off-peak,DVNDA,80,12.884857,12.884857,34.27827,100.0,50.37177,484.0119,60.05307,83.35307,0.0,26.671442,0.5231918,3.9410529999999966,0.39410529999999966
Vienna,0.1,Off-peak,DVNDA,81,11.89389,11.89389,31.769989,100.0,46.384087,485.12027,60.123344,79.373344,0.0,22.230778,0.6212562,3.9410529999999966,0.39410529999999966
Vienna,0.1,Off-peak,DVNDA,82,10.899222,10.899222,28.986023,100.0,40.71809,504.55072,49.964893,69.11489,0.0,20.994823,0.6002003,3.9410529999999966,0.39410529999999966
Vienna,0.1,Off-peak,DVNDA,83,13.355838,13.355838,35.490055,100.0,53.700817,497.06955,45.083084,66.28309,0.0,24.025852,0.14574763,3.9410529999999966,0.39410529999999966
Vienna,0.1,Off-peak,DVNDA,84,14.035943,14.035943,37.246395,100.0,53.94091,483.98666,51.33507,70.28507,0.0,22.363268,0.607714,3.9410529999999966,0.39410529999999966
Vienna,0.1,Off-peak,DVNDA,85,12.43291,12.43291,33.02709,100.0,49.52727,484.72165,56.73809,78.23809,0.0,24.732096,0.24324107,3.9410529999999966,0.39410529999999966
Vienna,0.1,Off-peak,DVNDA,86,14.425571,14.425571,38.329132,100.0,55.86801,507.87122,64.26021,83.06021,0.0,21.258734,0.59344244,3.9410529999999966,0.39410529999999966
Vienna,0.1,Off-peak,DVNDA,87,11.021818,11.021818,29.262936,100.0,42.433895,483.11154,44.347446,64.09744,0.0,22.63628,0.14781973,3.9410529999999966,0.39410529999999966
Vienna,0.1,Off-peak,DVNDA,88,14.999571,14.999571,39.900013,100.0,66.351685,485.02356,58.777443,79.37743,0.0,24.656101,0.29303288,3.9410529999999966,0.39410529999999966
Vienna,0.1,Off-peak,DVNDA,89,13.565658,13.565658,36.04636,100.0,48.52027,484.54587,43.780277,62.480274,0.0,21.799807,0.14773269,3.9410529999999966,0.39410529999999966
Vienna,0.1,Off-peak,DVNDA,90,10.865592,10.865592,28.792973,100.0,43.374516,502.67612,51.729492,72.32949,0.0,22.64751,0.38611907,3.9410529999999966,0.39410529999999966
Vienna,0.1,Off-peak,DVNDA,91,13.982806,13.982806,37.19281,100.0,56.110455,503.262,48.2581,68.30809,0.0,22.707382,0.2141732,3.9410529999999966,0.39410529999999966
Vienna,0.1,Off-peak,DVNDA,92,11.317892,11.317892,30.113422,100.0,48.789143,484.3056,51.157883,72.95788,0.0,25.024963,0.52865857,3.9410529999999966,0.39410529999999966
Vienna,0.1,Off-peak,DVNDA,93,14.293692,14.293692,37.8094,100.0,57.95264,484.18964,42.227673,60.97768,0.0,22.354498,0.22404146,3.9410529999999966,0.39410529999999966
Vienna,0.1,Off-peak,DVNDA,94,12.49583,12.49583,33.23406,100.0,45.39593,484.7207,45.885662,66.13566,0.0,23.229662,0.064058036,3.9410529999999966,0.39410529999999966
Vienna,0.1,Off-peak,DVNDA,95,12.240368,12.240368,32.520332,100.0,51.037903,499.04504,52.91407,74.01407,0.0,23.697155,0.34151414,3.9410529999999966,0.39410529999999966
Vienna,0.1,Off-peak,DVNDA,96,12.499159,12.499159,33.222885,100.0,49.82886,483.84326,54.49952,75.59952,0.0,24.37922,0.2880557,3.9410529999999966,0.39410529999999966
Vienna,0.1,Off-peak,DVNDA,97,13.189475,13.189475,35.233532,100.0,49.855026,483.57037,45.714363,64.31436,0.0,21.809395,0.2805445,3.9410529999999966,0.39410529999999966
Vienna,0.1,Off-peak,DVNDA,98,16.421303,16.421303,43.67987,100.0,59.28418,484.7748,51.345253,73.495255,0.0,25.902962,0.3137498,3.9410529999999966,0.39410529999999966
Vienna,0.1,Off-peak,DVNDA,99,10.792622,10.792622,28.782114,100.0,43.120224,507.15866,46.922012,63.672016,0.0,18.639149,0.3840642,3.9410529999999966,0.39410529999999966
Vienna,0.1,Off-peak,Greedy,0,16.113518,16.113518,42.895,100.0,63.664864,210.56555,35.205494,55.355495,0.0,55.406128,0.25123346,3.4611580000000064,0.34611580000000064
Vienna,0.1,Off-peak,Greedy,1,15.254287,15.254287,40.591694,100.0,59.062508,450.4081,36.85765,56.75764,0.0,25.369352,0.14923385,3.4611580000000064,0.34611580000000064
Vienna,0.1,Off-peak,Greedy,2,11.705332,11.705332,31.15114,100.0,45.24234,506.81677,37.933407,60.53341,0.0,24.527718,0.22434512,3.4611580000000064,0.34611580000000064
Vienna,0.1,Off-peak,Greedy,3,9.555166,9.555166,25.505085,100.0,36.71977,461.26797,31.668148,50.01815,0.0,21.880978,0.11876298,3.4611580000000064,0.34611580000000064
Vienna,0.1,Off-peak,Greedy,4,13.352055,13.352055,35.52086,100.0,51.86092,416.29437,35.483974,56.83397,0.0,28.757349,0.0893862,3.4611580000000064,0.34611580000000064
Vienna,0.1,Off-peak,Greedy,5,8.941045,8.941045,23.658283,100.0,33.428104,128.2271,40.03539,60.58539,0.0,86.64863,0.29864955,3.4611580000000064,0.34611580000000064
Vienna,0.1,Off-peak,Greedy,6,12.922251,12.922251,34.264355,100.0,51.412796,517.3427,35.86821,56.618214,0.0,22.53887,0.14545673,3.4611580000000064,0.34611580000000064
Vienna,0.1,Off-peak,Greedy,7,10.908764,10.908764,28.898266,100.0,40.91195,354.545,30.785458,49.83546,0.0,29.75024,0.50413865,3.4611580000000064,0.34611580000000064
Vienna,0.1,Off-peak,Greedy,8,12.240552,12.240552,32.612858,100.0,47.33535,494.3847,40.36861,62.06861,0.0,24.340122,0.04830041,3.4611580000000064,0.34611580000000064
Vienna,0.1,Off-peak,Greedy,9,8.810303,8.810303,23.366287,100.0,31.733152,163.01648,29.892054,48.792057,0.0,62.836155,0.20025186,3.4611580000000064,0.34611580000000064
Vienna,0.1,Off-peak,Greedy,10,12.805932,12.805932,33.95624,100.0,49.694756,226.33368,37.05707,60.307076,0.0,56.851322,0.09971898,3.4611580000000064,0.34611580000000064
Vienna,0.1,Off-peak,Greedy,11,13.07439,13.07439,34.72992,100.0,54.252815,321.8555,39.110535,60.260532,0.0,37.070427,0.07341129,3.4611580000000064,0.34611580000000064
Vienna,0.1,Off-peak,Greedy,12,13.6423,13.6423,36.155502,100.0,57.113163,461.46445,39.31201,60.312008,0.0,25.847775,0.14852774,3.4611580000000064,0.34611580000000064
Vienna,0.1,Off-peak,Greedy,13,14.056764,14.056764,37.25682,100.0,56.382072,500.12186,36.928173,56.12817,0.0,22.01374,0.14131296,3.4611580000000064,0.34611580000000064
Vienna,0.1,Off-peak,Greedy,14,15.146576,15.146576,40.25861,100.0,56.737675,355.37927,33.08203,51.732025,0.0,30.230919,0.14822508,3.4611580000000064,0.34611580000000064
Vienna,0.1,Off-peak,Greedy,15,14.200237,14.200237,37.64124,100.0,51.365692,309.5955,33.237846,52.33785,0.0,34.994507,0.059727874,3.4611580000000064,0.34611580000000064
Vienna,0.1,Off-peak,Greedy,16,12.795427,12.795427,34.099426,100.0,50.828854,413.9097,43.167152,66.91715,0.0,31.759876,0.1757126,3.4611580000000064,0.34611580000000064
Vienna,0.1,Off-peak,Greedy,17,14.566884,14.566884,38.6594,100.0,61.14294,520.6669,37.50256,57.152557,0.0,21.805832,0.14792937,3.4611580000000064,0.34611580000000064
Vienna,0.1,Off-peak,Greedy,18,11.996913,11.996913,31.814081,100.0,51.249718,454.98367,35.608562,55.058563,0.0,24.190413,0.11617531,3.4611580000000064,0.34611580000000064
Vienna,0.1,Off-peak,Greedy,19,11.398997,11.398997,30.31723,100.0,43.51133,418.49005,40.422695,62.772697,0.0,29.30245,0.33551002,3.4611580000000064,0.34611580000000064
Vienna,0.1,Off-peak,Greedy,20,12.500244,12.500244,33.197605,100.0,47.819275,366.65588,38.602856,60.702854,0.0,33.39775,0.14287145,3.4611580000000064,0.34611580000000064
Vienna,0.1,Off-peak,Greedy,21,11.751808,11.751808,31.196661,100.0,46.341183,317.7848,35.489307,55.339314,0.0,34.877472,0.16120414,3.4611580000000064,0.34611580000000064
Vienna,0.1,Off-peak,Greedy,22,13.727771,13.727771,36.485764,100.0,53.883335,318.03735,30.459839,50.009834,0.0,34.970997,0.18494973,3.4611580000000064,0.34611580000000064
Vienna,0.1,Off-peak,Greedy,23,12.418213,12.418213,33.041706,100.0,48.79149,177.65404,42.152836,63.352825,0.0,66.532616,0.10861923,3.4611580000000064,0.34611580000000064
Vienna,0.1,Off-peak,Greedy,24,13.420269,13.420269,35.797344,100.0,49.911987,312.89233,37.110294,58.110294,0.0,37.54582,0.1758518,3.4611580000000064,0.34611580000000064
Vienna,0.1,Off-peak,Greedy,25,11.915708,11.915708,31.681736,100.0,45.704624,509.51157,38.950356,60.350353,0.0,23.243076,0.19731824,3.4611580000000064,0.34611580000000064
Vienna,0.1,Off-peak,Greedy,26,12.725571,12.725571,33.737946,100.0,50.158276,512.3906,45.870438,69.72044,0.0,25.720526,0.40534118,3.4611580000000064,0.34611580000000064
Vienna,0.1,Off-peak,Greedy,27,13.543217,13.543217,35.91392,100.0,51.615948,217.21184,37.89995,58.949955,0.0,54.39574,0.11036087,3.4611580000000064,0.34611580000000064
Vienna,0.1,Off-peak,Greedy,28,11.462325,11.462325,30.405024,100.0,44.595318,507.94464,32.831398,51.631393,0.0,20.700844,0.0778357,3.4611580000000064,0.34611580000000064
Vienna,0.1,Off-peak,Greedy,29,12.533241,12.533241,33.363678,100.0,48.298412,215.1111,39.51054,60.560547,0.0,54.541397,0.20147698,3.4611580000000064,0.34611580000000064
Vienna,0.1,Off-peak,Greedy,30,14.544567,14.544567,38.60741,100.0,61.073593,220.58304,42.44469,64.0447,0.0,55.88299,0.09601992,3.4611580000000064,0.34611580000000064
Vienna,0.1,Off-peak,Greedy,31,12.203269,12.203269,32.506363,100.0,50.21588,498.13013,34.792072,52.792076,0.0,20.587788,0.2683681,3.4611580000000064,0.34611580000000064
Vienna,0.1,Off-peak,Greedy,32,11.850645,11.850645,31.334969,100.0,46.39423,462.41248,39.700806,62.95081,0.0,27.648165,0.07099039,3.4611580000000064,0.34611580000000064
Vienna,0.1,Off-peak,Greedy,33,12.692467,12.692467,33.721703,100.0,52.846176,516.7272,38.74556,58.39556,0.0,21.570673,0.17060062,3.4611580000000064,0.34611580000000064
Vienna,0.1,Off-peak,Greedy,34,14.945754,14.945754,39.74265,100.0,59.726826,497.8029,38.360424,58.61042,0.0,23.338898,0.22518215,3.4611580000000064,0.34611580000000064
Vienna,0.1,Off-peak,Greedy,35,14.440259,14.440259,38.37907,100.0,56.504562,358.43896,42.911095,64.061104,0.0,33.443947,0.14281335,3.4611580000000064,0.34611580000000064
Vienna,0.1,Off-peak,Greedy,36,14.431707,14.431707,38.562412,100.0,55.475292,467.99847,41.745884,63.89588,0.0,26.62804,0.16659692,3.4611580000000064,0.34611580000000064
Vienna,0.1,Off-peak,Greedy,37,14.847783,14.847783,39.551403,100.0,54.786472,456.80463,38.09724,58.797237,0.0,25.65574,0.11175253,3.4611580000000064,0.34611580000000064
Vienna,0.1,Off-peak,Greedy,38,13.024041,13.024041,34.653763,100.0,48.774364,514.2598,38.342964,60.64297,0.0,24.052742,0.12030644,3.4611580000000064,0.34611580000000064
Vienna,0.1,Off-peak,Greedy,39,11.706972,11.706972,31.087677,100.0,47.81272,253.60785,37.93538,58.585377,0.0,45.425716,0.058337282,3.4611580000000064,0.34611580000000064
Vienna,0.1,Off-peak,Greedy,40,10.714656,15.714656,28.453547,95.0,39.752472,129.7433,34.144485,53.933956,1.0,80.11059,0.09556989,3.4611580000000064,0.34611580000000064
Vienna,0.1,Off-peak,Greedy,41,13.427141,13.427141,35.568714,100.0,54.67393,506.38715,32.365387,49.415382,0.0,19.53416,0.15582906,3.4611580000000064,0.34611580000000064
Vienna,0.1,Off-peak,Greedy,42,13.477448,13.477448,35.940727,100.0,53.06084,160.14067,37.973434,59.07343,0.0,74.163055,0.066324495,3.4611580000000064,0.34611580000000064
Vienna,0.1,Off-peak,Greedy,43,14.251164,14.251164,37.806293,100.0,53.199215,418.0028,32.23988,52.889877,0.0,27.882542,0.33710667,3.4611580000000064,0.34611580000000064
Vienna,0.1,Off-peak,Greedy,44,14.409098,14.409098,38.325188,100.0,57.321484,226.41951,33.167057,53.36705,0.0,50.93659,0.15824737,3.4611580000000064,0.34611580000000064
Vienna,0.1,Off-peak,Greedy,45,10.890321,10.890321,28.836077,100.0,43.048904,507.4958,34.80239,56.002388,0.0,23.007524,0.13284686,3.4611580000000064,0.34611580000000064
Vienna,0.1,Off-peak,Greedy,46,13.694617,13.694617,36.405453,100.0,54.40274,211.01332,37.381153,57.28115,0.0,53.598846,0.30855244,3.4611580000000064,0.34611580000000064
Vienna,0.1,Off-peak,Greedy,47,13.642917,13.642917,36.12895,100.0,50.36249,498.40335,38.244072,58.544075,0.0,22.891224,0.065618895,3.4611580000000064,0.34611580000000064
Vienna,0.1,Off-peak,Greedy,48,12.393044,12.393044,32.946854,100.0,46.99988,110.035286,38.128593,56.578606,0.0,94.515114,0.17653494,3.4611580000000064,0.34611580000000064
Vienna,0.1,Off-peak,Greedy,49,11.018756,11.018756,29.260727,100.0,40.771935,124.694595,36.97164,57.321636,0.0,89.77373,0.35976258,3.4611580000000064,0.34611580000000064
Vienna,0.1,Off-peak,Greedy,50,13.459775,13.459775,35.926765,100.0,51.073753,509.1012,42.025764,65.02576,0.0,25.096865,0.27220985,3.4611580000000064,0.34611580000000064
Vienna,0.1,Off-peak,Greedy,51,13.126501,13.126501,34.77671,100.0,49.070053,448.0347,38.8057,61.155704,0.0,27.680334,0.2001873,3.4611580000000064,0.34611580000000064
Vienna,0.1,Off-peak,Greedy,52,14.463689,14.463689,38.53838,100.0,55.218887,463.26465,37.083946,58.833942,0.0,26.454578,0.167535,3.4611580000000064,0.34611580000000064
Vienna,0.1,Off-peak,Greedy,53,13.998545,13.998545,37.143112,100.0,55.75907,508.18228,35.045506,54.34551,0.0,21.732315,0.19609639,3.4611580000000064,0.34611580000000064
Vienna,0.1,Off-peak,Greedy,54,12.0715065,12.0715065,31.925194,100.0,48.061153,494.75052,41.454815,63.054806,0.0,24.25774,0.11186769,3.4611580000000064,0.34611580000000064
Vienna,0.1,Off-peak,Greedy,55,11.458842,11.458842,30.411627,100.0,43.55309,167.99129,39.695732,61.745724,0.0,72.10986,0.28098366,3.4611580000000064,0.34611580000000064
Vienna,0.1,Off-peak,Greedy,56,12.41458,12.41458,32.843315,100.0,50.773468,510.52243,37.154053,59.30405,0.0,24.179813,0.23051377,3.4611580000000064,0.34611580000000064
Vienna,0.1,Off-peak,Greedy,57,14.269656,14.269656,37.904396,100.0,54.530525,508.90485,35.52314,56.773132,0.0,23.556982,0.15576835,3.4611580000000064,0.34611580000000064
Vienna,0.1,Off-peak,Greedy,58,12.806827,12.806827,34.03944,100.0,50.211437,316.92105,40.496357,61.89636,0.0,37.72323,0.11438219,3.4611580000000064,0.34611580000000064
Vienna,0.1,Off-peak,Greedy,59,12.929913,12.929913,34.44275,100.0,49.190723,461.93634,37.2592,58.1592,0.0,25.284369,0.2749508,3.4611580000000064,0.34611580000000064
Vienna,0.1,Off-peak,Greedy,60,15.412104,15.412104,41.083187,100.0,60.535995,218.79636,38.35708,59.607086,0.0,55.47807,0.11246037,3.4611580000000064,0.34611580000000064
Vienna,0.1,Off-peak,Greedy,61,12.509488,12.509488,33.171547,100.0,49.018867,322.2489,40.683903,62.6339,0.0,37.860397,0.15173456,3.4611580000000064,0.34611580000000064
Vienna,0.1,Off-peak,Greedy,62,12.092295,12.092295,32.03942,100.0,45.362217,362.73862,38.129448,59.129448,0.0,32.072834,0.38412243,3.4611580000000064,0.34611580000000064
Vienna,0.1,Off-peak,Greedy,63,13.596111,13.596111,36.129593,100.0,49.533062,467.19278,39.06284,61.012844,0.0,26.141943,0.13269398,3.4611580000000064,0.34611580000000064
Vienna,0.1,Off-peak,Greedy,64,12.258029,12.258029,32.385193,100.0,46.7765,515.5407,32.91964,51.51964,0.0,20.307634,0.07729048,3.4611580000000064,0.34611580000000064
Vienna,0.1,Off-peak,Greedy,65,13.278239,13.278239,35.30241,100.0,54.05606,319.10114,39.915096,61.615097,0.0,38.236786,0.10794258,3.4611580000000064,0.34611580000000064
Vienna,0.1,Off-peak,Greedy,66,13.893706,13.893706,36.9741,100.0,58.72848,354.06714,36.1891,57.639095,0.0,34.43757,0.13963743,3.4611580000000064,0.34611580000000064
Vienna,0.1,Off-peak,Greedy,67,11.750441,11.750441,31.066143,100.0,48.544285,464.00687,36.984985,59.13499,0.0,26.483675,0.13386011,3.4611580000000064,0.34611580000000064
Vienna,0.1,Off-peak,Greedy,68,10.226791,10.226791,27.15752,100.0,41.41626,400.34695,37.066715,56.96671,0.0,27.439716,0.1928105,3.4611580000000064,0.34611580000000064
Vienna,0.1,Off-peak,Greedy,69,11.667704,11.667704,30.99572,100.0,44.522346,449.01294,35.181046,54.881035,0.0,24.415907,0.07165075,3.4611580000000064,0.34611580000000064
Vienna,0.1,Off-peak,Greedy,70,10.978947,10.978947,29.141073,100.0,41.0701,368.40756,35.38421,57.48421,0.0,32.780956,0.057620436,3.4611580000000064,0.34611580000000064
Vienna,0.1,Off-peak,Greedy,71,13.295057,13.295057,35.191734,100.0,51.78283,457.70532,33.711174,54.66117,0.0,25.714298,0.4251558,3.4611580000000064,0.34611580000000064
Vienna,0.1,Off-peak,Greedy,72,10.581278,10.581278,28.170523,100.0,41.771114,400.2481,34.14318,52.79318,0.0,25.907124,0.08504657,3.4611580000000064,0.34611580000000064
Vienna,0.1,Off-peak,Greedy,73,16.037638,16.037638,42.746468,100.0,62.37024,517.85315,39.16006,62.760063,0.0,25.79738,0.10059931,3.4611580000000064,0.34611580000000064
Vienna,0.1,Off-peak,Greedy,74,13.405094,13.405094,35.62192,100.0,50.94425,499.68234,35.9137,54.063698,0.0,20.710371,0.24259874,3.4611580000000064,0.34611580000000064
Vienna,0.1,Off-peak,Greedy,75,12.684135,12.684135,33.791405,100.0,49.514957,224.72441,30.310843,50.410843,0.0,50.229855,0.25627905,3.4611580000000064,0.34611580000000064
Vienna,0.1,Off-peak,Greedy,76,11.978562,11.978562,31.866302,100.0,48.61652,352.5594,35.857883,56.157887,0.0,32.236874,0.1735901,3.4611580000000064,0.34611580000000064
Vienna,0.1,Off-peak,Greedy,77,13.125729,13.125729,34.743584,100.0,54.011562,179.66177,40.69619,62.296192,0.0,67.628685,0.033563495,3.4611580000000064,0.34611580000000064
Vienna,0.1,Off-peak,Greedy,78,12.027486,12.027486,31.97126,100.0,48.667076,461.9893,35.053246,54.703247,0.0,23.90029,0.092477046,3.4611580000000064,0.34611580000000064
Vienna,0.1,Off-peak,Greedy,79,14.180143,14.180143,37.84147,100.0,53.94104,221.26857,36.0943,55.794296,0.0,50.610558,0.19751564,3.4611580000000064,0.34611580000000064
Vienna,0.1,Off-peak,Greedy,80,14.492848,14.492848,38.564133,100.0,54.66366,466.03568,43.19501,66.49502,0.0,27.93046,0.12467325,3.4611580000000064,0.34611580000000064
Vienna,0.1,Off-peak,Greedy,81,12.915606,12.915606,34.43867,100.0,50.16222,466.60547,33.609833,52.859833,0.0,23.315321,0.20875253,3.4611580000000064,0.34611580000000064
Vienna,0.1,Off-peak,Greedy,82,13.617042,13.617042,36.279297,100.0,49.894554,504.55072,32.058468,51.208466,0.0,21.449505,0.27918264,3.4611580000000064,0.34611580000000064
Vienna,0.1,Off-peak,Greedy,83,13.017158,13.017158,34.63383,100.0,51.688282,497.91248,42.679844,63.87985,0.0,23.88413,0.04221058,3.4611580000000064,0.34611580000000064
Vienna,0.1,Off-peak,Greedy,84,13.476441,13.476441,35.615383,100.0,50.667934,319.01666,33.821877,52.771877,0.0,33.67128,0.0856782,3.4611580000000064,0.34611580000000064
Vienna,0.1,Off-peak,Greedy,85,12.334424,12.334424,32.80659,100.0,47.87572,308.62997,39.878246,61.378246,0.0,38.709442,0.15267073,3.4611580000000064,0.34611580000000064
Vienna,0.1,Off-peak,Greedy,86,15.142457,15.142457,40.208168,100.0,58.08432,507.87115,32.34182,51.141815,0.0,21.367836,0.31691843,3.4611580000000064,0.34611580000000064
Vienna,0.1,Off-peak,Greedy,87,11.77523,11.77523,31.2356,100.0,44.944855,412.09378,34.439873,54.18987,0.0,26.689608,0.31564173,3.4611580000000064,0.34611580000000064
Vienna,0.1,Off-peak,Greedy,88,14.064168,14.064168,37.244904,100.0,57.723824,452.34024,37.575336,58.175335,0.0,25.96076,0.18803659,3.4611580000000064,0.34611580000000064
Vienna,0.1,Off-peak,Greedy,89,13.02633,13.02633,34.611145,100.0,47.74738,454.05807,33.388428,52.088425,0.0,23.221004,0.15983677,3.4611580000000064,0.34611580000000064
Vienna,0.1,Off-peak,Greedy,90,12.572203,12.572203,33.355232,100.0,49.28978,502.65637,36.88095,57.48095,0.0,22.9426,0.3079755,3.4611580000000064,0.34611580000000064
Vienna,0.1,Off-peak,Greedy,91,13.7550745,13.7550745,36.55125,100.0,56.122116,501.9651,33.52806,53.578064,0.0,22.766628,0.209372,3.4611580000000064,0.34611580000000064
Vienna,0.1,Off-peak,Greedy,92,13.327392,13.327392,35.42494,100.0,53.53031,469.5067,38.721478,60.521477,0.0,26.066204,0.15023282,3.4611580000000064,0.34611580000000064
Vienna,0.1,Off-peak,Greedy,93,13.030438,13.030438,34.377598,100.0,53.895073,461.89432,31.35438,50.104374,0.0,23.213917,0.19733436,3.4611580000000064,0.34611580000000064
Vienna,0.1,Off-peak,Greedy,94,12.346125,12.346125,32.81356,100.0,44.47556,369.78394,36.54544,56.795437,0.0,30.387716,0.20344819,3.4611580000000064,0.34611580000000064
Vienna,0.1,Off-peak,Greedy,95,13.294009,13.294009,35.47919,100.0,53.65931,500.10217,37.418564,58.518562,0.0,23.778105,0.16508059,3.4611580000000064,0.34611580000000064
Vienna,0.1,Off-peak,Greedy,96,13.93827,13.93827,36.98585,100.0,50.605125,208.55768,38.492645,59.59264,0.0,56.65161,0.1214715,3.4611580000000064,0.34611580000000064
Vienna,0.1,Off-peak,Greedy,97,11.875313,11.875313,31.641682,100.0,45.468384,410.21198,34.246372,52.846375,0.0,25.442236,0.17381871,3.4611580000000064,0.34611580000000064
Vienna,0.1,Off-peak,Greedy,98,10.972818,10.972818,29.181395,100.0,40.799984,414.48926,41.3023,63.452305,0.0,29.18049,0.121460445,3.4611580000000064,0.34611580000000064
Vienna,0.1,Off-peak,Greedy,99,13.157316,13.157316,34.95084,100.0,49.999084,509.3677,30.440401,47.190395,0.0,18.895931,0.16844459,3.4611580000000064,0.34611580000000064
Vienna,0.1,Peak-aware,DVNDA,0,15.466205,15.466205,41.09417,100.0,68.80268,484.86105,50.930748,71.08075,0.0,24.326696,0.18564929,4.041961000000001,0.40419610000000006
Vienna,0.1,Peak-aware,DVNDA,1,14.214326,14.214326,37.90844,100.0,61.114517,482.87,59.01568,78.91569,0.0,23.770086,0.6156525,4.041961000000001,0.40419610000000006
Vienna,0.1,Peak-aware,DVNDA,2,11.096757,11.096757,29.550861,100.0,45.87715,506.81677,56.430214,79.03021,0.0,24.55903,0.6027558,4.041961000000001,0.40419610000000006
Vienna,0.1,Peak-aware,DVNDA,3,12.685091,12.685091,33.748188,100.0,51.50263,484.46155,54.000988,72.35099,0.0,21.596277,0.6077716,4.041961000000001,0.40419610000000006
Vienna,0.1,Peak-aware,DVNDA,4,15.851026,15.851026,42.02339,100.0,64.75153,483.67682,53.291096,74.6411,0.0,25.417364,0.3222742,4.041961000000001,0.40419610000000006
Vienna,0.1,Peak-aware,DVNDA,5,10.984963,10.984963,29.136116,100.0,42.252445,483.18747,53.45406,74.00407,0.0,23.45117,0.23718557,4.041961000000001,0.40419610000000006
Vienna,0.1,Peak-aware,DVNDA,6,12.154722,12.154722,32.275566,100.0,51.753983,517.3427,75.720184,96.47019,0.0,22.555357,0.6069022,4.041961000000001,0.40419610000000006
Vienna,0.1,Peak-aware,DVNDA,7,12.972287,12.972287,34.43543,100.0,51.487324,482.84363,50.82713,69.87713,0.0,22.392721,0.41478595,4.041961000000001,0.40419610000000006
Vienna,0.1,Peak-aware,DVNDA,8,10.66896,10.66896,28.399702,100.0,46.215122,493.17334,61.846657,83.54665,0.0,24.34312,0.6947416,4.041961000000001,0.40419610000000006
Vienna,0.1,Peak-aware,DVNDA,9,10.587057,10.587057,28.131847,100.0,43.582817,481.71066,60.515095,79.415085,0.0,21.879463,0.62473416,4.041961000000001,0.40419610000000006
Vienna,0.1,Peak-aware,DVNDA,10,12.697341,12.697341,33.650208,100.0,52.82066,484.38464,59.48472,82.7347,0.0,26.725697,0.33126348,4.041961000000001,0.40419610000000006
Vienna,0.1,Peak-aware,DVNDA,11,14.1619835,14.1619835,37.61661,100.0,58.248528,485.0224,46.387184,67.53718,0.0,24.805481,0.17562188,4.041961000000001,0.40419610000000006
Vienna,0.1,Peak-aware,DVNDA,12,15.796287,15.796287,41.984657,100.0,70.99211,485.7442,56.219166,77.21917,0.0,25.270096,0.2709795,4.041961000000001,0.40419610000000006
Vienna,0.1,Peak-aware,DVNDA,13,11.835059,11.835059,31.38869,100.0,52.474937,500.1218,64.62309,83.8231,0.0,21.81843,0.5956282,4.041961000000001,0.40419610000000006
Vienna,0.1,Peak-aware,DVNDA,14,13.194549,13.194549,35.096672,100.0,54.097183,484.63846,45.104324,63.754322,0.0,22.03174,0.3608963,4.041961000000001,0.40419610000000006
Vienna,0.1,Peak-aware,DVNDA,15,12.198883,12.198883,32.33407,100.0,46.867004,482.75928,55.562927,74.662926,0.0,22.209152,0.5798734,4.041961000000001,0.40419610000000006
Vienna,0.1,Peak-aware,DVNDA,16,10.186732,10.186732,27.189995,100.0,47.07938,483.48227,63.251484,87.00148,0.0,26.995787,0.6337295,4.041961000000001,0.40419610000000006
Vienna,0.1,Peak-aware,DVNDA,17,13.169911,13.169911,34.922955,100.0,57.05109,519.37213,53.029198,72.6792,0.0,21.663229,0.36197853,4.041961000000001,0.40419610000000006
Vienna,0.1,Peak-aware,DVNDA,18,13.907994,13.907994,36.9041,100.0,60.15275,484.33325,50.663292,70.1133,0.0,23.184072,0.12652987,4.041961000000001,0.40419610000000006
Vienna,0.1,Peak-aware,DVNDA,19,11.282821,11.282821,30.031044,100.0,47.56528,482.41483,52.512367,74.862366,0.0,25.629673,0.43999058,4.041961000000001,0.40419610000000006
Vienna,0.1,Peak-aware,DVNDA,20,10.707497,10.707497,28.375057,100.0,45.831074,482.93546,62.253956,84.35396,0.0,25.253428,0.23712294,4.041961000000001,0.40419610000000006
Vienna,0.1,Peak-aware,DVNDA,21,13.419212,13.419212,35.64397,100.0,57.104164,483.94666,60.356415,80.20641,0.0,23.458382,0.4717492,4.041961000000001,0.40419610000000006
Vienna,0.1,Peak-aware,DVNDA,22,12.874213,12.874213,34.26328,100.0,53.18461,483.66785,47.954075,67.504074,0.0,22.959175,0.3661513,4.041961000000001,0.40419610000000006
Vienna,0.1,Peak-aware,DVNDA,23,12.961161,12.961161,34.42574,100.0,57.012035,484.36282,55.581654,76.781654,0.0,24.827053,0.5825834,4.041961000000001,0.40419610000000006
Vienna,0.1,Peak-aware,DVNDA,24,14.761734,14.761734,39.274166,100.0,57.940643,484.4609,58.470417,79.47041,0.0,24.663528,0.60796136,4.041961000000001,0.40419610000000006
Vienna,0.1,Peak-aware,DVNDA,25,11.494899,11.494899,30.602907,100.0,48.707043,507.12732,64.378685,85.778694,0.0,23.500362,0.6379448,4.041961000000001,0.40419610000000006
Vienna,0.1,Peak-aware,DVNDA,26,13.30595,13.30595,35.140472,100.0,57.03615,511.8777,62.17373,86.02373,0.0,26.082214,0.24155535,4.041961000000001,0.40419610000000006
Vienna,0.1,Peak-aware,DVNDA,27,12.408071,12.408071,32.827343,100.0,52.54318,484.9292,53.073296,74.1233,0.0,24.413004,0.2929985,4.041961000000001,0.40419610000000006
Vienna,0.1,Peak-aware,DVNDA,28,10.791638,10.791638,28.695242,100.0,44.99757,507.69934,46.50241,65.302414,0.0,20.730656,0.47056615,4.041961000000001,0.40419610000000006
Vienna,0.1,Peak-aware,DVNDA,29,10.6838665,10.6838665,28.330875,100.0,44.11899,483.12253,41.66686,62.716858,0.0,24.068375,0.3818962,4.041961000000001,0.40419610000000006
Vienna,0.1,Peak-aware,DVNDA,30,11.929892,11.929892,31.594486,100.0,53.831978,483.53674,62.49602,84.09602,0.0,25.118673,0.39201275,4.041961000000001,0.40419610000000006
Vienna,0.1,Peak-aware,DVNDA,31,10.984377,10.984377,29.13787,100.0,45.51747,499.9165,37.530582,55.53058,0.0,20.27926,0.38574526,4.041961000000001,0.40419610000000006
Vienna,0.1,Peak-aware,DVNDA,32,10.476261,10.476261,27.766582,100.0,43.216705,483.29184,64.11369,87.36369,0.0,26.289326,0.6414271,4.041961000000001,0.40419610000000006
Vienna,0.1,Peak-aware,DVNDA,33,13.174296,13.174296,35.028305,100.0,62.622498,515.2804,51.948193,71.59819,0.0,22.105564,0.3236583,4.041961000000001,0.40419610000000006
Vienna,0.1,Peak-aware,DVNDA,34,12.76693,12.76693,33.988163,100.0,54.95859,498.12543,60.344685,80.594696,0.0,23.084478,0.62232876,4.041961000000001,0.40419610000000006
Vienna,0.1,Peak-aware,DVNDA,35,12.275467,12.275467,32.56484,100.0,52.287468,484.02127,67.08247,88.23247,0.0,24.54889,0.7729872,4.041961000000001,0.40419610000000006
Vienna,0.1,Peak-aware,DVNDA,36,14.364385,14.364385,38.36641,100.0,61.27498,484.0342,61.225597,83.375595,0.0,26.045422,0.2888219,4.041961000000001,0.40419610000000006
Vienna,0.1,Peak-aware,DVNDA,37,12.700989,12.700989,33.901978,100.0,50.290077,483.7766,58.71044,79.410446,0.0,23.993002,0.49191827,4.041961000000001,0.40419610000000006
Vienna,0.1,Peak-aware,DVNDA,38,13.779026,13.779026,36.48202,100.0,54.593155,514.2598,58.116188,80.4162,0.0,24.335615,0.35453036,4.041961000000001,0.40419610000000006
Vienna,0.1,Peak-aware,DVNDA,39,11.196031,11.196031,29.788815,100.0,47.54977,483.20035,52.396515,73.04652,0.0,23.828094,0.19737263,4.041961000000001,0.40419610000000006
Vienna,0.1,Peak-aware,DVNDA,40,13.119951,13.119951,34.894333,100.0,54.838257,509.41412,40.873787,60.973785,0.0,22.41979,0.1698489,4.041961000000001,0.40419610000000006
Vienna,0.1,Peak-aware,DVNDA,41,12.911897,12.911897,34.281586,100.0,58.110397,503.05435,53.710114,70.76012,0.0,19.834358,0.46648556,4.041961000000001,0.40419610000000006
Vienna,0.1,Peak-aware,DVNDA,42,11.787605,11.787605,31.461128,100.0,50.219822,484.0257,60.56541,81.66541,0.0,24.390224,0.2063608,4.041961000000001,0.40419610000000006
Vienna,0.1,Peak-aware,DVNDA,43,12.5780525,12.5780525,33.40831,100.0,51.90157,484.05368,52.753246,73.403244,0.0,24.010845,0.39475098,4.041961000000001,0.40419610000000006
Vienna,0.1,Peak-aware,DVNDA,44,11.518147,11.518147,30.59894,100.0,49.165703,483.5534,74.455444,94.65544,0.0,23.42894,0.68153715,4.041961000000001,0.40419610000000006
Vienna,0.1,Peak-aware,DVNDA,45,9.230332,9.230332,24.508081,100.0,40.527298,508.83112,54.80539,76.005394,0.0,22.823256,0.66072917,4.041961000000001,0.40419610000000006
Vienna,0.1,Peak-aware,DVNDA,46,10.869254,10.869254,29.015673,100.0,46.57637,483.60162,70.76082,90.66081,0.0,22.98257,0.739909,4.041961000000001,0.40419610000000006
Vienna,0.1,Peak-aware,DVNDA,47,14.887293,14.887293,39.495586,100.0,58.029263,498.27426,57.43949,77.73949,0.0,23.281818,0.20255212,4.041961000000001,0.40419610000000006
Vienna,0.1,Peak-aware,DVNDA,48,9.928062,9.928062,26.369745,100.0,42.09185,484.51788,49.214336,67.664345,0.0,21.21139,0.36811572,4.041961000000001,0.40419610000000006
Vienna,0.1,Peak-aware,DVNDA,49,10.115133,10.115133,26.821238,100.0,39.03705,481.87186,55.705513,76.05551,0.0,23.140852,0.4901351,4.041961000000001,0.40419610000000006
Vienna,0.1,Peak-aware,DVNDA,50,11.179472,11.179472,29.896858,100.0,46.99993,509.1012,63.041664,86.04165,0.0,24.896816,0.58750165,4.041961000000001,0.40419610000000006
Vienna,0.1,Peak-aware,DVNDA,51,12.229892,12.229892,32.50858,100.0,50.352364,484.21606,65.51665,87.86664,0.0,25.67823,0.6120459,4.041961000000001,0.40419610000000006
Vienna,0.1,Peak-aware,DVNDA,52,11.954838,11.954838,31.793783,100.0,50.950756,483.8637,54.247734,75.99774,0.0,25.10783,0.087920345,4.041961000000001,0.40419610000000006
Vienna,0.1,Peak-aware,DVNDA,53,13.189873,13.189873,34.962093,100.0,55.56962,508.18228,50.536205,69.836205,0.0,21.72299,0.32857025,4.041961000000001,0.40419610000000006
Vienna,0.1,Peak-aware,DVNDA,54,12.136061,12.136061,32.26679,100.0,51.81083,492.97342,58.173573,79.773575,0.0,24.535337,0.18697897,4.041961000000001,0.40419610000000006
Vienna,0.1,Peak-aware,DVNDA,55,11.0299015,11.0299015,29.302326,100.0,48.82521,482.8794,73.63692,95.68691,0.0,25.359604,0.6659908,4.041961000000001,0.40419610000000006
Vienna,0.1,Peak-aware,DVNDA,56,12.103311,12.103311,32.210888,100.0,50.657776,510.19873,56.08542,78.23543,0.0,24.189486,0.3634997,4.041961000000001,0.40419610000000006
Vienna,0.1,Peak-aware,DVNDA,57,12.848126,12.848126,34.16884,100.0,54.95615,512.39557,50.02868,71.27868,0.0,23.417265,0.236865,4.041961000000001,0.40419610000000006
Vienna,0.1,Peak-aware,DVNDA,58,12.415747,12.415747,32.982018,100.0,51.739365,481.99454,51.21928,72.619286,0.0,24.88303,0.24372143,4.041961000000001,0.40419610000000006
Vienna,0.1,Peak-aware,DVNDA,59,12.827087,12.827087,34.16814,100.0,51.143673,484.67404,54.748047,75.64805,0.0,24.19893,0.57928455,4.041961000000001,0.40419610000000006
Vienna,0.1,Peak-aware,DVNDA,60,11.494939,11.494939,30.468386,100.0,51.140446,482.20944,62.04901,83.29901,0.0,24.685354,0.6732202,4.041961000000001,0.40419610000000006
Vienna,0.1,Peak-aware,DVNDA,61,11.126995,11.126995,29.554676,100.0,47.572124,484.32593,68.89299,90.84299,0.0,25.115946,0.5923021,4.041961000000001,0.40419610000000006
Vienna,0.1,Peak-aware,DVNDA,62,11.313196,11.313196,30.031569,100.0,45.641407,483.93253,50.79798,71.79798,0.0,24.05508,0.25573027,4.041961000000001,0.40419610000000006
Vienna,0.1,Peak-aware,DVNDA,63,15.066783,15.066783,40.101597,100.0,57.205082,485.0777,45.37186,67.32186,0.0,25.573483,0.34171,4.041961000000001,0.40419610000000006
Vienna,0.1,Peak-aware,DVNDA,64,13.463607,13.463607,35.654785,100.0,51.503002,516.47107,47.609093,66.20909,0.0,20.499844,0.18601504,4.041961000000001,0.40419610000000006
Vienna,0.1,Peak-aware,DVNDA,65,13.778702,13.778702,36.742565,100.0,62.436527,485.8637,58.436024,80.136024,0.0,25.544018,0.11635965,4.041961000000001,0.40419610000000006
Vienna,0.1,Peak-aware,DVNDA,66,12.909839,12.909839,34.462124,100.0,63.157875,483.86478,59.01455,80.464554,0.0,25.42848,0.1212963,4.041961000000001,0.40419610000000006
Vienna,0.1,Peak-aware,DVNDA,67,12.543583,12.543583,33.181328,100.0,52.940094,484.64127,64.99038,87.14037,0.0,25.582848,0.69549805,4.041961000000001,0.40419610000000006
Vienna,0.1,Peak-aware,DVNDA,68,9.690781,9.690781,25.635546,100.0,42.12791,482.77216,53.56382,73.46382,0.0,22.7917,0.69048625,4.041961000000001,0.40419610000000006
Vienna,0.1,Peak-aware,DVNDA,69,11.006878,11.006878,29.231249,100.0,42.41365,484.2032,50.413734,70.11373,0.0,22.532566,0.23164584,4.041961000000001,0.40419610000000006
Vienna,0.1,Peak-aware,DVNDA,70,11.386971,11.386971,30.147083,100.0,48.06318,482.83566,51.933495,74.0335,0.0,25.374226,0.36818188,4.041961000000001,0.40419610000000006
Vienna,0.1,Peak-aware,DVNDA,71,12.326604,12.326604,32.644257,100.0,51.083992,484.3961,49.38985,70.33985,0.0,24.261343,0.7251431,4.041961000000001,0.40419610000000006
Vienna,0.1,Peak-aware,DVNDA,72,10.568326,10.568326,28.154867,100.0,44.058495,482.2602,60.076546,78.72655,0.0,21.619995,0.49036416,4.041961000000001,0.40419610000000006
Vienna,0.1,Peak-aware,DVNDA,73,13.5963955,13.5963955,36.274742,100.0,58.407696,518.3042,53.585316,77.18531,0.0,25.583803,0.173072,4.041961000000001,0.40419610000000006
Vienna,0.1,Peak-aware,DVNDA,74,13.345064,13.345064,35.554226,100.0,53.938213,499.68234,51.92382,70.07382,0.0,20.860165,0.5959207,4.041961000000001,0.40419610000000006
Vienna,0.1,Peak-aware,DVNDA,75,12.514097,12.514097,33.25772,100.0,52.835766,484.18097,59.10506,79.20506,0.0,23.484804,0.36106193,4.041961000000001,0.40419610000000006
Vienna,0.1,Peak-aware,DVNDA,76,11.187056,11.187056,29.766964,100.0,48.94153,483.96732,55.548023,75.84802,0.0,23.500631,0.38083094,4.041961000000001,0.40419610000000006
Vienna,0.1,Peak-aware,DVNDA,77,13.894343,13.894343,36.814465,100.0,62.95563,484.84943,47.863075,69.46307,0.0,25.521097,0.08902731,4.041961000000001,0.40419610000000006
Vienna,0.1,Peak-aware,DVNDA,78,11.866141,11.866141,31.627314,100.0,50.976303,482.6928,51.557087,71.207085,0.0,22.99476,0.58496255,4.041961000000001,0.40419610000000006
Vienna,0.1,Peak-aware,DVNDA,79,15.010992,15.010992,39.97793,100.0,56.68681,485.01044,40.317333,60.017334,0.0,23.230776,0.25018495,4.041961000000001,0.40419610000000006
Vienna,0.1,Peak-aware,DVNDA,80,12.884857,12.884857,34.27827,100.0,53.657112,484.0119,60.35845,83.65846,0.0,26.841137,0.5231918,4.041961000000001,0.40419610000000006
Vienna,0.1,Peak-aware,DVNDA,81,11.89389,11.89389,31.769989,100.0,49.131104,485.12027,60.349236,79.599236,0.0,22.372341,0.6212562,4.041961000000001,0.40419610000000006
Vienna,0.1,Peak-aware,DVNDA,82,10.899222,10.899222,28.986023,100.0,43.595047,504.55072,50.191124,69.341125,0.0,21.137373,0.6002003,4.041961000000001,0.40419610000000006
Vienna,0.1,Peak-aware,DVNDA,83,13.356978,13.356978,35.49294,100.0,55.103874,497.06955,45.153236,66.35324,0.0,24.09642,0.14575931,4.041961000000001,0.40419610000000006
Vienna,0.1,Peak-aware,DVNDA,84,14.037083,14.037083,37.249275,100.0,56.083687,483.98666,51.482475,70.43247,0.0,22.473951,0.60772955,4.041961000000001,0.40419610000000006
Vienna,0.1,Peak-aware,DVNDA,85,12.43291,12.43291,33.02709,100.0,52.127888,484.72165,56.92037,78.42038,0.0,24.866224,0.24324107,4.041961000000001,0.40419610000000006
Vienna,0.1,Peak-aware,DVNDA,86,14.426712,14.426712,38.332012,100.0,57.950905,507.87122,64.44745,83.247444,0.0,21.361267,0.5934124,4.041961000000001,0.40419610000000006
Vienna,0.1,Peak-aware,DVNDA,87,11.021818,11.021818,29.262936,100.0,44.90089,483.11154,44.49448,64.24448,0.0,22.76394,0.14781973,4.041961000000001,0.40419610000000006
Vienna,0.1,Peak-aware,DVNDA,88,14.862124,14.862124,39.535717,100.0,68.673935,485.02356,58.926422,79.52641,0.0,24.7758,0.28604892,4.041961000000001,0.40419610000000006
Vienna,0.1,Peak-aware,DVNDA,89,13.565658,13.565658,36.04636,100.0,49.915802,484.54587,43.85005,62.550056,0.0,21.871809,0.14773269,4.041961000000001,0.40419610000000006
Vienna,0.1,Peak-aware,DVNDA,90,10.865592,10.865592,28.792973,100.0,45.195374,502.67612,51.861816,72.461815,0.0,22.738068,0.38611907,4.041961000000001,0.40419610000000006
Vienna,0.1,Peak-aware,DVNDA,91,13.82027,13.82027,36.750057,100.0,58.382713,503.262,48.37171,68.42171,0.0,22.820257,0.21158426,4.041961000000001,0.40419610000000006
Vienna,0.1,Peak-aware,DVNDA,92,11.319032,11.319032,30.116306,100.0,50.008755,484.3056,51.240734,73.04074,0.0,25.087914,0.5286929,4.041961000000001,0.40419610000000006
Vienna,0.1,Peak-aware,DVNDA,93,14.293692,14.293692,37.8094,100.0,60.75182,484.18964,42.39552,61.145515,0.0,22.499027,0.22404146,4.041961000000001,0.40419610000000006
Vienna,0.1,Peak-aware,DVNDA,94,12.496969,12.496969,33.236942,100.0,47.489353,484.7207,45.990334,66.24033,0.0,23.337633,0.06399985,4.041961000000001,0.40419610000000006
Vienna,0.1,Peak-aware,DVNDA,95,12.240368,12.240368,32.520332,100.0,52.972794,499.04504,53.170654,74.270645,0.0,23.794086,0.34151414,4.041961000000001,0.40419610000000006
Vienna,0.1,Peak-aware,DVNDA,96,12.499159,12.499159,33.222885,100.0,53.235794,483.84326,54.695576,75.795586,0.0,24.555254,0.2880557,4.041961000000001,0.40419610000000006
Vienna,0.1,Peak-aware,DVNDA,97,13.198007,13.198007,35.258846,100.0,53.180286,483.57037,45.942696,64.54269,0.0,21.981306,0.28086004,4.041961000000001,0.40419610000000006
Vienna,0.1,Peak-aware,DVNDA,98,16.430973,16.430973,43.70807,100.0,63.59426,484.7748,51.650146,73.80015,0.0,26.125237,0.3144939,4.041961000000001,0.40419610000000006
Vienna,0.1,Peak-aware,DVNDA,99,10.795219,10.795219,28.788664,100.0,45.55226,507.15866,47.107307,63.857307,0.0,18.759035,0.38428095,4.041961000000001,0.40419610000000006
Vienna,0.1,Peak-aware,Greedy,0,16.122047,16.122047,42.920315,100.0,68.023285,210.56555,35.290497,55.44049,0.0,55.923588,0.25207815,3.5793169999999908,0.3579316999999991
Vienna,0.1,Peak-aware,Greedy,1,15.254287,15.254287,40.591694,100.0,62.29668,450.4081,36.92046,56.820457,0.0,25.548866,0.14923385,3.5793169999999908,0.3579316999999991
Vienna,0.1,Peak-aware,Greedy,2,11.713862,11.713862,31.176456,100.0,49.070206,506.81677,37.933407,60.53341,0.0,24.716536,0.22390057,3.5793169999999908,0.3579316999999991
Vienna,0.1,Peak-aware,Greedy,3,9.555166,9.555166,25.505085,100.0,37.151615,461.26797,31.689737,50.03974,0.0,21.904383,0.11876298,3.5793169999999908,0.3579316999999991
Vienna,0.1,Peak-aware,Greedy,4,13.352339,13.352339,35.521297,100.0,55.461384,416.44385,35.491444,56.84145,0.0,28.963173,0.08940385,3.5793169999999908,0.3579316999999991
Vienna,0.1,Peak-aware,Greedy,5,8.8842,8.8842,23.51621,100.0,37.88436,130.2405,40.072212,60.622215,0.0,86.16452,0.29863194,3.5793169999999908,0.3579316999999991
Vienna,0.1,Peak-aware,Greedy,6,12.922251,12.922251,34.264355,100.0,55.653316,517.3427,35.86821,56.618214,0.0,22.74379,0.14545673,3.5793169999999908,0.3579316999999991
Vienna,0.1,Peak-aware,Greedy,7,10.908764,10.908764,28.898266,100.0,43.01234,356.64536,30.846956,49.89696,0.0,29.722267,0.50413865,3.5793169999999908,0.3579316999999991
Vienna,0.1,Peak-aware,Greedy,8,12.249082,12.249082,32.638172,100.0,51.54369,494.3847,40.42316,62.123165,0.0,24.552929,0.04810952,3.5793169999999908,0.3579316999999991
Vienna,0.1,Peak-aware,Greedy,9,8.810303,8.810303,23.366287,100.0,35.030308,164.47536,29.958458,48.858456,0.0,62.779964,0.20025186,3.5793169999999908,0.3579316999999991
Vienna,0.1,Peak-aware,Greedy,10,12.805932,12.805932,33.95624,100.0,54.253685,226.33368,37.101967,60.35197,0.0,57.354885,0.09971898,3.5793169999999908,0.3579316999999991
Vienna,0.1,Peak-aware,Greedy,11,13.091451,13.091451,34.780552,100.0,60.3488,322.81772,39.14611,60.29611,0.0,37.432026,0.072182335,3.5793169999999908,0.3579316999999991
Vienna,0.1,Peak-aware,Greedy,12,13.6423,13.6423,36.155502,100.0,60.900166,461.46445,39.31201,60.312008,0.0,26.052938,0.14852774,3.5793169999999908,0.3579316999999991
Vienna,0.1,Peak-aware,Greedy,13,14.056764,14.056764,37.25682,100.0,58.660408,500.12186,36.928173,56.12817,0.0,22.127628,0.14131296,3.5793169999999908,0.3579316999999991
Vienna,0.1,Peak-aware,Greedy,14,15.146576,15.146576,40.25861,100.0,61.735416,356.72037,33.16306,51.813057,0.0,30.46752,0.14822508,3.5793169999999908,0.3579316999999991
Vienna,0.1,Peak-aware,Greedy,15,14.200237,14.200237,37.64124,100.0,52.40574,309.5955,33.237846,52.33785,0.0,35.07849,0.059727874,3.5793169999999908,0.3579316999999991
Vienna,0.1,Peak-aware,Greedy,16,12.632892,12.632892,33.65667,100.0,58.114613,415.38373,43.32838,67.07838,0.0,32.08567,0.16250889,3.5793169999999908,0.3579316999999991
Vienna,0.1,Peak-aware,Greedy,17,14.566884,14.566884,38.6594,100.0,63.24894,520.6669,37.50256,57.152557,0.0,21.906952,0.14792937,3.5793169999999908,0.3579316999999991
Vienna,0.1,Peak-aware,Greedy,18,11.996913,11.996913,31.814081,100.0,53.189808,454.98367,35.613026,55.063026,0.0,24.297014,0.11617531,3.5793169999999908,0.3579316999999991
Vienna,0.1,Peak-aware,Greedy,19,11.406388,11.406388,30.339664,100.0,47.013695,419.36758,40.53114,62.88114,0.0,29.449923,0.33639705,3.5793169999999908,0.3579316999999991
Vienna,0.1,Peak-aware,Greedy,20,12.508395,12.508395,33.22233,100.0,52.65792,368.9033,38.658173,60.75818,0.0,33.522194,0.1418787,3.5793169999999908,0.3579316999999991
Vienna,0.1,Peak-aware,Greedy,21,11.427876,11.427876,30.314032,100.0,49.673294,318.7602,35.489307,55.339314,0.0,35.032078,0.16804504,3.5793169999999908,0.3579316999999991
Vienna,0.1,Peak-aware,Greedy,22,13.747553,13.747553,36.52574,100.0,56.782112,318.7169,30.459839,50.009834,0.0,35.123814,0.18514696,3.5793169999999908,0.3579316999999991
Vienna,0.1,Peak-aware,Greedy,23,12.418213,12.418213,33.041706,100.0,52.768906,179.41591,42.167145,63.367138,0.0,66.43348,0.10861923,3.5793169999999908,0.3579316999999991
Vienna,0.1,Peak-aware,Greedy,24,13.420269,13.420269,35.797344,100.0,49.911987,312.89233,37.110294,58.110294,0.0,37.54582,0.1758518,3.5793169999999908,0.3579316999999991
Vienna,0.1,Peak-aware,Greedy,25,11.932767,11.932767,31.732368,100.0,49.58726,509.51157,38.950356,60.350353,0.0,23.433582,0.19813024,3.5793169999999908,0.3579316999999991
Vienna,0.1,Peak-aware,Greedy,26,12.727408,12.727408,33.742207,100.0,53.48534,512.3906,45.99432,69.84431,0.0,25.882856,0.405237,3.5793169999999908,0.3579316999999991
Vienna,0.1,Peak-aware,Greedy,27,13.543217,13.543217,35.91392,100.0,54.675278,217.21184,37.925514,58.975513,0.0,54.747852,0.11036087,3.5793169999999908,0.3579316999999991
Vienna,0.1,Peak-aware,Greedy,28,11.462325,11.462325,30.405024,100.0,45.62595,507.94464,32.831398,51.631393,0.0,20.75157,0.0778357,3.5793169999999908,0.3579316999999991
Vienna,0.1,Peak-aware,Greedy,29,12.533241,12.533241,33.363678,100.0,50.945282,215.1111,39.51054,60.560547,0.0,54.84901,0.20147698,3.5793169999999908,0.3579316999999991
Vienna,0.1,Peak-aware,Greedy,30,14.056959,14.056959,37.279144,100.0,65.76661,220.58304,42.485992,64.086,0.0,56.41488,0.11538984,3.5793169999999908,0.3579316999999991
Vienna,0.1,Peak-aware,Greedy,31,12.203269,12.203269,32.506363,100.0,51.77693,498.13013,34.792072,52.792076,0.0,20.666134,0.2683681,3.5793169999999908,0.3579316999999991
Vienna,0.1,Peak-aware,Greedy,32,11.858035,11.858035,31.357403,100.0,49.849487,462.41248,39.73052,62.980515,0.0,27.83497,0.07110944,3.5793169999999908,0.3579316999999991
Vienna,0.1,Peak-aware,Greedy,33,12.692467,12.692467,33.721703,100.0,55.151752,516.7272,38.74556,58.39556,0.0,21.682222,0.17060062,3.5793169999999908,0.3579316999999991
Vienna,0.1,Peak-aware,Greedy,34,14.629212,14.629212,38.882454,100.0,64.85012,497.8029,38.40243,58.652428,0.0,23.596193,0.2525834,3.5793169999999908,0.3579316999999991
Vienna,0.1,Peak-aware,Greedy,35,14.214628,14.214628,37.77469,100.0,63.83912,360.63016,43.07844,64.22844,0.0,33.749195,0.1324694,3.5793169999999908,0.3579316999999991
Vienna,0.1,Peak-aware,Greedy,36,14.431707,14.431707,38.562412,100.0,58.28199,467.99847,41.745884,63.89588,0.0,26.777973,0.16659692,3.5793169999999908,0.3579316999999991
Vienna,0.1,Peak-aware,Greedy,37,14.862564,14.862564,39.59627,100.0,58.553787,456.80463,38.124306,58.824303,0.0,25.861917,0.1125683,3.5793169999999908,0.3579316999999991
Vienna,0.1,Peak-aware,Greedy,38,13.032571,13.032571,34.679077,100.0,51.73865,514.2598,38.41326,60.71326,0.0,24.196846,0.12098266,3.5793169999999908,0.3579316999999991
Vienna,0.1,Peak-aware,Greedy,39,11.706972,11.706972,31.087677,100.0,49.83158,253.60785,37.94707,58.59707,0.0,45.62473,0.058337282,3.5793169999999908,0.3579316999999991
Vienna,0.1,Peak-aware,Greedy,40,10.714656,15.714656,28.453547,95.0,42.65527,131.33017,34.196915,53.98639,1.0,79.69518,0.09556989,3.5793169999999908,0.3579316999999991
Vienna,0.1,Peak-aware,Greedy,41,13.435671,13.435671,35.59403,100.0,56.479294,506.38715,32.390656,49.44066,0.0,19.623291,0.1551881,3.5793169999999908,0.3579316999999991
Vienna,0.1,Peak-aware,Greedy,42,13.485979,13.485979,35.96604,100.0,59.459755,161.89821,38.00949,59.109478,0.0,74.34606,0.0661662,3.5793169999999908,0.3579316999999991
Vienna,0.1,Peak-aware,Greedy,43,14.251164,14.251164,37.806293,100.0,57.428066,419.69397,32.32444,52.974438,0.0,28.022089,0.33710667,3.5793169999999908,0.3579316999999991
Vienna,0.1,Peak-aware,Greedy,44,14.409098,14.409098,38.325188,100.0,57.868736,226.41951,33.167057,53.36705,0.0,50.99701,0.15824737,3.5793169999999908,0.3579316999999991
Vienna,0.1,Peak-aware,Greedy,45,10.890321,10.890321,28.836077,100.0,45.62682,507.4958,34.80239,56.002388,0.0,23.134516,0.13284686,3.5793169999999908,0.3579316999999991
Vienna,0.1,Peak-aware,Greedy,46,13.709397,13.709397,36.45032,100.0,57.382576,211.01332,37.44,57.34,0.0,53.95188,0.30752975,3.5793169999999908,0.3579316999999991
Vienna,0.1,Peak-aware,Greedy,47,13.642917,13.642917,36.12895,100.0,53.344402,498.40335,38.271244,58.571243,0.0,23.040796,0.065618895,3.5793169999999908,0.3579316999999991
Vienna,0.1,Peak-aware,Greedy,48,12.27589,12.27589,32.671844,100.0,51.5286,111.55356,38.194424,56.644432,0.0,94.24365,0.18781713,3.5793169999999908,0.3579316999999991
Vienna,0.1,Peak-aware,Greedy,49,11.018756,11.018756,29.260727,100.0,44.85719,126.22148,37.04083,57.390827,0.0,89.496895,0.35976258,3.5793169999999908,0.3579316999999991
Vienna,0.1,Peak-aware,Greedy,50,13.459775,13.459775,35.926765,100.0,55.00506,509.1012,42.073776,65.07378,0.0,25.289915,0.27220985,3.5793169999999908,0.3579316999999991
Vienna,0.1,Peak-aware,Greedy,51,13.126501,13.126501,34.77671,100.0,54.075264,448.0347,38.85838,61.20838,0.0,27.959623,0.2001873,3.5793169999999908,0.3579316999999991
Vienna,0.1,Peak-aware,Greedy,52,14.463689,14.463689,38.53838,100.0,60.81136,463.26465,37.161682,58.91168,0.0,26.756376,0.167535,3.5793169999999908,0.3579316999999991
Vienna,0.1,Peak-aware,Greedy,53,14.007074,14.007074,37.16843,100.0,59.575584,508.18228,35.092083,54.392086,0.0,21.920069,0.1950838,3.5793169999999908,0.3579316999999991
Vienna,0.1,Peak-aware,Greedy,54,12.093677,12.093677,31.992496,100.0,51.777134,494.75052,41.454815,63.054806,0.0,24.445509,0.11223355,3.5793169999999908,0.3579316999999991
Vienna,0.1,Peak-aware,Greedy,55,11.43486,11.43486,30.355097,100.0,50.783016,169.83467,39.819477,61.869476,0.0,72.39143,0.28950775,3.5793169999999908,0.3579316999999991
Vienna,0.1,Peak-aware,Greedy,56,12.431641,12.431641,32.893948,100.0,53.95813,510.52243,37.154053,59.30405,0.0,24.335768,0.2313246,3.5793169999999908,0.3579316999999991
Vienna,0.1,Peak-aware,Greedy,57,14.119143,14.119143,37.51948,100.0,58.40024,508.90485,35.599113,56.84911,0.0,23.747082,0.1613262,3.5793169999999908,0.3579316999999991
Vienna,0.1,Peak-aware,Greedy,58,12.806827,12.806827,34.03944,100.0,54.299896,317.53052,40.59266,61.99266,0.0,37.972713,0.11438219,3.5793169999999908,0.3579316999999991
Vienna,0.1,Peak-aware,Greedy,59,12.929913,12.929913,34.44275,100.0,51.7814,461.93634,37.2592,58.1592,0.0,25.424574,0.2749508,3.5793169999999908,0.3579316999999991
Vienna,0.1,Peak-aware,Greedy,60,15.412104,15.412104,41.083187,100.0,65.08327,218.79636,38.392216,59.642223,0.0,55.99765,0.11246037,3.5793169999999908,0.3579316999999991
Vienna,0.1,Peak-aware,Greedy,61,12.509488,12.509488,33.171547,100.0,52.94561,322.70587,40.683903,62.6339,0.0,38.110992,0.15173456,3.5793169999999908,0.3579316999999991
Vienna,0.1,Peak-aware,Greedy,62,12.094923,12.094923,32.052116,100.0,49.045486,365.34683,38.18751,59.187515,0.0,32.095905,0.38504604,3.5793169999999908,0.3579316999999991
Vienna,0.1,Peak-aware,Greedy,63,13.596872,13.596872,36.13188,100.0,52.40219,467.19278,39.098774,61.04878,0.0,26.295473,0.1326384,3.5793169999999908,0.3579316999999991
Vienna,0.1,Peak-aware,Greedy,64,12.258029,12.258029,32.385193,100.0,47.810368,515.5407,32.91964,51.51964,0.0,20.35777,0.07729048,3.5793169999999908,0.3579316999999991
Vienna,0.1,Peak-aware,Greedy,65,13.2987995,13.2987995,35.344776,100.0,59.355934,319.83554,39.95628,61.65629,0.0,38.563248,0.106792,3.5793169999999908,0.3579316999999991
Vienna,0.1,Peak-aware,Greedy,66,13.902236,13.902236,36.999413,100.0,65.43335,356.42545,36.290733,57.74073,0.0,34.68,0.14051855,3.5793169999999908,0.3579316999999991
Vienna,0.1,Peak-aware,Greedy,67,11.757831,11.757831,31.088577,100.0,51.1576,464.00687,36.996418,59.14642,0.0,26.624477,0.1333596,3.5793169999999908,0.3579316999999991
Vienna,0.1,Peak-aware,Greedy,68,10.226791,10.226791,27.15752,100.0,44.929142,402.12296,37.14282,57.042812,0.0,27.536922,0.1928105,3.5793169999999908,0.3579316999999991
Vienna,0.1,Peak-aware,Greedy,69,11.675094,11.675094,31.018154,100.0,45.626404,449.01294,35.181046,54.881035,0.0,24.477379,0.07264277,3.5793169999999908,0.3579316999999991
Vienna,0.1,Peak-aware,Greedy,70,10.978947,10.978947,29.141073,100.0,43.368732,370.0259,35.436546,57.536545,0.0,32.792885,0.057620436,3.5793169999999908,0.3579316999999991
Vienna,0.1,Peak-aware,Greedy,71,13.295057,13.295057,35.191734,100.0,55.495148,457.70532,33.77606,54.726055,0.0,25.917065,0.4251558,3.5793169999999908,0.3579316999999991
Vienna,0.1,Peak-aware,Greedy,72,10.5898075,10.5898075,28.195839,100.0,44.676086,401.95416,34.222374,52.872368,0.0,25.977844,0.086042374,3.5793169999999908,0.3579316999999991
Vienna,0.1,Peak-aware,Greedy,73,16.037638,16.037638,42.746468,100.0,68.30937,517.85315,39.256916,62.85692,0.0,26.084099,0.10059931,3.5793169999999908,0.3579316999999991
Vienna,0.1,Peak-aware,Greedy,74,13.406234,13.406234,35.624805,100.0,52.478943,499.68234,35.990433,54.140434,0.0,20.787155,0.24270914,3.5793169999999908,0.3579316999999991
Vienna,0.1,Peak-aware,Greedy,75,12.685275,12.685275,33.79429,100.0,52.98851,224.72441,30.354416,50.454414,0.0,50.61628,0.25616315,3.5793169999999908,0.3579316999999991
Vienna,0.1,Peak-aware,Greedy,76,11.991461,11.991461,31.88954,100.0,51.84497,353.6462,35.87689,56.17689,0.0,32.36603,0.17229775,3.5793169999999908,0.3579316999999991
Vienna,0.1,Peak-aware,Greedy,77,13.133403,13.133403,34.766453,100.0,59.189133,181.50452,40.81692,62.41692,0.0,67.65522,0.033891313,3.5793169999999908,0.3579316999999991
Vienna,0.1,Peak-aware,Greedy,78,12.030525,12.030525,31.975386,100.0,50.333317,461.9893,35.053246,54.703247,0.0,23.990458,0.092345424,3.5793169999999908,0.3579316999999991
Vienna,0.1,Peak-aware,Greedy,79,14.180143,14.180143,37.84147,100.0,55.78002,221.26857,36.0943,55.794296,0.0,50.81834,0.19751564,3.5793169999999908,0.3579316999999991
Vienna,0.1,Peak-aware,Greedy,80,14.492848,14.492848,38.564133,100.0,58.625957,466.03568,43.259384,66.55939,0.0,28.143015,0.12467325,3.5793169999999908,0.3579316999999991
Vienna,0.1,Peak-aware,Greedy,81,12.915606,12.915606,34.43867,100.0,50.16222,466.60547,33.609833,52.859833,0.0,23.315321,0.20875253,3.5793169999999908,0.3579316999999991
Vienna,0.1,Peak-aware,Greedy,82,13.625572,13.625572,36.30461,100.0,51.586193,504.55072,32.113686,51.263683,0.0,21.533325,0.28013244,3.5793169999999908,0.3579316999999991
Vienna,0.1,Peak-aware,Greedy,83,13.017158,13.017158,34.63383,100.0,54.301605,497.91248,42.679844,63.87985,0.0,24.015345,0.04221058,3.5793169999999908,0.3579316999999991
Vienna,0.1,Peak-aware,Greedy,84,13.476441,13.476441,35.615383,100.0,53.214252,320.0019,33.821877,52.771877,0.0,33.766537,0.0856782,3.5793169999999908,0.3579316999999991
Vienna,0.1,Peak-aware,Greedy,85,12.334424,12.334424,32.80659,100.0,51.28852,308.62997,39.878246,61.378246,0.0,38.985886,0.15267073,3.5793169999999908,0.3579316999999991
Vienna,0.1,Peak-aware,Greedy,86,15.142457,15.142457,40.208168,100.0,59.35099,507.87115,32.34182,51.141815,0.0,21.43019,0.31691843,3.5793169999999908,0.3579316999999991
Vienna,0.1,Peak-aware,Greedy,87,11.77523,11.77523,31.2356,100.0,48.492058,413.24063,34.497215,54.247208,0.0,26.830133,0.31564173,3.5793169999999908,0.3579316999999991
Vienna,0.1,Peak-aware,Greedy,88,14.064168,14.064168,37.244904,100.0,62.2149,452.34024,37.619503,58.219505,0.0,26.208971,0.18803659,3.5793169999999908,0.3579316999999991
Vienna,0.1,Peak-aware,Greedy,89,13.02633,13.02633,34.611145,100.0,49.44138,454.05807,33.410934,52.110924,0.0,23.314276,0.15983677,3.5793169999999908,0.3579316999999991
Vienna,0.1,Peak-aware,Greedy,90,12.572203,12.572203,33.355232,100.0,50.642315,502.65637,36.88095,57.48095,0.0,23.00987,0.3079755,3.5793169999999908,0.3579316999999991
Vienna,0.1,Peak-aware,Greedy,91,13.7550745,13.7550745,36.55125,100.0,57.91754,501.9651,33.58025,53.63025,0.0,22.856047,0.209372,3.5793169999999908,0.3579316999999991
Vienna,0.1,Peak-aware,Greedy,92,13.327392,13.327392,35.42494,100.0,56.0481,469.5067,38.721478,60.521477,0.0,26.20027,0.15023282,3.5793169999999908,0.3579316999999991
Vienna,0.1,Peak-aware,Greedy,93,13.030438,13.030438,34.377598,100.0,55.639473,461.89432,31.374493,50.124485,0.0,23.308332,0.19733436,3.5793169999999908,0.3579316999999991
Vienna,0.1,Peak-aware,Greedy,94,12.346125,12.346125,32.81356,100.0,47.56195,371.41992,36.585564,56.83556,0.0,30.46161,0.20344819,3.5793169999999908,0.3579316999999991
Vienna,0.1,Peak-aware,Greedy,95,13.301399,13.301399,35.501625,100.0,57.62681,500.10217,37.471394,58.57139,0.0,23.976439,0.16498795,3.5793169999999908,0.3579316999999991
Vienna,0.1,Peak-aware,Greedy,96,13.946799,13.946799,37.011166,100.0,54.53549,208.55768,38.50059,59.60059,0.0,57.122746,0.12062846,3.5793169999999908,0.3579316999999991
Vienna,0.1,Peak-aware,Greedy,97,11.883842,11.883842,31.666998,100.0,47.304504,412.0481,34.338177,52.938183,0.0,25.440266,0.17462812,3.5793169999999908,0.3579316999999991
Vienna,0.1,Peak-aware,Greedy,98,10.972818,10.972818,29.181395,100.0,44.576664,415.24417,41.340046,63.490055,0.0,29.354816,0.121460445,3.5793169999999908,0.3579316999999991
Vienna,0.1,Peak-aware,Greedy,99,13.157316,13.157316,34.95084,100.0,49.999084,509.3677,30.440401,47.190395,0.0,18.895931,0.16844459,3.5793169999999908,0.3579316999999991
Vienna,0.25,Off-peak,DVNDA,0,14.948133,14.948133,39.686665,100.0,62.059464,484.3286,47.02832,67.17832,0.0,24.005367,0.19530253,3.925036999999989,0.3925036999999989
Vienna,0.25,Off-peak,DVNDA,1,14.178594,14.178594,37.697384,100.0,55.28397,508.19897,47.95075,67.85075,0.0,22.298544,0.59307396,3.925036999999989,0.3925036999999989
Vienna,0.25,Off-peak,DVNDA,2,12.531039,12.531039,33.284775,100.0,49.253155,509.21985,53.679016,76.279015,0.0,24.608877,0.5975371,3.925036999999989,0.3925036999999989
Vienna,0.25,Off-peak,DVNDA,3,11.901488,11.901488,31.625486,100.0,45.437424,499.463,56.975075,75.32508,0.0,20.644041,0.6352403,3.925036999999989,0.3925036999999989
Vienna,0.25,Off-peak,DVNDA,4,13.540652,13.540652,35.97711,100.0,55.499992,518.0388,41.02939,62.379395,0.0,23.284937,0.110258624,3.925036999999989,0.3925036999999989
Vienna,0.25,Off-peak,DVNDA,5,11.374526,11.374526,30.16935,100.0,40.657913,483.4522,43.592506,64.14252,0.0,23.355873,0.44346687,3.925036999999989,0.3925036999999989
Vienna,0.25,Off-peak,DVNDA,6,13.477759,13.477759,35.83175,100.0,55.317337,515.45074,64.03453,84.78453,0.0,22.810972,0.6650866,3.925036999999989,0.3925036999999989
Vienna,0.25,Off-peak,DVNDA,7,12.442215,12.442215,33.130394,100.0,46.398342,503.03714,45.94024,64.990234,0.0,21.24089,0.27316907,3.925036999999989,0.3925036999999989
Vienna,0.25,Off-peak,DVNDA,8,11.387878,11.387878,30.273642,100.0,45.37041,508.48325,49.2663,70.96631,0.0,23.568645,0.46586052,3.925036999999989,0.3925036999999989
Vienna,0.25,Off-peak,DVNDA,9,11.850544,11.850544,31.379244,100.0,43.23044,510.949,58.400185,77.300186,0.0,20.6102,0.6284184,3.925036999999989,0.3925036999999989
Vienna,0.25,Off-peak,DVNDA,10,15.523747,15.523747,41.15628,100.0,60.1329,484.1204,41.76824,65.01824,0.0,27.117887,0.32715645,3.925036999999989,0.3925036999999989
Vienna,0.25,Off-peak,DVNDA,11,15.415704,15.415704,40.936,100.0,62.37304,499.61597,46.59275,67.74275,0.0,24.287304,0.15808193,3.925036999999989,0.3925036999999989
Vienna,0.25,Off-peak,DVNDA,12,14.814562,14.814562,39.353695,100.0,62.47603,485.07007,44.91997,65.919975,0.0,24.866306,0.2083242,3.925036999999989,0.3925036999999989
Vienna,0.25,Off-peak,DVNDA,13,14.18608,14.18608,37.56186,100.0,57.862328,524.821,62.0294,81.22939,0.0,21.048243,0.5942943,3.925036999999989,0.3925036999999989
Vienna,0.25,Off-peak,DVNDA,14,12.4511,12.4511,32.96912,100.0,47.62355,482.32178,38.34502,56.995014,0.0,21.80202,0.50169855,3.925036999999989,0.3925036999999989
Vienna,0.25,Off-peak,DVNDA,15,12.907983,12.907983,34.235424,100.0,48.29308,501.98154,54.1762,73.27621,0.0,21.42973,0.33951643,3.925036999999989,0.3925036999999989
Vienna,0.25,Off-peak,DVNDA,16,11.249979,11.249979,29.964193,100.0,46.547104,482.27692,55.645325,79.39532,0.0,27.035666,0.58858126,3.925036999999989,0.3925036999999989
Vienna,0.25,Off-peak,DVNDA,17,16.012238,16.012238,42.462284,100.0,65.88328,519.37213,38.73481,58.384804,0.0,22.088367,0.33061084,3.925036999999989,0.3925036999999989
Vienna,0.25,Off-peak,DVNDA,18,11.649857,11.649857,30.989122,100.0,48.494827,482.89215,37.119682,56.56968,0.0,22.649715,0.1654621,3.925036999999989,0.3925036999999989
Vienna,0.25,Off-peak,DVNDA,19,10.922675,10.922675,29.094969,100.0,41.44876,499.9687,42.531654,64.88165,0.0,24.423971,0.39545685,3.925036999999989,0.3925036999999989
Vienna,0.25,Off-peak,DVNDA,20,11.184956,11.184956,29.671143,100.0,43.712334,482.93546,47.839207,69.9392,0.0,25.143745,0.5917126,3.925036999999989,0.3925036999999989
Vienna,0.25,Off-peak,DVNDA,21,11.84747,11.84747,31.353104,100.0,47.807693,510.25882,54.087116,73.93712,0.0,21.79324,0.6213808,3.925036999999989,0.3925036999999989
Vienna,0.25,Off-peak,DVNDA,22,12.280881,12.280881,32.69992,100.0,48.662888,511.82498,31.78917,51.339172,0.0,21.475256,0.2093549,3.925036999999989,0.3925036999999989
Vienna,0.25,Off-peak,DVNDA,23,13.379617,13.379617,35.53884,100.0,52.777283,483.97797,47.69442,68.894424,0.0,24.628046,0.58231163,3.925036999999989,0.3925036999999989
Vienna,0.25,Off-peak,DVNDA,24,14.874293,14.874293,39.482075,100.0,55.414722,514.0238,49.2772,70.27719,0.0,23.122215,0.34610292,3.925036999999989,0.3925036999999989
Vienna,0.25,Off-peak,DVNDA,25,11.860454,11.860454,31.443697,100.0,49.092358,506.9224,58.482098,79.882095,0.0,23.528866,0.6772152,3.925036999999989,0.3925036999999989
Vienna,0.25,Off-peak,DVNDA,26,16.106167,16.106167,42.615788,100.0,65.966675,510.9505,51.891132,75.741135,0.0,26.5665,0.3531389,3.925036999999989,0.3925036999999989
Vienna,0.25,Off-peak,DVNDA,27,15.4292145,15.4292145,40.93428,100.0,59.934612,513.2265,37.574696,58.624695,0.0,23.427013,0.42042902,3.925036999999989,0.3925036999999989
Vienna,0.25,Off-peak,DVNDA,28,12.088908,12.088908,32.054485,100.0,48.436188,507.69934,39.033955,57.83396,0.0,20.899977,0.44350374,3.925036999999989,0.3925036999999989
Vienna,0.25,Off-peak,DVNDA,29,11.279225,11.279225,29.947174,100.0,45.16137,481.9425,42.274082,63.324085,0.0,24.181374,0.41140395,3.925036999999989,0.3925036999999989
Vienna,0.25,Off-peak,DVNDA,30,13.654135,13.654135,36.20697,100.0,56.629086,485.27188,43.220432,64.820435,0.0,25.17296,0.5069057,3.925036999999989,0.3925036999999989
Vienna,0.25,Off-peak,DVNDA,31,10.710328,10.710328,28.44462,100.0,43.583324,498.1007,38.337875,56.33787,0.0,20.256111,0.17278534,3.925036999999989,0.3925036999999989
Vienna,0.25,Off-peak,DVNDA,32,11.943453,11.943453,31.589775,100.0,44.83626,483.34235,54.99956,78.24956,0.0,26.370352,0.6310118,3.925036999999989,0.3925036999999989
Vienna,0.25,Off-peak,DVNDA,33,13.536751,13.536751,35.919697,100.0,58.670246,515.0499,40.343563,59.99357,0.0,21.923615,0.47633013,3.925036999999989,0.3925036999999989
Vienna,0.25,Off-peak,DVNDA,34,13.251905,13.251905,35.24768,100.0,54.009163,496.5286,54.52536,74.77535,0.0,23.110918,0.61289847,3.925036999999989,0.3925036999999989
Vienna,0.25,Off-peak,DVNDA,35,14.675228,14.675228,38.950253,100.0,58.22901,483.8867,56.83584,77.98585,0.0,24.862688,0.28576732,3.925036999999989,0.3925036999999989
Vienna,0.25,Off-peak,DVNDA,36,15.944821,15.944821,42.524597,100.0,62.38579,513.7871,41.129204,63.279198,0.0,24.591204,0.36068845,3.925036999999989,0.3925036999999989
Vienna,0.25,Off-peak,DVNDA,37,12.915638,12.915638,34.457756,100.0,48.227547,481.92834,47.712345,68.412346,0.0,23.978025,0.5642971,3.925036999999989,0.3925036999999989
Vienna,0.25,Off-peak,DVNDA,38,15.473779,15.473779,40.973846,100.0,57.317333,517.3775,46.433914,68.73391,0.0,24.32061,0.18804963,3.925036999999989,0.3925036999999989
Vienna,0.25,Off-peak,DVNDA,39,14.481582,14.481582,38.391567,100.0,57.71598,498.1049,46.11619,66.7662,0.0,23.625343,0.27922136,3.925036999999989,0.3925036999999989
Vienna,0.25,Off-peak,DVNDA,40,12.659208,12.659208,33.58007,100.0,46.7623,509.20996,36.774105,56.874104,0.0,22.032278,0.19137141,3.925036999999989,0.3925036999999989
Vienna,0.25,Off-peak,DVNDA,41,12.564568,12.564568,33.374073,100.0,52.487103,503.05435,49.167248,66.21725,0.0,19.5549,0.4748993,3.925036999999989,0.3925036999999989
Vienna,0.25,Off-peak,DVNDA,42,12.734741,12.734741,34.014458,100.0,48.643497,484.09235,46.103664,67.20367,0.0,24.305458,0.27763796,3.925036999999989,0.3925036999999989
Vienna,0.25,Off-peak,DVNDA,43,13.735046,13.735046,36.494095,100.0,54.349243,483.6461,45.772583,66.42259,0.0,24.157606,0.27469942,3.925036999999989,0.3925036999999989
Vienna,0.25,Off-peak,DVNDA,44,13.089202,13.089202,34.74149,100.0,51.742023,483.10107,62.148518,82.34852,0.0,23.5842,0.6287197,3.925036999999989,0.3925036999999989
Vienna,0.25,Off-peak,DVNDA,45,11.233408,11.233408,29.828611,100.0,43.489464,511.0063,57.503136,78.70314,0.0,22.87102,0.6787095,3.925036999999989,0.3925036999999989
Vienna,0.25,Off-peak,DVNDA,46,12.445228,12.445228,33.104572,100.0,48.35047,504.6262,60.303417,80.20342,0.0,22.112926,0.63776183,3.925036999999989,0.3925036999999989
Vienna,0.25,Off-peak,DVNDA,47,14.6084585,14.6084585,38.764637,100.0,53.55387,499.98572,44.40873,64.708725,0.0,22.97835,0.19287543,3.925036999999989,0.3925036999999989
Vienna,0.25,Off-peak,DVNDA,48,11.2004,11.2004,29.723282,100.0,41.595245,505.59827,39.390297,57.84029,0.0,20.302446,0.37639526,3.925036999999989,0.3925036999999989
Vienna,0.25,Off-peak,DVNDA,49,12.855252,12.855252,34.134216,100.0,48.30449,501.89438,45.11547,65.46547,0.0,22.679298,0.38247707,3.925036999999989,0.3925036999999989
Vienna,0.25,Off-peak,DVNDA,50,14.008831,14.008831,37.257973,100.0,52.84398,509.9306,50.576466,73.57646,0.0,25.142834,0.58144933,3.925036999999989,0.3925036999999989
Vienna,0.25,Off-peak,DVNDA,51,14.798992,14.798992,39.302883,100.0,57.131767,483.6909,59.1357,81.4857,0.0,26.056507,0.6263405,3.925036999999989,0.3925036999999989
Vienna,0.25,Off-peak,DVNDA,52,14.034918,14.034918,37.276634,100.0,54.09833,501.4484,42.237865,63.98786,0.0,24.384275,0.22713682,3.925036999999989,0.3925036999999989
Vienna,0.25,Off-peak,DVNDA,53,13.589385,13.589385,36.06938,100.0,55.58891,532.6227,38.163826,57.463818,0.0,20.727095,0.15359999,3.925036999999989,0.3925036999999989
Vienna,0.25,Off-peak,DVNDA,54,11.625299,11.625299,30.858158,100.0,47.324036,493.00296,46.85006,68.45006,0.0,24.306347,0.32982054,3.925036999999989,0.3925036999999989
Vienna,0.25,Off-peak,DVNDA,55,11.278926,11.278926,29.928242,100.0,41.66535,482.65973,54.214405,76.26439,0.0,25.000286,0.6911872,3.925036999999989,0.3925036999999989
Vienna,0.25,Off-peak,DVNDA,56,14.599477,14.599477,38.690228,100.0,58.787354,510.19873,57.28736,79.43736,0.0,24.58784,0.42129558,3.925036999999989,0.3925036999999989
Vienna,0.25,Off-peak,DVNDA,57,16.074049,16.074049,42.637733,100.0,63.505753,512.39557,46.010887,67.26089,0.0,23.834396,0.4468149,3.925036999999989,0.3925036999999989
Vienna,0.25,Off-peak,DVNDA,58,13.064005,13.064005,34.656006,100.0,51.833,483.74713,39.78165,61.18165,0.0,24.797718,0.34547305,3.925036999999989,0.3925036999999989
Vienna,0.25,Off-peak,DVNDA,59,14.28288,14.28288,37.937138,100.0,55.162704,484.67404,53.47802,74.37801,0.0,24.406233,0.6008542,3.925036999999989,0.3925036999999989
Vienna,0.25,Off-peak,DVNDA,60,11.268579,11.268579,29.98496,100.0,45.54397,483.86417,51.11911,72.36911,0.0,24.31178,0.60096323,3.925036999999989,0.3925036999999989
Vienna,0.25,Off-peak,DVNDA,61,10.900918,10.900918,28.928246,100.0,43.440266,483.57147,62.46916,84.41915,0.0,24.941517,0.65047854,3.925036999999989,0.3925036999999989
Vienna,0.25,Off-peak,DVNDA,62,14.525692,14.525692,38.53128,100.0,52.6899,484.35214,38.43587,59.435875,0.0,24.39805,0.35252044,3.925036999999989,0.3925036999999989
Vienna,0.25,Off-peak,DVNDA,63,16.566893,16.566893,44.048256,100.0,62.11061,485.0777,43.81767,65.76767,0.0,25.826307,0.31145173,3.925036999999989,0.3925036999999989
Vienna,0.25,Off-peak,DVNDA,64,13.770582,13.770582,36.38974,100.0,53.236107,515.5407,35.180805,53.78081,0.0,20.620882,0.4831334,3.925036999999989,0.3925036999999989
Vienna,0.25,Off-peak,DVNDA,65,13.186674,13.186674,35.033005,100.0,56.328354,485.34348,53.25428,74.954285,0.0,25.256771,0.4186228,3.925036999999989,0.3925036999999989
Vienna,0.25,Off-peak,DVNDA,66,15.01456,15.01456,39.98077,100.0,64.53753,516.0026,44.770115,66.22011,0.0,23.911581,0.17846459,3.925036999999989,0.3925036999999989
Vienna,0.25,Off-peak,DVNDA,67,11.852644,11.852644,31.509455,100.0,48.742554,483.47186,40.640514,62.79052,0.0,25.427671,0.69084543,3.925036999999989,0.3925036999999989
Vienna,0.25,Off-peak,DVNDA,68,13.784249,13.784249,36.43301,100.0,53.13219,513.31366,49.96995,69.86996,0.0,21.97157,0.3765273,3.925036999999989,0.3925036999999989
Vienna,0.25,Off-peak,DVNDA,69,10.492989,10.492989,27.846125,100.0,41.37146,484.26434,41.22978,60.92977,0.0,22.475914,0.1329455,3.925036999999989,0.3925036999999989
Vienna,0.25,Off-peak,DVNDA,70,11.300115,11.300115,29.937422,100.0,43.043236,483.92978,38.236122,60.33613,0.0,25.057524,0.4947373,3.925036999999989,0.3925036999999989
Vienna,0.25,Off-peak,DVNDA,71,12.802443,12.802443,33.995422,100.0,48.63815,484.78238,56.24405,77.194046,0.0,24.115883,0.6060798,3.925036999999989,0.3925036999999989
Vienna,0.25,Off-peak,DVNDA,72,11.715947,11.715947,31.162811,100.0,46.13916,482.9463,44.84665,63.49665,0.0,21.69699,0.49858212,3.925036999999989,0.3925036999999989
Vienna,0.25,Off-peak,DVNDA,73,14.375106,14.375106,38.38819,100.0,56.94304,545.85614,49.1632,72.7632,0.0,24.225386,0.4086111,3.925036999999989,0.3925036999999989
Vienna,0.25,Off-peak,DVNDA,74,14.978377,14.978377,39.849865,100.0,56.722706,500.15155,43.025265,61.175255,0.0,20.979776,0.6719553,3.925036999999989,0.3925036999999989
Vienna,0.25,Off-peak,DVNDA,75,10.826351,10.826351,28.657423,100.0,42.59009,502.93423,41.527336,61.62733,0.0,22.099813,0.59698296,3.925036999999989,0.3925036999999989
Vienna,0.25,Off-peak,DVNDA,76,10.979178,10.979178,29.248941,100.0,45.656815,482.86078,45.65342,65.953415,0.0,23.384424,0.4907848,3.925036999999989,0.3925036999999989
Vienna,0.25,Off-peak,DVNDA,77,14.79146,14.79146,39.20724,100.0,59.88733,523.9454,49.786118,71.386116,0.0,23.47035,0.16787094,3.925036999999989,0.3925036999999989
Vienna,0.25,Off-peak,DVNDA,78,12.282178,12.282178,32.72746,100.0,49.741,503.03546,40.391014,60.041016,0.0,22.003468,0.5786814,3.925036999999989,0.3925036999999989
Vienna,0.25,Off-peak,DVNDA,79,12.199083,12.199083,32.539932,100.0,46.696953,529.6256,36.34539,56.045387,0.0,20.802286,0.41567665,3.925036999999989,0.3925036999999989
Vienna,0.25,Off-peak,DVNDA,80,15.002662,15.002662,39.920563,100.0,59.160255,484.0119,45.98855,69.28855,0.0,27.125376,0.55446017,3.925036999999989,0.3925036999999989
Vienna,0.25,Off-peak,DVNDA,81,13.2503,13.2503,35.37332,100.0,50.699425,507.64487,44.842293,64.09229,0.0,21.456903,0.5982275,3.925036999999989,0.3925036999999989
Vienna,0.25,Off-peak,DVNDA,82,10.718698,10.718698,28.439692,100.0,39.54818,502.81317,41.737053,60.887054,0.0,21.009205,0.59620094,3.925036999999989,0.3925036999999989
Vienna,0.25,Off-peak,DVNDA,83,13.58614,13.58614,36.175957,100.0,54.59922,497.15024,40.08002,61.28002,0.0,24.067133,0.12408996,3.925036999999989,0.3925036999999989
Vienna,0.25,Off-peak,DVNDA,84,11.229835,11.229835,29.86763,100.0,44.672276,514.1821,45.291466,64.24146,0.0,20.599327,0.65476507,3.925036999999989,0.3925036999999989
Vienna,0.25,Off-peak,DVNDA,85,14.877073,14.877073,39.55036,100.0,57.57109,484.91965,44.62033,66.12032,0.0,25.136694,0.3315311,3.925036999999989,0.3925036999999989
Vienna,0.25,Off-peak,DVNDA,86,13.729469,13.729469,36.49211,100.0,51.732086,502.92245,64.59956,83.39957,0.0,21.262325,0.5949845,3.925036999999989,0.3925036999999989
Vienna,0.25,Off-peak,DVNDA,87,13.005675,13.005675,34.55761,100.0,49.59663,509.1602,33.056213,52.80622,0.0,21.8299,0.25168088,3.925036999999989,0.3925036999999989
Vienna,0.25,Off-peak,DVNDA,88,15.829556,15.829556,42.055428,100.0,69.10942,484.87317,46.96656,67.56656,0.0,24.805937,0.27341172,3.925036999999989,0.3925036999999989
Vienna,0.25,Off-peak,DVNDA,89,14.258518,14.258518,37.8912,100.0,53.14773,515.63745,34.503807,53.203808,0.0,20.709692,0.24967436,3.925036999999989,0.3925036999999989
Vienna,0.25,Off-peak,DVNDA,90,12.568129,12.568129,33.31281,100.0,49.572773,503.17578,36.569622,57.169624,0.0,22.932981,0.37330252,3.925036999999989,0.3925036999999989
Vienna,0.25,Off-peak,DVNDA,91,14.78663,14.78663,39.192493,100.0,59.98398,510.66592,43.122616,63.172615,0.0,22.567783,0.500369,3.925036999999989,0.3925036999999989
Vienna,0.25,Off-peak,DVNDA,92,11.727863,11.727863,31.183079,100.0,50.409225,485.1728,39.1388,60.9388,0.0,25.063715,0.43287668,3.925036999999989,0.3925036999999989
Vienna,0.25,Off-peak,DVNDA,93,14.505464,14.505464,38.41693,100.0,58.471024,485.51303,36.914623,55.66461,0.0,22.32026,0.12712555,3.925036999999989,0.3925036999999989
Vienna,0.25,Off-peak,DVNDA,94,12.171955,12.171955,32.375126,100.0,44.24458,483.3996,36.307106,56.5571,0.0,23.23361,0.27550232,3.925036999999989,0.3925036999999989
Vienna,0.25,Off-peak,DVNDA,95,14.638862,14.638862,38.883244,100.0,57.084686,515.91266,42.146313,63.246315,0.0,23.215395,0.42664546,3.925036999999989,0.3925036999999989
Vienna,0.25,Off-peak,DVNDA,96,14.224637,14.224637,37.758774,100.0,52.84385,483.84326,39.700603,60.8006,0.0,24.535007,0.25019032,3.925036999999989,0.3925036999999989
Vienna,0.25,Off-peak,DVNDA,97,10.295655,10.295655,27.551651,100.0,39.196545,482.90915,36.72352,55.323524,0.0,21.287474,0.26463634,3.925036999999989,0.3925036999999989
Vienna,0.25,Off-peak,DVNDA,98,15.052743,15.052743,40.00593,100.0,56.39282,484.7748,45.202885,67.35289,0.0,25.753859,0.51779634,3.925036999999989,0.3925036999999989
Vienna,0.25,Off-peak,DVNDA,99,13.815198,13.815198,36.78221,100.0,53.129265,527.3188,40.79629,57.546295,0.0,18.401073,0.23220699,3.925036999999989,0.3925036999999989
Vienna,0.25,Off-peak,Greedy,0,17.439426,17.439426,46.378574,100.0,67.694664,458.9968,23.847544,43.997543,0.0,25.637142,0.20333245,3.906641000000004,0.3906641000000004
Vienna,0.25,Off-peak,Greedy,1,15.572473,15.572473,41.421024,100.0,60.552986,508.19897,24.53738,44.437378,0.0,22.557749,0.15978597,3.906641000000004,0.3906641000000004
Vienna,0.25,Off-peak,Greedy,2,14.665011,14.665011,38.987743,100.0,56.213135,509.21985,29.418062,52.018066,0.0,24.950575,0.1901186,3.906641000000004,0.3906641000000004
Vienna,0.25,Off-peak,Greedy,3,11.463581,11.463581,30.57063,100.0,44.119812,500.54193,21.984539,40.334538,0.0,20.533735,0.42210397,3.906641000000004,0.3906641000000004
Vienna,0.25,Off-peak,Greedy,4,13.084433,13.084433,34.819344,100.0,51.806797,518.67694,23.535086,44.885082,0.0,23.078274,0.30327472,3.906641000000004,0.3906641000000004
Vienna,0.25,Off-peak,Greedy,5,9.907474,9.907474,26.299496,100.0,36.965973,398.98303,27.625677,48.175686,0.0,28.069233,0.25562203,3.906641000000004,0.3906641000000004
Vienna,0.25,Off-peak,Greedy,6,16.774641,16.774641,44.543037,100.0,63.95963,517.3427,23.87946,44.629463,0.0,23.145182,0.5727153,3.906641000000004,0.3906641000000004
Vienna,0.25,Off-peak,Greedy,7,10.604461,10.604461,28.187054,100.0,40.729725,503.06586,23.30857,42.358566,0.0,20.957977,0.2811425,3.906641000000004,0.3906641000000004
Vienna,0.25,Off-peak,Greedy,8,13.641707,13.641707,36.32931,100.0,53.26326,509.2532,27.491554,49.19156,0.0,23.92048,0.16133639,3.906641000000004,0.3906641000000004
Vienna,0.25,Off-peak,Greedy,9,11.253996,11.253996,29.841251,100.0,40.99363,510.51688,19.645504,38.5455,0.0,20.518108,0.33792493,3.906641000000004,0.3906641000000004
Vienna,0.25,Off-peak,Greedy,10,13.224602,13.224602,35.11421,100.0,51.169674,465.57996,24.97717,48.227165,0.0,27.716486,0.28300366,3.906641000000004,0.3906641000000004
Vienna,0.25,Off-peak,Greedy,11,13.868397,13.868397,36.81136,100.0,57.023163,497.4749,28.265694,49.41569,0.0,24.122984,0.1145572,3.906641000000004,0.3906641000000004
Vienna,0.25,Off-peak,Greedy,12,14.944479,14.944479,39.720444,100.0,62.230213,463.25403,26.959248,47.959248,0.0,26.02407,0.20101112,3.906641000000004,0.3906641000000004
Vienna,0.25,Off-peak,Greedy,13,14.193701,14.193701,37.535553,100.0,56.014957,504.40286,26.926575,46.12658,0.0,21.808706,0.12495899,3.906641000000004,0.3906641000000004
Vienna,0.25,Off-peak,Greedy,14,14.678989,14.678989,38.998314,100.0,55.12292,448.1418,22.881159,41.53116,0.0,23.883228,0.06255013,3.906641000000004,0.3906641000000004
Vienna,0.25,Off-peak,Greedy,15,16.073555,16.073555,42.61329,100.0,58.3316,503.13864,24.486742,43.58674,0.0,21.879238,0.1897422,3.906641000000004,0.3906641000000004
Vienna,0.25,Off-peak,Greedy,16,13.736348,13.736348,36.57803,100.0,53.758236,413.74442,26.941023,50.69102,0.0,31.94957,0.12511161,3.906641000000004,0.3906641000000004
Vienna,0.25,Off-peak,Greedy,17,15.6216545,15.6216545,41.46407,100.0,64.54605,518.1415,24.442638,44.09264,0.0,22.076307,0.31209505,3.906641000000004,0.3906641000000004
Vienna,0.25,Off-peak,Greedy,18,13.3581705,13.3581705,35.41519,100.0,54.983997,454.98367,24.554947,44.004948,0.0,24.3956,0.27348098,3.906641000000004,0.3906641000000004
Vienna,0.25,Off-peak,Greedy,19,12.017866,12.017866,31.925646,100.0,46.69053,499.8087,27.160969,49.510967,0.0,24.693977,0.42299956,3.906641000000004,0.3906641000000004
Vienna,0.25,Off-peak,Greedy,20,12.488612,12.488612,33.2411,100.0,46.511192,402.66693,28.332392,50.432396,0.0,30.32973,0.23107079,3.906641000000004,0.3906641000000004
Vienna,0.25,Off-peak,Greedy,21,12.857304,12.857304,34.066185,100.0,48.253548,511.6488,24.616913,44.46691,0.0,21.75582,0.41053015,3.906641000000004,0.3906641000000004
Vienna,0.25,Off-peak,Greedy,22,14.434392,14.434392,38.438213,100.0,55.983345,511.82492,20.569136,40.11913,0.0,21.832823,0.20976463,3.906641000000004,0.3906641000000004
Vienna,0.25,Off-peak,Greedy,23,14.7834835,14.7834835,39.25322,100.0,55.586323,354.54108,29.076708,50.27671,0.0,33.817398,0.19483942,3.906641000000004,0.3906641000000004
Vienna,0.25,Off-peak,Greedy,24,14.80294,14.80294,39.41272,100.0,53.979305,513.08954,24.216883,45.21688,0.0,23.094376,0.14632809,3.906641000000004,0.3906641000000004
Vienna,0.25,Off-peak,Greedy,25,12.191348,12.191348,32.376537,100.0,47.32621,510.97995,25.588741,46.988747,0.0,23.25562,0.39659482,3.906641000000004,0.3906641000000004
Vienna,0.25,Off-peak,Greedy,26,14.139193,14.139193,37.46495,100.0,54.614815,511.68338,32.66894,56.518944,0.0,25.97382,0.08015846,3.906641000000004,0.3906641000000004
Vienna,0.25,Off-peak,Greedy,27,17.139803,17.139803,45.390644,100.0,66.20308,513.2265,25.656643,46.70664,0.0,23.732359,0.32645622,3.906641000000004,0.3906641000000004
Vienna,0.25,Off-peak,Greedy,28,12.795223,12.795223,33.950333,100.0,50.05788,507.79025,24.40692,43.206917,0.0,20.976076,0.17850748,3.906641000000004,0.3906641000000004
Vienna,0.25,Off-peak,Greedy,29,12.196162,12.196162,32.402225,100.0,47.24441,371.91602,27.764208,48.81421,0.0,31.475145,0.21067663,3.906641000000004,0.3906641000000004
Vienna,0.25,Off-peak,Greedy,30,15.770114,15.770114,41.91392,100.0,64.03884,466.62906,28.444782,50.044785,0.0,26.575651,0.5098455,3.906641000000004,0.3906641000000004
Vienna,0.25,Off-peak,Greedy,31,13.116343,13.116343,34.809025,100.0,51.5058,498.5059,24.081104,42.081104,0.0,20.636957,0.37009692,3.906641000000004,0.3906641000000004
Vienna,0.25,Off-peak,Greedy,32,13.97701,13.97701,37.031178,100.0,52.870064,465.74625,26.822268,50.07226,0.0,27.797869,0.20907836,3.906641000000004,0.3906641000000004
Vienna,0.25,Off-peak,Greedy,33,13.482003,13.482003,35.837955,100.0,56.644455,514.94586,25.314926,44.96493,0.0,21.829695,0.32818615,3.906641000000004,0.3906641000000004
Vienna,0.25,Off-peak,Greedy,34,14.936055,14.936055,39.718864,100.0,59.650196,496.5286,27.038387,47.288387,0.0,23.39494,0.24520592,3.906641000000004,0.3906641000000004
Vienna,0.25,Off-peak,Greedy,35,13.613092,13.613092,36.17602,100.0,52.99347,472.01855,29.69295,50.842945,0.0,25.21053,0.10978204,3.906641000000004,0.3906641000000004
Vienna,0.25,Off-peak,Greedy,36,15.768501,15.768501,42.052,100.0,60.53658,515.76245,28.754934,50.904934,0.0,24.40739,0.22743687,3.906641000000004,0.3906641000000004
Vienna,0.25,Off-peak,Greedy,37,15.842351,15.842351,42.188866,100.0,57.919018,457.19327,26.93563,47.635628,0.0,25.805227,0.1550496,3.906641000000004,0.3906641000000004
Vienna,0.25,Off-peak,Greedy,38,15.523876,15.523876,41.17147,100.0,57.779263,517.37744,28.04877,50.348774,0.0,24.342926,0.16753966,3.906641000000004,0.3906641000000004
Vienna,0.25,Off-peak,Greedy,39,14.822851,14.822851,39.36902,100.0,58.988712,498.37686,26.509426,47.159428,0.0,23.676294,0.29536927,3.906641000000004,0.3906641000000004
Vienna,0.25,Off-peak,Greedy,40,11.625066,11.625066,30.846903,100.0,42.070713,512.5842,23.531172,43.631172,0.0,21.658424,0.059377797,3.906641000000004,0.3906641000000004
Vienna,0.25,Off-peak,Greedy,41,14.609811,14.609811,38.67217,100.0,59.046947,505.97952,22.229925,39.279926,0.0,19.765966,0.24661136,3.906641000000004,0.3906641000000004
Vienna,0.25,Off-peak,Greedy,42,13.165298,13.165298,35.083637,100.0,51.896236,324.1853,26.696653,47.796658,0.0,36.545162,0.19413339,3.906641000000004,0.3906641000000004
Vienna,0.25,Off-peak,Greedy,43,12.280158,12.280158,32.52264,100.0,46.63594,415.49265,22.664001,43.314003,0.0,27.65608,0.3385557,3.906641000000004,0.3906641000000004
Vienna,0.25,Off-peak,Greedy,44,15.804239,15.804239,42.011246,100.0,61.337914,459.48654,24.501331,44.701332,0.0,25.318363,0.28309882,3.906641000000004,0.3906641000000004
Vienna,0.25,Off-peak,Greedy,45,13.190643,13.190643,34.918304,100.0,50.676193,509.81296,23.810774,45.01078,0.0,23.27698,0.21089324,3.906641000000004,0.3906641000000004
Vienna,0.25,Off-peak,Greedy,46,15.662798,15.662798,41.60413,100.0,59.91663,504.62613,27.476961,47.37696,0.0,22.685934,0.41389346,3.906641000000004,0.3906641000000004
Vienna,0.25,Off-peak,Greedy,47,13.382631,13.382631,35.40092,100.0,48.866222,498.40335,24.804508,45.10451,0.0,22.816168,0.118005045,3.906641000000004,0.3906641000000004
Vienna,0.25,Off-peak,Greedy,48,12.579283,12.579283,33.363693,100.0,47.87311,505.96185,26.237001,44.687004,0.0,20.598051,0.14691131,3.906641000000004,0.3906641000000004
Vienna,0.25,Off-peak,Greedy,49,12.123924,12.123924,32.22174,100.0,46.356186,500.25232,24.481813,44.831814,0.0,22.656376,0.11460006,3.906641000000004,0.3906641000000004
Vienna,0.25,Off-peak,Greedy,50,13.628818,13.628818,36.33262,100.0,51.247524,509.9306,28.3799,51.3799,0.0,25.064568,0.33615762,3.906641000000004,0.3906641000000004
Vienna,0.25,Off-peak,Greedy,51,16.25394,16.25394,43.119915,100.0,59.02693,448.06802,26.521969,48.87197,0.0,28.233824,0.27422568,3.906641000000004,0.3906641000000004
Vienna,0.25,Off-peak,Greedy,52,17.525944,17.525944,46.575356,100.0,64.90508,502.34906,26.259045,48.00904,0.0,24.878372,0.23427716,3.906641000000004,0.3906641000000004
Vienna,0.25,Off-peak,Greedy,53,14.829873,14.829873,39.356907,100.0,57.736492,509.0606,23.761871,43.06187,0.0,21.791927,0.11773652,3.906641000000004,0.3906641000000004
Vienna,0.25,Off-peak,Greedy,54,12.42529,12.42529,32.987373,100.0,50.60133,494.29745,28.410025,50.010025,0.0,24.408445,0.108972505,3.906641000000004,0.3906641000000004
Vienna,0.25,Off-peak,Greedy,55,12.442652,12.442652,33.079395,100.0,46.10424,462.70523,29.802011,51.852005,0.0,26.318281,0.31049842,3.906641000000004,0.3906641000000004
Vienna,0.25,Off-peak,Greedy,56,13.80534,13.80534,36.525925,100.0,56.490257,508.9258,25.099045,47.249043,0.0,24.536497,0.05961073,3.906641000000004,0.3906641000000004
Vienna,0.25,Off-peak,Greedy,57,13.20746,13.20746,35.16291,100.0,51.15981,510.7841,24.627617,45.877613,0.0,23.305338,0.09262651,3.906641000000004,0.3906641000000004
Vienna,0.25,Off-peak,Greedy,58,16.517979,16.517979,43.73887,100.0,64.04341,468.3363,27.041737,48.44173,0.0,26.265497,0.16334245,3.906641000000004,0.3906641000000004
Vienna,0.25,Off-peak,Greedy,59,12.932178,12.932178,34.403584,100.0,49.25098,459.8949,24.234482,45.134476,0.0,25.399878,0.27585843,3.906641000000004,0.3906641000000004
Vienna,0.25,Off-peak,Greedy,60,16.546299,16.546299,44.132175,100.0,62.557693,414.45667,28.33195,49.581947,0.0,29.409449,0.120867744,3.906641000000004,0.3906641000000004
Vienna,0.25,Off-peak,Greedy,61,13.577067,13.577067,36.014538,100.0,51.457565,465.24496,27.023468,48.97347,0.0,26.354801,0.2087593,3.906641000000004,0.3906641000000004
Vienna,0.25,Off-peak,Greedy,62,14.305106,14.305106,38.016422,100.0,52.82621,454.99487,25.38876,46.38876,0.0,25.979755,0.488401,3.906641000000004,0.3906641000000004
Vienna,0.25,Off-peak,Greedy,63,15.152551,15.152551,40.317657,100.0,56.21904,469.27124,28.720882,50.67088,0.0,26.382345,0.2750534,3.906641000000004,0.3906641000000004
Vienna,0.25,Off-peak,Greedy,64,13.066149,13.066149,34.503147,100.0,49.75026,515.5407,23.514837,42.114838,0.0,20.451841,0.14319491,3.906641000000004,0.3906641000000004
Vienna,0.25,Off-peak,Greedy,65,13.685388,13.685388,36.426025,100.0,57.978947,467.07382,25.823698,47.523697,0.0,26.33304,0.13571407,3.906641000000004,0.3906641000000004
Vienna,0.25,Off-peak,Greedy,66,13.003862,13.003862,34.66596,100.0,56.354736,516.0026,24.081589,45.53159,0.0,23.515131,0.12108534,3.906641000000004,0.3906641000000004
Vienna,0.25,Off-peak,Greedy,67,12.017868,12.017868,31.823494,100.0,51.45752,464.2525,25.932379,48.082382,0.0,26.626543,0.22793229,3.906641000000004,0.3906641000000004
Vienna,0.25,Off-peak,Greedy,68,12.3713255,12.3713255,32.8198,100.0,48.144848,516.1773,26.664553,46.564552,0.0,21.60812,0.18753844,3.906641000000004,0.3906641000000004
Vienna,0.25,Off-peak,Greedy,69,12.328501,12.328501,32.56859,100.0,46.700397,451.90588,28.202408,47.90241,0.0,24.380096,0.23605818,3.906641000000004,0.3906641000000004
Vienna,0.25,Off-peak,Greedy,70,13.893127,13.893127,36.83668,100.0,51.99955,368.96664,23.025253,45.125256,0.0,33.47183,0.09464739,3.906641000000004,0.3906641000000004
Vienna,0.25,Off-peak,Greedy,71,15.637143,15.637143,41.428257,100.0,57.869186,458.06033,23.919104,44.869102,0.0,26.026548,0.33102846,3.906641000000004,0.3906641000000004
Vienna,0.25,Off-peak,Greedy,72,9.925039,9.925039,26.412586,100.0,39.550262,447.8393,24.091084,42.74108,0.0,23.030039,0.19221736,3.906641000000004,0.3906641000000004
Vienna,0.25,Off-peak,Greedy,73,18.201324,18.201324,48.505894,100.0,70.501884,517.91724,27.910315,51.510315,0.0,26.186708,0.22379813,3.906641000000004,0.3906641000000004
Vienna,0.25,Off-peak,Greedy,74,15.072884,15.072884,40.03016,100.0,55.782833,500.15155,25.128368,43.278374,0.0,20.932798,0.23401448,3.906641000000004,0.3906641000000004
Vienna,0.25,Off-peak,Greedy,75,14.205312,14.205312,37.71165,100.0,53.708973,505.68524,21.895454,41.995457,0.0,22.52928,0.24192536,3.906641000000004,0.3906641000000004
Vienna,0.25,Off-peak,Greedy,76,11.874838,11.874838,31.580717,100.0,47.124844,450.22314,24.784199,45.084198,0.0,25.161125,0.118352704,3.906641000000004,0.3906641000000004
Vienna,0.25,Off-peak,Greedy,77,12.440468,12.440468,32.940937,100.0,51.603424,505.60095,28.188467,49.788467,0.0,23.912308,0.15018678,3.906641000000004,0.3906641000000004
Vienna,0.25,Off-peak,Greedy,78,12.985342,12.985342,34.49601,100.0,54.374947,504.3551,25.322065,44.972065,0.0,22.175594,0.13640073,3.906641000000004,0.3906641000000004
Vienna,0.25,Off-peak,Greedy,79,13.186148,18.186148,35.116005,95.0,50.466293,495.24863,25.629673,44.89283,1.0,21.023092,0.32573867,3.906641000000004,0.3906641000000004
Vienna,0.25,Off-peak,Greedy,80,14.420664,14.420664,38.29731,100.0,55.395054,468.11163,29.021725,52.321724,0.0,27.845657,0.19773774,3.906641000000004,0.3906641000000004
Vienna,0.25,Off-peak,Greedy,81,15.054326,15.054326,40.164143,100.0,57.02652,506.98935,21.971458,41.22146,0.0,21.796637,0.43875873,3.906641000000004,0.3906641000000004
Vienna,0.25,Off-peak,Greedy,82,12.58154,12.58154,33.530724,100.0,46.06961,504.55072,21.762003,40.912,0.0,21.259985,0.08414834,3.906641000000004,0.3906641000000004
Vienna,0.25,Off-peak,Greedy,83,12.59593,12.59593,33.604584,100.0,50.423496,497.15024,28.86538,50.065376,0.0,23.85715,0.18943363,3.906641000000004,0.3906641000000004
Vienna,0.25,Off-peak,Greedy,84,14.336603,14.336603,38.07607,100.0,55.693604,514.87164,23.445297,42.395298,0.0,21.106892,0.40613937,3.906641000000004,0.3906641000000004
Vienna,0.25,Off-peak,Greedy,85,15.023361,15.023361,39.91961,100.0,57.47136,419.26562,26.925413,48.42541,0.0,29.066975,0.2649645,3.906641000000004,0.3906641000000004
Vienna,0.25,Off-peak,Greedy,86,15.141369,15.141369,40.125305,100.0,57.273014,502.92245,22.142105,40.942104,0.0,21.537764,0.12728935,3.906641000000004,0.3906641000000004
Vienna,0.25,Off-peak,Greedy,87,12.941635,12.941635,34.371304,100.0,47.92464,509.1602,22.345123,42.095123,0.0,21.747805,0.15863048,3.906641000000004,0.3906641000000004
Vienna,0.25,Off-peak,Greedy,88,16.056988,16.056988,42.535305,100.0,67.16216,464.9625,24.464985,45.064983,0.0,25.763485,0.28055277,3.906641000000004,0.3906641000000004
Vienna,0.25,Off-peak,Greedy,89,13.928685,13.928685,37.022564,100.0,52.651424,516.6369,20.580843,39.28084,0.0,20.645615,0.24269874,3.906641000000004,0.3906641000000004
Vienna,0.25,Off-peak,Greedy,90,12.277393,12.277393,32.476784,100.0,50.109943,502.55167,25.239338,45.83934,0.0,22.98818,0.24671303,3.906641000000004,0.3906641000000004
Vienna,0.25,Off-peak,Greedy,91,16.01426,16.01426,42.55276,100.0,63.273983,513.484,22.27901,42.32901,0.0,22.60411,0.2049829,3.906641000000004,0.3906641000000004
Vienna,0.25,Off-peak,Greedy,92,13.866075,13.866075,36.84631,100.0,55.915405,469.5067,27.316479,49.116478,0.0,26.193205,0.28952798,3.906641000000004,0.3906641000000004
Vienna,0.25,Off-peak,Greedy,93,15.301967,15.301967,40.42252,100.0,61.127384,461.18076,21.292145,40.04215,0.0,23.64189,0.14629726,3.906641000000004,0.3906641000000004
Vienna,0.25,Off-peak,Greedy,94,13.224609,13.224609,35.06399,100.0,48.05661,454.82388,22.65125,42.901245,0.0,24.90286,0.24323556,3.906641000000004,0.3906641000000004
Vienna,0.25,Off-peak,Greedy,95,13.084471,13.084471,34.83306,100.0,50.152004,501.56958,24.944433,46.04443,0.0,23.533722,0.1409673,3.906641000000004,0.3906641000000004
Vienna,0.25,Off-peak,Greedy,96,16.030567,16.030567,42.52359,100.0,59.079674,459.18674,27.230011,48.33001,0.0,26.191938,0.20239995,3.906641000000004,0.3906641000000004
Vienna,0.25,Off-peak,Greedy,97,13.39827,13.39827,35.69893,100.0,49.99597,408.27972,24.952412,43.55241,0.0,25.83988,0.03609868,3.906641000000004,0.3906641000000004
Vienna,0.25,Off-peak,Greedy,98,13.008103,13.008103,34.643982,100.0,49.85654,416.43408,30.04195,52.191948,0.0,29.587912,0.08941158,3.906641000000004,0.3906641000000004
Vienna,0.25,Off-peak,Greedy,99,13.396638,13.396638,35.62455,100.0,50.51144,509.57736,21.12586,37.87586,0.0,18.913294,0.13713893,3.906641000000004,0.3906641000000004
Vienna,0.25,Peak-aware,DVNDA,0,14.546911,14.546911,38.65628,100.0,66.663605,484.3286,47.325798,67.475784,0.0,24.243025,0.20275067,4.08395800000001,0.408395800000001
Vienna,0.25,Peak-aware,DVNDA,1,14.178594,14.178594,37.697384,100.0,58.68191,508.19897,48.156693,68.05669,0.0,22.465698,0.59307396,4.08395800000001,0.408395800000001
Vienna,0.25,Peak-aware,DVNDA,2,12.53843,12.53843,33.30721,100.0,55.0447,509.21985,54.085022,76.68502,0.0,24.893211,0.59757936,4.08395800000001,0.408395800000001
Vienna,0.25,Peak-aware,DVNDA,3,11.901488,11.901488,31.625486,100.0,49.62843,499.463,57.230965,75.58096,0.0,20.85382,0.6352403,4.08395800000001,0.408395800000001
Vienna,0.25,Peak-aware,DVNDA,4,13.54363,13.54363,35.984253,100.0,58.116714,518.0388,41.16059,62.510597,0.0,23.411217,0.11024962,4.08395800000001,0.408395800000001
Vienna,0.25,Peak-aware,DVNDA,5,11.374526,11.374526,30.16935,100.0,43.39714,483.4522,43.742016,64.29202,0.0,23.497522,0.44346687,4.08395800000001,0.408395800000001
Vienna,0.25,Peak-aware,DVNDA,6,13.479184,13.479184,35.835068,100.0,57.581013,515.45074,64.28606,85.03606,0.0,22.920761,0.6650734,4.08395800000001,0.408395800000001
Vienna,0.25,Peak-aware,DVNDA,7,12.443356,12.443356,33.133278,100.0,48.15672,503.03714,46.06134,65.11134,0.0,21.328276,0.2731165,4.08395800000001,0.408395800000001
Vienna,0.25,Peak-aware,DVNDA,8,11.277401,11.277401,29.969845,100.0,47.996956,508.48325,49.47706,71.17706,0.0,23.69778,0.461987,4.08395800000001,0.408395800000001
Vienna,0.25,Peak-aware,DVNDA,9,11.851685,11.851685,31.382126,100.0,49.308186,510.949,58.968483,77.868484,0.0,20.907578,0.6283502,4.08395800000001,0.408395800000001
Vienna,0.25,Peak-aware,DVNDA,10,15.532279,15.532279,41.181595,100.0,64.782585,484.1204,42.06516,65.315155,0.0,27.357998,0.32756302,4.08395800000001,0.408395800000001
Vienna,0.25,Peak-aware,DVNDA,11,15.260557,15.260557,40.515682,100.0,67.22029,499.61597,46.89657,68.04657,0.0,24.529854,0.15944675,4.08395800000001,0.408395800000001
Vienna,0.25,Peak-aware,DVNDA,12,14.8157015,14.8157015,39.356575,100.0,64.75002,485.07007,45.0409,66.0409,0.0,24.983503,0.20832224,4.08395800000001,0.408395800000001
Vienna,0.25,Peak-aware,DVNDA,13,14.1959715,14.1959715,37.58185,100.0,62.676373,524.821,62.640137,81.84013,0.0,21.277561,0.5940857,4.08395800000001,0.408395800000001
Vienna,0.25,Peak-aware,DVNDA,14,12.401527,12.401527,32.836643,100.0,51.35296,482.32178,38.569695,57.219696,0.0,21.995323,0.49918732,4.08395800000001,0.408395800000001
Vienna,0.25,Peak-aware,DVNDA,15,12.907983,12.907983,34.235424,100.0,50.734135,501.98154,54.484688,73.584694,0.0,21.551302,0.33951643,4.08395800000001,0.408395800000001
Vienna,0.25,Peak-aware,DVNDA,16,11.259649,11.259649,29.992392,100.0,53.100597,482.27692,56.123272,79.873276,0.0,27.375381,0.58879185,4.08395800000001,0.408395800000001
Vienna,0.25,Peak-aware,DVNDA,17,16.012238,16.012238,42.462284,100.0,68.169395,519.37213,38.849113,58.499107,0.0,22.19841,0.33061084,4.08395800000001,0.408395800000001
Vienna,0.25,Peak-aware,DVNDA,18,11.649857,11.649857,30.989122,100.0,51.854137,482.89215,37.308006,56.757996,0.0,22.823631,0.1654621,4.08395800000001,0.408395800000001
Vienna,0.25,Peak-aware,DVNDA,19,10.931205,10.931205,29.120287,100.0,45.924557,499.9687,42.834446,65.184456,0.0,24.647776,0.3957068,4.08395800000001,0.408395800000001
Vienna,0.25,Peak-aware,DVNDA,20,11.136522,11.136522,29.54155,100.0,47.91854,482.93546,48.142776,70.24278,0.0,25.361486,0.5908914,4.08395800000001,0.408395800000001
Vienna,0.25,Peak-aware,DVNDA,21,11.84747,11.84747,31.353104,100.0,50.865917,510.25882,54.40252,74.252525,0.0,21.943075,0.6213808,4.08395800000001,0.408395800000001
Vienna,0.25,Peak-aware,DVNDA,22,12.280881,12.280881,32.69992,100.0,51.53898,511.82498,31.932974,51.48298,0.0,21.615738,0.2093549,4.08395800000001,0.408395800000001
Vienna,0.25,Peak-aware,DVNDA,23,13.380756,13.380756,35.54172,100.0,55.91857,483.97797,47.908684,69.10869,0.0,24.79031,0.58231395,4.08395800000001,0.408395800000001
Vienna,0.25,Peak-aware,DVNDA,24,14.875056,14.875056,39.484364,100.0,58.48747,514.0238,49.53689,70.53689,0.0,23.27166,0.3461353,4.08395800000001,0.408395800000001
Vienna,0.25,Peak-aware,DVNDA,25,11.868129,11.868129,31.466568,100.0,52.579967,506.9224,59.01249,80.41248,0.0,23.700867,0.6773092,4.08395800000001,0.408395800000001
Vienna,0.25,Peak-aware,DVNDA,26,16.106167,16.106167,42.615788,100.0,70.44565,510.9505,52.320576,76.17057,0.0,26.78565,0.3531389,4.08395800000001,0.408395800000001
Vienna,0.25,Peak-aware,DVNDA,27,15.437745,15.437745,40.959595,100.0,63.859436,513.2265,37.77094,58.820942,0.0,23.6182,0.42004523,4.08395800000001,0.408395800000001
Vienna,0.25,Peak-aware,DVNDA,28,12.088908,12.088908,32.054485,100.0,50.790577,507.69934,39.187252,57.987255,0.0,21.015913,0.44350374,4.08395800000001,0.408395800000001
Vienna,0.25,Peak-aware,DVNDA,29,11.279225,11.279225,29.947174,100.0,49.04883,481.9425,42.53405,63.584053,0.0,24.38303,0.41140395,4.08395800000001,0.408395800000001
Vienna,0.25,Peak-aware,DVNDA,30,13.642177,13.642177,36.17646,100.0,58.337532,485.27188,43.362804,64.962814,0.0,25.26097,0.5069815,4.08395800000001,0.408395800000001
Vienna,0.25,Peak-aware,DVNDA,31,10.710328,10.710328,28.44462,100.0,44.830242,498.1007,38.425743,56.425743,0.0,20.318693,0.17278534,4.08395800000001,0.408395800000001
Vienna,0.25,Peak-aware,DVNDA,32,11.946431,11.946431,31.596916,100.0,49.85739,483.34235,55.40148,78.65148,0.0,26.630058,0.63106114,4.08395800000001,0.408395800000001
Vienna,0.25,Peak-aware,DVNDA,33,13.54528,13.54528,35.94501,100.0,63.141632,515.0499,40.623814,60.27381,0.0,22.140656,0.4769241,4.08395800000001,0.408395800000001
Vienna,0.25,Peak-aware,DVNDA,34,13.2519045,13.2519045,35.24768,100.0,56.969723,496.5286,54.74754,74.997536,0.0,23.25998,0.61289847,4.08395800000001,0.408395800000001
Vienna,0.25,Peak-aware,DVNDA,35,14.675228,14.675228,38.950253,100.0,64.8871,483.8867,57.44386,78.59386,0.0,25.206678,0.28576732,4.08395800000001,0.408395800000001
Vienna,0.25,Peak-aware,DVNDA,36,15.944821,15.944821,42.524597,100.0,64.04617,513.7871,41.277576,63.42757,0.0,24.671993,0.36068845,4.08395800000001,0.408395800000001
Vienna,0.25,Peak-aware,DVNDA,37,12.878489,12.878489,34.353874,100.0,53.429142,481.92834,48.126076,68.82608,0.0,24.247856,0.56113946,4.08395800000001,0.408395800000001
Vienna,0.25,Peak-aware,DVNDA,38,15.473779,15.473779,40.973846,100.0,58.637203,517.3775,46.54839,68.84839,0.0,24.384386,0.18804963,4.08395800000001,0.408395800000001
Vienna,0.25,Peak-aware,DVNDA,39,14.481582,14.481582,38.391567,100.0,60.617096,498.1049,46.31842,66.96842,0.0,23.770948,0.27922136,4.08395800000001,0.408395800000001
Vienna,0.25,Peak-aware,DVNDA,40,12.666599,12.666599,33.602505,100.0,48.29483,509.20996,36.85073,56.950737,0.0,22.10752,0.19125699,4.08395800000001,0.408395800000001
Vienna,0.25,Peak-aware,DVNDA,41,12.564568,12.564568,33.374073,100.0,55.69844,503.05435,49.364166,66.41417,0.0,19.714493,0.4748993,4.08395800000001,0.408395800000001
Vienna,0.25,Peak-aware,DVNDA,42,12.734741,12.734741,34.014458,100.0,51.155777,484.09235,46.278465,67.37846,0.0,24.435204,0.27763796,4.08395800000001,0.408395800000001
Vienna,0.25,Peak-aware,DVNDA,43,13.736187,13.736187,36.496975,100.0,58.964264,483.6461,46.035454,66.68546,0.0,24.396158,0.27476537,4.08395800000001,0.408395800000001
Vienna,0.25,Peak-aware,DVNDA,44,13.089202,13.089202,34.74149,100.0,55.310646,483.10107,62.486877,82.68688,0.0,23.768871,0.6287197,4.08395800000001,0.408395800000001
Vienna,0.25,Peak-aware,DVNDA,45,11.035511,11.035511,29.28244,100.0,48.011784,511.0063,57.93051,79.13051,0.0,23.092266,0.66720897,4.08395800000001,0.408395800000001
Vienna,0.25,Peak-aware,DVNDA,46,12.282692,12.282692,32.66182,100.0,52.882256,504.6262,60.640533,80.54054,0.0,22.337439,0.6305394,4.08395800000001,0.408395800000001
Vienna,0.25,Peak-aware,DVNDA,47,14.6084585,14.6084585,38.764637,100.0,56.3688,499.98572,44.56312,64.86313,0.0,23.1191,0.19287543,4.08395800000001,0.408395800000001
Vienna,0.25,Peak-aware,DVNDA,48,11.20779,11.20779,29.745716,100.0,44.54629,505.59827,39.53785,57.987835,0.0,20.448366,0.37658924,4.08395800000001,0.408395800000001
Vienna,0.25,Peak-aware,DVNDA,49,12.783268,12.783268,33.942894,100.0,50.080345,501.89438,45.24987,65.59987,0.0,22.767756,0.38085812,4.08395800000001,0.408395800000001
Vienna,0.25,Peak-aware,DVNDA,50,14.008831,14.008831,37.257973,100.0,56.191322,509.9306,50.834946,73.834946,0.0,25.30694,0.58144933,4.08395800000001,0.408395800000001
Vienna,0.25,Peak-aware,DVNDA,51,14.807522,14.807522,39.328197,100.0,61.107037,483.6909,59.399727,81.74971,0.0,26.26197,0.6263384,4.08395800000001,0.408395800000001
Vienna,0.25,Peak-aware,DVNDA,52,14.042307,14.042307,37.29907,100.0,56.344498,501.4484,42.361298,64.1113,0.0,24.496264,0.22713219,4.08395800000001,0.408395800000001
Vienna,0.25,Peak-aware,DVNDA,53,13.589385,13.589385,36.06938,100.0,58.413837,532.6227,38.33859,57.63858,0.0,20.859688,0.15359999,4.08395800000001,0.408395800000001
Vienna,0.25,Peak-aware,DVNDA,54,11.6252985,11.6252985,30.858158,100.0,51.37368,493.00296,47.16902,68.76903,0.0,24.511702,0.32982054,4.08395800000001,0.408395800000001
Vienna,0.25,Peak-aware,DVNDA,55,10.881437,10.881437,28.818949,100.0,43.62739,484.61237,57.503498,79.5535,0.0,25.000774,0.5953454,4.08395800000001,0.408395800000001
Vienna,0.25,Peak-aware,DVNDA,56,14.6080065,14.6080065,38.71554,100.0,63.204517,510.19873,57.73809,79.8881,0.0,24.804283,0.4216317,4.08395800000001,0.408395800000001
Vienna,0.25,Peak-aware,DVNDA,57,16.060982,16.060982,42.61711,100.0,67.31875,512.39557,46.237667,67.48767,0.0,24.020437,0.44615662,4.08395800000001,0.408395800000001
Vienna,0.25,Peak-aware,DVNDA,58,13.064291,13.064291,34.65645,100.0,54.618954,483.74713,39.920948,61.320942,0.0,24.941692,0.34546882,4.08395800000001,0.408395800000001
Vienna,0.25,Peak-aware,DVNDA,59,14.28288,14.28288,37.937138,100.0,58.732487,484.67404,53.76026,74.66026,0.0,24.590368,0.6008542,4.08395800000001,0.408395800000001
Vienna,0.25,Peak-aware,DVNDA,60,11.270417,11.270417,29.989222,100.0,50.082138,483.86417,51.455444,72.705444,0.0,24.546255,0.60089904,4.08395800000001,0.408395800000001
Vienna,0.25,Peak-aware,DVNDA,61,10.902057,10.902057,28.931124,100.0,46.044285,483.57147,62.88078,84.83079,0.0,25.076141,0.65052515,4.08395800000001,0.408395800000001
Vienna,0.25,Peak-aware,DVNDA,62,14.525692,14.525692,38.53128,100.0,55.744278,484.35214,38.64404,59.64403,0.0,24.555702,0.35252044,4.08395800000001,0.408395800000001
Vienna,0.25,Peak-aware,DVNDA,63,16.566893,16.566893,44.048252,100.0,65.8576,485.0777,44.040504,65.9905,0.0,26.01942,0.31145173,4.08395800000001,0.408395800000001
Vienna,0.25,Peak-aware,DVNDA,64,13.770582,13.770582,36.38974,100.0,54.739716,515.5407,35.25599,53.855995,0.0,20.693796,0.4831334,4.08395800000001,0.408395800000001
Vienna,0.25,Peak-aware,DVNDA,65,13.049227,13.049227,34.668713,100.0,60.537857,485.34348,53.77118,75.47118,0.0,25.473604,0.415126,4.08395800000001,0.408395800000001
Vienna,0.25,Peak-aware,DVNDA,66,14.887738,14.887738,39.677567,100.0,68.66001,516.0026,45.068676,66.51867,0.0,24.111313,0.18811922,4.08395800000001,0.408395800000001
Vienna,0.25,Peak-aware,DVNDA,67,11.690108,11.690108,31.066698,100.0,51.8188,483.47186,40.83944,62.98945,0.0,25.586744,0.68277615,4.08395800000001,0.408395800000001
Vienna,0.25,Peak-aware,DVNDA,68,13.785389,13.785389,36.435894,100.0,56.75095,513.31366,50.203175,70.10318,0.0,22.147814,0.3765547,4.08395800000001,0.408395800000001
Vienna,0.25,Peak-aware,DVNDA,69,10.494128,10.494128,27.849007,100.0,43.23545,484.26434,41.34386,61.043854,0.0,22.572144,0.13292907,4.08395800000001,0.408395800000001
Vienna,0.25,Peak-aware,DVNDA,70,11.300115,11.300115,29.937422,100.0,44.392475,483.92978,38.33935,60.43935,0.0,25.127226,0.4947373,4.08395800000001,0.408395800000001
Vienna,0.25,Peak-aware,DVNDA,71,12.803581,12.803581,33.998302,100.0,53.790337,484.78238,56.699566,77.649574,0.0,24.381578,0.60611016,4.08395800000001,0.408395800000001
Vienna,0.25,Peak-aware,DVNDA,72,11.717086,11.717086,31.165695,100.0,49.415672,482.9463,45.07197,63.721966,0.0,21.866596,0.49860132,4.08395800000001,0.408395800000001
Vienna,0.25,Peak-aware,DVNDA,73,14.375106,14.375106,38.38819,100.0,60.805008,545.85614,49.460045,73.06004,0.0,24.40226,0.4086111,4.08395800000001,0.408395800000001
Vienna,0.25,Peak-aware,DVNDA,74,14.978377,14.978377,39.849865,100.0,59.125538,500.15155,43.180832,61.330822,0.0,21.099884,0.6719553,4.08395800000001,0.408395800000001
Vienna,0.25,Peak-aware,DVNDA,75,10.826351,10.826351,28.657423,100.0,45.419804,502.93423,41.72707,61.827076,0.0,22.240473,0.59698296,4.08395800000001,0.408395800000001
Vienna,0.25,Peak-aware,DVNDA,76,10.979178,10.979178,29.248941,100.0,48.928772,482.86078,45.875538,66.17553,0.0,23.553825,0.4907848,4.08395800000001,0.408395800000001
Vienna,0.25,Peak-aware,DVNDA,77,14.79146,14.79146,39.20724,100.0,63.889774,523.9454,50.067818,71.66782,0.0,23.661327,0.16787094,4.08395800000001,0.408395800000001
Vienna,0.25,Peak-aware,DVNDA,78,12.282178,12.282178,32.72746,100.0,51.19893,503.03546,40.475426,60.125435,0.0,22.075926,0.5786814,4.08395800000001,0.408395800000001
Vienna,0.25,Peak-aware,DVNDA,79,12.207614,12.207614,32.565247,100.0,48.77364,529.6256,36.449226,56.149223,0.0,20.900314,0.41650376,4.08395800000001,0.408395800000001
Vienna,0.25,Peak-aware,DVNDA,80,15.002662,15.002662,39.920563,100.0,63.288166,484.0119,46.453487,69.75349,0.0,27.33859,0.55446017,4.08395800000001,0.408395800000001
Vienna,0.25,Peak-aware,DVNDA,81,13.2503,13.2503,35.37332,100.0,53.82229,507.64487,45.038403,64.28841,0.0,21.610695,0.5982275,4.08395800000001,0.408395800000001
Vienna,0.25,Peak-aware,DVNDA,82,10.727228,10.727228,28.465008,100.0,41.589897,502.81317,41.84823,60.998222,0.0,21.110722,0.596231,4.08395800000001,0.408395800000001
Vienna,0.25,Peak-aware,DVNDA,83,13.58614,13.58614,36.175957,100.0,56.494446,497.15024,40.174778,61.37478,0.0,24.162437,0.12408996,4.08395800000001,0.408395800000001
Vienna,0.25,Peak-aware,DVNDA,84,11.229835,11.229835,29.867632,100.0,47.07066,514.1821,45.424843,64.37484,0.0,20.71594,0.65476507,4.08395800000001,0.408395800000001
Vienna,0.25,Peak-aware,DVNDA,85,14.878214,14.878214,39.553246,100.0,62.49567,484.91965,44.893578,66.39357,0.0,25.390583,0.33144823,4.08395800000001,0.408395800000001
Vienna,0.25,Peak-aware,DVNDA,86,14.79084,14.79084,39.297466,100.0,58.58562,502.92245,59.993744,78.79375,0.0,21.603008,0.60061294,4.08395800000001,0.408395800000001
Vienna,0.25,Peak-aware,DVNDA,87,12.709756,12.709756,33.786083,100.0,53.73726,509.1602,33.26325,53.013252,0.0,22.03321,0.22098821,4.08395800000001,0.408395800000001
Vienna,0.25,Peak-aware,DVNDA,88,15.829556,15.829556,42.055428,100.0,72.7806,484.87317,47.23675,67.836754,0.0,24.995224,0.27341172,4.08395800000001,0.408395800000001
Vienna,0.25,Peak-aware,DVNDA,89,14.265908,14.265908,37.913635,100.0,55.22901,515.63745,34.607872,53.307873,0.0,20.8106,0.24856614,4.08395800000001,0.408395800000001
Vienna,0.25,Peak-aware,DVNDA,90,12.568129,12.568129,33.31281,100.0,52.92139,503.17578,36.780426,57.380432,0.0,23.099354,0.37330252,4.08395800000001,0.408395800000001
Vienna,0.25,Peak-aware,DVNDA,91,14.649182,14.649182,38.8282,100.0,62.97047,510.66592,43.298706,63.348705,0.0,22.713991,0.50190264,4.08395800000001,0.408395800000001
Vienna,0.25,Peak-aware,DVNDA,92,11.727863,11.727863,31.183079,100.0,51.28545,485.1728,39.191326,60.99132,0.0,25.108862,0.43287668,4.08395800000001,0.408395800000001
Vienna,0.25,Peak-aware,DVNDA,93,14.514277,14.514277,38.442684,100.0,63.855522,485.51303,37.183846,55.933846,0.0,22.597515,0.12641451,4.08395800000001,0.408395800000001
Vienna,0.25,Peak-aware,DVNDA,94,12.171955,12.171955,32.375126,100.0,46.240685,483.3996,36.40691,56.656902,0.0,23.336842,0.27550232,4.08395800000001,0.408395800000001
Vienna,0.25,Peak-aware,DVNDA,95,14.638862,14.638862,38.883244,100.0,62.284275,515.91266,42.544327,63.644325,0.0,23.467358,0.42664546,4.08395800000001,0.408395800000001
Vienna,0.25,Peak-aware,DVNDA,96,14.224637,14.224637,37.758774,100.0,54.70434,483.84326,39.79363,60.893623,0.0,24.631136,0.25019032,4.08395800000001,0.408395800000001
Vienna,0.25,Peak-aware,DVNDA,97,10.304185,10.304185,27.57697,100.0,41.00128,482.90915,36.81375,55.413757,0.0,21.380905,0.26456246,4.08395800000001,0.408395800000001
Vienna,0.25,Peak-aware,DVNDA,98,15.053884,15.053884,40.008816,100.0,59.194332,484.7748,45.41469,67.56468,0.0,25.898335,0.51776206,4.08395800000001,0.408395800000001
Vienna,0.25,Peak-aware,DVNDA,99,13.704831,13.704831,36.46537,100.0,55.78091,527.3188,40.9486,57.6986,0.0,18.526789,0.22269331,4.08395800000001,0.408395800000001
Vienna,0.25,Peak-aware,Greedy,0,17.376331,17.376331,46.21695,100.0,70.82593,458.9968,24.004107,44.154106,0.0,25.807692,0.19871435,3.8866709999999927,0.38866709999999927
Vienna,0.25,Peak-aware,Greedy,1,15.575512,15.575512,41.42515,100.0,61.536938,508.19897,24.586576,44.486576,0.0,22.606152,0.15984836,3.8866709999999927,0.38866709999999927
Vienna,0.25,Peak-aware,Greedy,2,14.682072,14.682072,39.038372,100.0,60.617287,509.21985,29.469252,52.069256,0.0,25.166794,0.18947518,3.8866709999999927,0.38866709999999927
Vienna,0.25,Peak-aware,Greedy,3,11.36755,11.36755,30.294876,100.0,46.21903,500.54193,22.089497,40.4395,0.0,20.638582,0.41124466,3.8866709999999927,0.38866709999999927
Vienna,0.25,Peak-aware,Greedy,4,13.092962,13.092962,34.844658,100.0,55.07555,518.67694,23.648285,44.99829,0.0,23.235828,0.3036953,3.8866709999999927,0.38866709999999927
Vienna,0.25,Peak-aware,Greedy,5,9.907474,9.907474,26.299496,100.0,38.65944,399.57654,27.642345,48.192352,0.0,28.1335,0.25562203,3.8866709999999927,0.38866709999999927
Vienna,0.25,Peak-aware,Greedy,6,16.774641,16.774641,44.543037,100.0,65.60652,517.3427,23.961802,44.711803,0.0,23.224766,0.5727153,3.8866709999999927,0.38866709999999927
Vienna,0.25,Peak-aware,Greedy,7,10.604461,10.604461,28.187054,100.0,42.044834,503.06586,23.330803,42.380802,0.0,21.023335,0.2811425,3.8866709999999927,0.38866709999999927
Vienna,0.25,Peak-aware,Greedy,8,13.641707,13.641707,36.32931,100.0,54.64628,509.2532,27.560707,49.260704,0.0,23.988375,0.16133639,3.8866709999999927,0.38866709999999927
Vienna,0.25,Peak-aware,Greedy,9,11.250531,11.250531,29.84432,100.0,44.91957,510.51688,19.738314,38.638313,0.0,20.710361,0.3380405,3.8866709999999927,0.38866709999999927
Vienna,0.25,Peak-aware,Greedy,10,13.233132,13.233132,35.139526,100.0,54.57783,465.57996,25.105328,48.355324,0.0,27.899496,0.28390938,3.8866709999999927,0.38866709999999927
Vienna,0.25,Peak-aware,Greedy,11,13.868397,13.868397,36.81136,100.0,60.195354,497.4749,28.336252,49.486248,0.0,24.282398,0.1145572,3.8866709999999927,0.38866709999999927
Vienna,0.25,Peak-aware,Greedy,12,14.944479,14.944479,39.720444,100.0,62.985157,463.25403,26.996996,47.996998,0.0,26.06481,0.20101112,3.8866709999999927,0.38866709999999927
Vienna,0.25,Peak-aware,Greedy,13,14.193701,14.193701,37.535553,100.0,56.618534,504.40286,26.956753,46.156754,0.0,21.838621,0.12495899,3.8866709999999927,0.38866709999999927
Vienna,0.25,Peak-aware,Greedy,14,14.678989,14.678989,38.998314,100.0,58.315475,448.1418,23.023432,41.67343,0.0,24.061327,0.06255013,3.8866709999999927,0.38866709999999927
Vienna,0.25,Peak-aware,Greedy,15,16.073555,16.073555,42.61329,100.0,58.3316,503.13864,24.486742,43.58674,0.0,21.879238,0.1897422,3.8866709999999927,0.38866709999999927
Vienna,0.25,Peak-aware,Greedy,16,13.582342,13.582342,36.16059,100.0,60.54646,415.38275,27.204021,50.954018,0.0,32.232105,0.12363401,3.8866709999999927,0.38866709999999927
Vienna,0.25,Peak-aware,Greedy,17,15.6216545,15.6216545,41.46407,100.0,66.063354,518.1415,24.518503,44.168503,0.0,22.149515,0.31209505,3.8866709999999927,0.38866709999999927
Vienna,0.25,Peak-aware,Greedy,18,13.35931,13.35931,35.41807,100.0,58.304913,454.98367,24.658804,44.108803,0.0,24.578074,0.2735868,3.8866709999999927,0.38866709999999927
Vienna,0.25,Peak-aware,Greedy,19,12.017866,12.017866,31.925646,100.0,49.40664,499.8087,27.296774,49.64678,0.0,24.829832,0.42299956,3.8866709999999927,0.38866709999999927
Vienna,0.25,Peak-aware,Greedy,20,12.448331,12.448331,33.13623,100.0,51.44862,404.35245,28.484991,50.58499,0.0,30.508574,0.22844194,3.8866709999999927,0.38866709999999927
Vienna,0.25,Peak-aware,Greedy,21,12.858443,12.858443,34.069065,100.0,50.32369,511.6488,24.67165,44.521652,0.0,21.85697,0.41047335,3.8866709999999927,0.38866709999999927
Vienna,0.25,Peak-aware,Greedy,22,14.434392,14.434392,38.438213,100.0,59.037884,511.82492,20.687883,40.23788,0.0,21.982021,0.20976463,3.8866709999999927,0.38866709999999927
Vienna,0.25,Peak-aware,Greedy,23,14.656659,14.656659,38.950012,100.0,62.844776,356.18872,29.206486,50.406487,0.0,34.17042,0.18510133,3.8866709999999927,0.38866709999999927
Vienna,0.25,Peak-aware,Greedy,24,14.80294,14.80294,39.41272,100.0,54.679775,513.08954,24.251907,45.251907,0.0,23.128506,0.14632809,3.8866709999999927,0.38866709999999927
Vienna,0.25,Peak-aware,Greedy,25,12.199878,12.199878,32.401855,100.0,50.476646,510.97995,25.638874,47.038876,0.0,23.409756,0.39607543,3.8866709999999927,0.38866709999999927
Vienna,0.25,Peak-aware,Greedy,26,14.139193,14.139193,37.46495,100.0,56.969627,511.68338,32.752304,56.602306,0.0,26.088871,0.08015846,3.8866709999999927,0.38866709999999927
Vienna,0.25,Peak-aware,Greedy,27,17.139803,17.139803,45.390644,100.0,68.14307,513.2265,25.753641,46.80364,0.0,23.82686,0.32645622,3.8866709999999927,0.38866709999999927
Vienna,0.25,Peak-aware,Greedy,28,12.795223,12.795223,33.950333,100.0,50.85335,507.79025,24.446693,43.246693,0.0,21.01524,0.17850748,3.8866709999999927,0.38866709999999927
Vienna,0.25,Peak-aware,Greedy,29,12.196162,12.196162,32.402225,100.0,51.399746,373.68634,27.854637,48.90464,0.0,31.604029,0.21067663,3.8866709999999927,0.38866709999999927
Vienna,0.25,Peak-aware,Greedy,30,15.770114,15.770114,41.91392,100.0,64.302536,466.62906,28.444782,50.044785,0.0,26.589777,0.5098455,3.8866709999999927,0.38866709999999927
Vienna,0.25,Peak-aware,Greedy,31,13.116343,13.116343,34.809025,100.0,51.5058,498.5059,24.081104,42.081104,0.0,20.636957,0.37009692,3.8866709999999927,0.38866709999999927
Vienna,0.25,Peak-aware,Greedy,32,13.97701,13.97701,37.031178,100.0,55.95836,465.74625,26.945898,50.195896,0.0,27.96364,0.20907836,3.8866709999999927,0.38866709999999927
Vienna,0.25,Peak-aware,Greedy,33,13.489393,13.489393,35.86039,100.0,59.778725,514.94586,25.420658,45.07066,0.0,21.981861,0.32886484,3.8866709999999927,0.38866709999999927
Vienna,0.25,Peak-aware,Greedy,34,14.936055,14.936055,39.718864,100.0,60.926765,496.5286,27.102213,47.35221,0.0,23.459211,0.24520592,3.8866709999999927,0.38866709999999927
Vienna,0.25,Peak-aware,Greedy,35,13.613092,13.613092,36.17602,100.0,55.49637,472.01855,29.746485,50.89649,0.0,25.343092,0.10978204,3.8866709999999927,0.38866709999999927
Vienna,0.25,Peak-aware,Greedy,36,15.768501,15.768501,42.052,100.0,61.95782,515.76245,28.754934,50.904934,0.0,24.47628,0.22743687,3.8866709999999927,0.38866709999999927
Vienna,0.25,Peak-aware,Greedy,37,15.843491,15.843491,42.191746,100.0,60.71919,457.19327,27.052414,47.752415,0.0,25.958345,0.15507482,3.8866709999999927,0.38866709999999927
Vienna,0.25,Peak-aware,Greedy,38,15.523876,15.523876,41.17147,100.0,60.45433,517.37744,28.06248,50.362484,0.0,24.472189,0.16753966,3.8866709999999927,0.38866709999999927
Vienna,0.25,Peak-aware,Greedy,39,14.822851,14.822851,39.36902,100.0,62.355343,498.37686,26.576374,47.226376,0.0,23.845177,0.29536927,3.8866709999999927,0.38866709999999927
Vienna,0.25,Peak-aware,Greedy,40,11.625066,11.625066,30.846903,100.0,42.588215,512.5842,23.557049,43.657047,0.0,21.683664,0.059377797,3.8866709999999927,0.38866709999999927
Vienna,0.25,Peak-aware,Greedy,41,14.6183405,14.6183405,38.697483,100.0,61.35887,505.97952,22.280525,39.330524,0.0,19.880196,0.24716699,3.8866709999999927,0.38866709999999927
Vienna,0.25,Peak-aware,Greedy,42,13.173828,13.173828,35.10895,100.0,58.191723,325.5813,26.729397,47.8294,0.0,36.871872,0.19379817,3.8866709999999927,0.38866709999999927
Vienna,0.25,Peak-aware,Greedy,43,12.281298,12.281298,32.52552,100.0,49.3818,416.586,22.801294,43.451298,0.0,27.74828,0.33867013,3.8866709999999927,0.38866709999999927
Vienna,0.25,Peak-aware,Greedy,44,15.641704,15.641704,41.56849,100.0,63.010098,459.48654,24.571863,44.771862,0.0,25.409346,0.2783649,3.8866709999999927,0.38866709999999927
Vienna,0.25,Peak-aware,Greedy,45,13.190643,13.190643,34.918304,100.0,53.941113,509.81296,23.89444,45.094444,0.0,23.437082,0.21089324,3.8866709999999927,0.38866709999999927
Vienna,0.25,Peak-aware,Greedy,46,15.670188,15.670188,41.626564,100.0,63.702007,504.62613,27.617163,47.517162,0.0,22.873468,0.41339272,3.8866709999999927,0.38866709999999927
Vienna,0.25,Peak-aware,Greedy,47,13.382631,13.382631,35.40092,100.0,49.593338,498.40335,24.840864,45.140865,0.0,22.852642,0.118005045,3.8866709999999927,0.38866709999999927
Vienna,0.25,Peak-aware,Greedy,48,12.580423,12.580423,33.366577,100.0,49.727737,505.96185,26.329733,44.779736,0.0,20.68969,0.14685541,3.8866709999999927,0.38866709999999927
Vienna,0.25,Peak-aware,Greedy,49,12.12046,12.12046,32.224808,100.0,48.463417,500.25232,24.58002,44.930023,0.0,22.761684,0.114587724,3.8866709999999927,0.38866709999999927
Vienna,0.25,Peak-aware,Greedy,50,13.628818,13.628818,36.33262,100.0,54.736458,509.9306,28.405792,51.405796,0.0,25.235615,0.33615762,3.8866709999999927,0.38866709999999927
Vienna,0.25,Peak-aware,Greedy,51,16.26247,16.26247,43.14523,100.0,62.18197,448.06802,26.60791,48.95791,0.0,28.409859,0.27506486,3.8866709999999927,0.38866709999999927
Vienna,0.25,Peak-aware,Greedy,52,17.525944,17.525944,46.575356,100.0,64.90508,502.34906,26.259045,48.00904,0.0,24.878372,0.23427716,3.8866709999999927,0.38866709999999927
Vienna,0.25,Peak-aware,Greedy,53,14.829873,14.829873,39.356907,100.0,59.194813,509.0606,23.797771,43.09777,0.0,21.863546,0.11773652,3.8866709999999927,0.38866709999999927
Vienna,0.25,Peak-aware,Greedy,54,12.426431,12.426431,32.990257,100.0,52.93736,494.29745,28.49359,50.093594,0.0,24.526598,0.108997375,3.8866709999999927,0.38866709999999927
Vienna,0.25,Peak-aware,Greedy,55,12.460852,12.460852,33.132908,100.0,51.187645,462.70523,29.911446,51.96144,0.0,26.592936,0.31126577,3.8866709999999927,0.38866709999999927
Vienna,0.25,Peak-aware,Greedy,56,13.755767,13.755767,36.393448,100.0,58.2001,508.9258,25.135902,47.2859,0.0,24.620491,0.06560321,3.8866709999999927,0.38866709999999927
Vienna,0.25,Peak-aware,Greedy,57,13.194393,13.194393,35.14229,100.0,53.189568,510.7841,24.666435,45.916435,0.0,23.404684,0.09343536,3.8866709999999927,0.38866709999999927
Vienna,0.25,Peak-aware,Greedy,58,16.22206,16.22206,42.967342,100.0,67.12766,468.3363,27.137693,48.53769,0.0,26.430136,0.17205355,3.8866709999999927,0.38866709999999927
Vienna,0.25,Peak-aware,Greedy,59,12.932178,12.932178,34.403584,100.0,52.616165,459.8949,24.283293,45.18329,0.0,25.582808,0.27585843,3.8866709999999927,0.38866709999999927
Vienna,0.25,Peak-aware,Greedy,60,16.546299,16.546299,44.132175,100.0,69.06892,415.34427,28.464733,49.714725,0.0,29.738518,0.120867744,3.8866709999999927,0.38866709999999927
Vienna,0.25,Peak-aware,Greedy,61,13.577067,13.577067,36.014538,100.0,51.457565,465.24496,27.023468,48.97347,0.0,26.354801,0.2087593,3.8866709999999927,0.38866709999999927
Vienna,0.25,Peak-aware,Greedy,62,14.313636,14.313636,38.04174,100.0,56.350803,454.99487,25.509806,46.5098,0.0,26.173416,0.48852566,3.8866709999999927,0.38866709999999927
Vienna,0.25,Peak-aware,Greedy,63,15.152551,15.152551,40.317657,100.0,58.406647,469.27124,28.750546,50.70055,0.0,26.498888,0.2750534,3.8866709999999927,0.38866709999999927
Vienna,0.25,Peak-aware,Greedy,64,13.066149,13.066149,34.503147,100.0,50.1857,515.5407,23.53661,42.13661,0.0,20.472956,0.14319491,3.8866709999999927,0.38866709999999927
Vienna,0.25,Peak-aware,Greedy,65,13.685388,13.685388,36.426025,100.0,60.486,467.07382,25.860052,47.56005,0.0,26.46723,0.13571407,3.8866709999999927,0.38866709999999927
Vienna,0.25,Peak-aware,Greedy,66,13.005002,13.005002,34.668842,100.0,60.602886,516.0026,24.20236,45.65236,0.0,23.720951,0.120936684,3.8866709999999927,0.38866709999999927
Vienna,0.25,Peak-aware,Greedy,67,12.017868,12.017868,31.823494,100.0,52.40118,464.2525,25.979559,48.129566,0.0,26.677359,0.22793229,3.8866709999999927,0.38866709999999927
Vienna,0.25,Peak-aware,Greedy,68,12.3713255,12.3713255,32.8198,100.0,50.739933,516.1773,26.740105,46.640102,0.0,21.733809,0.18753844,3.8866709999999927,0.38866709999999927
Vienna,0.25,Peak-aware,Greedy,69,12.328501,12.328501,32.56859,100.0,46.700397,451.90588,28.202408,47.90241,0.0,24.380096,0.23605818,3.8866709999999927,0.38866709999999927
Vienna,0.25,Peak-aware,Greedy,70,13.901658,13.901658,36.862,100.0,55.6563,370.57663,23.077171,45.177174,0.0,33.5731,0.09500239,3.8866709999999927,0.38866709999999927
Vienna,0.25,Peak-aware,Greedy,71,14.155313,14.155313,37.596546,100.0,57.17825,457.70532,23.998426,44.948425,0.0,26.008997,0.31665036,3.8866709999999927,0.38866709999999927
Vienna,0.25,Peak-aware,Greedy,72,9.926179,9.926179,26.415468,100.0,40.936775,447.8393,24.160408,42.81041,0.0,23.107439,0.19225603,3.8866709999999927,0.38866709999999927
Vienna,0.25,Peak-aware,Greedy,73,18.201324,18.201324,48.505894,100.0,74.87235,517.91724,28.059946,51.659946,0.0,26.39767,0.22379813,3.8866709999999927,0.38866709999999927
Vienna,0.25,Peak-aware,Greedy,74,15.072884,15.072884,40.03016,100.0,56.71521,500.15155,25.174988,43.32499,0.0,20.9794,0.23401448,3.8866709999999927,0.38866709999999927
Vienna,0.25,Peak-aware,Greedy,75,14.205312,14.205312,37.71165,100.0,56.61351,505.68524,22.040684,42.140682,0.0,22.672874,0.24192536,3.8866709999999927,0.38866709999999927
Vienna,0.25,Peak-aware,Greedy,76,11.882229,11.882229,31.603151,100.0,48.486168,450.22314,24.822332,45.12233,0.0,25.236717,0.11736149,3.8866709999999927,0.38866709999999927
Vienna,0.25,Peak-aware,Greedy,77,12.440753,12.440753,32.941372,100.0,52.8533,505.60095,28.212337,49.812336,0.0,23.974108,0.15016456,3.8866709999999927,0.38866709999999927
Vienna,0.25,Peak-aware,Greedy,78,12.985342,12.985342,34.49601,100.0,54.935257,504.3551,25.350079,45.00008,0.0,22.203367,0.13640073,3.8866709999999927,0.38866709999999927
Vienna,0.25,Peak-aware,Greedy,79,13.194677,18.194677,35.141323,95.0,53.21949,495.24863,25.711264,44.97442,1.0,21.162073,0.3257049,3.8866709999999927,0.38866709999999927
Vienna,0.25,Peak-aware,Greedy,80,14.452599,14.452599,38.40958,100.0,60.31036,468.11163,29.245844,52.545853,0.0,28.108164,0.1974891,3.8866709999999927,0.38866709999999927
Vienna,0.25,Peak-aware,Greedy,81,15.054326,15.054326,40.164143,100.0,58.35214,506.98935,22.037739,41.28774,0.0,21.862003,0.43875873,3.8866709999999927,0.38866709999999927
Vienna,0.25,Peak-aware,Greedy,82,12.58154,12.58154,33.530724,100.0,46.604504,504.55072,21.788746,40.938744,0.0,21.286488,0.08414834,3.8866709999999927,0.38866709999999927
Vienna,0.25,Peak-aware,Greedy,83,12.59593,12.59593,33.604584,100.0,52.769817,497.15024,28.887333,50.087334,0.0,23.975138,0.18943363,3.8866709999999927,0.38866709999999927
Vienna,0.25,Peak-aware,Greedy,84,14.336603,14.336603,38.07607,100.0,58.173927,514.87164,23.569313,42.519314,0.0,21.227325,0.40613937,3.8866709999999927,0.38866709999999927
Vienna,0.25,Peak-aware,Greedy,85,15.023361,15.023361,39.91961,100.0,63.589554,420.18896,27.12101,48.621002,0.0,29.367119,0.2649645,3.8866709999999927,0.38866709999999927
Vienna,0.25,Peak-aware,Greedy,86,15.141369,15.141369,40.125305,100.0,58.03378,502.92245,22.180143,40.98014,0.0,21.57558,0.12728935,3.8866709999999927,0.38866709999999927
Vienna,0.25,Peak-aware,Greedy,87,12.5104065,12.5104065,33.27475,100.0,53.469715,509.1602,22.52754,42.277542,0.0,22.02007,0.15753154,3.8866709999999927,0.38866709999999927
Vienna,0.25,Peak-aware,Greedy,88,16.064377,16.064377,42.55774,100.0,68.96323,464.9625,24.555038,45.155037,0.0,25.860325,0.28117862,3.8866709999999927,0.38866709999999927
Vienna,0.25,Peak-aware,Greedy,89,13.936075,13.936075,37.045,100.0,54.213783,516.6369,20.65896,39.35896,0.0,20.721216,0.24344847,3.8866709999999927,0.38866709999999927
Vienna,0.25,Peak-aware,Greedy,90,12.284783,12.284783,32.499218,100.0,53.421196,502.55167,25.332054,45.932056,0.0,23.152903,0.24666144,3.8866709999999927,0.38866709999999927
Vienna,0.25,Peak-aware,Greedy,91,16.01426,16.01426,42.55276,100.0,64.152275,513.484,22.322927,42.372925,0.0,22.646872,0.2049829,3.8866709999999927,0.38866709999999927
Vienna,0.25,Peak-aware,Greedy,92,13.867215,13.867215,36.849194,100.0,57.48036,469.5067,27.382465,49.18246,0.0,26.276535,0.28963476,3.8866709999999927,0.38866709999999927
Vienna,0.25,Peak-aware,Greedy,93,15.30368,15.30368,40.446766,100.0,68.46777,461.18076,21.537413,40.287415,0.0,24.039803,0.14574303,3.8866709999999927,0.38866709999999927
Vienna,0.25,Peak-aware,Greedy,94,13.224609,13.224609,35.06399,100.0,51.905674,454.82388,22.764046,43.01404,0.0,25.11443,0.24323556,3.8866709999999927,0.38866709999999927
Vienna,0.25,Peak-aware,Greedy,95,13.084471,13.084471,34.83306,100.0,50.51065,501.56958,24.962364,46.062363,0.0,23.5516,0.1409673,3.8866709999999927,0.38866709999999927
Vienna,0.25,Peak-aware,Greedy,96,16.039097,16.039097,42.548904,100.0,60.96072,459.18674,27.255482,48.355484,0.0,26.294352,0.2019627,3.8866709999999927,0.38866709999999927
Vienna,0.25,Peak-aware,Greedy,97,13.421579,13.421579,35.76911,100.0,54.187138,410.61374,25.024893,43.624893,0.0,25.94818,0.036385417,3.8866709999999927,0.38866709999999927
Vienna,0.25,Peak-aware,Greedy,98,13.008103,13.008103,34.643982,100.0,54.11326,417.23425,30.123718,52.273716,0.0,29.78622,0.08941158,3.8866709999999927,0.38866709999999927
Vienna,0.25,Peak-aware,Greedy,99,13.404028,13.404028,35.646984,100.0,51.96588,509.57736,21.198582,37.94858,0.0,18.984648,0.13670553,3.8866709999999927,0.38866709999999927
Vienna,0.5,Off-peak,DVNDA,0,15.7428665,15.7428665,41.938908,100.0,65.33469,484.0108,29.18011,49.330112,0.0,24.190302,0.3010033,3.5733199999999954,0.35733199999999954
Vienna,0.5,Off-peak,DVNDA,1,15.394109,15.394109,40.914062,100.0,59.751625,508.19897,29.0932,48.993202,0.0,22.518322,0.5859608,3.5733199999999954,0.35733199999999954
Vienna,0.5,Off-peak,DVNDA,2,15.914393,15.914393,42.27325,100.0,59.062084,509.3057,46.639324,69.23933,0.0,25.086216,0.5973017,3.5733199999999954,0.35733199999999954
Vienna,0.5,Off-peak,DVNDA,3,11.141197,11.141197,29.615421,100.0,43.424923,499.463,29.485027,47.835033,0.0,20.54331,0.62855583,3.5733199999999954,0.35733199999999954
Vienna,0.5,Off-peak,DVNDA,4,15.51824,15.51824,41.26818,100.0,62.297974,539.2265,31.22665,52.576653,0.0,22.685179,0.36383018,3.5733199999999954,0.35733199999999954
Vienna,0.5,Off-peak,DVNDA,5,10.836317,10.836317,28.68067,100.0,39.555737,483.4522,30.519459,51.069458,0.0,23.298878,0.12078951,3.5733199999999954,0.35733199999999954
Vienna,0.5,Off-peak,DVNDA,6,16.029985,16.029985,42.47797,100.0,61.554287,547.80786,39.078278,59.828278,0.0,21.748241,0.6679036,3.5733199999999954,0.35733199999999954
Vienna,0.5,Off-peak,DVNDA,7,12.060794,12.060794,32.121418,100.0,45.728283,511.29462,30.399643,49.44964,0.0,20.865086,0.5500199,3.5733199999999954,0.35733199999999954
Vienna,0.5,Off-peak,DVNDA,8,12.111464,12.111464,32.257866,100.0,45.72284,522.38525,40.990788,62.690777,0.0,22.95829,0.6147,3.5733199999999954,0.35733199999999954
Vienna,0.5,Off-peak,DVNDA,9,11.113132,11.113132,29.440573,100.0,40.346493,536.7218,38.022266,56.92226,0.0,19.48619,0.5786864,3.5733199999999954,0.35733199999999954
Vienna,0.5,Off-peak,DVNDA,10,13.793907,13.793907,36.61533,100.0,54.42069,484.58432,29.946499,53.196503,0.0,26.797226,0.20669428,3.5733199999999954,0.35733199999999954
Vienna,0.5,Off-peak,DVNDA,11,16.594568,16.594568,44.134853,100.0,68.43036,498.86053,30.835094,51.985096,0.0,24.62764,0.19220105,3.5733199999999954,0.35733199999999954
Vienna,0.5,Off-peak,DVNDA,12,16.03427,16.03427,42.591297,100.0,67.457726,485.07007,34.43041,55.43041,0.0,25.123055,0.26164973,3.5733199999999954,0.35733199999999954
Vienna,0.5,Off-peak,DVNDA,13,13.672432,13.672432,36.24742,100.0,55.139122,523.0531,39.357994,58.55799,0.0,20.989223,0.586102,3.5733199999999954,0.35733199999999954
Vienna,0.5,Off-peak,DVNDA,14,12.074662,12.074662,32.09737,100.0,46.911224,501.13245,32.766457,51.416454,0.0,20.948112,0.5317463,3.5733199999999954,0.35733199999999954
Vienna,0.5,Off-peak,DVNDA,15,14.172552,14.172552,37.54025,100.0,54.103035,501.98154,48.354095,67.4541,0.0,21.71908,0.35693896,3.5733199999999954,0.35733199999999954
Vienna,0.5,Off-peak,DVNDA,16,14.037883,14.037883,37.392242,100.0,56.611973,540.0553,34.604347,58.354347,0.0,24.609142,0.6379777,3.5733199999999954,0.35733199999999954
Vienna,0.5,Off-peak,DVNDA,17,16.313002,16.313002,43.322952,100.0,70.81239,537.30896,33.705803,53.355804,0.0,21.580338,0.34977505,3.5733199999999954,0.35733199999999954
Vienna,0.5,Off-peak,DVNDA,18,15.227684,15.227684,40.459457,100.0,60.153244,482.89215,30.053782,49.503777,0.0,23.253288,0.22093773,3.5733199999999954,0.35733199999999954
Vienna,0.5,Off-peak,DVNDA,19,11.729716,11.729716,31.171492,100.0,45.077682,519.09827,37.15371,59.503716,0.0,23.69868,0.4589126,3.5733199999999954,0.35733199999999954
Vienna,0.5,Off-peak,DVNDA,20,12.057511,12.057511,32.00814,100.0,49.46248,482.55002,30.625317,52.72532,0.0,25.461733,0.46474224,3.5733199999999954,0.35733199999999954
Vienna,0.5,Off-peak,DVNDA,21,11.879181,11.879181,31.45958,100.0,44.32748,511.7514,32.503532,52.35354,0.0,21.559662,0.67516416,3.5733199999999954,0.35733199999999954
Vienna,0.5,Off-peak,DVNDA,22,15.378972,15.378972,40.860657,100.0,59.319347,509.5043,19.545744,39.09574,0.0,22.095953,0.30185485,3.5733199999999954,0.35733199999999954
Vienna,0.5,Off-peak,DVNDA,23,15.586624,15.586624,41.364826,100.0,59.56092,537.32556,30.8756,52.0756,0.0,22.498505,0.62973946,3.5733199999999954,0.35733199999999954
Vienna,0.5,Off-peak,DVNDA,24,14.588486,14.588486,38.79687,100.0,54.05473,514.0238,34.31077,55.31077,0.0,23.056067,0.25014976,3.5733199999999954,0.35733199999999954
Vienna,0.5,Off-peak,DVNDA,25,13.405461,13.405461,35.63735,100.0,54.308643,507.5802,34.475925,55.875923,0.0,23.755295,0.61122257,3.5733199999999954,0.35733199999999954
Vienna,0.5,Off-peak,DVNDA,26,14.836777,14.836777,39.245724,100.0,57.151104,538.95044,37.568443,61.41845,0.0,24.777372,0.45751166,3.5733199999999954,0.35733199999999954
Vienna,0.5,Off-peak,DVNDA,27,14.357104,14.357104,38.04115,100.0,55.5587,510.43246,31.280766,52.33076,0.0,23.34093,0.036779713,3.5733199999999954,0.35733199999999954
Vienna,0.5,Off-peak,DVNDA,28,12.216402,12.216402,32.481728,100.0,49.07351,507.69934,31.77052,50.570522,0.0,20.93136,0.47685117,3.5733199999999954,0.35733199999999954
Vienna,0.5,Off-peak,DVNDA,29,13.826848,13.826848,36.64637,100.0,52.620804,516.7156,26.639362,47.689358,0.0,22.914963,0.5289744,3.5733199999999954,0.35733199999999954
Vienna,0.5,Off-peak,DVNDA,30,15.962362,15.962362,42.23081,100.0,65.81928,492.68628,35.104225,56.704224,0.0,25.26046,0.35247678,3.5733199999999954,0.35733199999999954
Vienna,0.5,Off-peak,DVNDA,31,13.582917,13.582917,36.063126,100.0,51.79976,498.1007,22.998753,40.99875,0.0,20.668497,0.31837958,3.5733199999999954,0.35733199999999954
Vienna,0.5,Off-peak,DVNDA,32,15.936038,15.936038,42.176067,100.0,58.167877,488.72067,37.258522,60.508522,0.0,26.762114,0.67372906,3.5733199999999954,0.35733199999999954
Vienna,0.5,Off-peak,DVNDA,33,14.665449,14.665449,39.0253,100.0,62.652706,514.2406,28.991879,48.641884,0.0,22.151731,0.3995642,3.5733199999999954,0.35733199999999954
Vienna,0.5,Off-peak,DVNDA,34,17.305008,17.305008,45.91793,100.0,65.71245,496.5286,39.41297,59.662975,0.0,23.70017,0.61058277,3.5733199999999954,0.35733199999999954
Vienna,0.5,Off-peak,DVNDA,35,19.367403,19.367403,51.30152,100.0,72.826035,484.28604,41.825096,62.975098,0.0,25.595722,0.34057543,3.5733199999999954,0.35733199999999954
Vienna,0.5,Off-peak,DVNDA,36,17.940636,17.940636,47.883617,100.0,71.71731,513.7871,32.167698,54.317696,0.0,25.045258,0.40383825,3.5733199999999954,0.35733199999999954
Vienna,0.5,Off-peak,DVNDA,37,15.569881,15.569881,41.41336,100.0,56.394382,514.915,32.9826,53.6826,0.0,22.838453,0.42814645,3.5733199999999954,0.35733199999999954
Vienna,0.5,Off-peak,DVNDA,38,17.099628,17.099628,45.50655,100.0,63.17733,546.4052,35.26871,57.568718,0.0,23.296694,0.2567113,3.5733199999999954,0.35733199999999954
Vienna,0.5,Off-peak,DVNDA,39,15.288884,15.288884,40.63063,100.0,61.941048,498.1049,30.86029,51.510284,0.0,23.837402,0.28633958,3.5733199999999954,0.35733199999999954
Vienna,0.5,Off-peak,DVNDA,40,12.565417,12.565417,33.400246,100.0,46.06699,535.6073,19.193905,39.293907,0.0,20.91397,0.23790304,3.5733199999999954,0.35733199999999954
Vienna,0.5,Off-peak,DVNDA,41,14.528915,14.528915,38.510227,100.0,56.495983,503.05435,25.913357,42.96335,0.0,19.754128,0.5197795,3.5733199999999954,0.35733199999999954
Vienna,0.5,Off-peak,DVNDA,42,14.099458,14.099458,37.552513,100.0,55.69115,502.45938,33.84349,54.94349,0.0,23.76765,0.42733052,3.5733199999999954,0.35733199999999954
Vienna,0.5,Off-peak,DVNDA,43,12.560469,12.560469,33.458054,100.0,50.41469,483.6461,30.727352,51.37735,0.0,23.954222,0.5237917,3.5733199999999954,0.35733199999999954
Vienna,0.5,Off-peak,DVNDA,44,15.019898,15.019898,39.887856,100.0,61.096596,516.2769,42.663643,62.86364,0.0,22.521666,0.61823714,3.5733199999999954,0.35733199999999954
Vienna,0.5,Off-peak,DVNDA,45,12.587294,12.587294,33.441986,100.0,49.314487,532.151,52.27082,73.47081,0.0,22.235909,0.66526264,3.5733199999999954,0.35733199999999954
Vienna,0.5,Off-peak,DVNDA,46,13.512654,13.512654,35.99434,100.0,52.985188,511.68744,49.44847,69.34847,0.0,22.034212,0.649511,3.5733199999999954,0.35733199999999954
Vienna,0.5,Off-peak,DVNDA,47,16.959078,16.959078,44.937645,100.0,59.955578,512.84784,35.943443,56.243446,0.0,22.714123,0.32835117,3.5733199999999954,0.35733199999999954
Vienna,0.5,Off-peak,DVNDA,48,13.368699,13.368699,35.45249,100.0,48.40658,514.9872,28.592617,47.042614,0.0,20.26296,0.34876063,3.5733199999999954,0.35733199999999954
Vienna,0.5,Off-peak,DVNDA,49,12.385903,12.385903,32.83837,100.0,46.404728,500.8945,29.893589,50.243587,0.0,22.629747,0.4932723,3.5733199999999954,0.35733199999999954
Vienna,0.5,Off-peak,DVNDA,50,13.46429,13.46429,35.822838,100.0,51.770466,509.9306,36.903908,59.90391,0.0,25.090202,0.64035684,3.5733199999999954,0.35733199999999954
Vienna,0.5,Off-peak,DVNDA,51,13.916263,13.916263,36.91716,100.0,52.706047,499.9708,49.376415,71.726425,0.0,24.986765,0.60265106,3.5733199999999954,0.35733199999999954
Vienna,0.5,Off-peak,DVNDA,52,16.690498,16.690498,44.33548,100.0,64.651855,527.75073,33.65263,55.402637,0.0,23.668934,0.29481164,3.5733199999999954,0.35733199999999954
Vienna,0.5,Off-peak,DVNDA,53,12.108365,12.108365,32.094486,100.0,47.544094,557.17065,30.22128,49.521275,0.0,19.452923,0.1485805,3.5733199999999954,0.35733199999999954
Vienna,0.5,Off-peak,DVNDA,54,12.187421,12.187421,32.3926,100.0,49.419525,506.59772,30.067093,51.667103,0.0,23.757483,0.4519746,3.5733199999999954,0.35733199999999954
Vienna,0.5,Off-peak,DVNDA,55,11.892937,11.892937,31.558086,100.0,43.729034,505.4369,36.79433,58.844322,0.0,23.975744,0.5951751,3.5733199999999954,0.35733199999999954
Vienna,0.5,Off-peak,DVNDA,56,17.309048,17.309048,45.9037,100.0,66.758514,510.19873,35.554676,57.704674,0.0,24.97843,0.44022623,3.5733199999999954,0.35733199999999954
Vienna,0.5,Off-peak,DVNDA,57,15.169742,15.169742,40.324226,100.0,59.251965,511.51135,38.287655,59.53766,0.0,23.6677,0.41781187,3.5733199999999954,0.35733199999999954
Vienna,0.5,Off-peak,DVNDA,58,14.871698,14.871698,39.414307,100.0,59.700577,483.74713,33.44384,54.843834,0.0,25.204315,0.33614767,3.5733199999999954,0.35733199999999954
Vienna,0.5,Off-peak,DVNDA,59,15.364927,15.364927,40.84102,100.0,58.445827,484.50165,51.041145,71.94115,0.0,24.584328,0.63599783,3.5733199999999954,0.35733199999999954
Vienna,0.5,Off-peak,DVNDA,60,19.52428,19.52428,51.811756,100.0,72.25579,502.56854,35.79923,57.049232,0.0,24.73572,0.58699274,3.5733199999999954,0.35733199999999954
Vienna,0.5,Off-peak,DVNDA,61,12.840823,12.840823,34.125854,100.0,50.843025,501.61417,50.26716,72.217155,0.0,24.413332,0.6305257,3.5733199999999954,0.35733199999999954
Vienna,0.5,Off-peak,DVNDA,62,13.111354,13.111354,34.90698,100.0,48.511208,484.3083,26.589102,47.5891,0.0,24.184555,0.38408265,3.5733199999999954,0.35733199999999954
Vienna,0.5,Off-peak,DVNDA,63,16.766178,16.766178,44.653072,100.0,61.5104,485.0777,31.32871,53.27871,0.0,25.79537,0.4440457,3.5733199999999954,0.35733199999999954
Vienna,0.5,Off-peak,DVNDA,64,15.427868,15.427868,40.965576,100.0,60.931534,514.83856,28.490253,47.090256,0.0,21.022684,0.38641736,3.5733199999999954,0.35733199999999954
Vienna,0.5,Off-peak,DVNDA,65,14.70595,14.70595,39.17008,100.0,59.703835,491.68494,36.16681,57.86681,0.0,25.102652,0.34705126,3.5733199999999954,0.35733199999999954
Vienna,0.5,Off-peak,DVNDA,66,14.42563,14.42563,38.48924,100.0,64.27674,516.4904,30.244284,51.694283,0.0,23.876371,0.2693264,3.5733199999999954,0.35733199999999954
Vienna,0.5,Off-peak,DVNDA,67,13.271307,13.271307,35.361008,100.0,55.06131,495.7508,47.825813,69.975815,0.0,25.116512,0.7978428,3.5733199999999954,0.35733199999999954
Vienna,0.5,Off-peak,DVNDA,68,15.668674,15.668674,41.569096,100.0,59.9407,513.10785,30.781378,50.68138,0.0,22.312105,0.45579553,3.5733199999999954,0.35733199999999954
Vienna,0.5,Off-peak,DVNDA,69,12.572751,12.572751,33.35347,100.0,48.73792,484.26434,33.440994,53.14099,0.0,22.856205,0.2551374,3.5733199999999954,0.35733199999999954
Vienna,0.5,Off-peak,DVNDA,70,14.394254,14.394254,38.16109,100.0,55.665157,507.021,35.20537,57.305378,0.0,24.53869,0.35336366,3.5733199999999954,0.35733199999999954
Vienna,0.5,Off-peak,DVNDA,71,14.889161,14.889161,39.44043,100.0,56.24471,486.43994,33.841404,54.791405,0.0,24.424635,0.59963405,3.5733199999999954,0.35733199999999954
Vienna,0.5,Off-peak,DVNDA,72,13.307958,13.307958,35.462566,100.0,51.159904,503.68854,31.167408,49.817406,0.0,21.052687,0.6443709,3.5733199999999954,0.35733199999999954
Vienna,0.5,Off-peak,DVNDA,73,14.086366,14.086366,37.614277,100.0,55.44197,545.85614,36.868435,60.468437,0.0,24.156637,0.23506667,3.5733199999999954,0.35733199999999954
Vienna,0.5,Off-peak,DVNDA,74,16.689564,16.689564,44.32927,100.0,62.969448,514.5648,30.986853,49.136852,0.0,20.695618,0.6440588,3.5733199999999954,0.35733199999999954
Vienna,0.5,Off-peak,DVNDA,75,13.543074,13.543074,35.866936,100.0,51.34453,505.68524,38.523796,58.623802,0.0,22.412388,0.24011639,3.5733199999999954,0.35733199999999954
Vienna,0.5,Off-peak,DVNDA,76,12.812558,12.812558,34.078484,100.0,51.741043,484.33887,31.207174,51.50717,0.0,23.627111,0.5587309,3.5733199999999954,0.35733199999999954
Vienna,0.5,Off-peak,DVNDA,77,16.516752,16.516752,43.92494,100.0,67.30801,523.9454,31.105188,52.70519,0.0,23.82443,0.2786867,3.5733199999999954,0.35733199999999954
Vienna,0.5,Off-peak,DVNDA,78,13.941168,13.941168,37.047176,100.0,55.575413,505.2528,28.970642,48.620644,0.0,22.195593,0.6231817,3.5733199999999954,0.35733199999999954
Vienna,0.5,Off-peak,DVNDA,79,14.834324,14.834324,39.484028,100.0,55.583202,529.6256,29.637177,49.337173,0.0,21.221748,0.27394876,3.5733199999999954,0.35733199999999954
Vienna,0.5,Off-peak,DVNDA,80,15.134106,15.134106,40.22213,100.0,56.761314,523.0917,28.319891,51.619892,0.0,24.984207,0.20947576,3.5733199999999954,0.35733199999999954
Vienna,0.5,Off-peak,DVNDA,81,13.9794655,13.9794655,37.228935,100.0,53.20036,515.71405,32.466682,51.716686,0.0,21.242409,0.5874116,3.5733199999999954,0.35733199999999954
Vienna,0.5,Off-peak,DVNDA,82,11.556623,11.556623,30.812243,100.0,45.964615,519.1869,28.796545,47.946545,0.0,20.655596,0.6366078,3.5733199999999954,0.35733199999999954
Vienna,0.5,Off-peak,DVNDA,83,16.827774,16.827774,44.717842,100.0,64.42422,499.05624,22.46107,43.66107,0.0,24.467394,0.2592524,3.5733199999999954,0.35733199999999954
Vienna,0.5,Off-peak,DVNDA,84,14.56128,14.56128,38.69922,100.0,55.58115,543.39557,26.264725,45.21472,0.0,19.993778,0.5876728,3.5733199999999954,0.35733199999999954
Vienna,0.5,Off-peak,DVNDA,85,13.713482,13.713482,36.39321,100.0,51.50121,516.18976,31.360651,52.86065,0.0,23.319971,0.21251945,3.5733199999999954,0.35733199999999954
Vienna,0.5,Off-peak,DVNDA,86,14.135111,14.135111,37.516975,100.0,53.47694,514.10376,39.780693,58.58069,0.0,20.884737,0.61783755,3.5733199999999954,0.35733199999999954
Vienna,0.5,Off-peak,DVNDA,87,13.882954,13.882954,36.855804,100.0,50.44948,509.56937,26.984497,46.7345,0.0,21.854212,0.24054582,3.5733199999999954,0.35733199999999954
Vienna,0.5,Off-peak,DVNDA,88,16.564976,16.564976,44.02309,100.0,69.29518,514.3693,38.08321,58.683216,0.0,23.392487,0.36266863,3.5733199999999954,0.35733199999999954
Vienna,0.5,Off-peak,DVNDA,89,16.116451,16.116451,42.75818,100.0,59.670982,516.0429,25.374908,44.0749,0.0,21.009445,0.23056987,3.5733199999999954,0.35733199999999954
Vienna,0.5,Off-peak,DVNDA,90,14.248001,14.248001,37.73323,100.0,56.47826,501.87012,34.13354,54.733532,0.0,23.33663,0.40490252,3.5733199999999954,0.35733199999999954
Vienna,0.5,Off-peak,DVNDA,91,15.82741,15.82741,41.98772,100.0,63.384712,510.66592,31.083258,51.13326,0.0,22.73427,0.4380532,3.5733199999999954,0.35733199999999954
Vienna,0.5,Off-peak,DVNDA,92,16.0239,16.0239,42.581482,100.0,64.85956,499.9252,29.015015,50.81502,0.0,25.046726,0.371425,3.5733199999999954,0.35733199999999954
Vienna,0.5,Off-peak,DVNDA,93,15.78205,15.78205,41.679024,100.0,64.571594,483.7246,26.43487,45.18487,0.0,22.718071,0.18665738,3.5733199999999954,0.35733199999999954
Vienna,0.5,Off-peak,DVNDA,94,13.965836,13.965836,37.0856,100.0,52.148296,484.12198,22.610897,42.860893,0.0,23.607082,0.33008537,3.5733199999999954,0.35733199999999954
Vienna,0.5,Off-peak,DVNDA,95,15.764458,15.764458,41.91298,100.0,60.922638,519.0785,35.714043,56.81405,0.0,23.258656,0.2543692,3.5733199999999954,0.35733199999999954
Vienna,0.5,Off-peak,DVNDA,96,14.781007,14.781007,39.299465,100.0,54.731747,498.24103,30.200348,51.300354,0.0,23.920736,0.2609062,3.5733199999999954,0.35733199999999954
Vienna,0.5,Off-peak,DVNDA,97,14.470669,14.470669,38.536366,100.0,56.031273,498.94427,23.938084,42.53808,0.0,21.446852,0.26352862,3.5733199999999954,0.35733199999999954
Vienna,0.5,Off-peak,DVNDA,98,15.81808,15.81808,42.136692,100.0,57.033627,502.45264,39.79249,61.942482,0.0,24.879637,0.16808784,3.5733199999999954,0.35733199999999954
Vienna,0.5,Off-peak,DVNDA,99,14.771915,14.771915,39.317787,100.0,55.71274,507.15866,22.741146,39.49114,0.0,19.259886,0.49880746,3.5733199999999954,0.35733199999999954
Vienna,0.5,Off-peak,Greedy,0,19.076288,19.076288,50.719574,100.0,75.17864,458.9968,9.9963875,30.146387,0.0,26.04477,0.2016421,4.279872000000005,0.42798720000000046
Vienna,0.5,Off-peak,Greedy,1,17.347034,17.347034,46.133938,100.0,65.31632,508.96753,10.477441,30.377441,0.0,22.757656,0.35693973,4.279872000000005,0.42798720000000046
Vienna,0.5,Off-peak,Greedy,2,14.884014,14.884014,39.569843,100.0,56.674152,509.21985,11.760287,34.360287,0.0,24.97321,0.1317886,4.279872000000005,0.42798720000000046
Vienna,0.5,Off-peak,Greedy,3,12.803206,12.803206,34.12191,100.0,48.41681,499.463,9.437248,27.78725,0.0,20.79317,0.34081507,4.279872000000005,0.42798720000000046
Vienna,0.5,Off-peak,Greedy,4,14.765569,14.765569,39.18405,100.0,57.949753,517.68964,10.864951,32.214947,0.0,23.418941,0.33153453,4.279872000000005,0.42798720000000046
Vienna,0.5,Off-peak,Greedy,5,12.6994505,12.6994505,33.738163,100.0,45.67733,461.6598,9.983864,30.533863,0.0,24.730186,0.3368839,4.279872000000005,0.42798720000000046
Vienna,0.5,Off-peak,Greedy,6,18.544233,18.544233,49.20163,100.0,70.04799,517.3427,11.398149,32.148148,0.0,23.439394,0.31097105,4.279872000000005,0.42798720000000046
Vienna,0.5,Off-peak,Greedy,7,14.159765,14.159765,37.61712,100.0,53.414104,515.10535,11.053887,30.103888,0.0,21.083752,0.50123906,4.279872000000005,0.42798720000000046
Vienna,0.5,Off-peak,Greedy,8,15.287936,15.287936,40.74873,100.0,57.368183,508.83786,12.757885,34.457882,0.0,24.14169,0.29257333,4.279872000000005,0.42798720000000046
Vienna,0.5,Off-peak,Greedy,9,10.954336,10.954336,29.090841,100.0,39.589108,508.82773,7.834806,26.734806,0.0,20.517216,0.48320708,4.279872000000005,0.42798720000000046
Vienna,0.5,Off-peak,Greedy,10,15.451163,15.451163,41.00204,100.0,59.21173,468.0686,11.57442,34.82442,0.0,27.99866,0.23506637,4.279872000000005,0.42798720000000046
Vienna,0.5,Off-peak,Greedy,11,17.074791,17.074791,45.315563,100.0,66.3347,497.49457,10.928689,32.07869,0.0,24.589952,0.19200832,4.279872000000005,0.42798720000000046
Vienna,0.5,Off-peak,Greedy,12,14.572012,14.572012,38.639183,100.0,60.583942,463.36603,11.533242,32.53324,0.0,25.928959,0.21776809,4.279872000000005,0.42798720000000046
Vienna,0.5,Off-peak,Greedy,13,16.031479,16.031479,42.39652,100.0,64.12868,503.8287,11.391762,30.591763,0.0,22.236162,0.23160559,4.279872000000005,0.42798720000000046
Vienna,0.5,Off-peak,Greedy,14,15.2947235,15.2947235,40.50254,100.0,58.135147,500.9733,12.13991,30.789911,0.0,21.514877,0.32541165,4.279872000000005,0.42798720000000046
Vienna,0.5,Off-peak,Greedy,15,18.067646,18.067646,48.05246,100.0,66.88265,501.57767,9.750946,28.850946,0.0,22.373537,0.30293557,4.279872000000005,0.42798720000000046
Vienna,0.5,Off-peak,Greedy,16,17.384382,17.384382,46.266182,100.0,67.01871,514.7154,11.713935,35.463936,0.0,26.326136,0.3639367,4.279872000000005,0.42798720000000046
Vienna,0.5,Off-peak,Greedy,17,18.198944,18.198944,48.3129,100.0,75.75559,520.4593,13.006015,32.656013,0.0,22.516438,0.44490644,4.279872000000005,0.42798720000000046
Vienna,0.5,Off-peak,Greedy,18,15.371189,15.371189,40.84272,100.0,61.66335,454.86456,10.122132,29.57213,0.0,24.769094,0.0849093,4.279872000000005,0.42798720000000046
Vienna,0.5,Off-peak,Greedy,19,12.04758,12.04758,31.931623,100.0,46.690674,514.02625,12.162073,34.51207,0.0,24.010965,0.30235487,4.279872000000005,0.42798720000000046
Vienna,0.5,Off-peak,Greedy,20,13.708197,13.708197,36.37073,100.0,52.811356,412.37152,12.150054,34.250057,0.0,29.99791,0.402507,4.279872000000005,0.42798720000000046
Vienna,0.5,Off-peak,Greedy,21,14.747231,14.747231,39.048687,100.0,55.581135,511.9984,10.954677,30.804674,0.0,22.098757,0.33927494,4.279872000000005,0.42798720000000046
Vienna,0.5,Off-peak,Greedy,22,13.786632,13.786632,36.607388,100.0,53.682472,508.8272,8.213885,27.763885,0.0,21.848404,0.15370816,4.279872000000005,0.42798720000000046
Vienna,0.5,Off-peak,Greedy,23,18.6591,18.6591,49.560276,100.0,66.99807,517.7315,12.135339,33.335342,0.0,23.709106,0.26336288,4.279872000000005,0.42798720000000046
Vienna,0.5,Off-peak,Greedy,24,14.245347,14.245347,37.921867,100.0,52.93201,516.2916,10.325599,31.325598,0.0,22.900429,0.23964539,4.279872000000005,0.42798720000000046
Vienna,0.5,Off-peak,Greedy,25,16.784256,16.784256,44.663475,100.0,63.57876,507.74643,11.02328,32.42328,0.0,24.203949,0.44113174,4.279872000000005,0.42798720000000046
Vienna,0.5,Off-peak,Greedy,26,18.309618,18.309618,48.519188,100.0,72.390594,517.0143,13.320215,37.170216,0.0,26.565542,0.1517741,4.279872000000005,0.42798720000000046
Vienna,0.5,Off-peak,Greedy,27,17.37446,17.37446,45.997833,100.0,65.8055,510.4324,10.968835,32.018833,0.0,23.8428,0.2516457,4.279872000000005,0.42798720000000046
Vienna,0.5,Off-peak,Greedy,28,13.172079,13.172079,34.89731,100.0,51.25338,507.97714,8.864139,27.66414,0.0,21.027193,0.16323379,4.279872000000005,0.42798720000000046
Vienna,0.5,Off-peak,Greedy,29,16.930494,16.930494,44.903816,100.0,62.820095,516.8834,11.551505,32.601505,0.0,23.400831,0.46170786,4.279872000000005,0.42798720000000046
Vienna,0.5,Off-peak,Greedy,30,17.010408,17.010408,45.2479,100.0,67.49135,466.745,11.651814,33.251816,0.0,26.753975,0.3550963,4.279872000000005,0.42798720000000046
Vienna,0.5,Off-peak,Greedy,31,15.020882,15.020882,39.994064,100.0,59.497272,498.10077,9.450837,27.45084,0.0,21.05484,0.25865498,4.279872000000005,0.42798720000000046
Vienna,0.5,Off-peak,Greedy,32,15.102583,15.102583,39.98029,100.0,56.066685,462.41248,11.452659,34.702656,0.0,28.171097,0.19800098,4.279872000000005,0.42798720000000046
Vienna,0.5,Off-peak,Greedy,33,13.884691,13.884691,36.95327,100.0,59.717186,515.0499,11.038647,30.688644,0.0,21.974432,0.2311217,4.279872000000005,0.42798720000000046
Vienna,0.5,Off-peak,Greedy,34,14.083478,14.083478,37.436268,100.0,55.455894,496.5286,11.693663,31.94366,0.0,23.183758,0.3035393,4.279872000000005,0.42798720000000046
Vienna,0.5,Off-peak,Greedy,35,18.307945,18.307945,48.662926,100.0,69.050644,471.45312,13.274526,34.424522,0.0,26.092236,0.34850526,4.279872000000005,0.42798720000000046
Vienna,0.5,Off-peak,Greedy,36,17.975039,17.975039,47.8052,100.0,67.52061,514.2788,12.475616,34.625618,0.0,24.817305,0.21347284,4.279872000000005,0.42798720000000046
Vienna,0.5,Off-peak,Greedy,37,18.056871,18.056871,48.15265,100.0,64.862465,516.7579,10.651351,31.351355,0.0,23.166676,0.4145204,4.279872000000005,0.42798720000000046
Vienna,0.5,Off-peak,Greedy,38,17.43402,22.43402,46.199596,95.0,62.873135,513.4464,11.781881,33.72925,1.0,23.3653,0.20590036,4.279872000000005,0.42798720000000046
Vienna,0.5,Off-peak,Greedy,39,15.508836,15.508836,41.296936,100.0,62.04487,497.618,10.774504,31.424507,0.0,23.865938,0.2408758,4.279872000000005,0.42798720000000046
Vienna,0.5,Off-peak,Greedy,40,13.706421,18.70642,36.499054,95.0,51.725586,508.37265,9.527872,29.36998,1.0,21.083233,0.2059673,4.279872000000005,0.42798720000000046
Vienna,0.5,Off-peak,Greedy,41,16.736807,16.736807,44.32904,100.0,66.758736,505.97952,10.140763,27.190765,0.0,20.146997,0.24446039,4.279872000000005,0.42798720000000046
Vienna,0.5,Off-peak,Greedy,42,14.5310755,14.5310755,38.7541,100.0,55.651115,503.6407,10.553962,31.653961,0.0,23.709915,0.3817521,4.279872000000005,0.42798720000000046
Vienna,0.5,Off-peak,Greedy,43,15.581906,15.581906,41.429836,100.0,58.18864,447.0364,10.867308,31.517307,0.0,26.350689,0.3651555,4.279872000000005,0.42798720000000046
Vienna,0.5,Off-peak,Greedy,44,16.180738,16.180738,43.038956,100.0,61.18691,516.2769,14.204593,34.404594,0.0,22.526035,0.3102905,4.279872000000005,0.42798720000000046
Vienna,0.5,Off-peak,Greedy,45,13.663751,13.663751,36.199486,100.0,51.416973,511.0063,10.621006,31.821005,0.0,23.258862,0.24706082,4.279872000000005,0.42798720000000046
Vienna,0.5,Off-peak,Greedy,46,17.239073,17.239073,45.964077,100.0,64.471466,505.4286,11.568397,31.4684,0.0,22.875214,0.383198,4.279872000000005,0.42798720000000046
Vienna,0.5,Off-peak,Greedy,47,17.623255,17.623255,46.719906,100.0,62.972218,499.98572,12.077091,32.37709,0.0,23.44928,0.1634555,4.279872000000005,0.42798720000000046
Vienna,0.5,Off-peak,Greedy,48,14.323507,14.323507,37.99369,100.0,53.824066,505.12134,10.873313,29.323315,0.0,20.926857,0.21987242,4.279872000000005,0.42798720000000046
Vienna,0.5,Off-peak,Greedy,49,13.154513,13.154513,34.95108,100.0,51.461334,501.70093,10.461846,30.811848,0.0,22.845352,0.10619282,4.279872000000005,0.42798720000000046
Vienna,0.5,Off-peak,Greedy,50,17.702093,17.702093,47.149048,100.0,65.599945,509.9306,11.138886,34.13889,0.0,25.768208,0.35903004,4.279872000000005,0.42798720000000046
Vienna,0.5,Off-peak,Greedy,51,13.204646,13.204646,35.00015,100.0,51.42975,499.53717,11.21394,33.56394,0.0,24.944576,0.18630654,4.279872000000005,0.42798720000000046
Vienna,0.5,Off-peak,Greedy,52,17.968382,17.968382,47.791824,100.0,66.95634,508.39926,11.461688,33.21169,0.0,24.683176,0.32056132,4.279872000000005,0.42798720000000046
Vienna,0.5,Off-peak,Greedy,53,13.1780405,18.17804,34.91376,95.0,51.306698,506.6367,10.828407,29.881042,1.0,20.39463,0.29359162,4.279872000000005,0.42798720000000046
Vienna,0.5,Off-peak,Greedy,54,13.711233,13.711233,36.44619,100.0,52.980553,506.3103,11.369711,32.96971,0.0,23.946806,0.2629505,4.279872000000005,0.42798720000000046
Vienna,0.5,Off-peak,Greedy,55,13.344638,13.344638,35.493416,100.0,48.96535,505.4369,11.940657,33.990658,0.0,24.234743,0.41692576,4.279872000000005,0.42798720000000046
Vienna,0.5,Off-peak,Greedy,56,17.335829,17.335829,45.905415,100.0,66.42921,509.88974,10.511899,32.661903,0.0,24.97742,0.38913795,4.279872000000005,0.42798720000000046
Vienna,0.5,Off-peak,Greedy,57,17.828075,17.828075,47.532684,100.0,67.40074,512.39557,12.232764,33.48276,0.0,24.024445,0.3224372,4.279872000000005,0.42798720000000046
Vienna,0.5,Off-peak,Greedy,58,17.144573,17.144573,45.410633,100.0,65.19113,470.4802,11.152786,32.552788,0.0,26.206797,0.19789617,4.279872000000005,0.42798720000000046
Vienna,0.5,Off-peak,Greedy,59,20.301226,20.301226,53.97865,100.0,74.90201,461.4703,10.758486,31.65849,0.0,26.702806,0.4010044,4.279872000000005,0.42798720000000046
Vienna,0.5,Off-peak,Greedy,60,21.0791,21.0791,56.167233,100.0,76.374954,502.72223,11.478797,32.728794,0.0,24.933002,0.48074025,4.279872000000005,0.42798720000000046
Vienna,0.5,Off-peak,Greedy,61,16.203365,16.203365,43.02107,100.0,61.449604,502.66605,10.203893,32.153896,0.0,24.889767,0.5001298,4.279872000000005,0.42798720000000046
Vienna,0.5,Off-peak,Greedy,62,15.176761,15.176761,40.392456,100.0,55.323734,468.3048,11.240559,32.24056,0.0,25.374699,0.28304055,4.279872000000005,0.42798720000000046
Vienna,0.5,Off-peak,Greedy,63,19.64433,19.64433,52.282997,100.0,72.71185,469.9552,12.078039,34.02804,0.0,27.22131,0.21105856,4.279872000000005,0.42798720000000046
Vienna,0.5,Off-peak,Greedy,64,16.41461,16.41461,43.425144,100.0,64.48135,513.77423,9.972874,28.572876,0.0,21.238966,0.26323095,4.279872000000005,0.42798720000000046
Vienna,0.5,Off-peak,Greedy,65,17.013874,17.013874,45.235268,100.0,69.03427,468.35666,11.401087,33.101086,0.0,26.851025,0.3002051,4.279872000000005,0.42798720000000046
Vienna,0.5,Off-peak,Greedy,66,13.891397,13.891397,37.064373,100.0,57.998165,517.36774,10.103791,31.553793,0.0,23.532495,0.14050025,4.279872000000005,0.42798720000000046
Vienna,0.5,Off-peak,Greedy,67,12.887178,12.887178,34.1219,100.0,53.181473,495.49838,11.970361,34.12036,0.0,25.034462,0.19920737,4.279872000000005,0.42798720000000046
Vienna,0.5,Off-peak,Greedy,68,13.45742,13.45742,35.66261,100.0,53.460144,513.10785,10.614212,30.514212,0.0,21.996357,0.29787555,4.279872000000005,0.42798720000000046
Vienna,0.5,Off-peak,Greedy,69,14.272136,14.272136,37.830967,100.0,54.204315,451.82004,12.707176,32.40718,0.0,24.799934,0.17767881,4.279872000000005,0.42798720000000046
Vienna,0.5,Off-peak,Greedy,70,12.486689,12.486689,33.115746,100.0,47.49647,506.47116,9.6063795,31.706383,0.0,24.162111,0.19189672,4.279872000000005,0.42798720000000046
Vienna,0.5,Off-peak,Greedy,71,16.715372,16.715372,44.316097,100.0,64.19703,461.82886,9.545986,30.495987,0.0,26.156713,0.40278733,4.279872000000005,0.42798720000000046
Vienna,0.5,Off-peak,Greedy,72,13.508964,13.508964,35.98926,100.0,51.988506,504.8676,10.1430435,28.793043,0.0,21.044554,0.2605783,4.279872000000005,0.42798720000000046
Vienna,0.5,Off-peak,Greedy,73,16.668661,16.668661,44.44427,100.0,66.00903,517.91724,11.382909,34.982906,0.0,25.969835,0.1839196,4.279872000000005,0.42798720000000046
Vienna,0.5,Off-peak,Greedy,74,18.44389,18.44389,48.88411,100.0,68.24663,502.2096,10.65212,28.802122,0.0,21.467463,0.36796618,4.279872000000005,0.42798720000000046
Vienna,0.5,Off-peak,Greedy,75,14.716723,14.716723,39.027733,100.0,55.905132,504.13016,10.718792,30.818789,0.0,22.707684,0.4211625,4.279872000000005,0.42798720000000046
Vienna,0.5,Off-peak,Greedy,76,15.0117035,15.0117035,39.840977,100.0,59.5139,450.22314,11.212156,31.512157,0.0,25.849066,0.46891782,4.279872000000005,0.42798720000000046
Vienna,0.5,Off-peak,Greedy,77,16.007936,16.007936,42.493782,100.0,62.69535,505.56268,11.575416,33.175415,0.0,24.462614,0.33890074,4.279872000000005,0.42798720000000046
Vienna,0.5,Off-peak,Greedy,78,14.041547,14.041547,37.397892,100.0,57.11451,502.9628,10.460145,30.110142,0.0,22.373152,0.28515214,4.279872000000005,0.42798720000000046
Vienna,0.5,Off-peak,Greedy,79,16.78076,16.78076,44.611176,100.0,63.534386,514.9534,12.510346,32.210346,0.0,22.212418,0.24055594,4.279872000000005,0.42798720000000046
Vienna,0.5,Off-peak,Greedy,80,18.523285,18.523285,49.242477,100.0,67.83114,511.15533,12.601642,35.901638,0.0,26.109045,0.34942195,4.279872000000005,0.42798720000000046
Vienna,0.5,Off-peak,Greedy,81,16.949461,16.949461,45.096428,100.0,63.61612,505.82828,10.518577,29.768578,0.0,22.172352,0.34507614,4.279872000000005,0.42798720000000046
Vienna,0.5,Off-peak,Greedy,82,17.400013,17.400013,46.20898,100.0,63.05493,502.81317,10.681472,29.83147,0.0,22.177967,0.36870283,4.279872000000005,0.42798720000000046
Vienna,0.5,Off-peak,Greedy,83,16.782682,16.782682,44.608036,100.0,64.104744,497.15024,13.307073,34.507072,0.0,24.545134,0.20611751,4.279872000000005,0.42798720000000046
Vienna,0.5,Off-peak,Greedy,84,14.473669,14.473669,38.453945,100.0,56.263317,512.48474,9.684278,28.634277,0.0,21.232988,0.61205286,4.279872000000005,0.42798720000000046
Vienna,0.5,Off-peak,Greedy,85,15.619134,15.619134,41.51771,100.0,58.559467,516.18976,11.744579,33.24458,0.0,23.661816,0.19167991,4.279872000000005,0.42798720000000046
Vienna,0.5,Off-peak,Greedy,86,17.528526,17.528526,46.521133,100.0,66.79005,505.93414,10.462809,29.262806,0.0,21.879827,0.4606765,4.279872000000005,0.42798720000000046
Vienna,0.5,Off-peak,Greedy,87,14.234714,14.234714,37.83205,100.0,51.947342,508.93307,9.84189,29.591888,0.0,21.955114,0.07849072,4.279872000000005,0.42798720000000046
Vienna,0.5,Off-peak,Greedy,88,17.682041,17.682041,46.83567,100.0,74.504456,512.09814,10.86959,31.46959,0.0,23.750547,0.28802308,4.279872000000005,0.42798720000000046
Vienna,0.5,Off-peak,Greedy,89,19.039167,19.039167,50.607906,100.0,71.28999,514.9975,10.843518,29.543518,0.0,21.616123,0.17646761,4.279872000000005,0.42798720000000046
Vienna,0.5,Off-peak,Greedy,90,15.401212,15.401212,40.90181,100.0,61.133415,503.87518,12.53114,33.131138,0.0,23.474733,0.06711069,4.279872000000005,0.42798720000000046
Vienna,0.5,Off-peak,Greedy,91,16.87653,16.87653,44.82314,100.0,66.23897,513.0411,9.291445,29.341444,0.0,22.768106,0.23474275,4.279872000000005,0.42798720000000046
Vienna,0.5,Off-peak,Greedy,92,17.605696,17.605696,46.760925,100.0,68.136566,499.79535,12.920526,34.720528,0.0,25.21715,0.20855051,4.279872000000005,0.42798720000000046
Vienna,0.5,Off-peak,Greedy,93,18.514797,18.514797,48.738102,100.0,72.22151,460.33313,8.684225,27.434225,0.0,24.287926,0.24106126,4.279872000000005,0.42798720000000046
Vienna,0.5,Off-peak,Greedy,94,13.816911,13.816911,36.63975,100.0,51.988037,455.57455,9.341941,29.591938,0.0,25.077566,0.33946288,4.279872000000005,0.42798720000000046
Vienna,0.5,Off-peak,Greedy,95,16.387224,16.387224,43.608543,100.0,63.753338,502.36038,11.588322,32.68832,0.0,24.17355,0.26896057,4.279872000000005,0.42798720000000046
Vienna,0.5,Off-peak,Greedy,96,15.995018,15.995018,42.49362,100.0,58.68797,497.2622,11.4212265,32.521225,0.0,24.166727,0.4828711,4.279872000000005,0.42798720000000046
Vienna,0.5,Off-peak,Greedy,97,14.64748,14.64748,39.107613,100.0,55.490837,498.94427,9.2477865,27.847786,0.0,21.41977,0.10754702,4.279872000000005,0.42798720000000046
Vienna,0.5,Off-peak,Greedy,98,16.074257,16.074257,42.772648,100.0,57.59346,502.9498,14.308648,36.458645,0.0,24.882874,0.20530108,4.279872000000005,0.42798720000000046
Vienna,0.5,Off-peak,Greedy,99,15.726906,15.726906,41.833603,100.0,58.33613,506.13327,8.918969,25.668968,0.0,19.428486,0.3510733,4.279872000000005,0.42798720000000046
Vienna,0.5,Peak-aware,DVNDA,0,15.5524,15.5524,41.413788,100.0,70.39975,484.0108,29.446463,49.596462,0.0,24.451921,0.31616965,3.662454999999998,0.3662454999999998
Vienna,0.5,Peak-aware,DVNDA,1,16.069448,16.069448,42.68927,100.0,67.43642,508.19897,30.267536,50.167534,0.0,22.896362,0.5964232,3.662454999999998,0.3662454999999998
Vienna,0.5,Peak-aware,DVNDA,2,15.924041,15.924041,42.30224,100.0,64.85063,509.3057,47.342186,69.942184,0.0,25.370356,0.59745586,3.662454999999998,0.3662454999999998
Vienna,0.5,Peak-aware,DVNDA,3,11.141197,11.141197,29.615421,100.0,45.94677,499.463,29.617352,47.967354,0.0,20.669538,0.62855583,3.662454999999998,0.3662454999999998
Vienna,0.5,Peak-aware,DVNDA,4,15.51824,15.51824,41.26818,100.0,67.48835,539.2265,31.48617,52.83617,0.0,22.925817,0.36383018,3.662454999999998,0.3662454999999998
Vienna,0.5,Peak-aware,DVNDA,5,10.772082,10.772082,28.516161,100.0,43.299557,483.4522,30.71369,51.26369,0.0,23.492476,0.12973885,3.662454999999998,0.3662454999999998
Vienna,0.5,Peak-aware,DVNDA,6,15.540348,15.540348,41.210514,100.0,65.213776,547.80786,39.369713,60.119713,0.0,21.915247,0.6509429,3.662454999999998,0.3662454999999998
Vienna,0.5,Peak-aware,DVNDA,7,12.061933,12.061933,32.1243,100.0,48.42011,511.29462,30.534235,49.584232,0.0,20.996702,0.5500501,3.662454999999998,0.3662454999999998
Vienna,0.5,Peak-aware,DVNDA,8,12.112603,12.112603,32.260746,100.0,50.477325,522.38525,41.291843,62.99184,0.0,23.18583,0.61474144,3.662454999999998,0.3662454999999998
Vienna,0.5,Peak-aware,DVNDA,9,11.113417,11.113417,29.441011,100.0,43.955727,536.7218,38.260246,57.160236,0.0,19.654305,0.5786876,3.662454999999998,0.3662454999999998
Vienna,0.5,Peak-aware,DVNDA,10,13.802438,13.802438,36.640648,100.0,60.982033,484.58432,30.357834,53.60783,0.0,27.135733,0.20721196,3.662454999999998,0.3662454999999998
Vienna,0.5,Peak-aware,DVNDA,11,16.594568,16.594568,44.134853,100.0,72.17441,498.86053,31.046041,52.196045,0.0,24.81527,0.19220105,3.662454999999998,0.3662454999999998
Vienna,0.5,Peak-aware,DVNDA,12,16.035408,16.035408,42.59418,100.0,69.95015,485.07007,34.570198,55.5702,0.0,25.25151,0.26165116,3.662454999999998,0.3662454999999998
Vienna,0.5,Peak-aware,DVNDA,13,13.673571,13.673571,36.250305,100.0,60.959637,523.0531,39.840733,59.04073,0.0,21.267422,0.58609945,3.662454999999998,0.3662454999999998
Vienna,0.5,Peak-aware,DVNDA,14,12.082052,12.082052,32.119804,100.0,51.240696,501.13245,33.027115,51.677113,0.0,21.164097,0.53143734,3.662454999999998,0.3662454999999998
Vienna,0.5,Peak-aware,DVNDA,15,14.053118,14.053118,37.25947,100.0,59.241512,501.98154,48.83834,67.93834,0.0,21.97499,0.3469199,3.662454999999998,0.3662454999999998
Vienna,0.5,Peak-aware,DVNDA,16,13.652039,13.652039,36.38746,100.0,63.42021,540.0553,35.03074,58.78074,0.0,24.924307,0.62378204,3.662454999999998,0.3662454999999998
Vienna,0.5,Peak-aware,DVNDA,17,16.313002,16.313002,43.322952,100.0,74.46085,537.30896,33.976036,53.626038,0.0,21.750093,0.34977505,3.662454999999998,0.3662454999999998
Vienna,0.5,Peak-aware,DVNDA,18,15.228825,15.228825,40.46234,100.0,64.282585,482.89215,30.281734,49.73173,0.0,23.467072,0.22083585,3.662454999999998,0.3662454999999998
Vienna,0.5,Peak-aware,DVNDA,19,11.737106,11.737106,31.193926,100.0,49.628635,519.59625,37.539803,59.88981,0.0,23.894936,0.45951054,3.662454999999998,0.3662454999999998
Vienna,0.5,Peak-aware,DVNDA,20,12.057511,12.057511,32.00814,100.0,55.223278,482.55002,30.98104,53.081036,0.0,25.76019,0.46474224,3.662454999999998,0.3662454999999998
Vienna,0.5,Peak-aware,DVNDA,21,11.879181,11.879181,31.45958,100.0,48.87726,511.7514,32.764877,52.61488,0.0,21.78193,0.67516416,3.662454999999998,0.3662454999999998
Vienna,0.5,Peak-aware,DVNDA,22,15.380113,15.380113,40.86354,100.0,61.963226,509.5043,19.677937,39.227943,0.0,22.225681,0.3018071,3.662454999999998,0.3662454999999998
Vienna,0.5,Peak-aware,DVNDA,23,15.586624,15.586624,41.364826,100.0,63.416145,537.32556,31.092304,52.292305,0.0,22.677876,0.62973946,3.662454999999998,0.3662454999999998
Vienna,0.5,Peak-aware,DVNDA,24,14.597713,14.597713,38.823566,100.0,58.670628,514.0238,34.62182,55.62182,0.0,23.280565,0.2503988,3.662454999999998,0.3662454999999998
Vienna,0.5,Peak-aware,DVNDA,25,13.406886,13.406886,35.640667,100.0,57.30156,507.5802,34.64315,56.04314,0.0,23.902706,0.6112489,3.662454999999998,0.3662454999999998
Vienna,0.5,Peak-aware,DVNDA,26,14.836777,14.836777,39.245724,100.0,60.37007,538.95044,37.82743,61.67744,0.0,24.92669,0.45751166,3.662454999999998,0.3662454999999998
Vienna,0.5,Peak-aware,DVNDA,27,14.191103,14.191103,37.601463,100.0,59.506805,510.43246,31.556961,52.60697,0.0,23.534302,0.037225842,3.662454999999998,0.3662454999999998
Vienna,0.5,Peak-aware,DVNDA,28,12.217542,12.217542,32.484608,100.0,53.247944,507.69934,32.018333,50.818336,0.0,21.136919,0.4769061,3.662454999999998,0.3662454999999998
Vienna,0.5,Peak-aware,DVNDA,29,13.691494,13.691494,36.31785,100.0,56.54455,516.7156,26.932873,47.982872,0.0,23.104801,0.5185982,3.662454999999998,0.3662454999999998
Vienna,0.5,Peak-aware,DVNDA,30,15.965401,15.965401,42.234932,100.0,68.29453,492.68628,35.24337,56.843372,0.0,25.386063,0.35247752,3.662454999999998,0.3662454999999998
Vienna,0.5,Peak-aware,DVNDA,31,13.585957,13.585957,36.067253,100.0,53.824577,498.1007,23.09999,41.099995,0.0,20.770124,0.31834787,3.662454999999998,0.3662454999999998
Vienna,0.5,Peak-aware,DVNDA,32,15.742793,15.742793,41.655216,100.0,63.00521,488.72067,37.57973,60.829723,0.0,27.00956,0.66974664,3.662454999999998,0.3662454999999998
Vienna,0.5,Peak-aware,DVNDA,33,14.206993,14.206993,37.811016,100.0,68.358696,514.2406,29.435068,49.085068,0.0,22.429129,0.41591236,3.662454999999998,0.3662454999999998
Vienna,0.5,Peak-aware,DVNDA,34,17.152142,17.152142,45.503372,100.0,72.86809,496.5286,39.874626,60.124622,0.0,24.060455,0.6124212,3.662454999999998,0.3662454999999998
Vienna,0.5,Peak-aware,DVNDA,35,19.140633,19.140633,50.694263,100.0,83.02334,484.28604,42.494507,63.644512,0.0,26.122131,0.3361924,3.662454999999998,0.3662454999999998
Vienna,0.5,Peak-aware,DVNDA,36,17.941776,17.941776,47.886497,100.0,75.910995,513.7871,32.377384,54.52738,0.0,25.249313,0.40380102,3.662454999999998,0.3662454999999998
Vienna,0.5,Peak-aware,DVNDA,37,15.571021,15.571021,41.416245,100.0,59.836143,514.915,33.193756,53.893757,0.0,23.005556,0.42815098,3.662454999999998,0.3662454999999998
Vienna,0.5,Peak-aware,DVNDA,38,17.10702,17.10702,45.528984,100.0,68.29676,546.4052,35.69333,57.993336,0.0,23.530926,0.25739184,3.662454999999998,0.3662454999999998
Vienna,0.5,Peak-aware,DVNDA,39,15.192853,15.192853,40.354877,100.0,67.33407,498.1049,31.249609,51.899605,0.0,24.108078,0.2877637,3.662454999999998,0.3662454999999998
Vienna,0.5,Peak-aware,DVNDA,40,12.573947,12.573947,33.425564,100.0,49.507465,535.6073,19.36593,39.46593,0.0,21.074558,0.23712371,3.662454999999998,0.3662454999999998
Vienna,0.5,Peak-aware,DVNDA,41,14.528915,14.528915,38.510227,100.0,59.619495,503.05435,26.16685,43.216846,0.0,19.909355,0.51977944,3.662454999999998,0.3662454999999998
Vienna,0.5,Peak-aware,DVNDA,42,14.049886,14.049886,37.420036,100.0,59.71422,502.45938,34.12029,55.220295,0.0,23.96782,0.43461058,3.662454999999998,0.3662454999999998
Vienna,0.5,Peak-aware,DVNDA,43,12.5715,12.5715,33.480923,100.0,54.769283,483.6461,31.01154,51.661537,0.0,24.179314,0.5240932,3.662454999999998,0.3662454999999998
Vienna,0.5,Peak-aware,DVNDA,44,15.019898,15.019898,39.887856,100.0,65.93284,516.2769,43.340782,63.54079,0.0,22.755852,0.61823714,3.662454999999998,0.3662454999999998
Vienna,0.5,Peak-aware,DVNDA,45,12.587294,12.587294,33.441986,100.0,52.824825,532.151,52.685265,73.88526,0.0,22.400822,0.66526264,3.662454999999998,0.3662454999999998
Vienna,0.5,Peak-aware,DVNDA,46,13.512654,13.512654,35.99434,100.0,56.92712,511.68744,49.95831,69.85831,0.0,22.226807,0.649511,3.662454999999998,0.3662454999999998
Vienna,0.5,Peak-aware,DVNDA,47,16.967607,16.967607,44.96296,100.0,65.87489,512.84784,36.30477,56.604774,0.0,23.002676,0.32865945,3.662454999999998,0.3662454999999998
Vienna,0.5,Peak-aware,DVNDA,48,13.368699,13.368699,35.45249,100.0,49.162216,514.9872,28.694332,47.14433,0.0,20.299643,0.34876063,3.662454999999998,0.3662454999999998
Vienna,0.5,Peak-aware,DVNDA,49,12.382439,12.382439,32.84144,100.0,49.67823,500.8945,30.093174,50.443172,0.0,22.79313,0.4933222,3.662454999999998,0.3662454999999998
Vienna,0.5,Peak-aware,DVNDA,50,13.38393,13.38393,35.613113,100.0,55.99056,509.9306,37.31463,60.31463,0.0,25.297102,0.6386121,3.662454999999998,0.3662454999999998
Vienna,0.5,Peak-aware,DVNDA,51,13.924792,13.924792,36.94248,100.0,56.557785,499.9708,49.699726,72.049736,0.0,25.179363,0.6028787,3.662454999999998,0.3662454999999998
Vienna,0.5,Peak-aware,DVNDA,52,16.562534,16.562534,44.029392,100.0,68.50203,527.75073,33.92684,55.67685,0.0,23.85132,0.28689033,3.662454999999998,0.3662454999999998
Vienna,0.5,Peak-aware,DVNDA,53,12.108365,12.108365,32.094486,100.0,50.134003,557.17065,30.356884,49.65688,0.0,19.56913,0.1485805,3.662454999999998,0.3662454999999998
Vienna,0.5,Peak-aware,DVNDA,54,12.1959505,12.1959505,32.41792,100.0,53.3656,506.59772,30.264393,51.8644,0.0,23.952215,0.45252773,3.662454999999998,0.3662454999999998
Vienna,0.5,Peak-aware,DVNDA,55,11.902607,11.902607,31.586285,100.0,49.339893,505.4369,37.119907,59.169903,0.0,24.253273,0.5948463,3.662454999999998,0.3662454999999998
Vienna,0.5,Peak-aware,DVNDA,56,17.013126,17.013126,45.132175,100.0,71.08629,510.19873,35.89494,58.044945,0.0,25.190493,0.42507324,3.662454999999998,0.3662454999999998
Vienna,0.5,Peak-aware,DVNDA,57,15.169742,15.169742,40.324226,100.0,61.04757,511.51135,38.427383,59.677387,0.0,23.75546,0.41781187,3.662454999999998,0.3662454999999998
Vienna,0.5,Peak-aware,DVNDA,58,14.868776,14.868776,39.416515,100.0,66.26251,483.74713,33.905937,55.30594,0.0,25.543436,0.3355792,3.662454999999998,0.3662454999999998
Vienna,0.5,Peak-aware,DVNDA,59,15.364927,15.364927,40.84102,100.0,63.93143,484.50165,51.514473,72.414474,0.0,24.867382,0.63599783,3.662454999999998,0.3662454999999998
Vienna,0.5,Peak-aware,DVNDA,60,19.525421,19.525421,51.81464,100.0,76.56582,502.56854,36.15431,57.404305,0.0,24.950117,0.5869919,3.662454999999998,0.3662454999999998
Vienna,0.5,Peak-aware,DVNDA,61,12.849353,12.849353,34.15117,100.0,53.958847,501.61417,50.602547,72.552536,0.0,24.568626,0.6300078,3.662454999999998,0.3662454999999998
Vienna,0.5,Peak-aware,DVNDA,62,13.111354,13.111354,34.90698,100.0,53.147446,484.3083,26.820917,47.820915,0.0,24.42388,0.38408265,3.662454999999998,0.3662454999999998
Vienna,0.5,Peak-aware,DVNDA,63,16.768778,16.768778,44.659622,100.0,65.79993,485.0777,31.66325,53.61325,0.0,26.016443,0.44420934,3.662454999999998,0.3662454999999998
Vienna,0.5,Peak-aware,DVNDA,64,15.432932,15.432932,40.993965,100.0,65.32511,514.83856,28.758993,47.358994,0.0,21.23603,0.38687357,3.662454999999998,0.3662454999999998
Vienna,0.5,Peak-aware,DVNDA,65,14.713625,14.713625,39.19295,100.0,65.067856,491.68494,36.50371,58.203712,0.0,25.37539,0.34775174,3.662454999999998,0.3662454999999998
Vienna,0.5,Peak-aware,DVNDA,66,14.423305,14.423305,38.495193,100.0,68.15382,516.4904,30.480276,51.930267,0.0,24.064037,0.26941094,3.662454999999998,0.3662454999999998
Vienna,0.5,Peak-aware,DVNDA,67,13.273907,13.273907,35.367558,100.0,58.56907,495.7508,48.447163,70.59716,0.0,25.293404,0.797981,3.662454999999998,0.3662454999999998
Vienna,0.5,Peak-aware,DVNDA,68,15.506138,15.506138,41.12634,100.0,64.571304,513.10785,31.091711,50.99171,0.0,22.537718,0.44828972,3.662454999999998,0.3662454999999998
Vienna,0.5,Peak-aware,DVNDA,69,12.481544,12.481544,33.10855,100.0,50.76398,484.26434,33.600105,53.300102,0.0,22.960802,0.25325572,3.662454999999998,0.3662454999999998
Vienna,0.5,Peak-aware,DVNDA,70,14.402783,14.402783,38.186405,100.0,60.89829,507.021,35.64078,57.740784,0.0,24.796722,0.3541235,3.662454999999998,0.3662454999999998
Vienna,0.5,Peak-aware,DVNDA,71,14.889161,14.889161,39.44043,100.0,60.75083,486.43994,34.133507,55.083504,0.0,24.656221,0.59963405,3.662454999999998,0.3662454999999998
Vienna,0.5,Peak-aware,DVNDA,72,13.316487,13.316487,35.48789,100.0,54.80252,503.68854,31.362186,50.012184,0.0,21.233482,0.64470273,3.662454999999998,0.3662454999999998
Vienna,0.5,Peak-aware,DVNDA,73,14.086366,14.086366,37.614277,100.0,60.298267,545.85614,37.167183,60.76718,0.0,24.379055,0.23506667,3.662454999999998,0.3662454999999998
Vienna,0.5,Peak-aware,DVNDA,74,16.689564,16.689564,44.32927,100.0,65.41207,514.5648,31.1227,49.272697,0.0,20.814293,0.6440588,3.662454999999998,0.3662454999999998
Vienna,0.5,Peak-aware,DVNDA,75,13.543074,13.543074,35.866936,100.0,57.41447,505.68524,38.861,58.961006,0.0,22.712473,0.24011639,3.662454999999998,0.3662454999999998
Vienna,0.5,Peak-aware,DVNDA,76,12.812558,12.812558,34.078484,100.0,55.280758,484.33887,31.400812,51.700813,0.0,23.809818,0.5587309,3.662454999999998,0.3662454999999998
Vienna,0.5,Peak-aware,DVNDA,77,16.52642,16.52642,43.953136,100.0,71.54796,523.9454,31.334019,52.934013,0.0,24.026737,0.27935824,3.662454999999998,0.3662454999999998
Vienna,0.5,Peak-aware,DVNDA,78,13.948558,13.948558,37.06961,100.0,57.678993,505.2528,29.075825,48.725826,0.0,22.29968,0.6234971,3.662454999999998,0.3662454999999998
Vienna,0.5,Peak-aware,DVNDA,79,14.835463,14.835463,39.48691,100.0,57.957294,529.6256,29.780518,49.48051,0.0,21.333813,0.2739224,3.662454999999998,0.3662454999999998
Vienna,0.5,Peak-aware,DVNDA,80,15.134106,15.134106,40.22213,100.0,60.605713,523.0917,28.626019,51.926025,0.0,25.167946,0.20947576,3.662454999999998,0.3662454999999998
Vienna,0.5,Peak-aware,DVNDA,81,13.987995,13.987995,37.25425,100.0,57.679943,515.71405,32.70644,51.956444,0.0,21.459564,0.5873573,3.662454999999998,0.3662454999999998
Vienna,0.5,Peak-aware,DVNDA,82,11.557385,11.557385,30.814531,100.0,48.761204,519.1869,29.058538,48.208534,0.0,20.790257,0.6366294,3.662454999999998,0.3662454999999998
Vienna,0.5,Peak-aware,DVNDA,83,16.835165,16.835165,44.740276,100.0,67.06015,499.05624,22.603817,43.80382,0.0,24.599442,0.25903758,3.662454999999998,0.3662454999999998
Vienna,0.5,Peak-aware,DVNDA,84,14.557815,14.557815,38.702286,100.0,59.77687,543.39557,26.474508,45.424507,0.0,20.186808,0.58767426,3.662454999999998,0.3662454999999998
Vienna,0.5,Peak-aware,DVNDA,85,13.71646,13.71646,36.400352,100.0,56.877686,516.18976,31.698431,53.198433,0.0,23.580362,0.21248262,3.662454999999998,0.3662454999999998
Vienna,0.5,Peak-aware,DVNDA,86,14.143927,14.143927,37.54273,100.0,56.606785,514.10376,40.061287,58.861275,0.0,21.036936,0.61812955,3.662454999999998,0.3662454999999998
Vienna,0.5,Peak-aware,DVNDA,87,13.882954,13.882954,36.855804,100.0,55.490128,509.56937,27.272848,47.022854,0.0,22.10151,0.24054582,3.662454999999998,0.3662454999999998
Vienna,0.5,Peak-aware,DVNDA,88,16.527876,16.527876,43.932713,100.0,74.26975,514.3693,38.510254,59.11026,0.0,23.634266,0.36205232,3.662454999999998,0.3662454999999998
Vienna,0.5,Peak-aware,DVNDA,89,16.123842,16.123842,42.780613,100.0,61.53006,516.0429,25.467861,44.167866,0.0,21.09951,0.23102565,3.662454999999998,0.3662454999999998
Vienna,0.5,Peak-aware,DVNDA,90,14.249141,14.249141,37.736115,100.0,60.570274,501.87012,34.355045,54.955048,0.0,23.540472,0.40478432,3.662454999999998,0.3662454999999998
Vienna,0.5,Peak-aware,DVNDA,91,15.835941,15.835941,42.013035,100.0,68.312164,510.66592,31.402607,51.452614,0.0,22.975496,0.43802562,3.662454999999998,0.3662454999999998
Vienna,0.5,Peak-aware,DVNDA,92,16.02504,16.02504,42.584366,100.0,68.21222,499.9252,29.219717,51.019726,0.0,25.214386,0.37148112,3.662454999999998,0.3662454999999998
Vienna,0.5,Peak-aware,DVNDA,93,15.78205,15.78205,41.679024,100.0,70.33008,483.7246,26.759989,45.50999,0.0,23.015686,0.18665738,3.662454999999998,0.3662454999999998
Vienna,0.5,Peak-aware,DVNDA,94,13.965836,13.965836,37.0856,100.0,55.509495,484.12198,22.778957,43.028954,0.0,23.780655,0.33008537,3.662454999999998,0.3662454999999998
Vienna,0.5,Peak-aware,DVNDA,95,15.764458,15.764458,41.91298,100.0,64.6173,519.0785,35.93763,57.037636,0.0,23.436598,0.2543692,3.662454999999998,0.3662454999999998
Vienna,0.5,Peak-aware,DVNDA,96,14.782147,14.782147,39.30235,100.0,59.597164,498.24103,30.494308,51.59431,0.0,24.164867,0.26099062,3.662454999999998,0.3662454999999998
Vienna,0.5,Peak-aware,DVNDA,97,14.470669,14.470669,38.536366,100.0,56.98995,498.94427,23.98602,42.586014,0.0,21.494886,0.26352862,3.662454999999998,0.3662454999999998
Vienna,0.5,Peak-aware,DVNDA,98,15.806153,15.806153,42.118954,100.0,60.45772,502.45264,40.096565,62.246563,0.0,25.050005,0.16867958,3.662454999999998,0.3662454999999998
Vienna,0.5,Peak-aware,DVNDA,99,14.65895,14.65895,38.994396,100.0,57.474663,507.15866,22.829239,39.579235,0.0,19.346739,0.49095166,3.662454999999998,0.3662454999999998
Vienna,0.5,Peak-aware,Greedy,0,19.01503,19.01503,50.56221,100.0,80.909,458.9968,10.2626705,30.412666,0.0,26.356884,0.19850622,4.2092240000000025,0.42092240000000025
Vienna,0.5,Peak-aware,Greedy,1,17.347034,17.347034,46.133938,100.0,69.16648,508.96753,10.669948,30.569948,0.0,22.946774,0.35693973,4.2092240000000025,0.42092240000000025
Vienna,0.5,Peak-aware,Greedy,2,14.898794,14.898794,39.61471,100.0,59.922203,509.21985,11.903812,34.50381,0.0,25.132671,0.13212982,4.2092240000000025,0.42092240000000025
Vienna,0.5,Peak-aware,Greedy,3,12.803206,12.803206,34.12191,100.0,50.954887,499.463,9.564154,27.914154,0.0,20.920212,0.34081507,4.2092240000000025,0.42092240000000025
Vienna,0.5,Peak-aware,Greedy,4,14.774099,14.774099,39.209366,100.0,61.59281,517.68964,11.047104,32.397102,0.0,23.594872,0.33152846,4.2092240000000025,0.42092240000000025
Vienna,0.5,Peak-aware,Greedy,5,12.649996,12.649996,33.618523,100.0,50.493637,461.6598,10.160837,30.710835,0.0,24.991001,0.3361473,4.2092240000000025,0.42092240000000025
Vienna,0.5,Peak-aware,Greedy,6,18.053171,18.053171,47.930855,100.0,72.55725,517.3427,11.490031,32.240032,0.0,23.560654,0.29520398,4.2092240000000025,0.42092240000000025
Vienna,0.5,Peak-aware,Greedy,7,14.160906,14.160906,37.620003,100.0,55.980434,515.10535,11.182204,30.232204,0.0,21.208305,0.5011904,4.2092240000000025,0.42092240000000025
Vienna,0.5,Peak-aware,Greedy,8,15.296466,15.296466,40.774048,100.0,61.545578,508.83786,12.898283,34.59828,0.0,24.346931,0.29317027,4.2092240000000025,0.42092240000000025
Vienna,0.5,Peak-aware,Greedy,9,10.9508705,10.9508705,29.09391,100.0,41.215984,508.82773,7.9085236,26.808523,0.0,20.597147,0.48332036,4.2092240000000025,0.42092240000000025
Vienna,0.5,Peak-aware,Greedy,10,15.33173,15.33173,40.721268,100.0,65.99091,468.0686,11.806056,35.05606,0.0,28.36074,0.24225126,4.2092240000000025,0.42092240000000025
Vienna,0.5,Peak-aware,Greedy,11,17.082182,17.082182,45.337997,100.0,70.05306,497.49457,11.066498,32.2165,0.0,24.776806,0.1921981,4.2092240000000025,0.42092240000000025
Vienna,0.5,Peak-aware,Greedy,12,14.572012,14.572012,38.639183,100.0,63.10447,463.36603,11.588823,32.58882,0.0,26.064947,0.21776809,4.2092240000000025,0.42092240000000025
Vienna,0.5,Peak-aware,Greedy,13,16.031479,16.031479,42.39652,100.0,67.348175,503.8287,11.552736,30.752739,0.0,22.395914,0.23160559,4.2092240000000025,0.42092240000000025
Vienna,0.5,Peak-aware,Greedy,14,15.302114,15.302114,40.524975,100.0,62.650063,500.9733,12.345902,30.995901,0.0,21.740183,0.3260236,4.2092240000000025,0.42092240000000025
Vienna,0.5,Peak-aware,Greedy,15,18.075035,18.075035,48.074894,100.0,72.568054,501.57767,9.945803,29.045803,0.0,22.656912,0.3027591,4.2092240000000025,0.42092240000000025
Vienna,0.5,Peak-aware,Greedy,16,17.231516,17.231516,45.851624,100.0,74.39873,514.7154,12.006397,35.7564,0.0,26.68459,0.3526824,4.2092240000000025,0.42092240000000025
Vienna,0.5,Peak-aware,Greedy,17,18.198944,18.198944,48.3129,100.0,78.15841,520.4593,13.126153,32.776154,0.0,22.631857,0.44490644,4.2092240000000025,0.42092240000000025
Vienna,0.5,Peak-aware,Greedy,18,15.371189,15.371189,40.84272,100.0,64.84518,454.86456,10.201306,29.651304,0.0,24.943974,0.0849093,4.2092240000000025,0.42092240000000025
Vienna,0.5,Peak-aware,Greedy,19,12.05497,12.05497,31.954056,100.0,51.167854,514.02625,12.385931,34.73593,0.0,24.228718,0.30217677,4.2092240000000025,0.42092240000000025
Vienna,0.5,Peak-aware,Greedy,20,13.666014,13.666014,36.26069,100.0,60.33811,412.9197,12.463033,34.563034,0.0,30.41379,0.40462536,4.2092240000000025,0.42092240000000025
Vienna,0.5,Peak-aware,Greedy,21,14.747231,14.747231,39.048687,100.0,57.991978,511.9984,11.075218,30.925219,0.0,22.216473,0.33927494,4.2092240000000025,0.42092240000000025
Vienna,0.5,Peak-aware,Greedy,22,13.786632,13.786632,36.607388,100.0,55.570423,508.8272,8.282516,27.832514,0.0,21.941164,0.15370816,4.2092240000000025,0.42092240000000025
Vienna,0.5,Peak-aware,Greedy,23,18.66763,18.66763,49.58559,100.0,71.43955,517.7315,12.2836275,33.483627,0.0,23.923576,0.26355568,4.2092240000000025,0.42092240000000025
Vienna,0.5,Peak-aware,Greedy,24,14.132381,14.132381,37.598476,100.0,55.058712,516.2916,10.431934,31.431934,0.0,23.00341,0.22908302,4.2092240000000025,0.42092240000000025
Vienna,0.5,Peak-aware,Greedy,25,16.784256,16.784256,44.663475,100.0,65.30588,507.74643,11.109636,32.509632,0.0,24.288984,0.44113174,4.2092240000000025,0.42092240000000025
Vienna,0.5,Peak-aware,Greedy,26,18.309618,18.309618,48.519188,100.0,75.04935,517.0143,13.4350605,37.28506,0.0,26.694107,0.1517741,4.2092240000000025,0.42092240000000025
Vienna,0.5,Peak-aware,Greedy,27,17.37636,17.37636,46.003006,100.0,71.176674,510.4324,11.237391,32.287395,0.0,24.10587,0.25171804,4.2092240000000025,0.42092240000000025
Vienna,0.5,Peak-aware,Greedy,28,13.172079,13.172079,34.89731,100.0,52.883457,507.97714,8.945643,27.745646,0.0,21.107418,0.16323379,4.2092240000000025,0.42092240000000025
Vienna,0.5,Peak-aware,Greedy,29,16.930494,16.930494,44.903816,100.0,66.734634,516.8834,11.722882,32.77288,0.0,23.590166,0.46170786,4.2092240000000025,0.42092240000000025
Vienna,0.5,Peak-aware,Greedy,30,17.010408,17.010408,45.2479,100.0,69.24652,466.745,11.713862,33.313858,0.0,26.847986,0.3550963,4.2092240000000025,0.42092240000000025
Vienna,0.5,Peak-aware,Greedy,31,15.028272,15.028272,40.0165,100.0,63.727203,498.10077,9.584281,27.584282,0.0,21.267141,0.25886086,4.2092240000000025,0.42092240000000025
Vienna,0.5,Peak-aware,Greedy,32,15.114091,15.114091,40.012745,100.0,59.85715,462.41248,11.642181,34.89218,0.0,28.376026,0.19848245,4.2092240000000025,0.42092240000000025
Vienna,0.5,Peak-aware,Greedy,33,13.884691,13.884691,36.95327,100.0,62.782406,515.0499,11.191907,30.841906,0.0,22.123215,0.2311217,4.2092240000000025,0.42092240000000025
Vienna,0.5,Peak-aware,Greedy,34,14.083478,14.083478,37.436268,100.0,57.512005,496.5286,11.786265,32.03627,0.0,23.287277,0.3035393,4.2092240000000025,0.42092240000000025
Vienna,0.5,Peak-aware,Greedy,35,18.121243,18.121243,48.16378,100.0,72.86137,471.45312,13.465061,34.615063,0.0,26.294312,0.34685633,4.2092240000000025,0.42092240000000025
Vienna,0.5,Peak-aware,Greedy,36,17.975039,17.975039,47.8052,100.0,71.25143,514.2788,12.662156,34.81216,0.0,24.998665,0.21347284,4.2092240000000025,0.42092240000000025
Vienna,0.5,Peak-aware,Greedy,37,18.058012,18.058012,48.155533,100.0,68.18637,516.7579,10.817546,31.517551,0.0,23.32748,0.4145978,4.2092240000000025,0.42092240000000025
Vienna,0.5,Peak-aware,Greedy,38,17.43402,22.43402,46.199596,95.0,66.954414,513.4464,11.944032,33.891403,1.0,23.56402,0.20590036,4.2092240000000025,0.42092240000000025
Vienna,0.5,Peak-aware,Greedy,39,15.508836,15.508836,41.296936,100.0,65.94092,497.618,10.969307,31.619303,0.0,24.061674,0.2408758,4.2092240000000025,0.42092240000000025
Vienna,0.5,Peak-aware,Greedy,40,13.7075615,18.707561,36.501938,95.0,55.9741,508.37265,9.70569,29.547796,1.0,21.292162,0.20600753,4.2092240000000025,0.42092240000000025
Vienna,0.5,Peak-aware,Greedy,41,16.745337,16.745337,44.354355,100.0,69.9724,505.97952,10.301448,27.351448,0.0,20.305782,0.2451849,4.2092240000000025,0.42092240000000025
Vienna,0.5,Peak-aware,Greedy,42,14.42664,14.42664,38.456024,100.0,60.09451,503.6407,10.7508,31.850803,0.0,23.930477,0.38242292,4.2092240000000025,0.42092240000000025
Vienna,0.5,Peak-aware,Greedy,43,15.085866,15.085866,40.087265,100.0,62.80096,447.0364,11.097924,31.747921,0.0,26.608625,0.3348157,4.2092240000000025,0.42092240000000025
Vienna,0.5,Peak-aware,Greedy,44,16.180738,16.180738,43.038956,100.0,64.29061,516.2769,14.346702,34.546703,0.0,22.676327,0.3102905,4.2092240000000025,0.42092240000000025
Vienna,0.5,Peak-aware,Greedy,45,13.663751,13.663751,36.199486,100.0,53.09846,511.0063,10.705079,31.905077,0.0,23.341127,0.24706082,4.2092240000000025,0.42092240000000025
Vienna,0.5,Peak-aware,Greedy,46,17.241827,17.241827,45.964478,100.0,68.90016,505.4286,11.737468,31.637466,0.0,23.094269,0.3831937,4.2092240000000025,0.42092240000000025
Vienna,0.5,Peak-aware,Greedy,47,17.625534,17.625534,46.72567,100.0,67.24219,499.98572,12.223695,32.523697,0.0,23.662785,0.16356006,4.2092240000000025,0.42092240000000025
Vienna,0.5,Peak-aware,Greedy,48,14.333178,14.333178,38.02189,100.0,57.065018,505.12134,11.035361,29.485363,0.0,21.087263,0.22037165,4.2092240000000025,0.42092240000000025
Vienna,0.5,Peak-aware,Greedy,49,13.152188,13.152188,34.95703,100.0,53.192787,501.70093,10.548418,30.898422,0.0,22.931631,0.10645275,4.2092240000000025,0.42092240000000025
Vienna,0.5,Peak-aware,Greedy,50,17.711763,17.711763,47.177246,100.0,69.5162,509.9306,11.282538,34.28254,0.0,25.960209,0.35939226,4.2092240000000025,0.42092240000000025
Vienna,0.5,Peak-aware,Greedy,51,13.204646,13.204646,35.00015,100.0,52.12648,499.53717,11.248776,33.598774,0.0,24.979448,0.18630654,4.2092240000000025,0.42092240000000025
Vienna,0.5,Peak-aware,Greedy,52,17.97022,17.97022,47.79608,100.0,68.24376,508.39926,11.526058,33.27606,0.0,24.746483,0.32057083,4.2092240000000025,0.42092240000000025
Vienna,0.5,Peak-aware,Greedy,53,13.187711,18.18771,34.94196,95.0,53.9733,506.6367,10.942994,29.995628,1.0,20.526213,0.29381135,4.2092240000000025,0.42092240000000025
Vienna,0.5,Peak-aware,Greedy,54,13.711233,13.711233,36.44619,100.0,54.340416,506.3103,11.437704,33.0377,0.0,24.01395,0.2629505,4.2092240000000025,0.42092240000000025
Vienna,0.5,Peak-aware,Greedy,55,13.3531685,13.3531685,35.51873,100.0,53.086117,505.4369,12.132053,34.182053,0.0,24.438566,0.41708788,4.2092240000000025,0.42092240000000025
Vienna,0.5,Peak-aware,Greedy,56,17.286255,17.286255,45.772938,100.0,69.66946,509.88974,10.625279,32.775284,0.0,25.13629,0.39080048,4.2092240000000025,0.42092240000000025
Vienna,0.5,Peak-aware,Greedy,57,17.828075,17.828075,47.532684,100.0,68.82772,512.39557,12.304112,33.55411,0.0,24.094067,0.3224372,4.2092240000000025,0.42092240000000025
Vienna,0.5,Peak-aware,Greedy,58,17.144573,17.144573,45.410633,100.0,68.25429,470.4802,11.274857,32.67486,0.0,26.369562,0.19789617,4.2092240000000025,0.42092240000000025
Vienna,0.5,Peak-aware,Greedy,59,20.189638,20.189638,53.679733,100.0,82.05295,461.4703,11.049497,31.949493,0.0,27.090202,0.3952976,4.2092240000000025,0.42092240000000025
Vienna,0.5,Peak-aware,Greedy,60,21.080938,21.080938,56.171494,100.0,80.717064,502.72223,11.695903,32.945904,0.0,25.148932,0.480822,4.2092240000000025,0.42092240000000025
Vienna,0.5,Peak-aware,Greedy,61,15.915976,15.915976,42.27486,100.0,64.67333,502.66605,10.337524,32.287525,0.0,25.050095,0.48168832,4.2092240000000025,0.42092240000000025
Vienna,0.5,Peak-aware,Greedy,62,15.176761,15.176761,40.392456,100.0,58.66741,468.3048,11.382231,32.38223,0.0,25.553198,0.28304055,4.2092240000000025,0.42092240000000025
Vienna,0.5,Peak-aware,Greedy,63,19.64433,19.64433,52.282997,100.0,74.070244,469.9552,12.14596,34.095963,0.0,27.293573,0.21105856,4.2092240000000025,0.42092240000000025
Vienna,0.5,Peak-aware,Greedy,64,16.41461,16.41461,43.425144,100.0,66.72004,513.77423,10.084808,28.68481,0.0,21.3479,0.26323095,4.2092240000000025,0.42092240000000025
Vienna,0.5,Peak-aware,Greedy,65,17.034433,17.034433,45.277634,100.0,73.67482,468.35666,11.515387,33.21538,0.0,27.098728,0.30142707,4.2092240000000025,0.42092240000000025
Vienna,0.5,Peak-aware,Greedy,66,13.892538,13.892538,37.067253,100.0,59.634796,517.36774,10.185622,31.635622,0.0,23.61158,0.14061032,4.2092240000000025,0.42092240000000025
Vienna,0.5,Peak-aware,Greedy,67,12.887463,12.887463,34.122337,100.0,54.855186,495.49838,12.03033,34.180332,0.0,25.11891,0.19921742,4.2092240000000025,0.42092240000000025
Vienna,0.5,Peak-aware,Greedy,68,13.473341,13.473341,35.710358,100.0,56.246773,513.10785,10.753543,30.65354,0.0,22.13213,0.29843226,4.2092240000000025,0.42092240000000025
Vienna,0.5,Peak-aware,Greedy,69,14.272136,14.272136,37.830967,100.0,55.016365,451.82004,12.74778,32.44778,0.0,24.844868,0.17767881,4.2092240000000025,0.42092240000000025
Vienna,0.5,Peak-aware,Greedy,70,12.496358,12.496358,33.143944,100.0,51.78089,506.47116,9.706949,31.806948,0.0,24.373594,0.19301158,4.2092240000000025,0.42092240000000025
Vienna,0.5,Peak-aware,Greedy,71,16.723904,16.723904,44.34141,100.0,67.70689,461.82886,9.721478,30.671482,0.0,26.346714,0.40332842,4.2092240000000025,0.42092240000000025
Vienna,0.5,Peak-aware,Greedy,72,13.517494,13.517494,36.014576,100.0,54.92599,504.8676,10.283805,28.933805,0.0,21.19001,0.2611011,4.2092240000000025,0.42092240000000025
Vienna,0.5,Peak-aware,Greedy,73,16.668661,16.668661,44.44427,100.0,70.13547,517.91724,11.538811,35.13881,0.0,26.16902,0.1839196,4.2092240000000025,0.42092240000000025
Vienna,0.5,Peak-aware,Greedy,74,18.45242,18.45242,48.909424,100.0,70.92049,502.2096,10.785813,28.935814,0.0,21.600569,0.368545,4.2092240000000025,0.42092240000000025
Vienna,0.5,Peak-aware,Greedy,75,14.716723,14.716723,39.027733,100.0,58.759262,504.13016,10.845848,30.945847,0.0,22.84922,0.4211625,4.2092240000000025,0.42092240000000025
Vienna,0.5,Peak-aware,Greedy,76,14.849168,14.849168,39.398224,100.0,63.024273,450.22314,11.387674,31.687677,0.0,26.04399,0.454932,4.2092240000000025,0.42092240000000025
Vienna,0.5,Peak-aware,Greedy,77,16.016466,16.016466,42.5191,100.0,66.829926,505.56268,11.723469,33.323467,0.0,24.667067,0.339623,4.2092240000000025,0.42092240000000025
Vienna,0.5,Peak-aware,Greedy,78,14.041547,14.041547,37.397892,100.0,58.861725,502.9628,10.547506,30.197504,0.0,22.46,0.28515214,4.2092240000000025,0.42092240000000025
Vienna,0.5,Peak-aware,Greedy,79,16.781898,16.781898,44.61406,100.0,66.51145,514.9534,12.644088,32.344086,0.0,22.356947,0.24061063,4.2092240000000025,0.42092240000000025
Vienna,0.5,Peak-aware,Greedy,80,18.56375,18.56375,49.380062,100.0,74.62317,511.15533,12.909439,36.20944,0.0,26.441235,0.35214466,4.2092240000000025,0.42092240000000025
Vienna,0.5,Peak-aware,Greedy,81,16.949461,16.949461,45.096428,100.0,65.522514,505.82828,10.613896,29.863895,0.0,22.266573,0.34507614,4.2092240000000025,0.42092240000000025
Vienna,0.5,Peak-aware,Greedy,82,17.288887,17.288887,45.889847,100.0,67.38757,502.81317,10.831064,29.981066,0.0,22.393389,0.37197888,4.2092240000000025,0.42092240000000025
Vienna,0.5,Peak-aware,Greedy,83,16.78452,16.78452,44.612297,100.0,65.996895,497.15024,13.40168,34.60168,0.0,24.640282,0.20616436,4.2092240000000025,0.42092240000000025
Vienna,0.5,Peak-aware,Greedy,84,14.402044,14.402044,38.267006,100.0,60.32225,512.48474,9.887225,28.837227,0.0,21.430992,0.6074121,4.2092240000000025,0.42092240000000025
Vienna,0.5,Peak-aware,Greedy,85,15.619134,15.619134,41.51771,100.0,63.49987,516.18976,11.908719,33.40872,0.0,23.901087,0.19167991,4.2092240000000025,0.42092240000000025
Vienna,0.5,Peak-aware,Greedy,86,17.538197,17.538197,46.54933,100.0,68.96695,505.93414,10.571653,29.371653,0.0,21.987396,0.46141204,4.2092240000000025,0.42092240000000025
Vienna,0.5,Peak-aware,Greedy,87,13.73035,13.73035,36.51613,100.0,55.570923,512.60144,9.930186,29.680185,0.0,21.974718,0.2638834,4.2092240000000025,0.42092240000000025
Vienna,0.5,Peak-aware,Greedy,88,17.682041,17.682041,46.83567,100.0,78.54537,512.09814,11.002706,31.602709,0.0,23.94782,0.28802308,4.2092240000000025,0.42092240000000025
Vienna,0.5,Peak-aware,Greedy,89,19.046558,19.046558,50.63034,100.0,73.17711,514.9975,10.937874,29.637875,0.0,21.70773,0.17654526,4.2092240000000025,0.42092240000000025
Vienna,0.5,Peak-aware,Greedy,90,15.401212,15.401212,40.90181,100.0,66.04213,503.87518,12.745914,33.345917,0.0,23.718279,0.06711069,4.2092240000000025,0.42092240000000025
Vienna,0.5,Peak-aware,Greedy,91,16.87653,16.87653,44.82314,100.0,68.86037,513.0411,9.422514,29.472513,0.0,22.895844,0.23474275,4.2092240000000025,0.42092240000000025
Vienna,0.5,Peak-aware,Greedy,92,17.606834,17.606834,46.76381,100.0,70.482254,499.79535,13.03781,34.83781,0.0,25.334482,0.2086015,4.2092240000000025,0.42092240000000025
Vienna,0.5,Peak-aware,Greedy,93,18.50798,18.50798,48.737034,100.0,80.73576,460.33313,9.051353,27.801355,0.0,24.750322,0.24105169,4.2092240000000025,0.42092240000000025
Vienna,0.5,Peak-aware,Greedy,94,13.816911,13.816911,36.63975,100.0,55.724724,455.57455,9.505241,29.755245,0.0,25.282618,0.33946288,4.2092240000000025,0.42092240000000025
Vienna,0.5,Peak-aware,Greedy,95,16.387224,16.387224,43.608543,100.0,67.716515,502.36038,11.74432,32.844322,0.0,24.370775,0.26896057,4.2092240000000025,0.42092240000000025
Vienna,0.5,Peak-aware,Greedy,96,15.514358,15.514358,41.27759,100.0,62.978344,497.2622,11.635745,32.73574,0.0,24.382425,0.44907156,4.2092240000000025,0.42092240000000025
Vienna,0.5,Peak-aware,Greedy,97,14.65601,14.65601,39.132927,100.0,57.824833,498.94427,9.320271,27.92027,0.0,21.536716,0.10637361,4.2092240000000025,0.42092240000000025
Vienna,0.5,Peak-aware,Greedy,98,15.897513,15.897513,42.306385,100.0,62.026005,502.9498,14.471038,36.621037,0.0,25.103203,0.20099723,4.2092240000000025,0.42092240000000025
Vienna,0.5,Peak-aware,Greedy,99,15.726906,15.726906,41.833603,100.0,59.437202,506.13327,8.974023,25.724024,0.0,19.482874,0.3510733,4.2092240000000025,0.42092240000000025
Vienna,0.75,Off-peak,DVNDA,0,18.095919,18.095919,48.044243,100.0,72.77638,510.38205,18.364462,38.514465,0.0,23.304914,0.19386265,3.3677989999999975,0.33677989999999974
Vienna,0.75,Off-peak,DVNDA,1,17.073313,17.073313,45.295887,100.0,64.62594,530.3351,23.560558,43.460556,0.0,21.808191,0.6026235,3.3677989999999975,0.33677989999999974
Vienna,0.75,Off-peak,DVNDA,2,12.693218,12.693218,33.69034,100.0,48.74646,541.4883,36.89165,59.491646,0.0,23.118986,0.58687156,3.3677989999999975,0.33677989999999974
Vienna,0.75,Off-peak,DVNDA,3,12.643256,12.643256,33.63974,100.0,48.335297,516.5771,21.478144,39.82814,0.0,20.100359,0.703311,3.3677989999999975,0.33677989999999974
Vienna,0.75,Off-peak,DVNDA,4,19.559284,19.559284,52.10147,100.0,76.65141,541.06335,23.209063,44.55906,0.0,23.271366,0.33662748,3.3677989999999975,0.33677989999999974
Vienna,0.75,Off-peak,DVNDA,5,13.753429,13.753429,36.594585,100.0,48.7299,506.46265,22.522055,43.072052,0.0,22.693178,0.3230378,3.3677989999999975,0.33677989999999974
Vienna,0.75,Off-peak,DVNDA,6,16.369295,16.369295,43.418877,100.0,64.064896,547.80786,25.022816,45.77282,0.0,21.862816,0.59335905,3.3677989999999975,0.33677989999999974
Vienna,0.75,Off-peak,DVNDA,7,13.813407,13.813407,36.72463,100.0,51.865215,511.29462,17.673178,36.72318,0.0,21.165154,0.49418056,3.3677989999999975,0.33677989999999974
Vienna,0.75,Off-peak,DVNDA,8,14.815305,14.815305,39.35701,100.0,56.368954,523.08954,28.256094,49.956097,0.0,23.436186,0.6067031,3.3677989999999975,0.33677989999999974
Vienna,0.75,Off-peak,DVNDA,9,15.199302,15.199302,40.33987,100.0,52.908936,537.62006,18.489162,37.38916,0.0,20.037798,0.6376508,3.3677989999999975,0.33677989999999974
Vienna,0.75,Off-peak,DVNDA,10,14.623351,14.623351,38.818085,100.0,56.298374,502.74347,23.125578,46.375584,0.0,25.922684,0.50264704,3.3677989999999975,0.33677989999999974
Vienna,0.75,Off-peak,DVNDA,11,16.387707,16.387707,43.57403,100.0,66.165276,498.86053,21.845308,42.99531,0.0,24.514126,0.21169399,3.3677989999999975,0.33677989999999974
Vienna,0.75,Off-peak,DVNDA,12,19.063543,19.063543,50.61944,100.0,75.98143,510.29578,21.110573,42.110573,0.0,24.298721,0.4119188,3.3677989999999975,0.33677989999999974
Vienna,0.75,Off-peak,DVNDA,13,16.336594,16.336594,43.343468,100.0,65.057236,523.5622,33.68257,52.88257,0.0,21.442396,0.67359406,3.3677989999999975,0.33677989999999974
Vienna,0.75,Off-peak,DVNDA,14,14.176996,14.176996,37.68348,100.0,54.084194,501.13245,25.571957,44.221954,0.0,21.305952,0.53057486,3.3677989999999975,0.33677989999999974
Vienna,0.75,Off-peak,DVNDA,15,16.43246,16.43246,43.606388,100.0,60.025658,501.98154,27.625397,46.725395,0.0,22.014044,0.32005727,3.3677989999999975,0.33677989999999974
Vienna,0.75,Off-peak,DVNDA,16,13.9158325,13.9158325,37.066853,100.0,56.011944,559.7838,30.2497,53.999695,0.0,23.715044,0.6168191,3.3677989999999975,0.33677989999999974
Vienna,0.75,Off-peak,DVNDA,17,17.860153,17.860153,47.334473,100.0,74.571526,525.8428,24.044401,43.6944,0.0,22.229631,0.395382,3.3677989999999975,0.33677989999999974
Vienna,0.75,Off-peak,DVNDA,18,15.503876,15.503876,41.287594,100.0,61.85293,483.5544,18.601934,38.05194,0.0,23.309317,0.36393005,3.3677989999999975,0.33677989999999974
Vienna,0.75,Off-peak,DVNDA,19,13.354454,13.354454,35.52532,100.0,50.55494,519.09827,28.181238,50.53124,0.0,23.962467,0.46847036,3.3677989999999975,0.33677989999999974
Vienna,0.75,Off-peak,DVNDA,20,16.787298,16.787298,44.614475,100.0,66.11692,516.29706,20.61118,42.711178,0.0,24.603909,0.6342297,3.3677989999999975,0.33677989999999974
Vienna,0.75,Off-peak,DVNDA,21,12.935143,12.935143,34.22042,100.0,47.73226,511.7514,26.167517,46.017525,0.0,21.725996,0.70272005,3.3677989999999975,0.33677989999999974
Vienna,0.75,Off-peak,DVNDA,22,15.115323,15.115323,40.144886,100.0,59.02496,509.5043,15.609166,35.15917,0.0,22.081509,0.40564534,3.3677989999999975,0.33677989999999974
Vienna,0.75,Off-peak,DVNDA,23,17.52154,17.52154,46.54383,100.0,64.199615,517.70593,20.293032,41.49303,0.0,23.575138,0.6301873,3.3677989999999975,0.33677989999999974
Vienna,0.75,Off-peak,DVNDA,24,17.23854,17.23854,45.91045,100.0,62.752605,514.0238,21.003649,42.00365,0.0,23.479103,0.37137634,3.3677989999999975,0.33677989999999974
Vienna,0.75,Off-peak,DVNDA,25,13.641138,13.641138,36.16803,100.0,53.26749,539.08484,24.86297,46.26297,0.0,22.318727,0.59672654,3.3677989999999975,0.33677989999999974
Vienna,0.75,Off-peak,DVNDA,26,17.980024,17.980024,47.558735,100.0,70.46198,547.0673,27.257328,51.10733,0.0,25.018034,0.38368562,3.3677989999999975,0.33677989999999974
Vienna,0.75,Off-peak,DVNDA,27,18.607872,18.607872,49.273777,100.0,70.001,511.01794,18.21792,39.26792,0.0,24.020727,0.4153639,3.3677989999999975,0.33677989999999974
Vienna,0.75,Off-peak,DVNDA,28,15.18304,15.18304,40.294422,100.0,57.81489,507.69934,16.816483,35.61648,0.0,21.361801,0.46829575,3.3677989999999975,0.33677989999999974
Vienna,0.75,Off-peak,DVNDA,29,13.720887,13.720887,36.36944,100.0,51.595318,514.77954,15.749878,36.799873,0.0,22.951347,0.5452473,3.3677989999999975,0.33677989999999974
Vienna,0.75,Off-peak,DVNDA,30,17.105085,17.105085,45.343994,100.0,69.149376,512.1482,23.010695,44.610695,0.0,24.463104,0.25746685,3.3677989999999975,0.33677989999999974
Vienna,0.75,Off-peak,DVNDA,31,15.271334,15.271334,40.56372,100.0,60.513496,521.8338,16.509739,34.50974,0.0,20.14595,0.27152628,3.3677989999999975,0.33677989999999974
Vienna,0.75,Off-peak,DVNDA,32,15.300719,15.300719,40.502705,100.0,56.82442,510.51196,22.872952,46.122948,0.0,25.553978,0.60004014,3.3677989999999975,0.33677989999999974
Vienna,0.75,Off-peak,DVNDA,33,17.016674,17.016674,45.22216,100.0,71.28782,514.0387,21.946001,41.596004,0.0,22.580397,0.42915213,3.3677989999999975,0.33677989999999974
Vienna,0.75,Off-peak,DVNDA,34,16.887884,16.887884,44.77091,100.0,64.07128,505.7025,25.060812,45.310818,0.0,23.18909,0.6052725,3.3677989999999975,0.33677989999999974
Vienna,0.75,Off-peak,DVNDA,35,16.226332,16.226332,43.074875,100.0,63.794827,484.02127,21.70323,42.853233,0.0,25.143257,0.30064103,3.3677989999999975,0.33677989999999974
Vienna,0.75,Off-peak,DVNDA,36,19.01984,19.01984,50.728565,100.0,73.05509,550.1008,28.886297,51.036297,0.0,23.452755,0.26536193,3.3677989999999975,0.33677989999999974
Vienna,0.75,Off-peak,DVNDA,37,14.904796,14.904796,39.640697,100.0,54.487446,514.915,18.509792,39.209793,0.0,22.745867,0.42944863,3.3677989999999975,0.33677989999999974
Vienna,0.75,Off-peak,DVNDA,38,17.251085,17.251085,45.81294,100.0,61.47779,528.094,30.881638,53.181633,0.0,24.024023,0.44003308,3.3677989999999975,0.33677989999999974
Vienna,0.75,Off-peak,DVNDA,39,18.237143,18.237143,48.370274,100.0,72.1474,498.1049,21.807838,42.457844,0.0,24.349663,0.38020548,3.3677989999999975,0.33677989999999974
Vienna,0.75,Off-peak,DVNDA,40,13.6004925,13.6004925,36.08121,100.0,51.15286,535.6073,15.671043,35.771046,0.0,21.151358,0.2215485,3.3677989999999975,0.33677989999999974
Vienna,0.75,Off-peak,DVNDA,41,16.413889,16.413889,43.522472,100.0,64.84157,503.05435,16.744398,33.794395,0.0,20.168877,0.48983732,3.3677989999999975,0.33677989999999974
Vienna,0.75,Off-peak,DVNDA,42,15.58462,15.58462,41.434822,100.0,58.858097,502.93423,28.224731,49.324734,0.0,23.902637,0.5606289,3.3677989999999975,0.33677989999999974
Vienna,0.75,Off-peak,DVNDA,43,12.367785,12.367785,32.88182,100.0,48.975964,483.6461,15.358597,36.0086,0.0,23.879856,0.5238027,3.3677989999999975,0.33677989999999974
Vienna,0.75,Off-peak,DVNDA,44,13.846377,13.846377,36.750626,100.0,54.071884,516.2769,22.716307,42.916306,0.0,22.181501,0.7583596,3.3677989999999975,0.33677989999999974
Vienna,0.75,Off-peak,DVNDA,45,14.550893,14.550893,38.6432,100.0,54.073555,520.7194,20.694162,41.894165,0.0,22.952553,0.8303566,3.3677989999999975,0.33677989999999974
Vienna,0.75,Off-peak,DVNDA,46,16.343714,16.343714,43.507736,100.0,61.44945,522.1703,31.313864,51.21386,0.0,21.997108,0.7159621,3.3677989999999975,0.33677989999999974
Vienna,0.75,Off-peak,DVNDA,47,17.887081,17.887081,47.320576,100.0,63.910282,512.84784,24.496391,44.796394,0.0,22.906904,0.31283906,3.3677989999999975,0.33677989999999974
Vienna,0.75,Off-peak,DVNDA,48,15.42016,15.42016,40.94046,100.0,56.66414,518.02484,17.748325,36.198326,0.0,20.542645,0.43327338,3.3677989999999975,0.33677989999999974
Vienna,0.75,Off-peak,DVNDA,49,13.36726,13.36726,35.41453,100.0,50.79669,500.8945,15.198317,35.548317,0.0,22.848955,0.49170795,3.3677989999999975,0.33677989999999974
Vienna,0.75,Off-peak,DVNDA,50,14.601588,14.601588,38.89079,100.0,55.25276,553.7982,31.820852,54.82085,0.0,23.259953,0.68026936,3.3677989999999975,0.33677989999999974
Vienna,0.75,Off-peak,DVNDA,51,12.99784,12.99784,34.547215,100.0,50.636852,499.9708,24.180378,46.530384,0.0,24.883295,0.59977424,3.3677989999999975,0.33677989999999974
Vienna,0.75,Off-peak,DVNDA,52,18.277891,18.277891,48.60782,100.0,67.67293,508.39926,23.153166,44.903168,0.0,24.71841,0.2702914,3.3677989999999975,0.33677989999999974
Vienna,0.75,Off-peak,DVNDA,53,17.095608,17.095608,45.23475,100.0,65.10346,533.1304,17.544186,36.844185,0.0,21.153522,0.2064858,3.3677989999999975,0.33677989999999974
Vienna,0.75,Off-peak,DVNDA,54,14.564427,14.564427,38.837105,100.0,57.016453,506.59772,22.647154,44.247154,0.0,24.132383,0.5342996,3.3677989999999975,0.33677989999999974
Vienna,0.75,Off-peak,DVNDA,55,13.777859,13.777859,36.612804,100.0,50.31708,506.87198,11.061412,33.111412,0.0,24.2328,0.66988313,3.3677989999999975,0.33677989999999974
Vienna,0.75,Off-peak,DVNDA,56,17.721182,17.721182,46.94716,100.0,69.07564,510.19873,21.065786,43.215786,0.0,25.091972,0.4084284,3.3677989999999975,0.33677989999999974
Vienna,0.75,Off-peak,DVNDA,57,16.398975,16.398975,43.689983,100.0,62.100647,514.54517,30.950537,52.20054,0.0,23.666561,0.32176182,3.3677989999999975,0.33677989999999974
Vienna,0.75,Off-peak,DVNDA,58,15.148202,15.148202,40.088993,100.0,59.458466,499.13654,20.811783,42.21178,0.0,24.415083,0.31719428,3.3677989999999975,0.33677989999999974
Vienna,0.75,Off-peak,DVNDA,59,16.884064,16.884064,44.947186,100.0,62.420597,523.41254,29.8122,50.712204,0.0,22.946558,0.63241273,3.3677989999999975,0.33677989999999974
Vienna,0.75,Off-peak,DVNDA,60,17.70434,17.70434,47.03996,100.0,65.877235,512.11346,35.280945,56.530945,0.0,23.963306,0.5793532,3.3677989999999975,0.33677989999999974
Vienna,0.75,Off-peak,DVNDA,61,16.580265,16.580265,44.16424,100.0,64.020905,511.01416,38.45381,60.40381,0.0,24.608952,0.6995288,3.3677989999999975,0.33677989999999974
Vienna,0.75,Off-peak,DVNDA,62,15.669772,15.669772,41.7057,100.0,56.778572,496.20633,25.32049,46.320488,0.0,24.021187,0.30510324,3.3677989999999975,0.33677989999999974
Vienna,0.75,Off-peak,DVNDA,63,22.062096,22.062096,58.67063,100.0,77.32444,542.44403,18.324348,40.274345,0.0,23.796207,0.35638666,3.3677989999999975,0.33677989999999974
Vienna,0.75,Off-peak,DVNDA,64,17.739147,17.739147,47.1383,100.0,67.25778,530.2184,19.240786,37.84079,0.0,20.71117,0.22884542,3.3677989999999975,0.33677989999999974
Vienna,0.75,Off-peak,DVNDA,65,17.150976,17.150976,45.54911,100.0,70.91566,491.68494,19.024052,40.724052,0.0,25.672722,0.50080365,3.3677989999999975,0.33677989999999974
Vienna,0.75,Off-peak,DVNDA,66,15.212827,15.212827,40.567223,100.0,66.87692,576.65424,34.61303,56.063026,0.0,21.498016,0.1594807,3.3677989999999975,0.33677989999999974
Vienna,0.75,Off-peak,DVNDA,67,15.977975,15.977975,42.40995,100.0,61.940304,495.49832,27.542334,49.69233,0.0,25.47639,0.7530333,3.3677989999999975,0.33677989999999974
Vienna,0.75,Off-peak,DVNDA,68,14.421285,14.421285,38.337193,100.0,56.972473,561.21185,26.690557,46.590557,0.0,20.26741,0.6718875,3.3677989999999975,0.33677989999999974
Vienna,0.75,Off-peak,DVNDA,69,16.944662,16.944662,44.92752,100.0,63.095898,484.2032,22.987446,42.687447,0.0,23.60041,0.33602044,3.3677989999999975,0.33677989999999974
Vienna,0.75,Off-peak,DVNDA,70,15.513408,15.513408,41.121647,100.0,58.09672,524.44574,25.143414,47.24341,0.0,23.839298,0.42487547,3.3677989999999975,0.33677989999999974
Vienna,0.75,Off-peak,DVNDA,71,14.116014,14.116014,37.43804,100.0,52.354195,512.3317,27.097012,48.04701,0.0,23.00044,0.5895825,3.3677989999999975,0.33677989999999974
Vienna,0.75,Off-peak,DVNDA,72,13.456367,13.456367,35.91907,100.0,50.717926,529.0236,18.263235,36.91323,0.0,20.023579,0.40007594,3.3677989999999975,0.33677989999999974
Vienna,0.75,Off-peak,DVNDA,73,15.685914,15.685914,41.821205,100.0,65.040375,545.85614,22.81131,46.41131,0.0,24.596241,0.26968813,3.3677989999999975,0.33677989999999974
Vienna,0.75,Off-peak,DVNDA,74,17.124893,17.124893,45.43818,100.0,63.741154,514.5648,24.47487,42.62487,0.0,20.73311,0.6062732,3.3677989999999975,0.33677989999999974
Vienna,0.75,Off-peak,DVNDA,75,11.524685,11.524685,30.623543,100.0,45.740784,502.93423,15.8688965,35.968903,0.0,22.25643,0.5119795,3.3677989999999975,0.33677989999999974
Vienna,0.75,Off-peak,DVNDA,76,16.60697,16.60697,44.051586,100.0,64.61642,509.09015,21.297102,41.5971,0.0,23.110666,0.25590524,3.3677989999999975,0.33677989999999974
Vienna,0.75,Off-peak,DVNDA,77,19.854551,19.854551,52.74724,100.0,77.000755,523.9454,21.82764,43.427643,0.0,24.286922,0.24587591,3.3677989999999975,0.33677989999999974
Vienna,0.75,Off-peak,DVNDA,78,16.720129,16.720129,44.469093,100.0,67.15881,530.56415,21.874043,41.52404,0.0,21.682524,0.6568827,3.3677989999999975,0.33677989999999974
Vienna,0.75,Off-peak,DVNDA,79,16.023197,16.023197,42.61586,100.0,58.72117,580.1743,22.899906,42.599903,0.0,19.50798,0.2309476,3.3677989999999975,0.33677989999999974
Vienna,0.75,Off-peak,DVNDA,80,17.072985,17.072985,45.33222,100.0,63.98499,511.1724,17.080439,40.38044,0.0,25.920069,0.36503676,3.3677989999999975,0.33677989999999974
Vienna,0.75,Off-peak,DVNDA,81,14.686033,14.686033,39.047592,100.0,56.68431,507.64487,25.405752,44.655746,0.0,21.751638,0.7268411,3.3677989999999975,0.33677989999999974
Vienna,0.75,Off-peak,DVNDA,82,16.397379,16.397379,43.755733,100.0,62.11683,539.29,24.098612,43.248608,0.0,20.634392,0.58557546,3.3677989999999975,0.33677989999999974
Vienna,0.75,Off-peak,DVNDA,83,16.755695,16.755695,44.454918,100.0,64.539764,531.56525,14.952139,36.152138,0.0,22.976477,0.15074505,3.3677989999999975,0.33677989999999974
Vienna,0.75,Off-peak,DVNDA,84,16.720694,16.720694,44.457577,100.0,62.523045,531.26184,24.657423,43.60742,0.0,20.77709,0.71435875,3.3677989999999975,0.33677989999999974
Vienna,0.75,Off-peak,DVNDA,85,15.147867,15.147867,40.372322,100.0,56.53776,516.18976,20.056543,41.55654,0.0,23.563896,0.26374725,3.3677989999999975,0.33677989999999974
Vienna,0.75,Off-peak,DVNDA,86,17.196535,17.196535,45.66625,100.0,65.29018,524.4377,28.777472,47.577473,0.0,21.036348,0.60993046,3.3677989999999975,0.33677989999999974
Vienna,0.75,Off-peak,DVNDA,87,18.947224,18.947224,50.294785,100.0,67.16935,529.84515,14.92421,34.674206,0.0,21.806808,0.29211882,3.3677989999999975,0.33677989999999974
Vienna,0.75,Off-peak,DVNDA,88,17.436916,17.436916,46.435253,100.0,71.8307,514.3693,21.24144,41.84144,0.0,23.515724,0.43255675,3.3677989999999975,0.33677989999999974
Vienna,0.75,Off-peak,DVNDA,89,18.400053,18.400053,49.03408,100.0,70.08869,542.7912,16.45764,35.157642,0.0,20.453936,0.3199019,3.3677989999999975,0.33677989999999974
Vienna,0.75,Off-peak,DVNDA,90,14.631351,14.631351,38.890846,100.0,56.022274,535.0131,20.456451,41.056454,0.0,21.869663,0.32263657,3.3677989999999975,0.33677989999999974
Vienna,0.75,Off-peak,DVNDA,91,14.23162,14.23162,37.66359,100.0,57.251747,534.0157,24.91289,44.96289,0.0,21.453098,0.62146735,3.3677989999999975,0.33677989999999974
Vienna,0.75,Off-peak,DVNDA,92,17.100029,17.100029,45.40189,100.0,68.378296,499.9252,21.744883,43.544876,0.0,25.222689,0.32248846,3.3677989999999975,0.33677989999999974
Vienna,0.75,Off-peak,DVNDA,93,14.142494,14.142494,37.3192,100.0,58.35699,495.665,14.521362,33.27136,0.0,21.857353,0.13422792,3.3677989999999975,0.33677989999999974
Vienna,0.75,Off-peak,DVNDA,94,16.52825,16.52825,43.898968,100.0,58.938416,504.95367,22.075191,42.32519,0.0,22.969355,0.39557576,3.3677989999999975,0.33677989999999974
Vienna,0.75,Off-peak,DVNDA,95,17.903315,17.903315,47.647854,100.0,68.65724,519.0785,22.113108,43.213108,0.0,23.631172,0.4049463,3.3677989999999975,0.33677989999999974
Vienna,0.75,Off-peak,DVNDA,96,16.209051,16.209051,43.133984,100.0,58.915108,514.49615,25.360424,46.46042,0.0,23.36826,0.36654815,3.3677989999999975,0.33677989999999974
Vienna,0.75,Off-peak,DVNDA,97,13.646339,13.646339,36.32587,100.0,52.899216,498.94427,14.461523,33.061527,0.0,21.289917,0.40437227,3.3677989999999975,0.33677989999999974
Vienna,0.75,Off-peak,DVNDA,98,15.692093,15.692093,41.714558,100.0,56.835186,501.80374,24.404678,46.55468,0.0,24.901918,0.24461721,3.3677989999999975,0.33677989999999974
Vienna,0.75,Off-peak,DVNDA,99,16.425056,16.425056,43.597057,100.0,62.657963,507.15866,15.110606,31.860601,0.0,19.602242,0.54399574,3.3677989999999975,0.33677989999999974
Vienna,0.75,Off-peak,Greedy,0,19.97983,19.97983,53.087296,100.0,77.80263,513.51825,3.8901355,24.040134,0.0,23.40728,0.26419726,4.676552000000012,0.46765520000000116
Vienna,0.75,Off-peak,Greedy,1,17.327362,17.327362,46.05158,100.0,65.27242,508.85004,3.2577267,23.157728,0.0,22.760754,0.32635078,4.676552000000012,0.46765520000000116
Vienna,0.75,Off-peak,Greedy,2,15.323938,15.323938,40.71118,100.0,57.48296,514.3078,3.4935272,26.093527,0.0,24.765472,0.25558493,4.676552000000012,0.46765520000000116
Vienna,0.75,Off-peak,Greedy,3,14.6357155,14.6357155,38.91285,100.0,54.78683,499.6728,3.1373048,21.487307,0.0,21.103153,0.41025677,4.676552000000012,0.46765520000000116
Vienna,0.75,Off-peak,Greedy,4,14.536383,19.536383,38.609673,95.0,57.291,514.0936,3.2546003,24.096706,1.0,22.043213,0.29656002,4.676552000000012,0.46765520000000116
Vienna,0.75,Off-peak,Greedy,5,13.338121,13.338121,35.529682,100.0,48.101357,506.46265,3.1115556,23.661558,0.0,22.662155,0.33483082,4.676552000000012,0.46765520000000116
Vienna,0.75,Off-peak,Greedy,6,19.725657,19.725657,52.326817,100.0,74.21881,517.3427,3.7614503,24.511452,0.0,23.640944,0.4471763,4.676552000000012,0.46765520000000116
Vienna,0.75,Off-peak,Greedy,7,13.311374,13.311374,35.44977,100.0,50.277836,511.41788,2.885895,21.935896,0.0,21.082458,0.19704497,4.676552000000012,0.46765520000000116
Vienna,0.75,Off-peak,Greedy,8,15.018758,15.018758,39.962803,100.0,57.699066,509.5059,3.6822746,25.382275,0.0,24.12627,0.24184649,4.676552000000012,0.46765520000000116
Vienna,0.75,Off-peak,Greedy,9,13.987445,13.987445,37.101116,100.0,49.840225,508.807,2.6401985,21.5402,0.0,21.021732,0.46831828,4.676552000000012,0.46765520000000116
Vienna,0.75,Off-peak,Greedy,10,16.810726,16.810726,44.688107,100.0,62.999943,504.08713,3.1594427,26.409441,0.0,26.185947,0.32919165,4.676552000000012,0.46765520000000116
Vienna,0.75,Off-peak,Greedy,11,18.270388,18.270388,48.60314,100.0,71.382454,499.24954,3.6884716,24.83847,0.0,24.75628,0.21447383,4.676552000000012,0.46765520000000116
Vienna,0.75,Off-peak,Greedy,12,18.764227,18.764227,49.81545,100.0,75.73378,508.9175,3.5744555,24.574455,0.0,24.352365,0.09443812,4.676552000000012,0.46765520000000116
Vienna,0.75,Off-peak,Greedy,13,18.971298,18.971298,50.18937,100.0,74.241264,504.64966,3.6723104,22.87231,0.0,22.700962,0.35464734,4.676552000000012,0.46765520000000116
Vienna,0.75,Off-peak,Greedy,14,16.348032,16.348032,43.28607,100.0,59.850445,500.9733,3.651584,22.301584,0.0,21.600473,0.26079652,4.676552000000012,0.46765520000000116
Vienna,0.75,Off-peak,Greedy,15,17.940073,17.940073,47.599754,100.0,66.29859,499.43967,3.4142017,22.514202,0.0,22.440079,0.31956977,4.676552000000012,0.46765520000000116
Vienna,0.75,Off-peak,Greedy,16,17.505222,17.505222,46.56086,100.0,67.10291,514.7154,3.2257872,26.975788,0.0,26.33023,0.3218476,4.676552000000012,0.46765520000000116
Vienna,0.75,Off-peak,Greedy,17,18.106945,18.106945,48.137512,100.0,76.76287,519.53107,3.6286368,23.278639,0.0,22.60514,0.23970915,4.676552000000012,0.46765520000000116
Vienna,0.75,Off-peak,Greedy,18,17.49555,17.49555,46.5012,100.0,68.139015,468.06796,4.1850853,23.635086,0.0,24.416275,0.1987651,4.676552000000012,0.46765520000000116
Vienna,0.75,Off-peak,Greedy,19,13.793505,13.793505,36.628937,100.0,51.7601,513.3189,3.3395767,25.689577,0.0,24.290949,0.393272,4.676552000000012,0.46765520000000116
Vienna,0.75,Off-peak,Greedy,20,16.142916,16.142916,42.908295,100.0,61.56201,508.83093,3.3999455,25.499943,0.0,24.741127,0.377787,4.676552000000012,0.46765520000000116
Vienna,0.75,Off-peak,Greedy,21,15.561213,15.561213,41.150543,100.0,58.437546,511.6488,3.2363493,23.08635,0.0,22.253428,0.26846045,4.676552000000012,0.46765520000000116
Vienna,0.75,Off-peak,Greedy,22,17.302427,17.302427,46.02206,100.0,65.59761,511.82492,3.6187415,23.168741,0.0,22.302433,0.23259653,4.676552000000012,0.46765520000000116
Vienna,0.75,Off-peak,Greedy,23,15.967047,15.967047,42.378906,100.0,59.560658,516.89886,2.8082838,24.008286,0.0,23.387587,0.18242894,4.676552000000012,0.46765520000000116
Vienna,0.75,Off-peak,Greedy,24,16.0047,16.0047,42.62809,100.0,58.921227,513.0899,2.896484,23.896482,0.0,23.335154,0.27212083,4.676552000000012,0.46765520000000116
Vienna,0.75,Off-peak,Greedy,25,15.612787,15.612787,41.562935,100.0,60.514874,508.95374,3.508215,24.908215,0.0,23.996035,0.50831807,4.676552000000012,0.46765520000000116
Vienna,0.75,Off-peak,Greedy,26,17.543169,22.543169,46.422104,95.0,67.37911,517.0143,3.946651,27.894018,1.0,25.259417,0.1850865,4.676552000000012,0.46765520000000116
Vienna,0.75,Off-peak,Greedy,27,19.211699,19.211699,50.829857,100.0,71.10204,511.05127,3.4872587,24.537258,0.0,24.073027,0.27630413,4.676552000000012,0.46765520000000116
Vienna,0.75,Off-peak,Greedy,28,15.8221655,15.8221655,41.92408,100.0,60.310905,507.94464,2.914098,21.714098,0.0,21.474333,0.25827324,4.676552000000012,0.46765520000000116
Vienna,0.75,Off-peak,Greedy,29,15.555587,15.555587,41.28181,100.0,57.131565,516.71564,3.5283093,24.57831,0.0,23.133207,0.16310534,4.676552000000012,0.46765520000000116
Vienna,0.75,Off-peak,Greedy,30,17.307362,17.307362,45.96855,100.0,70.99587,511.23663,3.5256007,25.1256,0.0,24.597017,0.10968367,4.676552000000012,0.46765520000000116
Vienna,0.75,Off-peak,Greedy,31,16.668615,21.668615,44.230522,95.0,63.342503,507.60074,3.2162464,21.532036,1.0,20.259155,0.19999905,4.676552000000012,0.46765520000000116
Vienna,0.75,Off-peak,Greedy,32,17.565605,17.565605,46.519917,100.0,63.246708,505.91733,3.337635,26.587633,0.0,26.103413,0.30569842,4.676552000000012,0.46765520000000116
Vienna,0.75,Off-peak,Greedy,33,15.29816,15.29816,40.563866,100.0,64.901886,512.76965,3.6310732,23.281075,0.0,22.324932,0.13019654,4.676552000000012,0.46765520000000116
Vienna,0.75,Off-peak,Greedy,34,16.410414,16.410414,43.57823,100.0,62.963997,496.65225,3.3197465,23.569748,0.0,23.55592,0.27287585,4.676552000000012,0.46765520000000116
Vienna,0.75,Off-peak,Greedy,35,15.334908,15.334908,40.726322,100.0,61.739113,468.2455,3.7923396,24.94234,0.0,25.88061,0.27848017,4.676552000000012,0.46765520000000116
Vienna,0.75,Off-peak,Greedy,36,16.281624,21.281624,43.280636,95.0,61.35678,514.1962,4.0479555,26.784798,1.0,23.986797,0.38151708,4.676552000000012,0.46765520000000116
Vienna,0.75,Off-peak,Greedy,37,17.055521,17.055521,45.359924,100.0,61.684494,516.0965,3.3637784,24.063782,0.0,23.042421,0.36259222,4.676552000000012,0.46765520000000116
Vienna,0.75,Off-peak,Greedy,38,15.761189,20.761189,41.790005,95.0,57.78475,516.1577,3.6546845,26.496792,1.0,23.819502,0.0903942,4.676552000000012,0.46765520000000116
Vienna,0.75,Off-peak,Greedy,39,17.65367,17.65367,47.081635,100.0,70.63819,496.15585,3.4862053,24.136204,0.0,24.369268,0.227117,4.676552000000012,0.46765520000000116
Vienna,0.75,Off-peak,Greedy,40,13.9746065,18.974606,37.18047,95.0,52.99282,506.6878,3.0396419,22.829117,1.0,21.166529,0.16171765,4.676552000000012,0.46765520000000116
Vienna,0.75,Off-peak,Greedy,41,17.003479,17.003479,45.003788,100.0,66.01756,505.08237,3.340185,20.390186,0.0,20.146101,0.37705603,4.676552000000012,0.46765520000000116
Vienna,0.75,Off-peak,Greedy,42,13.313404,13.313404,35.49675,100.0,53.838146,502.89676,3.1026618,24.202662,0.0,23.654861,0.21309903,4.676552000000012,0.46765520000000116
Vienna,0.75,Off-peak,Greedy,43,14.629495,14.629495,38.83774,100.0,55.30694,447.0364,3.4299474,24.079947,0.0,26.18953,0.40828124,4.676552000000012,0.46765520000000116
Vienna,0.75,Off-peak,Greedy,44,15.886818,15.886818,42.24745,100.0,59.688057,516.2769,3.1725745,23.372576,0.0,22.453459,0.5788373,4.676552000000012,0.46765520000000116
Vienna,0.75,Off-peak,Greedy,45,14.627398,14.627398,38.751972,100.0,54.505875,511.0063,3.1108398,24.310839,0.0,23.409979,0.35096866,4.676552000000012,0.46765520000000116
Vienna,0.75,Off-peak,Greedy,46,18.16757,18.16757,48.375706,100.0,68.364075,505.22485,3.9996555,23.899656,0.0,23.077057,0.34745237,4.676552000000012,0.46765520000000116
Vienna,0.75,Off-peak,Greedy,47,18.120142,18.120142,48.026726,100.0,65.03939,511.40933,3.487987,23.787987,0.0,23.026535,0.24357413,4.676552000000012,0.46765520000000116
Vienna,0.75,Off-peak,Greedy,48,15.447405,15.447405,40.930416,100.0,55.942505,506.2453,3.2925837,21.742584,0.0,20.98501,0.30788073,4.676552000000012,0.46765520000000116
Vienna,0.75,Off-peak,Greedy,49,15.049425,15.049425,39.83494,100.0,56.65714,500.25232,3.3132205,23.66322,0.0,23.171164,0.2819219,4.676552000000012,0.46765520000000116
Vienna,0.75,Off-peak,Greedy,50,17.502274,17.502274,46.614586,100.0,64.41275,513.88135,3.175259,26.175259,0.0,25.512344,0.20504683,4.676552000000012,0.46765520000000116
Vienna,0.75,Off-peak,Greedy,51,15.532137,15.532137,41.12012,100.0,57.559265,499.97086,3.5024953,25.852495,0.0,25.229437,0.41592228,4.676552000000012,0.46765520000000116
Vienna,0.75,Off-peak,Greedy,52,17.292522,17.292522,45.87485,100.0,66.223465,508.9294,3.388368,25.138369,0.0,24.621464,0.17804943,4.676552000000012,0.46765520000000116
Vienna,0.75,Off-peak,Greedy,53,14.549072,19.549072,38.43788,95.0,57.87418,506.6367,3.4434474,22.706608,1.0,20.916082,0.30269843,4.676552000000012,0.46765520000000116
Vienna,0.75,Off-peak,Greedy,54,15.154806,15.154806,40.215244,100.0,57.63356,506.32278,3.4279747,25.027975,0.0,24.175957,0.31796175,4.676552000000012,0.46765520000000116
Vienna,0.75,Off-peak,Greedy,55,15.12931,15.12931,40.214108,100.0,54.02286,506.11758,3.1169636,25.166964,0.0,24.45197,0.33782405,4.676552000000012,0.46765520000000116
Vienna,0.75,Off-peak,Greedy,56,17.41742,17.41742,46.25082,100.0,68.22634,512.4073,3.3752668,25.525265,0.0,24.942385,0.27348724,4.676552000000012,0.46765520000000116
Vienna,0.75,Off-peak,Greedy,57,18.822115,18.822115,50.22129,100.0,69.98781,512.39557,4.2646446,25.514645,0.0,24.150667,0.33104137,4.676552000000012,0.46765520000000116
Vienna,0.75,Off-peak,Greedy,58,17.11242,17.11242,45.24615,100.0,66.9821,471.08252,3.7975533,25.197556,0.0,26.268332,0.36621913,4.676552000000012,0.46765520000000116
Vienna,0.75,Off-peak,Greedy,59,17.628805,17.628805,46.843052,100.0,65.59138,512.1148,3.529523,24.429522,0.0,23.607567,0.43559358,4.676552000000012,0.46765520000000116
Vienna,0.75,Off-peak,Greedy,60,16.786507,16.786507,44.701332,100.0,62.394695,502.90674,4.2668076,25.516806,0.0,24.228882,0.2602698,4.676552000000012,0.46765520000000116
Vienna,0.75,Off-peak,Greedy,61,18.312,18.312,48.636143,100.0,68.72358,501.24527,3.5371215,25.487122,0.0,25.323112,0.3562992,4.676552000000012,0.46765520000000116
Vienna,0.75,Off-peak,Greedy,62,16.638674,16.638674,44.32476,100.0,60.15616,496.20633,3.2105927,24.210594,0.0,24.191357,0.3314851,4.676552000000012,0.46765520000000116
Vienna,0.75,Off-peak,Greedy,63,20.961098,20.961098,55.72352,100.0,74.38164,514.3782,3.6090896,25.559088,0.0,24.951569,0.3099613,4.676552000000012,0.46765520000000116
Vienna,0.75,Off-peak,Greedy,64,19.837614,19.837614,52.53932,100.0,72.91125,516.91864,3.7912698,22.39127,0.0,21.51747,0.28632417,4.676552000000012,0.46765520000000116
Vienna,0.75,Off-peak,Greedy,65,18.352558,18.352558,48.88,100.0,72.96385,470.25604,3.5430372,25.243038,0.0,26.951479,0.23226763,4.676552000000012,0.46765520000000116
Vienna,0.75,Off-peak,Greedy,66,15.887065,15.887065,42.247368,100.0,67.90621,517.2967,3.279872,24.729872,0.0,24.014566,0.23447403,4.676552000000012,0.46765520000000116
Vienna,0.75,Off-peak,Greedy,67,14.900372,14.900372,39.435978,100.0,58.02573,495.49838,3.6521716,25.80217,0.0,25.278877,0.36519256,4.676552000000012,0.46765520000000116
Vienna,0.75,Off-peak,Greedy,68,15.015148,20.015148,39.913635,95.0,57.21272,512.2804,3.2841208,23.284122,1.0,21.336592,0.46968123,4.676552000000012,0.46765520000000116
Vienna,0.75,Off-peak,Greedy,69,15.687164,15.687164,41.59588,100.0,59.311146,450.76666,3.3060212,23.00602,0.0,25.14112,0.25142023,4.676552000000012,0.46765520000000116
Vienna,0.75,Off-peak,Greedy,70,15.783605,15.783605,41.824356,100.0,59.242558,508.75363,3.297701,25.397701,0.0,24.630909,0.22319895,4.676552000000012,0.46765520000000116
Vienna,0.75,Off-peak,Greedy,71,17.291533,17.291533,45.744583,100.0,62.71969,511.81943,3.0354173,23.985418,0.0,23.529764,0.38095242,4.676552000000012,0.46765520000000116
Vienna,0.75,Off-peak,Greedy,72,12.520552,17.520552,33.385517,95.0,48.273052,511.4423,3.2649019,22.107004,1.0,19.859182,0.5395356,4.676552000000012,0.46765520000000116
Vienna,0.75,Off-peak,Greedy,73,17.601114,22.601114,46.924633,95.0,67.106026,518.80597,3.7684956,27.24218,1.0,24.725336,0.17300667,4.676552000000012,0.46765520000000116
Vienna,0.75,Off-peak,Greedy,74,17.895964,17.895964,47.534233,100.0,67.69849,501.2254,3.3566794,21.506678,0.0,21.482275,0.3361941,4.676552000000012,0.46765520000000116
Vienna,0.75,Off-peak,Greedy,75,16.662186,16.662186,44.255276,100.0,60.69472,506.32822,3.0915172,23.191519,0.0,22.845592,0.3393118,4.676552000000012,0.46765520000000116
Vienna,0.75,Off-peak,Greedy,76,18.16622,18.16622,48.195198,100.0,70.34989,510.22345,3.5870183,23.88702,0.0,23.34026,0.30671972,4.676552000000012,0.46765520000000116
Vienna,0.75,Off-peak,Greedy,77,19.118483,19.118483,50.803776,100.0,75.71012,506.01773,3.8095222,25.409521,0.0,25.08361,0.26666865,4.676552000000012,0.46765520000000116
Vienna,0.75,Off-peak,Greedy,78,18.572727,18.572727,49.199722,100.0,72.80164,504.10297,3.5131125,23.163113,0.0,23.100521,0.25970706,4.676552000000012,0.46765520000000116
Vienna,0.75,Off-peak,Greedy,79,13.891497,23.891497,36.936268,90.0,54.64698,514.02814,3.297099,22.574879,2.0,19.534288,0.15535775,4.676552000000012,0.46765520000000116
Vienna,0.75,Off-peak,Greedy,80,19.022629,19.022629,50.543846,100.0,69.609726,511.15533,4.843246,28.143244,0.0,26.196033,0.021232542,4.676552000000012,0.46765520000000116
Vienna,0.75,Off-peak,Greedy,81,16.604214,16.604214,44.19795,100.0,61.432346,505.95383,3.3456998,22.5957,0.0,22.058949,0.41121575,4.676552000000012,0.46765520000000116
Vienna,0.75,Off-peak,Greedy,82,18.195162,23.195162,48.366528,95.0,66.7259,501.50757,4.002316,23.107582,1.0,21.421705,0.3371604,4.676552000000012,0.46765520000000116
Vienna,0.75,Off-peak,Greedy,83,17.9297,17.9297,47.692326,100.0,69.22005,515.0093,4.15449,25.354488,0.0,23.942291,0.12892035,4.676552000000012,0.46765520000000116
Vienna,0.75,Off-peak,Greedy,84,17.362503,17.362503,46.236885,100.0,65.98814,514.2499,3.3254004,22.2754,0.0,21.632875,0.50009257,4.676552000000012,0.46765520000000116
Vienna,0.75,Off-peak,Greedy,85,15.717233,15.717233,41.825226,100.0,57.86546,515.30176,2.9358811,24.435883,0.0,23.66892,0.3349644,4.676552000000012,0.46765520000000116
Vienna,0.75,Off-peak,Greedy,86,18.863516,18.863516,50.119755,100.0,70.726746,506.87097,3.2411478,22.04115,0.0,22.033554,0.23616625,4.676552000000012,0.46765520000000116
Vienna,0.75,Off-peak,Greedy,87,18.171072,18.171072,48.276455,100.0,63.503788,511.49734,3.2088137,22.958813,0.0,22.409883,0.36120868,4.676552000000012,0.46765520000000116
Vienna,0.75,Off-peak,Greedy,88,19.366152,19.366152,51.35781,100.0,81.46831,513.68695,3.9078798,24.507881,0.0,24.016003,0.26151043,4.676552000000012,0.46765520000000116
Vienna,0.75,Off-peak,Greedy,89,22.672226,22.672226,60.26816,100.0,79.64005,516.31244,3.9069388,22.60694,0.0,21.965385,0.21888256,4.676552000000012,0.46765520000000116
Vienna,0.75,Off-peak,Greedy,90,15.634784,20.634785,41.46059,95.0,60.01237,514.3515,3.480468,24.006784,1.0,21.872803,0.40430868,4.676552000000012,0.46765520000000116
Vienna,0.75,Off-peak,Greedy,91,15.625124,15.625124,41.507893,100.0,62.535053,513.0323,3.0882936,23.138292,0.0,22.588005,0.3847495,4.676552000000012,0.46765520000000116
Vienna,0.75,Off-peak,Greedy,92,16.392567,16.392567,43.542732,100.0,66.03156,497.7119,3.426964,25.226965,0.0,25.216974,0.36270243,4.676552000000012,0.46765520000000116
Vienna,0.75,Off-peak,Greedy,93,18.069134,18.069134,47.760933,100.0,70.1155,494.04282,4.006149,22.75615,0.0,22.524136,0.16933225,4.676552000000012,0.46765520000000116
Vienna,0.75,Off-peak,Greedy,94,17.080658,17.080658,45.31744,100.0,61.051533,504.95367,3.054579,23.30458,0.0,23.073975,0.34515136,4.676552000000012,0.46765520000000116
Vienna,0.75,Off-peak,Greedy,95,16.1749,16.1749,43.104404,100.0,62.910873,498.54852,3.5322168,24.632215,0.0,24.316133,0.17901815,4.676552000000012,0.46765520000000116
Vienna,0.75,Off-peak,Greedy,96,15.809602,15.809602,41.941082,100.0,55.455738,511.70694,2.9870276,24.087027,0.0,23.32662,0.18945315,4.676552000000012,0.46765520000000116
Vienna,0.75,Off-peak,Greedy,97,15.086131,15.086131,40.124424,100.0,56.749798,499.7945,2.9267533,21.526752,0.0,21.446302,0.21564223,4.676552000000012,0.46765520000000116
Vienna,0.75,Off-peak,Greedy,98,16.03692,16.03692,42.640602,100.0,59.07629,500.26108,3.2011013,25.3511,0.0,25.090715,0.27355975,4.676552000000012,0.46765520000000116
Vienna,0.75,Off-peak,Greedy,99,17.176144,17.176144,45.728714,100.0,64.68717,506.13327,3.320804,20.070805,0.0,19.742193,0.27081168,4.676552000000012,0.46765520000000116
Vienna,0.75,Peak-aware,DVNDA,0,18.033964,18.033964,47.885498,100.0,79.554825,510.38205,18.717766,38.86777,0.0,23.636944,0.19085358,3.7500469999999986,0.37500469999999986
Vienna,0.75,Peak-aware,DVNDA,1,16.918167,16.918167,44.875565,100.0,71.856224,530.3351,24.203955,44.103954,0.0,22.149029,0.5985394,3.7500469999999986,0.37500469999999986
Vienna,0.75,Peak-aware,DVNDA,2,12.710499,12.710499,33.73276,100.0,53.073067,541.4883,37.350677,59.950676,0.0,23.318745,0.58680314,3.7500469999999986,0.37500469999999986
Vienna,0.75,Peak-aware,DVNDA,3,12.625585,12.625585,33.619305,100.0,53.47822,516.5771,21.777897,40.12789,0.0,20.349253,0.7040474,3.7500469999999986,0.37500469999999986
Vienna,0.75,Peak-aware,DVNDA,4,19.569239,19.569239,52.130108,100.0,84.59509,541.06335,23.82174,45.171734,0.0,23.638405,0.33665234,3.7500469999999986,0.37500469999999986
Vienna,0.75,Peak-aware,DVNDA,5,13.7608185,13.7608185,36.61702,100.0,55.219234,506.46265,22.913485,43.463478,0.0,23.013504,0.3225428,3.7500469999999986,0.37500469999999986
Vienna,0.75,Peak-aware,DVNDA,6,16.356802,16.356802,43.419624,100.0,71.826126,547.80786,25.517004,46.26701,0.0,22.217012,0.5932341,3.7500469999999986,0.37500469999999986
Vienna,0.75,Peak-aware,DVNDA,7,13.813407,13.813407,36.72463,100.0,56.339897,511.29462,17.959442,37.00944,0.0,21.383945,0.49418056,3.7500469999999986,0.37500469999999986
Vienna,0.75,Peak-aware,DVNDA,8,14.823835,14.823835,39.382328,100.0,60.931175,523.08954,28.674353,50.37435,0.0,23.654228,0.6067707,3.7500469999999986,0.37500469999999986
Vienna,0.75,Peak-aware,DVNDA,9,15.003371,15.003371,39.82796,100.0,57.80674,537.62006,18.771683,37.67168,0.0,20.26555,0.63908434,3.7500469999999986,0.37500469999999986
Vienna,0.75,Peak-aware,DVNDA,10,14.582309,14.582309,38.710926,100.0,61.53457,502.74347,23.820166,47.070168,0.0,26.183065,0.5038552,3.7500469999999986,0.37500469999999986
Vienna,0.75,Peak-aware,DVNDA,11,16.395096,16.395096,43.596466,100.0,71.91951,498.86053,22.326973,43.47698,0.0,24.802494,0.21150118,3.7500469999999986,0.37500469999999986
Vienna,0.75,Peak-aware,DVNDA,12,19.072075,19.072075,50.644756,100.0,79.90108,510.29578,21.306555,42.306557,0.0,24.49075,0.41181055,3.7500469999999986,0.37500469999999986
Vienna,0.75,Peak-aware,DVNDA,13,16.183949,16.183949,42.9207,100.0,73.24264,523.5622,34.62903,53.82903,0.0,21.833246,0.6666657,3.7500469999999986,0.37500469999999986
Vienna,0.75,Peak-aware,DVNDA,14,14.201446,14.201446,37.756542,100.0,61.276672,501.13245,26.059082,44.709084,0.0,21.664764,0.5302833,3.7500469999999986,0.37500469999999986
Vienna,0.75,Peak-aware,DVNDA,15,17.766775,17.766775,47.161606,100.0,72.39544,501.98154,28.90802,48.008022,0.0,22.630093,0.30795595,3.7500469999999986,0.37500469999999986
Vienna,0.75,Peak-aware,DVNDA,16,13.9158325,13.9158325,37.066853,100.0,60.71009,559.7838,30.673992,54.423992,0.0,23.924866,0.6168191,3.7500469999999986,0.37500469999999986
Vienna,0.75,Peak-aware,DVNDA,17,17.566072,17.566072,46.567207,100.0,80.69389,525.8428,24.45076,44.10076,0.0,22.520704,0.38457727,3.7500469999999986,0.37500469999999986
Vienna,0.75,Peak-aware,DVNDA,18,15.503876,15.503876,41.287594,100.0,65.87441,483.5544,18.938343,38.388344,0.0,23.517231,0.36393005,3.7500469999999986,0.37500469999999986
Vienna,0.75,Peak-aware,DVNDA,19,13.354454,13.354454,35.52532,100.0,55.469276,519.59625,28.554169,50.90417,0.0,24.175953,0.46847036,3.7500469999999986,0.37500469999999986
Vienna,0.75,Peak-aware,DVNDA,20,16.737726,16.737726,44.482,100.0,74.12151,518.3659,21.37711,43.47711,0.0,24.891758,0.6354472,3.7500469999999986,0.37500469999999986
Vienna,0.75,Peak-aware,DVNDA,21,12.935143,12.935143,34.22042,100.0,52.854122,511.7514,26.61356,46.46356,0.0,21.976206,0.70272005,3.7500469999999986,0.37500469999999986
Vienna,0.75,Peak-aware,DVNDA,22,15.101116,15.101116,40.12138,100.0,63.20021,509.5043,15.854269,35.404274,0.0,22.286377,0.4059867,3.7500469999999986,0.37500469999999986
Vienna,0.75,Peak-aware,DVNDA,23,17.52154,17.52154,46.54383,100.0,70.73637,517.70593,20.749987,41.949986,0.0,23.890799,0.6301873,3.7500469999999986,0.37500469999999986
Vienna,0.75,Peak-aware,DVNDA,24,17.24038,17.24038,45.914707,100.0,65.59333,514.0238,21.180708,42.180706,0.0,23.617264,0.37141547,3.7500469999999986,0.37500469999999986
Vienna,0.75,Peak-aware,DVNDA,25,13.641138,13.641138,36.16803,100.0,56.87358,540.07025,25.256115,46.656113,0.0,22.444931,0.59672654,3.7500469999999986,0.37500469999999986
Vienna,0.75,Peak-aware,DVNDA,26,17.980024,17.980024,47.558735,100.0,74.39031,547.0673,27.571356,51.421356,0.0,25.197554,0.38368562,3.7500469999999986,0.37500469999999986
Vienna,0.75,Peak-aware,DVNDA,27,18.44926,18.44926,48.856525,100.0,76.28992,511.01794,18.586742,39.636745,0.0,24.328398,0.4162541,3.7500469999999986,0.37500469999999986
Vienna,0.75,Peak-aware,DVNDA,28,15.191569,15.191569,40.31974,100.0,63.865963,507.69934,17.119038,35.91904,0.0,21.659765,0.4683933,3.7500469999999986,0.37500469999999986
Vienna,0.75,Peak-aware,DVNDA,29,13.722027,13.722027,36.37232,100.0,55.97148,514.77954,16.039154,37.08915,0.0,23.163876,0.54514724,3.7500469999999986,0.37500469999999986
Vienna,0.75,Peak-aware,DVNDA,30,17.105085,17.105085,45.343994,100.0,74.815956,512.1482,23.414934,45.01493,0.0,24.739717,0.25746685,3.7500469999999986,0.37500469999999986
Vienna,0.75,Peak-aware,DVNDA,31,15.167958,15.167958,40.269028,100.0,65.887184,521.8338,16.821499,34.821495,0.0,20.403393,0.27252534,3.7500469999999986,0.37500469999999986
Vienna,0.75,Peak-aware,DVNDA,32,15.300719,15.300719,40.502705,100.0,61.119152,510.51196,23.269882,46.519882,0.0,25.764292,0.60004014,3.7500469999999986,0.37500469999999986
Vienna,0.75,Peak-aware,DVNDA,33,16.855278,16.855278,44.782288,100.0,77.273026,514.0387,22.465872,42.115875,0.0,22.87148,0.42756417,3.7500469999999986,0.37500469999999986
Vienna,0.75,Peak-aware,DVNDA,34,16.896414,16.896414,44.796223,100.0,68.89367,506.72815,25.564482,45.814484,0.0,23.380075,0.60542935,3.7500469999999986,0.37500469999999986
Vienna,0.75,Peak-aware,DVNDA,35,16.027925,16.027925,42.54031,100.0,70.33635,484.02127,22.173592,43.32359,0.0,25.481133,0.3025695,3.7500469999999986,0.37500469999999986
Vienna,0.75,Peak-aware,DVNDA,36,19.02837,19.02837,50.75388,100.0,77.870926,550.1008,29.289066,51.439064,0.0,23.671616,0.26484033,3.7500469999999986,0.37500469999999986
Vienna,0.75,Peak-aware,DVNDA,37,14.904796,14.904796,39.640697,100.0,57.563522,514.915,18.677994,39.377995,0.0,22.895214,0.42944863,3.7500469999999986,0.37500469999999986
Vienna,0.75,Peak-aware,DVNDA,38,17.251085,17.251085,45.81294,100.0,67.72651,528.094,31.53603,53.83602,0.0,24.319836,0.44003308,3.7500469999999986,0.37500469999999986
Vienna,0.75,Peak-aware,DVNDA,39,18.211353,18.211353,48.315784,100.0,80.377335,498.1049,22.302284,42.952286,0.0,24.762726,0.37955865,3.7500469999999986,0.37500469999999986
Vienna,0.75,Peak-aware,DVNDA,40,13.609022,13.609022,36.10653,100.0,55.37228,535.6073,15.930346,36.030346,0.0,21.348303,0.220606,3.7500469999999986,0.37500469999999986
Vienna,0.75,Peak-aware,DVNDA,41,16.136047,16.136047,42.735107,100.0,70.34485,503.05435,17.059483,34.109478,0.0,20.442368,0.48535877,3.7500469999999986,0.37500469999999986
Vienna,0.75,Peak-aware,DVNDA,42,15.48047,15.48047,41.13718,100.0,67.30572,502.93423,28.842413,49.942413,0.0,24.322554,0.56071305,3.7500469999999986,0.37500469999999986
Vienna,0.75,Peak-aware,DVNDA,43,12.378816,12.378816,32.904694,100.0,52.410664,483.6461,15.568399,36.2184,0.0,24.057396,0.5240831,3.7500469999999986,0.37500469999999986
Vienna,0.75,Peak-aware,DVNDA,44,13.796805,13.796805,36.61815,100.0,60.131805,516.2769,23.183609,43.38361,0.0,22.474947,0.7557276,3.7500469999999986,0.37500469999999986
Vienna,0.75,Peak-aware,DVNDA,45,14.558568,14.558568,38.666073,100.0,59.47305,520.7194,21.313549,42.51355,0.0,23.211784,0.83077925,3.7500469999999986,0.37500469999999986
Vienna,0.75,Peak-aware,DVNDA,46,16.344854,16.344854,43.51062,100.0,67.63244,522.1703,32.059162,51.95916,0.0,22.293129,0.71597445,3.7500469999999986,0.37500469999999986
Vienna,0.75,Peak-aware,DVNDA,47,17.89561,17.89561,47.345898,100.0,70.460106,512.84784,24.961004,45.261,0.0,23.226192,0.31288832,3.7500469999999986,0.37500469999999986
Vienna,0.75,Peak-aware,DVNDA,48,15.42016,15.42016,40.94046,100.0,58.6933,518.02484,17.875656,36.32565,0.0,20.640574,0.43327338,3.7500469999999986,0.37500469999999986
Vienna,0.75,Peak-aware,DVNDA,49,13.363795,13.363795,35.417603,100.0,54.78058,500.8945,15.4356785,35.785675,0.0,23.047792,0.49168324,3.7500469999999986,0.37500469999999986
Vienna,0.75,Peak-aware,DVNDA,50,14.602728,14.602728,38.893673,100.0,59.74236,553.7982,32.236366,55.236366,0.0,23.462624,0.68030983,3.7500469999999986,0.37500469999999986
Vienna,0.75,Peak-aware,DVNDA,51,12.786872,12.786872,33.974865,100.0,56.484154,499.9708,24.61763,46.967636,0.0,25.175673,0.59874076,3.7500469999999986,0.37500469999999986
Vienna,0.75,Peak-aware,DVNDA,52,18.28049,18.28049,48.614365,100.0,74.524864,508.39926,23.683939,45.433937,0.0,25.05535,0.27023384,3.7500469999999986,0.37500469999999986
Vienna,0.75,Peak-aware,DVNDA,53,17.095608,17.095608,45.23475,100.0,68.64813,533.1304,17.721418,37.02142,0.0,21.319742,0.2064858,3.7500469999999986,0.37500469999999986
Vienna,0.75,Peak-aware,DVNDA,54,14.572957,14.572957,38.862423,100.0,62.55532,506.59772,23.00082,44.600822,0.0,24.40572,0.5346793,3.7500469999999986,0.37500469999999986
Vienna,0.75,Peak-aware,DVNDA,55,13.7866745,13.7866745,36.638554,100.0,54.972168,506.87198,11.294164,33.344162,0.0,24.462397,0.66978055,3.7500469999999986,0.37500469999999986
Vienna,0.75,Peak-aware,DVNDA,56,17.420107,17.420107,46.15777,100.0,72.55912,510.19873,21.293407,43.44341,0.0,25.262665,0.39698237,3.7500469999999986,0.37500469999999986
Vienna,0.75,Peak-aware,DVNDA,57,16.400116,16.400116,43.692867,100.0,66.21415,514.54517,31.268148,52.518147,0.0,23.866419,0.32183877,3.7500469999999986,0.37500469999999986
Vienna,0.75,Peak-aware,DVNDA,58,15.158988,15.158988,40.12086,100.0,65.13917,499.13654,21.145245,42.54524,0.0,24.699612,0.31670976,3.7500469999999986,0.37500469999999986
Vienna,0.75,Peak-aware,DVNDA,59,16.66727,16.66727,44.35359,100.0,69.88493,523.41254,30.496908,51.39691,0.0,23.303082,0.63100284,3.7500469999999986,0.37500469999999986
Vienna,0.75,Peak-aware,DVNDA,60,17.70434,17.70434,47.03996,100.0,71.512596,513.3846,36.184044,57.43404,0.0,24.178392,0.5793532,3.7500469999999986,0.37500469999999986
Vienna,0.75,Peak-aware,DVNDA,61,16.604715,16.604715,44.237305,100.0,72.30593,511.01416,39.130775,61.080772,0.0,25.014273,0.700006,3.7500469999999986,0.37500469999999986
Vienna,0.75,Peak-aware,DVNDA,62,15.669772,15.669772,41.7057,100.0,62.031055,496.20633,25.674469,46.67447,0.0,24.28582,0.30510324,3.7500469999999986,0.37500469999999986
Vienna,0.75,Peak-aware,DVNDA,63,22.063934,22.063934,58.674892,100.0,81.363075,542.44403,18.52628,40.476276,0.0,23.982338,0.35635298,3.7500469999999986,0.37500469999999986
Vienna,0.75,Peak-aware,DVNDA,64,17.585426,17.585426,46.7213,100.0,73.9627,530.2184,19.59082,38.190823,0.0,21.027311,0.23264657,3.7500469999999986,0.37500469999999986
Vienna,0.75,Peak-aware,DVNDA,65,17.181204,17.181204,45.61967,100.0,77.130905,491.68494,19.434143,41.134148,0.0,25.988739,0.5014536,3.7500469999999986,0.37500469999999986
Vienna,0.75,Peak-aware,DVNDA,66,14.640563,14.640563,39.03846,100.0,68.85857,576.65424,35.440445,56.89043,0.0,21.583927,0.11631912,3.7500469999999986,0.37500469999999986
Vienna,0.75,Peak-aware,DVNDA,67,15.817277,15.817277,41.971455,100.0,68.154816,495.49832,28.166574,50.316574,0.0,25.789938,0.7467036,3.7500469999999986,0.37500469999999986
Vienna,0.75,Peak-aware,DVNDA,68,14.421285,14.421285,38.337193,100.0,61.351067,561.21185,26.971466,46.871464,0.0,20.462461,0.6718875,3.7500469999999986,0.37500469999999986
Vienna,0.75,Peak-aware,DVNDA,69,16.954617,16.954617,44.956158,100.0,68.95403,484.2032,23.39568,43.09568,0.0,23.902874,0.33644003,3.7500469999999986,0.37500469999999986
Vienna,0.75,Peak-aware,DVNDA,70,15.513408,15.513408,41.121647,100.0,64.28417,524.44574,25.487843,47.58784,0.0,24.13425,0.42487547,3.7500469999999986,0.37500469999999986
Vienna,0.75,Peak-aware,DVNDA,71,14.116014,14.116014,37.43804,100.0,55.472984,512.3317,27.360174,48.310173,0.0,23.152628,0.5895825,3.7500469999999986,0.37500469999999986
Vienna,0.75,Peak-aware,DVNDA,72,13.466037,13.466037,35.94727,100.0,55.633995,529.0236,18.557901,37.207897,0.0,20.255898,0.40017787,3.7500469999999986,0.37500469999999986
Vienna,0.75,Peak-aware,DVNDA,73,15.364578,15.364578,40.950302,100.0,66.30037,545.85614,22.716986,46.316982,0.0,24.653948,0.26022193,3.7500469999999986,0.37500469999999986
Vienna,0.75,Peak-aware,DVNDA,74,17.124893,17.124893,45.43818,100.0,69.21649,514.5648,25.087751,43.23775,0.0,20.999128,0.6062732,3.7500469999999986,0.37500469999999986
Vienna,0.75,Peak-aware,DVNDA,75,11.524685,11.524685,30.623543,100.0,48.25016,502.93423,16.001331,36.101337,0.0,22.381168,0.5119795,3.7500469999999986,0.37500469999999986
Vienna,0.75,Peak-aware,DVNDA,76,16.444435,16.444435,43.60883,100.0,69.67811,509.09015,21.571484,41.871483,0.0,23.35923,0.25274003,3.7500469999999986,0.37500469999999986
Vienna,0.75,Peak-aware,DVNDA,77,19.855692,19.855692,52.75012,100.0,81.63629,523.9454,22.101486,43.70149,0.0,24.508106,0.24585931,3.7500469999999986,0.37500469999999986
Vienna,0.75,Peak-aware,DVNDA,78,16.728659,16.728659,44.494408,100.0,70.05577,530.56415,22.018894,41.66889,0.0,21.819029,0.657152,3.7500469999999986,0.37500469999999986
Vienna,0.75,Peak-aware,DVNDA,79,16.023197,16.023197,42.61586,100.0,61.894684,580.1743,23.194254,42.89425,0.0,19.644728,0.2309476,3.7500469999999986,0.37500469999999986
Vienna,0.75,Peak-aware,DVNDA,80,17.072985,17.072985,45.33222,100.0,68.44809,511.1724,17.361004,40.661003,0.0,26.138348,0.36503676,3.7500469999999986,0.37500469999999986
Vienna,0.75,Peak-aware,DVNDA,81,14.686591,14.686591,39.03453,100.0,62.866203,507.64487,25.864792,45.114784,0.0,22.05608,0.72708195,3.7500469999999986,0.37500469999999986
Vienna,0.75,Peak-aware,DVNDA,82,15.122183,15.122183,40.301937,100.0,66.89133,539.29,24.66528,43.81527,0.0,20.855722,0.5777804,3.7500469999999986,0.37500469999999986
Vienna,0.75,Peak-aware,DVNDA,83,16.757534,16.757534,44.45918,100.0,68.085945,531.56525,15.153523,36.353523,0.0,23.143261,0.15084338,3.7500469999999986,0.37500469999999986
Vienna,0.75,Peak-aware,DVNDA,84,16.673655,16.673655,44.35491,100.0,68.18581,531.26184,24.997229,43.947227,0.0,21.043566,0.7171423,3.7500469999999986,0.37500469999999986
Vienna,0.75,Peak-aware,DVNDA,85,15.150846,15.150846,40.379463,100.0,62.704155,516.18976,20.465977,41.96598,0.0,23.862547,0.2635242,3.7500469999999986,0.37500469999999986
Vienna,0.75,Peak-aware,DVNDA,86,16.908976,16.908976,44.8878,100.0,70.74217,524.4377,29.264496,48.0645,0.0,21.296246,0.60651994,3.7500469999999986,0.37500469999999986
Vienna,0.75,Peak-aware,DVNDA,87,18.956894,18.956894,50.322983,100.0,75.580315,529.84515,15.651797,35.401794,0.0,22.203667,0.2924144,3.7500469999999986,0.37500469999999986
Vienna,0.75,Peak-aware,DVNDA,88,17.436916,17.436916,46.435253,100.0,78.25525,514.3693,21.666588,42.26659,0.0,23.827976,0.43255675,3.7500469999999986,0.37500469999999986
Vienna,0.75,Peak-aware,DVNDA,89,18.410198,18.410198,49.056915,100.0,75.45303,542.7912,16.759724,35.459724,0.0,20.70101,0.32048073,3.7500469999999986,0.37500469999999986
Vienna,0.75,Peak-aware,DVNDA,90,14.631351,14.631351,38.890846,100.0,59.684307,535.0131,20.658146,41.25815,0.0,22.040787,0.32263657,3.7500469999999986,0.37500469999999986
Vienna,0.75,Peak-aware,DVNDA,91,14.2327585,14.2327585,37.666473,100.0,61.90358,534.0157,25.163504,45.2135,0.0,21.670876,0.62149477,3.7500469999999986,0.37500469999999986
Vienna,0.75,Peak-aware,DVNDA,92,16.962584,16.962584,45.037598,100.0,72.60441,499.9252,22.091885,43.89188,0.0,25.434029,0.3153356,3.7500469999999986,0.37500469999999986
Vienna,0.75,Peak-aware,DVNDA,93,14.142494,14.142494,37.3192,100.0,62.431656,495.665,14.7824,33.5324,0.0,22.06287,0.13422792,3.7500469999999986,0.37500469999999986
Vienna,0.75,Peak-aware,DVNDA,94,16.530088,16.530088,43.903225,100.0,65.0519,504.95367,22.508963,42.758965,0.0,23.272034,0.395608,3.7500469999999986,0.37500469999999986
Vienna,0.75,Peak-aware,DVNDA,95,17.903315,17.903315,47.647854,100.0,72.500725,519.0785,22.343082,43.443077,0.0,23.816282,0.4049463,3.7500469999999986,0.37500469999999986
Vienna,0.75,Peak-aware,DVNDA,96,16.209051,16.209051,43.133984,100.0,64.032745,514.49615,25.808369,46.908363,0.0,23.616934,0.36654815,3.7500469999999986,0.37500469999999986
Vienna,0.75,Peak-aware,DVNDA,97,13.656009,13.656009,36.35407,100.0,57.87169,498.94427,14.769005,33.36901,0.0,21.539064,0.40460682,3.7500469999999986,0.37500469999999986
Vienna,0.75,Peak-aware,DVNDA,98,15.530695,15.530695,41.26157,100.0,63.393482,501.80374,24.976429,47.12643,0.0,25.228655,0.23341972,3.7500469999999986,0.37500469999999986
Vienna,0.75,Peak-aware,DVNDA,99,16.425056,16.425056,43.597057,100.0,65.584465,507.15866,15.2794285,32.029427,0.0,19.746502,0.54399574,3.7500469999999986,0.37500469999999986
Vienna,0.75,Peak-aware,Greedy,0,19.918858,19.918858,52.930367,100.0,82.59398,513.51825,4.1181307,24.268131,0.0,23.640541,0.2596597,5.068298000000002,0.5068298000000002
Vienna,0.75,Peak-aware,Greedy,1,17.327362,17.327362,46.05158,100.0,70.13152,508.85004,3.452603,23.352604,0.0,22.999485,0.32635078,5.068298000000002,0.5068298000000002
Vienna,0.75,Peak-aware,Greedy,2,15.331328,15.331328,40.733616,100.0,63.4813,514.3078,3.7366462,26.336647,0.0,25.057045,0.25493386,5.068298000000002,0.5068298000000002
Vienna,0.75,Peak-aware,Greedy,3,14.6357155,14.6357155,38.91285,100.0,60.13957,499.6728,3.3894498,21.739449,0.0,21.370964,0.41025677,5.068298000000002,0.5068298000000002
Vienna,0.75,Peak-aware,Greedy,4,14.082199,19.0822,37.39705,95.0,64.24826,519.1177,3.5172062,24.99089,1.0,22.74283,0.2187316,5.068298000000002,0.5068298000000002
Vienna,0.75,Peak-aware,Greedy,5,13.281277,13.281277,35.387608,100.0,52.10669,506.46265,3.2757764,23.825777,0.0,22.859865,0.3307303,5.068298000000002,0.5068298000000002
Vienna,0.75,Peak-aware,Greedy,6,19.704632,19.704632,52.302242,100.0,80.32581,517.3427,4.0668006,24.816803,0.0,23.936058,0.44585988,5.068298000000002,0.5068298000000002
Vienna,0.75,Peak-aware,Greedy,7,13.201831,13.201831,35.188988,100.0,56.687004,511.41788,3.1457,22.1957,0.0,21.395761,0.20353518,5.068298000000002,0.5068298000000002
Vienna,0.75,Peak-aware,Greedy,8,15.035817,15.035817,40.013435,100.0,63.46024,509.5059,3.8904092,25.590408,0.0,24.408955,0.24251345,5.068298000000002,0.5068298000000002
Vienna,0.75,Peak-aware,Greedy,9,13.99251,13.99251,37.1295,100.0,54.351135,508.807,2.865744,21.765743,0.0,21.243376,0.4687063,5.068298000000002,0.5068298000000002
Vienna,0.75,Peak-aware,Greedy,10,16.820396,16.820396,44.716305,100.0,67.59905,504.08713,3.3893986,26.639397,0.0,26.414038,0.3298184,5.068298000000002,0.5068298000000002
Vienna,0.75,Peak-aware,Greedy,11,18.116383,18.116383,48.185703,100.0,77.80002,499.24954,3.91904,25.069042,0.0,25.077639,0.21301271,5.068298000000002,0.5068298000000002
Vienna,0.75,Peak-aware,Greedy,12,18.772757,18.772757,49.840763,100.0,78.51118,508.9175,3.7133253,24.713326,0.0,24.4888,0.09452457,5.068298000000002,0.5068298000000002
Vienna,0.75,Peak-aware,Greedy,13,18.675379,18.675379,49.417843,100.0,80.90547,504.64966,4.0055213,23.20552,0.0,23.0311,0.35148847,5.068298000000002,0.5068298000000002
Vienna,0.75,Peak-aware,Greedy,14,16.362812,16.362812,43.33094,100.0,68.23805,500.9733,3.9526703,22.60267,0.0,22.019043,0.26043758,5.068298000000002,0.5068298000000002
Vienna,0.75,Peak-aware,Greedy,15,17.947464,17.947464,47.62219,100.0,73.22602,499.43967,3.6535203,22.75352,0.0,22.786837,0.31998536,5.068298000000002,0.5068298000000002
Vienna,0.75,Peak-aware,Greedy,16,17.342686,17.342686,46.118103,100.0,72.561646,514.7154,3.498724,27.248722,0.0,26.595364,0.30903703,5.068298000000002,0.5068298000000002
Vienna,0.75,Peak-aware,Greedy,17,18.106945,18.106945,48.137512,100.0,79.94241,519.53107,3.7876139,23.437616,0.0,22.75814,0.23970915,5.068298000000002,0.5068298000000002
Vienna,0.75,Peak-aware,Greedy,18,17.170479,17.170479,45.615692,100.0,75.14489,468.06796,4.4403048,23.890303,0.0,24.790464,0.19796416,5.068298000000002,0.5068298000000002
Vienna,0.75,Peak-aware,Greedy,19,13.809425,13.809425,36.676685,100.0,57.81463,513.3189,3.6423032,25.992302,0.0,24.58582,0.39276788,5.068298000000002,0.5068298000000002
Vienna,0.75,Peak-aware,Greedy,20,16.110025,16.110025,42.82586,100.0,70.17831,508.83093,3.7763407,25.87634,0.0,25.164465,0.3802667,5.068298000000002,0.5068298000000002
Vienna,0.75,Peak-aware,Greedy,21,15.30615,15.30615,40.495354,100.0,62.707176,513.2151,3.4782982,23.328299,0.0,22.393496,0.25085595,5.068298000000002,0.5068298000000002
Vienna,0.75,Peak-aware,Greedy,22,17.302427,17.302427,46.02206,100.0,70.991104,511.82492,3.854439,23.404438,0.0,22.565876,0.23259653,5.068298000000002,0.5068298000000002
Vienna,0.75,Peak-aware,Greedy,23,15.967047,15.967047,42.378906,100.0,63.059742,516.89886,2.983238,24.183239,0.0,23.556822,0.18242894,5.068298000000002,0.5068298000000002
Vienna,0.75,Peak-aware,Greedy,24,16.006538,16.006538,42.63235,100.0,61.16679,513.0899,3.008762,24.00876,0.0,23.444565,0.2721355,5.068298000000002,0.5068298000000002
Vienna,0.75,Peak-aware,Greedy,25,15.612787,15.612787,41.562935,100.0,65.93245,508.95374,3.779094,25.179094,0.0,24.262148,0.50831807,5.068298000000002,0.5068298000000002
Vienna,0.75,Peak-aware,Greedy,26,17.543169,22.543169,46.422104,95.0,69.63564,517.0143,4.0654154,28.012785,1.0,25.368528,0.1850865,5.068298000000002,0.5068298000000002
Vienna,0.75,Peak-aware,Greedy,27,19.167952,19.167952,50.728054,100.0,79.06413,511.05127,3.8853636,24.935364,0.0,24.462523,0.27747938,5.068298000000002,0.5068298000000002
Vienna,0.75,Peak-aware,Greedy,28,15.838086,15.838086,41.97183,100.0,65.61299,507.94464,3.1429064,21.942907,0.0,21.735292,0.25893068,5.068298000000002,0.5068298000000002
Vienna,0.75,Peak-aware,Greedy,29,15.28785,15.28785,40.617382,100.0,62.38339,516.71564,3.77138,24.821383,0.0,23.387302,0.15471914,5.068298000000002,0.5068298000000002
Vienna,0.75,Peak-aware,Greedy,30,17.3085,17.3085,45.971436,100.0,74.37306,511.23663,3.694461,25.29446,0.0,24.762163,0.10957007,5.068298000000002,0.5068298000000002
Vienna,0.75,Peak-aware,Greedy,31,16.6698,21.6698,44.2369,95.0,71.931595,507.60074,3.5050738,21.820864,1.0,20.68218,0.20010535,5.068298000000002,0.5068298000000002
Vienna,0.75,Peak-aware,Greedy,32,17.568583,17.568583,46.527058,100.0,68.93051,505.91733,3.621825,26.871824,0.0,26.384277,0.30581033,5.068298000000002,0.5068298000000002
Vienna,0.75,Peak-aware,Greedy,33,15.29816,15.29816,40.563866,100.0,69.68191,512.76965,3.8057766,23.455778,0.0,22.55798,0.13019654,5.068298000000002,0.5068298000000002
Vienna,0.75,Peak-aware,Greedy,34,16.418943,16.418943,43.603546,100.0,65.95632,496.65225,3.4693627,23.719364,0.0,23.706543,0.27330986,5.068298000000002,0.5068298000000002
Vienna,0.75,Peak-aware,Greedy,35,15.306426,15.306426,40.656948,100.0,67.32994,468.2455,3.9979532,25.147953,0.0,26.179106,0.2772531,5.068298000000002,0.5068298000000002
Vienna,0.75,Peak-aware,Greedy,36,16.281624,21.281624,43.280636,95.0,66.59549,514.1962,4.2507577,26.987598,1.0,24.241497,0.38151708,5.068298000000002,0.5068298000000002
Vienna,0.75,Peak-aware,Greedy,37,17.063196,17.063196,45.382793,100.0,66.07585,516.0965,3.564771,24.264774,0.0,23.25514,0.36181,5.068298000000002,0.5068298000000002
Vienna,0.75,Peak-aware,Greedy,38,15.761189,20.761189,41.790005,95.0,61.94647,516.1577,3.8210692,26.663176,1.0,24.021072,0.0903942,5.068298000000002,0.5068298000000002
Vienna,0.75,Peak-aware,Greedy,39,17.65367,17.65367,47.081635,100.0,77.90869,496.15585,3.7593868,24.409386,0.0,24.73561,0.227117,5.068298000000002,0.5068298000000002
Vienna,0.75,Peak-aware,Greedy,40,13.983137,18.983137,37.205784,95.0,58.052673,506.6878,3.2601643,23.049637,1.0,21.41618,0.16208181,5.068298000000002,0.5068298000000002
Vienna,0.75,Peak-aware,Greedy,41,16.925335,16.925335,44.80625,100.0,73.30136,505.08237,3.639379,20.689379,0.0,20.506626,0.37431252,5.068298000000002,0.5068298000000002
Vienna,0.75,Peak-aware,Greedy,42,13.324214,13.324214,35.52783,100.0,62.76313,502.89676,3.3971424,24.497143,0.0,24.09854,0.21375576,5.068298000000002,0.5068298000000002
Vienna,0.75,Peak-aware,Greedy,43,14.122708,14.122708,37.472733,100.0,58.613922,447.0364,3.57921,24.229208,0.0,26.374468,0.36718816,5.068298000000002,0.5068298000000002
Vienna,0.75,Peak-aware,Greedy,44,15.837245,15.837245,42.114975,100.0,64.45414,516.2769,3.4108782,23.610878,0.0,22.684248,0.57662517,5.068298000000002,0.5068298000000002
Vienna,0.75,Peak-aware,Greedy,45,14.628537,14.628537,38.754852,100.0,59.155746,511.0063,3.3433335,24.543333,0.0,23.637465,0.35106,5.068298000000002,0.5068298000000002
Vienna,0.75,Peak-aware,Greedy,46,17.75058,17.75058,47.26268,100.0,72.67905,505.22485,4.215405,24.115402,0.0,23.290573,0.3600902,5.068298000000002,0.5068298000000002
Vienna,0.75,Peak-aware,Greedy,47,18.12128,18.12128,48.029606,100.0,71.45633,511.40933,3.7412643,24.041262,0.0,23.340225,0.24361992,5.068298000000002,0.5068298000000002
Vienna,0.75,Peak-aware,Greedy,48,15.454795,15.454795,40.95285,100.0,59.372112,506.2453,3.4640636,21.914062,0.0,21.154375,0.30754948,5.068298000000002,0.5068298000000002
Vienna,0.75,Peak-aware,Greedy,49,15.05563,15.05563,39.866207,100.0,62.11426,500.25232,3.5397983,23.889797,0.0,23.443882,0.28164864,5.068298000000002,0.5068298000000002
Vienna,0.75,Peak-aware,Greedy,50,17.510803,17.510803,46.639904,100.0,69.59809,513.88135,3.4049635,26.404964,0.0,25.76461,0.20498656,5.068298000000002,0.5068298000000002
Vienna,0.75,Peak-aware,Greedy,51,15.482565,15.482565,40.987644,100.0,60.957806,499.97086,3.6724226,26.022423,0.0,25.399374,0.4170257,5.068298000000002,0.5068298000000002
Vienna,0.75,Peak-aware,Greedy,52,17.29436,17.29436,45.879112,100.0,69.480156,508.9294,3.5512025,25.301203,0.0,24.78144,0.17805742,5.068298000000002,0.5068298000000002
Vienna,0.75,Peak-aware,Greedy,53,14.549072,19.549072,38.43788,95.0,61.64785,506.6367,3.6030943,22.866253,1.0,21.102293,0.30269843,5.068298000000002,0.5068298000000002
Vienna,0.75,Peak-aware,Greedy,54,15.163337,15.163337,40.24056,100.0,62.60881,506.32278,3.6767368,25.276733,0.0,24.421614,0.3173984,5.068298000000002,0.5068298000000002
Vienna,0.75,Peak-aware,Greedy,55,15.146369,15.146369,40.264736,100.0,59.772446,506.11758,3.4044428,25.454441,0.0,24.735973,0.33832493,5.068298000000002,0.5068298000000002
Vienna,0.75,Peak-aware,Greedy,56,17.420794,17.420794,46.25827,100.0,72.10329,512.4073,3.5012012,25.6512,0.0,25.131536,0.2736866,5.068298000000002,0.5068298000000002
Vienna,0.75,Peak-aware,Greedy,57,18.822115,18.822115,50.22129,100.0,72.671165,512.39557,4.3988123,25.64881,0.0,24.28159,0.33104137,5.068298000000002,0.5068298000000002
Vienna,0.75,Peak-aware,Greedy,58,17.098211,17.098211,45.22265,100.0,73.35422,471.08252,4.0856876,25.485687,0.0,26.606495,0.3668643,5.068298000000002,0.5068298000000002
Vienna,0.75,Peak-aware,Greedy,59,17.51722,17.51722,46.544136,100.0,69.76228,512.1148,3.7178087,24.61781,0.0,23.811178,0.43040738,5.068298000000002,0.5068298000000002
Vienna,0.75,Peak-aware,Greedy,60,16.64388,16.64388,44.300243,100.0,68.07594,502.90674,4.5898004,25.839802,0.0,24.511303,0.25682533,5.068298000000002,0.5068298000000002
Vienna,0.75,Peak-aware,Greedy,61,18.320532,18.320532,48.661457,100.0,73.19554,501.24527,3.7607203,25.71072,0.0,25.546154,0.35680854,5.068298000000002,0.5068298000000002
Vienna,0.75,Peak-aware,Greedy,62,16.654594,16.654594,44.37251,100.0,65.36285,496.20633,3.4157436,24.415741,0.0,24.45368,0.33260214,5.068298000000002,0.5068298000000002
Vienna,0.75,Peak-aware,Greedy,63,20.963697,20.963697,55.73007,100.0,78.8807,514.3782,3.834042,25.784039,0.0,25.17023,0.31007925,5.068298000000002,0.5068298000000002
Vienna,0.75,Peak-aware,Greedy,64,19.846748,19.846748,52.57246,100.0,82.26148,516.91864,4.114646,22.71465,0.0,21.969679,0.28694004,5.068298000000002,0.5068298000000002
Vienna,0.75,Peak-aware,Greedy,65,18.381649,18.381649,48.947685,100.0,79.04469,470.25604,3.7816312,25.481632,0.0,27.274754,0.23323804,5.068298000000002,0.5068298000000002
Vienna,0.75,Peak-aware,Greedy,66,15.887065,15.887065,42.247368,100.0,71.23665,517.2967,3.4463942,24.896393,0.0,24.175522,0.23447403,5.068298000000002,0.5068298000000002
Vienna,0.75,Peak-aware,Greedy,67,14.91074,14.91074,39.465553,100.0,62.071823,495.49838,3.8544765,26.004477,0.0,25.483017,0.36548102,5.068298000000002,0.5068298000000002
Vienna,0.75,Peak-aware,Greedy,68,15.017405,20.017405,39.92019,95.0,61.413692,512.2804,3.5052247,23.505224,1.0,21.541607,0.46960464,5.068298000000002,0.5068298000000002
Vienna,0.75,Peak-aware,Greedy,69,15.695694,15.695694,41.621193,100.0,64.91745,450.76666,3.5863364,23.286337,0.0,25.452051,0.25095114,5.068298000000002,0.5068298000000002
Vienna,0.75,Peak-aware,Greedy,70,15.793274,15.793274,41.852554,100.0,64.04029,508.75363,3.4239368,25.523935,0.0,24.866667,0.22336751,5.068298000000002,0.5068298000000002
Vienna,0.75,Peak-aware,Greedy,71,17.298923,17.298923,45.767017,100.0,67.64256,511.81943,3.1523175,24.10232,0.0,23.770226,0.38160798,5.068298000000002,0.5068298000000002
Vienna,0.75,Peak-aware,Greedy,72,12.529082,17.529083,33.41083,95.0,51.326866,511.4423,3.4191937,22.2613,1.0,20.008457,0.53996474,5.068298000000002,0.5068298000000002
Vienna,0.75,Peak-aware,Greedy,73,17.601114,22.601114,46.924633,95.0,72.37823,518.80597,4.0263166,27.499998,1.0,24.979385,0.17300667,5.068298000000002,0.5068298000000002
Vienna,0.75,Peak-aware,Greedy,74,17.895964,17.895964,47.534233,100.0,72.15711,501.2254,3.548174,21.698175,0.0,21.704662,0.3361941,5.068298000000002,0.5068298000000002
Vienna,0.75,Peak-aware,Greedy,75,16.662186,16.662186,44.255276,100.0,65.08189,506.32822,3.3108752,23.410875,0.0,23.062206,0.3393118,5.068298000000002,0.5068298000000002
Vienna,0.75,Peak-aware,Greedy,76,18.16622,18.16622,48.195198,100.0,74.46227,510.22345,3.7926378,24.09264,0.0,23.541758,0.30671972,5.068298000000002,0.5068298000000002
Vienna,0.75,Peak-aware,Greedy,77,19.119623,19.119623,50.806656,100.0,80.36691,506.01773,4.0423617,25.642359,0.0,25.313684,0.26665285,5.068298000000002,0.5068298000000002
Vienna,0.75,Peak-aware,Greedy,78,18.580116,18.580116,49.222157,100.0,74.52021,504.10297,3.599041,23.24904,0.0,23.18575,0.26020235,5.068298000000002,0.5068298000000002
Vienna,0.75,Peak-aware,Greedy,79,13.900027,23.900028,36.961582,90.0,58.1946,514.02814,3.4941893,22.771967,2.0,19.70683,0.15547253,5.068298000000002,0.5068298000000002
Vienna,0.75,Peak-aware,Greedy,80,19.031158,19.031158,50.56916,100.0,77.96778,511.15533,5.1591225,28.459122,0.0,26.604818,0.021595027,5.068298000000002,0.5068298000000002
Vienna,0.75,Peak-aware,Greedy,81,16.666946,16.666946,44.365593,100.0,67.681015,505.31134,3.658133,22.908134,0.0,22.396145,0.37246382,5.068298000000002,0.5068298000000002
Vienna,0.75,Peak-aware,Greedy,82,19.844093,19.844093,52.811226,100.0,80.80711,504.17422,4.3491135,23.499115,0.0,22.998358,0.21608514,5.068298000000002,0.5068298000000002
Vienna,0.75,Peak-aware,Greedy,83,17.931538,17.931538,47.696587,100.0,72.28112,515.0093,4.3075433,25.507542,0.0,24.090883,0.12898074,5.068298000000002,0.5068298000000002
Vienna,0.75,Peak-aware,Greedy,84,17.299408,17.299408,46.07526,100.0,70.406364,514.2499,3.5463116,22.496313,0.0,21.847666,0.49599603,5.068298000000002,0.5068298000000002
Vienna,0.75,Peak-aware,Greedy,85,15.717233,15.717233,41.825226,100.0,63.017212,515.30176,3.1249828,24.62498,0.0,23.918861,0.3349644,5.068298000000002,0.5068298000000002
Vienna,0.75,Peak-aware,Greedy,86,18.873186,18.873186,50.147953,100.0,73.00393,506.87097,3.3550072,22.155006,0.0,22.14587,0.23688349,5.068298000000002,0.5068298000000002
Vienna,0.75,Peak-aware,Greedy,87,18.179602,18.179602,48.30177,100.0,71.80023,511.49734,3.583198,23.333199,0.0,22.81538,0.36189872,5.068298000000002,0.5068298000000002
Vienna,0.75,Peak-aware,Greedy,88,19.373543,19.373543,51.38024,100.0,87.10462,513.68695,4.189696,24.789696,0.0,24.290306,0.2612823,5.068298000000002,0.5068298000000002
Vienna,0.75,Peak-aware,Greedy,89,22.551554,22.551554,59.973045,100.0,87.77313,516.31244,4.185215,22.885214,0.0,22.35919,0.22502464,5.068298000000002,0.5068298000000002
Vienna,0.75,Peak-aware,Greedy,90,15.635923,20.635923,41.46347,95.0,66.186005,514.3515,3.728411,24.254728,1.0,22.17287,0.4042409,5.068298000000002,0.5068298000000002
Vienna,0.75,Peak-aware,Greedy,91,15.626264,15.626264,41.510773,100.0,66.45522,513.0323,3.284302,23.334301,0.0,22.779036,0.3847903,5.068298000000002,0.5068298000000002
Vienna,0.75,Peak-aware,Greedy,92,16.392567,16.392567,43.542732,100.0,70.20502,497.7119,3.5846965,25.384695,0.0,25.426605,0.36270243,5.068298000000002,0.5068298000000002
Vienna,0.75,Peak-aware,Greedy,93,18.076525,18.076525,47.783367,100.0,77.34285,494.04282,4.367516,23.117517,0.0,22.889862,0.16882145,5.068298000000002,0.5068298000000002
Vienna,0.75,Peak-aware,Greedy,94,17.083637,17.083637,45.324585,100.0,69.54559,504.95367,3.4231567,23.673157,0.0,23.49451,0.3452032,5.068298000000002,0.5068298000000002
Vienna,0.75,Peak-aware,Greedy,95,16.177181,16.177181,43.11017,100.0,69.706535,498.54852,3.7872925,24.887291,0.0,24.656902,0.17907655,5.068298000000002,0.5068298000000002
Vienna,0.75,Peak-aware,Greedy,96,15.327802,15.327802,40.72217,100.0,60.8832,511.70694,3.19622,24.296225,0.0,23.591785,0.17698999,5.068298000000002,0.5068298000000002
Vienna,0.75,Peak-aware,Greedy,97,15.100911,15.100911,40.169292,100.0,60.70025,499.7945,3.124276,21.724276,0.0,21.643908,0.21610978,5.068298000000002,0.5068298000000002
Vienna,0.75,Peak-aware,Greedy,98,15.854791,15.854791,42.202385,100.0,65.769165,500.26108,4.0259447,26.175945,0.0,25.425184,0.23149723,5.068298000000002,0.5068298000000002
Vienna,0.75,Peak-aware,Greedy,99,17.176144,17.176144,45.728714,100.0,66.76695,506.13327,3.4247928,20.174793,0.0,19.84492,0.27081168,5.068298000000002,0.5068298000000002
London,0.1,Off-peak,DVNDA,0,10.568584,10.568584,29.039413,100.0,54.141235,485.19763,57.18682,78.78682,0.0,25.048616,0.589706,3.975875000000002,0.3975875000000002
London,0.1,Off-peak,DVNDA,1,10.166979,10.166979,28.022297,100.0,52.43789,485.05292,51.980286,70.18028,0.0,21.46353,0.120525815,3.975875000000002,0.3975875000000002
London,0.1,Off-peak,DVNDA,2,11.591266,11.591266,31.74687,100.0,59.36544,484.95837,41.878273,60.77827,0.0,22.546545,0.2609403,3.975875000000002,0.3975875000000002
London,0.1,Off-peak,DVNDA,3,9.10885,9.10885,24.957865,100.0,46.64915,483.07062,56.467052,77.36704,0.0,24.04665,0.34382156,3.975875000000002,0.3975875000000002
London,0.1,Off-peak,DVNDA,4,9.469206,9.469206,25.991306,100.0,49.063213,483.69925,50.893425,69.99342,0.0,22.27951,0.5850037,3.975875000000002,0.3975875000000002
London,0.1,Off-peak,DVNDA,5,9.096012,9.096012,25.070423,100.0,47.140747,482.77066,40.706444,62.20644,0.0,24.708458,0.15985166,3.975875000000002,0.3975875000000002
London,0.1,Off-peak,DVNDA,6,10.2223835,10.2223835,28.068047,100.0,52.45151,484.78793,59.058556,79.90856,0.0,24.209122,0.6428448,3.975875000000002,0.3975875000000002
London,0.1,Off-peak,DVNDA,7,9.004474,9.004474,24.77004,100.0,46.174168,484.08942,59.23637,82.18637,0.0,26.088888,0.68212765,3.975875000000002,0.3975875000000002
London,0.1,Off-peak,DVNDA,8,10.757804,10.757804,29.61839,100.0,55.49963,485.2939,62.28666,83.43666,0.0,24.649992,0.41410604,3.975875000000002,0.3975875000000002
London,0.1,Off-peak,DVNDA,9,9.27698,9.27698,25.508915,100.0,47.71959,482.9202,66.713844,90.56384,0.0,27.163887,0.6059505,3.975875000000002,0.3975875000000002
London,0.1,Off-peak,DVNDA,10,8.794081,8.794081,24.1493,100.0,45.14346,483.31256,47.969337,68.46934,0.0,23.542913,0.18315332,3.975875000000002,0.3975875000000002
London,0.1,Off-peak,DVNDA,11,9.077006,9.077006,24.98468,100.0,46.941063,483.42883,79.52312,101.07312,0.0,24.716202,0.68659526,3.975875000000002,0.3975875000000002
London,0.1,Off-peak,DVNDA,12,10.394882,10.394882,28.492376,100.0,53.247696,483.6574,63.10132,81.851326,0.0,22.1359,0.66446567,3.975875000000002,0.3975875000000002
London,0.1,Off-peak,DVNDA,13,8.587388,8.587388,23.545769,100.0,44.077396,481.9088,47.099224,66.34923,0.0,22.259262,0.23991854,3.975875000000002,0.3975875000000002
London,0.1,Off-peak,DVNDA,14,10.071442,10.071442,27.78943,100.0,51.843727,483.02823,62.983143,85.13314,0.0,25.611534,0.63095623,3.975875000000002,0.3975875000000002
London,0.1,Off-peak,DVNDA,15,11.067814,11.067814,30.384691,100.0,57.79199,501.29614,62.498604,81.9486,0.0,22.281834,0.29401132,3.975875000000002,0.3975875000000002
London,0.1,Off-peak,DVNDA,16,8.493079,8.493079,23.407875,100.0,43.774567,482.88654,56.962574,77.96257,0.0,24.010534,0.43775928,3.975875000000002,0.3975875000000002
London,0.1,Off-peak,DVNDA,17,10.442711,10.442711,28.689613,100.0,53.675022,484.5135,75.5605,97.610504,0.0,25.524315,0.6045592,3.975875000000002,0.3975875000000002
London,0.1,Off-peak,DVNDA,18,8.836299,8.836299,24.23406,100.0,45.60866,482.45767,53.265278,72.665276,0.0,22.468742,0.3047356,3.975875000000002,0.3975875000000002
London,0.1,Off-peak,DVNDA,19,11.213899,11.213899,30.808823,100.0,57.94145,484.57626,46.56519,65.21519,0.0,22.232897,0.49317348,3.975875000000002,0.3975875000000002
London,0.1,Off-peak,DVNDA,20,9.31735,9.31735,25.620808,100.0,47.778687,502.3899,53.971943,73.22194,0.0,21.535997,0.24450175,3.975875000000002,0.3975875000000002
London,0.1,Off-peak,DVNDA,21,10.789331,10.789331,29.744816,100.0,55.447807,486.4247,54.175117,74.07512,0.0,23.30514,0.6065489,3.975875000000002,0.3975875000000002
London,0.1,Off-peak,DVNDA,22,12.148043,12.148043,33.333874,100.0,62.146603,485.79974,37.44388,57.69387,0.0,24.040083,0.13610855,3.975875000000002,0.3975875000000002
London,0.1,Off-peak,DVNDA,23,9.60903,9.60903,26.430264,100.0,49.85399,500.0086,52.89784,73.14784,0.0,22.742306,0.61663043,3.975875000000002,0.3975875000000002
London,0.1,Off-peak,DVNDA,24,9.046277,9.046277,24.817642,100.0,46.73287,481.60184,46.6045,66.6545,0.0,23.241856,0.5011348,3.975875000000002,0.3975875000000002
London,0.1,Off-peak,DVNDA,25,9.439931,9.439931,26.053568,100.0,48.967575,485.13492,53.499718,73.999725,0.0,23.651548,0.5911285,3.975875000000002,0.3975875000000002
London,0.1,Off-peak,DVNDA,26,10.657189,10.657189,29.285852,100.0,55.017597,485.73996,59.580505,76.88051,0.0,20.639519,0.5981537,3.975875000000002,0.3975875000000002
London,0.1,Off-peak,DVNDA,27,10.131779,10.131779,27.76295,100.0,51.918644,483.93872,73.505615,94.85561,0.0,24.74067,0.49130905,3.975875000000002,0.3975875000000002
London,0.1,Off-peak,DVNDA,28,9.062755,9.062755,24.952614,100.0,47.040695,485.20392,60.09557,80.64558,0.0,23.600422,0.6073783,3.975875000000002,0.3975875000000002
London,0.1,Off-peak,DVNDA,29,12.202328,12.202328,33.424274,100.0,62.432556,487.0937,52.543785,71.89378,0.0,23.067055,0.6129481,3.975875000000002,0.3975875000000002
London,0.1,Off-peak,DVNDA,30,8.991945,8.991945,24.666979,100.0,46.326736,483.35776,42.77071,60.62071,0.0,20.860676,0.3390281,3.975875000000002,0.3975875000000002
London,0.1,Off-peak,DVNDA,31,8.8617525,8.8617525,24.34305,100.0,46.023567,483.03424,55.038338,75.28834,0.0,23.343254,0.6038689,3.975875000000002,0.3975875000000002
London,0.1,Off-peak,DVNDA,32,11.068497,11.068497,30.384514,100.0,57.02846,484.93182,54.022503,74.02251,0.0,23.56148,0.66080076,3.975875000000002,0.3975875000000002
London,0.1,Off-peak,DVNDA,33,9.799248,9.799248,27.035234,100.0,50.723587,485.1476,60.975,80.62499,0.0,22.865389,0.61945355,3.975875000000002,0.3975875000000002
London,0.1,Off-peak,DVNDA,34,7.542677,7.542677,20.756067,100.0,39.04971,510.79593,65.0115,87.7615,0.0,24.180384,0.38129026,3.975875000000002,0.3975875000000002
London,0.1,Off-peak,DVNDA,35,12.905426,12.905426,35.469788,100.0,67.60059,485.76697,65.03073,85.53072,0.0,24.57972,0.32030445,3.975875000000002,0.3975875000000002
London,0.1,Off-peak,DVNDA,36,11.364484,11.364484,31.18047,100.0,58.975586,484.83005,82.92911,107.12913,0.0,27.998247,0.5827124,3.975875000000002,0.3975875000000002
London,0.1,Off-peak,DVNDA,37,11.350834,11.350834,31.194275,100.0,58.45773,484.47263,60.144794,81.694786,0.0,25.257248,0.24053776,3.975875000000002,0.3975875000000002
London,0.1,Off-peak,DVNDA,38,9.68617,9.68617,26.614914,100.0,49.871082,515.67566,54.863117,75.063126,0.0,22.003712,0.5949376,3.975875000000002,0.3975875000000002
London,0.1,Off-peak,DVNDA,39,8.734004,8.734004,24.045856,100.0,45.255535,510.95215,56.980583,77.68059,0.0,22.470575,0.51383376,3.975875000000002,0.3975875000000002
London,0.1,Off-peak,DVNDA,40,11.257218,11.257218,30.921965,100.0,57.73063,515.71246,49.47113,71.72113,0.0,24.370687,0.23108247,3.975875000000002,0.3975875000000002
London,0.1,Off-peak,DVNDA,41,12.819393,12.819393,35.10593,100.0,65.79081,514.8828,48.347725,69.34773,0.0,23.587448,0.313759,3.975875000000002,0.3975875000000002
London,0.1,Off-peak,DVNDA,42,9.655942,9.655942,26.602987,100.0,50.043903,483.8602,56.046234,76.84623,0.0,24.079472,0.43111128,3.975875000000002,0.3975875000000002
London,0.1,Off-peak,DVNDA,43,8.7041025,8.7041025,23.969578,100.0,44.89517,483.341,59.86421,79.81421,0.0,22.95973,0.6047186,3.975875000000002,0.3975875000000002
London,0.1,Off-peak,DVNDA,44,11.172557,11.172557,30.663786,100.0,57.669518,485.3243,57.844593,78.09459,0.0,23.833008,0.27348962,3.975875000000002,0.3975875000000002
London,0.1,Off-peak,DVNDA,45,10.643644,10.643644,29.32182,100.0,54.728615,485.07562,60.05163,80.65163,0.0,24.054426,0.59094745,3.975875000000002,0.3975875000000002
London,0.1,Off-peak,DVNDA,46,11.532302,11.532302,31.719288,100.0,59.74505,517.3458,78.90752,99.85752,0.0,23.134674,0.6218684,3.975875000000002,0.3975875000000002
London,0.1,Off-peak,DVNDA,47,11.585458,11.585458,31.857494,100.0,59.855534,486.24722,56.297035,77.99703,0.0,25.39118,0.29638273,3.975875000000002,0.3975875000000002
London,0.1,Off-peak,DVNDA,48,11.432087,11.432087,31.296741,100.0,58.49816,485.1958,54.501484,74.00148,0.0,23.109135,0.30557635,3.975875000000002,0.3975875000000002
London,0.1,Off-peak,DVNDA,49,8.74444,8.74444,24.095861,100.0,45.15428,483.57977,70.055855,88.50585,0.0,21.410856,0.68302625,3.975875000000002,0.3975875000000002
London,0.1,Off-peak,DVNDA,50,8.360741,8.360741,22.955357,100.0,43.07801,483.20905,50.066147,70.36614,0.0,23.234146,0.42718694,3.975875000000002,0.3975875000000002
London,0.1,Off-peak,DVNDA,51,10.353931,10.353931,28.454426,100.0,53.67482,484.8969,65.78105,85.081055,0.0,22.668468,0.60337913,3.975875000000002,0.3975875000000002
London,0.1,Off-peak,DVNDA,52,12.657309,12.657309,34.784714,100.0,65.23892,484.76663,60.773754,81.77376,0.0,25.02436,0.5024888,3.975875000000002,0.3975875000000002
London,0.1,Off-peak,DVNDA,53,10.834985,10.834985,29.773716,100.0,55.612137,483.99857,59.959404,80.00941,0.0,23.58541,0.5696725,3.975875000000002,0.3975875000000002
London,0.1,Off-peak,DVNDA,54,12.520737,12.520737,34.439285,100.0,64.21733,485.18033,41.726955,59.12696,0.0,21.24042,0.06536595,3.975875000000002,0.3975875000000002
London,0.1,Off-peak,DVNDA,55,7.7275906,7.7275906,21.238562,100.0,39.83021,482.50598,44.64933,64.04933,0.0,22.167095,0.29128227,3.975875000000002,0.3975875000000002
London,0.1,Off-peak,DVNDA,56,7.438386,7.438386,20.462809,100.0,38.601585,482.56766,57.680653,79.23065,0.0,24.328276,0.6762523,3.975875000000002,0.3975875000000002
London,0.1,Off-peak,DVNDA,57,9.920629,9.920629,27.119259,100.0,50.580708,484.36832,44.57212,61.82212,0.0,20.41735,0.26713967,3.975875000000002,0.3975875000000002
London,0.1,Off-peak,DVNDA,58,9.717365,9.717365,26.732973,100.0,50.085835,484.01132,52.69274,70.492744,0.0,20.97502,0.5665225,3.975875000000002,0.3975875000000002
London,0.1,Off-peak,DVNDA,59,11.982873,11.982873,32.93377,100.0,61.68538,514.9533,57.16337,78.31336,0.0,23.53055,0.32626238,3.975875000000002,0.3975875000000002
London,0.1,Off-peak,DVNDA,60,10.782593,10.782593,29.648876,100.0,55.607357,484.16748,57.806183,77.60618,0.0,23.318758,0.22802821,3.975875000000002,0.3975875000000002
London,0.1,Off-peak,DVNDA,61,11.654205,11.654205,32.07378,100.0,59.952427,483.9346,51.247314,71.44731,0.0,23.967726,0.41195014,3.975875000000002,0.3975875000000002
London,0.1,Off-peak,DVNDA,62,9.362255,9.362255,25.712387,100.0,48.07216,483.07858,41.77566,61.37566,0.0,22.774359,0.31619406,3.975875000000002,0.3975875000000002
London,0.1,Off-peak,DVNDA,63,7.537232,7.537232,20.64896,100.0,38.653957,483.45364,59.82597,81.02598,0.0,23.924423,0.6840083,3.975875000000002,0.3975875000000002
London,0.1,Off-peak,DVNDA,64,11.592437,11.592437,31.854523,100.0,59.429,484.4933,82.390396,106.34041,0.0,27.783098,0.6302882,3.975875000000002,0.3975875000000002
London,0.1,Off-peak,DVNDA,65,8.800105,8.800105,24.219849,100.0,45.150116,484.20428,51.405853,70.40585,0.0,21.950968,0.6544875,3.975875000000002,0.3975875000000002
London,0.1,Off-peak,DVNDA,66,12.258917,12.258917,33.67343,100.0,62.875042,485.4018,50.82668,73.826675,0.0,26.930016,0.037580747,3.975875000000002,0.3975875000000002
London,0.1,Off-peak,DVNDA,67,9.550853,9.550853,26.249031,100.0,49.0923,485.17078,87.12407,107.57407,0.0,23.604689,0.6444466,3.975875000000002,0.3975875000000002
London,0.1,Off-peak,DVNDA,68,12.114608,12.114608,33.321693,100.0,62.829765,483.32532,44.38549,65.88549,0.0,25.491623,0.29890874,3.975875000000002,0.3975875000000002
London,0.1,Off-peak,DVNDA,69,10.763887,10.763887,29.57222,100.0,55.26229,483.11084,42.260975,60.86098,0.0,22.109953,0.26270655,3.975875000000002,0.3975875000000002
London,0.1,Off-peak,DVNDA,70,8.791918,8.791918,24.116776,100.0,45.857727,484.41547,67.213524,88.863525,0.0,24.713171,0.62138176,3.975875000000002,0.3975875000000002
London,0.1,Off-peak,DVNDA,71,11.969806,11.969806,32.780537,100.0,61.73715,484.45593,55.865803,77.715805,0.0,25.736973,0.18446511,3.975875000000002,0.3975875000000002
London,0.1,Off-peak,DVNDA,72,8.379652,8.379652,23.053534,100.0,42.970226,483.4696,54.343616,76.79362,0.0,25.43956,0.51190186,3.975875000000002,0.3975875000000002
London,0.1,Off-peak,DVNDA,73,10.963379,10.963379,30.161068,100.0,56.27091,484.1,52.78017,73.03017,0.0,23.821054,0.38753697,3.975875000000002,0.3975875000000002
London,0.1,Off-peak,DVNDA,74,10.25179,10.25179,28.291313,100.0,52.829674,483.8007,52.788807,71.238815,0.0,21.7977,0.5830971,3.975875000000002,0.3975875000000002
London,0.1,Off-peak,DVNDA,75,8.513163,8.513163,23.375874,100.0,43.582214,483.16937,72.320755,95.22075,0.0,25.95271,0.6216127,3.975875000000002,0.3975875000000002
London,0.1,Off-peak,DVNDA,76,10.742962,10.742962,29.501146,100.0,55.20804,485.33517,54.51702,76.66702,0.0,25.663094,0.59701914,3.975875000000002,0.3975875000000002
London,0.1,Off-peak,DVNDA,77,11.237085,11.237085,30.842812,100.0,57.76778,482.89816,43.125935,62.22594,0.0,22.767109,0.37994036,3.975875000000002,0.3975875000000002
London,0.1,Off-peak,DVNDA,78,10.30407,10.30407,28.248142,100.0,53.06345,503.98538,68.59803,89.89803,0.0,23.763762,0.6271429,3.975875000000002,0.3975875000000002
London,0.1,Off-peak,DVNDA,79,9.288695,9.288695,25.557102,100.0,47.652878,510.7238,49.1213,71.5213,0.0,24.262278,0.26137903,3.975875000000002,0.3975875000000002
London,0.1,Off-peak,DVNDA,80,9.775321,9.775321,26.942312,100.0,50.411606,505.75037,56.804024,76.654015,0.0,22.116226,0.58437407,3.975875000000002,0.3975875000000002
London,0.1,Off-peak,DVNDA,81,8.196593,8.196593,22.43956,100.0,42.04064,483.6002,42.770866,63.87087,0.0,23.988855,0.29943687,3.975875000000002,0.3975875000000002
London,0.1,Off-peak,DVNDA,82,12.151407,12.151407,33.3277,100.0,62.29364,484.54166,58.959846,82.40984,0.0,27.412176,0.24529728,3.975875000000002,0.3975875000000002
London,0.1,Off-peak,DVNDA,83,9.982677,9.982677,27.424414,100.0,51.72398,482.5681,54.63424,74.23424,0.0,22.987635,0.44510058,3.975875000000002,0.3975875000000002
London,0.1,Off-peak,DVNDA,84,10.059461,10.059461,27.593966,100.0,51.563362,485.0864,50.281166,70.53117,0.0,23.53001,0.30828547,3.975875000000002,0.3975875000000002
London,0.1,Off-peak,DVNDA,85,9.674802,9.674802,26.51245,100.0,49.55581,483.48706,63.561817,85.011826,0.0,24.745018,0.36556956,3.975875000000002,0.3975875000000002
London,0.1,Off-peak,DVNDA,86,11.775016,11.775016,32.43125,100.0,60.710655,483.3513,41.631424,63.38142,0.0,25.639252,0.18545675,3.975875000000002,0.3975875000000002
London,0.1,Off-peak,DVNDA,87,10.924675,10.924675,30.033377,100.0,56.380768,483.68185,56.7659,77.365906,0.0,24.209137,0.4098801,3.975875000000002,0.3975875000000002
London,0.1,Off-peak,DVNDA,88,9.984234,9.984234,27.376614,100.0,51.185314,483.3941,56.927544,76.87755,0.0,23.28252,0.47435415,3.975875000000002,0.3975875000000002
London,0.1,Off-peak,DVNDA,89,13.407063,13.407063,36.869453,100.0,69.12097,485.49512,63.39388,83.84388,0.0,24.620277,0.28975627,3.975875000000002,0.3975875000000002
London,0.1,Off-peak,DVNDA,90,8.687048,8.687048,23.854284,100.0,44.674507,508.34628,67.78016,90.330154,0.0,24.376814,0.6133547,3.975875000000002,0.3975875000000002
London,0.1,Off-peak,DVNDA,91,10.791288,10.791288,29.70834,100.0,56.020924,485.18503,61.112465,83.11246,0.0,25.558334,0.6777103,3.975875000000002,0.3975875000000002
London,0.1,Off-peak,DVNDA,92,9.950089,9.950089,27.324224,100.0,51.126312,483.3065,43.970924,65.970924,0.0,25.404497,0.11633087,3.975875000000002,0.3975875000000002
London,0.1,Off-peak,DVNDA,93,9.918258,9.918258,27.324554,100.0,51.664444,485.06,58.420967,78.97096,0.0,23.845736,0.5850674,3.975875000000002,0.3975875000000002
London,0.1,Off-peak,DVNDA,94,9.197846,9.197846,25.27299,100.0,47.4865,482.4907,61.708687,83.158676,0.0,24.688894,0.49351564,3.975875000000002,0.3975875000000002
London,0.1,Off-peak,DVNDA,95,11.411185,11.411185,31.359657,100.0,58.58415,506.63562,53.214203,72.764206,0.0,22.18479,0.581697,3.975875000000002,0.3975875000000002
London,0.1,Off-peak,DVNDA,96,11.291961,11.291961,31.053852,100.0,58.318764,503.24936,55.110817,76.01082,0.0,23.662163,0.42989743,3.975875000000002,0.3975875000000002
London,0.1,Off-peak,DVNDA,97,10.966497,10.966497,30.184536,100.0,56.317978,483.8054,55.5442,76.544205,0.0,24.6131,0.6016658,3.975875000000002,0.3975875000000002
London,0.1,Off-peak,DVNDA,98,10.436784,10.436784,28.600447,100.0,53.420822,509.65875,42.044533,61.74453,0.0,21.947079,0.2505577,3.975875000000002,0.3975875000000002
London,0.1,Off-peak,DVNDA,99,11.144084,11.144084,30.694145,100.0,57.391617,484.22888,50.70241,70.10241,0.0,22.994894,0.28010297,3.975875000000002,0.3975875000000002
London,0.1,Off-peak,Greedy,0,11.715835,11.715835,32.1771,100.0,59.981335,450.68365,35.214935,56.81493,0.0,27.290833,0.062628135,3.4373380000000253,0.34373380000000253
London,0.1,Off-peak,Greedy,1,11.049857,11.049857,30.439497,100.0,56.948,405.23962,36.303623,54.50362,0.0,25.969076,0.18788704,3.4373380000000253,0.34373380000000253
London,0.1,Off-peak,Greedy,2,11.374022,11.374022,31.150814,100.0,58.255333,305.2751,31.383717,50.283714,0.0,35.72641,0.20400654,3.4373380000000253,0.34373380000000253
London,0.1,Off-peak,Greedy,3,8.857312,8.857312,24.243332,100.0,45.271267,259.77563,39.70511,60.605106,0.0,44.583786,0.31251252,3.4373380000000253,0.34373380000000253
London,0.1,Off-peak,Greedy,4,10.313498,10.313498,28.27017,100.0,53.31127,464.59818,34.075325,53.175323,0.0,23.424074,0.16816837,3.4373380000000253,0.34373380000000253
London,0.1,Off-peak,Greedy,5,8.717557,13.717557,23.998758,95.0,45.037228,223.73947,41.114838,63.009575,1.0,51.514957,0.12545756,3.4373380000000253,0.34373380000000253
London,0.1,Off-peak,Greedy,6,10.1256075,10.1256075,27.852827,100.0,52.050323,464.78787,33.906776,54.756786,0.0,25.229267,0.19570407,3.4373380000000253,0.34373380000000253
London,0.1,Off-peak,Greedy,7,9.416646,9.416646,25.937796,100.0,48.342087,223.67804,36.408897,59.358902,0.0,56.704502,0.032085672,3.4373380000000253,0.34373380000000253
London,0.1,Off-peak,Greedy,8,11.4698,11.4698,31.527817,100.0,59.17794,267.61746,41.651573,62.80157,0.0,45.04358,0.11818686,3.4373380000000253,0.34373380000000253
London,0.1,Off-peak,Greedy,9,11.447837,11.447837,31.455082,100.0,58.80391,452.20917,46.205242,70.055244,0.0,29.621464,0.14134681,3.4373380000000253,0.34373380000000253
London,0.1,Off-peak,Greedy,10,10.135583,10.135583,27.793776,100.0,51.941628,456.2753,34.2406,54.740593,0.0,25.310465,0.10145583,3.4373380000000253,0.34373380000000253
London,0.1,Off-peak,Greedy,11,11.101392,11.101392,30.508142,100.0,57.23297,403.0683,39.727516,61.27752,0.0,30.282274,0.17949528,3.4373380000000253,0.34373380000000253
London,0.1,Off-peak,Greedy,12,12.005963,12.005963,33.020893,100.0,61.675995,403.10547,33.125828,51.875828,0.0,27.081995,0.1839943,3.4373380000000253,0.34373380000000253
London,0.1,Off-peak,Greedy,13,10.916247,10.916247,29.91454,100.0,55.940594,263.0335,36.815735,56.06574,0.0,41.90917,0.08843821,3.4373380000000253,0.34373380000000253
London,0.1,Off-peak,Greedy,14,12.737222,12.737222,34.972954,100.0,65.23908,164.09958,46.75195,68.90195,0.0,77.42846,0.13178548,3.4373380000000253,0.34373380000000253
London,0.1,Off-peak,Greedy,15,12.257876,12.257876,33.69338,100.0,63.959747,499.56555,36.560154,56.010155,0.0,22.667683,0.18134731,3.4373380000000253,0.34373380000000253
London,0.1,Off-peak,Greedy,16,9.178953,9.178953,25.254936,100.0,47.21869,308.55444,39.82813,60.82813,0.0,37.855446,0.18891297,3.4373380000000253,0.34373380000000253
London,0.1,Off-peak,Greedy,17,10.226419,10.226419,28.160547,100.0,52.794613,138.94121,43.44712,65.49712,0.0,88.84956,0.21189924,3.4373380000000253,0.34373380000000253
London,0.1,Off-peak,Greedy,18,10.450958,10.450958,28.696226,100.0,54.042095,304.18912,34.77725,54.177246,0.0,36.329544,0.14901009,3.4373380000000253,0.34373380000000253
London,0.1,Off-peak,Greedy,19,11.729217,11.729217,32.2121,100.0,60.557316,354.0906,33.331875,51.98188,0.0,30.61062,0.14355947,3.4373380000000253,0.34373380000000253
London,0.1,Off-peak,Greedy,20,10.070324,10.070324,27.656008,100.0,51.572533,502.11346,31.57613,50.826138,0.0,21.736746,0.19230868,3.4373380000000253,0.34373380000000253
London,0.1,Off-peak,Greedy,21,13.098921,13.098921,36.032116,100.0,67.17251,223.80197,38.117996,58.01799,0.0,51.96251,0.04338978,3.4373380000000253,0.34373380000000253
London,0.1,Off-peak,Greedy,22,12.721821,17.72182,34.909237,95.0,65.08326,280.132,36.622498,57.043552,1.0,40.434803,0.03887662,3.4373380000000253,0.34373380000000253
London,0.1,Off-peak,Greedy,23,11.748227,11.748227,32.30102,100.0,60.788837,500.0086,35.55511,55.80512,0.0,23.28904,0.2038455,3.4373380000000253,0.34373380000000253
London,0.1,Off-peak,Greedy,24,8.780081,8.780081,24.092972,100.0,45.386448,269.45074,32.25255,52.302544,0.0,41.416332,0.010632555,3.4373380000000253,0.34373380000000253
London,0.1,Off-peak,Greedy,25,11.252939,11.252939,31.018188,100.0,58.232098,309.74426,35.019745,55.51974,0.0,37.79183,0.13871814,3.4373380000000253,0.34373380000000253
London,0.1,Off-peak,Greedy,26,11.627432,11.627432,31.9676,100.0,60.025414,308.9754,35.214798,52.5148,0.0,32.852566,0.13151473,3.4373380000000253,0.34373380000000253
London,0.1,Off-peak,Greedy,27,11.329277,11.329277,31.174503,100.0,58.273705,401.51816,41.078693,62.428696,0.0,30.214926,0.20051354,3.4373380000000253,0.34373380000000253
London,0.1,Off-peak,Greedy,28,9.880971,9.880971,27.137794,100.0,51.2604,320.93863,35.531567,56.081566,0.0,36.008476,0.18289079,3.4373380000000253,0.34373380000000253
London,0.1,Off-peak,Greedy,29,14.2794075,14.2794075,39.156387,100.0,73.12234,475.27805,35.96661,55.31661,0.0,24.202795,0.115823634,3.4373380000000253,0.34373380000000253
London,0.1,Off-peak,Greedy,30,10.555444,10.555444,28.997578,100.0,54.39947,365.88852,27.158098,45.008095,0.0,28.109617,0.1128398,3.4373380000000253,0.34373380000000253
London,0.1,Off-peak,Greedy,31,9.747642,9.747642,26.786383,100.0,50.746975,172.35966,37.340405,57.59041,0.0,66.104065,0.12751567,3.4373380000000253,0.34373380000000253
London,0.1,Off-peak,Greedy,32,11.982119,11.982119,32.84088,100.0,61.611877,266.67957,37.65995,57.659946,0.0,43.274025,0.18088427,3.4373380000000253,0.34373380000000253
London,0.1,Off-peak,Greedy,33,10.901426,10.901426,30.018377,100.0,56.28323,411.9311,33.98537,53.63537,0.0,27.266893,0.19844927,3.4373380000000253,0.34373380000000253
London,0.1,Off-peak,Greedy,34,7.994942,7.994942,21.988506,100.0,41.247025,513.4547,36.8737,59.623695,0.0,24.162159,0.36607587,3.4373380000000253,0.34373380000000253
London,0.1,Off-peak,Greedy,35,11.084771,11.084771,30.507238,100.0,58.34984,127.987404,44.34049,64.84049,0.0,91.48358,0.14181343,3.4373380000000253,0.34373380000000253
London,0.1,Off-peak,Greedy,36,13.365063,13.365063,36.620518,100.0,69.11647,269.3656,44.289494,68.4895,0.0,51.335102,0.29070476,3.4373380000000253,0.34373380000000253
London,0.1,Off-peak,Greedy,37,11.057353,11.057353,30.482292,100.0,57.1347,462.64352,39.511032,61.06103,0.0,26.377474,0.10396322,3.4373380000000253,0.34373380000000253
London,0.1,Off-peak,Greedy,38,11.976059,11.976059,32.894875,100.0,61.587543,515.67566,34.949165,55.149162,0.0,22.571724,0.10555937,3.4373380000000253,0.34373380000000253
London,0.1,Off-peak,Greedy,39,11.376234,11.376234,31.307215,100.0,58.787083,513.0699,37.584305,58.284294,0.0,23.037169,0.05437092,3.4373380000000253,0.34373380000000253
London,0.1,Off-peak,Greedy,40,12.624626,12.624626,34.75352,100.0,64.98308,516.8823,40.504677,62.754684,0.0,24.666306,0.14318813,3.4373380000000253,0.34373380000000253
London,0.1,Off-peak,Greedy,41,12.658347,12.658347,34.763485,100.0,65.15245,514.41174,36.10098,57.100975,0.0,23.578022,0.20925257,3.4373380000000253,0.34373380000000253
London,0.1,Off-peak,Greedy,42,11.598692,11.598692,31.97202,100.0,60.05212,366.44635,38.1737,58.9737,0.0,32.47761,0.09334129,3.4373380000000253,0.34373380000000253
London,0.1,Off-peak,Greedy,43,10.702306,10.702306,29.475992,100.0,55.15974,418.81598,33.781265,53.73127,0.0,27.109743,0.21953395,3.4373380000000253,0.34373380000000253
London,0.1,Off-peak,Greedy,44,11.819101,11.819101,32.5101,100.0,61.152725,358.7419,38.090736,58.34074,0.0,32.48524,0.22907738,3.4373380000000253,0.34373380000000253
London,0.1,Off-peak,Greedy,45,11.7886915,11.7886915,32.376846,100.0,60.42772,274.65918,42.30117,62.90116,0.0,43.001266,0.11046668,3.4373380000000253,0.34373380000000253
London,0.1,Off-peak,Greedy,46,9.785957,9.785957,26.93847,100.0,50.837517,517.3458,31.289885,52.239883,0.0,22.70423,0.38714406,3.4373380000000253,0.34373380000000253
London,0.1,Off-peak,Greedy,47,13.290191,13.290191,36.500275,100.0,68.51467,413.23746,40.762474,62.462475,0.0,30.401083,0.20335177,3.4373380000000253,0.34373380000000253
London,0.1,Off-peak,Greedy,48,11.004192,11.004192,30.104774,100.0,56.345253,455.17923,35.409286,54.90929,0.0,24.514809,0.045922726,3.4373380000000253,0.34373380000000253
London,0.1,Off-peak,Greedy,49,9.636621,9.636621,26.536854,100.0,49.7043,224.51913,29.949686,48.399685,0.0,46.62234,0.26053432,3.4373380000000253,0.34373380000000253
London,0.1,Off-peak,Greedy,50,9.52284,9.52284,26.148314,100.0,48.920044,266.139,33.559612,53.859615,0.0,42.73331,0.18315397,3.4373380000000253,0.34373380000000253
London,0.1,Off-peak,Greedy,51,11.014346,11.014346,30.229425,100.0,57.1952,450.56427,37.889194,57.189194,0.0,24.591122,0.14383146,3.4373380000000253,0.34373380000000253
London,0.1,Off-peak,Greedy,52,12.624817,12.624817,34.611694,100.0,64.9164,457.76138,35.37946,56.379463,0.0,26.483032,0.39816383,3.4373380000000253,0.34373380000000253
London,0.1,Off-peak,Greedy,53,13.550442,13.550442,37.175823,100.0,69.41049,170.015,39.253166,59.30316,0.0,69.171906,0.1469273,3.4373380000000253,0.34373380000000253
London,0.1,Off-peak,Greedy,54,11.423216,11.423216,31.40982,100.0,58.57007,268.18335,33.85543,51.255432,0.0,37.900383,0.12594038,3.4373380000000253,0.34373380000000253
London,0.1,Off-peak,Greedy,55,10.144328,10.144328,27.945469,100.0,52.332645,218.22745,33.99402,53.394024,0.0,50.444237,0.047888402,3.4373380000000253,0.34373380000000253
London,0.1,Off-peak,Greedy,56,10.919933,10.919933,29.980083,100.0,56.23832,277.55194,36.397568,57.947567,0.0,43.887123,0.044767708,3.4373380000000253,0.34373380000000253
London,0.1,Off-peak,Greedy,57,10.323103,10.323103,28.266718,100.0,52.719704,363.8635,31.105581,48.355587,0.0,27.32616,0.18467852,3.4373380000000253,0.34373380000000253
London,0.1,Off-peak,Greedy,58,10.688498,10.688498,29.491858,100.0,55.233154,213.57298,33.244,51.044003,0.0,48.137306,0.17450975,3.4373380000000253,0.34373380000000253
London,0.1,Off-peak,Greedy,59,14.377279,14.377279,39.56917,100.0,74.050064,515.14105,41.472763,62.622765,0.0,24.122036,0.20523699,3.4373380000000253,0.34373380000000253
London,0.1,Off-peak,Greedy,60,11.839587,11.839587,32.56739,100.0,60.709152,406.4666,39.69647,59.49647,0.0,28.0902,0.12077124,3.4373380000000253,0.34373380000000253
London,0.1,Off-peak,Greedy,61,12.224104,12.224104,33.56689,100.0,62.735752,457.24695,36.026314,56.226322,0.0,25.518799,0.13793324,3.4373380000000253,0.34373380000000253
London,0.1,Off-peak,Greedy,62,12.662842,12.662842,34.78619,100.0,64.87676,418.2422,35.015274,54.61527,0.0,27.309341,0.28000888,3.4373380000000253,0.34373380000000253
London,0.1,Off-peak,Greedy,63,10.163589,10.163589,27.901217,100.0,52.058533,211.72807,41.846043,63.046043,0.0,56.21108,0.15712567,3.4373380000000253,0.34373380000000253
London,0.1,Off-peak,Greedy,64,10.957181,10.957181,30.098888,100.0,56.156292,364.88522,43.617813,67.56782,0.0,36.66607,0.26539233,3.4373380000000253,0.34373380000000253
London,0.1,Off-peak,Greedy,65,9.840273,9.840273,27.016357,100.0,50.3634,272.82565,33.240223,52.240227,0.0,39.435753,0.127744,3.4373380000000253,0.34373380000000253
London,0.1,Off-peak,Greedy,66,13.123987,13.123987,36.111908,100.0,67.41619,423.01944,39.02505,62.025047,0.0,31.169737,0.115556456,3.4373380000000253,0.34373380000000253
London,0.1,Off-peak,Greedy,67,11.344343,11.344343,31.160933,100.0,58.243187,465.80176,37.599327,58.04933,0.0,25.07736,0.15808807,3.4373380000000253,0.34373380000000253
London,0.1,Off-peak,Greedy,68,11.344831,11.344831,31.066683,100.0,58.621723,353.64606,42.523907,64.02391,0.0,34.54172,0.10586235,3.4373380000000253,0.34373380000000253
London,0.1,Off-peak,Greedy,69,11.280129,11.280129,31.01606,100.0,57.94514,413.3567,31.79085,50.390846,0.0,26.003277,0.21550184,3.4373380000000253,0.34373380000000253
London,0.1,Off-peak,Greedy,70,11.595278,11.595278,31.85282,100.0,60.44834,363.0074,39.849377,61.499374,0.0,33.98335,0.1674114,3.4373380000000253,0.34373380000000253
London,0.1,Off-peak,Greedy,71,13.4607935,13.4607935,36.92689,100.0,69.470604,224.23854,41.296783,63.146782,0.0,56.465603,0.2152739,3.4373380000000253,0.34373380000000253
London,0.1,Off-peak,Greedy,72,9.192048,9.192048,25.230633,100.0,47.008774,225.63185,44.435326,66.88533,0.0,54.957752,0.2598349,3.4373380000000253,0.34373380000000253
London,0.1,Off-peak,Greedy,73,11.435732,11.435732,31.446539,100.0,58.78136,454.9567,40.405746,60.655746,0.0,25.484917,0.08813113,3.4373380000000253,0.34373380000000253
London,0.1,Off-peak,Greedy,74,11.106733,11.106733,30.572392,100.0,57.076416,357.8831,33.189526,51.63953,0.0,29.763657,0.20390931,3.4373380000000253,0.34373380000000253
London,0.1,Off-peak,Greedy,75,8.25592,8.25592,22.655432,100.0,42.23922,217.17694,41.829613,64.72961,0.0,57.584286,0.035908017,3.4373380000000253,0.34373380000000253
London,0.1,Off-peak,Greedy,76,11.38625,11.38625,31.338652,100.0,58.514454,324.60666,39.693886,61.843887,0.0,38.62478,0.058472086,3.4373380000000253,0.34373380000000253
London,0.1,Off-peak,Greedy,77,12.149223,12.149223,33.353172,100.0,62.434013,320.91986,34.162643,53.26264,0.0,34.621887,0.12691247,3.4373380000000253,0.34373380000000253
London,0.1,Off-peak,Greedy,78,12.5967865,12.5967865,34.63865,100.0,64.971634,506.21103,43.429794,64.7298,0.0,24.24738,0.15352042,3.4373380000000253,0.34373380000000253
London,0.1,Off-peak,Greedy,79,10.202274,10.202274,28.031597,100.0,52.265614,510.7238,41.294064,63.69406,0.0,24.48807,0.16554531,3.4373380000000253,0.34373380000000253
London,0.1,Off-peak,Greedy,80,10.155988,10.155988,27.91859,100.0,52.231503,506.6695,36.735138,56.58514,0.0,22.165905,0.19262333,3.4373380000000253,0.34373380000000253
London,0.1,Off-peak,Greedy,81,9.681526,9.681526,26.492237,100.0,49.590847,403.59073,37.919777,59.019775,0.0,29.212196,0.19711314,3.4373380000000253,0.34373380000000253
London,0.1,Off-peak,Greedy,82,12.979176,12.979176,35.54207,100.0,66.29811,469.10132,42.11846,65.56847,0.0,28.52785,0.20562175,3.4373380000000253,0.34373380000000253
London,0.1,Off-peak,Greedy,83,12.520702,12.520702,34.32374,100.0,64.5851,370.17834,34.526432,54.126434,0.0,30.835482,0.1073919,3.4373380000000253,0.34373380000000253
London,0.1,Off-peak,Greedy,84,12.12099,12.12099,33.292206,100.0,62.176613,258.84863,39.204647,59.454643,0.0,45.12064,0.12116327,3.4373380000000253,0.34373380000000253
London,0.1,Off-peak,Greedy,85,9.585298,9.585298,26.340757,100.0,49.24021,269.81912,36.905968,58.355972,0.0,44.311184,0.1785373,3.4373380000000253,0.34373380000000253
London,0.1,Off-peak,Greedy,86,11.720149,16.72015,32.316246,95.0,60.50173,127.909996,40.630714,61.999138,1.0,91.177734,0.15959723,3.4373380000000253,0.34373380000000253
London,0.1,Off-peak,Greedy,87,12.051127,12.051127,33.185795,100.0,62.252785,415.49063,38.74381,59.343807,0.0,28.53571,0.12189034,3.4373380000000253,0.34373380000000253
London,0.1,Off-peak,Greedy,88,10.795175,10.795175,29.612846,100.0,55.312164,461.779,36.757835,56.70784,0.0,24.595758,0.31870392,3.4373380000000253,0.34373380000000253
London,0.1,Off-peak,Greedy,89,11.752548,11.752548,32.289764,100.0,60.579468,124.28115,39.56807,60.018066,0.0,94.45911,0.15200226,3.4373380000000253,0.34373380000000253
London,0.1,Off-peak,Greedy,90,9.423113,9.423113,25.818857,100.0,48.336685,508.834,38.799366,61.349365,0.0,24.533377,0.11342878,3.4373380000000253,0.34373380000000253
London,0.1,Off-peak,Greedy,91,11.633644,11.633644,32.10042,100.0,60.379673,462.6608,45.522564,67.52256,0.0,27.038147,0.124522895,3.4373380000000253,0.34373380000000253
London,0.1,Off-peak,Greedy,92,10.655804,10.655804,29.32143,100.0,54.849327,463.46753,38.65341,60.653416,0.0,26.692774,0.26146945,3.4373380000000253,0.34373380000000253
London,0.1,Off-peak,Greedy,93,10.98329,10.98329,30.218615,100.0,57.260963,408.21704,38.24953,58.799538,0.0,28.677206,0.23612927,3.4373380000000253,0.34373380000000253
London,0.1,Off-peak,Greedy,94,10.466159,10.466159,28.76164,100.0,53.985275,310.91925,37.33778,58.787777,0.0,38.83527,0.103414156,3.4373380000000253,0.34373380000000253
London,0.1,Off-peak,Greedy,95,12.198043,12.198043,33.48115,100.0,62.534405,506.63556,35.56093,55.11093,0.0,22.379717,0.081397206,3.4373380000000253,0.34373380000000253
London,0.1,Off-peak,Greedy,96,13.0618,13.0618,35.906628,100.0,67.36589,504.97662,41.7833,62.683304,0.0,24.029127,0.10494276,3.4373380000000253,0.34373380000000253
London,0.1,Off-peak,Greedy,97,11.112377,11.112377,30.515335,100.0,56.930447,316.57306,39.06438,60.06439,0.0,37.663536,0.21300286,3.4373380000000253,0.34373380000000253
London,0.1,Off-peak,Greedy,98,11.827162,11.827162,32.464516,100.0,60.623886,510.81848,32.963146,52.663147,0.0,22.249777,0.08087796,3.4373380000000253,0.34373380000000253
London,0.1,Off-peak,Greedy,99,12.397998,12.397998,34.077087,100.0,63.697803,173.8077,37.695587,57.095585,0.0,64.97092,0.17402373,3.4373380000000253,0.34373380000000253
London,0.1,Peak-aware,DVNDA,0,10.568584,10.568584,29.039413,100.0,56.04854,485.19763,57.361687,78.961685,0.0,25.146893,0.589706,3.9761019999999907,0.3976101999999991
London,0.1,Peak-aware,DVNDA,1,10.170263,10.170263,28.031958,100.0,55.186005,485.05292,52.151478,70.35149,0.0,21.60517,0.12105576,3.9761019999999907,0.3976101999999991
London,0.1,Peak-aware,DVNDA,2,11.602302,11.602302,31.776133,100.0,63.304733,484.95837,42.07524,60.97523,0.0,22.749619,0.261877,3.9761019999999907,0.3976101999999991
London,0.1,Peak-aware,DVNDA,3,9.154007,9.154007,25.079973,100.0,49.59863,483.07062,56.687885,77.58787,0.0,24.19929,0.34465078,3.9761019999999907,0.3976101999999991
London,0.1,Peak-aware,DVNDA,4,9.486147,9.486147,26.029007,100.0,51.99611,483.69925,51.11695,70.21695,0.0,22.431095,0.5846847,3.9761019999999907,0.3976101999999991
London,0.1,Peak-aware,DVNDA,5,9.096012,9.096012,25.070423,100.0,47.589775,482.77066,40.728893,62.22889,0.0,24.731709,0.15985166,3.9761019999999907,0.3976101999999991
London,0.1,Peak-aware,DVNDA,6,10.26754,10.26754,28.190159,100.0,57.960968,484.78793,59.582653,80.432655,0.0,24.493237,0.64289004,3.9761019999999907,0.3976101999999991
London,0.1,Peak-aware,DVNDA,7,9.004474,9.004474,24.77004,100.0,50.43898,484.08942,59.536713,82.48672,0.0,26.30914,0.68212765,3.9761019999999907,0.3976101999999991
London,0.1,Peak-aware,DVNDA,8,10.790074,10.790074,29.712006,100.0,59.762238,485.2939,62.786304,83.936295,0.0,24.869577,0.4129614,3.9761019999999907,0.3976101999999991
London,0.1,Peak-aware,DVNDA,9,9.279666,9.279666,25.514278,100.0,53.028378,482.9202,67.189804,91.03981,0.0,27.438715,0.6059786,3.9761019999999907,0.3976101999999991
London,0.1,Peak-aware,DVNDA,10,8.794081,8.794081,24.1493,100.0,48.525852,483.31256,48.19522,68.69522,0.0,23.717873,0.18315332,3.9761019999999907,0.3976101999999991
London,0.1,Peak-aware,DVNDA,11,9.077327,9.077327,24.984816,100.0,53.607853,483.42883,80.17772,101.727715,0.0,25.06097,0.6865963,3.9761019999999907,0.3976101999999991
London,0.1,Peak-aware,DVNDA,12,10.401234,10.401234,28.500252,100.0,60.340797,483.6574,63.631653,82.38165,0.0,22.50254,0.6645612,3.9761019999999907,0.3976101999999991
London,0.1,Peak-aware,DVNDA,13,8.587509,8.587509,23.546352,100.0,47.193134,481.9088,47.294044,66.544044,0.0,22.4209,0.23995285,3.9761019999999907,0.3976101999999991
London,0.1,Peak-aware,DVNDA,14,10.071442,10.071442,27.78943,100.0,57.007267,483.02823,63.390064,85.54007,0.0,25.878788,0.63095623,3.9761019999999907,0.3976101999999991
London,0.1,Peak-aware,DVNDA,15,11.092413,11.092413,30.45694,100.0,62.068527,501.29614,62.972603,82.4226,0.0,22.49511,0.29515466,3.9761019999999907,0.3976101999999991
London,0.1,Peak-aware,DVNDA,16,8.533003,8.533003,23.520115,100.0,46.10519,482.88654,57.136158,78.136154,0.0,24.131197,0.43803102,3.9761019999999907,0.3976101999999991
London,0.1,Peak-aware,DVNDA,17,10.442712,10.442712,28.68961,100.0,56.86393,484.5135,75.86001,97.91002,0.0,25.68886,0.6045592,3.9761019999999907,0.3976101999999991
London,0.1,Peak-aware,DVNDA,18,8.884004,8.884004,24.36623,100.0,47.586163,482.45767,53.388233,72.78824,0.0,22.571215,0.3065808,3.9761019999999907,0.3976101999999991
London,0.1,Peak-aware,DVNDA,19,11.213899,11.213899,30.808823,100.0,62.224594,484.57626,46.81147,65.46147,0.0,22.45387,0.49317348,3.9761019999999907,0.3976101999999991
London,0.1,Peak-aware,DVNDA,20,9.323917,9.323917,25.63881,100.0,50.67871,502.3899,54.198902,73.4489,0.0,21.68031,0.2444848,3.9761019999999907,0.3976101999999991
London,0.1,Peak-aware,DVNDA,21,10.789331,10.789331,29.744816,100.0,59.254307,486.4247,54.45849,74.35849,0.0,23.500774,0.6065489,3.9761019999999907,0.3976101999999991
London,0.1,Peak-aware,DVNDA,22,12.148043,12.148043,33.333874,100.0,64.04164,485.79974,37.538628,57.788628,0.0,24.137602,0.13610855,3.9761019999999907,0.3976101999999991
London,0.1,Peak-aware,DVNDA,23,9.614157,9.614157,26.443726,100.0,51.788822,500.0086,53.02105,73.27105,0.0,22.839046,0.6168215,3.9761019999999907,0.3976101999999991
London,0.1,Peak-aware,DVNDA,24,9.047619,9.047619,24.82032,100.0,48.638554,481.60184,46.699783,66.74979,0.0,23.340782,0.50121987,3.9761019999999907,0.3976101999999991
London,0.1,Peak-aware,DVNDA,25,9.439931,9.439931,26.053566,100.0,51.850464,485.13492,53.663208,74.163216,0.0,23.800104,0.5911285,3.9761019999999907,0.3976101999999991
London,0.1,Peak-aware,DVNDA,26,10.660762,10.660762,29.29598,100.0,57.81627,485.73996,59.910667,77.21067,0.0,20.783564,0.5982546,3.9761019999999907,0.3976101999999991
London,0.1,Peak-aware,DVNDA,27,10.131901,10.131901,27.763535,100.0,55.20745,483.93872,73.97732,95.32732,0.0,24.910566,0.49132836,3.9761019999999907,0.3976101999999991
London,0.1,Peak-aware,DVNDA,28,9.069322,9.069322,24.970615,100.0,50.263332,485.20392,60.511524,81.06153,0.0,23.766466,0.60770243,3.9761019999999907,0.3976101999999991
London,0.1,Peak-aware,DVNDA,29,12.2098875,12.2098875,33.43978,100.0,66.058846,487.0937,52.799797,72.149796,0.0,23.253172,0.6131641,3.9761019999999907,0.3976101999999991
London,0.1,Peak-aware,DVNDA,30,8.991945,8.991945,24.666979,100.0,49.34659,483.35776,42.986744,60.836742,0.0,21.016867,0.3390281,3.9761019999999907,0.3976101999999991
London,0.1,Peak-aware,DVNDA,31,8.8617525,8.8617525,24.34305,100.0,49.339348,483.03424,55.329704,75.5797,0.0,23.514864,0.6038689,3.9761019999999907,0.3976101999999991
London,0.1,Peak-aware,DVNDA,32,11.071349,11.071349,30.392254,100.0,59.31597,484.93182,54.171284,74.17128,0.0,23.679407,0.66086423,3.9761019999999907,0.3976101999999991
London,0.1,Peak-aware,DVNDA,33,9.802821,9.802821,27.045364,100.0,55.07671,485.1476,61.434547,81.08454,0.0,23.089708,0.6196212,3.9761019999999907,0.3976101999999991
London,0.1,Peak-aware,DVNDA,34,7.5429277,7.5429277,20.75683,100.0,41.636635,510.79593,65.27559,88.02559,0.0,24.306997,0.3813303,3.9761019999999907,0.3976101999999991
London,0.1,Peak-aware,DVNDA,35,12.905426,12.905426,35.469788,100.0,70.68812,485.76697,65.46727,85.96727,0.0,24.738617,0.32030445,3.9761019999999907,0.3976101999999991
London,0.1,Peak-aware,DVNDA,36,11.364484,11.364484,31.18047,100.0,62.428444,484.83005,83.50258,107.70259,0.0,28.17629,0.5827124,3.9761019999999907,0.3976101999999991
London,0.1,Peak-aware,DVNDA,37,11.351086,11.351086,31.195036,100.0,63.187637,484.47263,60.603832,82.15383,0.0,25.501324,0.24056791,3.9761019999999907,0.3976101999999991
London,0.1,Peak-aware,DVNDA,38,9.693975,9.693975,26.637194,100.0,54.863796,515.67566,55.22889,75.428894,0.0,22.245758,0.59491503,3.9761019999999907,0.3976101999999991
London,0.1,Peak-aware,DVNDA,39,8.72204,8.72204,24.019949,100.0,47.881897,510.95215,57.168682,77.86868,0.0,22.599077,0.5134521,3.9761019999999907,0.3976101999999991
London,0.1,Peak-aware,DVNDA,40,11.261601,11.261601,30.926268,100.0,60.630127,515.71246,49.638985,71.888985,0.0,24.511244,0.2311059,3.9761019999999907,0.3976101999999991
London,0.1,Peak-aware,DVNDA,41,13.290777,13.290777,36.448803,100.0,70.73175,513.46545,48.394493,69.394485,0.0,23.893122,0.17077224,3.9761019999999907,0.3976101999999991
London,0.1,Peak-aware,DVNDA,42,9.656262,9.656262,26.603123,100.0,52.590668,483.8602,56.304085,77.10408,0.0,24.211058,0.43111268,3.9761019999999907,0.3976101999999991
London,0.1,Peak-aware,DVNDA,43,8.706264,8.706264,23.975073,100.0,52.248394,483.341,60.397285,80.34728,0.0,23.340065,0.6047611,3.9761019999999907,0.3976101999999991
London,0.1,Peak-aware,DVNDA,44,11.172557,11.172557,30.663786,100.0,63.545673,485.3243,58.23295,78.48295,0.0,24.135698,0.27348962,3.9761019999999907,0.3976101999999991
London,0.1,Peak-aware,DVNDA,45,10.644211,10.644211,29.323484,100.0,59.675602,485.07562,60.453022,81.053024,0.0,24.309387,0.5909268,3.9761019999999907,0.3976101999999991
London,0.1,Peak-aware,DVNDA,46,11.208105,11.208105,30.82879,100.0,63.138233,517.3458,78.76689,99.716896,0.0,23.298647,0.61118317,3.9761019999999907,0.3976101999999991
London,0.1,Peak-aware,DVNDA,47,11.585778,11.585778,31.85763,100.0,66.5293,486.24722,56.750477,78.45048,0.0,25.734299,0.29637977,3.9761019999999907,0.3976101999999991
London,0.1,Peak-aware,DVNDA,48,11.432087,11.432087,31.296741,100.0,61.757614,485.1958,54.87857,74.37857,0.0,23.27708,0.30557635,3.9761019999999907,0.3976101999999991
London,0.1,Peak-aware,DVNDA,49,8.755166,8.755166,24.125004,100.0,50.38467,483.57977,70.64711,89.097115,0.0,21.681255,0.6835398,3.9761019999999907,0.3976101999999991
London,0.1,Peak-aware,DVNDA,50,8.360741,8.360741,22.955357,100.0,44.794895,483.20905,50.188072,70.488075,0.0,23.322973,0.42718694,3.9761019999999907,0.3976101999999991
London,0.1,Peak-aware,DVNDA,51,10.354182,10.354182,28.455187,100.0,55.67881,484.8969,66.14031,85.44032,0.0,22.771788,0.6033887,3.9761019999999907,0.3976101999999991
London,0.1,Peak-aware,DVNDA,52,12.657309,12.657309,34.784714,100.0,72.525375,484.76663,61.356316,82.356316,0.0,25.400131,0.5024888,3.9761019999999907,0.3976101999999991
London,0.1,Peak-aware,DVNDA,53,10.834985,10.834985,29.773716,100.0,62.417187,483.99857,60.722546,80.772545,0.0,23.936909,0.5696725,3.9761019999999907,0.3976101999999991
London,0.1,Peak-aware,DVNDA,54,12.520737,12.520737,34.439285,100.0,65.95463,485.18033,41.81382,59.213825,0.0,21.329937,0.06536595,3.9761019999999907,0.3976101999999991
London,0.1,Peak-aware,DVNDA,55,7.744279,7.744279,21.275497,100.0,42.06784,482.50598,44.827583,64.227585,0.0,22.283033,0.29320076,3.9761019999999907,0.3976101999999991
London,0.1,Peak-aware,DVNDA,56,7.438386,7.438386,20.462809,100.0,41.641068,482.56766,57.978046,79.528046,0.0,24.48574,0.6762523,3.9761019999999907,0.3976101999999991
London,0.1,Peak-aware,DVNDA,57,9.920629,9.920629,27.119259,100.0,52.513287,484.36832,44.69817,61.94817,0.0,20.517097,0.26713967,3.9761019999999907,0.3976101999999991
London,0.1,Peak-aware,DVNDA,58,9.717365,9.717365,26.732973,100.0,52.8032,484.01132,52.877052,70.67705,0.0,21.115376,0.5665225,3.9761019999999907,0.3976101999999991
London,0.1,Peak-aware,DVNDA,59,11.982873,11.982873,32.93377,100.0,63.971817,514.9533,57.333977,78.48397,0.0,23.641552,0.32626238,3.9761019999999907,0.3976101999999991
London,0.1,Peak-aware,DVNDA,60,10.782593,10.782593,29.648876,100.0,60.189255,484.16748,58.214497,78.014496,0.0,23.555346,0.22802821,3.9761019999999907,0.3976101999999991
London,0.1,Peak-aware,DVNDA,61,11.657141,11.657141,32.07494,100.0,64.42649,483.9346,51.507965,71.70796,0.0,24.198856,0.4119835,3.9761019999999907,0.3976101999999991
London,0.1,Peak-aware,DVNDA,62,9.36738,9.36738,25.72585,100.0,51.866123,483.07858,41.96536,61.56536,0.0,22.970703,0.316847,3.9761019999999907,0.3976101999999991
London,0.1,Peak-aware,DVNDA,63,7.537232,7.537232,20.64896,100.0,41.8873,483.45364,60.117664,81.31767,0.0,24.091625,0.6840083,3.9761019999999907,0.3976101999999991
London,0.1,Peak-aware,DVNDA,64,11.597562,11.597562,31.867983,100.0,66.81187,484.4933,83.32032,107.27031,0.0,28.164059,0.6305151,3.9761019999999907,0.3976101999999991
London,0.1,Peak-aware,DVNDA,65,8.800105,8.800105,24.219849,100.0,49.049007,484.20428,51.66087,70.66088,0.0,22.152271,0.6544875,3.9761019999999907,0.3976101999999991
London,0.1,Peak-aware,DVNDA,66,12.260165,12.260165,33.67734,100.0,68.06291,485.4018,51.113487,74.11348,0.0,27.197212,0.037627492,3.9761019999999907,0.3976101999999991
London,0.1,Peak-aware,DVNDA,67,9.551104,9.551104,26.24979,100.0,51.443615,485.17078,87.58877,108.03877,0.0,23.725847,0.6444633,3.9761019999999907,0.3976101999999991
London,0.1,Peak-aware,DVNDA,68,12.124281,12.124281,33.337646,100.0,66.83868,483.32532,44.585934,66.08594,0.0,25.69898,0.2989776,3.9761019999999907,0.3976101999999991
London,0.1,Peak-aware,DVNDA,69,10.763887,10.763887,29.57222,100.0,58.868942,483.11084,42.49203,61.09204,0.0,22.296589,0.26270655,3.9761019999999907,0.3976101999999991
London,0.1,Peak-aware,DVNDA,70,8.791918,8.791918,24.116776,100.0,49.654488,484.41547,67.59857,89.24858,0.0,24.909117,0.62138176,3.9761019999999907,0.3976101999999991
London,0.1,Peak-aware,DVNDA,71,11.969805,11.969805,32.780537,100.0,67.332275,484.45593,56.322906,78.1729,0.0,26.025707,0.18446511,3.9761019999999907,0.3976101999999991
London,0.1,Peak-aware,DVNDA,72,8.379652,8.379652,23.053534,100.0,46.1269,483.4696,54.64318,77.09318,0.0,25.60279,0.51190186,3.9761019999999907,0.3976101999999991
London,0.1,Peak-aware,DVNDA,73,10.963379,10.963379,30.161068,100.0,59.72013,484.1,52.97525,73.22525,0.0,23.999178,0.38753697,3.9761019999999907,0.3976101999999991
London,0.1,Peak-aware,DVNDA,74,10.25179,10.25179,28.291313,100.0,57.765453,483.8007,53.084484,71.53448,0.0,22.052753,0.5830971,3.9761019999999907,0.3976101999999991
London,0.1,Peak-aware,DVNDA,75,8.516793,8.516793,23.380646,100.0,48.6147,483.16937,72.910355,95.810356,0.0,26.213097,0.621473,3.9761019999999907,0.3976101999999991
London,0.1,Peak-aware,DVNDA,76,10.743083,10.743083,29.50173,100.0,59.720448,485.33517,54.85575,77.00575,0.0,25.89553,0.5970105,3.9761019999999907,0.3976101999999991
London,0.1,Peak-aware,DVNDA,77,11.243652,11.243652,30.860817,100.0,61.227886,482.89816,43.29894,62.398945,0.0,22.946241,0.3806357,3.9761019999999907,0.3976101999999991
London,0.1,Peak-aware,DVNDA,78,10.318237,10.318237,28.281866,100.0,59.559895,503.98538,69.30417,90.60417,0.0,24.086016,0.6274118,3.9761019999999907,0.3976101999999991
London,0.1,Peak-aware,DVNDA,79,9.288946,9.288946,25.557863,100.0,50.423206,510.7238,49.25982,71.65982,0.0,24.397886,0.26138392,3.9761019999999907,0.3976101999999991
London,0.1,Peak-aware,DVNDA,80,9.780447,9.780447,26.955772,100.0,56.076477,505.75037,57.368103,77.218094,0.0,22.39625,0.5844426,3.9761019999999907,0.3976101999999991
London,0.1,Peak-aware,DVNDA,81,8.196593,8.196593,22.43956,100.0,44.102013,483.6002,42.903915,64.003914,0.0,24.095417,0.29943687,3.9761019999999907,0.3976101999999991
London,0.1,Peak-aware,DVNDA,82,12.152749,12.152749,33.33038,100.0,67.98206,484.54166,59.35363,82.80363,0.0,27.70567,0.2452677,3.9761019999999907,0.3976101999999991
London,0.1,Peak-aware,DVNDA,83,9.982677,9.982677,27.424414,100.0,55.61022,482.5681,54.95112,74.55112,0.0,23.188967,0.44510058,3.9761019999999907,0.3976101999999991
London,0.1,Peak-aware,DVNDA,84,10.063091,10.063091,27.598734,100.0,54.68064,485.0864,50.544437,70.79444,0.0,23.690662,0.3080528,3.9761019999999907,0.3976101999999991
London,0.1,Peak-aware,DVNDA,85,9.699148,9.699148,26.583935,100.0,54.160965,483.48706,63.995445,85.44545,0.0,24.98314,0.3679694,3.9761019999999907,0.3976101999999991
London,0.1,Peak-aware,DVNDA,86,11.784762,11.784762,32.46051,100.0,64.64808,483.3513,41.828297,63.57829,0.0,25.842905,0.18483604,3.9761019999999907,0.3976101999999991
London,0.1,Peak-aware,DVNDA,87,10.924675,10.924675,30.033377,100.0,61.42863,483.68185,57.12931,77.72931,0.0,24.470045,0.4098801,3.9761019999999907,0.3976101999999991
London,0.1,Peak-aware,DVNDA,88,9.990698,9.990698,27.396212,100.0,57.14959,483.3941,57.432564,77.38256,0.0,23.590979,0.47506052,3.9761019999999907,0.3976101999999991
London,0.1,Peak-aware,DVNDA,89,13.412188,13.412188,36.88291,100.0,75.8255,485.49512,63.961525,84.41152,0.0,24.96552,0.28917992,3.9761019999999907,0.3976101999999991
London,0.1,Peak-aware,DVNDA,90,8.687048,8.687048,23.854284,100.0,48.112747,508.34628,68.04744,90.59744,0.0,24.545902,0.6133547,3.9761019999999907,0.3976101999999991
London,0.1,Peak-aware,DVNDA,91,10.794142,10.794142,29.71608,100.0,59.08514,485.18503,61.53235,83.53235,0.0,25.716225,0.6778578,3.9761019999999907,0.3976101999999991
London,0.1,Peak-aware,DVNDA,92,9.950089,9.950089,27.324224,100.0,52.48602,483.3065,44.03891,66.03891,0.0,25.47483,0.11633087,3.9761019999999907,0.3976101999999991
London,0.1,Peak-aware,DVNDA,93,9.918379,9.918379,27.325138,100.0,55.676083,485.06,58.733143,79.28314,0.0,24.052494,0.5850663,3.9761019999999907,0.3976101999999991
London,0.1,Peak-aware,DVNDA,94,9.197846,9.197846,25.27299,100.0,49.3692,482.4907,61.85531,83.305305,0.0,24.786446,0.49351564,3.9761019999999907,0.3976101999999991
London,0.1,Peak-aware,DVNDA,95,11.41175,11.41175,31.361328,100.0,64.48565,506.63562,53.584137,73.13414,0.0,22.476002,0.5817071,3.9761019999999907,0.3976101999999991
London,0.1,Peak-aware,DVNDA,96,11.291961,11.291961,31.053852,100.0,62.108948,503.24936,55.36628,76.26628,0.0,23.85045,0.42989743,3.9761019999999907,0.3976101999999991
London,0.1,Peak-aware,DVNDA,97,10.973064,10.973064,30.202538,100.0,59.507812,483.8054,55.81579,76.81578,0.0,24.777931,0.60154593,3.9761019999999907,0.3976101999999991
London,0.1,Peak-aware,DVNDA,98,10.436784,10.436784,28.600447,100.0,54.422977,509.65875,42.122536,61.822533,0.0,21.996237,0.2505577,3.9761019999999907,0.3976101999999991
London,0.1,Peak-aware,DVNDA,99,11.144084,11.144084,30.694145,100.0,60.03075,484.22888,50.834373,70.23437,0.0,23.131147,0.28010297,3.9761019999999907,0.3976101999999991
London,0.1,Peak-aware,Greedy,0,11.719467,11.719467,32.17984,100.0,65.56913,450.68365,35.214935,56.81493,0.0,27.6008,0.06261707,3.4101370000000135,0.34101370000000136
London,0.1,Peak-aware,Greedy,1,11.053142,11.053142,30.44916,100.0,64.78343,408.77188,36.389244,54.589245,0.0,26.223883,0.18764234,3.4101370000000135,0.34101370000000136
London,0.1,Peak-aware,Greedy,2,11.3850565,11.3850565,31.180075,100.0,62.18486,305.2751,31.467182,50.367184,0.0,36.04821,0.20483147,3.4101370000000135,0.34101370000000136
London,0.1,Peak-aware,Greedy,3,8.891239,8.891239,24.321533,100.0,49.759037,259.77563,39.824615,60.72461,0.0,45.015675,0.31546,3.4101370000000135,0.34101370000000136
London,0.1,Peak-aware,Greedy,4,10.318995,10.318995,28.285147,100.0,55.484364,464.59818,34.075325,53.175323,0.0,23.541008,0.16760579,3.4101370000000135,0.34101370000000136
London,0.1,Peak-aware,Greedy,5,8.717557,13.717557,23.998758,95.0,48.325867,223.73947,41.114838,63.009575,1.0,51.882423,0.12545756,3.4101370000000135,0.34101370000000136
London,0.1,Peak-aware,Greedy,6,10.128461,10.128461,27.860567,100.0,54.51317,464.78787,33.907177,54.757187,0.0,25.361736,0.19606613,3.4101370000000135,0.34101370000000136
London,0.1,Peak-aware,Greedy,7,9.416646,9.416646,25.937796,100.0,53.124405,223.67804,36.43316,59.383163,0.0,57.239017,0.032085672,3.4101370000000135,0.34101370000000136
London,0.1,Peak-aware,Greedy,8,11.483591,11.483591,31.577213,100.0,65.879745,267.61746,41.735783,62.885784,0.0,45.66964,0.11834585,3.4101370000000135,0.34101370000000136
London,0.1,Peak-aware,Greedy,9,11.460862,11.460862,31.487562,100.0,66.97144,452.20917,46.256702,70.106705,0.0,30.073,0.14239493,3.4101370000000135,0.34101370000000136
London,0.1,Peak-aware,Greedy,10,10.135583,10.135583,27.793776,100.0,53.409775,456.2753,34.2406,54.740593,0.0,25.39091,0.10145583,3.4101370000000135,0.34101370000000136
London,0.1,Peak-aware,Greedy,11,11.134402,11.134402,30.607388,100.0,63.61013,404.89902,39.81212,61.362118,0.0,30.539103,0.18100567,3.4101370000000135,0.34101370000000136
London,0.1,Peak-aware,Greedy,12,12.005963,12.005963,33.020893,100.0,67.11175,405.48682,33.20079,51.950798,0.0,27.258083,0.1839943,3.4101370000000135,0.34101370000000136
London,0.1,Peak-aware,Greedy,13,10.916247,10.916247,29.91454,100.0,58.93607,263.0335,36.86324,56.113243,0.0,42.19387,0.08843821,3.4101370000000135,0.34101370000000136
London,0.1,Peak-aware,Greedy,14,12.783972,12.783972,35.101612,100.0,76.46165,166.90935,46.972145,69.12215,0.0,77.805954,0.1334705,3.4101370000000135,0.34101370000000136
London,0.1,Peak-aware,Greedy,15,12.273632,12.273632,33.72938,100.0,72.15393,499.56555,36.650772,56.10078,0.0,23.07775,0.1829809,3.4101370000000135,0.34101370000000136
London,0.1,Peak-aware,Greedy,16,9.194635,9.194635,25.29743,100.0,52.180965,308.55444,39.82813,60.82813,0.0,38.257504,0.18822215,3.4101370000000135,0.34101370000000136
London,0.1,Peak-aware,Greedy,17,10.241325,10.241325,28.21282,100.0,60.753014,142.4929,43.58526,65.635254,0.0,88.031235,0.21321061,3.4101370000000135,0.34101370000000136
London,0.1,Peak-aware,Greedy,18,10.461412,10.461412,28.724556,100.0,56.905914,304.18912,34.77725,54.177246,0.0,36.56491,0.14851743,3.4101370000000135,0.34101370000000136
London,0.1,Peak-aware,Greedy,19,11.758562,11.758562,32.304955,100.0,64.304184,355.91074,33.37826,52.028263,0.0,30.717264,0.14812133,3.4101370000000135,0.34101370000000136
London,0.1,Peak-aware,Greedy,20,10.076292,10.076292,27.668217,100.0,54.16024,502.11346,31.594097,50.844105,0.0,21.865585,0.19246645,3.4101370000000135,0.34101370000000136
London,0.1,Peak-aware,Greedy,21,13.145252,13.145252,36.164867,100.0,74.524765,223.80197,38.21957,58.11957,0.0,52.783802,0.042871863,3.4101370000000135,0.34101370000000136
London,0.1,Peak-aware,Greedy,22,12.753629,17.753628,34.977192,95.0,69.440414,280.132,36.622498,57.043552,1.0,40.82365,0.03801865,3.4101370000000135,0.34101370000000136
London,0.1,Peak-aware,Greedy,23,11.753289,11.753289,32.309063,100.0,63.84127,500.0086,35.55511,55.80512,0.0,23.44166,0.203916,3.4101370000000135,0.34101370000000136
London,0.1,Peak-aware,Greedy,24,8.780081,8.780081,24.092972,100.0,49.375443,269.45074,32.25255,52.302544,0.0,41.786438,0.010632555,3.4101370000000135,0.34101370000000136
London,0.1,Peak-aware,Greedy,25,11.256224,11.256224,31.02785,100.0,61.795044,309.74426,35.019745,55.51974,0.0,38.079403,0.13861954,3.4101370000000135,0.34101370000000136
London,0.1,Peak-aware,Greedy,26,11.627432,11.627432,31.9676,100.0,61.893085,308.9754,35.214798,52.5148,0.0,33.003685,0.13151473,3.4101370000000135,0.34101370000000136
London,0.1,Peak-aware,Greedy,27,11.329277,11.329277,31.174503,100.0,62.94354,403.87802,41.16759,62.517593,0.0,30.327446,0.20051354,3.4101370000000135,0.34101370000000136
London,0.1,Peak-aware,Greedy,28,9.916095,9.916095,27.213861,100.0,58.67979,322.30875,35.531567,56.081566,0.0,36.430893,0.18368605,3.4101370000000135,0.34101370000000136
London,0.1,Peak-aware,Greedy,29,14.286967,14.286967,39.171898,100.0,79.15376,475.27805,36.024334,55.374336,0.0,24.520054,0.11598467,3.4101370000000135,0.34101370000000136
London,0.1,Peak-aware,Greedy,30,10.555444,10.555444,28.997578,100.0,59.761578,368.93613,27.30354,45.15354,0.0,28.240767,0.1128398,3.4101370000000135,0.34101370000000136
London,0.1,Peak-aware,Greedy,31,9.745175,9.745175,26.795963,100.0,57.604164,173.25351,37.429916,57.679916,0.0,66.75249,0.12761392,3.4101370000000135,0.34101370000000136
London,0.1,Peak-aware,Greedy,32,11.993154,11.993154,32.87014,100.0,63.835827,266.67957,37.65995,57.659946,0.0,43.482506,0.18215658,3.4101370000000135,0.34101370000000136
London,0.1,Peak-aware,Greedy,33,10.901426,10.901426,30.018377,100.0,60.18326,412.5506,34.03855,53.688545,0.0,27.462286,0.19844927,3.4101370000000135,0.34101370000000136
London,0.1,Peak-aware,Greedy,34,7.994942,7.994942,21.988506,100.0,45.266083,513.4547,36.93802,59.68801,0.0,24.35785,0.36607587,3.4101370000000135,0.34101370000000136
London,0.1,Peak-aware,Greedy,35,11.084771,11.084771,30.507238,100.0,67.66705,131.43271,44.391308,64.891304,0.0,90.85771,0.14181343,3.4101370000000135,0.34101370000000136
London,0.1,Peak-aware,Greedy,36,13.387995,13.387995,36.67288,100.0,76.6279,269.3656,44.30913,68.509125,0.0,52.032246,0.2891326,3.4101370000000135,0.34101370000000136
London,0.1,Peak-aware,Greedy,37,11.091721,11.091721,30.585882,100.0,63.83848,462.64352,39.573395,61.123394,0.0,26.739727,0.09938276,3.4101370000000135,0.34101370000000136
London,0.1,Peak-aware,Greedy,38,11.982522,11.982522,32.91447,100.0,67.51947,515.67566,35.030807,55.23081,0.0,22.859304,0.104959205,3.4101370000000135,0.34101370000000136
London,0.1,Peak-aware,Greedy,39,11.376234,11.376234,31.307215,100.0,62.18743,513.0699,37.642723,58.342716,0.0,23.202854,0.05437092,3.4101370000000135,0.34101370000000136
London,0.1,Peak-aware,Greedy,40,12.67498,12.67498,34.887077,100.0,69.33341,516.8823,40.504677,62.754684,0.0,24.876719,0.13943693,3.4101370000000135,0.34101370000000136
London,0.1,Peak-aware,Greedy,41,12.675036,12.675036,34.800423,100.0,70.89828,514.41174,36.126472,57.12647,0.0,23.857264,0.2083016,3.4101370000000135,0.34101370000000136
London,0.1,Peak-aware,Greedy,42,11.611011,11.611011,32.00148,100.0,64.503975,368.0752,38.223297,59.023296,0.0,32.636265,0.09308672,3.4101370000000135,0.34101370000000136
London,0.1,Peak-aware,Greedy,43,10.702306,10.702306,29.475992,100.0,61.78027,419.91388,33.92136,53.871365,0.0,27.433022,0.21953395,3.4101370000000135,0.34101370000000136
London,0.1,Peak-aware,Greedy,44,11.819101,11.819101,32.5101,100.0,69.109116,362.05228,38.237564,58.48756,0.0,32.737617,0.22907738,3.4101370000000135,0.34101370000000136
London,0.1,Peak-aware,Greedy,45,11.7886915,11.7886915,32.376846,100.0,67.57552,274.65918,42.3198,62.919796,0.0,43.65188,0.11046668,3.4101370000000135,0.34101370000000136
London,0.1,Peak-aware,Greedy,46,9.79444,9.79444,26.961105,100.0,53.844254,517.3458,31.289885,52.239883,0.0,22.849524,0.38691616,3.4101370000000135,0.34101370000000136
London,0.1,Peak-aware,Greedy,47,13.300442,13.300442,36.527195,100.0,77.771576,414.9143,40.89883,62.59883,0.0,30.835981,0.20329474,3.4101370000000135,0.34101370000000136
London,0.1,Peak-aware,Greedy,48,11.004192,11.004192,30.104774,100.0,58.734005,455.17923,35.409286,54.90929,0.0,24.646006,0.045922726,3.4101370000000135,0.34101370000000136
London,0.1,Peak-aware,Greedy,49,9.636621,9.636621,26.536854,100.0,51.243286,224.51913,29.949686,48.399685,0.0,46.793705,0.26053432,3.4101370000000135,0.34101370000000136
London,0.1,Peak-aware,Greedy,50,9.529407,9.529407,26.166317,100.0,51.470448,266.139,33.59876,53.89876,0.0,42.97288,0.18301845,3.4101370000000135,0.34101370000000136
London,0.1,Peak-aware,Greedy,51,11.014346,11.014346,30.229425,100.0,61.486916,450.56427,37.889194,57.189194,0.0,24.82925,0.14383146,3.4101370000000135,0.34101370000000136
London,0.1,Peak-aware,Greedy,52,12.6333,12.6333,34.63433,100.0,69.45059,457.76138,35.503002,56.503006,0.0,26.730665,0.39902547,3.4101370000000135,0.34101370000000136
London,0.1,Peak-aware,Greedy,53,13.574275,13.574275,37.22906,100.0,75.7715,173.17384,39.345913,59.395912,0.0,68.82845,0.14834271,3.4101370000000135,0.34101370000000136
London,0.1,Peak-aware,Greedy,54,11.423216,11.423216,31.40982,100.0,60.89027,268.18335,33.89024,51.290237,0.0,38.11667,0.12594038,3.4101370000000135,0.34101370000000136
London,0.1,Peak-aware,Greedy,55,10.144328,10.144328,27.945469,100.0,56.37809,218.22745,34.085484,53.485485,0.0,50.907677,0.047888402,3.4101370000000135,0.34101370000000136
London,0.1,Peak-aware,Greedy,56,10.923835,10.923835,29.991442,100.0,61.034504,277.55194,36.49267,58.04267,0.0,44.31913,0.04449816,3.4101370000000135,0.34101370000000136
London,0.1,Peak-aware,Greedy,57,10.326037,10.326037,28.267876,100.0,55.572544,366.71634,31.154018,48.404015,0.0,27.308065,0.18470888,3.4101370000000135,0.34101370000000136
London,0.1,Peak-aware,Greedy,58,10.738852,10.738852,29.625412,100.0,57.29466,213.57298,33.244,51.044003,0.0,48.37862,0.17790249,3.4101370000000135,0.34101370000000136
London,0.1,Peak-aware,Greedy,59,14.41011,14.41011,39.663292,100.0,81.095535,515.14105,41.578537,62.728542,0.0,24.463957,0.20369963,3.4101370000000135,0.34101370000000136
London,0.1,Peak-aware,Greedy,60,11.839587,11.839587,32.56739,100.0,69.62145,409.90137,39.903095,59.703094,0.0,28.398386,0.12077124,3.4101370000000135,0.34101370000000136
London,0.1,Peak-aware,Greedy,61,12.227038,12.227038,33.568047,100.0,69.42968,457.24695,36.126663,56.326664,0.0,25.88479,0.1379726,3.4101370000000135,0.34101370000000136
London,0.1,Peak-aware,Greedy,62,12.674363,12.674363,34.827312,100.0,70.010124,420.09714,35.2163,54.816303,0.0,27.494244,0.2812254,3.4101370000000135,0.34101370000000136
London,0.1,Peak-aware,Greedy,63,10.163589,10.163589,27.901217,100.0,57.3754,211.72807,41.881214,63.081215,0.0,56.838875,0.15712567,3.4101370000000135,0.34101370000000136
London,0.1,Peak-aware,Greedy,64,10.957181,10.957181,30.098888,100.0,65.88756,368.426,43.836052,67.78606,0.0,36.974014,0.26539233,3.4101370000000135,0.34101370000000136
London,0.1,Peak-aware,Greedy,65,9.913485,9.913485,27.227709,100.0,52.368267,272.82565,33.26096,52.260956,0.0,39.619465,0.1262432,3.4101370000000135,0.34101370000000136
London,0.1,Peak-aware,Greedy,66,13.127272,13.127272,36.12157,100.0,76.123764,424.22495,39.14986,62.149853,0.0,31.594309,0.11529963,3.4101370000000135,0.34101370000000136
London,0.1,Peak-aware,Greedy,67,11.344343,11.344343,31.160933,100.0,62.00387,465.80176,37.599327,58.04933,0.0,25.2792,0.15808807,3.4101370000000135,0.34101370000000136
London,0.1,Peak-aware,Greedy,68,11.344056,11.344056,31.074448,100.0,66.94731,356.518,42.713703,64.21371,0.0,34.84728,0.10616333,3.4101370000000135,0.34101370000000136
London,0.1,Peak-aware,Greedy,69,11.280129,11.280129,31.01606,100.0,58.922306,414.33383,31.83971,50.43971,0.0,26.00091,0.21550184,3.4101370000000135,0.34101370000000136
London,0.1,Peak-aware,Greedy,70,11.595278,11.595278,31.85282,100.0,66.98062,365.54837,39.917988,61.56799,0.0,34.193874,0.1674114,3.4101370000000135,0.34101370000000136
London,0.1,Peak-aware,Greedy,71,13.495951,13.495951,37.016262,100.0,75.069336,224.23854,41.395264,63.245266,0.0,57.089798,0.21274906,3.4101370000000135,0.34101370000000136
London,0.1,Peak-aware,Greedy,72,9.199338,9.199338,25.253593,100.0,52.53207,225.63185,44.511974,66.96197,0.0,55.56973,0.25964403,3.4101370000000135,0.34101370000000136
London,0.1,Peak-aware,Greedy,73,11.435732,11.435732,31.446539,100.0,61.31464,454.9567,40.405746,60.655746,0.0,25.62412,0.08813113,3.4101370000000135,0.34101370000000136
London,0.1,Peak-aware,Greedy,74,11.106733,11.106733,30.572392,100.0,60.692265,359.56503,33.234512,51.684513,0.0,29.875835,0.20390931,3.4101370000000135,0.34101370000000136
London,0.1,Peak-aware,Greedy,75,8.274277,8.274277,22.697216,100.0,47.296146,217.17694,41.951263,64.85126,0.0,58.16641,0.036127016,3.4101370000000135,0.34101370000000136
London,0.1,Peak-aware,Greedy,76,11.38625,11.38625,31.338652,100.0,66.933914,326.23108,39.784973,61.934975,0.0,39.07766,0.058472086,3.4101370000000135,0.34101370000000136
London,0.1,Peak-aware,Greedy,77,12.14799,12.14799,33.357964,100.0,63.1341,321.61993,34.162643,53.26264,0.0,34.600945,0.127024,3.4101370000000135,0.34101370000000136
London,0.1,Peak-aware,Greedy,78,12.617767,12.617767,34.67987,100.0,70.76431,506.21103,43.47909,64.77909,0.0,24.533457,0.15282734,3.4101370000000135,0.34101370000000136
London,0.1,Peak-aware,Greedy,79,10.23355,10.23355,28.12398,100.0,59.61061,510.7238,41.332478,63.732475,0.0,24.847609,0.1677459,3.4101370000000135,0.34101370000000136
London,0.1,Peak-aware,Greedy,80,10.181543,10.181543,27.991846,100.0,55.04926,506.6695,36.773766,56.623764,0.0,22.30494,0.19291836,3.4101370000000135,0.34101370000000136
London,0.1,Peak-aware,Greedy,81,9.681526,9.681526,26.492237,100.0,57.271122,405.32593,38.103157,59.203156,0.0,29.56085,0.19711314,3.4101370000000135,0.34101370000000136
London,0.1,Peak-aware,Greedy,82,12.979176,12.979176,35.54207,100.0,71.75742,469.10132,42.152275,65.60227,0.0,28.818796,0.20562175,3.4101370000000135,0.34101370000000136
London,0.1,Peak-aware,Greedy,83,12.520702,12.520702,34.32374,100.0,71.3052,372.46332,34.584248,54.18425,0.0,31.097372,0.1073919,3.4101370000000135,0.34101370000000136
London,0.1,Peak-aware,Greedy,84,12.123673,12.123673,33.29756,100.0,67.618484,258.84863,39.28807,59.53807,0.0,45.646225,0.12130035,3.4101370000000135,0.34101370000000136
London,0.1,Peak-aware,Greedy,85,9.585298,9.585298,26.340757,100.0,54.39059,269.81912,36.95788,58.407875,0.0,44.78839,0.1785373,3.4101370000000135,0.34101370000000136
London,0.1,Peak-aware,Greedy,86,11.733902,16.733902,32.358807,95.0,68.374596,130.82265,40.72679,62.095207,1.0,90.65223,0.16060318,3.4101370000000135,0.34101370000000136
London,0.1,Peak-aware,Greedy,87,12.051127,12.051127,33.185795,100.0,66.80055,416.24377,38.781464,59.38147,0.0,28.757221,0.12189034,3.4101370000000135,0.34101370000000136
London,0.1,Peak-aware,Greedy,88,10.811863,10.811863,29.649784,100.0,59.019672,461.779,36.866196,56.816204,0.0,24.796476,0.32015407,3.4101370000000135,0.34101370000000136
London,0.1,Peak-aware,Greedy,89,11.801243,11.801243,32.43274,100.0,69.022194,126.22024,39.60187,60.051872,0.0,94.680176,0.15503721,3.4101370000000135,0.34101370000000136
London,0.1,Peak-aware,Greedy,90,9.424587,9.424587,25.823145,100.0,54.99512,508.834,38.86166,61.411663,0.0,24.860521,0.11368524,3.4101370000000135,0.34101370000000136
London,0.1,Peak-aware,Greedy,91,11.63446,11.63446,32.102848,100.0,66.62329,462.6608,45.559364,67.559364,0.0,27.375523,0.12448021,3.4101370000000135,0.34101370000000136
London,0.1,Peak-aware,Greedy,92,10.672493,10.672493,29.358368,100.0,58.80562,463.46753,38.65341,60.653416,0.0,26.90618,0.2603812,3.4101370000000135,0.34101370000000136
London,0.1,Peak-aware,Greedy,93,10.98329,10.98329,30.218615,100.0,64.271324,411.63095,38.31402,58.864025,0.0,28.865135,0.23612927,3.4101370000000135,0.34101370000000136
London,0.1,Peak-aware,Greedy,94,10.498896,10.498896,28.849194,100.0,60.368237,310.91925,37.398632,58.848633,0.0,39.348503,0.10250027,3.4101370000000135,0.34101370000000136
London,0.1,Peak-aware,Greedy,95,12.205859,12.205859,33.50428,100.0,64.55535,506.63556,35.591904,55.141907,0.0,22.47944,0.08177202,3.4101370000000135,0.34101370000000136
London,0.1,Peak-aware,Greedy,96,13.0618,13.0618,35.906628,100.0,71.713264,504.97662,41.7833,62.683304,0.0,24.244352,0.10494276,3.4101370000000135,0.34101370000000136
London,0.1,Peak-aware,Greedy,97,11.118944,11.118944,30.533339,100.0,64.19194,317.86316,39.10334,60.10334,0.0,38.081787,0.21296932,3.4101370000000135,0.34101370000000136
London,0.1,Peak-aware,Greedy,98,11.827162,11.827162,32.464516,100.0,62.099354,510.81848,32.963146,52.663147,0.0,22.321987,0.08087796,3.4101370000000135,0.34101370000000136
London,0.1,Peak-aware,Greedy,99,12.418652,12.418652,34.134804,100.0,71.005974,177.11552,37.87773,57.277725,0.0,64.78906,0.1745025,3.4101370000000135,0.34101370000000136
London,0.25,Off-peak,DVNDA,0,10.663119,10.663119,29.330881,100.0,54.684574,482.9633,58.04668,79.64669,0.0,25.192627,0.6068549,3.846474999999998,0.3846474999999998
London,0.25,Off-peak,DVNDA,1,11.869939,11.869939,32.633343,100.0,61.02795,485.8473,39.30095,57.500954,0.0,21.87045,0.30213168,3.846474999999998,0.3846474999999998
London,0.25,Off-peak,DVNDA,2,12.351788,12.351788,33.70302,100.0,63.017372,484.95837,36.244247,55.144257,0.0,22.734802,0.15380959,3.846474999999998,0.3846474999999998
London,0.25,Off-peak,DVNDA,3,9.737286,9.737286,26.762272,100.0,50.12277,482.70297,50.81266,71.71266,0.0,24.244865,0.5002428,3.846474999999998,0.3846474999999998
London,0.25,Off-peak,DVNDA,4,9.73853,9.73853,26.78844,100.0,50.549156,502.94724,42.36692,61.46692,0.0,21.500727,0.58421814,3.846474999999998,0.3846474999999998
London,0.25,Off-peak,DVNDA,5,8.638514,8.638514,23.79151,100.0,44.75697,511.80856,34.793587,56.29358,0.0,23.190163,0.20482704,3.846474999999998,0.3846474999999998
London,0.25,Off-peak,DVNDA,6,9.186121,9.186121,25.187832,100.0,47.082466,495.88824,58.524696,79.374695,0.0,23.396528,0.6599261,3.846474999999998,0.3846474999999998
London,0.25,Off-peak,DVNDA,7,10.299823,10.299823,28.29413,100.0,52.74348,497.3833,52.119537,75.069534,0.0,25.721788,0.6084562,3.846474999999998,0.3846474999999998
London,0.25,Off-peak,DVNDA,8,11.0080595,11.0080595,30.311708,100.0,56.800983,483.67825,53.01422,74.16422,0.0,24.799599,0.3895607,3.846474999999998,0.3846474999999998
London,0.25,Off-peak,DVNDA,9,10.632821,10.632821,29.251797,100.0,54.69674,486.06406,52.686573,76.536575,0.0,27.347052,0.62964934,3.846474999999998,0.3846474999999998
London,0.25,Off-peak,DVNDA,10,10.64369,10.64369,29.268919,100.0,54.687004,483.57587,45.947784,66.44779,0.0,24.023478,0.1921979,3.846474999999998,0.3846474999999998
London,0.25,Off-peak,DVNDA,11,9.640374,9.640374,26.514988,100.0,49.793736,508.44693,64.42349,85.973495,0.0,23.640308,0.67997545,3.846474999999998,0.3846474999999998
London,0.25,Off-peak,DVNDA,12,11.10662,11.10662,30.409405,100.0,56.821243,484.20953,57.545033,76.29503,0.0,22.295164,0.61734664,3.846474999999998,0.3846474999999998
London,0.25,Off-peak,DVNDA,13,10.310759,10.310759,28.237526,100.0,52.823364,484.10294,36.89753,56.14754,0.0,22.610035,0.057306673,3.846474999999998,0.3846474999999998
London,0.25,Off-peak,DVNDA,14,11.278652,11.278652,31.11542,100.0,58.043747,483.04715,57.01964,79.16965,0.0,25.93141,0.5810716,3.846474999999998,0.3846474999999998
London,0.25,Off-peak,DVNDA,15,11.626932,11.626932,31.915768,100.0,60.646084,501.29614,54.444843,73.894844,0.0,22.424171,0.30199614,3.846474999999998,0.3846474999999998
London,0.25,Off-peak,DVNDA,16,9.614627,9.614627,26.42714,100.0,49.362076,483.50726,44.649998,65.649994,0.0,24.26861,0.3490167,3.846474999999998,0.3846474999999998
London,0.25,Off-peak,DVNDA,17,9.429214,9.429214,25.930563,100.0,48.64185,506.93692,73.18905,95.23906,0.0,24.14708,0.6356307,3.846474999999998,0.3846474999999998
London,0.25,Off-peak,DVNDA,18,9.646078,9.646078,26.47054,100.0,49.882256,507.61276,42.401203,61.80121,0.0,21.565762,0.6144118,3.846474999999998,0.3846474999999998
London,0.25,Off-peak,DVNDA,19,11.08105,11.08105,30.412708,100.0,57.203037,483.9163,39.301304,57.951294,0.0,22.225073,0.33866674,3.846474999999998,0.3846474999999998
London,0.25,Off-peak,DVNDA,20,10.313659,10.313659,28.334597,100.0,52.837494,502.3899,40.24414,59.49414,0.0,21.787735,0.34633017,3.846474999999998,0.3846474999999998
London,0.25,Off-peak,DVNDA,21,12.492745,12.492745,34.28692,100.0,63.914803,484.70462,55.41918,75.319176,0.0,23.824554,0.5966271,3.846474999999998,0.3846474999999998
London,0.25,Off-peak,DVNDA,22,13.326816,18.326817,36.509865,95.0,68.06702,485.44397,30.539104,51.275944,1.0,23.796104,0.27230695,3.846474999999998,0.3846474999999998
London,0.25,Off-peak,DVNDA,23,10.916516,10.916516,29.97518,100.0,56.462112,500.0086,50.540344,70.790344,0.0,23.072704,0.6899322,3.846474999999998,0.3846474999999998
London,0.25,Off-peak,DVNDA,24,10.880582,10.880582,29.894913,100.0,56.21028,482.5969,39.26316,59.313164,0.0,23.684895,0.26369914,3.846474999999998,0.3846474999999998
London,0.25,Off-peak,DVNDA,25,10.437799,10.437799,28.809643,100.0,54.11512,525.134,62.304573,82.804565,0.0,22.09508,0.6310934,3.846474999999998,0.3846474999999998
London,0.25,Off-peak,DVNDA,26,11.005066,11.005066,30.23133,100.0,56.78007,485.1074,43.08419,60.384186,0.0,20.757267,0.5979069,3.846474999999998,0.3846474999999998
London,0.25,Off-peak,DVNDA,27,10.025423,10.025423,27.496796,100.0,51.4225,483.07132,54.72931,76.079315,0.0,24.759413,0.48851484,3.846474999999998,0.3846474999999998
London,0.25,Off-peak,DVNDA,28,8.937434,8.937434,24.591068,100.0,46.36673,508.31104,45.205635,65.75564,0.0,22.494432,0.40005022,3.846474999999998,0.3846474999999998
London,0.25,Off-peak,DVNDA,29,13.376616,13.376616,36.67694,100.0,68.50037,487.0937,45.77812,65.12813,0.0,23.378485,0.24006146,3.846474999999998,0.3846474999999998
London,0.25,Off-peak,DVNDA,30,11.183962,11.183962,30.70094,100.0,57.5661,484.75873,32.51467,50.36467,0.0,21.380022,0.25633377,3.846474999999998,0.3846474999999998
London,0.25,Off-peak,DVNDA,31,10.640778,10.640778,29.258633,100.0,55.18676,483.03424,49.801697,70.051704,0.0,23.817505,0.5966457,3.846474999999998,0.3846474999999998
London,0.25,Off-peak,DVNDA,32,14.631972,14.631972,40.099396,100.0,75.14257,485.22165,54.39808,74.39808,0.0,24.480694,0.36476892,3.846474999999998,0.3846474999999998
London,0.25,Off-peak,DVNDA,33,9.652157,9.652157,26.64018,100.0,49.99134,485.3871,58.18925,77.83926,0.0,22.816399,0.5880979,3.846474999999998,0.3846474999999998
London,0.25,Off-peak,DVNDA,34,9.161097,9.161097,25.200525,100.0,47.34459,510.79593,64.12025,86.87025,0.0,24.58636,0.36402833,3.846474999999998,0.3846474999999998
London,0.25,Off-peak,DVNDA,35,11.367831,11.367831,31.229826,100.0,59.35025,485.8809,61.36886,81.86886,0.0,24.149452,0.5947002,3.846474999999998,0.3846474999999998
London,0.25,Off-peak,DVNDA,36,12.129847,12.129847,33.329227,100.0,62.98113,485.39966,72.37412,96.57413,0.0,28.171688,0.5952632,3.846474999999998,0.3846474999999998
London,0.25,Off-peak,DVNDA,37,11.889082,11.889082,32.71614,100.0,61.289207,510.3197,46.689507,68.23951,0.0,24.116709,0.12542509,3.846474999999998,0.3846474999999998
London,0.25,Off-peak,DVNDA,38,11.527614,11.527614,31.676529,100.0,59.306507,516.6242,42.120403,62.320404,0.0,22.419903,0.65370756,3.846474999999998,0.3846474999999998
London,0.25,Off-peak,DVNDA,39,9.116391,9.116391,25.06189,100.0,47.10782,510.95215,52.831825,73.53182,0.0,22.561203,0.48512027,3.846474999999998,0.3846474999999998
London,0.25,Off-peak,DVNDA,40,12.039424,12.039424,33.117065,100.0,61.942448,516.47327,47.819664,70.06967,0.0,24.538658,0.1624816,3.846474999999998,0.3846474999999998
London,0.25,Off-peak,DVNDA,41,11.229433,11.229433,30.90386,100.0,58.067673,514.91284,41.931328,62.931316,0.0,23.211094,0.47792184,3.846474999999998,0.3846474999999998
London,0.25,Off-peak,DVNDA,42,10.554206,10.554206,29.018135,100.0,54.550213,496.71542,48.35517,69.155174,0.0,23.683088,0.48256284,3.846474999999998,0.3846474999999998
London,0.25,Off-peak,DVNDA,43,9.684754,9.684754,26.683023,100.0,49.953323,499.18893,50.75827,70.70827,0.0,22.484142,0.63743997,3.846474999999998,0.3846474999999998
London,0.25,Off-peak,DVNDA,44,12.193984,12.193984,33.43792,100.0,62.881287,501.47736,42.630936,62.88093,0.0,23.32514,0.25123855,3.846474999999998,0.3846474999999998
London,0.25,Off-peak,DVNDA,45,10.763039,10.763039,29.616486,100.0,55.397552,509.5253,61.87908,82.47908,0.0,22.93299,0.5902948,3.846474999999998,0.3846474999999998
London,0.25,Off-peak,DVNDA,46,11.279276,11.279276,30.954403,100.0,58.20922,520.40515,57.345764,78.29576,0.0,22.92489,0.59741926,3.846474999999998,0.3846474999999998
London,0.25,Off-peak,DVNDA,47,12.506391,12.506391,34.421967,100.0,64.630554,485.09473,48.262493,69.962494,0.0,25.697586,0.39945778,3.846474999999998,0.3846474999999998
London,0.25,Off-peak,DVNDA,48,11.861254,11.861254,32.445957,100.0,60.640434,505.801,41.671173,61.171173,0.0,22.273605,0.27851343,3.846474999999998,0.3846474999999998
London,0.25,Off-peak,DVNDA,49,9.495366,9.495366,26.091154,100.0,48.87374,482.9524,50.537285,68.98729,0.0,21.631208,0.714251,3.846474999999998,0.3846474999999998
London,0.25,Off-peak,DVNDA,50,8.65184,8.65184,23.753862,100.0,44.56651,496.49008,42.50006,62.80006,0.0,22.68759,0.46986532,3.846474999999998,0.3846474999999998
London,0.25,Off-peak,DVNDA,51,10.656738,10.656738,29.238632,100.0,55.136677,485.04233,41.350506,60.650505,0.0,22.737017,0.58454293,3.846474999999998,0.3846474999999998
London,0.25,Off-peak,DVNDA,52,12.145777,12.145777,33.334236,100.0,62.53506,484.76663,50.9014,71.9014,0.0,24.884914,0.5880891,3.846474999999998,0.3846474999999998
London,0.25,Off-peak,DVNDA,53,12.468194,12.468194,34.156548,100.0,63.892227,483.20227,50.49079,70.54079,0.0,24.052675,0.47800508,3.846474999999998,0.3846474999999998
London,0.25,Off-peak,DVNDA,54,12.417225,12.417225,34.162823,100.0,63.811977,485.7728,41.629143,59.029152,0.0,21.193651,0.08263449,3.846474999999998,0.3846474999999998
London,0.25,Off-peak,DVNDA,55,10.504552,10.504552,28.866358,100.0,54.049286,482.94916,34.95148,54.35148,0.0,22.882805,0.20178322,3.846474999999998,0.3846474999999998
London,0.25,Off-peak,DVNDA,56,7.8969126,7.8969126,21.746092,100.0,40.851944,482.56766,42.336983,63.886982,0.0,24.444862,0.60958034,3.846474999999998,0.3846474999999998
London,0.25,Off-peak,DVNDA,57,10.834741,10.834741,29.680313,100.0,55.35481,484.48386,33.202427,50.45243,0.0,20.65883,0.134786,3.846474999999998,0.3846474999999998
London,0.25,Off-peak,DVNDA,58,10.184306,10.184306,28.092197,100.0,52.624023,484.69586,43.353172,61.153168,0.0,21.07631,0.3240221,3.846474999999998,0.3846474999999998
London,0.25,Off-peak,DVNDA,59,15.688553,15.688553,43.077477,100.0,80.58995,514.9533,45.02294,66.172935,0.0,24.44833,0.33481708,3.846474999999998,0.3846474999999998
London,0.25,Off-peak,DVNDA,60,11.69009,11.69009,32.166206,100.0,60.079937,496.62506,46.927364,66.72737,0.0,22.95897,0.32620746,3.846474999999998,0.3846474999999998
London,0.25,Off-peak,DVNDA,61,12.960934,12.960934,35.607723,100.0,66.54011,497.56335,50.382374,70.582375,0.0,23.64222,0.6091802,3.846474999999998,0.3846474999999998
London,0.25,Off-peak,DVNDA,62,9.732625,9.732625,26.71233,100.0,49.93617,482.55576,34.31843,53.918438,0.0,22.8956,0.2629389,3.846474999999998,0.3846474999999998
London,0.25,Off-peak,DVNDA,63,10.991211,10.991211,30.135437,100.0,56.337826,515.0291,63.714405,84.914406,0.0,23.31605,0.6316656,3.846474999999998,0.3846474999999998
London,0.25,Off-peak,DVNDA,64,11.09529,11.09529,30.55072,100.0,56.99854,513.3722,73.27892,97.22893,0.0,26.101852,0.60722667,3.846474999999998,0.3846474999999998
London,0.25,Off-peak,DVNDA,65,11.609533,11.609533,31.864737,100.0,59.40678,483.67767,59.08021,78.080215,0.0,22.711758,0.6021588,3.846474999999998,0.3846474999999998
London,0.25,Off-peak,DVNDA,66,12.994583,12.994583,35.695107,100.0,66.63924,517.57855,51.237404,74.237404,0.0,25.437645,0.19795994,3.846474999999998,0.3846474999999998
London,0.25,Off-peak,DVNDA,67,9.881333,9.881333,27.140247,100.0,50.795353,506.19147,55.92459,76.374596,0.0,22.708565,0.64717966,3.846474999999998,0.3846474999999998
London,0.25,Off-peak,DVNDA,68,11.830111,11.830111,32.497265,100.0,61.292946,500.55804,45.335876,66.83588,0.0,24.53726,0.18895258,3.846474999999998,0.3846474999999998
London,0.25,Off-peak,DVNDA,69,12.0716095,12.0716095,33.144745,100.0,61.917717,498.6786,31.645864,50.245872,0.0,21.753376,0.076491535,3.846474999999998,0.3846474999999998
London,0.25,Off-peak,DVNDA,70,10.0311165,10.0311165,27.570753,100.0,52.296326,505.1479,56.059765,77.70976,0.0,24.017538,0.6681392,3.846474999999998,0.3846474999999998
London,0.25,Off-peak,DVNDA,71,12.32635,12.32635,33.812187,100.0,63.654816,484.96243,41.727325,63.57733,0.0,25.808945,0.20133245,3.846474999999998,0.3846474999999998
London,0.25,Off-peak,DVNDA,72,9.033768,9.033768,24.84019,100.0,46.30075,536.2147,49.786396,72.2364,0.0,23.09247,0.2926364,3.846474999999998,0.3846474999999998
London,0.25,Off-peak,DVNDA,73,10.600182,10.600182,29.144041,100.0,54.374794,509.89346,44.61592,64.86592,0.0,22.523077,0.12697327,3.846474999999998,0.3846474999999998
London,0.25,Off-peak,DVNDA,74,12.373987,12.373987,34.085945,100.0,63.63152,485.27515,45.951786,64.40178,0.0,22.28795,0.42242044,3.846474999999998,0.3846474999999998
London,0.25,Off-peak,DVNDA,75,8.23742,8.23742,22.61528,100.0,42.164383,483.88007,66.596794,89.496796,0.0,25.841337,0.5853014,3.846474999999998,0.3846474999999998
London,0.25,Off-peak,DVNDA,76,9.643134,9.643134,26.494904,100.0,49.489605,510.01797,39.783176,61.933174,0.0,24.140797,0.6395486,3.846474999999998,0.3846474999999998
London,0.25,Off-peak,DVNDA,77,12.574406,12.574406,34.506577,100.0,64.597466,484.15775,30.55927,49.65927,0.0,23.060534,0.25692585,3.846474999999998,0.3846474999999998
London,0.25,Off-peak,DVNDA,78,10.190606,10.190606,28.00096,100.0,52.607143,503.81778,59.897297,81.1973,0.0,23.74902,0.6535251,3.846474999999998,0.3846474999999998
London,0.25,Off-peak,DVNDA,79,12.427965,12.427965,34.214706,100.0,63.79164,538.22284,48.26812,70.66812,0.0,23.772295,0.2661808,3.846474999999998,0.3846474999999998
London,0.25,Off-peak,DVNDA,80,10.630625,10.630625,29.24952,100.0,54.71251,505.75037,54.121864,73.97187,0.0,22.328827,0.64568555,3.846474999999998,0.3846474999999998
London,0.25,Off-peak,DVNDA,81,9.772595,9.772595,26.774538,100.0,50.11736,483.6002,38.809677,59.909668,0.0,24.406385,0.21635336,3.846474999999998,0.3846474999999998
London,0.25,Off-peak,DVNDA,82,12.409615,12.409615,34.017918,100.0,63.460384,507.09622,54.043724,77.49373,0.0,26.250458,0.22970775,3.846474999999998,0.3846474999999998
London,0.25,Off-peak,DVNDA,83,11.224074,11.224074,30.837463,100.0,58.086285,511.55804,37.050453,56.65046,0.0,21.995855,0.47320214,3.846474999999998,0.3846474999999998
London,0.25,Off-peak,DVNDA,84,11.820337,11.820337,32.359367,100.0,60.441162,497.81592,40.255344,60.50535,0.0,23.374163,0.2481688,3.846474999999998,0.3846474999999998
London,0.25,Off-peak,DVNDA,85,10.256765,10.256765,28.126375,100.0,52.56435,483.48706,53.191364,74.641365,0.0,24.900583,0.4574085,3.846474999999998,0.3846474999999998
London,0.25,Off-peak,DVNDA,86,11.581163,11.581163,31.916845,100.0,59.757206,483.85684,36.390804,58.14081,0.0,25.563204,0.059784006,3.846474999999998,0.3846474999999998
London,0.25,Off-peak,DVNDA,87,10.486212,10.486212,28.847149,100.0,54.16951,483.62875,46.213978,66.81397,0.0,24.097488,0.5497965,3.846474999999998,0.3846474999999998
London,0.25,Off-peak,DVNDA,88,11.072659,11.072659,30.379023,100.0,56.77767,483.38138,49.699482,69.64948,0.0,23.572363,0.2650367,3.846474999999998,0.3846474999999998
London,0.25,Off-peak,DVNDA,89,12.0238285,12.0238285,33.073,100.0,62.049423,485.9427,53.57834,74.028336,0.0,24.233797,0.49183992,3.846474999999998,0.3846474999999998
London,0.25,Off-peak,DVNDA,90,9.804062,9.804062,26.908035,100.0,50.36704,534.38605,58.831093,81.38109,0.0,23.455282,0.6024437,3.846474999999998,0.3846474999999998
London,0.25,Off-peak,DVNDA,91,11.086565,11.086565,30.523985,100.0,57.54138,514.2526,45.84653,67.846535,0.0,24.187595,0.58202165,3.846474999999998,0.3846474999999998
London,0.25,Off-peak,DVNDA,92,11.648815,11.648815,32.004898,100.0,59.84742,483.3065,42.1835,64.183495,0.0,25.855614,0.3292585,3.846474999999998,0.3846474999999998
London,0.25,Off-peak,DVNDA,93,11.357974,11.357974,31.257511,100.0,58.885925,485.06,41.106674,61.65667,0.0,24.21793,0.69506955,3.846474999999998,0.3846474999999998
London,0.25,Off-peak,DVNDA,94,10.656911,10.656911,29.295362,100.0,54.989098,500.37387,51.016426,72.46642,0.0,24.181372,0.44288403,3.846474999999998,0.3846474999999998
London,0.25,Off-peak,DVNDA,95,12.058233,12.058233,33.12343,100.0,61.87201,505.13162,42.680244,62.230247,0.0,22.413567,0.5806819,3.846474999999998,0.3846474999999998
London,0.25,Off-peak,DVNDA,96,12.429698,12.429698,34.19425,100.0,64.17283,504.684,40.691643,61.591644,0.0,23.884888,0.3366612,3.846474999999998,0.3846474999999998
London,0.25,Off-peak,DVNDA,97,11.737872,11.737872,32.259026,100.0,60.18061,486.80853,48.58293,69.58293,0.0,24.659622,0.59698343,3.846474999999998,0.3846474999999998
London,0.25,Off-peak,DVNDA,98,10.539725,10.539725,28.96762,100.0,54.10111,511.45505,40.109867,59.809864,0.0,21.903248,0.19493559,3.846474999999998,0.3846474999999998
London,0.25,Off-peak,DVNDA,99,11.945597,11.945597,32.822166,100.0,61.362663,507.47607,52.89281,72.29281,0.0,22.137135,0.5955392,3.846474999999998,0.3846474999999998
London,0.25,Off-peak,Greedy,0,11.630721,11.630721,31.879335,100.0,59.425274,450.68365,22.489876,44.089874,0.0,27.25999,0.22825181,3.8501570000000025,0.38501570000000024
London,0.25,Off-peak,Greedy,1,12.615832,12.615832,34.651123,100.0,64.79895,401.77258,22.43715,40.637146,0.0,26.681696,0.18095161,3.8501570000000025,0.38501570000000024
London,0.25,Off-peak,Greedy,2,13.478186,13.478186,37.00671,100.0,69.17584,406.20966,21.903568,40.803574,0.0,27.521248,0.12372393,3.8501570000000025,0.38501570000000024
London,0.25,Off-peak,Greedy,3,9.749805,9.749805,26.763086,100.0,50.004658,358.08865,27.424324,48.324318,0.0,32.673798,0.16764419,3.8501570000000025,0.38501570000000024
London,0.25,Off-peak,Greedy,4,10.693009,10.693009,29.327925,100.0,55.283047,502.94724,24.911404,44.011402,0.0,21.736029,0.20676859,3.8501570000000025,0.38501570000000024
London,0.25,Off-peak,Greedy,5,9.201125,9.201125,25.350008,100.0,47.629105,511.80862,28.57985,50.07985,0.0,23.330456,0.102452174,3.8501570000000025,0.38501570000000024
London,0.25,Off-peak,Greedy,6,12.841429,12.841429,35.33076,100.0,65.99004,468.32394,26.038221,46.888218,0.0,25.782902,0.30531543,3.8501570000000025,0.38501570000000024
London,0.25,Off-peak,Greedy,7,8.782789,8.782789,24.17766,100.0,45.05654,465.91632,24.598013,47.548008,0.0,27.046515,0.48789486,3.8501570000000025,0.38501570000000024
London,0.25,Off-peak,Greedy,8,12.492202,12.492202,34.394962,100.0,64.52262,453.34915,31.658571,52.80857,0.0,26.884502,0.1364016,3.8501570000000025,0.38501570000000024
London,0.25,Off-peak,Greedy,9,12.869126,12.869126,35.361168,100.0,66.08975,451.88437,30.881056,54.731056,0.0,30.04584,0.07180818,3.8501570000000025,0.38501570000000024
London,0.25,Off-peak,Greedy,10,10.99191,10.99191,30.09907,100.0,56.238956,457.34302,23.906046,44.406044,0.0,25.486284,0.22046669,3.8501570000000025,0.38501570000000024
London,0.25,Off-peak,Greedy,11,11.928141,11.928141,32.75086,100.0,61.413643,504.78854,27.561544,49.11154,0.0,24.387121,0.23058906,3.8501570000000025,0.38501570000000024
London,0.25,Off-peak,Greedy,12,12.771325,12.771325,35.146515,100.0,65.6384,413.51556,21.488947,40.23895,0.0,26.63977,0.20594339,3.8501570000000025,0.38501570000000024
London,0.25,Off-peak,Greedy,13,10.318135,10.318135,28.241726,100.0,52.822277,452.949,23.716375,42.966377,0.0,24.165098,0.08639292,3.8501570000000025,0.38501570000000024
London,0.25,Off-peak,Greedy,14,12.258592,12.258592,33.740726,100.0,62.93762,462.0873,31.349054,53.49905,0.0,27.372404,0.26155463,3.8501570000000025,0.38501570000000024
London,0.25,Off-peak,Greedy,15,14.738669,14.738669,40.556633,100.0,76.748184,500.97925,27.818724,47.268726,0.0,23.241892,0.17811061,3.8501570000000025,0.38501570000000024
London,0.25,Off-peak,Greedy,16,10.462815,10.462815,28.816757,100.0,53.852875,308.83432,29.223644,50.223648,0.0,38.35818,0.19463058,3.8501570000000025,0.38501570000000024
London,0.25,Off-peak,Greedy,17,10.598362,10.598362,29.198994,100.0,54.734573,508.33716,29.70624,51.756237,0.0,24.380203,0.11046644,3.8501570000000025,0.38501570000000024
London,0.25,Off-peak,Greedy,18,11.241234,11.241234,30.889227,100.0,58.123653,508.91492,23.64929,43.049286,0.0,21.915434,0.24777731,3.8501570000000025,0.38501570000000024
London,0.25,Off-peak,Greedy,19,10.224238,10.224238,28.033787,100.0,52.768463,356.94705,23.199984,41.849983,0.0,29.820143,0.21553189,3.8501570000000025,0.38501570000000024
London,0.25,Off-peak,Greedy,20,11.150656,11.150656,30.576693,100.0,57.01702,501.84415,22.643612,41.893612,0.0,22.019636,0.28119555,3.8501570000000025,0.38501570000000024
London,0.25,Off-peak,Greedy,21,14.373943,14.373943,39.553795,100.0,73.73732,454.62393,26.607346,46.507347,0.0,25.941074,0.41754347,3.8501570000000025,0.38501570000000024
London,0.25,Off-peak,Greedy,22,11.111056,11.111056,30.451141,100.0,56.77286,406.3656,23.431507,43.681503,0.0,28.408709,0.16042975,3.8501570000000025,0.38501570000000024
London,0.25,Off-peak,Greedy,23,12.171112,12.171112,33.45506,100.0,62.944542,501.75116,25.655127,45.90512,0.0,23.315569,0.17910545,3.8501570000000025,0.38501570000000024
London,0.25,Off-peak,Greedy,24,11.381882,11.381882,31.206697,100.0,58.647243,455.65128,21.977623,42.02762,0.0,25.219246,0.22631785,3.8501570000000025,0.38501570000000024
London,0.25,Off-peak,Greedy,25,11.463495,11.463495,31.605127,100.0,59.32622,512.6891,25.194798,45.6948,0.0,22.885519,0.16234009,3.8501570000000025,0.38501570000000024
London,0.25,Off-peak,Greedy,26,11.733763,11.733763,32.27499,100.0,60.598423,455.19418,25.57734,42.87734,0.0,22.331041,0.15555352,3.8501570000000025,0.38501570000000024
London,0.25,Off-peak,Greedy,27,11.556749,11.556749,31.749311,100.0,59.34521,399.9074,31.431505,52.7815,0.0,30.403614,0.12128079,3.8501570000000025,0.38501570000000024
London,0.25,Off-peak,Greedy,28,10.7988205,10.7988205,29.76771,100.0,56.05286,507.4192,21.78318,42.33318,0.0,23.011194,0.16100158,3.8501570000000025,0.38501570000000024
London,0.25,Off-peak,Greedy,29,16.092144,16.092144,44.078205,100.0,82.2927,473.14307,24.983774,44.333775,0.0,24.796555,0.31813708,3.8501570000000025,0.38501570000000024
London,0.25,Off-peak,Greedy,30,10.707025,10.707025,29.489105,100.0,55.30583,366.68338,18.15903,36.009033,0.0,28.11048,0.31839612,3.8501570000000025,0.38501570000000024
London,0.25,Off-peak,Greedy,31,11.100088,11.100088,30.495539,100.0,57.771263,316.41135,25.95574,46.20574,0.0,36.564056,0.24534224,3.8501570000000025,0.38501570000000024
London,0.25,Off-peak,Greedy,32,12.19542,12.19542,33.3828,100.0,62.626534,453.31793,26.184517,46.184517,0.0,25.51336,0.17919882,3.8501570000000025,0.38501570000000024
London,0.25,Off-peak,Greedy,33,10.86425,10.86425,29.888678,100.0,56.046906,453.02698,22.467493,42.117493,0.0,24.780365,0.14355175,3.8501570000000025,0.38501570000000024
London,0.25,Off-peak,Greedy,34,9.607409,9.607409,26.451303,100.0,49.56173,513.4547,25.72519,48.47519,0.0,24.567,0.36616266,3.8501570000000025,0.38501570000000024
London,0.25,Off-peak,Greedy,35,12.5511055,12.5511055,34.55463,100.0,65.88473,222.08769,29.917263,50.41726,0.0,53.569466,0.22906862,3.8501570000000025,0.38501570000000024
London,0.25,Off-peak,Greedy,36,12.777264,12.777264,35.040894,100.0,66.17187,280.50464,29.230696,53.4307,0.0,49.03411,0.18966208,3.8501570000000025,0.38501570000000024
London,0.25,Off-peak,Greedy,37,13.537125,13.537125,37.241787,100.0,69.72971,507.84708,26.753117,48.30311,0.0,24.64963,0.33606043,3.8501570000000025,0.38501570000000024
London,0.25,Off-peak,Greedy,38,13.227037,13.227037,36.350758,100.0,68.0297,516.6242,22.522116,42.722115,0.0,22.842024,0.45655477,3.8501570000000025,0.38501570000000024
London,0.25,Off-peak,Greedy,39,11.375849,11.375849,31.258461,100.0,58.700653,512.45337,26.952267,47.652267,0.0,23.060663,0.08918304,3.8501570000000025,0.38501570000000024
London,0.25,Off-peak,Greedy,40,12.305938,12.305938,33.8916,100.0,63.38527,516.47327,30.430363,52.680367,0.0,24.608496,0.16186506,3.8501570000000025,0.38501570000000024
London,0.25,Off-peak,Greedy,41,14.369812,14.369812,39.300503,100.0,73.60452,516.59656,24.691566,45.691566,0.0,23.887331,0.20474626,3.8501570000000025,0.38501570000000024
London,0.25,Off-peak,Greedy,42,12.265516,12.265516,33.82002,100.0,63.501183,496.71542,26.726892,47.52689,0.0,24.133596,0.14598331,3.8501570000000025,0.38501570000000024
London,0.25,Off-peak,Greedy,43,11.986548,11.986548,33.008038,100.0,61.743874,499.18887,23.678015,43.628017,0.0,23.074627,0.1899464,3.8501570000000025,0.38501570000000024
London,0.25,Off-peak,Greedy,44,10.825694,10.825694,29.7309,100.0,55.9347,499.14105,24.834446,45.084446,0.0,23.086395,0.22484823,3.8501570000000025,0.38501570000000024
London,0.25,Off-peak,Greedy,45,12.734837,12.734837,34.989082,100.0,65.50732,509.52524,29.20352,49.80352,0.0,23.429031,0.22640151,3.8501570000000025,0.38501570000000024
London,0.25,Off-peak,Greedy,46,11.665459,11.665459,32.058117,100.0,60.270847,520.40515,21.42869,42.378693,0.0,23.02393,0.31283,3.8501570000000025,0.38501570000000024
London,0.25,Off-peak,Greedy,47,12.358126,12.358126,33.9391,100.0,63.740353,462.19473,27.733088,49.43309,0.0,26.922653,0.16069049,3.8501570000000025,0.38501570000000024
London,0.25,Off-peak,Greedy,48,11.241653,11.241653,30.870245,100.0,57.70312,505.801,22.989235,42.48923,0.0,22.12842,0.2406026,3.8501570000000025,0.38501570000000024
London,0.25,Off-peak,Greedy,49,10.810927,10.810927,29.73529,100.0,55.662094,469.73593,20.825317,39.275314,0.0,22.601107,0.16298492,3.8501570000000025,0.38501570000000024
London,0.25,Off-peak,Greedy,50,10.156504,10.156504,27.899569,100.0,52.18458,496.8786,25.648705,45.948708,0.0,23.053144,0.22185542,3.8501570000000025,0.38501570000000024
London,0.25,Off-peak,Greedy,51,11.757538,11.757538,32.27608,100.0,61.00495,448.45276,24.858154,44.158154,0.0,24.91929,0.31578636,3.8501570000000025,0.38501570000000024
London,0.25,Off-peak,Greedy,52,12.081275,12.081275,33.147614,100.0,62.182728,457.4861,25.644579,46.64458,0.0,26.349583,0.17878021,3.8501570000000025,0.38501570000000024
London,0.25,Off-peak,Greedy,53,13.256776,13.256776,36.42975,100.0,68.12526,360.37338,26.140781,46.19078,0.0,32.544388,0.04447585,3.8501570000000025,0.38501570000000024
London,0.25,Off-peak,Greedy,54,12.293039,12.293039,33.760067,100.0,62.95119,405.5617,24.291052,41.69105,0.0,25.332226,0.16786768,3.8501570000000025,0.38501570000000024
London,0.25,Off-peak,Greedy,55,11.390972,11.390972,31.410145,100.0,58.795647,463.36795,22.876823,42.276825,0.0,24.105877,0.35787567,3.8501570000000025,0.38501570000000024
London,0.25,Off-peak,Greedy,56,11.275572,11.275572,30.969265,100.0,58.076817,404.73734,26.612335,48.162334,0.0,30.20952,0.37435454,3.8501570000000025,0.38501570000000024
London,0.25,Off-peak,Greedy,57,12.098939,12.098939,33.204662,100.0,61.92014,450.8233,22.188753,39.43875,0.0,22.565392,0.1770875,3.8501570000000025,0.38501570000000024
London,0.25,Off-peak,Greedy,58,12.781094,12.781094,35.205917,100.0,65.99926,455.35638,24.616917,42.416916,0.0,23.168627,0.18308912,3.8501570000000025,0.38501570000000024
London,0.25,Off-peak,Greedy,59,14.789153,14.789153,40.699844,100.0,76.162224,515.14105,28.211445,49.361446,0.0,24.224543,0.18930086,3.8501570000000025,0.38501570000000024
London,0.25,Off-peak,Greedy,60,12.359274,12.359274,33.945946,100.0,63.27894,499.86386,28.879713,48.67971,0.0,22.970201,0.2609767,3.8501570000000025,0.38501570000000024
London,0.25,Off-peak,Greedy,61,11.469088,11.469088,31.537819,100.0,58.948875,498.1081,26.753345,46.953346,0.0,23.235361,0.32776317,3.8501570000000025,0.38501570000000024
London,0.25,Off-peak,Greedy,62,13.600915,13.600915,37.394363,100.0,69.73424,417.8368,23.67838,43.278378,0.0,27.626472,0.1062765,3.8501570000000025,0.38501570000000024
London,0.25,Off-peak,Greedy,63,9.77681,9.77681,26.77154,100.0,49.957146,512.47107,27.403545,48.603546,0.0,23.121166,0.075581044,3.8501570000000025,0.38501570000000024
London,0.25,Off-peak,Greedy,64,12.3581505,12.3581505,33.994423,100.0,63.41801,513.37225,30.398008,54.34801,0.0,26.414461,0.122109026,3.8501570000000025,0.38501570000000024
London,0.25,Off-peak,Greedy,65,10.359972,10.359972,28.428606,100.0,52.995995,457.82385,23.851494,42.851494,0.0,23.644247,0.26736045,3.8501570000000025,0.38501570000000024
London,0.25,Off-peak,Greedy,66,12.901422,12.901422,35.474815,100.0,66.22412,517.57855,28.833838,51.83384,0.0,25.417597,0.15077668,3.8501570000000025,0.38501570000000024
London,0.25,Off-peak,Greedy,67,12.527513,12.527513,34.43587,100.0,64.348045,504.96976,25.02811,45.478115,0.0,23.434477,0.45317054,3.8501570000000025,0.38501570000000024
London,0.25,Off-peak,Greedy,68,12.692479,12.692479,34.83599,100.0,65.64814,498.7332,30.402735,51.902733,0.0,24.845356,0.24456951,3.8501570000000025,0.38501570000000024
London,0.25,Off-peak,Greedy,69,12.009049,12.009049,32.987694,100.0,61.62913,498.6786,21.111538,39.71154,0.0,21.738907,0.36059085,3.8501570000000025,0.38501570000000024
London,0.25,Off-peak,Greedy,70,11.981698,11.981698,32.942154,100.0,62.483437,505.1479,28.656555,50.306557,0.0,24.5217,0.3945978,3.8501570000000025,0.38501570000000024
London,0.25,Off-peak,Greedy,71,13.53631,13.53631,37.149933,100.0,69.9192,356.6966,29.170818,51.020817,0.0,35.528736,0.19615063,3.8501570000000025,0.38501570000000024
London,0.25,Off-peak,Greedy,72,10.543698,10.543698,28.934826,100.0,53.928894,513.154,28.598711,51.04871,0.0,24.501848,0.27088466,3.8501570000000025,0.38501570000000024
London,0.25,Off-peak,Greedy,73,11.255678,11.255678,30.963856,100.0,57.766136,509.20093,28.796282,49.04628,0.0,22.720213,0.17098862,3.8501570000000025,0.38501570000000024
London,0.25,Off-peak,Greedy,74,12.273725,12.273725,33.83039,100.0,63.1497,418.1366,24.597176,43.047176,0.0,25.837831,0.19955419,3.8501570000000025,0.38501570000000024
London,0.25,Off-peak,Greedy,75,9.363635,9.363635,25.681053,100.0,47.879322,421.93707,30.568274,53.468273,0.0,29.973623,0.36136678,3.8501570000000025,0.38501570000000024
London,0.25,Off-peak,Greedy,76,11.788617,11.788617,32.34579,100.0,60.50633,510.01797,25.998116,48.14812,0.0,24.680813,0.31254777,3.8501570000000025,0.38501570000000024
London,0.25,Off-peak,Greedy,77,13.564475,13.564475,37.245285,100.0,69.689354,451.87808,22.842833,41.942833,0.0,24.989557,0.2449401,3.8501570000000025,0.38501570000000024
London,0.25,Off-peak,Greedy,78,11.90166,11.90166,32.73729,100.0,61.431736,503.81778,28.841671,50.141678,0.0,24.186907,0.24796982,3.8501570000000025,0.38501570000000024
London,0.25,Off-peak,Greedy,79,11.195204,11.195204,30.718311,100.0,57.273956,512.0649,31.272243,53.67225,0.0,24.668453,0.36208013,3.8501570000000025,0.38501570000000024
London,0.25,Off-peak,Greedy,80,11.057906,11.057906,30.47556,100.0,56.997982,504.72537,23.553028,43.403027,0.0,22.487377,0.46853277,3.8501570000000025,0.38501570000000024
London,0.25,Off-peak,Greedy,81,10.454768,10.454768,28.664644,100.0,53.63501,410.40988,24.429407,45.529404,0.0,28.973171,0.19056429,3.8501570000000025,0.38501570000000024
London,0.25,Off-peak,Greedy,82,11.476559,11.476559,31.45465,100.0,58.683155,504.90216,28.463383,51.913383,0.0,26.12799,0.09746917,3.8501570000000025,0.38501570000000024
London,0.25,Off-peak,Greedy,83,11.897625,11.897625,32.63405,100.0,61.435318,510.77408,24.551004,44.151005,0.0,22.193537,0.13186607,3.8501570000000025,0.38501570000000024
London,0.25,Off-peak,Greedy,84,11.317922,11.317922,31.115993,100.0,58.124363,496.78345,27.414396,47.6644,0.0,23.306149,0.28116846,3.8501570000000025,0.38501570000000024
London,0.25,Off-peak,Greedy,85,10.002417,10.002417,27.417995,100.0,51.248306,396.94888,26.528446,47.978447,0.0,30.246233,0.35516626,3.8501570000000025,0.38501570000000024
London,0.25,Off-peak,Greedy,86,12.945517,12.945517,35.672157,100.0,66.75754,467.93552,28.380255,50.130253,0.0,26.806978,0.14075476,3.8501570000000025,0.38501570000000024
London,0.25,Off-peak,Greedy,87,10.960221,10.960221,30.213484,100.0,56.71651,417.08286,26.3806,46.9806,0.0,28.094929,0.19431031,3.8501570000000025,0.38501570000000024
London,0.25,Off-peak,Greedy,88,12.43714,12.43714,34.083015,100.0,63.640614,458.45856,26.373466,46.32347,0.0,25.228048,0.31772172,3.8501570000000025,0.38501570000000024
London,0.25,Off-peak,Greedy,89,11.464174,11.464174,31.488928,100.0,59.09206,459.9427,27.042456,47.492455,0.0,25.442955,0.17729537,3.8501570000000025,0.38501570000000024
London,0.25,Off-peak,Greedy,90,11.047494,11.047494,30.26514,100.0,56.629517,509.8541,28.26761,50.817616,0.0,24.890919,0.08550917,3.8501570000000025,0.38501570000000024
London,0.25,Off-peak,Greedy,91,13.939262,13.939262,38.397926,100.0,72.118935,514.25256,33.292526,55.292522,0.0,24.896275,0.29035267,3.8501570000000025,0.38501570000000024
London,0.25,Off-peak,Greedy,92,10.150768,10.150768,27.936811,100.0,52.488235,464.7404,27.237173,49.237175,0.0,26.492653,0.16749083,3.8501570000000025,0.38501570000000024
London,0.25,Off-peak,Greedy,93,11.284669,11.284669,30.976374,100.0,58.563515,408.03976,26.48279,47.03279,0.0,28.769472,0.44940755,3.8501570000000025,0.38501570000000024
London,0.25,Off-peak,Greedy,94,11.454096,11.454096,31.473991,100.0,59.050316,498.0253,28.009953,49.459953,0.0,24.499275,0.25265238,3.8501570000000025,0.38501570000000024
London,0.25,Off-peak,Greedy,95,13.887998,13.887998,38.12779,100.0,71.200714,506.63556,22.57483,42.124832,0.0,22.807358,0.49932572,3.8501570000000025,0.38501570000000024
London,0.25,Off-peak,Greedy,96,13.204253,13.204253,36.28653,100.0,68.06961,502.30872,28.2546,49.1546,0.0,24.191776,0.26850766,3.8501570000000025,0.38501570000000024
London,0.25,Off-peak,Greedy,97,11.846561,11.846561,32.558113,100.0,60.73396,404.91458,26.321722,47.32172,0.0,29.681196,0.10300067,3.8501570000000025,0.38501570000000024
London,0.25,Off-peak,Greedy,98,12.574286,12.574286,34.55238,100.0,64.51591,511.45505,22.08314,41.783142,0.0,22.412327,0.31670496,3.8501570000000025,0.38501570000000024
London,0.25,Off-peak,Greedy,99,11.650258,11.650258,32.035606,100.0,59.892246,505.03418,25.364632,44.764633,0.0,22.171381,0.21008165,3.8501570000000025,0.38501570000000024
London,0.25,Peak-aware,DVNDA,0,10.725464,10.725464,29.505058,100.0,63.450516,482.9633,58.809235,80.40924,0.0,25.646385,0.608316,4.182572000000029,0.4182572000000029
London,0.25,Peak-aware,DVNDA,1,11.8971405,11.8971405,32.71257,100.0,65.473694,485.8473,39.552265,57.752266,0.0,22.099209,0.30489817,4.182572000000029,0.4182572000000029
London,0.25,Peak-aware,DVNDA,2,12.362823,12.362823,33.732277,100.0,69.01321,484.95837,36.544044,55.444042,0.0,23.043896,0.15471824,4.182572000000029,0.4182572000000029
London,0.25,Peak-aware,DVNDA,3,9.760819,9.760819,26.827961,100.0,57.616814,482.70297,51.363514,72.26352,0.0,24.632994,0.4983562,4.182572000000029,0.4182572000000029
London,0.25,Peak-aware,DVNDA,4,9.73853,9.73853,26.78844,100.0,51.90841,502.94724,42.45335,61.553345,0.0,21.568293,0.58421814,4.182572000000029,0.4182572000000029
London,0.25,Peak-aware,DVNDA,5,8.638514,8.638514,23.79151,100.0,46.160667,511.80856,34.863773,56.36376,0.0,23.25873,0.20482704,4.182572000000029,0.4182572000000029
London,0.25,Peak-aware,DVNDA,6,9.186121,9.186121,25.187832,100.0,51.455368,495.88824,58.91816,79.76816,0.0,23.616985,0.6599261,4.182572000000029,0.4182572000000029
London,0.25,Peak-aware,DVNDA,7,10.299823,10.299823,28.29413,100.0,60.044205,497.3833,52.66433,75.61432,0.0,26.088747,0.6084562,4.182572000000029,0.4182572000000029
London,0.25,Peak-aware,DVNDA,8,11.0145235,11.0145235,30.331308,100.0,61.668392,483.67825,53.402184,74.55218,0.0,25.051176,0.38985348,4.182572000000029,0.4182572000000029
London,0.25,Peak-aware,DVNDA,9,10.632821,10.632821,29.251797,100.0,60.057148,486.06406,53.10241,76.952415,0.0,27.622757,0.62964934,4.182572000000029,0.4182572000000029
London,0.25,Peak-aware,DVNDA,10,10.64369,10.64369,29.268919,100.0,58.999092,483.57587,46.251022,66.751015,0.0,24.246403,0.1921979,4.182572000000029,0.4182572000000029
London,0.25,Peak-aware,DVNDA,11,9.640695,9.640695,26.515123,100.0,54.069622,508.44693,64.81905,86.36906,0.0,23.850554,0.6799771,4.182572000000029,0.4182572000000029
London,0.25,Peak-aware,DVNDA,12,11.10687,11.10687,30.410166,100.0,65.80978,484.20953,58.216957,76.96696,0.0,22.759245,0.61733127,4.182572000000029,0.4182572000000029
London,0.25,Peak-aware,DVNDA,13,10.310879,10.310879,28.23811,100.0,56.155937,484.10294,37.10319,56.353203,0.0,22.782135,0.05732597,4.182572000000029,0.4182572000000029
London,0.25,Peak-aware,DVNDA,14,11.298647,11.298647,31.192736,100.0,63.31017,483.04715,57.53716,79.687164,0.0,26.203972,0.58152294,4.182572000000029,0.4182572000000029
London,0.25,Peak-aware,DVNDA,15,11.656073,11.656073,31.999504,100.0,66.423096,501.29614,54.919617,74.36961,0.0,22.712275,0.30384153,4.182572000000029,0.4182572000000029
London,0.25,Peak-aware,DVNDA,16,9.62865,9.62865,26.46225,100.0,52.946365,483.50726,44.840076,65.84007,0.0,24.453938,0.34919825,4.182572000000029,0.4182572000000029
London,0.25,Peak-aware,DVNDA,17,9.429214,9.429214,25.930563,100.0,51.210423,506.93692,73.52605,95.57605,0.0,24.273754,0.6356307,4.182572000000029,0.4182572000000029
London,0.25,Peak-aware,DVNDA,18,9.670425,9.670425,26.542025,100.0,54.56675,507.61276,42.674892,62.07489,0.0,21.796474,0.6153891,4.182572000000029,0.4182572000000029
London,0.25,Peak-aware,DVNDA,19,11.109938,11.109938,30.495686,100.0,60.01303,483.9163,39.490852,58.140858,0.0,22.370243,0.33377448,4.182572000000029,0.4182572000000029
London,0.25,Peak-aware,DVNDA,20,10.313659,10.313659,28.334597,100.0,57.906452,502.3899,40.604023,59.854027,0.0,22.039976,0.34633017,4.182572000000029,0.4182572000000029
London,0.25,Peak-aware,DVNDA,21,12.520754,12.520754,34.35766,100.0,70.14555,484.70462,55.89051,75.79051,0.0,24.145922,0.59695125,4.182572000000029,0.4182572000000029
London,0.25,Peak-aware,DVNDA,22,13.326816,18.326817,36.509865,95.0,70.05563,485.44397,30.643766,51.380604,1.0,23.898518,0.27230695,4.182572000000029,0.4182572000000029
London,0.25,Peak-aware,DVNDA,23,10.921643,10.921643,29.988642,100.0,58.248234,500.0086,50.681908,70.93191,0.0,23.16201,0.68992627,4.182572000000029,0.4182572000000029
London,0.25,Peak-aware,DVNDA,24,10.880582,10.880582,29.894913,100.0,60.061012,482.5969,39.455696,59.505707,0.0,23.884375,0.26369914,4.182572000000029,0.4182572000000029
London,0.25,Peak-aware,DVNDA,25,10.440653,10.440653,28.817383,100.0,60.36488,525.134,62.86975,83.36975,0.0,22.39261,0.63108295,4.182572000000029,0.4182572000000029
London,0.25,Peak-aware,DVNDA,26,11.005066,11.005066,30.23133,100.0,60.99196,485.1074,43.31949,60.619484,0.0,20.974325,0.5979069,4.182572000000029,0.4182572000000029
London,0.25,Peak-aware,DVNDA,27,10.026765,10.026765,27.499474,100.0,57.672585,483.07132,55.227654,76.57766,0.0,25.08287,0.48862013,4.182572000000029,0.4182572000000029
London,0.25,Peak-aware,DVNDA,28,8.941415,8.941415,24.602516,100.0,49.20503,508.31104,45.43315,65.983154,0.0,22.634026,0.40039945,4.182572000000029,0.4182572000000029
London,0.25,Peak-aware,DVNDA,29,13.384175,13.384175,36.692448,100.0,74.501045,487.0937,46.130405,65.48041,0.0,23.686466,0.24024045,4.182572000000029,0.4182572000000029
London,0.25,Peak-aware,DVNDA,30,11.183962,11.183962,30.70094,100.0,59.47834,484.75873,32.610283,50.46028,0.0,21.478642,0.25633377,4.182572000000029,0.4182572000000029
London,0.25,Peak-aware,DVNDA,31,10.626513,10.626513,29.216444,100.0,62.388145,483.03424,50.41544,70.66544,0.0,24.19022,0.59691375,4.182572000000029,0.4182572000000029
London,0.25,Peak-aware,DVNDA,32,14.640992,14.640992,40.129936,100.0,79.45123,485.22165,54.76175,74.76175,0.0,24.702688,0.36444265,4.182572000000029,0.4182572000000029
London,0.25,Peak-aware,DVNDA,33,9.655729,9.655729,26.650309,100.0,54.741657,485.3871,58.604958,78.25496,0.0,23.061066,0.5881708,4.182572000000029,0.4182572000000029
London,0.25,Peak-aware,DVNDA,34,9.167411,9.167411,25.217924,100.0,54.5838,510.79593,64.640945,87.39095,0.0,24.940672,0.36440068,4.182572000000029,0.4182572000000029
London,0.25,Peak-aware,DVNDA,35,11.392276,11.392276,31.301725,100.0,66.061646,485.8809,61.82722,82.327225,0.0,24.494774,0.59500074,4.182572000000029,0.4182572000000029
London,0.25,Peak-aware,DVNDA,36,12.129847,12.129847,33.329227,100.0,66.27352,485.39966,72.95281,97.15282,0.0,28.341257,0.5952632,4.182572000000029,0.4182572000000029
London,0.25,Peak-aware,DVNDA,37,11.889082,11.889082,32.71614,100.0,67.95667,510.3197,47.277588,68.82759,0.0,24.443342,0.12542509,4.182572000000029,0.4182572000000029
London,0.25,Peak-aware,DVNDA,38,11.535419,11.535419,31.69881,100.0,65.53436,516.6242,42.492916,62.692913,0.0,22.721275,0.6533817,4.182572000000029,0.4182572000000029
London,0.25,Peak-aware,DVNDA,39,9.104549,9.104549,25.036568,100.0,51.308624,510.95215,53.116325,73.81633,0.0,22.766743,0.4848633,4.182572000000029,0.4182572000000029
London,0.25,Peak-aware,DVNDA,40,12.089425,12.089425,33.26222,100.0,67.01803,516.47327,48.119244,70.369255,0.0,24.784346,0.15799506,4.182572000000029,0.4182572000000029
London,0.25,Peak-aware,DVNDA,41,11.233064,11.233064,30.908632,100.0,61.508934,514.91284,42.128883,63.128883,0.0,23.378176,0.47800744,4.182572000000029,0.4182572000000029
London,0.25,Peak-aware,DVNDA,42,10.574975,10.574975,29.068268,100.0,59.928608,496.71542,48.845036,69.645035,0.0,23.953789,0.4838125,4.182572000000029,0.4182572000000029
London,0.25,Peak-aware,DVNDA,43,9.68532,9.68532,26.684687,100.0,56.725124,499.18893,51.261597,71.21159,0.0,22.823282,0.6374688,4.182572000000029,0.4182572000000029
London,0.25,Peak-aware,DVNDA,44,12.193984,12.193984,33.43792,100.0,67.83678,501.47736,42.906185,63.15618,0.0,23.572186,0.25123855,4.182572000000029,0.4182572000000029
London,0.25,Peak-aware,DVNDA,45,10.763604,10.763604,29.61815,100.0,59.991825,509.5253,62.21453,82.81453,0.0,23.15841,0.5902818,4.182572000000029,0.4182572000000029
London,0.25,Peak-aware,DVNDA,46,11.279276,11.279276,30.954403,100.0,66.34666,520.40515,57.995934,78.94594,0.0,23.31581,0.59741926,4.182572000000029,0.4182572000000029
London,0.25,Peak-aware,DVNDA,47,12.506391,12.506391,34.421967,100.0,70.60902,485.09473,48.772434,70.47244,0.0,26.005692,0.39945778,4.182572000000029,0.4182572000000029
London,0.25,Peak-aware,DVNDA,48,11.864538,11.864538,32.45562,100.0,63.19506,505.801,41.829174,61.329174,0.0,22.399874,0.27871317,4.182572000000029,0.4182572000000029
London,0.25,Peak-aware,DVNDA,49,9.495366,9.495366,26.091154,100.0,52.669113,482.9524,50.796726,69.24673,0.0,21.827675,0.714251,4.182572000000029,0.4182572000000029
London,0.25,Peak-aware,DVNDA,50,8.65184,8.65184,23.753862,100.0,46.766594,496.49008,42.64615,62.946148,0.0,22.798372,0.46986532,4.182572000000029,0.4182572000000029
London,0.25,Peak-aware,DVNDA,51,10.669186,10.669186,29.257397,100.0,58.538185,485.04233,41.578064,60.878063,0.0,22.912334,0.5846919,4.182572000000029,0.4182572000000029
London,0.25,Peak-aware,DVNDA,52,12.145777,12.145777,33.334236,100.0,70.070404,484.76663,51.482105,72.4821,0.0,25.273523,0.58808905,4.182572000000029,0.4182572000000029
London,0.25,Peak-aware,DVNDA,53,12.468444,12.468444,34.15731,100.0,70.17011,483.20227,50.84879,70.89879,0.0,24.377481,0.4779999,4.182572000000029,0.4182572000000029
London,0.25,Peak-aware,DVNDA,54,12.417225,12.417225,34.162823,100.0,69.10461,485.7728,41.979633,59.37963,0.0,21.466034,0.08263449,4.182572000000029,0.4182572000000029
London,0.25,Peak-aware,DVNDA,55,10.552954,10.552954,28.994028,100.0,57.407017,482.94916,35.11936,54.519367,0.0,23.05662,0.20603184,4.182572000000029,0.4182572000000029
London,0.25,Peak-aware,DVNDA,56,7.8969126,7.8969126,21.746092,100.0,44.395626,482.56766,42.518417,64.06843,0.0,24.628445,0.60958034,4.182572000000029,0.4182572000000029
London,0.25,Peak-aware,DVNDA,57,10.834741,10.834741,29.680313,100.0,57.851997,484.48386,33.327286,50.577293,0.0,20.78769,0.134786,4.182572000000029,0.4182572000000029
London,0.25,Peak-aware,DVNDA,58,10.184306,10.184306,28.092197,100.0,56.958893,484.69586,43.658615,61.45861,0.0,21.299896,0.3240221,4.182572000000029,0.4182572000000029
London,0.25,Peak-aware,DVNDA,59,15.688553,15.688553,43.077477,100.0,85.48025,514.9533,45.50367,66.65367,0.0,24.685745,0.33481708,4.182572000000029,0.4182572000000029
London,0.25,Peak-aware,DVNDA,60,11.690708,11.690708,32.168106,100.0,64.90236,496.62506,47.180325,66.98033,0.0,23.201729,0.32624868,4.182572000000029,0.4182572000000029
London,0.25,Peak-aware,DVNDA,61,12.980307,12.980307,35.662464,100.0,72.623184,497.56335,50.796223,70.99622,0.0,23.947865,0.60901904,4.182572000000029,0.4182572000000029
London,0.25,Peak-aware,DVNDA,62,9.733123,9.733123,26.713646,100.0,54.17388,482.55576,34.53032,54.13033,0.0,23.115147,0.26299542,4.182572000000029,0.4182572000000029
London,0.25,Peak-aware,DVNDA,63,10.996336,10.996336,30.148897,100.0,63.052555,515.0291,64.607445,85.80745,0.0,23.64199,0.6318189,4.182572000000029,0.4182572000000029
London,0.25,Peak-aware,DVNDA,64,11.100416,11.100416,30.56418,100.0,67.00179,513.3722,74.3673,98.31731,0.0,26.58899,0.60739446,4.182572000000029,0.4182572000000029
London,0.25,Peak-aware,DVNDA,65,11.609533,11.609533,31.864737,100.0,66.77351,483.67767,59.7682,78.768196,0.0,23.092522,0.6021588,4.182572000000029,0.4182572000000029
London,0.25,Peak-aware,DVNDA,66,12.995832,12.995832,35.699017,100.0,73.77542,517.57855,51.766014,74.76602,0.0,25.782335,0.19793755,4.182572000000029,0.4182572000000029
London,0.25,Peak-aware,DVNDA,67,9.881333,9.881333,27.140247,100.0,54.65003,506.19147,56.297066,76.747055,0.0,22.898941,0.64717966,4.182572000000029,0.4182572000000029
London,0.25,Peak-aware,DVNDA,68,11.854956,11.854956,32.57007,100.0,66.96269,500.55804,45.718407,67.21841,0.0,24.82043,0.18986316,4.182572000000029,0.4182572000000029
London,0.25,Peak-aware,DVNDA,69,12.088726,12.088726,33.201565,100.0,66.20243,498.6786,31.860104,50.460106,0.0,21.968184,0.0755197,4.182572000000029,0.4182572000000029
London,0.25,Peak-aware,DVNDA,70,10.0311165,10.0311165,27.570753,100.0,56.365353,505.1479,56.397717,78.047714,0.0,24.218918,0.6681392,4.182572000000029,0.4182572000000029
London,0.25,Peak-aware,DVNDA,71,12.33023,12.33023,33.817715,100.0,68.752045,484.96243,42.068047,63.918053,0.0,26.071707,0.2015241,4.182572000000029,0.4182572000000029
London,0.25,Peak-aware,DVNDA,72,9.033768,9.033768,24.84019,100.0,49.727947,536.2147,50.0919,72.5419,0.0,23.252254,0.2926364,4.182572000000029,0.4182572000000029
London,0.25,Peak-aware,DVNDA,73,10.600182,10.600182,29.144041,100.0,56.135227,509.89346,44.733673,64.98367,0.0,22.60939,0.12697327,4.182572000000029,0.4182572000000029
London,0.25,Peak-aware,DVNDA,74,12.3906765,12.3906765,34.122883,100.0,68.10253,485.27515,46.20868,64.658676,0.0,22.518284,0.42279598,4.182572000000029,0.4182572000000029
London,0.25,Peak-aware,DVNDA,75,8.23742,8.23742,22.61528,100.0,48.34099,483.88007,67.218704,90.118706,0.0,26.160458,0.5853014,4.182572000000029,0.4182572000000029
London,0.25,Peak-aware,DVNDA,76,9.643134,9.643134,26.494904,100.0,52.94367,510.01797,39.97669,62.126686,0.0,24.310108,0.6395486,4.182572000000029,0.4182572000000029
London,0.25,Peak-aware,DVNDA,77,12.592524,12.592524,34.567165,100.0,68.25806,484.15775,30.7423,49.8423,0.0,23.249552,0.25597683,4.182572000000029,0.4182572000000029
London,0.25,Peak-aware,DVNDA,78,10.198582,10.198582,28.024506,100.0,60.74725,503.81778,60.55432,81.854324,0.0,24.152943,0.65387654,4.182572000000029,0.4182572000000029
London,0.25,Peak-aware,DVNDA,79,12.428216,12.428216,34.21547,100.0,67.96186,538.22284,48.503944,70.903946,0.0,23.965998,0.26619297,4.182572000000029,0.4182572000000029
London,0.25,Peak-aware,DVNDA,80,10.64032,10.64032,29.287632,100.0,61.883667,505.75037,54.85315,74.70314,0.0,22.683311,0.64636016,4.182572000000029,0.4182572000000029
London,0.25,Peak-aware,DVNDA,81,9.780758,9.780758,26.789858,100.0,55.137043,483.6002,39.10943,60.20943,0.0,24.66588,0.21622062,4.182572000000029,0.4182572000000029
London,0.25,Peak-aware,DVNDA,82,12.409615,12.409615,34.017918,100.0,68.05537,507.09622,54.467915,77.917915,0.0,26.476992,0.22970775,4.182572000000029,0.4182572000000029
London,0.25,Peak-aware,DVNDA,83,11.227648,11.227648,30.847591,100.0,61.782875,511.55804,37.235283,56.83529,0.0,22.17651,0.47291395,4.182572000000029,0.4182572000000029
London,0.25,Peak-aware,DVNDA,84,11.827254,11.827254,32.37177,100.0,64.979256,497.81592,40.58956,60.83956,0.0,23.602062,0.24856414,4.182572000000029,0.4182572000000029
London,0.25,Peak-aware,DVNDA,85,10.283966,10.283966,28.205603,100.0,58.60704,483.48706,53.69686,75.146866,0.0,25.213036,0.45844105,4.182572000000029,0.4182572000000029
London,0.25,Peak-aware,DVNDA,86,11.584448,11.584448,31.926508,100.0,62.290054,483.85684,36.550194,58.3002,0.0,25.694073,0.05958658,4.182572000000029,0.4182572000000029
London,0.25,Peak-aware,DVNDA,87,10.486212,10.486212,28.847149,100.0,59.877636,483.62875,46.63991,67.239914,0.0,24.392553,0.5497965,4.182572000000029,0.4182572000000029
London,0.25,Peak-aware,DVNDA,88,11.084609,11.084609,30.405203,100.0,61.36581,483.38138,50.085316,70.03532,0.0,23.809654,0.2652833,4.182572000000029,0.4182572000000029
London,0.25,Peak-aware,DVNDA,89,12.0238285,12.0238285,33.073,100.0,68.388214,485.9427,54.138905,74.58891,0.0,24.559908,0.49183992,4.182572000000029,0.4182572000000029
London,0.25,Peak-aware,DVNDA,90,9.804062,9.804062,26.908035,100.0,53.883415,534.38605,59.176155,81.72615,0.0,23.619787,0.6024437,4.182572000000029,0.4182572000000029
London,0.25,Peak-aware,DVNDA,91,11.093132,11.093132,30.541988,100.0,60.899956,514.2526,46.16833,68.16833,0.0,24.350872,0.58194697,4.182572000000029,0.4182572000000029
London,0.25,Peak-aware,DVNDA,92,11.648815,11.648815,32.004898,100.0,61.65749,483.3065,42.281727,64.28172,0.0,25.949244,0.3292585,4.182572000000029,0.4182572000000029
London,0.25,Peak-aware,DVNDA,93,11.343678,11.343678,31.227406,100.0,63.437912,485.06,41.377228,61.927223,0.0,24.452538,0.6944166,4.182572000000029,0.4182572000000029
London,0.25,Peak-aware,DVNDA,94,10.657163,10.657163,29.296125,100.0,58.7128,500.37387,51.255104,72.70509,0.0,24.36742,0.4428665,4.182572000000029,0.4182572000000029
London,0.25,Peak-aware,DVNDA,95,12.064695,12.064695,33.14303,100.0,68.960365,505.13162,43.110058,62.660057,0.0,22.764387,0.5805766,4.182572000000029,0.4182572000000029
London,0.25,Peak-aware,DVNDA,96,12.436265,12.436265,34.212254,100.0,71.06561,504.684,41.127277,62.02727,0.0,24.226328,0.3367255,4.182572000000029,0.4182572000000029
London,0.25,Peak-aware,DVNDA,97,11.749564,11.749564,32.29049,100.0,67.57625,486.80853,49.03969,70.03969,0.0,25.039425,0.5970685,4.182572000000029,0.4182572000000029
London,0.25,Peak-aware,DVNDA,98,10.542579,10.542579,28.97536,100.0,57.30965,511.45505,40.270294,59.970287,0.0,22.060081,0.19489405,4.182572000000029,0.4182572000000029
London,0.25,Peak-aware,DVNDA,99,11.94917,11.94917,32.832294,100.0,65.79307,507.47607,53.442352,72.84235,0.0,22.355394,0.5955334,4.182572000000029,0.4182572000000029
London,0.25,Peak-aware,Greedy,0,11.664037,11.664037,31.987673,100.0,63.09759,450.68365,22.673489,44.27349,0.0,27.463697,0.23319559,3.8863209999999877,0.38863209999999876
London,0.25,Peak-aware,Greedy,1,12.615832,12.615832,34.651123,100.0,68.324196,404.23688,22.522423,40.722424,0.0,26.737059,0.18095161,3.8863209999999877,0.38863209999999876
London,0.25,Peak-aware,Greedy,2,13.489221,13.489221,37.035973,100.0,77.930855,410.59573,22.112896,41.012897,0.0,27.760326,0.12343619,3.8863209999999877,0.38863209999999876
London,0.25,Peak-aware,Greedy,3,9.761049,9.761049,26.795984,100.0,54.916058,360.31787,27.605747,48.50575,0.0,32.81242,0.168872,3.8863209999999877,0.38863209999999876
London,0.25,Peak-aware,Greedy,4,10.698506,10.698506,29.3429,100.0,56.20132,502.94724,24.911404,44.011402,0.0,21.781673,0.2059754,3.8863209999999877,0.38863209999999876
London,0.25,Peak-aware,Greedy,5,9.201125,9.201125,25.350008,100.0,47.629105,511.80862,28.57985,50.07985,0.0,23.330456,0.102452174,3.8863209999999877,0.38863209999999876
London,0.25,Peak-aware,Greedy,6,12.841429,12.841429,35.33076,100.0,70.06818,468.32394,26.242126,47.09213,0.0,26.000605,0.30531543,3.8863209999999877,0.38863209999999876
London,0.25,Peak-aware,Greedy,7,8.782789,8.782789,24.17766,100.0,45.70592,465.91632,24.630484,47.58048,0.0,27.08136,0.48789486,3.8863209999999877,0.38863209999999876
London,0.25,Peak-aware,Greedy,8,12.495486,12.495486,34.404625,100.0,66.77066,453.34915,31.724997,52.875,0.0,27.00847,0.13647085,3.8863209999999877,0.38863209999999876
London,0.25,Peak-aware,Greedy,9,12.869126,12.869126,35.361168,100.0,70.35776,451.88437,30.881056,54.731056,0.0,30.28196,0.07180818,3.8863209999999877,0.38863209999999876
London,0.25,Peak-aware,Greedy,10,10.99191,10.99191,30.09907,100.0,58.956154,457.34302,23.974455,44.474453,0.0,25.634815,0.22046669,3.8863209999999877,0.38863209999999876
London,0.25,Peak-aware,Greedy,11,11.928141,11.928141,32.75086,100.0,62.915405,504.78854,27.63663,49.18663,0.0,24.461496,0.23058906,3.8863209999999877,0.38863209999999876
London,0.25,Peak-aware,Greedy,12,12.771576,12.771576,35.147278,100.0,70.94808,415.10916,21.694523,40.44453,0.0,26.857277,0.20597312,3.8863209999999877,0.38863209999999876
London,0.25,Peak-aware,Greedy,13,10.318135,10.318135,28.241726,100.0,55.677532,452.949,23.827232,43.077232,0.0,24.322691,0.08639292,3.8863209999999877,0.38863209999999876
London,0.25,Peak-aware,Greedy,14,12.258592,12.258592,33.740726,100.0,71.04514,462.0873,31.498772,53.648777,0.0,27.81104,0.26155463,3.8863209999999877,0.38863209999999876
London,0.25,Peak-aware,Greedy,15,14.763017,14.763017,40.62812,100.0,84.75732,500.97925,28.003017,47.45302,0.0,23.641565,0.18078957,3.8863209999999877,0.38863209999999876
London,0.25,Peak-aware,Greedy,16,10.470375,10.470375,28.832266,100.0,55.22418,308.83432,29.292212,50.292217,0.0,38.469185,0.19481912,3.8863209999999877,0.38863209999999876
London,0.25,Peak-aware,Greedy,17,10.607561,10.607561,29.235786,100.0,56.470943,508.33716,29.734415,51.78442,0.0,24.465597,0.10928818,3.8863209999999877,0.38863209999999876
London,0.25,Peak-aware,Greedy,18,11.287497,11.287497,31.011816,100.0,61.440536,508.91492,23.74143,43.14143,0.0,22.078373,0.25230873,3.8863209999999877,0.38863209999999876
London,0.25,Peak-aware,Greedy,19,10.224696,10.224696,28.043663,100.0,56.429604,360.09354,23.312685,41.96269,0.0,29.813755,0.21595001,3.8863209999999877,0.38863209999999876
London,0.25,Peak-aware,Greedy,20,11.150656,11.150656,30.576693,100.0,64.39962,501.84415,22.952288,42.20229,0.0,22.38741,0.28119555,3.8863209999999877,0.38863209999999876
London,0.25,Peak-aware,Greedy,21,14.373943,14.373943,39.553795,100.0,77.30707,454.62393,26.785831,46.685833,0.0,26.137377,0.41754347,3.8863209999999877,0.38863209999999876
London,0.25,Peak-aware,Greedy,22,11.126176,11.126176,30.482159,100.0,63.91778,408.42056,23.602446,43.852448,0.0,28.703121,0.1598108,3.8863209999999877,0.38863209999999876
London,0.25,Peak-aware,Greedy,23,12.176174,12.176174,33.463097,100.0,63.67697,501.75116,25.655127,45.90512,0.0,23.352062,0.17881435,3.8863209999999877,0.38863209999999876
London,0.25,Peak-aware,Greedy,24,11.385166,11.385166,31.21636,100.0,60.67854,455.65128,22.039486,42.08948,0.0,25.330694,0.22600423,3.8863209999999877,0.38863209999999876
London,0.25,Peak-aware,Greedy,25,11.463495,11.463495,31.605127,100.0,61.063385,512.6891,25.281654,45.78166,0.0,22.970228,0.16234009,3.8863209999999877,0.38863209999999876
London,0.25,Peak-aware,Greedy,26,11.733763,11.733763,32.27499,100.0,62.69454,455.19418,25.682144,42.982143,0.0,22.446165,0.15555352,3.8863209999999877,0.38863209999999876
London,0.25,Peak-aware,Greedy,27,11.563213,11.563213,31.76891,100.0,64.92084,401.3537,31.511171,52.861164,0.0,30.641354,0.12096592,3.8863209999999877,0.38863209999999876
London,0.25,Peak-aware,Greedy,28,10.7988205,10.7988205,29.76771,100.0,57.422977,507.4192,21.78318,42.33318,0.0,23.078697,0.16100158,3.8863209999999877,0.38863209999999876
London,0.25,Peak-aware,Greedy,29,16.126415,16.126415,44.18667,100.0,90.09105,473.14307,25.247011,44.597015,0.0,25.208603,0.3212217,3.8863209999999877,0.38863209999999876
London,0.25,Peak-aware,Greedy,30,10.707025,10.707025,29.489105,100.0,59.446255,369.5772,18.291283,36.141285,0.0,28.170448,0.31839612,3.8863209999999877,0.38863209999999876
London,0.25,Peak-aware,Greedy,31,11.098855,11.098855,30.500328,100.0,62.223396,317.39163,26.098465,46.34847,0.0,36.801804,0.24531172,3.8863209999999877,0.38863209999999876
London,0.25,Peak-aware,Greedy,32,12.19542,12.19542,33.3828,100.0,62.626534,453.31793,26.184517,46.184517,0.0,25.51336,0.17919882,3.8863209999999877,0.38863209999999876
London,0.25,Peak-aware,Greedy,33,10.8654995,10.8654995,29.892588,100.0,59.003166,453.02698,22.571365,42.221363,0.0,24.943504,0.14335999,3.8863209999999877,0.38863209999999876
London,0.25,Peak-aware,Greedy,34,9.607409,9.607409,26.451303,100.0,54.870388,513.4547,25.990623,48.740623,0.0,24.82548,0.36616266,3.8863209999999877,0.38863209999999876
London,0.25,Peak-aware,Greedy,35,12.5511055,12.5511055,34.55463,100.0,71.67631,222.08769,30.016161,50.51616,0.0,54.221413,0.22906862,3.8863209999999877,0.38863209999999876
London,0.25,Peak-aware,Greedy,36,12.800196,12.800196,35.093254,100.0,69.30044,280.50464,29.257298,53.4573,0.0,49.312946,0.18725866,3.8863209999999877,0.38863209999999876
London,0.25,Peak-aware,Greedy,37,13.537125,13.537125,37.241787,100.0,76.36502,507.84708,27.029755,48.579746,0.0,24.97627,0.33606043,3.8863209999999877,0.38863209999999876
London,0.25,Peak-aware,Greedy,38,13.227037,13.227037,36.350758,100.0,70.6329,516.6242,22.652277,42.852276,0.0,22.967999,0.45655477,3.8863209999999877,0.38863209999999876
London,0.25,Peak-aware,Greedy,39,11.376169,11.376169,31.258596,100.0,62.319324,512.45337,27.095585,47.795586,0.0,23.237202,0.08918134,3.8863209999999877,0.38863209999999876
London,0.25,Peak-aware,Greedy,40,12.305938,12.305938,33.8916,100.0,67.781746,516.47327,30.44882,52.69882,0.0,24.821312,0.16186506,3.8863209999999877,0.38863209999999876
London,0.25,Peak-aware,Greedy,41,14.381056,14.381056,39.333405,100.0,82.10947,516.59656,24.906841,45.90684,0.0,24.298918,0.20535457,3.8863209999999877,0.38863209999999876
London,0.25,Peak-aware,Greedy,42,12.273076,12.273076,33.83553,100.0,69.72678,496.71542,26.941185,47.741184,0.0,24.446936,0.14545253,3.8863209999999877,0.38863209999999876
London,0.25,Peak-aware,Greedy,43,11.986548,11.986548,33.008038,100.0,63.524418,499.18887,23.767044,43.71704,0.0,23.163797,0.1899464,3.8863209999999877,0.38863209999999876
London,0.25,Peak-aware,Greedy,44,10.825694,10.825694,29.7309,100.0,62.18153,499.14105,24.991306,45.241306,0.0,23.399275,0.22484823,3.8863209999999877,0.38863209999999876
London,0.25,Peak-aware,Greedy,45,12.734837,12.734837,34.989082,100.0,69.11025,509.52524,29.274525,49.874527,0.0,23.60581,0.22640151,3.8863209999999877,0.38863209999999876
London,0.25,Peak-aware,Greedy,46,11.665459,11.665459,32.058117,100.0,63.141113,520.40515,21.572205,42.522205,0.0,23.161814,0.31283,3.8863209999999877,0.38863209999999876
London,0.25,Peak-aware,Greedy,47,12.358126,12.358126,33.9391,100.0,68.79094,462.19473,27.886444,49.58645,0.0,27.19584,0.16069049,3.8863209999999877,0.38863209999999876
London,0.25,Peak-aware,Greedy,48,11.244937,11.244937,30.879906,100.0,59.377903,505.801,23.072973,42.57297,0.0,22.211199,0.24077609,3.8863209999999877,0.38863209999999876
London,0.25,Peak-aware,Greedy,49,10.810927,10.810927,29.73529,100.0,56.233627,469.73593,20.853893,39.303894,0.0,22.631525,0.16298492,3.8863209999999877,0.38863209999999876
London,0.25,Peak-aware,Greedy,50,10.182059,10.182059,27.972826,100.0,56.100212,496.8786,25.756111,46.05611,0.0,23.250156,0.22204411,3.8863209999999877,0.38863209999999876
London,0.25,Peak-aware,Greedy,51,11.757538,11.757538,32.27608,100.0,61.63337,448.45276,24.889574,44.189575,0.0,24.95432,0.31578636,3.8863209999999877,0.38863209999999876
London,0.25,Peak-aware,Greedy,52,12.089758,12.089758,33.17025,100.0,65.647255,457.4861,25.762783,46.762783,0.0,26.538906,0.17901513,3.8863209999999877,0.38863209999999876
London,0.25,Peak-aware,Greedy,53,13.278321,13.278321,36.48089,100.0,77.009415,362.14825,26.357355,46.407352,0.0,32.998188,0.043014865,3.8863209999999877,0.38863209999999876
London,0.25,Peak-aware,Greedy,54,12.293039,12.293039,33.760067,100.0,71.657,408.6679,24.43138,41.831383,0.0,25.672249,0.16786768,3.8863209999999877,0.38863209999999876
London,0.25,Peak-aware,Greedy,55,11.390972,11.390972,31.410145,100.0,64.0228,463.36795,23.084473,42.48447,0.0,24.387897,0.35787567,3.8863209999999877,0.38863209999999876
London,0.25,Peak-aware,Greedy,56,11.276137,11.276137,30.97093,100.0,63.350395,406.07098,26.787176,48.337177,0.0,30.434973,0.37432918,3.8863209999999877,0.38863209999999876
London,0.25,Peak-aware,Greedy,57,12.098939,12.098939,33.204662,100.0,63.457684,450.8233,22.265627,39.51563,0.0,22.650652,0.1770875,3.8863209999999877,0.38863209999999876
London,0.25,Peak-aware,Greedy,58,12.781094,12.781094,35.205917,100.0,67.31479,455.35638,24.682692,42.482693,0.0,23.24085,0.18308912,3.8863209999999877,0.38863209999999876
London,0.25,Peak-aware,Greedy,59,14.821983,14.821983,40.793964,100.0,80.413956,515.14105,28.31097,49.46097,0.0,24.430882,0.18651555,3.8863209999999877,0.38863209999999876
London,0.25,Peak-aware,Greedy,60,12.364399,12.364399,33.959408,100.0,68.341774,499.86386,28.98071,48.780704,0.0,23.223413,0.26118392,3.8863209999999877,0.38863209999999876
London,0.25,Peak-aware,Greedy,61,11.469088,11.469088,31.537819,100.0,60.326324,498.1081,26.82222,47.022217,0.0,23.304497,0.32776317,3.8863209999999877,0.38863209999999876
London,0.25,Peak-aware,Greedy,62,13.607379,13.607379,37.413963,100.0,74.32356,419.4425,23.907846,43.507847,0.0,27.794249,0.106558435,3.8863209999999877,0.38863209999999876
London,0.25,Peak-aware,Greedy,63,9.77681,9.77681,26.77154,100.0,54.011276,512.47107,27.452354,48.65235,0.0,23.318941,0.075581044,3.8863209999999877,0.38863209999999876
London,0.25,Peak-aware,Greedy,64,12.358716,12.358716,33.99609,100.0,70.9049,513.37225,30.63907,54.589073,0.0,26.779055,0.12206132,3.8863209999999877,0.38863209999999876
London,0.25,Peak-aware,Greedy,65,10.359972,10.359972,28.428606,100.0,53.58544,457.82385,23.880968,42.880962,0.0,23.676434,0.26736045,3.8863209999999877,0.38863209999999876
London,0.25,Peak-aware,Greedy,66,12.901672,12.901672,35.47558,100.0,74.3606,517.57855,28.981104,51.981102,0.0,25.810602,0.150767,3.8863209999999877,0.38863209999999876
London,0.25,Peak-aware,Greedy,67,12.527513,12.527513,34.43587,100.0,66.13046,504.96976,25.117235,45.567238,0.0,23.52272,0.45317054,3.8863209999999877,0.38863209999999876
London,0.25,Peak-aware,Greedy,68,12.122063,12.122063,33.296513,100.0,69.54376,496.99597,30.461468,51.961464,0.0,25.12816,0.2980002,3.8863209999999877,0.38863209999999876
London,0.25,Peak-aware,Greedy,69,12.015017,12.015017,32.9999,100.0,64.84876,498.6786,21.27252,39.87252,0.0,21.900316,0.3610238,3.8863209999999877,0.38863209999999876
London,0.25,Peak-aware,Greedy,70,11.981698,11.981698,32.942154,100.0,66.520424,505.1479,28.725163,50.375164,0.0,24.721495,0.3945978,3.8863209999999877,0.38863209999999876
London,0.25,Peak-aware,Greedy,71,13.559782,13.559782,37.209095,100.0,76.95508,358.07166,29.387037,51.23703,0.0,35.883537,0.19686715,3.8863209999999877,0.38863209999999876
London,0.25,Peak-aware,Greedy,72,10.543698,10.543698,28.934826,100.0,53.928894,513.154,28.598711,51.04871,0.0,24.501848,0.27088466,3.8863209999999877,0.38863209999999876
London,0.25,Peak-aware,Greedy,73,11.255678,11.255678,30.963856,100.0,59.271744,509.20093,28.796282,49.04628,0.0,22.794134,0.17098862,3.8863209999999877,0.38863209999999876
London,0.25,Peak-aware,Greedy,74,12.273725,12.273725,33.83039,100.0,65.42205,419.50925,24.710793,43.160793,0.0,25.888704,0.19955419,3.8863209999999877,0.38863209999999876
London,0.25,Peak-aware,Greedy,75,9.380323,9.380323,25.71799,100.0,52.60647,423.36945,30.70257,53.60257,0.0,30.151354,0.36021844,3.8863209999999877,0.38863209999999876
London,0.25,Peak-aware,Greedy,76,11.788617,11.788617,32.34579,100.0,61.017235,510.01797,26.02366,48.173664,0.0,24.705858,0.31254777,3.8863209999999877,0.38863209999999876
London,0.25,Peak-aware,Greedy,77,13.563242,13.563242,37.250076,100.0,74.134476,451.87808,22.932219,42.03222,0.0,25.235483,0.24495836,3.8863209999999877,0.38863209999999876
London,0.25,Peak-aware,Greedy,78,11.907628,11.907628,32.749496,100.0,64.66707,503.81778,28.917343,50.217342,0.0,24.347448,0.24844728,3.8863209999999877,0.38863209999999876
London,0.25,Peak-aware,Greedy,79,11.201677,11.201677,30.738762,100.0,59.429764,512.0649,31.349495,53.749496,0.0,24.773706,0.36132398,3.8863209999999877,0.38863209999999876
London,0.25,Peak-aware,Greedy,80,11.071608,11.071608,30.510174,100.0,61.39232,504.72537,23.743263,43.59326,0.0,22.705038,0.4695589,3.8863209999999877,0.38863209999999876
London,0.25,Peak-aware,Greedy,81,10.454768,10.454768,28.664644,100.0,61.82619,411.69824,24.711725,45.81172,0.0,29.379904,0.19056429,3.8863209999999877,0.38863209999999876
London,0.25,Peak-aware,Greedy,82,11.476559,11.476559,31.45465,100.0,58.683155,504.90216,28.463383,51.913383,0.0,26.12799,0.09746917,3.8863209999999877,0.38863209999999876
London,0.25,Peak-aware,Greedy,83,11.897625,11.897625,32.63405,100.0,65.27706,510.77408,24.68666,44.28666,0.0,22.381573,0.13186607,3.8863209999999877,0.38863209999999876
London,0.25,Peak-aware,Greedy,84,11.319264,11.319264,31.118671,100.0,60.840656,496.78345,27.440329,47.69033,0.0,23.442842,0.28115577,3.8863209999999877,0.38863209999999876
London,0.25,Peak-aware,Greedy,85,10.002417,10.002417,27.417995,100.0,56.261272,397.98093,26.665323,48.11533,0.0,30.482695,0.35516626,3.8863209999999877,0.38863209999999876
London,0.25,Peak-aware,Greedy,86,12.9528055,12.9528055,35.69512,100.0,69.6702,467.93552,28.471523,50.221527,0.0,26.962595,0.14105552,3.8863209999999877,0.38863209999999876
London,0.25,Peak-aware,Greedy,87,11.000261,11.000261,30.335014,100.0,64.65183,418.4921,26.57693,47.176926,0.0,28.474363,0.1969266,3.8863209999999877,0.38863209999999876
London,0.25,Peak-aware,Greedy,88,12.453829,12.453829,34.119953,100.0,68.64056,458.45856,26.481686,46.431686,0.0,25.5007,0.31638762,3.8863209999999877,0.38863209999999876
London,0.25,Peak-aware,Greedy,89,11.488522,11.488522,31.560415,100.0,65.22136,459.9427,27.078833,47.528835,0.0,25.77611,0.17695142,3.8863209999999877,0.38863209999999876
London,0.25,Peak-aware,Greedy,90,11.047494,11.047494,30.26514,100.0,59.394695,509.8541,28.312088,50.862087,0.0,25.026508,0.08550917,3.8863209999999877,0.38863209999999876
London,0.25,Peak-aware,Greedy,91,13.97363,13.97363,38.501514,100.0,75.96135,514.25256,33.396755,55.39676,0.0,25.08307,0.2939834,3.8863209999999877,0.38863209999999876
London,0.25,Peak-aware,Greedy,92,10.150768,10.150768,27.936811,100.0,52.488235,464.7404,27.237173,49.237175,0.0,26.492653,0.16749083,3.8863209999999877,0.38863209999999876
London,0.25,Peak-aware,Greedy,93,11.284669,11.284669,30.976374,100.0,61.63707,411.1133,26.530262,47.080265,0.0,28.74129,0.44940755,3.8863209999999877,0.38863209999999876
London,0.25,Peak-aware,Greedy,94,11.466032,11.466032,31.498407,100.0,64.04343,498.0253,28.077888,49.527885,0.0,24.749918,0.2523027,3.8863209999999877,0.38863209999999876
London,0.25,Peak-aware,Greedy,95,13.887998,13.887998,38.12779,100.0,74.57831,506.63556,22.74371,42.29371,0.0,22.974026,0.49932572,3.8863209999999877,0.38863209999999876
London,0.25,Peak-aware,Greedy,96,13.204253,13.204253,36.28653,100.0,73.62495,502.30872,28.421299,49.3213,0.0,24.468266,0.26850766,3.8863209999999877,0.38863209999999876
London,0.25,Peak-aware,Greedy,97,11.846561,11.846561,32.558113,100.0,64.938446,406.76028,26.442043,47.442043,0.0,29.80493,0.10300067,3.8863209999999877,0.38863209999999876
London,0.25,Peak-aware,Greedy,98,12.577141,12.577141,34.56012,100.0,69.325195,511.45505,22.195892,41.895897,0.0,22.647404,0.31653717,3.8863209999999877,0.38863209999999876
London,0.25,Peak-aware,Greedy,99,11.6538315,11.6538315,32.045734,100.0,62.15788,505.03418,25.407871,44.807877,0.0,22.283535,0.21042533,3.8863209999999877,0.38863209999999876
London,0.5,Off-peak,DVNDA,0,11.8640585,11.8640585,32.56698,100.0,60.717022,485.19763,36.107887,57.707893,0.0,25.38744,0.679008,3.798410000000025,0.3798410000000025
London,0.5,Off-peak,DVNDA,1,11.727694,11.727694,32.357033,100.0,60.513863,514.0165,21.893604,40.0936,0.0,20.646904,0.4410897,3.798410000000025,0.3798410000000025
London,0.5,Off-peak,DVNDA,2,13.82115,13.82115,37.922398,100.0,70.88279,517.367,31.80315,50.703156,0.0,21.690733,0.16481929,3.798410000000025,0.3798410000000025
London,0.5,Off-peak,DVNDA,3,11.293475,11.293475,30.93058,100.0,57.888794,507.90298,33.25193,54.151936,0.0,23.4242,0.3627009,3.798410000000025,0.3798410000000025
London,0.5,Off-peak,DVNDA,4,13.06786,13.06786,35.933685,100.0,67.592476,501.90445,29.487156,48.587154,0.0,22.394327,0.59669757,3.798410000000025,0.3798410000000025
London,0.5,Off-peak,DVNDA,5,10.990185,10.990185,30.219826,100.0,56.744274,511.80856,30.337168,51.837166,0.0,23.775698,0.2804964,3.798410000000025,0.3798410000000025
London,0.5,Off-peak,DVNDA,6,14.098481,14.098481,38.747143,100.0,72.36402,529.2064,36.32034,57.17034,0.0,23.117825,0.5941899,3.798410000000025,0.3798410000000025
London,0.5,Off-peak,DVNDA,7,10.873323,10.873323,29.889736,100.0,55.71786,537.65717,44.213917,67.16391,0.0,23.933372,0.6010799,3.798410000000025,0.3798410000000025
London,0.5,Off-peak,DVNDA,8,12.039769,12.039769,33.15184,100.0,62.086403,508.13467,39.783672,60.933678,0.0,23.866035,0.39565688,3.798410000000025,0.3798410000000025
London,0.5,Off-peak,DVNDA,9,11.414208,11.414208,31.337608,100.0,58.584938,504.8247,41.455963,65.30597,0.0,26.523315,0.5319839,3.798410000000025,0.3798410000000025
London,0.5,Off-peak,DVNDA,10,12.2537565,12.2537565,33.653214,100.0,62.864292,482.88528,29.864832,50.364838,0.0,24.48119,0.14783888,3.798410000000025,0.3798410000000025
London,0.5,Off-peak,DVNDA,11,11.555609,11.555609,31.710964,100.0,59.47962,508.44693,30.868484,52.418495,0.0,24.11656,0.62986547,3.798410000000025,0.3798410000000025
London,0.5,Off-peak,DVNDA,12,12.851248,12.851248,35.321842,100.0,65.97412,525.0831,34.74596,53.495953,0.0,20.995443,0.5812675,3.798410000000025,0.3798410000000025
London,0.5,Off-peak,DVNDA,13,11.257573,11.257573,30.838154,100.0,57.671223,515.3907,19.833836,39.08384,0.0,21.472605,0.3123203,3.798410000000025,0.3798410000000025
London,0.5,Off-peak,DVNDA,14,12.977793,12.977793,35.725327,100.0,66.63714,507.96393,38.637833,60.787834,0.0,25.08235,0.61938155,3.798410000000025,0.3798410000000025
London,0.5,Off-peak,DVNDA,15,12.063877,12.063877,33.121056,100.0,62.93461,501.29614,30.751276,50.201275,0.0,22.538301,0.3178817,3.798410000000025,0.3798410000000025
London,0.5,Off-peak,DVNDA,16,10.960767,10.960767,30.163355,100.0,56.363083,502.97766,30.780832,51.780834,0.0,23.677143,0.4858012,3.798410000000025,0.3798410000000025
London,0.5,Off-peak,DVNDA,17,11.448674,11.448674,31.559628,100.0,59.12961,505.2602,50.10825,72.15825,0.0,24.746145,0.6060975,3.798410000000025,0.3798410000000025
London,0.5,Off-peak,DVNDA,18,11.042593,11.042593,30.347189,100.0,57.00323,509.07767,38.595276,57.995277,0.0,21.853405,0.5142626,3.798410000000025,0.3798410000000025
London,0.5,Off-peak,DVNDA,19,11.394034,11.394034,31.343725,100.0,58.828575,517.3497,25.855433,44.505436,0.0,20.867344,0.43275574,3.798410000000025,0.3798410000000025
London,0.5,Off-peak,DVNDA,20,11.264076,11.264076,30.920431,100.0,57.657784,502.3899,23.622608,42.87261,0.0,22.027597,0.2758661,3.798410000000025,0.3798410000000025
London,0.5,Off-peak,DVNDA,21,13.80638,13.80638,37.98865,100.0,70.810814,494.0379,32.394356,52.29436,0.0,23.723427,0.35794473,3.798410000000025,0.3798410000000025
London,0.5,Off-peak,DVNDA,22,13.757545,13.757545,37.748886,100.0,70.37223,515.0247,18.499733,38.749733,0.0,23.075218,0.09541568,3.798410000000025,0.3798410000000025
London,0.5,Off-peak,DVNDA,23,11.9145565,11.9145565,32.739822,100.0,61.615726,517.75684,39.10343,59.353424,0.0,22.53064,0.69686073,3.798410000000025,0.3798410000000025
London,0.5,Off-peak,DVNDA,24,13.045711,13.045711,35.805264,100.0,67.219215,507.57477,26.151463,46.20146,0.0,23.06159,0.35348004,3.798410000000025,0.3798410000000025
London,0.5,Off-peak,DVNDA,25,11.181942,11.181942,30.971296,100.0,58.139244,527.37823,36.815613,57.315613,0.0,22.191814,0.63041127,3.798410000000025,0.3798410000000025
London,0.5,Off-peak,DVNDA,26,12.895096,12.895096,35.463512,100.0,66.53346,503.77048,30.35143,47.651436,0.0,20.472294,0.5988991,3.798410000000025,0.3798410000000025
London,0.5,Off-peak,DVNDA,27,12.521239,12.521239,34.42929,100.0,64.34546,482.54907,33.77034,55.12034,0.0,25.455725,0.40807852,3.798410000000025,0.3798410000000025
London,0.5,Off-peak,DVNDA,28,10.188267,10.188267,28.020239,100.0,52.795372,541.7654,32.242725,52.792725,0.0,21.402037,0.6611913,3.798410000000025,0.3798410000000025
London,0.5,Off-peak,DVNDA,29,16.587442,16.587442,45.425312,100.0,84.80385,499.02585,36.141144,55.49114,0.0,23.636244,0.36143255,3.798410000000025,0.3798410000000025
London,0.5,Off-peak,DVNDA,30,9.225152,9.225152,25.443531,100.0,47.770138,496.10217,25.425781,43.27578,0.0,20.397516,0.41693074,3.798410000000025,0.3798410000000025
London,0.5,Off-peak,DVNDA,31,11.054494,11.054494,30.39669,100.0,57.418217,500.88168,36.65635,56.90635,0.0,23.080212,0.5806916,3.798410000000025,0.3798410000000025
London,0.5,Off-peak,DVNDA,32,14.009115,14.009115,38.46181,100.0,72.08994,520.2915,45.18395,65.183945,0.0,22.683912,0.37297133,3.798410000000025,0.3798410000000025
London,0.5,Off-peak,DVNDA,33,10.783858,10.783858,29.698727,100.0,55.68318,503.7102,44.347057,63.99706,0.0,22.268915,0.64408195,3.798410000000025,0.3798410000000025
London,0.5,Off-peak,DVNDA,34,10.705078,10.705078,29.499128,100.0,55.352234,510.79593,44.026543,66.77655,0.0,24.978285,0.39897108,3.798410000000025,0.3798410000000025
London,0.5,Off-peak,DVNDA,35,12.134579,12.134579,33.399467,100.0,63.384796,508.83746,35.87493,56.37492,0.0,23.258152,0.6182943,3.798410000000025,0.3798410000000025
London,0.5,Off-peak,DVNDA,36,13.79055,13.79055,37.83411,100.0,71.268745,485.18927,51.055748,75.25575,0.0,28.610939,0.61695766,3.798410000000025,0.3798410000000025
London,0.5,Off-peak,DVNDA,37,13.266979,13.266979,36.46905,100.0,68.28478,532.58673,42.512154,64.06215,0.0,23.43678,0.27696577,3.798410000000025,0.3798410000000025
London,0.5,Off-peak,DVNDA,38,12.070705,12.070705,33.176918,100.0,62.113308,516.6242,33.144413,53.34441,0.0,22.555723,0.6858723,3.798410000000025,0.3798410000000025
London,0.5,Off-peak,DVNDA,39,10.523236,10.523236,28.942202,100.0,54.341156,510.95215,41.35393,62.053936,0.0,22.915121,0.496298,3.798410000000025,0.3798410000000025
London,0.5,Off-peak,DVNDA,40,12.318916,12.318916,33.91964,100.0,63.32754,516.8823,31.117992,53.367992,0.0,24.586231,0.10773835,3.798410000000025,0.3798410000000025
London,0.5,Off-peak,DVNDA,41,13.475986,13.475986,36.88393,100.0,69.1052,513.5436,25.818424,46.818428,0.0,23.810303,0.3509285,3.798410000000025,0.3798410000000025
London,0.5,Off-peak,DVNDA,42,11.846533,11.846533,32.600285,100.0,61.227722,526.9137,31.263233,52.06324,0.0,22.642601,0.46292025,3.798410000000025,0.3798410000000025
London,0.5,Off-peak,DVNDA,43,12.855365,12.855365,35.460815,100.0,66.32058,499.18893,39.977245,59.92724,0.0,23.303833,0.6182528,3.798410000000025,0.3798410000000025
London,0.5,Off-peak,DVNDA,44,11.353308,11.353308,31.176847,100.0,58.62593,518.8592,25.70052,45.950523,0.0,22.338715,0.51659304,3.798410000000025,0.3798410000000025
London,0.5,Off-peak,DVNDA,45,12.866006,12.866006,35.311455,100.0,65.89399,508.71884,41.568443,62.168446,0.0,23.485174,0.6215681,3.798410000000025,0.3798410000000025
London,0.5,Off-peak,DVNDA,46,11.740109,11.740109,32.25504,100.0,60.743744,517.7057,46.46186,67.41186,0.0,23.166817,0.6031415,3.798410000000025,0.3798410000000025
London,0.5,Off-peak,DVNDA,47,14.318002,14.318002,39.39036,100.0,73.89768,503.9362,44.978664,66.678665,0.0,25.196526,0.34155965,3.798410000000025,0.3798410000000025
London,0.5,Off-peak,DVNDA,48,12.545854,12.545854,34.397743,100.0,64.274315,507.02386,25.383074,44.88307,0.0,22.399063,0.28757852,3.798410000000025,0.3798410000000025
London,0.5,Off-peak,DVNDA,49,10.19003,10.19003,28.025415,100.0,52.4836,501.22815,29.520737,47.97073,0.0,21.022541,0.68176764,3.798410000000025,0.3798410000000025
London,0.5,Off-peak,DVNDA,50,10.22976,10.22976,28.123634,100.0,52.602264,519.6377,43.353195,63.6532,0.0,22.063555,0.43453842,3.798410000000025,0.3798410000000025
London,0.5,Off-peak,DVNDA,51,11.901046,11.901046,32.691628,100.0,61.569,506.0011,30.545527,49.845528,0.0,22.113039,0.6079464,3.798410000000025,0.3798410000000025
London,0.5,Off-peak,DVNDA,52,13.075392,13.075392,35.96611,100.0,67.43573,502.61417,36.685276,57.685272,0.0,24.245018,0.5249507,3.798410000000025,0.3798410000000025
London,0.5,Off-peak,DVNDA,53,13.089602,13.089602,35.949917,100.0,67.12527,483.99857,40.120293,60.170288,0.0,24.1801,0.49170297,3.798410000000025,0.3798410000000025
London,0.5,Off-peak,DVNDA,54,13.357716,13.357716,36.75837,100.0,68.65038,534.51874,28.373135,45.773136,0.0,19.487173,0.14993273,3.798410000000025,0.3798410000000025
London,0.5,Off-peak,DVNDA,55,11.262104,11.262104,30.950369,100.0,57.970406,497.09564,29.463572,48.86357,0.0,22.428802,0.32930008,3.798410000000025,0.3798410000000025
London,0.5,Off-peak,DVNDA,56,10.758178,10.758178,29.628353,100.0,55.54438,483.4125,35.791576,57.341576,0.0,25.161966,0.58691645,3.798410000000025,0.3798410000000025
London,0.5,Off-peak,DVNDA,57,12.001717,12.001717,32.9864,100.0,61.517723,511.97324,24.142273,41.392273,0.0,19.850536,0.26048964,3.798410000000025,0.3798410000000025
London,0.5,Off-peak,DVNDA,58,12.056692,12.056692,33.22598,100.0,62.198433,484.69586,34.48553,52.28553,0.0,21.570148,0.32738203,3.798410000000025,0.3798410000000025
London,0.5,Off-peak,DVNDA,59,14.384544,14.384544,39.534454,100.0,73.99972,536.3317,36.750538,57.900536,0.0,23.16662,0.46028927,3.798410000000025,0.3798410000000025
London,0.5,Off-peak,DVNDA,60,12.350323,12.350323,33.95927,100.0,63.532413,496.62506,36.637447,56.43745,0.0,23.132763,0.36902773,3.798410000000025,0.3798410000000025
London,0.5,Off-peak,DVNDA,61,13.602082,13.602082,37.443073,100.0,69.95695,511.65356,40.990955,61.19095,0.0,23.158098,0.50527817,3.798410000000025,0.3798410000000025
London,0.5,Off-peak,DVNDA,62,11.885427,11.885427,32.659008,100.0,61.017002,485.19116,22.145828,41.74583,0.0,23.342192,0.19592619,3.798410000000025,0.3798410000000025
London,0.5,Off-peak,DVNDA,63,9.493512,9.493512,26.067945,100.0,48.755566,513.6675,34.56519,55.765198,0.0,23.008831,0.6221671,3.798410000000025,0.3798410000000025
London,0.5,Off-peak,DVNDA,64,12.748197,12.748197,35.06616,100.0,65.41585,528.5738,52.247383,76.19739,0.0,25.74928,0.5955268,3.798410000000025,0.3798410000000025
London,0.5,Off-peak,DVNDA,65,12.556352,12.556352,34.484894,100.0,64.291046,507.6654,49.959076,68.95907,0.0,21.879124,0.63960475,3.798410000000025,0.3798410000000025
London,0.5,Off-peak,DVNDA,66,15.004785,15.004785,41.199112,100.0,76.899315,517.57855,35.847473,58.84748,0.0,25.93323,0.2699834,3.798410000000025,0.3798410000000025
London,0.5,Off-peak,DVNDA,67,10.6636715,10.6636715,29.274925,100.0,54.77464,507.21274,41.388634,61.838623,0.0,22.858978,0.681573,3.798410000000025,0.3798410000000025
London,0.5,Off-peak,DVNDA,68,13.845331,13.845331,38.07155,100.0,71.79404,517.89136,36.748947,58.24895,0.0,24.222939,0.20520419,3.798410000000025,0.3798410000000025
London,0.5,Off-peak,DVNDA,69,11.618332,11.618332,31.910688,100.0,59.617287,498.6323,28.92442,47.524418,0.0,21.640059,0.23745051,3.798410000000025,0.3798410000000025
London,0.5,Off-peak,DVNDA,70,10.252422,10.252422,28.183933,100.0,53.434914,526.3916,31.99136,53.641357,0.0,23.102325,0.7037407,3.798410000000025,0.3798410000000025
London,0.5,Off-peak,DVNDA,71,13.736884,13.736884,37.56892,100.0,70.584526,484.80167,35.959473,57.80947,0.0,26.174854,0.22923818,3.798410000000025,0.3798410000000025
London,0.5,Off-peak,DVNDA,72,11.765688,11.765688,32.30502,100.0,60.20614,536.2147,34.75467,57.20467,0.0,23.740782,0.36725545,3.798410000000025,0.3798410000000025
London,0.5,Off-peak,DVNDA,73,12.73188,12.73188,34.995155,100.0,65.28194,508.87463,30.587173,50.837173,0.0,23.104012,0.38915983,3.798410000000025,0.3798410000000025
London,0.5,Off-peak,DVNDA,74,13.323075,13.323075,36.70822,100.0,68.509865,485.8607,26.634161,45.08416,0.0,22.512106,0.2786465,3.798410000000025,0.3798410000000025
London,0.5,Off-peak,DVNDA,75,8.648883,8.648883,23.721025,100.0,44.225613,482.22153,61.02421,83.92422,0.0,26.037073,0.61302805,3.798410000000025,0.3798410000000025
London,0.5,Off-peak,DVNDA,76,11.076183,11.076183,30.494404,100.0,57.05514,508.18158,30.963612,53.113605,0.0,24.600224,0.49118614,3.798410000000025,0.3798410000000025
London,0.5,Off-peak,DVNDA,77,13.407634,13.407634,36.73612,100.0,68.748116,502.02405,29.230816,48.33082,0.0,22.44654,0.22304669,3.798410000000025,0.3798410000000025
London,0.5,Off-peak,DVNDA,78,14.16486,14.16486,38.856827,100.0,72.84371,530.532,33.311974,54.61197,0.0,23.506771,0.62462497,3.798410000000025,0.3798410000000025
London,0.5,Off-peak,DVNDA,79,13.137189,13.137189,36.1675,100.0,67.43187,512.0649,37.735054,60.13506,0.0,25.164387,0.20196785,3.798410000000025,0.3798410000000025
London,0.5,Off-peak,DVNDA,80,11.239781,11.239781,30.9495,100.0,57.987,533.8615,44.739822,64.58983,0.0,21.306416,0.5911211,3.798410000000025,0.3798410000000025
London,0.5,Off-peak,DVNDA,81,11.542086,11.542086,31.685257,100.0,59.271214,484.09216,23.472029,44.572025,0.0,24.854315,0.24658842,3.798410000000025,0.3798410000000025
London,0.5,Off-peak,DVNDA,82,14.735988,14.735988,40.4282,100.0,75.41977,507.13284,37.420597,60.870594,0.0,26.838127,0.23387468,3.798410000000025,0.3798410000000025
London,0.5,Off-peak,DVNDA,83,12.237617,12.237617,33.600506,100.0,63.23691,511.93607,24.056416,43.656414,0.0,22.231146,0.5412845,3.798410000000025,0.3798410000000025
London,0.5,Off-peak,DVNDA,84,12.539439,12.539439,34.419437,100.0,64.281364,497.96024,31.061182,51.311176,0.0,23.560183,0.17689864,3.798410000000025,0.3798410000000025
London,0.5,Off-peak,DVNDA,85,10.325063,10.325063,28.361012,100.0,53.004925,512.5816,29.904804,51.354816,0.0,23.508696,0.2756122,3.798410000000025,0.3798410000000025
London,0.5,Off-peak,DVNDA,86,13.76044,13.76044,37.924316,100.0,71.06581,513.06836,25.371426,47.12142,0.0,24.658792,0.21417178,3.798410000000025,0.3798410000000025
London,0.5,Off-peak,DVNDA,87,13.443816,13.443816,37.066902,100.0,69.49207,484.98825,35.931175,56.53117,0.0,24.81978,0.31635287,3.798410000000025,0.3798410000000025
London,0.5,Off-peak,DVNDA,88,11.969259,11.969259,32.891727,100.0,61.46066,483.71637,30.112019,50.06202,0.0,23.798075,0.32675156,3.798410000000025,0.3798410000000025
London,0.5,Off-peak,DVNDA,89,11.846634,11.846634,32.534958,100.0,61.050896,515.6722,38.929913,59.379906,0.0,22.788263,0.214154,3.798410000000025,0.3798410000000025
London,0.5,Off-peak,DVNDA,90,10.496483,10.496483,28.825333,100.0,53.941097,543.81384,38.651623,61.20162,0.0,23.212955,0.5824769,3.798410000000025,0.3798410000000025
London,0.5,Off-peak,DVNDA,91,11.308645,11.308645,31.094267,100.0,58.609917,556.3216,40.7819,62.781883,0.0,22.40655,0.5833945,3.798410000000025,0.3798410000000025
London,0.5,Off-peak,DVNDA,92,14.125307,14.125307,38.799713,100.0,72.737915,508.24643,35.97667,57.976673,0.0,25.22093,0.20029946,3.798410000000025,0.3798410000000025
London,0.5,Off-peak,DVNDA,93,12.202132,12.202132,33.609016,100.0,63.374935,484.53894,34.694115,55.244118,0.0,24.475582,0.6083211,3.798410000000025,0.3798410000000025
London,0.5,Off-peak,DVNDA,94,11.444365,11.444365,31.422369,100.0,58.954086,498.9406,31.873383,53.323387,0.0,24.449509,0.43585235,3.798410000000025,0.3798410000000025
London,0.5,Off-peak,DVNDA,95,14.689445,14.689445,40.39424,100.0,75.42562,505.81088,36.789543,56.339546,0.0,23.053364,0.6249618,3.798410000000025,0.3798410000000025
London,0.5,Off-peak,DVNDA,96,14.998089,14.998089,41.224007,100.0,77.282555,517.97754,28.807049,49.70705,0.0,23.90463,0.44389513,3.798410000000025,0.3798410000000025
London,0.5,Off-peak,DVNDA,97,12.486451,12.486451,34.36604,100.0,64.10833,544.76746,32.331127,53.331123,0.0,22.216286,0.65087503,3.798410000000025,0.3798410000000025
London,0.5,Off-peak,DVNDA,98,10.917564,10.917564,30.007875,100.0,56.044426,539.65344,36.112183,55.812183,0.0,20.848768,0.4524333,3.798410000000025,0.3798410000000025
London,0.5,Off-peak,DVNDA,99,13.71893,13.71893,37.679993,100.0,70.4182,503.43228,37.10735,56.507355,0.0,22.764639,0.32235414,3.798410000000025,0.3798410000000025
London,0.5,Off-peak,Greedy,0,13.591866,13.591866,37.26796,100.0,69.470276,461.35968,9.98217,31.58217,0.0,27.173498,0.3946344,4.272135000000006,0.4272135000000006
London,0.5,Off-peak,Greedy,1,15.12092,15.12092,41.57289,100.0,77.69746,514.4235,9.2326975,27.4327,0.0,21.46565,0.22006793,4.272135000000006,0.4272135000000006
London,0.5,Off-peak,Greedy,2,13.900693,13.900693,38.08179,100.0,71.17992,514.9271,10.132182,29.032183,0.0,21.807936,0.23735432,4.272135000000006,0.4272135000000006
London,0.5,Off-peak,Greedy,3,10.531313,10.531313,28.827911,100.0,53.969177,509.06525,10.700046,31.600044,0.0,23.178226,0.3197574,4.272135000000006,0.4272135000000006
London,0.5,Off-peak,Greedy,4,14.710356,14.710356,40.30121,100.0,75.738495,502.94724,9.969848,29.069849,0.0,22.75281,0.28856766,4.272135000000006,0.4272135000000006
London,0.5,Off-peak,Greedy,5,11.171354,11.171354,30.716213,100.0,57.669598,512.13293,13.244293,34.744293,0.0,23.80581,0.2949552,4.272135000000006,0.4272135000000006
London,0.5,Off-peak,Greedy,6,13.5404,13.5404,37.25696,100.0,69.58169,468.84137,11.030153,31.880157,0.0,25.945965,0.52146846,4.272135000000006,0.4272135000000006
London,0.5,Off-peak,Greedy,7,11.733534,11.733534,32.304478,100.0,60.210304,506.49072,13.697109,36.647106,0.0,25.627829,0.37379608,4.272135000000006,0.4272135000000006
London,0.5,Off-peak,Greedy,8,13.185591,13.185591,36.3111,100.0,67.942795,507.94556,14.909629,36.059628,0.0,24.163162,0.16340737,4.272135000000006,0.4272135000000006
London,0.5,Off-peak,Greedy,9,13.261332,13.261332,36.43,100.0,68.07772,505.3057,14.020006,37.870007,0.0,26.967722,0.29344678,4.272135000000006,0.4272135000000006
London,0.5,Off-peak,Greedy,10,11.632304,11.632304,31.911505,100.0,59.613087,457.90674,10.691433,31.191433,0.0,25.639122,0.17352888,4.272135000000006,0.4272135000000006
London,0.5,Off-peak,Greedy,11,13.587136,13.587136,37.297707,100.0,69.89394,504.78854,11.685881,33.23588,0.0,24.807117,0.33707565,4.272135000000006,0.4272135000000006
London,0.5,Off-peak,Greedy,12,14.367002,14.367002,39.43245,100.0,73.63677,507.7402,9.733245,28.483242,0.0,22.08988,0.24531904,4.272135000000006,0.4272135000000006
London,0.5,Off-peak,Greedy,13,12.316672,12.316672,33.75169,100.0,63.102386,515.3907,10.411758,29.66176,0.0,21.736055,0.21102686,4.272135000000006,0.4272135000000006
London,0.5,Off-peak,Greedy,14,14.628805,14.628805,40.16403,100.0,74.91584,502.89618,13.94367,36.09367,0.0,25.746658,0.33937702,4.272135000000006,0.4272135000000006
London,0.5,Off-peak,Greedy,15,14.742056,14.742056,40.55735,100.0,76.754974,499.7599,10.725457,30.175459,0.0,23.298939,0.22970398,4.272135000000006,0.4272135000000006
London,0.5,Off-peak,Greedy,16,11.592089,11.592089,31.87427,100.0,59.55688,502.4156,10.905845,31.905846,0.0,23.86256,0.3573306,4.272135000000006,0.4272135000000006
London,0.5,Off-peak,Greedy,17,11.3918705,11.3918705,31.308826,100.0,58.66209,507.27786,12.744856,34.794857,0.0,24.624676,0.26040795,4.272135000000006,0.4272135000000006
London,0.5,Off-peak,Greedy,18,10.592858,10.592858,29.145401,100.0,54.864056,511.4317,11.650732,31.050732,0.0,21.64825,0.14913249,4.272135000000006,0.4272135000000006
London,0.5,Off-peak,Greedy,19,12.626997,12.626997,34.646496,100.0,65.09531,517.3931,9.9326,28.582602,0.0,21.168398,0.39015067,4.272135000000006,0.4272135000000006
London,0.5,Off-peak,Greedy,20,10.837239,10.837239,29.726849,100.0,55.432816,501.84415,9.636284,28.886284,0.0,21.940718,0.23704657,4.272135000000006,0.4272135000000006
London,0.5,Off-peak,Greedy,21,14.419872,14.419872,39.543694,100.0,73.71849,496.18933,12.632837,32.532837,0.0,23.767061,0.3909676,4.272135000000006,0.4272135000000006
London,0.5,Off-peak,Greedy,22,14.126169,19.12617,38.827866,95.0,72.49357,409.79944,11.218693,31.113432,1.0,27.482563,0.14350262,4.272135000000006,0.4272135000000006
London,0.5,Off-peak,Greedy,23,14.625343,14.625343,40.105515,100.0,75.34175,500.0086,11.518258,31.768263,0.0,24.016672,0.18789554,4.272135000000006,0.4272135000000006
London,0.5,Off-peak,Greedy,24,12.74187,12.74187,34.967033,100.0,65.65148,507.57477,9.625284,29.675285,0.0,22.984371,0.23563962,4.272135000000006,0.4272135000000006
London,0.5,Off-peak,Greedy,25,14.086474,14.086474,38.87347,100.0,72.86434,512.8658,11.136422,31.636423,0.0,23.53756,0.1983592,4.272135000000006,0.4272135000000006
London,0.5,Off-peak,Greedy,26,14.24173,14.24173,39.19858,100.0,73.50478,503.77042,11.086583,28.386587,0.0,20.81825,0.34476128,4.272135000000006,0.4272135000000006
London,0.5,Off-peak,Greedy,27,13.19929,13.19929,36.31435,100.0,67.85496,401.51816,12.292297,33.6423,0.0,30.811491,0.44462392,4.272135000000006,0.4272135000000006
London,0.5,Off-peak,Greedy,28,10.6233425,10.6233425,29.236925,100.0,55.053513,514.639,8.262283,28.81228,0.0,22.639828,0.28663555,4.272135000000006,0.4272135000000006
London,0.5,Off-peak,Greedy,29,15.689087,15.689087,42.992077,100.0,80.268036,497.15338,11.36076,30.710764,0.0,23.497177,0.32077444,4.272135000000006,0.4272135000000006
London,0.5,Off-peak,Greedy,30,11.560722,11.560722,31.901947,100.0,59.799183,497.7813,8.071284,25.921286,0.0,20.932844,0.29528037,4.272135000000006,0.4272135000000006
London,0.5,Off-peak,Greedy,31,8.93853,8.93853,24.536816,100.0,46.553524,500.88168,11.40734,31.657341,0.0,22.537933,0.24853244,4.272135000000006,0.4272135000000006
London,0.5,Off-peak,Greedy,32,14.920125,14.920125,40.85089,100.0,76.54345,517.46063,11.562776,31.562773,0.0,23.023174,0.3141998,4.272135000000006,0.4272135000000006
London,0.5,Off-peak,Greedy,33,13.272934,13.272934,36.488613,100.0,68.34449,503.7102,9.977719,29.62772,0.0,22.897318,0.3800837,4.272135000000006,0.4272135000000006
London,0.5,Off-peak,Greedy,34,11.115973,11.115973,30.614746,100.0,57.311962,512.09796,10.158264,32.908264,0.0,25.010447,0.2988182,4.272135000000006,0.4272135000000006
London,0.5,Off-peak,Greedy,35,14.645415,14.645415,40.27625,100.0,76.59766,509.767,11.773214,32.273216,0.0,23.863728,0.44428313,4.272135000000006,0.4272135000000006
London,0.5,Off-peak,Greedy,36,14.027043,14.027043,38.49373,100.0,72.608345,467.33847,12.209656,36.409657,0.0,29.775442,0.22008857,4.272135000000006,0.4272135000000006
London,0.5,Off-peak,Greedy,37,14.77973,14.77973,40.595245,100.0,75.98094,509.4255,11.695265,33.245266,0.0,24.880033,0.3125898,4.272135000000006,0.4272135000000006
London,0.5,Off-peak,Greedy,38,13.364513,13.364513,36.69298,100.0,68.66764,517.24615,9.902045,30.102045,0.0,22.845392,0.3449938,4.272135000000006,0.4272135000000006
London,0.5,Off-peak,Greedy,39,11.507208,11.507208,31.676117,100.0,59.48367,513.0699,12.425901,33.125904,0.0,23.07111,0.29649413,4.272135000000006,0.4272135000000006
London,0.5,Off-peak,Greedy,40,12.287115,12.287115,33.79685,100.0,63.209633,516.8823,12.212074,34.462074,0.0,24.58053,0.3238145,4.272135000000006,0.4272135000000006
London,0.5,Off-peak,Greedy,41,13.5629015,13.5629015,37.14063,100.0,69.57926,516.59656,10.150922,31.15092,0.0,23.692535,0.18192004,4.272135000000006,0.4272135000000006
London,0.5,Off-peak,Greedy,42,12.6599045,12.6599045,34.870064,100.0,65.46304,513.44415,11.61748,32.41748,0.0,23.442814,0.21345021,4.272135000000006,0.4272135000000006
London,0.5,Off-peak,Greedy,43,13.291373,13.291373,36.565502,100.0,68.379845,501.96024,11.135928,31.085926,0.0,23.27773,0.2282136,4.272135000000006,0.4272135000000006
London,0.5,Off-peak,Greedy,44,11.553795,11.553795,31.742846,100.0,59.68102,518.0226,10.391314,30.641315,0.0,22.425713,0.28239176,4.272135000000006,0.4272135000000006
London,0.5,Off-peak,Greedy,45,14.46765,14.46765,39.75499,100.0,74.29268,508.6539,13.114498,33.714497,0.0,23.900963,0.26468116,4.272135000000006,0.4272135000000006
London,0.5,Off-peak,Greedy,46,12.496217,12.496217,34.35273,100.0,64.65408,517.7057,8.990236,29.940237,0.0,23.355648,0.45201164,4.272135000000006,0.4272135000000006
London,0.5,Off-peak,Greedy,47,14.084949,14.084949,38.795795,100.0,72.78933,503.1241,12.466415,34.166416,0.0,25.182125,0.18511514,4.272135000000006,0.4272135000000006
London,0.5,Off-peak,Greedy,48,15.198966,15.198966,41.63579,100.0,77.771324,507.02213,9.677509,29.17751,0.0,23.06464,0.19980791,4.272135000000006,0.4272135000000006
London,0.5,Off-peak,Greedy,49,11.185049,11.185049,30.732609,100.0,57.525665,500.797,10.109224,28.559227,0.0,21.292343,0.34525767,4.272135000000006,0.4272135000000006
London,0.5,Off-peak,Greedy,50,11.530658,11.530658,31.615255,100.0,59.111042,505.77228,10.66017,30.960167,0.0,22.990143,0.07545236,4.272135000000006,0.4272135000000006
London,0.5,Off-peak,Greedy,51,13.713261,13.713261,37.575928,100.0,70.880005,506.5964,10.833473,30.133474,0.0,22.546549,0.33501017,4.272135000000006,0.4272135000000006
London,0.5,Off-peak,Greedy,52,14.538399,14.538399,39.86834,100.0,74.71538,503.91953,10.2436905,31.24369,0.0,24.543373,0.32904655,4.272135000000006,0.4272135000000006
London,0.5,Off-peak,Greedy,53,13.69475,13.69475,37.62423,100.0,70.241905,465.6194,11.843678,31.893675,0.0,25.301884,0.22205088,4.272135000000006,0.4272135000000006
London,0.5,Off-peak,Greedy,54,12.835335,12.835335,35.27399,100.0,65.883316,512.9679,10.797331,28.197332,0.0,20.171015,0.12533602,4.272135000000006,0.4272135000000006
London,0.5,Off-peak,Greedy,55,13.069885,13.069885,36.05584,100.0,67.492035,497.3161,10.809515,30.209517,0.0,22.89751,0.27264506,4.272135000000006,0.4272135000000006
London,0.5,Off-peak,Greedy,56,12.547144,12.547144,34.572178,100.0,64.80741,405.0093,11.731101,33.2811,0.0,30.604694,0.37866092,4.272135000000006,0.4272135000000006
London,0.5,Off-peak,Greedy,57,12.515693,12.515693,34.319004,100.0,64.001854,511.97324,9.410605,26.660604,0.0,19.971838,0.1478951,4.272135000000006,0.4272135000000006
London,0.5,Off-peak,Greedy,58,14.154601,14.154601,39.011703,100.0,72.970314,457.6743,10.529931,28.329931,0.0,23.432072,0.25504693,4.272135000000006,0.4272135000000006
London,0.5,Off-peak,Greedy,59,14.417659,14.417659,39.73571,100.0,74.36497,513.1301,12.9159,34.0659,0.0,24.23191,0.34335482,4.272135000000006,0.4272135000000006
London,0.5,Off-peak,Greedy,60,11.633317,11.633317,32.078777,100.0,59.80278,496.62506,12.202486,32.002487,0.0,22.945015,0.15380944,4.272135000000006,0.4272135000000006
London,0.5,Off-peak,Greedy,61,14.225796,14.225796,39.11908,100.0,73.07576,501.6081,11.837262,32.03726,0.0,23.777315,0.45126513,4.272135000000006,0.4272135000000006
London,0.5,Off-peak,Greedy,62,12.408021,12.408021,34.05766,100.0,63.6287,417.84232,10.006059,29.60606,0.0,27.260807,0.06357825,4.272135000000006,0.4272135000000006
London,0.5,Off-peak,Greedy,63,13.527754,13.527754,37.06038,100.0,69.13671,514.9639,11.767108,32.967106,0.0,23.940353,0.3979968,4.272135000000006,0.4272135000000006
London,0.5,Off-peak,Greedy,64,14.337426,14.337426,39.36512,100.0,73.42515,512.5355,15.245608,39.19561,0.0,26.945698,0.357726,4.272135000000006,0.4272135000000006
London,0.5,Off-peak,Greedy,65,11.658361,11.658361,31.9576,100.0,59.579887,505.90765,10.057037,29.057041,0.0,21.72234,0.27353144,4.272135000000006,0.4272135000000006
London,0.5,Off-peak,Greedy,66,15.04845,15.04845,41.292843,100.0,77.07849,517.57855,11.51162,34.51162,0.0,25.941883,0.094880074,4.272135000000006,0.4272135000000006
London,0.5,Off-peak,Greedy,67,14.453659,14.453659,39.682503,100.0,74.12936,504.96976,11.467053,31.91705,0.0,23.91873,0.42871994,4.272135000000006,0.4272135000000006
London,0.5,Off-peak,Greedy,68,14.072381,14.072381,38.650192,100.0,72.7627,517.89136,14.297357,35.79736,0.0,24.269701,0.26470032,4.272135000000006,0.4272135000000006
London,0.5,Off-peak,Greedy,69,11.866094,11.866094,32.53325,100.0,60.777813,496.93777,10.001883,28.601881,0.0,21.772232,0.12128556,4.272135000000006,0.4272135000000006
London,0.5,Off-peak,Greedy,70,13.340184,13.340184,36.699078,100.0,69.47241,505.5174,12.247939,33.89794,0.0,24.849413,0.43030673,4.272135000000006,0.4272135000000006
London,0.5,Off-peak,Greedy,71,13.878655,13.878655,38.09116,100.0,71.678215,454.5766,13.14014,34.99014,0.0,27.975384,0.20372796,4.272135000000006,0.4272135000000006
London,0.5,Off-peak,Greedy,72,11.431555,11.431555,31.35535,100.0,58.44548,513.154,11.58748,34.03748,0.0,24.721891,0.124014884,4.272135000000006,0.4272135000000006
London,0.5,Off-peak,Greedy,73,13.07999,13.07999,35.915504,100.0,66.98794,510.03296,12.062518,32.312515,0.0,23.135168,0.10372064,4.272135000000006,0.4272135000000006
London,0.5,Off-peak,Greedy,74,14.628451,14.628451,40.30137,100.0,75.213326,456.102,10.4087105,28.85871,0.0,24.348356,0.21837284,4.272135000000006,0.4272135000000006
London,0.5,Off-peak,Greedy,75,10.055495,10.055495,27.570135,100.0,51.400784,463.92087,12.553966,35.453964,0.0,27.450844,0.34219334,4.272135000000006,0.4272135000000006
London,0.5,Off-peak,Greedy,76,13.556753,13.556753,37.32051,100.0,69.77087,510.65186,12.106631,34.25663,0.0,25.103743,0.35261256,4.272135000000006,0.4272135000000006
London,0.5,Off-peak,Greedy,77,15.347059,15.347059,42.020832,100.0,78.60488,502.02405,10.776274,29.876274,0.0,22.937391,0.120412596,4.272135000000006,0.4272135000000006
London,0.5,Off-peak,Greedy,78,15.48512,15.48512,42.44975,100.0,79.53687,504.97513,13.454785,34.754784,0.0,25.02781,0.29664153,4.272135000000006,0.4272135000000006
London,0.5,Off-peak,Greedy,79,13.108255,13.108255,35.995842,100.0,67.10769,513.80914,14.106272,36.506275,0.0,25.063183,0.29897425,4.272135000000006,0.4272135000000006
London,0.5,Off-peak,Greedy,80,12.631664,12.631664,34.837856,100.0,65.2398,507.17886,12.079865,31.929867,0.0,22.784851,0.19497086,4.272135000000006,0.4272135000000006
London,0.5,Off-peak,Greedy,81,10.531246,10.531246,28.949793,100.0,54.176464,408.05,10.473502,31.573502,0.0,29.173904,0.1260773,4.272135000000006,0.4272135000000006
London,0.5,Off-peak,Greedy,82,14.002466,14.002466,38.359177,100.0,71.55298,507.09622,13.883675,37.33367,0.0,26.649427,0.3485112,4.272135000000006,0.4272135000000006
London,0.5,Off-peak,Greedy,83,12.951829,12.951829,35.518047,100.0,66.811424,510.43277,11.040984,30.640987,0.0,22.47169,0.29358757,4.272135000000006,0.4272135000000006
London,0.5,Off-peak,Greedy,84,13.363724,13.363724,36.648,100.0,68.4411,497.37082,10.305963,30.555962,0.0,23.79719,0.14411168,4.272135000000006,0.4272135000000006
London,0.5,Off-peak,Greedy,85,11.287269,11.287269,31.01286,100.0,57.953724,513.274,10.73675,32.18675,0.0,23.718021,0.14306617,4.272135000000006,0.4272135000000006
London,0.5,Off-peak,Greedy,86,11.965674,11.965674,32.9169,100.0,61.61597,511.92416,13.554747,35.30475,0.0,24.252419,0.2833514,4.272135000000006,0.4272135000000006
London,0.5,Off-peak,Greedy,87,13.596204,13.596204,37.47356,100.0,70.24566,418.7934,11.850411,32.450413,0.0,28.787804,0.26024303,4.272135000000006,0.4272135000000006
London,0.5,Off-peak,Greedy,88,11.207998,11.207998,30.712858,100.0,57.362713,458.92856,10.551831,30.501831,0.0,24.860226,0.42443666,4.272135000000006,0.4272135000000006
London,0.5,Off-peak,Greedy,89,14.960318,14.960318,41.155712,100.0,77.1066,515.0532,11.701138,32.151134,0.0,23.594969,0.30564448,4.272135000000006,0.4272135000000006
London,0.5,Off-peak,Greedy,90,13.555737,13.555737,37.169304,100.0,69.490746,509.8541,12.551574,35.101578,0.0,25.521557,0.29410177,4.272135000000006,0.4272135000000006
London,0.5,Off-peak,Greedy,91,14.409514,14.409514,39.688213,100.0,74.52,515.6859,13.333657,35.33366,0.0,24.943478,0.21068916,4.272135000000006,0.4272135000000006
London,0.5,Off-peak,Greedy,92,12.242404,17.242405,33.61193,95.0,62.841854,484.4898,13.5879135,35.587914,1.0,24.811762,0.040881224,4.272135000000006,0.4272135000000006
London,0.5,Off-peak,Greedy,93,13.783931,13.783931,37.89878,100.0,71.46321,465.55344,12.544461,33.09446,0.0,25.908049,0.38982964,4.272135000000006,0.4272135000000006
London,0.5,Off-peak,Greedy,94,11.773394,11.773394,32.3192,100.0,60.62142,500.04703,11.451467,32.90147,0.0,24.478771,0.2072449,4.272135000000006,0.4272135000000006
London,0.5,Off-peak,Greedy,95,14.816231,14.816231,40.662865,100.0,75.926384,506.63556,11.842931,31.392935,0.0,23.040546,0.34462556,4.272135000000006,0.4272135000000006
London,0.5,Off-peak,Greedy,96,13.138222,13.138222,36.102108,100.0,67.73473,501.33054,12.262507,33.16251,0.0,24.22228,0.40560043,4.272135000000006,0.4272135000000006
London,0.5,Off-peak,Greedy,97,13.53899,13.53899,37.246624,100.0,69.482506,515.1287,11.60541,32.60541,0.0,23.75535,0.38035828,4.272135000000006,0.4272135000000006
London,0.5,Off-peak,Greedy,98,12.77049,12.77049,35.067516,100.0,65.471725,507.3717,10.433736,30.133736,0.0,22.639797,0.18230715,4.272135000000006,0.4272135000000006
London,0.5,Off-peak,Greedy,99,11.5569725,11.5569725,31.787128,100.0,59.429058,503.43234,10.748683,30.14868,0.0,22.218925,0.25240394,4.272135000000006,0.4272135000000006
London,0.5,Peak-aware,DVNDA,0,11.882954,11.882954,32.599022,100.0,66.90025,485.19763,36.634426,58.234436,0.0,25.706036,0.6795152,4.048406,0.4048406
London,0.5,Peak-aware,DVNDA,1,11.752041,11.752041,32.42852,100.0,64.891266,514.0165,22.210108,40.410103,0.0,20.859804,0.443469,4.048406,0.4048406
London,0.5,Peak-aware,DVNDA,2,13.840668,13.840668,37.974293,100.0,76.81863,517.367,32.189713,51.089714,0.0,21.977564,0.16618045,4.048406,0.4048406
London,0.5,Peak-aware,DVNDA,3,11.313678,11.313678,30.979046,100.0,65.76533,507.90298,33.868763,54.76877,0.0,23.811895,0.3625032,4.048406,0.4048406
London,0.5,Peak-aware,DVNDA,4,13.097704,13.097704,36.02015,100.0,73.791214,501.90445,29.834015,48.934006,0.0,22.703087,0.5956419,4.048406,0.4048406
London,0.5,Peak-aware,DVNDA,5,10.990185,10.990185,30.219826,100.0,60.26702,511.80856,30.51331,52.013298,0.0,23.94777,0.2804964,4.048406,0.4048406
London,0.5,Peak-aware,DVNDA,6,13.604372,13.604372,37.395416,100.0,76.93634,529.2064,37.50888,58.35888,0.0,23.33382,0.5844678,4.048406,0.4048406
London,0.5,Peak-aware,DVNDA,7,10.874573,10.874573,29.893646,100.0,63.79988,537.65717,44.847794,67.7978,0.0,24.30917,0.60101444,4.048406,0.4048406
London,0.5,Peak-aware,DVNDA,8,12.040019,12.040019,33.152603,100.0,66.59524,508.13467,40.179947,61.329956,0.0,24.087866,0.39566794,4.048406,0.4048406
London,0.5,Peak-aware,DVNDA,9,11.41555,11.41555,31.340286,100.0,63.36095,504.8247,41.887535,65.73754,0.0,26.75983,0.53204983,4.048406,0.4048406
London,0.5,Peak-aware,DVNDA,10,12.264009,12.264009,33.678967,100.0,66.882996,482.88528,30.065762,50.56577,0.0,24.689245,0.14640768,4.048406,0.4048406
London,0.5,Peak-aware,DVNDA,11,11.572297,11.572297,31.747904,100.0,66.08215,508.44693,31.219189,52.769203,0.0,24.4412,0.6305079,4.048406,0.4048406
London,0.5,Peak-aware,DVNDA,12,12.854782,12.854782,35.332264,100.0,75.999695,525.0831,35.597736,54.34773,0.0,21.472778,0.5813117,4.048406,0.4048406
London,0.5,Peak-aware,DVNDA,13,11.260509,11.260509,30.83931,100.0,61.822906,515.3907,20.04142,39.29142,0.0,21.673988,0.31236398,4.048406,0.4048406
London,0.5,Peak-aware,DVNDA,14,12.982765,12.982765,35.732777,100.0,76.11371,507.96393,39.263218,61.41322,0.0,25.54875,0.6194332,4.048406,0.4048406
London,0.5,Peak-aware,DVNDA,15,12.106812,12.106812,33.242462,100.0,66.55612,501.29614,31.00271,50.452705,0.0,22.71891,0.32028833,4.048406,0.4048406
London,0.5,Peak-aware,DVNDA,16,10.960767,10.960767,30.163355,100.0,60.88455,502.97766,31.017767,52.01777,0.0,23.901875,0.4858012,4.048406,0.4048406
London,0.5,Peak-aware,DVNDA,17,11.455984,11.455984,31.574512,100.0,65.31088,505.2602,51.09444,73.14443,0.0,25.051992,0.60624427,4.048406,0.4048406
London,0.5,Peak-aware,DVNDA,18,11.059691,11.059691,30.38587,100.0,63.43877,509.07767,39.1154,58.5154,0.0,22.169443,0.5140166,4.048406,0.4048406
London,0.5,Peak-aware,DVNDA,19,11.394034,11.394034,31.343725,100.0,62.087143,517.3497,26.018362,44.66836,0.0,21.024809,0.43275574,4.048406,0.4048406
London,0.5,Peak-aware,DVNDA,20,11.270964,11.270964,30.93857,100.0,63.793774,502.3899,23.998434,43.248432,0.0,22.332941,0.27626482,4.048406,0.4048406
London,0.5,Peak-aware,DVNDA,21,13.808755,13.808755,38.014057,100.0,74.36517,494.0379,32.67868,52.578682,0.0,23.903288,0.35821038,4.048406,0.4048406
London,0.5,Peak-aware,DVNDA,22,13.776264,13.776264,37.80208,100.0,74.18459,515.0247,18.706573,38.956573,0.0,23.260277,0.09761748,4.048406,0.4048406
London,0.5,Peak-aware,DVNDA,23,11.941921,11.941921,32.8092,100.0,66.39467,517.75684,39.466988,59.716988,0.0,22.76139,0.6954798,4.048406,0.4048406
London,0.5,Peak-aware,DVNDA,24,13.0525675,13.0525675,35.825054,100.0,71.82953,507.57477,26.381977,46.43198,0.0,23.288664,0.35382295,4.048406,0.4048406
London,0.5,Peak-aware,DVNDA,25,11.184795,11.184795,30.979036,100.0,62.800526,527.37823,37.08558,57.58558,0.0,22.41278,0.6304357,4.048406,0.4048406
London,0.5,Peak-aware,DVNDA,26,12.90157,12.90157,35.483963,100.0,74.18441,503.77048,30.830435,48.130436,0.0,20.851976,0.5990079,4.048406,0.4048406
London,0.5,Peak-aware,DVNDA,27,12.527702,12.527702,34.44889,100.0,71.35941,482.54907,34.17411,55.52411,0.0,25.819101,0.4081431,4.048406,0.4048406
London,0.5,Peak-aware,DVNDA,28,10.194834,10.194834,28.038242,100.0,55.140602,541.7654,32.42414,52.974144,0.0,21.510258,0.6606607,4.048406,0.4048406
London,0.5,Peak-aware,DVNDA,29,16.595253,16.595253,45.441578,100.0,91.02327,499.02585,36.51895,55.868946,0.0,23.947823,0.36165947,4.048406,0.4048406
London,0.5,Peak-aware,DVNDA,30,9.225152,9.225152,25.443531,100.0,52.810455,496.10217,25.731466,43.58147,0.0,20.651512,0.41693074,4.048406,0.4048406
London,0.5,Peak-aware,DVNDA,31,11.061543,11.061543,30.414848,100.0,64.13206,500.88168,37.117905,57.3679,0.0,23.415312,0.5806873,4.048406,0.4048406
London,0.5,Peak-aware,DVNDA,32,14.01957,14.01957,38.493717,100.0,79.762024,520.2915,45.94145,65.94145,0.0,23.052555,0.3734076,4.048406,0.4048406
London,0.5,Peak-aware,DVNDA,33,10.787432,10.787432,29.708855,100.0,63.360695,503.7102,45.23161,64.881615,0.0,22.649961,0.64420503,4.048406,0.4048406
London,0.5,Peak-aware,DVNDA,34,10.716267,10.716267,29.52923,100.0,63.0714,510.79593,44.769924,67.519936,0.0,25.356085,0.39892325,4.048406,0.4048406
London,0.5,Peak-aware,DVNDA,35,12.134578,12.134578,33.399467,100.0,70.45204,508.83746,36.280106,56.7801,0.0,23.60538,0.6182943,4.048406,0.4048406
London,0.5,Peak-aware,DVNDA,36,13.800364,13.800364,37.866314,100.0,77.13525,485.18927,51.664593,75.864586,0.0,28.913218,0.61671895,4.048406,0.4048406
London,0.5,Peak-aware,DVNDA,37,13.282829,13.282829,36.48698,100.0,76.48522,532.58673,43.251045,64.80105,0.0,23.821716,0.2774528,4.048406,0.4048406
London,0.5,Peak-aware,DVNDA,38,12.094494,12.094494,33.242126,100.0,67.04822,516.6242,33.4909,53.6909,0.0,22.79453,0.6858985,4.048406,0.4048406
London,0.5,Peak-aware,DVNDA,39,10.511273,10.511273,28.916296,100.0,60.437164,510.95215,41.745125,62.44512,0.0,23.213387,0.4960866,4.048406,0.4048406
London,0.5,Peak-aware,DVNDA,40,12.318916,12.318916,33.91964,100.0,68.22465,516.8823,31.461414,53.711407,0.0,24.823088,0.10773835,4.048406,0.4048406
London,0.5,Peak-aware,DVNDA,41,13.475986,13.475986,36.88393,100.0,77.80741,513.5436,26.253534,47.253532,0.0,24.233936,0.35092854,4.048406,0.4048406
London,0.5,Peak-aware,DVNDA,42,11.874296,11.874296,32.664257,100.0,66.87636,526.9137,31.610865,52.41086,0.0,22.910606,0.46366674,4.048406,0.4048406
London,0.5,Peak-aware,DVNDA,43,12.85593,12.85593,35.46248,100.0,75.946976,499.18893,40.82572,60.77572,0.0,23.785934,0.61827433,4.048406,0.4048406
London,0.5,Peak-aware,DVNDA,44,11.353628,11.353628,31.176983,100.0,65.83253,518.8592,26.060852,46.310852,0.0,22.685947,0.5165836,4.048406,0.4048406
London,0.5,Peak-aware,DVNDA,45,12.88283,12.88283,35.357426,100.0,72.36612,508.71884,42.082085,62.682087,0.0,23.803234,0.62050813,4.048406,0.4048406
London,0.5,Peak-aware,DVNDA,46,11.77294,11.77294,32.349155,100.0,67.874725,517.7057,47.317654,68.26765,0.0,23.511171,0.6022369,4.048406,0.4048406
London,0.5,Peak-aware,DVNDA,47,14.36677,14.36677,39.52561,100.0,82.870575,503.9362,45.654644,67.354645,0.0,25.641665,0.34159118,4.048406,0.4048406
London,0.5,Peak-aware,DVNDA,48,12.5461035,12.5461035,34.398502,100.0,68.668724,507.02386,25.66471,45.16471,0.0,22.615736,0.28760016,4.048406,0.4048406
London,0.5,Peak-aware,DVNDA,49,10.190351,10.190351,28.02555,100.0,55.347546,501.22815,29.663935,48.11393,0.0,21.165388,0.6817633,4.048406,0.4048406
London,0.5,Peak-aware,DVNDA,50,10.234142,10.234142,28.127934,100.0,57.29298,519.6377,43.788624,64.08862,0.0,22.289225,0.43470013,4.048406,0.4048406
London,0.5,Peak-aware,DVNDA,51,11.901046,11.901046,32.691628,100.0,66.748886,506.0011,30.927652,50.227654,0.0,22.368963,0.6079464,4.048406,0.4048406
London,0.5,Peak-aware,DVNDA,52,13.075392,13.075392,35.96611,100.0,74.89181,502.61417,37.275112,58.27511,0.0,24.615885,0.5249506,4.048406,0.4048406
London,0.5,Peak-aware,DVNDA,53,13.077889,13.077889,35.92477,100.0,75.09397,483.99857,40.76801,60.818005,0.0,24.591707,0.49122912,4.048406,0.4048406
London,0.5,Peak-aware,DVNDA,54,13.357716,13.357716,36.75837,100.0,73.670204,534.51874,28.62413,46.02413,0.0,19.721954,0.14993273,4.048406,0.4048406
London,0.5,Peak-aware,DVNDA,55,11.2653885,11.2653885,30.960028,100.0,63.541466,497.09564,29.779047,49.179047,0.0,22.708984,0.3291326,4.048406,0.4048406
London,0.5,Peak-aware,DVNDA,56,10.783439,10.783439,29.702677,100.0,63.3589,483.4125,36.59377,58.14376,0.0,25.566101,0.587587,4.048406,0.4048406
London,0.5,Peak-aware,DVNDA,57,12.001717,12.001717,32.9864,100.0,65.921906,511.97324,24.460112,41.710114,0.0,20.065596,0.26048964,4.048406,0.4048406
London,0.5,Peak-aware,DVNDA,58,12.05719,12.05719,33.2273,100.0,69.327095,484.69586,34.949623,52.749622,0.0,21.937836,0.3274046,4.048406,0.4048406
London,0.5,Peak-aware,DVNDA,59,14.407693,14.407693,39.591125,100.0,80.645035,536.3317,37.16045,58.310448,0.0,23.47638,0.46167818,4.048406,0.4048406
London,0.5,Peak-aware,DVNDA,60,12.350573,12.350573,33.96003,100.0,69.925186,496.62506,37.05107,56.851074,0.0,23.454575,0.3690509,4.048406,0.4048406
London,0.5,Peak-aware,DVNDA,61,13.602082,13.602082,37.443073,100.0,75.70204,511.65356,41.530487,61.730488,0.0,23.438808,0.50527817,4.048406,0.4048406
London,0.5,Peak-aware,DVNDA,62,11.885924,11.885924,32.660328,100.0,64.53011,485.19116,22.37768,41.97768,0.0,23.52321,0.19589438,4.048406,0.4048406
London,0.5,Peak-aware,DVNDA,63,9.498637,9.498637,26.081406,100.0,54.376453,513.6675,35.01521,56.21521,0.0,23.282398,0.6223149,4.048406,0.4048406
London,0.5,Peak-aware,DVNDA,64,12.753322,12.753322,35.079617,100.0,74.61955,528.5738,53.47101,77.421005,0.0,26.184591,0.5956316,4.048406,0.4048406
London,0.5,Peak-aware,DVNDA,65,13.398398,13.398398,36.74938,100.0,81.36481,507.6654,50.825783,69.82578,0.0,22.719923,0.66547084,4.048406,0.4048406
London,0.5,Peak-aware,DVNDA,66,15.006376,15.006376,41.202553,100.0,83.45778,517.57855,36.211887,59.21189,0.0,26.250013,0.27000755,4.048406,0.4048406
London,0.5,Peak-aware,DVNDA,67,10.667549,10.667549,29.286175,100.0,59.10635,507.21274,41.770782,62.220776,0.0,23.072485,0.6817892,4.048406,0.4048406
London,0.5,Peak-aware,DVNDA,68,13.881372,13.881372,38.1745,100.0,78.96059,517.89136,37.249317,58.749317,0.0,24.568892,0.20651835,4.048406,0.4048406
London,0.5,Peak-aware,DVNDA,69,11.630731,11.630731,31.95921,100.0,63.014366,498.6323,29.207972,47.807972,0.0,21.810379,0.23925622,4.048406,0.4048406
London,0.5,Peak-aware,DVNDA,70,10.252422,10.252422,28.183933,100.0,57.373108,526.3916,32.212673,53.86267,0.0,23.289358,0.7037407,4.048406,0.4048406
London,0.5,Peak-aware,DVNDA,71,13.765325,13.765325,37.648968,100.0,76.675354,484.80167,36.458546,58.30854,0.0,26.488941,0.23068276,4.048406,0.4048406
London,0.5,Peak-aware,DVNDA,72,11.765939,11.765939,32.305782,100.0,66.07788,536.2147,35.17344,57.623444,0.0,24.01454,0.36726695,4.048406,0.4048406
London,0.5,Peak-aware,DVNDA,73,12.73188,12.73188,34.995155,100.0,68.52687,508.87463,30.764935,51.014935,0.0,23.263432,0.38915983,4.048406,0.4048406
London,0.5,Peak-aware,DVNDA,74,13.325929,13.325929,36.715965,100.0,74.42054,485.8607,27.10582,45.55582,0.0,22.816238,0.27876174,4.048406,0.4048406
London,0.5,Peak-aware,DVNDA,75,8.648883,8.648883,23.721025,100.0,50.76982,482.22153,62.051247,84.95124,0.0,26.376348,0.61302805,4.048406,0.4048406
London,0.5,Peak-aware,DVNDA,76,11.079467,11.079467,30.504066,100.0,64.42041,508.18158,31.356329,53.50633,0.0,24.962555,0.49140853,4.048406,0.4048406
London,0.5,Peak-aware,DVNDA,77,13.415193,13.415193,36.751625,100.0,75.45528,502.02405,29.747644,48.847645,0.0,22.78055,0.22365859,4.048406,0.4048406
London,0.5,Peak-aware,DVNDA,78,14.172564,14.172564,38.870956,100.0,80.56322,530.532,33.71632,55.01632,0.0,23.870535,0.6244078,4.048406,0.4048406
London,0.5,Peak-aware,DVNDA,79,13.143756,13.143756,36.1855,100.0,74.33229,512.0649,38.21626,60.616253,0.0,25.501282,0.20200804,4.048406,0.4048406
London,0.5,Peak-aware,DVNDA,80,11.252807,11.252807,30.981977,100.0,64.92228,533.8615,45.521847,65.37185,0.0,21.631184,0.5914608,4.048406,0.4048406
London,0.5,Peak-aware,DVNDA,81,11.5592785,11.5592785,31.725977,100.0,65.556854,484.09216,23.822218,44.92222,0.0,25.17892,0.24548021,4.048406,0.4048406
London,0.5,Peak-aware,DVNDA,82,14.735988,14.735988,40.4282,100.0,80.14448,507.13284,37.742947,61.192944,0.0,27.071037,0.23387468,4.048406,0.4048406
London,0.5,Peak-aware,DVNDA,83,12.237617,12.237617,33.600506,100.0,68.32601,511.93607,24.310871,43.91087,0.0,22.479668,0.5412845,4.048406,0.4048406
London,0.5,Peak-aware,DVNDA,84,12.544566,12.544566,34.4329,100.0,71.66742,497.96024,31.478256,51.72826,0.0,23.931004,0.1771075,4.048406,0.4048406
London,0.5,Peak-aware,DVNDA,85,10.326312,10.326312,28.364922,100.0,56.756462,512.5816,30.09238,51.54239,0.0,23.691666,0.27570963,4.048406,0.4048406
London,0.5,Peak-aware,DVNDA,86,13.763293,13.763293,37.932056,100.0,76.05537,513.06836,25.620901,47.370903,0.0,24.901913,0.21387073,4.048406,0.4048406
London,0.5,Peak-aware,DVNDA,87,13.443816,13.443816,37.066902,100.0,74.712204,484.98825,36.358887,56.95888,0.0,25.088865,0.31635287,4.048406,0.4048406
London,0.5,Peak-aware,DVNDA,88,11.980785,11.980785,32.91937,100.0,67.114975,483.71637,30.471516,50.421516,0.0,24.09031,0.3272299,4.048406,0.4048406
London,0.5,Peak-aware,DVNDA,89,11.861467,11.861467,32.585888,100.0,65.66047,515.6722,39.27818,59.728172,0.0,23.011736,0.21401045,4.048406,0.4048406
London,0.5,Peak-aware,DVNDA,90,10.496483,10.496483,28.825333,100.0,59.91292,543.81384,39.141,61.69099,0.0,23.48749,0.5824769,4.048406,0.4048406
London,0.5,Peak-aware,DVNDA,91,11.311501,11.311501,31.102007,100.0,63.30517,556.3216,41.168293,63.168285,0.0,22.617548,0.5833338,4.048406,0.4048406
London,0.5,Peak-aware,DVNDA,92,14.149655,14.149655,38.8712,100.0,77.89004,508.24643,36.278282,58.27828,0.0,25.474358,0.19976024,4.048406,0.4048406
London,0.5,Peak-aware,DVNDA,93,12.213397,12.213397,33.62345,100.0,72.05023,484.53894,35.224697,55.774696,0.0,24.923185,0.60822445,4.048406,0.4048406
London,0.5,Peak-aware,DVNDA,94,11.444365,11.444365,31.422369,100.0,61.362328,498.9406,32.017773,53.467773,0.0,24.570175,0.43585235,4.048406,0.4048406
London,0.5,Peak-aware,DVNDA,95,14.735204,14.735204,40.514076,100.0,84.930504,505.81088,37.467945,57.017952,0.0,23.52315,0.625522,4.048406,0.4048406
London,0.5,Peak-aware,DVNDA,96,15.035698,15.035698,41.32904,100.0,83.86798,517.97754,29.136326,50.036324,0.0,24.222475,0.44372195,4.048406,0.4048406
London,0.5,Peak-aware,DVNDA,97,12.486451,12.486451,34.36604,100.0,70.962906,544.76746,32.6826,53.6826,0.0,22.53085,0.65087503,4.048406,0.4048406
London,0.5,Peak-aware,DVNDA,98,10.91813,10.91813,30.009539,100.0,60.481438,539.65344,36.41781,56.117805,0.0,21.05432,0.45249376,4.048406,0.4048406
London,0.5,Peak-aware,DVNDA,99,13.722561,13.722561,37.68476,100.0,80.00098,503.43228,37.76171,57.16172,0.0,23.240513,0.32238343,4.048406,0.4048406
London,0.5,Peak-aware,Greedy,0,13.596252,13.596252,37.284744,100.0,74.54439,461.35968,10.235875,31.835878,0.0,27.448454,0.39491543,4.442010999999972,0.44420109999999724
London,0.5,Peak-aware,Greedy,1,15.146476,15.146476,41.64615,100.0,82.5089,514.4235,9.405506,27.605507,0.0,21.699478,0.22134748,4.442010999999972,0.44420109999999724
London,0.5,Peak-aware,Greedy,2,13.900693,13.900693,38.08179,100.0,78.076324,514.9271,10.370001,29.27,0.0,22.14276,0.23735432,4.442010999999972,0.44420109999999724
London,0.5,Peak-aware,Greedy,3,10.551516,10.551516,28.876377,100.0,60.052547,509.06525,11.004215,31.904215,0.0,23.476976,0.31912333,4.442010999999972,0.44420109999999724
London,0.5,Peak-aware,Greedy,4,14.734677,14.734677,40.374123,100.0,79.640236,502.94724,10.164936,29.264936,0.0,22.946753,0.29043394,4.442010999999972,0.44420109999999724
London,0.5,Peak-aware,Greedy,5,11.214351,11.214351,30.836702,100.0,63.3553,512.13293,13.416988,34.91699,0.0,24.08336,0.29307464,4.442010999999972,0.44420109999999724
London,0.5,Peak-aware,Greedy,6,13.5404,13.5404,37.25696,100.0,74.36015,468.84137,11.269075,32.119076,0.0,26.200764,0.52146846,4.442010999999972,0.44420109999999724
London,0.5,Peak-aware,Greedy,7,11.740392,11.740392,32.32427,100.0,66.35717,506.49072,13.962566,36.912563,0.0,25.931234,0.374358,4.442010999999972,0.44420109999999724
London,0.5,Peak-aware,Greedy,8,13.185591,13.185591,36.3111,100.0,71.96505,507.94556,15.110742,36.260742,0.0,24.361126,0.16340737,4.442010999999972,0.44420109999999724
London,0.5,Peak-aware,Greedy,9,13.261332,13.261332,36.43,100.0,69.35298,505.3057,14.08377,37.93377,0.0,27.030813,0.29344678,4.442010999999972,0.44420109999999724
London,0.5,Peak-aware,Greedy,10,11.635589,11.635589,31.921165,100.0,65.61842,457.90674,10.901079,31.40108,0.0,25.966991,0.17375776,4.442010999999972,0.44420109999999724
London,0.5,Peak-aware,Greedy,11,13.587136,13.587136,37.297707,100.0,76.05649,504.78854,11.994008,33.544006,0.0,25.112324,0.33707565,4.442010999999972,0.44420109999999724
London,0.5,Peak-aware,Greedy,12,14.367002,14.367002,39.43245,100.0,82.48392,507.7402,10.115695,28.865696,0.0,22.525494,0.24531904,4.442010999999972,0.44420109999999724
London,0.5,Peak-aware,Greedy,13,12.316672,12.316672,33.75169,100.0,67.42134,515.3907,10.557472,29.807472,0.0,21.945555,0.21102686,4.442010999999972,0.44420109999999724
London,0.5,Peak-aware,Greedy,14,14.632435,14.632435,40.1688,100.0,80.282005,502.89618,14.21198,36.36198,0.0,26.01342,0.33953774,4.442010999999972,0.44420109999999724
London,0.5,Peak-aware,Greedy,15,14.775751,14.775751,40.649826,100.0,83.77202,499.7599,10.974696,30.424698,0.0,23.649958,0.23143771,4.442010999999972,0.44420109999999724
London,0.5,Peak-aware,Greedy,16,11.608131,11.608131,31.912413,100.0,63.50133,502.4156,11.103067,32.103065,0.0,24.058832,0.35835695,4.442010999999972,0.44420109999999724
London,0.5,Peak-aware,Greedy,17,11.395155,11.395155,31.318487,100.0,61.707497,507.27786,12.897128,34.94713,0.0,24.77476,0.26075315,4.442010999999972,0.44420109999999724
London,0.5,Peak-aware,Greedy,18,10.617206,10.617206,29.216888,100.0,57.506756,511.4317,11.782867,31.182869,0.0,21.777431,0.15117678,4.442010999999972,0.44420109999999724
London,0.5,Peak-aware,Greedy,19,12.626997,12.626997,34.646496,100.0,69.547585,517.3931,10.12948,28.779482,0.0,21.383526,0.39015067,4.442010999999972,0.44420109999999724
London,0.5,Peak-aware,Greedy,20,10.837239,10.837239,29.726849,100.0,62.806255,501.84415,9.9567,29.2067,0.0,22.308033,0.23704657,4.442010999999972,0.44420109999999724
London,0.5,Peak-aware,Greedy,21,14.424998,14.424998,39.55715,100.0,78.27938,496.18933,12.860882,32.76088,0.0,23.996857,0.39071202,4.442010999999972,0.44420109999999724
London,0.5,Peak-aware,Greedy,22,14.171969,19.17197,38.9456,95.0,81.53713,413.15005,11.487309,31.382046,1.0,27.806915,0.14635946,4.442010999999972,0.44420109999999724
London,0.5,Peak-aware,Greedy,23,14.625343,14.625343,40.105515,100.0,80.58142,500.0086,11.750431,32.00043,0.0,24.278652,0.18789554,4.442010999999972,0.44420109999999724
London,0.5,Peak-aware,Greedy,24,12.74187,12.74187,34.967033,100.0,68.82311,507.57477,9.783867,29.833866,0.0,23.140585,0.23563962,4.442010999999972,0.44420109999999724
London,0.5,Peak-aware,Greedy,25,14.103164,14.103164,38.91041,100.0,76.36656,512.8658,11.311532,31.811535,0.0,23.708279,0.19929653,4.442010999999972,0.44420109999999724
London,0.5,Peak-aware,Greedy,26,14.24173,14.24173,39.19858,100.0,79.19683,503.77042,11.2778015,28.577803,0.0,21.100725,0.34476128,4.442010999999972,0.44420109999999724
London,0.5,Peak-aware,Greedy,27,13.19929,13.19929,36.31435,100.0,77.00738,403.87802,12.618758,33.96876,0.0,31.197994,0.44462392,4.442010999999972,0.44420109999999724
London,0.5,Peak-aware,Greedy,28,10.6233425,10.6233425,29.236925,100.0,55.58036,514.639,8.288625,28.838625,0.0,22.665422,0.28663555,4.442010999999972,0.44420109999999724
London,0.5,Peak-aware,Greedy,29,15.723358,15.723358,43.10054,100.0,87.05575,497.15338,11.573469,30.92347,0.0,23.838505,0.32431698,4.442010999999972,0.44420109999999724
London,0.5,Peak-aware,Greedy,30,11.560722,11.560722,31.901947,100.0,66.99398,497.7813,8.384336,26.234337,0.0,21.294188,0.29528037,4.442010999999972,0.44420109999999724
London,0.5,Peak-aware,Greedy,31,8.93853,8.93853,24.536816,100.0,48.389732,500.88168,11.49915,31.749151,0.0,22.629581,0.24853244,4.442010999999972,0.44420109999999724
London,0.5,Peak-aware,Greedy,32,14.926588,14.926588,40.87049,100.0,81.68809,517.46063,11.820008,31.820004,0.0,23.271725,0.3141737,4.442010999999972,0.44420109999999724
London,0.5,Peak-aware,Greedy,33,13.274183,13.274183,36.492523,100.0,75.62747,503.7102,10.29793,29.94793,0.0,23.258783,0.37995884,4.442010999999972,0.44420109999999724
London,0.5,Peak-aware,Greedy,34,11.136277,11.136277,30.6717,100.0,65.63181,512.09796,10.574257,33.324257,0.0,25.41661,0.30015692,4.442010999999972,0.44420109999999724
London,0.5,Peak-aware,Greedy,35,14.645981,14.645981,40.277912,100.0,84.31543,509.767,12.076759,32.576763,0.0,24.242226,0.4443358,4.442010999999972,0.44420109999999724
London,0.5,Peak-aware,Greedy,36,14.033517,14.033517,38.514175,100.0,77.08575,467.33847,12.433525,36.633526,0.0,30.014957,0.22014727,4.442010999999972,0.44420109999999724
London,0.5,Peak-aware,Greedy,37,14.77973,14.77973,40.595245,100.0,83.88587,509.4255,12.090511,33.640514,0.0,25.267967,0.3125898,4.442010999999972,0.44420109999999724
London,0.5,Peak-aware,Greedy,38,13.364513,13.364513,36.69298,100.0,72.650314,517.24615,10.101178,30.30118,0.0,23.037886,0.3449938,4.442010999999972,0.44420109999999724
London,0.5,Peak-aware,Greedy,39,11.507779,11.507779,31.677013,100.0,67.25057,513.0699,12.6953125,33.395313,0.0,23.449564,0.29651615,4.442010999999972,0.44420109999999724
London,0.5,Peak-aware,Greedy,40,12.311462,12.311462,33.868336,100.0,68.874115,516.8823,12.495298,34.7453,0.0,24.854504,0.3260569,4.442010999999972,0.44420109999999724
London,0.5,Peak-aware,Greedy,41,13.565585,13.565585,37.14599,100.0,76.85721,516.59656,10.33755,31.33755,0.0,24.04474,0.18187554,4.442010999999972,0.44420109999999724
London,0.5,Peak-aware,Greedy,42,12.667464,12.667464,34.885574,100.0,71.71386,513.44415,11.898175,32.698177,0.0,23.74717,0.21381342,4.442010999999972,0.44420109999999724
London,0.5,Peak-aware,Greedy,43,13.291373,13.291373,36.565502,100.0,74.85264,501.96024,11.395205,31.345203,0.0,23.600107,0.2282136,4.442010999999972,0.44420109999999724
London,0.5,Peak-aware,Greedy,44,11.553795,11.553795,31.742846,100.0,65.33593,518.0226,10.67406,30.92406,0.0,22.69862,0.28239176,4.442010999999972,0.44420109999999724
London,0.5,Peak-aware,Greedy,45,14.470505,14.470505,39.76273,100.0,77.729355,508.6539,13.286333,33.88633,0.0,24.069872,0.26441965,4.442010999999972,0.44420109999999724
London,0.5,Peak-aware,Greedy,46,12.499847,12.499847,34.3575,100.0,69.83425,517.7057,9.191988,30.141985,0.0,23.605799,0.45209673,4.442010999999972,0.44420109999999724
London,0.5,Peak-aware,Greedy,47,14.118303,14.118303,38.886276,100.0,81.604866,503.1241,12.7029705,34.40297,0.0,25.620163,0.1848785,4.442010999999972,0.44420109999999724
London,0.5,Peak-aware,Greedy,48,15.202501,15.202501,41.646214,100.0,86.31837,507.02213,10.019897,29.519896,0.0,23.486074,0.19989446,4.442010999999972,0.44420109999999724
London,0.5,Peak-aware,Greedy,49,11.1853695,11.1853695,30.732744,100.0,59.34731,500.797,10.200307,28.650307,0.0,21.383282,0.3452617,4.442010999999972,0.44420109999999724
London,0.5,Peak-aware,Greedy,50,11.530658,11.530658,31.615255,100.0,62.61291,505.77228,10.800463,31.10046,0.0,23.163237,0.07545236,4.442010999999972,0.44420109999999724
London,0.5,Peak-aware,Greedy,51,13.716545,13.716545,37.585587,100.0,72.88713,506.5964,10.93383,30.233831,0.0,22.645596,0.33518723,4.442010999999972,0.44420109999999724
London,0.5,Peak-aware,Greedy,52,14.550166,14.550166,39.900635,100.0,79.02291,503.91953,10.459065,31.459068,0.0,24.757074,0.32904825,4.442010999999972,0.44420109999999724
London,0.5,Peak-aware,Greedy,53,13.69475,13.69475,37.62423,100.0,76.31282,465.6194,12.061715,32.111713,0.0,25.627842,0.22205088,4.442010999999972,0.44420109999999724
London,0.5,Peak-aware,Greedy,54,12.840397,12.840397,35.282032,100.0,72.18494,512.9679,10.898645,28.298645,0.0,20.47813,0.12549613,4.442010999999972,0.44420109999999724
London,0.5,Peak-aware,Greedy,55,12.364941,12.364941,34.10744,100.0,70.4757,497.3161,10.898209,30.298212,0.0,23.047499,0.25200334,4.442010999999972,0.44420109999999724
London,0.5,Peak-aware,Greedy,56,12.552662,12.552662,34.58835,100.0,75.94679,406.70004,12.149025,33.699024,0.0,31.162207,0.37848943,4.442010999999972,0.44420109999999724
London,0.5,Peak-aware,Greedy,57,12.516916,12.516916,34.31976,100.0,67.944016,511.97324,9.607714,26.857716,0.0,20.164337,0.14790551,4.442010999999972,0.44420109999999724
London,0.5,Peak-aware,Greedy,58,14.156692,14.156692,39.01646,100.0,78.23282,457.6743,10.705242,28.505241,0.0,23.719532,0.2551446,4.442010999999972,0.44420109999999724
London,0.5,Peak-aware,Greedy,59,14.428694,14.428694,39.764973,100.0,77.87082,513.1301,13.091194,34.241196,0.0,24.40272,0.34436938,4.442010999999972,0.44420109999999724
London,0.5,Peak-aware,Greedy,60,11.652036,11.652036,32.139587,100.0,65.707825,496.62506,12.417461,32.217464,0.0,23.242275,0.15717793,4.442010999999972,0.44420109999999724
London,0.5,Peak-aware,Greedy,61,14.225796,14.225796,39.11908,100.0,75.63947,501.6081,11.965448,32.165443,0.0,23.905088,0.45126513,4.442010999999972,0.44420109999999724
London,0.5,Peak-aware,Greedy,62,12.414495,12.414495,34.07811,100.0,68.75429,419.44922,10.206702,29.806704,0.0,27.461864,0.06447772,4.442010999999972,0.44420109999999724
London,0.5,Peak-aware,Greedy,63,13.534222,13.534222,37.07652,100.0,74.08998,514.9639,12.014771,33.214767,0.0,24.18082,0.39835575,4.442010999999972,0.44420109999999724
London,0.5,Peak-aware,Greedy,64,14.337992,14.337992,39.366787,100.0,81.67763,512.5355,15.569685,39.519684,0.0,27.348232,0.35775483,4.442010999999972,0.44420109999999724
London,0.5,Peak-aware,Greedy,65,11.687522,11.687522,32.027878,100.0,62.80036,505.90765,10.218062,29.218063,0.0,21.881483,0.27388272,4.442010999999972,0.44420109999999724
London,0.5,Peak-aware,Greedy,66,15.0497,15.0497,41.296753,100.0,80.591934,517.57855,11.687291,34.687294,0.0,26.11159,0.09482166,4.442010999999972,0.44420109999999724
London,0.5,Peak-aware,Greedy,67,14.454225,14.454225,39.68417,100.0,76.75037,504.96976,11.598104,32.048103,0.0,24.048489,0.42876598,4.442010999999972,0.44420109999999724
London,0.5,Peak-aware,Greedy,68,14.072878,14.072878,38.65151,100.0,78.10952,517.89136,14.5647,36.0647,0.0,24.527807,0.26473612,4.442010999999972,0.44420109999999724
London,0.5,Peak-aware,Greedy,69,11.878919,11.878919,32.565247,100.0,65.053925,496.93777,10.185987,28.785986,0.0,21.987356,0.120862976,4.442010999999972,0.44420109999999724
London,0.5,Peak-aware,Greedy,70,13.340184,13.340184,36.699078,100.0,73.43966,505.5174,12.446302,34.096302,0.0,25.045609,0.43030673,4.442010999999972,0.44420109999999724
London,0.5,Peak-aware,Greedy,71,13.895345,13.895345,38.128098,100.0,78.44866,454.5766,13.36535,35.215347,0.0,28.347733,0.20344216,4.442010999999972,0.44420109999999724
London,0.5,Peak-aware,Greedy,72,11.431806,11.431806,31.356112,100.0,61.710987,513.154,11.750756,34.200752,0.0,24.88098,0.12401783,4.442010999999972,0.44420109999999724
London,0.5,Peak-aware,Greedy,73,13.07999,13.07999,35.915504,100.0,68.06762,510.03296,12.116501,32.3665,0.0,23.188091,0.10372064,4.442010999999972,0.44420109999999724
London,0.5,Peak-aware,Greedy,74,14.64514,14.64514,40.338306,100.0,82.55182,456.102,10.632257,29.082258,0.0,24.750595,0.21748763,4.442010999999972,0.44420109999999724
London,0.5,Peak-aware,Greedy,75,10.06643,10.06643,27.594015,100.0,57.726982,463.92087,12.8702755,35.770275,0.0,27.791752,0.34311974,4.442010999999972,0.44420109999999724
London,0.5,Peak-aware,Greedy,76,13.556753,13.556753,37.32051,100.0,76.13446,510.65186,12.34359,34.49359,0.0,25.415285,0.35261256,4.442010999999972,0.44420109999999724
London,0.5,Peak-aware,Greedy,77,15.354728,15.354728,42.043808,100.0,88.62069,502.02405,11.073373,30.17337,0.0,23.436161,0.12040026,4.442010999999972,0.44420109999999724
London,0.5,Peak-aware,Greedy,78,15.48512,15.48512,42.44975,100.0,83.92337,504.97513,13.67411,34.97411,0.0,25.244976,0.29664153,4.442010999999972,0.44420109999999724
London,0.5,Peak-aware,Greedy,79,13.149189,13.149189,36.117435,100.0,70.51307,513.80914,14.276541,36.676544,0.0,25.228872,0.30117124,4.442010999999972,0.44420109999999724
London,0.5,Peak-aware,Greedy,80,12.645366,12.645366,34.87247,100.0,70.380104,507.17886,12.305386,32.155388,0.0,23.038227,0.1952945,4.442010999999972,0.44420109999999724
London,0.5,Peak-aware,Greedy,81,10.544906,10.544906,28.980091,100.0,61.009422,408.8289,10.741422,31.841423,0.0,29.53616,0.12726884,4.442010999999972,0.44420109999999724
London,0.5,Peak-aware,Greedy,82,14.001233,14.001233,38.363968,100.0,74.47748,507.09622,14.029899,37.479897,0.0,26.793608,0.3486645,4.442010999999972,0.44420109999999724
London,0.5,Peak-aware,Greedy,83,12.951829,12.951829,35.518047,100.0,69.967926,510.43277,11.19881,30.79881,0.0,22.626287,0.29358757,4.442010999999972,0.44420109999999724
London,0.5,Peak-aware,Greedy,84,13.363724,13.363724,36.648,100.0,78.02171,497.37082,10.628831,30.878828,0.0,24.278751,0.14411168,4.442010999999972,0.44420109999999724
London,0.5,Peak-aware,Greedy,85,11.287269,11.287269,31.01286,100.0,61.481766,513.274,10.836208,32.28621,0.0,23.88986,0.14306617,4.442010999999972,0.44420109999999724
London,0.5,Peak-aware,Greedy,86,11.979427,11.979427,32.95946,100.0,65.869194,511.92416,13.680075,35.430077,0.0,24.460125,0.28233513,4.442010999999972,0.44420109999999724
London,0.5,Peak-aware,Greedy,87,13.596204,13.596204,37.47356,100.0,79.22911,419.70615,12.299583,32.899582,0.0,29.2603,0.26024303,4.442010999999972,0.44420109999999724
London,0.5,Peak-aware,Greedy,88,11.224688,11.224688,30.749796,100.0,62.65214,458.92856,10.767381,30.71738,0.0,25.148367,0.4259719,4.442010999999972,0.44420109999999724
London,0.5,Peak-aware,Greedy,89,14.984665,14.984665,41.2272,100.0,82.440155,515.0532,11.860036,32.310036,0.0,23.853853,0.30659175,4.442010999999972,0.44420109999999724
London,0.5,Peak-aware,Greedy,90,13.569465,13.569465,37.205894,100.0,76.29053,509.8541,12.83493,35.38493,0.0,25.854973,0.29471916,4.442010999999972,0.44420109999999724
London,0.5,Peak-aware,Greedy,91,14.431918,14.431918,39.7659,100.0,78.579834,515.6859,13.536652,35.536648,0.0,25.140295,0.2120263,4.442010999999972,0.44420109999999724
London,0.5,Peak-aware,Greedy,92,12.242404,17.242405,33.61193,95.0,65.42171,484.4898,13.651603,35.651604,1.0,24.944887,0.040881224,4.442010999999972,0.44420109999999724
London,0.5,Peak-aware,Greedy,93,13.783931,13.783931,37.89878,100.0,76.32187,465.55344,12.681189,33.23119,0.0,26.168955,0.38982964,4.442010999999972,0.44420109999999724
London,0.5,Peak-aware,Greedy,94,11.77852,11.77852,32.332657,100.0,61.87841,500.04703,11.514317,32.964317,0.0,24.541613,0.20747508,4.442010999999972,0.44420109999999724
London,0.5,Peak-aware,Greedy,95,14.816231,14.816231,40.662865,100.0,83.10191,506.63556,12.121742,31.671745,0.0,23.394625,0.34462556,4.442010999999972,0.44420109999999724
London,0.5,Peak-aware,Greedy,96,13.138222,13.138222,36.102108,100.0,71.436485,501.33054,12.447596,33.347595,0.0,24.406878,0.40560043,4.442010999999972,0.44420109999999724
London,0.5,Peak-aware,Greedy,97,13.539311,13.539311,37.246758,100.0,74.078514,515.1287,11.835211,32.83521,0.0,23.978401,0.38036057,4.442010999999972,0.44420109999999724
London,0.5,Peak-aware,Greedy,98,12.77049,12.77049,35.067516,100.0,67.9769,507.3717,10.558994,30.258995,0.0,22.763237,0.18230715,4.442010999999972,0.44420109999999724
London,0.5,Peak-aware,Greedy,99,11.5569725,11.5569725,31.787128,100.0,63.227192,503.43234,10.883971,30.283974,0.0,22.40754,0.25240394,4.442010999999972,0.44420109999999724
London,0.75,Off-peak,DVNDA,0,11.722355,11.722355,32.130116,100.0,59.89821,497.56165,24.944431,46.544426,0.0,24.715443,0.65259075,3.6357280000000003,0.36357280000000003
London,0.75,Off-peak,DVNDA,1,12.707104,12.707104,34.945408,100.0,65.34753,515.19006,12.012768,30.212765,0.0,20.834423,0.49753803,3.6357280000000003,0.36357280000000003
London,0.75,Off-peak,DVNDA,2,13.849795,13.849795,37.962578,100.0,70.95769,546.8426,20.645472,39.54547,0.0,20.524996,0.23363721,3.6357280000000003,0.36357280000000003
London,0.75,Off-peak,DVNDA,3,10.441626,10.441626,28.624098,100.0,53.58924,507.90298,20.220045,41.12004,0.0,23.21257,0.3684195,3.6357280000000003,0.36357280000000003
London,0.75,Off-peak,DVNDA,4,12.694303,12.694303,34.89809,100.0,65.666466,502.94724,22.248133,41.348133,0.0,22.252161,0.57917106,3.6357280000000003,0.36357280000000003
London,0.75,Off-peak,DVNDA,5,12.052116,12.052116,33.083557,100.0,61.96814,548.3331,21.856653,43.356647,0.0,22.430164,0.3893189,3.6357280000000003,0.36357280000000003
London,0.75,Off-peak,DVNDA,6,12.714082,12.714082,34.85238,100.0,65.107925,556.7522,22.40707,43.25707,0.0,21.648232,0.6523199,3.6357280000000003,0.36357280000000003
London,0.75,Off-peak,DVNDA,7,10.0171995,10.0171995,27.507671,100.0,51.277416,538.4038,27.07992,50.029915,0.0,23.69399,0.6258349,3.6357280000000003,0.36357280000000003
London,0.75,Off-peak,DVNDA,8,12.033977,12.033977,33.135353,100.0,62.060123,508.13467,23.121254,44.27125,0.0,23.864742,0.4179266,3.6357280000000003,0.36357280000000003
London,0.75,Off-peak,DVNDA,9,14.40967,14.40967,39.660156,100.0,74.09909,539.72217,34.426426,58.27643,0.0,25.526978,0.582997,3.6357280000000003,0.36357280000000003
London,0.75,Off-peak,DVNDA,10,11.754982,11.754982,32.249683,100.0,60.2435,514.2218,17.016666,37.51667,0.0,22.8619,0.26331162,3.6357280000000003,0.36357280000000003
London,0.75,Off-peak,DVNDA,11,13.708103,13.708103,37.57821,100.0,70.41237,506.2852,28.189636,49.739643,0.0,24.759384,0.61970365,3.6357280000000003,0.36357280000000003
London,0.75,Off-peak,DVNDA,12,12.2712145,12.2712145,33.697136,100.0,62.945496,540.87665,23.491917,42.241917,0.0,20.24239,0.6330027,3.6357280000000003,0.36357280000000003
London,0.75,Off-peak,DVNDA,13,12.977884,12.977884,35.537178,100.0,66.43074,516.70996,13.619945,32.869946,0.0,21.841599,0.25128257,3.6357280000000003,0.36357280000000003
London,0.75,Off-peak,DVNDA,14,14.102124,14.102124,38.84326,100.0,72.44933,507.6853,29.596722,51.746723,0.0,25.382328,0.27681866,3.6357280000000003,0.36357280000000003
London,0.75,Off-peak,DVNDA,15,12.434183,12.434183,34.174847,100.0,64.89898,505.31015,27.601435,47.051434,0.0,22.456453,0.29842994,3.6357280000000003,0.36357280000000003
London,0.75,Off-peak,DVNDA,16,12.762905,12.762905,35.075542,100.0,65.48814,504.4882,17.171942,38.171944,0.0,24.058443,0.3908166,3.6357280000000003,0.36357280000000003
London,0.75,Off-peak,DVNDA,17,11.539988,11.539988,31.757494,100.0,59.37883,506.93692,34.138813,56.188805,0.0,24.676586,0.60090196,3.6357280000000003,0.36357280000000003
London,0.75,Off-peak,DVNDA,18,12.136836,12.136836,33.31238,100.0,62.530697,509.88345,22.779892,42.179893,0.0,22.089886,0.5980829,3.6357280000000003,0.36357280000000003
London,0.75,Off-peak,DVNDA,19,15.15066,15.15066,41.564,100.0,77.87586,517.3931,18.30251,36.95251,0.0,21.785936,0.37616056,3.6357280000000003,0.36357280000000003
London,0.75,Off-peak,DVNDA,20,10.716123,10.716123,29.364279,100.0,54.756947,501.84415,22.198202,41.448204,0.0,21.907047,0.5001829,3.6357280000000003,0.36357280000000003
London,0.75,Off-peak,DVNDA,21,14.04473,14.04473,38.609238,100.0,71.96766,496.1894,19.205229,39.105232,0.0,23.67885,0.58409566,3.6357280000000003,0.36357280000000003
London,0.75,Off-peak,DVNDA,22,14.611517,19.611517,40.151443,95.0,74.84541,485.79974,15.133965,35.028698,1.0,23.30412,0.08142351,3.6357280000000003,0.36357280000000003
London,0.75,Off-peak,DVNDA,23,11.983997,11.983997,32.886585,100.0,61.884857,516.4837,32.966995,53.217,0.0,22.599205,0.5904781,3.6357280000000003,0.36357280000000003
London,0.75,Off-peak,DVNDA,24,13.651561,13.651561,37.447506,100.0,70.27663,507.57477,19.677204,39.7272,0.0,23.212175,0.30793503,3.6357280000000003,0.36357280000000003
London,0.75,Off-peak,DVNDA,25,12.149893,12.149893,33.44995,100.0,62.74538,561.85516,27.631918,48.131916,0.0,21.035015,0.6308457,3.6357280000000003,0.36357280000000003
London,0.75,Off-peak,DVNDA,26,11.682639,11.682639,32.08594,100.0,60.237278,525.4652,20.216938,37.516945,0.0,19.32751,0.59811485,3.6357280000000003,0.36357280000000003
London,0.75,Off-peak,DVNDA,27,13.410253,13.410253,36.836155,100.0,68.83213,509.414,27.267208,48.61721,0.0,24.333454,0.573108,3.6357280000000003,0.36357280000000003
London,0.75,Off-peak,DVNDA,28,11.641057,11.641057,32.009007,100.0,60.329998,550.90845,22.83025,43.380245,0.0,21.38876,0.67158175,3.6357280000000003,0.36357280000000003
London,0.75,Off-peak,DVNDA,29,17.955025,17.955025,49.251354,100.0,91.94049,515.9239,27.565134,46.915134,0.0,23.207905,0.40000156,3.6357280000000003,0.36357280000000003
London,0.75,Off-peak,DVNDA,30,12.230028,12.230028,33.65724,100.0,63.076973,523.3418,20.923271,38.773266,0.0,20.067045,0.34225795,3.6357280000000003,0.36357280000000003
London,0.75,Off-peak,DVNDA,31,12.11025,12.11025,33.28383,100.0,62.795734,534.2307,30.773129,51.023125,0.0,21.89109,0.58652335,3.6357280000000003,0.36357280000000003
London,0.75,Off-peak,DVNDA,32,15.816365,15.816365,43.317204,100.0,81.13549,520.2915,28.44646,48.446457,0.0,23.118553,0.34413555,3.6357280000000003,0.36357280000000003
London,0.75,Off-peak,DVNDA,33,13.901457,13.901457,38.247246,100.0,71.60997,540.7232,23.081783,42.73178,0.0,21.480951,0.61121327,3.6357280000000003,0.36357280000000003
London,0.75,Off-peak,DVNDA,34,10.310229,10.310229,28.366905,100.0,53.137085,512.09796,22.543299,45.293297,0.0,24.806635,0.62965703,3.6357280000000003,0.36357280000000003
London,0.75,Off-peak,DVNDA,35,13.841124,13.841124,38.03354,100.0,72.06498,508.83746,35.78819,56.28819,0.0,23.684626,0.695365,3.6357280000000003,0.36357280000000003
London,0.75,Off-peak,DVNDA,36,12.631763,12.631763,34.706676,100.0,65.43886,499.10117,39.698746,63.898735,0.0,27.521416,0.72193736,3.6357280000000003,0.36357280000000003
London,0.75,Off-peak,DVNDA,37,13.3285675,13.3285675,36.68414,100.0,68.686005,531.553,32.89686,54.44687,0.0,23.501236,0.48166257,3.6357280000000003,0.36357280000000003
London,0.75,Off-peak,DVNDA,38,11.168263,11.168263,30.625975,100.0,57.353596,563.3441,20.314985,40.514984,0.0,20.473877,0.7259661,3.6357280000000003,0.36357280000000003
London,0.75,Off-peak,DVNDA,39,13.171653,13.171653,36.198658,100.0,67.91866,516.98535,27.451626,48.151627,0.0,23.30427,0.49442297,3.6357280000000003,0.36357280000000003
London,0.75,Off-peak,DVNDA,40,17.774576,17.774576,48.91798,100.0,91.27723,516.8823,17.403872,39.653877,0.0,25.938078,0.35904205,3.6357280000000003,0.36357280000000003
London,0.75,Off-peak,DVNDA,41,14.053321,14.053321,38.488983,100.0,72.087296,525.58826,15.299467,36.29946,0.0,23.406498,0.21429472,3.6357280000000003,0.36357280000000003
London,0.75,Off-peak,DVNDA,42,12.572111,12.572111,34.634712,100.0,65.01887,511.71542,21.091923,41.89192,0.0,23.500309,0.4417868,3.6357280000000003,0.36357280000000003
London,0.75,Off-peak,DVNDA,43,13.528711,13.528711,37.25321,100.0,69.661804,499.18893,27.319195,47.269196,0.0,23.471167,0.6636022,3.6357280000000003,0.36357280000000003
London,0.75,Off-peak,DVNDA,44,12.211151,12.211151,33.56378,100.0,63.117184,557.6267,21.170275,41.42028,0.0,20.98703,0.61142266,3.6357280000000003,0.36357280000000003
London,0.75,Off-peak,DVNDA,45,13.136859,13.136859,36.05583,100.0,67.28703,528.24005,27.428595,48.028595,0.0,22.6832,0.6668669,3.6357280000000003,0.36357280000000003
London,0.75,Off-peak,DVNDA,46,12.517555,12.517555,34.40942,100.0,64.86976,545.7313,35.491066,56.44107,0.0,22.166117,0.65065056,3.6357280000000003,0.36357280000000003
London,0.75,Off-peak,DVNDA,47,13.3156595,13.3156595,36.575665,100.0,68.64532,526.96423,29.990429,51.69043,0.0,23.84627,0.19136003,3.6357280000000003,0.36357280000000003
London,0.75,Off-peak,DVNDA,48,14.791469,14.791469,40.582024,100.0,75.80698,510.3296,23.257416,42.75742,0.0,22.81893,0.39687315,3.6357280000000003,0.36357280000000003
London,0.75,Off-peak,DVNDA,49,11.151908,11.151908,30.65709,100.0,57.389343,517.02826,16.801495,35.251495,0.0,20.617313,0.6063132,3.6357280000000003,0.36357280000000003
London,0.75,Off-peak,DVNDA,50,10.955299,10.955299,30.050827,100.0,56.194496,528.47485,29.333393,49.63339,0.0,21.864548,0.5588284,3.6357280000000003,0.36357280000000003
London,0.75,Off-peak,DVNDA,51,14.117593,14.117593,38.765186,100.0,72.89526,527.6084,28.33227,47.632267,0.0,21.744125,0.6827738,3.6357280000000003,0.36357280000000003
London,0.75,Off-peak,DVNDA,52,13.597054,13.597054,37.432972,100.0,70.17011,524.3199,36.02765,57.02765,0.0,23.371714,0.6027402,3.6357280000000003,0.36357280000000003
London,0.75,Off-peak,DVNDA,53,14.392509,14.392509,39.48178,100.0,73.7046,555.7729,32.38307,52.433067,0.0,21.353354,0.5079711,3.6357280000000003,0.36357280000000003
London,0.75,Off-peak,DVNDA,54,13.23589,13.23589,36.341354,100.0,67.87302,550.1548,23.16595,40.565952,0.0,18.897995,0.2899858,3.6357280000000003,0.36357280000000003
London,0.75,Off-peak,DVNDA,55,12.70033,12.70033,35.010033,100.0,65.49188,496.22412,14.896649,34.296654,0.0,22.847128,0.2671725,3.6357280000000003,0.36357280000000003
London,0.75,Off-peak,DVNDA,56,10.806482,10.806482,29.736061,100.0,55.792347,500.24173,33.52321,55.073204,0.0,24.327854,0.5966466,3.6357280000000003,0.36357280000000003
London,0.75,Off-peak,DVNDA,57,11.550382,11.550382,31.79166,100.0,59.290596,511.97324,14.775751,32.02575,0.0,19.741783,0.2935959,3.6357280000000003,0.36357280000000003
London,0.75,Off-peak,DVNDA,58,12.269027,12.269027,33.807026,100.0,63.271667,484.31384,19.898762,37.698753,0.0,21.642561,0.34720033,3.6357280000000003,0.36357280000000003
London,0.75,Off-peak,DVNDA,59,14.284788,14.284788,39.25934,100.0,73.48687,536.3317,23.372608,44.522606,0.0,23.142712,0.34550792,3.6357280000000003,0.36357280000000003
London,0.75,Off-peak,DVNDA,60,13.803703,13.803703,37.974934,100.0,70.89944,513.8919,25.552578,45.35258,0.0,22.71389,0.22927387,3.6357280000000003,0.36357280000000003
London,0.75,Off-peak,DVNDA,61,14.496485,14.496485,39.920914,100.0,74.57592,517.7043,23.227436,43.427437,0.0,23.110483,0.63846225,3.6357280000000003,0.36357280000000003
London,0.75,Off-peak,DVNDA,62,14.231933,14.231933,39.09144,100.0,72.89778,505.05548,13.164307,32.764305,0.0,23.012213,0.17934166,3.6357280000000003,0.36357280000000003
London,0.75,Off-peak,DVNDA,63,11.086146,11.086146,30.489407,100.0,56.997673,541.3091,27.782969,48.982964,0.0,22.21456,0.60540164,3.6357280000000003,0.36357280000000003
London,0.75,Off-peak,DVNDA,64,14.610534,14.610534,40.055042,100.0,74.71026,532.39575,30.93778,54.88778,0.0,26.000877,0.6381393,3.6357280000000003,0.36357280000000003
London,0.75,Off-peak,DVNDA,65,12.52646,12.52646,34.379467,100.0,64.09453,551.2937,34.742367,53.742363,0.0,20.13874,0.70720017,3.6357280000000003,0.36357280000000003
London,0.75,Off-peak,DVNDA,66,16.262074,16.262074,44.641304,100.0,83.31595,542.64886,25.933872,48.933872,0.0,25.030739,0.29201132,3.6357280000000003,0.36357280000000003
London,0.75,Off-peak,DVNDA,67,13.16449,13.16449,36.199955,100.0,67.63204,507.21274,30.088242,50.538242,0.0,23.492714,0.7080702,3.6357280000000003,0.36357280000000003
London,0.75,Off-peak,DVNDA,68,14.361583,14.361583,39.43921,100.0,74.12352,529.8608,29.123112,50.62311,0.0,23.785656,0.29643676,3.6357280000000003,0.36357280000000003
London,0.75,Off-peak,DVNDA,69,12.091521,12.091521,33.15578,100.0,61.93383,498.56146,22.16408,40.764076,0.0,21.759296,0.4501199,3.6357280000000003,0.36357280000000003
London,0.75,Off-peak,DVNDA,70,10.686221,10.686221,29.363708,100.0,55.634144,526.3916,21.851826,43.501823,0.0,23.206772,0.68945724,3.6357280000000003,0.36357280000000003
London,0.75,Off-peak,DVNDA,71,14.947537,14.947537,40.89194,100.0,76.78447,484.80167,24.366625,46.21662,0.0,26.494568,0.24199045,3.6357280000000003,0.36357280000000003
London,0.75,Off-peak,DVNDA,72,11.751865,11.751865,32.243465,100.0,60.09139,536.2147,25.3953,47.8453,0.0,23.735428,0.46198204,3.6357280000000003,0.36357280000000003
London,0.75,Off-peak,DVNDA,73,12.816453,12.816453,35.150864,100.0,65.56355,509.89346,23.696451,43.946453,0.0,23.071661,0.19345257,3.6357280000000003,0.36357280000000003
London,0.75,Off-peak,DVNDA,74,15.315548,15.315548,42.191063,100.0,78.72603,515.5637,18.919283,37.36928,0.0,21.710512,0.24153991,3.6357280000000003,0.36357280000000003
London,0.75,Off-peak,DVNDA,75,9.7113,9.7113,26.629574,100.0,49.64747,540.6953,28.632229,51.532227,0.0,23.471977,0.6363652,3.6357280000000003,0.36357280000000003
London,0.75,Off-peak,DVNDA,76,13.365306,13.365306,36.73053,100.0,68.56899,529.33545,23.069138,45.219135,0.0,24.160908,0.6008302,3.6357280000000003,0.36357280000000003
London,0.75,Off-peak,DVNDA,77,13.787034,13.787034,37.785294,100.0,70.699455,515.24274,21.507183,40.60718,0.0,21.965343,0.24184997,3.6357280000000003,0.36357280000000003
London,0.75,Off-peak,DVNDA,78,15.391469,15.391469,42.32373,100.0,79.30197,530.532,23.765816,45.065815,0.0,23.811098,0.62505686,3.6357280000000003,0.36357280000000003
London,0.75,Off-peak,DVNDA,79,12.905457,12.905457,35.519802,100.0,66.2203,537.6383,23.61376,46.01376,0.0,23.911074,0.17998311,3.6357280000000003,0.36357280000000003
London,0.75,Off-peak,DVNDA,80,11.799941,11.799941,32.517033,100.0,60.913517,558.9578,32.552788,52.402782,0.0,20.480684,0.5959949,3.6357280000000003,0.36357280000000003
London,0.75,Off-peak,DVNDA,81,12.939924,12.939924,35.53666,100.0,66.45513,511.36578,18.41383,39.513832,0.0,23.879927,0.1450464,3.6357280000000003,0.36357280000000003
London,0.75,Off-peak,DVNDA,82,14.900278,14.900278,40.86503,100.0,76.334175,507.09622,27.927242,51.37724,0.0,26.88514,0.37379217,3.6357280000000003,0.36357280000000003
London,0.75,Off-peak,DVNDA,83,12.568858,12.568858,34.482765,100.0,64.88155,522.7919,16.986126,36.586124,0.0,21.848156,0.5316568,3.6357280000000003,0.36357280000000003
London,0.75,Off-peak,DVNDA,84,12.676433,12.676433,34.731018,100.0,64.85773,497.96024,24.115662,44.365665,0.0,23.589125,0.16653723,3.6357280000000003,0.36357280000000003
London,0.75,Off-peak,DVNDA,85,11.96957,11.96957,32.89394,100.0,61.450638,533.29346,20.638617,42.08862,0.0,22.991592,0.29366326,3.6357280000000003,0.36357280000000003
London,0.75,Off-peak,DVNDA,86,13.81078,13.81078,38.049393,100.0,71.18897,531.1664,21.487247,43.23725,0.0,23.82441,0.10247465,3.6357280000000003,0.36357280000000003
London,0.75,Off-peak,DVNDA,87,14.375132,14.375132,39.49906,100.0,74.01698,500.86063,28.853933,49.45393,0.0,24.259092,0.3816994,3.6357280000000003,0.36357280000000003
London,0.75,Off-peak,DVNDA,88,14.588228,14.588228,39.92473,100.0,74.56651,506.431,21.783669,41.73367,0.0,23.377644,0.3791742,3.6357280000000003,0.36357280000000003
London,0.75,Off-peak,DVNDA,89,15.909771,15.909771,43.670116,100.0,81.80364,533.5607,30.527431,50.97743,0.0,22.99662,0.17064552,3.6357280000000003,0.36357280000000003
London,0.75,Off-peak,DVNDA,90,10.625104,10.625104,29.193642,100.0,54.627666,600.36017,41.58853,64.138535,0.0,21.055182,0.5845128,3.6357280000000003,0.36357280000000003
London,0.75,Off-peak,DVNDA,91,12.561045,12.561045,34.563187,100.0,64.966354,556.3216,27.61253,49.612534,0.0,22.692194,0.63974124,3.6357280000000003,0.36357280000000003
London,0.75,Off-peak,DVNDA,92,14.143329,14.143329,38.81993,100.0,72.55561,542.23065,21.041924,43.041924,0.0,23.631807,0.2967244,3.6357280000000003,0.36357280000000003
London,0.75,Off-peak,DVNDA,93,13.051126,13.051126,35.868893,100.0,67.48206,552.7854,35.098927,55.648926,0.0,21.639595,0.73468506,3.6357280000000003,0.36357280000000003
London,0.75,Off-peak,DVNDA,94,13.52086,13.52086,37.151203,100.0,69.62883,517.3899,26.040182,47.49018,0.0,24.093475,0.34734952,3.6357280000000003,0.36357280000000003
London,0.75,Off-peak,DVNDA,95,13.682101,13.682101,37.514626,100.0,70.05324,504.85434,21.787592,41.337593,0.0,22.831007,0.6308446,3.6357280000000003,0.36357280000000003
London,0.75,Off-peak,DVNDA,96,13.748068,13.748068,37.785114,100.0,70.862144,524.8121,25.26703,46.16703,0.0,23.287487,0.46200696,3.6357280000000003,0.36357280000000003
London,0.75,Off-peak,DVNDA,97,12.997505,12.997505,35.760784,100.0,66.70829,516.3954,18.285418,39.285423,0.0,23.562773,0.6333109,3.6357280000000003,0.36357280000000003
London,0.75,Off-peak,DVNDA,98,13.400306,13.400306,36.837708,100.0,68.78019,541.5779,20.965937,40.665936,0.0,21.362587,0.30101302,3.6357280000000003,0.36357280000000003
London,0.75,Off-peak,DVNDA,99,13.775,13.775,37.881138,100.0,70.788994,505.05157,26.509695,45.90969,0.0,22.710009,0.44642034,3.6357280000000003,0.36357280000000003
London,0.75,Off-peak,Greedy,0,11.965768,11.965768,32.803493,100.0,61.15791,497.56158,3.2912621,24.89126,0.0,24.778736,0.3842726,4.8977,0.48977000000000004
London,0.75,Off-peak,Greedy,1,14.078036,14.078036,38.658226,100.0,72.25428,516.8199,3.2011824,21.40118,0.0,21.10282,0.2251752,4.8977,0.48977000000000004
London,0.75,Off-peak,Greedy,2,12.004683,17.004683,32.98401,95.0,61.67162,512.7784,3.287323,21.655743,1.0,20.021887,0.34150395,4.8977,0.48977000000000004
London,0.75,Off-peak,Greedy,3,10.077517,10.077517,27.599983,100.0,51.564728,509.06525,2.8863258,23.786325,0.0,23.060144,0.35353866,4.8977,0.48977000000000004
London,0.75,Off-peak,Greedy,4,14.669382,14.669382,40.267338,100.0,75.675354,501.90445,3.7716467,22.871647,0.0,22.796936,0.4936706,4.8977,0.48977000000000004
London,0.75,Off-peak,Greedy,5,10.761186,15.761186,29.544453,95.0,55.439114,510.69357,3.0437815,24.043783,1.0,22.246174,0.27073997,4.8977,0.48977000000000004
London,0.75,Off-peak,Greedy,6,14.049531,14.049531,38.639874,100.0,72.168236,513.3977,3.448632,24.298634,0.0,23.82014,0.54584634,4.8977,0.48977000000000004
London,0.75,Off-peak,Greedy,7,12.03963,12.03963,33.1208,100.0,61.731026,507.4753,3.4460866,26.396088,0.0,25.65302,0.35243398,4.8977,0.48977000000000004
London,0.75,Off-peak,Greedy,8,13.791893,13.791893,38.02918,100.0,71.17831,507.7664,3.8566532,25.006653,0.0,24.330988,0.2863928,4.8977,0.48977000000000004
London,0.75,Off-peak,Greedy,9,13.767661,13.767661,37.84523,100.0,70.72033,516.54645,3.6161482,27.466146,0.0,26.508768,0.41388017,4.8977,0.48977000000000004
London,0.75,Off-peak,Greedy,10,13.445802,13.445802,36.91394,100.0,68.94265,515.8001,4.0927935,24.592793,0.0,23.213577,0.20570429,4.8977,0.48977000000000004
London,0.75,Off-peak,Greedy,11,14.402247,14.402247,39.57908,100.0,74.14668,508.784,3.9259596,25.47596,0.0,24.821274,0.29411086,4.8977,0.48977000000000004
London,0.75,Off-peak,Greedy,12,12.71325,12.71325,34.925423,100.0,65.23516,506.8574,3.2764535,22.026453,0.0,21.713957,0.29136723,4.8977,0.48977000000000004
London,0.75,Off-peak,Greedy,13,12.393908,12.393908,33.985947,100.0,63.53907,516.1103,4.50508,23.755081,0.0,21.7269,0.13239412,4.8977,0.48977000000000004
London,0.75,Off-peak,Greedy,14,14.431261,14.431261,39.609882,100.0,73.9842,501.274,4.1005077,26.250505,0.0,25.783514,0.37862605,4.8977,0.48977000000000004
London,0.75,Off-peak,Greedy,15,13.871515,13.871515,38.09223,100.0,72.159706,503.07248,3.7111895,23.16119,0.0,22.91716,0.15923889,4.8977,0.48977000000000004
London,0.75,Off-peak,Greedy,16,13.26546,13.26546,36.40868,100.0,68.00508,503.4273,3.4317148,24.431715,0.0,24.234138,0.25183275,4.8977,0.48977000000000004
London,0.75,Off-peak,Greedy,17,12.031803,12.031803,33.07065,100.0,61.947598,506.3511,3.5462422,25.596241,0.0,24.831959,0.4254663,4.8977,0.48977000000000004
London,0.75,Off-peak,Greedy,18,12.118035,12.118035,33.336353,100.0,62.57092,511.4317,3.4399438,22.839941,0.0,22.02498,0.24609423,4.8977,0.48977000000000004
London,0.75,Off-peak,Greedy,19,12.595082,12.595082,34.63172,100.0,64.95331,516.2335,3.5383565,22.188358,0.0,21.20907,0.29767776,4.8977,0.48977000000000004
London,0.75,Off-peak,Greedy,20,11.476874,11.476874,31.479328,100.0,58.69964,502.11298,3.2195585,22.469559,0.0,22.091623,0.28063133,4.8977,0.48977000000000004
London,0.75,Off-peak,Greedy,21,14.329473,14.329473,39.51858,100.0,73.662766,493.9448,3.9259837,23.825985,0.0,23.87224,0.15315574,4.8977,0.48977000000000004
London,0.75,Off-peak,Greedy,22,13.906404,18.906403,38.181217,95.0,71.28369,454.63602,3.7089565,23.603693,1.0,24.705679,0.29319,4.8977,0.48977000000000004
London,0.75,Off-peak,Greedy,23,13.911197,13.911197,38.15772,100.0,71.715294,500.0086,3.8698018,24.119802,0.0,23.835356,0.36899638,4.8977,0.48977000000000004
London,0.75,Off-peak,Greedy,24,13.954539,13.954539,38.27604,100.0,71.81121,509.04916,3.7437115,23.793713,0.0,23.220312,0.18431118,4.8977,0.48977000000000004
London,0.75,Off-peak,Greedy,25,15.461384,15.461384,42.63997,100.0,79.88106,520.2688,3.790925,24.290926,0.0,23.539804,0.43212286,4.8977,0.48977000000000004
London,0.75,Off-peak,Greedy,26,16.34927,16.34927,44.95049,100.0,84.22282,509.64426,4.09113,21.39113,0.0,21.104074,0.3592863,4.8977,0.48977000000000004
London,0.75,Off-peak,Greedy,27,12.458289,12.458289,34.26976,100.0,64.048065,512.6,3.511365,24.861364,0.0,23.948893,0.27736437,4.8977,0.48977000000000004
London,0.75,Off-peak,Greedy,28,12.458403,12.458403,34.29685,100.0,64.5585,512.95105,3.2752433,23.825243,0.0,23.177578,0.24624951,4.8977,0.48977000000000004
London,0.75,Off-peak,Greedy,29,18.164385,18.164385,49.77831,100.0,92.91389,516.8272,4.146286,23.496284,0.0,23.214426,0.29664877,4.8977,0.48977000000000004
London,0.75,Off-peak,Greedy,30,11.578776,11.578776,31.88138,100.0,59.775204,505.08847,3.4512777,21.301277,0.0,20.62882,0.2305527,4.8977,0.48977000000000004
London,0.75,Off-peak,Greedy,31,12.765994,12.765994,35.019135,100.0,66.1993,506.6701,3.6541386,23.90414,0.0,23.249807,0.38234574,4.8977,0.48977000000000004
London,0.75,Off-peak,Greedy,32,14.31285,14.31285,39.180782,100.0,73.42473,518.1579,3.4125013,23.4125,0.0,22.841719,0.27846986,4.8977,0.48977000000000004
London,0.75,Off-peak,Greedy,33,13.811548,13.811548,38.078857,100.0,71.30344,518.01227,3.4743834,23.124384,0.0,22.407936,0.36872452,4.8977,0.48977000000000004
London,0.75,Off-peak,Greedy,34,12.792601,12.792601,35.25523,100.0,65.97226,514.0593,3.572554,26.322552,0.0,25.336193,0.35518798,4.8977,0.48977000000000004
London,0.75,Off-peak,Greedy,35,16.094276,16.094276,44.21414,100.0,83.942795,508.83752,4.21844,24.718437,0.0,24.268198,0.4764032,4.8977,0.48977000000000004
London,0.75,Off-peak,Greedy,36,14.991005,14.991005,41.06772,100.0,77.40656,496.43967,3.8984778,28.098475,0.0,28.271639,0.3078749,4.8977,0.48977000000000004
London,0.75,Off-peak,Greedy,37,14.656352,14.656352,40.34177,100.0,75.495346,509.4255,4.2580094,25.80801,0.0,24.856203,0.17792843,4.8977,0.48977000000000004
London,0.75,Off-peak,Greedy,38,13.694322,13.694322,37.648266,100.0,70.4385,519.20355,3.354018,23.554018,0.0,22.844532,0.4983687,4.8977,0.48977000000000004
London,0.75,Off-peak,Greedy,39,12.999114,12.999114,35.763443,100.0,67.20845,517.12933,3.8193395,24.519339,0.0,23.263447,0.4412737,4.8977,0.48977000000000004
London,0.75,Off-peak,Greedy,40,15.021567,15.021567,41.39741,100.0,77.377945,516.8823,5.397355,27.647356,0.0,25.265806,0.21389799,4.8977,0.48977000000000004
London,0.75,Off-peak,Greedy,41,14.939808,14.939808,40.92834,100.0,76.64444,513.9246,3.9549806,24.95498,0.0,24.1594,0.352232,4.8977,0.48977000000000004
London,0.75,Off-peak,Greedy,42,14.003449,19.003448,38.519997,95.0,72.2573,509.11084,4.385519,24.753939,1.0,22.55193,0.2751982,4.8977,0.48977000000000004
London,0.75,Off-peak,Greedy,43,12.396402,12.396402,34.130344,100.0,63.840435,500.04462,3.2546246,23.204624,0.0,23.13996,0.34088525,4.8977,0.48977000000000004
London,0.75,Off-peak,Greedy,44,12.925504,12.925504,35.49291,100.0,66.82329,519.2152,3.6265457,23.876547,0.0,22.7181,0.45921725,4.8977,0.48977000000000004
London,0.75,Off-peak,Greedy,45,13.416556,13.416556,36.902267,100.0,68.97489,508.6539,3.528787,24.128786,0.0,23.639595,0.49352705,4.8977,0.48977000000000004
London,0.75,Off-peak,Greedy,46,13.782017,13.782017,37.948544,100.0,71.35709,517.7057,3.5149617,24.464962,0.0,23.679335,0.3977535,4.8977,0.48977000000000004
London,0.75,Off-peak,Greedy,47,15.110689,15.110689,41.582947,100.0,77.98936,508.43256,4.1264544,25.826454,0.0,25.174892,0.16023462,4.8977,0.48977000000000004
London,0.75,Off-peak,Greedy,48,15.896919,15.896919,43.560696,100.0,81.36056,506.4456,4.4127674,23.912767,0.0,23.268074,0.27107474,4.8977,0.48977000000000004
London,0.75,Off-peak,Greedy,49,14.243995,14.243995,39.17095,100.0,73.25052,500.797,3.7898893,22.23989,0.0,22.077333,0.44222522,4.8977,0.48977000000000004
London,0.75,Off-peak,Greedy,50,12.784235,12.784235,35.087677,100.0,65.579575,505.77228,3.7761273,24.076128,0.0,23.309877,0.22409424,4.8977,0.48977000000000004
London,0.75,Off-peak,Greedy,51,14.958903,14.958903,40.98532,100.0,77.23106,506.00116,4.004224,23.304222,0.0,22.886858,0.29156095,4.8977,0.48977000000000004
London,0.75,Off-peak,Greedy,52,15.049484,15.049484,41.24487,100.0,77.28139,503.91953,4.336639,25.336637,0.0,24.670675,0.2827766,4.8977,0.48977000000000004
London,0.75,Off-peak,Greedy,53,15.076086,15.076086,41.47658,100.0,77.53313,516.60187,3.8724885,23.922485,0.0,23.157734,0.32052505,4.8977,0.48977000000000004
London,0.75,Off-peak,Greedy,54,14.6377945,14.6377945,40.219666,100.0,74.99262,512.9679,4.003216,21.403215,0.0,20.614965,0.32556388,4.8977,0.48977000000000004
London,0.75,Off-peak,Greedy,55,12.469036,12.469036,34.33346,100.0,64.23613,498.67813,3.338949,22.738949,0.0,22.671743,0.23946631,4.8977,0.48977000000000004
London,0.75,Off-peak,Greedy,56,13.648642,13.648642,37.485256,100.0,70.237724,501.16086,4.2307973,25.780796,0.0,25.003834,0.4800857,4.8977,0.48977000000000004
London,0.75,Off-peak,Greedy,57,12.324231,12.324231,33.792454,100.0,63.020306,511.97324,3.1344738,20.384474,0.0,19.923908,0.3421303,4.8977,0.48977000000000004
London,0.75,Off-peak,Greedy,58,16.28207,16.28207,44.82804,100.0,83.81164,455.34912,4.013307,21.813309,0.0,24.14695,0.3498763,4.8977,0.48977000000000004
London,0.75,Off-peak,Greedy,59,14.801047,14.801047,40.695625,100.0,76.1499,513.18756,4.3556347,25.505636,0.0,24.31615,0.34440175,4.8977,0.48977000000000004
London,0.75,Off-peak,Greedy,60,15.394867,15.394867,42.331707,100.0,79.02095,514.54443,4.4394336,24.239435,0.0,23.079685,0.28320843,4.8977,0.48977000000000004
London,0.75,Off-peak,Greedy,61,14.207031,19.207031,39.008373,95.0,72.87929,496.40826,3.8087854,24.282469,1.0,23.26106,0.41581234,4.8977,0.48977000000000004
London,0.75,Off-peak,Greedy,62,14.192233,14.192233,38.97429,100.0,72.78522,505.05548,3.6192186,23.21922,0.0,23.006643,0.29634914,4.8977,0.48977000000000004
London,0.75,Off-peak,Greedy,63,14.900716,14.900716,40.77431,100.0,76.1699,514.9639,4.1937585,25.393759,0.0,24.281794,0.3993766,4.8977,0.48977000000000004
London,0.75,Off-peak,Greedy,64,16.358747,16.358747,44.87905,100.0,83.70819,514.428,4.580602,28.530602,0.0,27.346306,0.39165142,4.8977,0.48977000000000004
London,0.75,Off-peak,Greedy,65,11.053568,11.053568,30.344704,100.0,56.57327,513.99567,3.1014018,22.1014,0.0,21.23429,0.3284369,4.8977,0.48977000000000004
London,0.75,Off-peak,Greedy,66,15.943846,15.943846,43.758003,100.0,81.673836,519.2808,4.20561,27.20561,0.0,26.078077,0.2737886,4.8977,0.48977000000000004
London,0.75,Off-peak,Greedy,67,14.676128,14.676128,40.295036,100.0,75.27119,504.96976,3.9112911,24.36129,0.0,23.97526,0.5306957,4.8977,0.48977000000000004
London,0.75,Off-peak,Greedy,68,15.242666,15.242666,41.879936,100.0,78.888855,517.89136,4.433469,25.933468,0.0,24.565426,0.2686096,4.8977,0.48977000000000004
London,0.75,Off-peak,Greedy,69,12.986553,12.986553,35.57858,100.0,66.44574,498.56146,3.5240235,22.124023,0.0,21.98554,0.29786947,4.8977,0.48977000000000004
London,0.75,Off-peak,Greedy,70,13.431465,13.431465,36.954437,100.0,69.957344,505.5174,3.7432814,25.39328,0.0,24.873392,0.50450975,4.8977,0.48977000000000004
London,0.75,Off-peak,Greedy,71,15.282309,15.282309,42.022964,100.0,78.997635,454.19104,4.425582,26.275581,0.0,28.402014,0.14042391,4.8977,0.48977000000000004
London,0.75,Off-peak,Greedy,72,11.840839,11.840839,32.487328,100.0,60.546978,513.6023,3.4688072,25.918808,0.0,24.8026,0.13699262,4.8977,0.48977000000000004
London,0.75,Off-peak,Greedy,73,13.906039,13.906039,38.220234,100.0,71.28421,509.20093,3.838348,24.088348,0.0,23.383904,0.17575623,4.8977,0.48977000000000004
London,0.75,Off-peak,Greedy,74,13.312787,13.312787,36.72061,100.0,68.5374,515.38794,3.5224586,21.97246,0.0,21.22369,0.097539306,4.8977,0.48977000000000004
London,0.75,Off-peak,Greedy,75,10.956023,10.956023,30.03129,100.0,55.984203,514.3183,3.3876567,26.287657,0.0,24.983759,0.26787624,4.8977,0.48977000000000004
London,0.75,Off-peak,Greedy,76,14.51408,14.51408,39.953552,100.0,74.68262,510.01797,4.3231,26.473099,0.0,25.375704,0.27537167,4.8977,0.48977000000000004
London,0.75,Off-peak,Greedy,77,15.174596,15.174596,41.58737,100.0,77.79686,500.44675,4.193592,23.293592,0.0,22.969318,0.24375147,4.8977,0.48977000000000004
London,0.75,Off-peak,Greedy,78,16.155487,16.155487,44.303574,100.0,82.99261,504.97513,4.640329,25.940329,0.0,25.198893,0.5342275,4.8977,0.48977000000000004
London,0.75,Off-peak,Greedy,79,14.704978,14.704978,40.464756,100.0,75.438255,512.65625,4.217416,26.617413,0.0,25.525791,0.17435576,4.8977,0.48977000000000004
London,0.75,Off-peak,Greedy,80,12.694702,12.694702,34.985737,100.0,65.51101,508.9013,3.7346256,23.584627,0.0,22.721056,0.23046649,4.8977,0.48977000000000004
London,0.75,Off-peak,Greedy,81,13.053156,13.053156,35.805454,100.0,66.951744,515.067,3.575377,24.675375,0.0,23.732435,0.18984492,4.8977,0.48977000000000004
London,0.75,Off-peak,Greedy,82,14.285885,14.285885,39.098747,100.0,72.93608,507.09622,5.5009947,28.950996,0.0,26.717613,0.4074885,4.8977,0.48977000000000004
London,0.75,Off-peak,Greedy,83,12.795039,12.795039,35.15854,100.0,66.13708,511.72137,3.4804876,23.080486,0.0,22.382154,0.32961318,4.8977,0.48977000000000004
London,0.75,Off-peak,Greedy,84,13.330674,13.330674,36.508366,100.0,68.18081,497.96024,3.376797,23.626799,0.0,23.755953,0.16214383,4.8977,0.48977000000000004
London,0.75,Off-peak,Greedy,85,11.692938,11.692938,32.08132,100.0,59.936825,511.89417,3.115245,24.565247,0.0,23.878803,0.261883,4.8977,0.48977000000000004
London,0.75,Off-peak,Greedy,86,11.982467,16.982468,32.97155,95.0,61.723297,485.6875,4.4963017,26.127878,1.0,24.33269,0.20909989,4.8977,0.48977000000000004
London,0.75,Off-peak,Greedy,87,13.045537,13.045537,35.87973,100.0,67.270134,498.5172,3.434231,24.03423,0.0,24.034784,0.28074524,4.8977,0.48977000000000004
London,0.75,Off-peak,Greedy,88,14.423266,14.423266,39.482773,100.0,73.74266,505.75934,3.8297734,23.779774,0.0,23.367966,0.33586138,4.8977,0.48977000000000004
London,0.75,Off-peak,Greedy,89,16.827454,16.827454,46.26466,100.0,86.64016,515.6722,4.369474,24.819471,0.0,24.02884,0.23418282,4.8977,0.48977000000000004
London,0.75,Off-peak,Greedy,90,13.057311,13.057311,35.815727,100.0,66.96753,509.61777,3.9361472,26.486149,0.0,25.409607,0.31543997,4.8977,0.48977000000000004
London,0.75,Off-peak,Greedy,91,15.575686,15.575686,42.823402,100.0,80.36434,517.4545,4.3629827,26.362978,0.0,25.140581,0.2508343,4.8977,0.48977000000000004
London,0.75,Off-peak,Greedy,92,14.639963,19.639963,40.17639,95.0,75.08421,516.08746,4.6481633,26.648163,1.0,23.88569,0.2601892,4.8977,0.48977000000000004
London,0.75,Off-peak,Greedy,93,14.194924,14.194924,39.039116,100.0,73.58893,481.3809,5.65894,26.208939,0.0,25.166605,0.3193254,4.8977,0.48977000000000004
London,0.75,Off-peak,Greedy,94,11.896457,11.896457,32.656513,100.0,61.254673,517.32794,3.163197,24.613194,0.0,23.691679,0.48056424,4.8977,0.48977000000000004
London,0.75,Off-peak,Greedy,95,15.733311,15.733311,43.184376,100.0,80.622314,505.8921,4.072652,23.622652,0.0,23.306467,0.4035513,4.8977,0.48977000000000004
London,0.75,Off-peak,Greedy,96,13.342455,18.342455,36.71667,95.0,68.880356,510.28656,4.0628366,25.43126,1.0,23.265377,0.0916572,4.8977,0.48977000000000004
London,0.75,Off-peak,Greedy,97,13.959993,13.959993,38.328438,100.0,71.49468,516.5536,3.5201926,24.520193,0.0,23.787207,0.4260441,4.8977,0.48977000000000004
London,0.75,Off-peak,Greedy,98,13.368464,18.368465,36.67209,95.0,68.467285,510.2267,3.7614133,23.91931,1.0,22.120916,0.3524478,4.8977,0.48977000000000004
London,0.75,Off-peak,Greedy,99,12.764473,12.764473,35.099537,100.0,65.60377,505.93945,3.4359396,22.83594,0.0,22.413937,0.37651315,4.8977,0.48977000000000004
London,0.75,Peak-aware,DVNDA,0,11.731554,11.731554,32.16691,100.0,68.024536,497.56165,25.533352,47.133343,0.0,25.12375,0.6532535,3.4534569999999927,0.34534569999999926
London,0.75,Peak-aware,DVNDA,1,12.741376,12.741376,35.053875,100.0,68.18003,515.19006,12.203272,30.403269,0.0,20.971874,0.49674556,3.4534569999999927,0.34534569999999926
London,0.75,Peak-aware,DVNDA,2,13.869313,13.869313,38.014473,100.0,77.62311,546.8426,21.06851,39.96851,0.0,20.82972,0.23522727,3.4534569999999927,0.34534569999999926
London,0.75,Peak-aware,DVNDA,3,10.466501,10.466501,28.692461,100.0,59.004803,507.90298,20.549866,41.44986,0.0,23.479132,0.36792672,3.4534569999999927,0.34534569999999926
London,0.75,Peak-aware,DVNDA,4,12.71865,12.71865,34.969574,100.0,72.866806,502.94724,22.777287,41.87729,0.0,22.610067,0.5794345,3.4534569999999927,0.34534569999999926
London,0.75,Peak-aware,DVNDA,5,12.040403,12.040403,33.05841,100.0,67.223694,548.3331,22.32772,43.827713,0.0,22.669777,0.38929552,3.4534569999999927,0.34534569999999926
London,0.75,Peak-aware,DVNDA,6,12.742407,12.742407,34.94943,100.0,72.84246,556.7522,22.871294,43.721294,0.0,21.995535,0.6532951,3.4534569999999927,0.34534569999999926
London,0.75,Peak-aware,DVNDA,7,10.020054,10.020054,27.515411,100.0,58.497555,540.3386,28.556198,51.506203,0.0,23.943209,0.6258301,3.4534569999999927,0.34534569999999926
London,0.75,Peak-aware,DVNDA,8,12.040543,12.040543,33.15336,100.0,68.64882,508.13467,23.51854,44.668537,0.0,24.188904,0.4182171,3.4534569999999927,0.34534569999999926
London,0.75,Peak-aware,DVNDA,9,14.434018,14.434018,39.731644,100.0,81.33826,539.72217,35.059624,58.909626,0.0,25.862297,0.58338886,3.4534569999999927,0.34534569999999926
London,0.75,Peak-aware,DVNDA,10,11.754982,11.754982,32.249683,100.0,64.64821,514.2218,17.272837,37.77284,0.0,23.076048,0.26331162,3.4534569999999927,0.34534569999999926
London,0.75,Peak-aware,DVNDA,11,13.721682,13.721682,37.61509,100.0,82.12338,506.2852,29.214396,50.764397,0.0,25.337666,0.6198561,3.4534569999999927,0.34534569999999926
London,0.75,Peak-aware,DVNDA,12,12.2712145,12.2712145,33.697136,100.0,69.44909,540.87665,24.009716,42.759712,0.0,20.542995,0.6330027,3.4534569999999927,0.34534569999999926
London,0.75,Peak-aware,DVNDA,13,12.988379,12.988379,35.55384,100.0,75.119026,516.70996,14.319219,33.569218,0.0,22.261961,0.251302,3.4534569999999927,0.34534569999999926
London,0.75,Peak-aware,DVNDA,14,14.122119,14.122119,38.920578,100.0,81.508575,507.6853,30.520596,52.6706,0.0,25.828436,0.27758926,3.4534569999999927,0.34534569999999926
London,0.75,Peak-aware,DVNDA,15,12.434435,12.434435,34.175606,100.0,70.89773,505.31015,28.058996,47.508995,0.0,22.753239,0.298442,3.4534569999999927,0.34534569999999926
London,0.75,Peak-aware,DVNDA,16,12.776928,12.776928,35.11065,100.0,71.83142,504.4882,17.489109,38.489105,0.0,24.372786,0.39111435,3.4534569999999927,0.34534569999999926
London,0.75,Peak-aware,DVNDA,17,11.529423,11.529423,31.71882,100.0,65.51052,506.93692,34.941994,56.991997,0.0,24.978975,0.6005319,3.4534569999999927,0.34534569999999926
London,0.75,Peak-aware,DVNDA,18,12.159431,12.159431,33.36604,100.0,70.03175,509.88345,23.24442,42.644417,0.0,22.457666,0.5978042,3.4534569999999927,0.34534569999999926
London,0.75,Peak-aware,DVNDA,19,15.151485,15.151485,41.571747,100.0,85.129906,517.3931,18.675726,37.32573,0.0,22.136446,0.37601408,3.4534569999999927,0.34534569999999926
London,0.75,Peak-aware,DVNDA,20,10.716443,10.716443,29.364412,100.0,59.273636,501.84415,22.682537,41.932533,0.0,22.132053,0.5001855,3.4534569999999927,0.34534569999999926
London,0.75,Peak-aware,DVNDA,21,14.049405,14.049405,38.629135,100.0,76.611275,496.1894,19.530584,39.43059,0.0,23.912815,0.58415556,3.4534569999999927,0.34534569999999926
London,0.75,Peak-aware,DVNDA,22,14.617985,19.617985,40.16758,95.0,85.86453,485.79974,16.141785,36.036522,1.0,23.87118,0.08191842,3.4534569999999927,0.34534569999999926
London,0.75,Peak-aware,DVNDA,23,11.994692,11.994692,32.9166,100.0,66.6058,516.4837,33.40438,53.65438,0.0,22.827717,0.59073824,3.4534569999999927,0.34534569999999926
London,0.75,Peak-aware,DVNDA,24,13.651561,13.651561,37.447506,100.0,75.68494,507.57477,20.133997,40.184,0.0,23.478554,0.30793503,3.4534569999999927,0.34534569999999926
London,0.75,Peak-aware,DVNDA,25,12.166618,12.166618,33.49434,100.0,71.76777,561.85516,28.40112,48.901115,0.0,21.43647,0.6311724,3.4534569999999927,0.34534569999999926
London,0.75,Peak-aware,DVNDA,26,11.6841135,11.6841135,32.09023,100.0,65.153305,525.4652,20.525492,37.825497,0.0,19.561398,0.5980625,3.4534569999999927,0.34534569999999926
London,0.75,Peak-aware,DVNDA,27,13.466605,13.466605,36.99505,100.0,77.547264,509.414,27.856817,49.20681,0.0,24.761156,0.56994766,3.4534569999999927,0.34534569999999926
London,0.75,Peak-aware,DVNDA,28,11.647624,11.647624,32.027008,100.0,64.045166,550.90845,23.099308,43.649303,0.0,21.557352,0.67195076,3.4534569999999927,0.34534569999999926
London,0.75,Peak-aware,DVNDA,29,18.00402,18.00402,49.390522,100.0,102.28302,515.9239,28.160044,47.510048,0.0,23.709072,0.3986409,3.4534569999999927,0.34534569999999926
London,0.75,Peak-aware,DVNDA,30,12.235984,12.235984,33.686546,100.0,70.82542,523.3418,21.580017,39.430016,0.0,20.43719,0.34316477,3.4534569999999927,0.34534569999999926
London,0.75,Peak-aware,DVNDA,31,12.114447,12.114447,33.294247,100.0,70.06385,534.2307,31.56453,51.814526,0.0,22.231213,0.58655113,3.4534569999999927,0.34534569999999926
London,0.75,Peak-aware,DVNDA,32,15.823616,15.823616,43.344627,100.0,90.14156,520.2915,29.069164,49.06916,0.0,23.551294,0.34454042,3.4534569999999927,0.34534569999999926
London,0.75,Peak-aware,DVNDA,33,13.901708,13.901708,38.24801,100.0,79.825485,540.7232,23.741035,43.391033,0.0,21.860794,0.6112195,3.4534569999999927,0.34534569999999926
London,0.75,Peak-aware,DVNDA,34,10.310796,10.310796,28.36857,100.0,57.856544,512.09796,22.952353,45.702354,0.0,25.037033,0.62963665,3.4534569999999927,0.34534569999999926
London,0.75,Peak-aware,DVNDA,35,13.8643055,13.8643055,38.08666,100.0,79.53837,508.83746,36.414837,56.914837,0.0,24.051805,0.6953929,3.4534569999999927,0.34534569999999926
London,0.75,Peak-aware,DVNDA,36,12.631763,12.631763,34.706676,100.0,73.37008,499.10117,40.666557,64.86655,0.0,27.918694,0.72193736,3.4534569999999927,0.34534569999999926
London,0.75,Peak-aware,DVNDA,37,13.346485,13.346485,36.75086,100.0,76.39578,531.553,33.606274,55.15628,0.0,23.86384,0.4838172,3.4534569999999927,0.34534569999999926
London,0.75,Peak-aware,DVNDA,38,11.183971,11.183971,30.66928,100.0,60.687847,563.3441,20.534122,40.734123,0.0,20.621845,0.7247509,3.4534569999999927,0.34534569999999926
London,0.75,Peak-aware,DVNDA,39,13.171653,13.171653,36.198658,100.0,77.16709,516.98535,28.193893,48.89389,0.0,23.751501,0.49442297,3.4534569999999927,0.34534569999999926
London,0.75,Peak-aware,DVNDA,40,17.826303,17.826303,49.062523,100.0,100.69463,516.8823,18.079117,40.32912,0.0,26.393566,0.36206657,3.4534569999999927,0.34534569999999926
London,0.75,Peak-aware,DVNDA,41,14.0735235,14.0735235,38.537445,100.0,78.44484,525.58826,15.729078,36.729076,0.0,23.708899,0.21489954,3.4534569999999927,0.34534569999999926
London,0.75,Peak-aware,DVNDA,42,12.57967,12.57967,34.650223,100.0,70.03404,511.71542,21.487371,42.287373,0.0,23.74533,0.44179705,3.4534569999999927,0.34534569999999926
London,0.75,Peak-aware,DVNDA,43,13.549015,13.549015,37.31016,100.0,81.79803,499.18893,28.128307,48.07831,0.0,24.078964,0.6641317,3.4534569999999927,0.34534569999999926
London,0.75,Peak-aware,DVNDA,44,12.211473,12.211473,33.56392,100.0,70.307365,557.6267,22.073805,42.323803,0.0,21.309385,0.61141443,3.4534569999999927,0.34534569999999926
London,0.75,Peak-aware,DVNDA,45,13.148186,13.148186,36.086823,100.0,73.92464,528.24005,27.81811,48.41811,0.0,22.997337,0.6662708,3.4534569999999927,0.34534569999999926
London,0.75,Peak-aware,DVNDA,46,12.537073,12.537073,34.461315,100.0,71.25046,545.7313,36.470215,57.420216,0.0,22.458418,0.65041685,3.4534569999999927,0.34534569999999926
London,0.75,Peak-aware,DVNDA,47,13.3156595,13.3156595,36.575665,100.0,75.099556,526.96423,30.939356,52.639355,0.0,24.15247,0.19136003,3.4534569999999927,0.34534569999999926
London,0.75,Peak-aware,DVNDA,48,14.791469,14.791469,40.582024,100.0,81.90691,510.3296,23.624332,43.124332,0.0,23.117752,0.39687315,3.4534569999999927,0.34534569999999926
London,0.75,Peak-aware,DVNDA,49,11.151908,11.151908,30.65709,100.0,62.335823,517.02826,17.04882,35.498817,0.0,20.856495,0.6063132,3.4534569999999927,0.34534569999999926
London,0.75,Peak-aware,DVNDA,50,10.955299,10.955299,30.050827,100.0,60.68103,529.7795,29.911549,50.21154,0.0,22.022423,0.5588284,3.4534569999999927,0.34534569999999926
London,0.75,Peak-aware,DVNDA,51,14.120875,14.120875,38.77485,100.0,82.66691,527.6084,28.90122,48.20122,0.0,22.207142,0.6829229,3.4534569999999927,0.34534569999999926
London,0.75,Peak-aware,DVNDA,52,13.602278,13.602278,37.44058,100.0,79.27098,524.3199,37.09538,58.09538,0.0,23.80565,0.60270286,3.4534569999999927,0.34534569999999926
London,0.75,Peak-aware,DVNDA,53,14.395363,14.395363,39.489525,100.0,80.66131,555.7729,32.856384,52.90638,0.0,21.666283,0.5080545,3.4534569999999927,0.34534569999999926
London,0.75,Peak-aware,DVNDA,54,13.23589,13.23589,36.341354,100.0,72.56224,550.1548,23.467281,40.867283,0.0,19.111082,0.2899858,3.4534569999999927,0.34534569999999926
London,0.75,Peak-aware,DVNDA,55,12.717017,12.717017,35.046967,100.0,72.0199,496.22412,15.223047,34.623055,0.0,23.17601,0.26678535,3.4534569999999927,0.34534569999999926
London,0.75,Peak-aware,DVNDA,56,10.847097,10.847097,29.849085,100.0,66.53925,500.24173,34.52334,56.073334,0.0,24.864939,0.597474,3.4534569999999927,0.34534569999999926
London,0.75,Peak-aware,DVNDA,57,11.550382,11.550382,31.79166,100.0,67.311104,511.97324,15.266612,32.516613,0.0,20.13343,0.2935959,3.4534569999999927,0.34534569999999926
London,0.75,Peak-aware,DVNDA,58,12.269774,12.269774,33.8091,100.0,70.67979,484.31384,20.50211,38.302105,0.0,22.024965,0.34722623,3.4534569999999927,0.34534569999999926
London,0.75,Peak-aware,DVNDA,59,14.304306,14.304306,39.311237,100.0,78.188545,536.3317,23.635775,44.78577,0.0,23.361872,0.34663495,3.4534569999999927,0.34534569999999926
London,0.75,Peak-aware,DVNDA,60,13.815647,13.815647,38.00716,100.0,78.63436,513.8919,26.15982,45.95982,0.0,23.090181,0.22903544,3.4534569999999927,0.34534569999999926
London,0.75,Peak-aware,DVNDA,61,14.498306,14.498306,39.93592,100.0,83.07294,517.7043,23.92725,44.12725,0.0,23.520807,0.6387502,3.4534569999999927,0.34534569999999926
London,0.75,Peak-aware,DVNDA,62,14.256484,14.256484,39.17016,100.0,83.217255,505.05548,13.947235,33.547234,0.0,23.523022,0.1789287,3.4534569999999927,0.34534569999999926
London,0.75,Peak-aware,DVNDA,63,11.091272,11.091272,30.502867,100.0,63.555344,541.3091,28.209671,49.409668,0.0,22.517422,0.60558546,3.4534569999999927,0.34534569999999926
London,0.75,Peak-aware,DVNDA,64,14.614034,14.614034,40.057865,100.0,84.32173,532.39575,31.803238,55.753235,0.0,26.452211,0.63813674,3.4534569999999927,0.34534569999999926
London,0.75,Peak-aware,DVNDA,65,12.533027,12.533027,34.39747,100.0,71.23105,551.2937,35.5195,54.5195,0.0,20.462366,0.7070617,3.4534569999999927,0.34534569999999926
London,0.75,Peak-aware,DVNDA,66,16.265358,16.265358,44.650967,100.0,94.697365,542.64886,26.7839,49.7839,0.0,25.55508,0.29223067,3.4534569999999927,0.34534569999999926
London,0.75,Peak-aware,DVNDA,67,13.205591,13.205591,36.320965,100.0,74.9817,507.21274,30.702175,51.152184,0.0,23.85497,0.7090757,3.4534569999999927,0.34534569999999926
London,0.75,Peak-aware,DVNDA,68,14.36671,14.36671,39.45267,100.0,83.58519,529.8608,29.790318,51.29032,0.0,24.232084,0.29660907,3.4534569999999927,0.34534569999999926
London,0.75,Peak-aware,DVNDA,69,12.124189,12.124189,33.250317,100.0,71.203705,498.56146,22.851982,41.45198,0.0,22.224129,0.4510444,3.4534569999999927,0.34534569999999926
London,0.75,Peak-aware,DVNDA,70,10.686221,10.686221,29.363708,100.0,61.16889,526.3916,22.191212,43.84121,0.0,23.469635,0.68945724,3.4534569999999927,0.34534569999999926
London,0.75,Peak-aware,DVNDA,71,14.947537,14.947537,40.89194,100.0,82.82935,484.80167,24.82656,46.67655,0.0,26.80629,0.24199045,3.4534569999999927,0.34534569999999926
London,0.75,Peak-aware,DVNDA,72,11.751865,11.751865,32.243465,100.0,66.01321,536.2147,25.912502,48.3625,0.0,24.01152,0.46198204,3.4534569999999927,0.34534569999999926
London,0.75,Peak-aware,DVNDA,73,12.820435,12.820435,35.162315,100.0,69.54373,509.89346,24.021717,44.27172,0.0,23.266808,0.19381398,3.4534569999999927,0.34534569999999926
London,0.75,Peak-aware,DVNDA,74,15.322031,15.322031,42.203575,100.0,85.71896,515.5637,19.489594,37.93959,0.0,22.049604,0.24174057,3.4534569999999927,0.34534569999999926
London,0.75,Peak-aware,DVNDA,75,9.7113,9.7113,26.629574,100.0,56.090614,540.6953,29.078526,51.978523,0.0,23.769882,0.6363652,3.4534569999999927,0.34534569999999926
London,0.75,Peak-aware,DVNDA,76,13.365306,13.365306,36.73053,100.0,76.691925,529.33545,23.637264,45.787266,0.0,24.544544,0.6008302,3.4534569999999927,0.34534569999999926
London,0.75,Peak-aware,DVNDA,77,14.10341,14.10341,38.635487,100.0,80.35652,515.24274,22.200817,41.30081,0.0,22.433914,0.26640767,3.4534569999999927,0.34534569999999926
London,0.75,Peak-aware,DVNDA,78,15.402346,15.402346,42.345734,100.0,89.67844,530.532,24.40878,45.708775,0.0,24.300066,0.625086,3.4534569999999927,0.34534569999999926
London,0.75,Peak-aware,DVNDA,79,12.92212,12.92212,35.560146,100.0,73.6904,537.6383,24.146435,46.546432,0.0,24.258432,0.18043187,3.4534569999999927,0.34534569999999926
London,0.75,Peak-aware,DVNDA,80,11.799941,11.799941,32.517033,100.0,70.14598,558.9578,33.26222,53.11222,0.0,20.893616,0.5959949,3.4534569999999927,0.34534569999999926
London,0.75,Peak-aware,DVNDA,81,12.98266,12.98266,35.650646,100.0,77.52567,511.36578,19.201056,40.301056,0.0,24.42115,0.14690144,3.4534569999999927,0.34534569999999926
London,0.75,Peak-aware,DVNDA,82,14.927935,14.927935,40.952797,100.0,81.93364,507.09622,28.31902,51.76902,0.0,27.161196,0.37628457,3.4534569999999927,0.34534569999999926
London,0.75,Peak-aware,DVNDA,83,12.568858,12.568858,34.482765,100.0,71.918724,522.7919,17.369741,36.96974,0.0,22.184675,0.5316568,3.4534569999999927,0.34534569999999926
London,0.75,Peak-aware,DVNDA,84,12.681558,12.681558,34.74448,100.0,75.17079,497.96024,25.113453,45.363457,0.0,24.106888,0.16614428,3.4534569999999927,0.34534569999999926
London,0.75,Peak-aware,DVNDA,85,11.978107,11.978107,32.92081,100.0,67.87128,533.29346,21.015797,42.465797,0.0,23.29258,0.29438573,3.4534569999999927,0.34534569999999926
London,0.75,Peak-aware,DVNDA,86,13.81078,13.81078,38.049393,100.0,77.1635,531.1664,22.025393,43.77539,0.0,24.105606,0.10247465,3.4534569999999927,0.34534569999999926
London,0.75,Peak-aware,DVNDA,87,14.375132,14.375132,39.49906,100.0,82.026505,500.86063,29.4508,50.0508,0.0,24.658878,0.3816994,3.4534569999999927,0.34534569999999926
London,0.75,Peak-aware,DVNDA,88,14.588228,14.588228,39.92473,100.0,81.35703,506.431,22.128157,42.07816,0.0,23.712858,0.3791742,3.4534569999999927,0.34534569999999926
London,0.75,Peak-aware,DVNDA,89,15.9246025,15.9246025,43.721046,100.0,88.53624,533.5607,30.99364,51.44364,0.0,23.312075,0.17115374,3.4534569999999927,0.34534569999999926
London,0.75,Peak-aware,DVNDA,90,10.625104,10.625104,29.193642,100.0,60.734562,600.36017,42.152554,64.70255,0.0,21.309483,0.5845128,3.4534569999999927,0.34534569999999926
London,0.75,Peak-aware,DVNDA,91,12.561045,12.561045,34.563187,100.0,69.447754,556.3216,27.903149,49.90315,0.0,22.893578,0.63974124,3.4534569999999927,0.34534569999999926
London,0.75,Peak-aware,DVNDA,92,14.167676,14.167676,38.89142,100.0,80.16284,542.23065,21.422285,43.42229,0.0,23.982544,0.29786065,3.4534569999999927,0.34534569999999926
London,0.75,Peak-aware,DVNDA,93,13.054061,13.054061,35.87005,100.0,75.97316,552.7854,35.592308,56.142303,0.0,22.02361,0.73470813,3.4534569999999927,0.34534569999999926
London,0.75,Peak-aware,DVNDA,94,13.536866,13.536866,37.18797,100.0,75.73672,517.3899,27.09809,48.548088,0.0,24.388607,0.3479588,3.4534569999999927,0.34534569999999926
London,0.75,Peak-aware,DVNDA,95,13.682351,13.682351,37.515385,100.0,77.96587,504.85434,22.43497,41.984978,0.0,23.222836,0.6308541,3.4534569999999927,0.34534569999999926
London,0.75,Peak-aware,DVNDA,96,13.757918,13.757918,37.812782,100.0,76.808,525.86163,25.91,46.81,0.0,23.52368,0.4620894,3.4534569999999927,0.34534569999999926
London,0.75,Peak-aware,DVNDA,97,12.997826,12.997826,35.76092,100.0,73.47605,516.3954,18.661327,39.661335,0.0,23.890413,0.63331306,3.4534569999999927,0.34534569999999926
London,0.75,Peak-aware,DVNDA,98,13.403159,13.403159,36.845448,100.0,74.93881,541.5779,21.27387,40.97387,0.0,21.646877,0.3009164,3.4534569999999927,0.34534569999999926
London,0.75,Peak-aware,DVNDA,99,13.775,13.775,37.881138,100.0,78.61886,505.05157,27.16933,46.56933,0.0,23.097584,0.44642034,3.4534569999999927,0.34534569999999926
London,0.75,Peak-aware,Greedy,0,11.970154,11.970154,32.82028,100.0,66.49351,497.56158,3.558042,25.158043,0.0,25.046825,0.38454774,4.653306000000015,0.4653306000000015
London,0.75,Peak-aware,Greedy,1,14.126277,14.126277,38.81094,100.0,77.62318,516.8199,3.3786378,21.578638,0.0,21.36253,0.22474436,4.653306000000015,0.4653306000000015
London,0.75,Peak-aware,Greedy,2,12.004683,17.004683,32.98401,95.0,64.20919,512.7784,3.3890045,21.757425,1.0,20.145603,0.34150395,4.653306000000015,0.4653306000000015
London,0.75,Peak-aware,Greedy,3,10.078858,10.078858,27.602661,100.0,56.475796,509.06525,3.1133075,24.013306,0.0,23.301325,0.35355097,4.653306000000015,0.4653306000000015
London,0.75,Peak-aware,Greedy,4,14.674879,14.674879,40.282314,100.0,82.418335,501.90445,4.108796,23.208797,0.0,23.132807,0.49348637,4.653306000000015,0.4653306000000015
London,0.75,Peak-aware,Greedy,5,10.761186,15.761186,29.544453,95.0,60.184494,510.69357,3.1594336,24.159435,1.0,22.478476,0.27073997,4.653306000000015,0.4653306000000015
London,0.75,Peak-aware,Greedy,6,14.054556,14.054556,38.671127,100.0,79.48562,513.3977,3.7459216,24.595922,0.0,24.176462,0.54652417,4.653306000000015,0.4653306000000015
London,0.75,Peak-aware,Greedy,7,12.042913,12.042913,33.13046,100.0,68.079735,507.4753,3.7635229,26.71352,0.0,25.965782,0.35255468,4.653306000000015,0.4653306000000015
London,0.75,Peak-aware,Greedy,8,13.799888,13.799888,38.05045,100.0,74.74476,507.7664,4.0349755,25.184975,0.0,24.506582,0.28639936,4.653306000000015,0.4653306000000015
London,0.75,Peak-aware,Greedy,9,13.769254,13.769254,37.848667,100.0,75.92063,516.54645,3.8047729,27.654774,0.0,26.760454,0.41385067,4.653306000000015,0.4653306000000015
London,0.75,Peak-aware,Greedy,10,13.456055,13.456055,36.939697,100.0,76.71122,515.8001,4.4559865,24.955988,0.0,23.590109,0.20627557,4.653306000000015,0.4653306000000015
London,0.75,Peak-aware,Greedy,11,14.4074745,14.4074745,39.593243,100.0,84.80454,508.784,4.359792,25.90979,0.0,25.344967,0.29425937,4.653306000000015,0.4653306000000015
London,0.75,Peak-aware,Greedy,12,12.713751,12.713751,34.926945,100.0,72.27871,506.8574,3.6286306,22.378632,0.0,22.061369,0.2913437,4.653306000000015,0.4653306000000015
London,0.75,Peak-aware,Greedy,13,12.401788,12.401788,34.00159,100.0,69.87805,516.1103,4.8122106,24.062214,0.0,22.033955,0.13180356,4.653306000000015,0.4653306000000015
London,0.75,Peak-aware,Greedy,14,14.434892,14.434892,39.614655,100.0,84.370346,501.274,4.619815,26.769815,0.0,26.301502,0.37874195,4.653306000000015,0.4653306000000015
London,0.75,Peak-aware,Greedy,15,13.874369,13.874369,38.09997,100.0,76.14682,503.07248,3.9105449,23.360546,0.0,23.1153,0.15921287,4.653306000000015,0.4653306000000015
London,0.75,Peak-aware,Greedy,16,13.297071,13.297071,36.49629,100.0,73.65165,503.4273,3.6419835,24.641985,0.0,24.514545,0.25338694,4.653306000000015,0.4653306000000015
London,0.75,Peak-aware,Greedy,17,12.031803,12.031803,33.07065,100.0,65.39487,506.3511,3.7186055,25.768604,0.0,25.00216,0.4254663,4.653306000000015,0.4653306000000015
London,0.75,Peak-aware,Greedy,18,12.17675,12.17675,33.51143,100.0,67.72855,511.4317,3.6978257,23.097824,0.0,22.277098,0.24626504,4.653306000000015,0.4653306000000015
London,0.75,Peak-aware,Greedy,19,12.622988,12.622988,34.72025,100.0,73.50813,516.2335,3.8913682,22.541368,0.0,21.62336,0.29388568,4.653306000000015,0.4653306000000015
London,0.75,Peak-aware,Greedy,20,11.476874,11.476874,31.479328,100.0,65.6261,502.11298,3.5483186,22.798317,0.0,22.436491,0.28063133,4.653306000000015,0.4653306000000015
London,0.75,Peak-aware,Greedy,21,14.33652,14.33652,39.56389,100.0,80.2319,493.9448,4.2544403,24.15444,0.0,24.204723,0.15339603,4.653306000000015,0.4653306000000015
London,0.75,Peak-aware,Greedy,22,13.919655,18.919655,38.211853,95.0,82.28953,454.63602,4.0938807,23.988617,1.0,25.31088,0.29337543,4.653306000000015,0.4653306000000015
London,0.75,Peak-aware,Greedy,23,13.914827,13.914827,38.16249,100.0,76.88505,500.0086,4.128289,24.37829,0.0,24.093838,0.36890864,4.653306000000015,0.4653306000000015
London,0.75,Peak-aware,Greedy,24,13.957945,13.957945,38.286285,100.0,76.034035,509.04916,3.9548523,24.004852,0.0,23.4277,0.18462272,4.653306000000015,0.4653306000000015
London,0.75,Peak-aware,Greedy,25,15.461635,15.461635,42.640728,100.0,86.581726,520.2688,4.125959,24.62596,0.0,23.861786,0.4321129,4.653306000000015,0.4653306000000015
London,0.75,Peak-aware,Greedy,26,16.34927,16.34927,44.95049,100.0,90.45843,509.64426,4.40291,21.70291,0.0,21.409956,0.3592863,4.653306000000015,0.4653306000000015
London,0.75,Peak-aware,Greedy,27,12.507082,12.507082,34.413147,100.0,70.42936,512.6,3.8013365,25.151335,0.0,24.260117,0.27519342,4.653306000000015,0.4653306000000015
London,0.75,Peak-aware,Greedy,28,12.458403,12.458403,34.29685,100.0,67.450554,512.95105,3.35134,23.90134,0.0,23.31853,0.24624951,4.653306000000015,0.4653306000000015
London,0.75,Peak-aware,Greedy,29,18.16951,18.16951,49.79177,100.0,100.97348,516.8272,4.4232492,23.77325,0.0,23.604286,0.29696077,4.653306000000015,0.4653306000000015
London,0.75,Peak-aware,Greedy,30,11.589399,11.589399,31.909817,100.0,70.302475,505.08847,3.8556468,21.705647,0.0,21.149881,0.23018397,4.653306000000015,0.4653306000000015
London,0.75,Peak-aware,Greedy,31,12.768847,12.768847,35.026875,100.0,71.998276,506.6701,3.9440877,24.194086,0.0,23.535938,0.38253045,4.653306000000015,0.4653306000000015
London,0.75,Peak-aware,Greedy,32,14.352774,14.352774,39.293022,100.0,80.75213,518.1579,3.6676736,23.667673,0.0,23.19525,0.280939,4.653306000000015,0.4653306000000015
London,0.75,Peak-aware,Greedy,33,13.813047,13.813047,38.08353,100.0,78.25936,518.01227,3.82218,23.47218,0.0,22.743639,0.36867887,4.653306000000015,0.4653306000000015
London,0.75,Peak-aware,Greedy,34,12.801949,12.801949,35.281532,100.0,74.10572,514.0593,3.9792273,26.729227,0.0,25.73174,0.35525078,4.653306000000015,0.4653306000000015
London,0.75,Peak-aware,Greedy,35,16.099468,16.099468,44.228146,100.0,93.70292,508.83752,4.606622,25.10662,0.0,24.74773,0.4767931,4.653306000000015,0.4653306000000015
London,0.75,Peak-aware,Greedy,36,15.031396,15.031396,41.16552,100.0,85.48673,496.43967,4.3024864,28.502487,0.0,28.678545,0.30833036,4.653306000000015,0.4653306000000015
London,0.75,Peak-aware,Greedy,37,14.656602,14.656602,40.34253,100.0,83.708885,509.4255,4.6686864,26.218685,0.0,25.259281,0.17795575,4.653306000000015,0.4653306000000015
London,0.75,Peak-aware,Greedy,38,13.699819,13.699819,37.663242,100.0,72.37624,519.20355,3.450905,23.650906,0.0,22.937836,0.498785,4.653306000000015,0.4653306000000015
London,0.75,Peak-aware,Greedy,39,12.999435,12.999435,35.76358,100.0,73.694954,517.12933,4.1060486,24.806051,0.0,23.57703,0.44127154,4.653306000000015,0.4653306000000015
London,0.75,Peak-aware,Greedy,40,15.050349,15.050349,41.479362,100.0,83.83773,516.8823,5.7346354,27.984632,0.0,25.578247,0.21600716,4.653306000000015,0.4653306000000015
London,0.75,Peak-aware,Greedy,41,14.939808,14.939808,40.92834,100.0,85.39256,513.9246,4.3109426,25.310944,0.0,24.584957,0.352232,4.653306000000015,0.4653306000000015
London,0.75,Peak-aware,Greedy,42,14.011009,19.01101,38.535507,95.0,78.195335,509.11084,4.6645255,25.032946,1.0,22.84352,0.2754981,4.653306000000015,0.4653306000000015
London,0.75,Peak-aware,Greedy,43,12.396402,12.396402,34.130344,100.0,74.89599,500.04462,3.70701,23.65701,0.0,23.692684,0.34088525,4.653306000000015,0.4653306000000015
London,0.75,Peak-aware,Greedy,44,12.925504,12.925504,35.49291,100.0,75.28556,519.2152,4.0496593,24.299658,0.0,23.125553,0.45921725,4.653306000000015,0.4653306000000015
London,0.75,Peak-aware,Greedy,45,13.422054,13.422054,36.917244,100.0,73.524506,508.6539,3.7562678,24.35627,0.0,23.863207,0.49395132,4.653306000000015,0.4653306000000015
London,0.75,Peak-aware,Greedy,46,13.794129,13.794129,37.975952,100.0,77.804634,517.7057,3.7800815,24.730082,0.0,23.990686,0.39830738,4.653306000000015,0.4653306000000015
London,0.75,Peak-aware,Greedy,47,15.135036,15.135036,41.654434,100.0,84.21399,508.43256,4.4376855,26.137686,0.0,25.48096,0.16061985,4.653306000000015,0.4653306000000015
London,0.75,Peak-aware,Greedy,48,15.900204,15.900204,43.57036,100.0,88.96181,506.4456,4.736891,24.236889,0.0,23.643301,0.27115005,4.653306000000015,0.4653306000000015
London,0.75,Peak-aware,Greedy,49,14.251284,14.251284,39.193916,100.0,77.45836,500.797,4.0002813,22.450281,0.0,22.287392,0.44268617,4.653306000000015,0.4653306000000015
London,0.75,Peak-aware,Greedy,50,12.789297,12.789297,35.095715,100.0,71.7725,505.77228,4.0742908,24.37429,0.0,23.61599,0.22394663,4.653306000000015,0.4653306000000015
London,0.75,Peak-aware,Greedy,51,14.958903,14.958903,40.98532,100.0,82.87374,506.00116,4.2146115,23.514612,0.0,23.165644,0.29156095,4.653306000000015,0.4653306000000015
London,0.75,Peak-aware,Greedy,52,15.073158,15.073158,41.31784,100.0,84.06349,503.91953,4.6239157,25.623917,0.0,25.007143,0.28320903,4.653306000000015,0.4653306000000015
London,0.75,Peak-aware,Greedy,53,15.078939,15.078939,41.48432,100.0,84.78115,516.60187,4.23489,24.28489,0.0,23.508488,0.3207246,4.653306000000015,0.4653306000000015
London,0.75,Peak-aware,Greedy,54,14.6377945,14.6377945,40.219666,100.0,81.94554,512.9679,4.240345,21.640345,0.0,20.953821,0.32556388,4.653306000000015,0.4653306000000015
London,0.75,Peak-aware,Greedy,55,12.502565,12.502565,34.429764,100.0,71.42011,498.67813,3.6523604,23.05236,0.0,23.031897,0.24081683,4.653306000000015,0.4653306000000015
London,0.75,Peak-aware,Greedy,56,13.656819,13.656819,37.532497,100.0,80.45352,501.16086,4.688775,26.238773,0.0,25.513441,0.48121375,4.653306000000015,0.4653306000000015
London,0.75,Peak-aware,Greedy,57,12.33363,12.33363,33.81321,100.0,73.4885,511.97324,3.563678,20.813679,0.0,20.435078,0.34284508,4.653306000000015,0.4653306000000015
London,0.75,Peak-aware,Greedy,58,16.28232,16.28232,44.8288,100.0,91.80143,455.34912,4.328725,22.128723,0.0,24.58561,0.3498697,4.653306000000015,0.4653306000000015
London,0.75,Peak-aware,Greedy,59,14.8449135,14.8449135,40.819008,100.0,81.72418,513.18756,4.5701365,25.720135,0.0,24.587704,0.34558985,4.653306000000015,0.4653306000000015
London,0.75,Peak-aware,Greedy,60,15.395118,15.395118,42.33247,100.0,87.33198,514.54443,4.7681437,24.568142,0.0,23.483488,0.28322586,4.653306000000015,0.4653306000000015
London,0.75,Peak-aware,Greedy,61,14.209967,19.209967,39.00953,95.0,78.72918,496.40826,4.116675,24.59036,1.0,23.555672,0.4158415,4.653306000000015,0.4653306000000015
London,0.75,Peak-aware,Greedy,62,14.207455,14.207455,39.01009,100.0,82.024895,505.05548,3.9732099,23.57321,0.0,23.464003,0.29686627,4.653306000000015,0.4653306000000015
London,0.75,Peak-aware,Greedy,63,14.907184,14.907184,40.79045,100.0,81.21381,514.9639,4.4459543,25.645952,0.0,24.526659,0.39959785,4.653306000000015,0.4653306000000015
London,0.75,Peak-aware,Greedy,64,16.361683,16.361683,44.880207,100.0,91.05868,514.428,4.948127,28.898125,0.0,27.703526,0.39164695,4.653306000000015,0.4653306000000015
London,0.75,Peak-aware,Greedy,65,11.053568,11.053568,30.344704,100.0,58.530575,513.99567,3.1992674,22.199266,0.0,21.329489,0.3284369,4.653306000000015,0.4653306000000015
London,0.75,Peak-aware,Greedy,66,15.977972,15.977972,43.8524,100.0,90.19302,519.2808,4.63157,27.631569,0.0,26.488222,0.27543125,4.653306000000015,0.4653306000000015
London,0.75,Peak-aware,Greedy,67,14.685177,14.685177,40.319336,100.0,81.20688,504.96976,4.2080755,24.658075,0.0,24.269121,0.5309211,4.653306000000015,0.4653306000000015
London,0.75,Peak-aware,Greedy,68,15.267511,15.267511,41.95274,100.0,89.21665,517.89136,4.860024,26.360023,0.0,25.063974,0.26980284,4.653306000000015,0.4653306000000015
London,0.75,Peak-aware,Greedy,69,12.994753,12.994753,35.601044,100.0,73.63423,498.56146,3.8515332,22.451532,0.0,22.346004,0.29800165,4.653306000000015,0.4653306000000015
London,0.75,Peak-aware,Greedy,70,13.438755,13.438755,36.9774,100.0,76.85305,505.5174,4.029625,25.679623,0.0,25.214417,0.5047447,4.653306000000015,0.4653306000000015
London,0.75,Peak-aware,Greedy,71,15.312298,15.312298,42.116516,100.0,90.76142,454.19104,4.907133,26.757133,0.0,29.049526,0.14163591,4.653306000000015,0.4653306000000015
London,0.75,Peak-aware,Greedy,72,11.853092,11.853092,32.51963,100.0,63.205082,513.6023,3.6017127,26.051714,0.0,24.93199,0.13843215,4.653306000000015,0.4653306000000015
London,0.75,Peak-aware,Greedy,73,13.913743,13.913743,38.23436,100.0,76.62119,509.20093,4.0385566,24.288557,0.0,23.64593,0.17506397,4.653306000000015,0.4653306000000015
London,0.75,Peak-aware,Greedy,74,13.337134,13.337134,36.7921,100.0,76.02345,515.38794,3.8576486,22.307648,0.0,21.586819,0.0969973,4.653306000000015,0.4653306000000015
London,0.75,Peak-aware,Greedy,75,10.966958,10.966958,30.05517,100.0,60.7681,514.3183,3.6268516,26.52685,0.0,25.216293,0.26800218,4.653306000000015,0.4653306000000015
London,0.75,Peak-aware,Greedy,76,14.524291,14.524291,39.98188,100.0,81.02101,510.01797,4.586453,26.736454,0.0,25.6864,0.2757552,4.653306000000015,0.4653306000000015
London,0.75,Peak-aware,Greedy,77,15.182476,15.182476,41.603016,100.0,86.68435,500.44675,4.5400987,23.6401,0.0,23.413298,0.24382102,4.653306000000015,0.4653306000000015
London,0.75,Peak-aware,Greedy,78,16.163363,16.163363,44.320126,100.0,91.27197,504.97513,4.9909945,26.290995,0.0,25.608782,0.5342996,4.653306000000015,0.4653306000000015
London,0.75,Peak-aware,Greedy,79,14.757785,14.757785,40.631542,100.0,84.423996,512.65625,4.5720115,26.972012,0.0,25.963987,0.17659533,4.653306000000015,0.4653306000000015
London,0.75,Peak-aware,Greedy,80,12.694702,12.694702,34.985737,100.0,72.73754,508.9013,4.0664725,23.916473,0.0,23.076063,0.23046649,4.653306000000015,0.4653306000000015
London,0.75,Peak-aware,Greedy,81,13.066815,13.066815,35.835754,100.0,77.878944,515.067,4.0568266,25.156826,0.0,24.26281,0.18856452,4.653306000000015,0.4653306000000015
London,0.75,Peak-aware,Greedy,82,14.310232,14.310232,39.170235,100.0,79.556694,507.09622,5.807119,29.257122,0.0,27.044014,0.4077421,4.653306000000015,0.4653306000000015
London,0.75,Peak-aware,Greedy,83,12.795039,12.795039,35.15854,100.0,71.0402,511.72137,3.7256436,23.325644,0.0,22.621696,0.32961318,4.653306000000015,0.4653306000000015
London,0.75,Peak-aware,Greedy,84,13.339433,13.339433,36.52457,100.0,78.00009,497.96024,3.6995437,23.949545,0.0,24.24893,0.16203403,4.653306000000015,0.4653306000000015
London,0.75,Peak-aware,Greedy,85,11.692938,11.692938,32.08132,100.0,68.241,511.89417,3.4345472,24.884548,0.0,24.284367,0.261883,4.653306000000015,0.4653306000000015
London,0.75,Peak-aware,Greedy,86,11.982467,16.982468,32.97155,95.0,66.65228,485.6875,4.755722,26.387302,1.0,24.586401,0.20909989,4.653306000000015,0.4653306000000015
London,0.75,Peak-aware,Greedy,87,14.45509,14.45509,39.743843,100.0,83.88563,500.45163,4.0418835,24.641886,0.0,24.771908,0.16302598,4.653306000000015,0.4653306000000015
London,0.75,Peak-aware,Greedy,88,14.423266,14.423266,39.482773,100.0,78.29718,505.75934,4.057499,24.007498,0.0,23.593098,0.33586138,4.653306000000015,0.4653306000000015
London,0.75,Peak-aware,Greedy,89,16.827454,16.827454,46.26466,100.0,92.66828,515.6722,4.625708,25.075706,0.0,24.321085,0.23418282,4.653306000000015,0.4653306000000015
London,0.75,Peak-aware,Greedy,90,13.057311,13.057311,35.815727,100.0,72.07526,509.61777,4.191533,26.741535,0.0,25.660173,0.31543997,4.653306000000015,0.4653306000000015
London,0.75,Peak-aware,Greedy,91,15.604629,15.604629,42.917637,100.0,86.38694,517.4545,4.645736,26.645733,0.0,25.431555,0.24897233,4.653306000000015,0.4653306000000015
London,0.75,Peak-aware,Greedy,92,14.639963,19.639963,40.17639,95.0,81.76405,516.08746,4.999734,26.999733,1.0,24.209272,0.2601892,4.653306000000015,0.4653306000000015
London,0.75,Peak-aware,Greedy,93,14.214312,14.214312,39.086006,100.0,80.3002,481.3809,5.888297,26.438295,0.0,25.515146,0.31869027,4.653306000000015,0.4653306000000015
London,0.75,Peak-aware,Greedy,94,11.896457,11.896457,32.656513,100.0,64.060425,517.32794,3.303485,24.753485,0.0,23.827269,0.48056424,4.653306000000015,0.4653306000000015
London,0.75,Peak-aware,Greedy,95,15.820663,15.820663,43.431072,100.0,91.78673,505.8921,4.548305,24.098305,0.0,23.858189,0.40856832,4.653306000000015,0.4653306000000015
London,0.75,Peak-aware,Greedy,96,13.356552,18.356552,36.757313,95.0,76.621025,510.28656,4.390595,25.759014,1.0,23.64461,0.092290945,4.653306000000015,0.4653306000000015
London,0.75,Peak-aware,Greedy,97,13.959993,13.959993,38.328438,100.0,79.74556,516.5536,3.8536952,24.853695,0.0,24.186531,0.4260441,4.653306000000015,0.4653306000000015
London,0.75,Peak-aware,Greedy,98,13.368715,18.368715,36.672848,95.0,75.6187,510.2267,4.07217,24.230064,1.0,22.471321,0.35245186,4.653306000000015,0.4653306000000015
London,0.75,Peak-aware,Greedy,99,12.772956,12.772956,35.122173,100.0,70.60693,505.93945,3.6860983,23.086098,0.0,22.661156,0.37693465,4.653306000000015,0.4653306000000015
New_York,0.1,Off-peak,DVNDA,0,9.317379,9.317379,24.015919,100.0,41.91125,482.67392,50.122322,70.47231,0.0,23.25127,0.60350025,3.7756839999999774,0.37756839999999775
New_York,0.1,Off-peak,DVNDA,1,11.387011,11.387011,29.015316,100.0,52.92566,484.74545,54.86918,75.919174,0.0,24.441984,0.3857655,3.7756839999999774,0.37756839999999775
New_York,0.1,Off-peak,DVNDA,2,13.049114,13.049114,33.63507,100.0,60.41806,485.12106,58.316082,78.31608,0.0,23.726965,0.3073041,3.7756839999999774,0.37756839999999775
New_York,0.1,Off-peak,DVNDA,3,8.236454,8.236454,21.14612,100.0,36.199818,483.5359,54.184254,73.58424,0.0,21.932177,0.5922934,3.7756839999999774,0.37756839999999775
New_York,0.1,Off-peak,DVNDA,4,9.820716,9.820716,25.16645,100.0,45.52661,483.9475,52.275593,72.97559,0.0,23.738455,0.32080254,3.7756839999999774,0.37756839999999775
New_York,0.1,Off-peak,DVNDA,5,10.4890995,10.4890995,26.889496,100.0,46.269978,484.04886,56.8444,77.5944,0.0,23.823524,0.4838143,3.7756839999999774,0.37756839999999775
New_York,0.1,Off-peak,DVNDA,6,10.295122,10.295122,26.207367,100.0,47.092762,483.54263,47.97741,65.527405,0.0,20.582092,0.38855335,3.7756839999999774,0.37756839999999775
New_York,0.1,Off-peak,DVNDA,7,7.7376065,7.7376065,19.831842,100.0,35.164413,482.69354,56.142475,77.192474,0.0,23.625984,0.59357303,3.7756839999999774,0.37756839999999775
New_York,0.1,Off-peak,DVNDA,8,9.894034,9.894034,25.333319,100.0,45.098286,484.90756,56.762726,77.36274,0.0,23.56626,0.5957881,3.7756839999999774,0.37756839999999775
New_York,0.1,Off-peak,DVNDA,9,12.395455,12.395455,32.149185,100.0,55.694435,483.33115,46.30506,67.25506,0.0,24.553272,0.3082571,3.7756839999999774,0.37756839999999775
New_York,0.1,Off-peak,DVNDA,10,10.411126,10.411126,26.59715,100.0,47.285522,483.4778,58.648235,78.248245,0.0,22.714878,0.34035704,3.7756839999999774,0.37756839999999775
New_York,0.1,Off-peak,DVNDA,11,12.140101,12.140101,31.296469,100.0,54.56892,485.11615,45.896595,67.446594,0.0,25.023335,0.34777966,3.7756839999999774,0.37756839999999775
New_York,0.1,Off-peak,DVNDA,12,11.250379,11.250379,28.881758,100.0,52.313606,483.03595,61.58866,82.98867,0.0,24.8591,0.4772008,3.7756839999999774,0.37756839999999775
New_York,0.1,Off-peak,DVNDA,13,9.899817,9.899817,25.37299,100.0,45.884968,483.078,51.165707,71.815704,0.0,23.74797,0.32356414,3.7756839999999774,0.37756839999999775
New_York,0.1,Off-peak,DVNDA,14,11.134372,11.134372,28.67714,100.0,49.04352,504.93506,60.402588,81.40259,0.0,23.222965,0.6326651,3.7756839999999774,0.37756839999999775
New_York,0.1,Off-peak,DVNDA,15,10.729445,10.729445,27.456764,100.0,49.77802,483.4306,57.31701,78.26701,0.0,24.242262,0.31300053,3.7756839999999774,0.37756839999999775
New_York,0.1,Off-peak,DVNDA,16,9.4290695,9.4290695,24.021286,100.0,44.3596,496.65167,74.112595,95.21259,0.0,23.475185,0.6170407,3.7756839999999774,0.37756839999999775
New_York,0.1,Off-peak,DVNDA,17,10.557047,10.557047,27.134197,100.0,47.08161,483.0174,50.99707,72.54707,0.0,24.744537,0.39373496,3.7756839999999774,0.37756839999999775
New_York,0.1,Off-peak,DVNDA,18,13.465892,13.465892,34.67931,100.0,61.98278,484.4279,52.53658,71.38658,0.0,22.654703,0.4079568,3.7756839999999774,0.37756839999999775
New_York,0.1,Off-peak,DVNDA,19,9.069371,9.069371,23.23249,100.0,41.402187,506.87924,57.345356,78.895355,0.0,23.299543,0.598046,3.7756839999999774,0.37756839999999775
New_York,0.1,Off-peak,DVNDA,20,11.014602,11.014602,27.965992,100.0,50.88159,483.68802,51.00575,72.75575,0.0,25.113377,0.2164758,3.7756839999999774,0.37756839999999775
New_York,0.1,Off-peak,DVNDA,21,12.505595,12.505595,31.920345,100.0,56.621147,484.9065,40.123276,59.42328,0.0,22.819923,0.24264887,3.7756839999999774,0.37756839999999775
New_York,0.1,Off-peak,DVNDA,22,11.3738,11.3738,29.169352,100.0,50.756104,508.9385,40.990578,61.090588,0.0,22.240221,0.2901526,3.7756839999999774,0.37756839999999775
New_York,0.1,Off-peak,DVNDA,23,11.004079,11.004079,28.357744,100.0,49.557373,482.63116,49.35007,67.800064,0.0,21.681019,0.72314954,3.7756839999999774,0.37756839999999775
New_York,0.1,Off-peak,DVNDA,24,12.957794,12.957794,33.258564,100.0,57.71031,485.41083,68.677444,90.72745,0.0,25.684961,0.38342044,3.7756839999999774,0.37756839999999775
New_York,0.1,Off-peak,DVNDA,25,11.180397,11.180397,28.606987,100.0,51.56855,484.39883,52.811836,74.26184,0.0,24.802324,0.06759151,3.7756839999999774,0.37756839999999775
New_York,0.1,Off-peak,DVNDA,26,11.481177,11.481177,29.456577,100.0,50.64619,508.19943,56.448925,77.59892,0.0,23.300213,0.28490183,3.7756839999999774,0.37756839999999775
New_York,0.1,Off-peak,DVNDA,27,9.475572,9.475572,24.367748,100.0,43.394245,482.72272,51.740883,69.14088,0.0,20.27014,0.3524455,3.7756839999999774,0.37756839999999775
New_York,0.1,Off-peak,DVNDA,28,9.004851,9.004851,23.234818,100.0,40.965218,483.10718,57.472553,77.72255,0.0,23.077969,0.37063828,3.7756839999999774,0.37756839999999775
New_York,0.1,Off-peak,DVNDA,29,11.1168165,11.1168165,28.24224,100.0,51.69082,483.90356,58.219337,78.81934,0.0,23.955744,0.25745234,3.7756839999999774,0.37756839999999775
New_York,0.1,Off-peak,DVNDA,30,10.974919,10.974919,28.341442,100.0,48.288834,484.20285,56.340355,78.29035,0.0,25.159336,0.61304384,3.7756839999999774,0.37756839999999775
New_York,0.1,Off-peak,DVNDA,31,10.724135,10.724135,27.462603,100.0,49.711647,494.53793,53.116493,74.81649,0.0,24.452703,0.31482783,3.7756839999999774,0.37756839999999775
New_York,0.1,Off-peak,DVNDA,32,11.731187,11.731187,29.898262,100.0,52.230267,484.83157,47.237503,68.037506,0.0,24.143967,0.18863562,3.7756839999999774,0.37756839999999775
New_York,0.1,Off-peak,DVNDA,33,12.002451,12.002451,31.076794,100.0,55.41059,483.3592,46.659428,66.00942,0.0,22.882084,0.2873864,3.7756839999999774,0.37756839999999775
New_York,0.1,Off-peak,DVNDA,34,11.777825,11.777825,30.025677,100.0,52.8398,483.24817,48.949448,69.34945,0.0,23.840744,0.11903279,3.7756839999999774,0.37756839999999775
New_York,0.1,Off-peak,DVNDA,35,10.261966,10.261966,26.4293,100.0,47.62888,484.7559,63.82904,84.87905,0.0,24.168297,0.5376037,3.7756839999999774,0.37756839999999775
New_York,0.1,Off-peak,DVNDA,36,10.648722,10.648722,27.276772,100.0,47.89756,483.6011,58.833508,79.08351,0.0,23.412762,0.47516674,3.7756839999999774,0.37756839999999775
New_York,0.1,Off-peak,DVNDA,37,12.259594,12.259594,31.524883,100.0,55.85005,484.78885,51.29543,72.89543,0.0,25.15786,0.26336858,3.7756839999999774,0.37756839999999775
New_York,0.1,Off-peak,DVNDA,38,12.0615015,12.0615015,30.962942,100.0,55.451717,483.60608,54.324043,73.224045,0.0,22.407269,0.43552184,3.7756839999999774,0.37756839999999775
New_York,0.1,Off-peak,DVNDA,39,9.697655,9.697655,24.855871,100.0,44.527306,483.1672,49.48567,67.08567,0.0,20.517086,0.38135734,3.7756839999999774,0.37756839999999775
New_York,0.1,Off-peak,DVNDA,40,9.808643,9.808643,25.072153,100.0,45.598335,483.07028,54.119396,73.019394,0.0,21.92219,0.37253022,3.7756839999999774,0.37756839999999775
New_York,0.1,Off-peak,DVNDA,41,12.721509,12.721509,32.615494,100.0,56.444736,484.67645,59.742573,80.69257,0.0,24.52382,0.18851936,3.7756839999999774,0.37756839999999775
New_York,0.1,Off-peak,DVNDA,42,11.852731,11.852731,30.49884,100.0,53.68084,483.24515,43.455593,61.755592,0.0,21.711594,0.32750338,3.7756839999999774,0.37756839999999775
New_York,0.1,Off-peak,DVNDA,43,10.239312,10.239312,26.229408,100.0,45.420975,483.43713,56.741222,74.89123,0.0,21.120686,0.5786658,3.7756839999999774,0.37756839999999775
New_York,0.1,Off-peak,DVNDA,44,12.022131,12.022131,30.963955,100.0,54.354313,483.97986,58.309387,80.10939,0.0,25.329271,0.24092445,3.7756839999999774,0.37756839999999775
New_York,0.1,Off-peak,DVNDA,45,9.726493,9.726493,24.911417,100.0,45.04509,482.5031,53.446938,72.046936,0.0,21.608418,0.38246298,3.7756839999999774,0.37756839999999775
New_York,0.1,Off-peak,DVNDA,46,9.354796,9.354796,23.919064,100.0,41.038082,483.03903,53.056225,71.40623,0.0,21.118273,0.6844668,3.7756839999999774,0.37756839999999775
New_York,0.1,Off-peak,DVNDA,47,9.153014,9.153014,23.507706,100.0,42.93601,513.9729,60.484478,81.18448,0.0,22.225685,0.6537687,3.7756839999999774,0.37756839999999775
New_York,0.1,Off-peak,DVNDA,48,12.155941,12.155941,31.421114,100.0,54.445274,483.5714,46.81524,66.71523,0.0,23.39082,0.24503301,3.7756839999999774,0.37756839999999775
New_York,0.1,Off-peak,DVNDA,49,11.358347,11.358347,29.084442,100.0,50.759357,506.9343,32.43059,49.83059,0.0,19.665237,0.29450783,3.7756839999999774,0.37756839999999775
New_York,0.1,Off-peak,DVNDA,50,12.071137,12.071137,31.00624,100.0,54.502552,510.9942,55.30291,75.252914,0.0,22.187267,0.17451032,3.7756839999999774,0.37756839999999775
New_York,0.1,Off-peak,DVNDA,51,10.15054,10.15054,26.05793,100.0,46.322014,483.389,55.873375,77.77338,0.0,25.048252,0.25197726,3.7756839999999774,0.37756839999999775
New_York,0.1,Off-peak,DVNDA,52,9.228957,9.228957,23.699677,100.0,43.007004,482.63104,57.59372,77.79372,0.0,23.154697,0.57843614,3.7756839999999774,0.37756839999999775
New_York,0.1,Off-peak,DVNDA,53,10.458303,10.458303,26.780005,100.0,47.798916,483.04956,58.537964,80.63796,0.0,25.349314,0.23391874,3.7756839999999774,0.37756839999999775
New_York,0.1,Off-peak,DVNDA,54,9.398021,9.398021,24.197306,100.0,44.23205,517.9597,52.019703,74.819695,0.0,24.14435,0.24982902,3.7756839999999774,0.37756839999999775
New_York,0.1,Off-peak,DVNDA,55,11.940756,11.940756,30.503584,100.0,54.230568,484.15662,38.88064,58.580647,0.0,23.144915,0.12848338,3.7756839999999774,0.37756839999999775
New_York,0.1,Off-peak,DVNDA,56,10.252403,10.252403,26.34423,100.0,46.58198,483.71017,74.629845,96.52986,0.0,25.045057,0.610093,3.7756839999999774,0.37756839999999775
New_York,0.1,Off-peak,DVNDA,57,10.975357,10.975357,28.202835,100.0,50.552677,501.36658,59.778076,81.67808,0.0,24.361052,0.49415657,3.7756839999999774,0.37756839999999775
New_York,0.1,Off-peak,DVNDA,58,12.334942,12.334942,31.579723,100.0,56.355316,485.1134,51.053947,71.55395,0.0,24.033314,0.17179716,3.7756839999999774,0.37756839999999775
New_York,0.1,Off-peak,DVNDA,59,12.102631,12.102631,31.192293,100.0,52.842014,484.92944,48.16811,70.11811,0.0,25.356367,0.1141398,3.7756839999999774,0.37756839999999775
New_York,0.1,Off-peak,DVNDA,60,11.994397,11.994397,30.867678,100.0,53.210293,484.1161,57.13806,78.28806,0.0,24.59174,0.33956212,3.7756839999999774,0.37756839999999775
New_York,0.1,Off-peak,DVNDA,61,9.389522,9.389522,24.185293,100.0,43.389626,503.9619,47.4518,68.1518,0.0,22.68969,0.1025574,3.7756839999999774,0.37756839999999775
New_York,0.1,Off-peak,DVNDA,62,9.404791,9.404791,24.225433,100.0,42.70025,482.84155,55.680138,72.38014,0.0,19.504343,0.5290394,3.7756839999999774,0.37756839999999775
New_York,0.1,Off-peak,DVNDA,63,11.096179,11.096179,28.519053,100.0,51.096527,483.39832,62.204742,82.45474,0.0,23.58803,0.5150185,3.7756839999999774,0.37756839999999775
New_York,0.1,Off-peak,DVNDA,64,12.755938,12.755938,32.930668,100.0,57.09719,484.05322,54.591198,74.5412,0.0,23.556152,0.622435,3.7756839999999774,0.37756839999999775
New_York,0.1,Off-peak,DVNDA,65,9.278254,9.278254,23.919773,100.0,41.92461,484.07147,53.057976,72.707985,0.0,22.4618,0.25507686,3.7756839999999774,0.37756839999999775
New_York,0.1,Off-peak,DVNDA,66,11.742126,11.742126,30.156712,100.0,53.503517,485.05304,52.318825,70.51883,0.0,21.51845,0.3601212,3.7756839999999774,0.37756839999999775
New_York,0.1,Off-peak,DVNDA,67,8.487451,8.487451,21.852594,100.0,38.935806,496.08228,69.52803,89.77803,0.0,22.372086,0.6753609,3.7756839999999774,0.37756839999999775
New_York,0.1,Off-peak,DVNDA,68,11.24081,11.24081,28.91998,100.0,49.79213,483.85928,39.757988,57.757984,0.0,21.173105,0.08667372,3.7756839999999774,0.37756839999999775
New_York,0.1,Off-peak,DVNDA,69,12.660198,12.660198,32.654423,100.0,58.62147,484.80435,57.508003,77.258,0.0,23.39199,0.31196183,3.7756839999999774,0.37756839999999775
New_York,0.1,Off-peak,DVNDA,70,11.223653,11.223653,28.786528,100.0,50.7446,515.16534,39.28455,59.484547,0.0,22.067892,0.027503844,3.7756839999999774,0.37756839999999775
New_York,0.1,Off-peak,DVNDA,71,11.55703,11.55703,29.717766,100.0,54.127308,484.58838,50.793434,67.29344,0.0,19.8172,0.45337722,3.7756839999999774,0.37756839999999775
New_York,0.1,Off-peak,DVNDA,72,10.035963,10.035963,25.652094,100.0,46.52436,483.41635,53.419533,74.66953,0.0,24.385,0.23982844,3.7756839999999774,0.37756839999999775
New_York,0.1,Off-peak,DVNDA,73,10.487228,10.487228,26.917389,100.0,48.182228,507.05206,69.51545,90.96544,0.0,23.527279,0.55038923,3.7756839999999774,0.37756839999999775
New_York,0.1,Off-peak,DVNDA,74,12.898789,12.898789,33.082558,100.0,60.150505,485.33746,45.06956,64.41956,0.0,23.032969,0.33331856,3.7756839999999774,0.37756839999999775
New_York,0.1,Off-peak,DVNDA,75,9.907567,9.907567,25.464327,100.0,45.178387,481.96066,53.325817,74.125824,0.0,23.921993,0.28544858,3.7756839999999774,0.37756839999999775
New_York,0.1,Off-peak,DVNDA,76,12.125468,12.125468,31.076504,100.0,54.130695,507.0428,47.939526,71.039536,0.0,25.44808,0.29537255,3.7756839999999774,0.37756839999999775
New_York,0.1,Off-peak,DVNDA,77,11.3033,11.3033,29.01794,100.0,52.008858,484.1338,57.07142,78.72142,0.0,25.045193,0.4706628,3.7756839999999774,0.37756839999999775
New_York,0.1,Off-peak,DVNDA,78,9.823193,9.823193,25.197502,100.0,45.094387,484.6246,57.037865,75.93787,0.0,21.825884,0.6533726,3.7756839999999774,0.37756839999999775
New_York,0.1,Off-peak,DVNDA,79,10.322113,10.322113,26.482224,100.0,46.411324,483.6011,55.901253,77.20125,0.0,24.421541,0.4019842,3.7756839999999774,0.37756839999999775
New_York,0.1,Off-peak,DVNDA,80,10.816636,10.816636,27.845098,100.0,50.050743,483.58646,75.675705,96.2257,0.0,23.834969,0.65244013,3.7756839999999774,0.37756839999999775
New_York,0.1,Off-peak,DVNDA,81,10.897754,10.897754,28.169636,100.0,49.775764,483.75888,63.012775,82.41277,0.0,22.623653,0.39785534,3.7756839999999774,0.37756839999999775
New_York,0.1,Off-peak,DVNDA,82,13.224893,13.224893,34.019253,100.0,58.67307,485.95334,46.67129,66.571304,0.0,23.493668,0.4152645,3.7756839999999774,0.37756839999999775
New_York,0.1,Off-peak,DVNDA,83,10.368477,10.368477,26.487522,100.0,47.079624,482.74167,61.96508,83.76508,0.0,25.017506,0.50675344,3.7756839999999774,0.37756839999999775
New_York,0.1,Off-peak,DVNDA,84,9.384956,9.384956,24.176184,100.0,42.363747,483.1885,56.375683,76.17568,0.0,22.68079,0.6132376,3.7756839999999774,0.37756839999999775
New_York,0.1,Off-peak,DVNDA,85,10.020656,10.020656,25.767286,100.0,45.650402,482.89142,54.484577,74.034584,0.0,22.60604,0.40616587,3.7756839999999774,0.37756839999999775
New_York,0.1,Off-peak,DVNDA,86,9.540448,9.540448,24.327993,100.0,43.60436,505.12784,57.60324,78.20324,0.0,22.54896,0.58286166,3.7756839999999774,0.37756839999999775
New_York,0.1,Off-peak,DVNDA,87,10.110283,10.110283,26.111311,100.0,45.95255,508.88174,53.8955,73.9455,0.0,21.957582,0.64781415,3.7756839999999774,0.37756839999999775
New_York,0.1,Off-peak,DVNDA,88,10.092489,10.092489,26.061563,100.0,46.72979,483.57852,63.100197,84.55019,0.0,24.594236,0.6244672,3.7756839999999774,0.37756839999999775
New_York,0.1,Off-peak,DVNDA,89,10.8322525,10.8322525,27.853807,100.0,50.081165,483.52628,41.174446,63.82444,0.0,26.011055,0.10025611,3.7756839999999774,0.37756839999999775
New_York,0.1,Off-peak,DVNDA,90,11.883386,11.883386,30.475,100.0,54.924034,496.97147,40.727898,59.077892,0.0,21.224764,0.15830427,3.7756839999999774,0.37756839999999775
New_York,0.1,Off-peak,DVNDA,91,11.970345,11.970345,30.711119,100.0,56.083607,497.66614,61.900414,82.550415,0.0,23.564175,0.3039795,3.7756839999999774,0.37756839999999775
New_York,0.1,Off-peak,DVNDA,92,8.973501,8.973501,23.020048,100.0,40.258965,482.82315,72.145386,92.39538,0.0,23.054972,0.7552175,3.7756839999999774,0.37756839999999775
New_York,0.1,Off-peak,DVNDA,93,12.398802,12.398802,31.841438,100.0,55.30405,501.05872,54.152454,75.55245,0.0,24.114141,0.21535891,3.7756839999999774,0.37756839999999775
New_York,0.1,Off-peak,DVNDA,94,9.673249,9.673249,24.967186,100.0,43.95688,483.0988,51.231598,70.9816,0.0,22.715693,0.32030192,3.7756839999999774,0.37756839999999775
New_York,0.1,Off-peak,DVNDA,95,10.969243,10.969243,28.213419,100.0,49.961304,484.6772,82.5689,104.86888,0.0,25.582043,0.6352168,3.7756839999999774,0.37756839999999775
New_York,0.1,Off-peak,DVNDA,96,10.807929,10.807929,27.92517,100.0,47.762524,483.84476,54.634834,75.13484,0.0,23.652346,0.5815541,3.7756839999999774,0.37756839999999775
New_York,0.1,Off-peak,DVNDA,97,11.469981,11.469981,29.414534,100.0,52.606544,502.76492,69.545876,90.895874,0.0,23.848448,0.65076065,3.7756839999999774,0.37756839999999775
New_York,0.1,Off-peak,DVNDA,98,9.408842,9.408842,24.081406,100.0,43.89992,483.89716,56.631153,78.731155,0.0,25.103474,0.27456242,3.7756839999999774,0.37756839999999775
New_York,0.1,Off-peak,DVNDA,99,7.8630533,7.8630533,20.127497,100.0,36.556057,482.68497,49.86036,70.41036,0.0,23.18055,0.6053028,3.7756839999999774,0.37756839999999775
New_York,0.1,Off-peak,Greedy,0,10.303011,10.303011,26.505924,100.0,47.31542,467.63287,34.864506,55.214504,0.0,24.288038,0.09767052,3.424756000000002,0.3424756000000002
New_York,0.1,Off-peak,Greedy,1,10.199783,10.199783,26.084291,100.0,47.02423,267.02255,41.104687,62.15468,0.0,43.81879,0.100709766,3.424756000000002,0.3424756000000002
New_York,0.1,Off-peak,Greedy,2,12.100316,12.100316,31.165312,100.0,55.438187,407.6685,33.156628,53.156628,0.0,27.929447,0.09703765,3.424756000000002,0.3424756000000002
New_York,0.1,Off-peak,Greedy,3,10.51532,10.51532,26.87001,100.0,47.01083,448.93433,35.541607,54.941616,0.0,24.224636,0.14967956,3.424756000000002,0.3424756000000002
New_York,0.1,Off-peak,Greedy,4,9.735759,9.735759,24.974382,100.0,45.076603,358.41467,36.27327,56.973267,0.0,32.02133,0.29429308,3.424756000000002,0.3424756000000002
New_York,0.1,Off-peak,Greedy,5,9.46777,9.46777,24.251646,100.0,42.665604,452.5876,35.571136,56.321144,0.0,25.2805,0.021335607,3.424756000000002,0.3424756000000002
New_York,0.1,Off-peak,Greedy,6,10.37714,10.37714,26.531965,100.0,47.306915,464.75488,30.232908,47.78291,0.0,21.425642,0.27792758,3.424756000000002,0.3424756000000002
New_York,0.1,Off-peak,Greedy,7,10.0573,10.0573,25.69053,100.0,45.399292,409.90137,33.830494,54.880497,0.0,28.445826,0.25268018,3.424756000000002,0.3424756000000002
New_York,0.1,Off-peak,Greedy,8,14.574021,14.574021,37.664604,100.0,63.501835,350.48837,38.461243,59.061234,0.0,33.91709,0.1645776,3.424756000000002,0.3424756000000002
New_York,0.1,Off-peak,Greedy,9,11.772123,11.772123,30.490602,100.0,54.162663,413.52866,35.763275,56.713276,0.0,28.605192,0.07379334,3.424756000000002,0.3424756000000002
New_York,0.1,Off-peak,Greedy,10,10.016239,10.016239,25.587273,100.0,46.022827,318.8512,38.314632,57.914635,0.0,34.343826,0.12016465,3.424756000000002,0.3424756000000002
New_York,0.1,Off-peak,Greedy,11,12.225584,17.225584,31.509283,95.0,53.921192,134.44046,45.49331,67.23015,1.0,86.82676,0.07611473,3.424756000000002,0.3424756000000002
New_York,0.1,Off-peak,Greedy,12,11.427231,11.427231,29.310303,100.0,52.661232,126.36435,41.833046,63.233036,0.0,95.094315,0.1328454,3.424756000000002,0.3424756000000002
New_York,0.1,Off-peak,Greedy,13,12.018454,12.018454,30.806837,100.0,55.28806,310.7178,34.717445,55.367443,0.0,37.677925,0.26118186,3.424756000000002,0.3424756000000002
New_York,0.1,Off-peak,Greedy,14,12.767665,12.767665,32.828415,100.0,56.098667,502.92322,36.794617,57.794617,0.0,23.666569,0.08469075,3.424756000000002,0.3424756000000002
New_York,0.1,Off-peak,Greedy,15,9.9925,9.9925,25.550846,100.0,45.78498,398.91214,36.3635,57.31349,0.0,29.128279,0.19022389,3.424756000000002,0.3424756000000002
New_York,0.1,Off-peak,Greedy,16,8.989248,8.989248,23.041065,100.0,42.26016,496.02237,42.51664,63.616642,0.0,23.399155,0.11976212,3.424756000000002,0.3424756000000002
New_York,0.1,Off-peak,Greedy,17,12.022601,12.022601,30.973005,100.0,53.70506,455.36377,39.85713,61.40713,0.0,26.610868,0.08236448,3.424756000000002,0.3424756000000002
New_York,0.1,Off-peak,Greedy,18,12.341555,12.341555,31.838104,100.0,55.675808,207.02715,37.25842,56.108418,0.0,52.24868,0.1930227,3.424756000000002,0.3424756000000002
New_York,0.1,Off-peak,Greedy,19,9.248827,9.248827,23.777166,100.0,42.887245,506.87924,36.700386,58.25039,0.0,23.372787,0.1730012,3.424756000000002,0.3424756000000002
New_York,0.1,Off-peak,Greedy,20,10.398802,10.398802,26.640228,100.0,48.09753,464.4173,38.678318,60.42831,0.0,26.005573,0.22310391,3.424756000000002,0.3424756000000002
New_York,0.1,Off-peak,Greedy,21,12.825801,12.825801,32.76823,100.0,57.7479,218.51088,35.879776,55.17978,0.0,50.769543,0.060247965,3.424756000000002,0.3424756000000002
New_York,0.1,Off-peak,Greedy,22,11.073363,11.073363,28.497854,100.0,49.230946,512.6483,31.740982,51.84098,0.0,22.004896,0.26288205,3.424756000000002,0.3424756000000002
New_York,0.1,Off-peak,Greedy,23,10.970608,10.970608,28.277578,100.0,49.78726,404.71252,33.378464,51.82847,0.0,25.869427,0.30459395,3.424756000000002,0.3424756000000002
New_York,0.1,Off-peak,Greedy,24,12.186151,12.186151,31.408665,100.0,54.78823,460.47147,37.64835,59.698357,0.0,26.917423,0.17627585,3.424756000000002,0.3424756000000002
New_York,0.1,Off-peak,Greedy,25,10.549573,10.549573,27.019604,100.0,49.308212,455.29773,37.28752,58.737522,0.0,26.263487,0.17106637,3.424756000000002,0.3424756000000002
New_York,0.1,Off-peak,Greedy,26,11.741809,11.741809,30.156237,100.0,51.7532,508.19943,40.140923,61.290924,0.0,23.35467,0.43841657,3.424756000000002,0.3424756000000002
New_York,0.1,Off-peak,Greedy,27,9.678891,9.678891,24.8986,100.0,44.352043,305.60373,31.21853,48.61853,0.0,32.09647,0.2676336,3.424756000000002,0.3424756000000002
New_York,0.1,Off-peak,Greedy,28,11.344167,11.344167,29.369116,100.0,51.199306,351.3824,35.90591,56.155907,0.0,32.45747,0.10343595,3.424756000000002,0.3424756000000002
New_York,0.1,Off-peak,Greedy,29,10.102856,10.102856,25.884285,100.0,47.127956,308.36768,33.887386,54.487392,0.0,37.222446,0.18926561,3.424756000000002,0.3424756000000002
New_York,0.1,Off-peak,Greedy,30,12.499055,12.499055,32.340298,100.0,54.93408,421.0035,42.518127,64.46813,0.0,29.33076,0.18837754,3.424756000000002,0.3424756000000002
New_York,0.1,Off-peak,Greedy,31,10.426575,10.426575,26.72259,100.0,47.917755,496.37088,39.53116,61.231155,0.0,24.272062,0.09184971,3.424756000000002,0.3424756000000002
New_York,0.1,Off-peak,Greedy,32,12.809174,12.809174,32.580463,100.0,57.15929,262.05237,35.674397,56.474396,0.0,45.13976,0.27660623,3.424756000000002,0.3424756000000002
New_York,0.1,Off-peak,Greedy,33,12.064856,12.064856,31.155046,100.0,54.725883,466.38077,34.88526,54.23526,0.0,23.678394,0.08172831,3.424756000000002,0.3424756000000002
New_York,0.1,Off-peak,Greedy,34,11.85614,11.85614,30.374086,100.0,53.71094,400.406,37.285275,57.685272,0.0,28.827673,0.024501024,3.424756000000002,0.3424756000000002
New_York,0.1,Off-peak,Greedy,35,11.397299,11.397299,29.412733,100.0,51.39047,461.97647,34.533375,55.58337,0.0,25.563557,0.1312556,3.424756000000002,0.3424756000000002
New_York,0.1,Off-peak,Greedy,36,11.911194,11.911194,30.561,100.0,54.370407,466.52286,35.318687,55.568687,0.0,24.616714,0.10345756,3.424756000000002,0.3424756000000002
New_York,0.1,Off-peak,Greedy,37,10.164779,10.164779,25.900723,100.0,46.72292,303.84885,40.924015,62.524017,0.0,39.388245,0.24062036,3.424756000000002,0.3424756000000002
New_York,0.1,Off-peak,Greedy,38,9.156159,9.156159,23.474977,100.0,41.61342,316.3668,34.56211,53.462112,0.0,33.15877,0.2358539,3.424756000000002,0.3424756000000002
New_York,0.1,Off-peak,Greedy,39,9.695794,9.695794,24.919424,100.0,44.21941,352.6293,32.24425,49.84425,0.0,28.090364,0.13144249,3.424756000000002,0.3424756000000002
New_York,0.1,Off-peak,Greedy,40,10.810686,10.810686,27.561253,100.0,50.50899,461.0585,30.600855,49.500854,0.0,23.235065,0.29283175,3.424756000000002,0.3424756000000002
New_York,0.1,Off-peak,Greedy,41,11.000504,11.000504,28.328451,100.0,49.91449,454.51163,34.632164,55.58216,0.0,25.792217,0.19742548,3.424756000000002,0.3424756000000002
New_York,0.1,Off-peak,Greedy,42,9.314529,9.314529,23.833448,100.0,42.00053,402.13553,33.145187,51.445187,0.0,25.364616,0.17078371,3.424756000000002,0.3424756000000002
New_York,0.1,Off-peak,Greedy,43,11.258024,11.258024,28.923735,100.0,49.0041,401.15237,31.98879,50.13879,0.0,25.676285,0.11448289,3.424756000000002,0.3424756000000002
New_York,0.1,Off-peak,Greedy,44,11.446493,11.446493,29.61696,100.0,51.967728,412.2047,39.866116,61.66611,0.0,29.594986,0.102498196,3.424756000000002,0.3424756000000002
New_York,0.1,Off-peak,Greedy,45,10.457063,10.457063,26.679523,100.0,47.969994,370.2012,28.941303,47.5413,0.0,28.360931,0.26362407,3.424756000000002,0.3424756000000002
New_York,0.1,Off-peak,Greedy,46,10.982501,10.982501,28.197233,100.0,48.116493,448.28293,32.54174,50.89174,0.0,23.150362,0.13093969,3.424756000000002,0.3424756000000002
New_York,0.1,Off-peak,Greedy,47,10.474287,10.474287,26.856747,100.0,48.332104,514.8846,34.86142,55.561417,0.0,22.448338,0.15909138,3.424756000000002,0.3424756000000002
New_York,0.1,Off-peak,Greedy,48,10.520207,10.520207,27.057352,100.0,48.227737,407.4428,34.73857,54.63857,0.0,27.379778,0.11529051,3.424756000000002,0.3424756000000002
New_York,0.1,Off-peak,Greedy,49,12.046667,12.046667,30.850807,100.0,53.696297,509.02914,28.47983,45.879833,0.0,19.72855,0.1696299,3.424756000000002,0.3424756000000002
New_York,0.1,Off-peak,Greedy,50,11.005282,11.005282,28.225311,100.0,49.89812,508.60696,35.017914,54.96792,0.0,22.06508,0.2553177,3.424756000000002,0.3424756000000002
New_York,0.1,Off-peak,Greedy,51,11.44498,11.44498,29.353807,100.0,51.445545,408.05902,38.336533,60.236534,0.0,29.986195,0.20883961,3.424756000000002,0.3424756000000002
New_York,0.1,Off-peak,Greedy,52,10.670652,10.670652,27.545055,100.0,49.609577,255.62439,39.046635,59.246628,0.0,44.3629,0.08800653,3.424756000000002,0.3424756000000002
New_York,0.1,Off-peak,Greedy,53,11.347462,11.347462,29.049696,100.0,51.41322,179.70465,40.56529,62.665287,0.0,68.64224,0.04726633,3.424756000000002,0.3424756000000002
New_York,0.1,Off-peak,Greedy,54,9.991365,9.991365,25.783554,100.0,45.220814,516.60803,42.362366,65.16237,0.0,24.255371,0.17838505,3.424756000000002,0.3424756000000002
New_York,0.1,Off-peak,Greedy,55,10.465496,10.465496,26.773146,100.0,47.479435,410.09384,34.85359,54.553585,0.0,26.913319,0.22408181,3.424756000000002,0.3424756000000002
New_York,0.1,Off-peak,Greedy,56,12.675756,12.675756,32.620255,100.0,57.30435,211.99629,42.499046,64.39905,0.0,58.409554,0.19751884,3.424756000000002,0.3424756000000002
New_York,0.1,Off-peak,Greedy,57,10.439595,10.439595,26.686974,100.0,47.90519,502.17963,39.685066,61.585064,0.0,24.189812,0.1375709,3.424756000000002,0.3424756000000002
New_York,0.1,Off-peak,Greedy,58,11.561897,11.561897,29.483585,100.0,52.739956,449.5899,38.34086,58.840862,0.0,25.731226,0.15397123,3.424756000000002,0.3424756000000002
New_York,0.1,Off-peak,Greedy,59,13.583796,13.583796,34.909966,100.0,60.172176,366.67075,38.655212,60.605213,0.0,34.03409,0.07061862,3.424756000000002,0.3424756000000002
New_York,0.1,Off-peak,Greedy,60,12.696564,12.696564,32.801613,100.0,56.216858,405.3909,40.161667,61.311672,0.0,29.552765,0.09418261,3.424756000000002,0.3424756000000002
New_York,0.1,Off-peak,Greedy,61,9.523348,9.523348,24.625402,100.0,43.571304,503.19238,35.38215,56.08215,0.0,22.733418,0.2984661,3.424756000000002,0.3424756000000002
New_York,0.1,Off-peak,Greedy,62,8.908086,8.908086,22.996845,100.0,39.691837,452.1143,32.14652,48.84652,0.0,20.663574,0.17872941,3.424756000000002,0.3424756000000002
New_York,0.1,Off-peak,Greedy,63,11.461283,11.461283,29.342253,100.0,51.875824,351.9635,39.52687,59.776875,0.0,32.45193,0.07952817,3.424756000000002,0.3424756000000002
New_York,0.1,Off-peak,Greedy,64,12.489372,12.489372,32.17208,100.0,55.817165,402.4671,37.05297,57.002975,0.0,28.251822,0.14898357,3.424756000000002,0.3424756000000002
New_York,0.1,Off-peak,Greedy,65,11.74363,11.74363,30.334911,100.0,53.019276,169.57948,35.475323,55.12532,0.0,65.75372,0.15174934,3.424756000000002,0.3424756000000002
New_York,0.1,Off-peak,Greedy,66,11.712924,11.712924,30.069456,100.0,53.322178,211.94049,35.63861,53.838615,0.0,49.22634,0.10226633,3.424756000000002,0.3424756000000002
New_York,0.1,Off-peak,Greedy,67,10.008415,10.008415,25.748892,100.0,45.660156,496.22543,36.43929,56.689293,0.0,22.704407,0.14509925,3.424756000000002,0.3424756000000002
New_York,0.1,Off-peak,Greedy,68,11.73312,11.73312,30.135796,100.0,52.25641,358.35828,30.352665,48.35266,0.0,28.760073,0.2354446,3.424756000000002,0.3424756000000002
New_York,0.1,Off-peak,Greedy,69,11.177537,11.177537,28.828575,100.0,51.3104,266.02606,37.30892,57.058918,0.0,41.94236,0.20498376,3.424756000000002,0.3424756000000002
New_York,0.1,Off-peak,Greedy,70,13.856104,13.856104,35.539806,100.0,62.25654,515.12524,34.524445,54.724453,0.0,22.62831,0.11683327,3.424756000000002,0.3424756000000002
New_York,0.1,Off-peak,Greedy,71,12.506556,12.506556,32.189,100.0,57.17114,210.26967,30.733696,47.233696,0.0,46.032692,0.16735439,3.424756000000002,0.3424756000000002
New_York,0.1,Off-peak,Greedy,72,10.81623,10.81623,27.672985,100.0,49.89288,454.078,39.6015,60.851505,0.0,26.145998,0.1783563,3.424756000000002,0.3424756000000002
New_York,0.1,Off-peak,Greedy,73,10.840108,10.840108,27.856937,100.0,49.573364,508.84845,35.773926,57.223923,0.0,23.51257,0.19797163,3.424756000000002,0.3424756000000002
New_York,0.1,Off-peak,Greedy,74,13.155231,13.155231,33.748013,100.0,60.297405,134.71529,39.18552,58.53552,0.0,83.00791,0.051067732,3.424756000000002,0.3424756000000002
New_York,0.1,Off-peak,Greedy,75,11.322882,11.322882,29.043303,100.0,51.915436,257.06735,40.148815,60.948814,0.0,45.505135,0.15040906,3.424756000000002,0.3424756000000002
New_York,0.1,Off-peak,Greedy,76,11.152667,11.152667,28.57368,100.0,48.805023,505.92133,39.488407,62.58841,0.0,25.241327,0.2971856,3.424756000000002,0.3424756000000002
New_York,0.1,Off-peak,Greedy,77,12.301899,12.301899,31.681534,100.0,56.193733,356.524,38.71238,60.362377,0.0,34.303005,0.06507523,3.424756000000002,0.3424756000000002
New_York,0.1,Off-peak,Greedy,78,10.598105,10.598105,27.143318,100.0,48.65544,404.09357,36.69105,55.591057,0.0,26.395832,0.25519896,3.424756000000002,0.3424756000000002
New_York,0.1,Off-peak,Greedy,79,9.240092,9.240092,23.814108,100.0,41.78422,455.72202,37.74768,59.047688,0.0,25.661709,0.13951904,3.424756000000002,0.3424756000000002
New_York,0.1,Off-peak,Greedy,80,12.227855,12.227855,31.540108,100.0,53.614365,260.6502,39.19266,59.742657,0.0,44.563015,0.111201316,3.424756000000002,0.3424756000000002
New_York,0.1,Off-peak,Greedy,81,10.527207,10.527207,27.287727,100.0,48.119045,454.38986,32.4016,51.8016,0.0,23.99476,0.10129143,3.424756000000002,0.3424756000000002
New_York,0.1,Off-peak,Greedy,82,12.904101,12.904101,33.163734,100.0,56.300026,223.30394,31.75545,51.65545,0.0,50.86117,0.1945117,3.424756000000002,0.3424756000000002
New_York,0.1,Off-peak,Greedy,83,10.81401,10.81401,27.770477,100.0,48.88827,363.98087,37.725,59.525,0.0,33.304516,0.20007491,3.424756000000002,0.3424756000000002
New_York,0.1,Off-peak,Greedy,84,12.70794,12.70794,32.64427,100.0,56.431328,316.78784,36.635826,56.43583,0.0,35.704597,0.0748075,3.424756000000002,0.3424756000000002
New_York,0.1,Off-peak,Greedy,85,11.544879,11.544879,29.758121,100.0,53.575207,225.21616,33.717033,53.26703,0.0,49.34984,0.20307492,3.424756000000002,0.3424756000000002
New_York,0.1,Off-peak,Greedy,86,9.163424,9.163424,23.505407,100.0,41.214176,505.12784,38.15642,58.75642,0.0,22.430668,0.1837699,3.424756000000002,0.3424756000000002
New_York,0.1,Off-peak,Greedy,87,12.294078,12.294078,31.718252,100.0,55.910553,508.88174,36.17863,56.22863,0.0,22.446795,0.05460649,3.424756000000002,0.3424756000000002
New_York,0.1,Off-peak,Greedy,88,11.84964,11.84964,30.744532,100.0,55.518696,363.63586,38.264088,59.714092,0.0,33.310707,0.023219151,3.424756000000002,0.3424756000000002
New_York,0.1,Off-peak,Greedy,89,12.211714,17.211714,31.37729,95.0,55.40524,139.25014,41.69784,64.013626,1.0,86.069084,0.23167808,3.424756000000002,0.3424756000000002
New_York,0.1,Off-peak,Greedy,90,12.214864,12.214864,31.427237,100.0,56.248226,497.8924,32.967823,51.317825,0.0,21.251993,0.044386778,3.424756000000002,0.3424756000000002
New_York,0.1,Off-peak,Greedy,91,14.62071,14.62071,37.631065,100.0,66.50723,496.80347,36.63265,57.282646,0.0,24.129623,0.09867459,3.424756000000002,0.3424756000000002
New_York,0.1,Off-peak,Greedy,92,11.683121,11.683121,30.111391,100.0,51.296356,175.75972,34.96933,55.219322,0.0,64.90343,0.1731168,3.424756000000002,0.3424756000000002
New_York,0.1,Off-peak,Greedy,93,12.60558,12.60558,32.352306,100.0,55.89579,500.4655,39.052727,60.45273,0.0,24.172285,0.1984801,3.424756000000002,0.3424756000000002
New_York,0.1,Off-peak,Greedy,94,10.751494,10.751494,27.800066,100.0,48.613407,403.41785,36.73544,56.48544,0.0,27.490936,0.21989429,3.424756000000002,0.3424756000000002
New_York,0.1,Off-peak,Greedy,95,12.411068,12.411068,31.967493,100.0,55.542233,351.9882,40.626423,62.926426,0.0,35.622093,0.24929644,3.424756000000002,0.3424756000000002
New_York,0.1,Off-peak,Greedy,96,11.166734,11.166734,28.699648,100.0,49.77549,225.38058,34.540184,55.04018,0.0,50.999897,0.25981593,3.424756000000002,0.3424756000000002
New_York,0.1,Off-peak,Greedy,97,12.801799,12.801799,32.83359,100.0,58.75005,500.84146,40.039856,61.389854,0.0,24.246696,0.17894696,3.424756000000002,0.3424756000000002
New_York,0.1,Off-peak,Greedy,98,10.816833,10.816833,27.831314,100.0,49.967335,214.74326,38.66011,60.76011,0.0,57.273903,0.07459496,3.424756000000002,0.3424756000000002
New_York,0.1,Off-peak,Greedy,99,10.459516,10.459516,26.753162,100.0,48.080994,462.38342,32.899105,53.449097,0.0,24.821445,0.2279413,3.424756000000002,0.3424756000000002
New_York,0.1,Peak-aware,DVNDA,0,9.317379,9.317379,24.015919,100.0,43.3818,482.67392,50.195847,70.545845,0.0,23.327436,0.60350025,3.8904540000000054,0.38904540000000054
New_York,0.1,Peak-aware,DVNDA,1,11.388982,11.388982,29.019459,100.0,55.216164,484.74545,55.00717,76.057175,0.0,24.560114,0.38591284,3.8904540000000054,0.38904540000000054
New_York,0.1,Peak-aware,DVNDA,2,13.050497,13.050497,33.647076,100.0,63.28529,485.12106,58.64093,78.64093,0.0,23.874723,0.3066686,3.8904540000000054,0.38904540000000054
New_York,0.1,Peak-aware,DVNDA,3,8.238424,8.238424,21.150267,100.0,38.54117,483.5359,54.360218,73.76021,0.0,22.05323,0.59235483,3.8904540000000054,0.38904540000000054
New_York,0.1,Peak-aware,DVNDA,4,9.805056,9.805056,25.120983,100.0,48.768314,483.9475,52.51177,73.21177,0.0,23.905914,0.3197299,3.8904540000000054,0.38904540000000054
New_York,0.1,Peak-aware,DVNDA,5,10.4890995,10.4890995,26.889496,100.0,48.21446,484.04886,57.004463,77.75446,0.0,23.923952,0.4838143,3.8904540000000054,0.38904540000000054
New_York,0.1,Peak-aware,DVNDA,6,10.298705,10.298705,26.215973,100.0,49.307484,483.54263,48.122185,65.67218,0.0,20.696598,0.3887854,3.8904540000000054,0.38904540000000054
New_York,0.1,Peak-aware,DVNDA,7,7.739471,7.739471,19.837141,100.0,38.845345,482.69354,56.350697,77.40069,0.0,23.81663,0.5936004,3.8904540000000054,0.38904540000000054
New_York,0.1,Peak-aware,DVNDA,8,9.894034,9.894034,25.333319,100.0,46.95548,484.90756,56.900795,77.50079,0.0,23.66201,0.5957881,3.8904540000000054,0.38904540000000054
New_York,0.1,Peak-aware,DVNDA,9,12.395455,12.395455,32.149185,100.0,58.760963,483.33115,46.49142,67.44142,0.0,24.711885,0.3082571,3.8904540000000054,0.38904540000000054
New_York,0.1,Peak-aware,DVNDA,10,10.393204,10.393204,26.551622,100.0,49.656803,483.4778,58.820385,78.420395,0.0,22.837492,0.3394514,3.8904540000000054,0.38904540000000054
New_York,0.1,Peak-aware,DVNDA,11,12.140101,12.140101,31.296469,100.0,56.402786,485.11615,46.026836,67.576836,0.0,25.117838,0.34777966,3.8904540000000054,0.38904540000000054
New_York,0.1,Peak-aware,DVNDA,12,11.252348,11.252348,28.885897,100.0,55.81709,483.03595,61.867065,83.26707,0.0,25.040426,0.4772492,3.8904540000000054,0.38904540000000054
New_York,0.1,Peak-aware,DVNDA,13,9.899817,9.899817,25.37299,100.0,47.72977,483.078,51.28894,71.93895,0.0,23.843441,0.32356414,3.8904540000000054,0.38904540000000054
New_York,0.1,Peak-aware,DVNDA,14,11.134372,11.134372,28.67714,100.0,51.973995,504.93506,60.645245,81.64525,0.0,23.368057,0.6326651,3.8904540000000054,0.38904540000000054
New_York,0.1,Peak-aware,DVNDA,15,10.729445,10.729445,27.456764,100.0,53.292477,483.4306,57.557335,78.50734,0.0,24.42401,0.31300053,3.8904540000000054,0.38904540000000054
New_York,0.1,Peak-aware,DVNDA,16,9.4290695,9.4290695,24.021286,100.0,46.56288,496.65167,74.38046,95.48046,0.0,23.586092,0.6170407,3.8904540000000054,0.38904540000000054
New_York,0.1,Peak-aware,DVNDA,17,10.557047,10.557047,27.1342,100.0,48.78588,483.0174,51.120266,72.67027,0.0,24.832747,0.39373496,3.8904540000000054,0.38904540000000054
New_York,0.1,Peak-aware,DVNDA,18,13.465892,13.465892,34.67931,100.0,67.778076,484.4279,52.999542,71.84954,0.0,22.953783,0.4079568,3.8904540000000054,0.38904540000000054
New_York,0.1,Peak-aware,DVNDA,19,9.069371,9.069371,23.23249,100.0,43.773235,506.87924,57.586132,79.13613,0.0,23.416487,0.598046,3.8904540000000054,0.38904540000000054
New_York,0.1,Peak-aware,DVNDA,20,11.018437,11.018437,27.975433,100.0,53.098747,483.68802,51.168095,72.9181,0.0,25.227972,0.21668218,3.8904540000000054,0.38904540000000054
New_York,0.1,Peak-aware,DVNDA,21,12.505595,12.505595,31.920345,100.0,57.231644,484.9065,40.1538,59.453804,0.0,22.851397,0.24264887,3.8904540000000054,0.38904540000000054
New_York,0.1,Peak-aware,DVNDA,22,11.3738,11.3738,29.169352,100.0,52.100613,508.9385,41.057808,61.157814,0.0,22.306265,0.2901526,3.8904540000000054,0.38904540000000054
New_York,0.1,Peak-aware,DVNDA,23,11.004079,11.004079,28.357744,100.0,53.049133,482.63116,49.532608,67.982605,0.0,21.86189,0.72314954,3.8904540000000054,0.38904540000000054
New_York,0.1,Peak-aware,DVNDA,24,12.957794,12.957794,33.258564,100.0,61.961002,485.41083,69.12346,91.17347,0.0,25.903883,0.38342044,3.8904540000000054,0.38904540000000054
New_York,0.1,Peak-aware,DVNDA,25,11.162475,11.162475,28.561459,100.0,53.619247,484.39883,52.95116,74.40116,0.0,24.90816,0.065495096,3.8904540000000054,0.38904540000000054
New_York,0.1,Peak-aware,DVNDA,26,11.485135,11.485135,29.474152,100.0,52.888348,508.19943,56.66231,77.81232,0.0,23.410513,0.28522417,3.8904540000000054,0.38904540000000054
New_York,0.1,Peak-aware,DVNDA,27,9.475572,9.475572,24.367748,100.0,44.546158,482.72272,51.855957,69.25595,0.0,20.3298,0.3524455,3.8904540000000054,0.38904540000000054
New_York,0.1,Peak-aware,DVNDA,28,8.989047,8.989047,23.206402,100.0,43.434776,483.10718,57.623535,77.87354,0.0,23.205761,0.37122762,3.8904540000000054,0.38904540000000054
New_York,0.1,Peak-aware,DVNDA,29,11.1168165,11.1168165,28.24224,100.0,54.73701,483.90356,58.388367,78.98836,0.0,24.113121,0.25745234,3.8904540000000054,0.38904540000000054
New_York,0.1,Peak-aware,DVNDA,30,10.977779,10.977779,28.34954,100.0,50.65966,484.20285,56.465557,78.41556,0.0,25.281742,0.61317337,3.8904540000000054,0.38904540000000054
New_York,0.1,Peak-aware,DVNDA,31,10.728131,10.728131,27.471994,100.0,52.667908,494.53793,53.29009,74.9901,0.0,24.60215,0.31437263,3.8904540000000054,0.38904540000000054
New_York,0.1,Peak-aware,DVNDA,32,11.733159,11.733159,29.902407,100.0,54.55742,484.83157,47.35386,68.15387,0.0,24.263964,0.18880843,3.8904540000000054,0.38904540000000054
New_York,0.1,Peak-aware,DVNDA,33,12.00152,12.00152,31.090912,100.0,57.385857,483.3592,46.75819,66.108185,0.0,22.984243,0.2874969,3.8904540000000054,0.38904540000000054
New_York,0.1,Peak-aware,DVNDA,34,11.777825,11.777825,30.025677,100.0,55.108627,483.24817,49.107216,69.50722,0.0,23.958115,0.11903279,3.8904540000000054,0.38904540000000054
New_York,0.1,Peak-aware,DVNDA,35,10.261966,10.261966,26.4293,100.0,50.19455,484.7559,64.158554,85.20856,0.0,24.300613,0.5376037,3.8904540000000054,0.38904540000000054
New_York,0.1,Peak-aware,DVNDA,36,10.648722,10.648722,27.276772,100.0,51.294865,483.6011,59.19298,79.44298,0.0,23.58839,0.47516674,3.8904540000000054,0.38904540000000054
New_York,0.1,Peak-aware,DVNDA,37,12.259594,12.259594,31.524883,100.0,59.19031,484.78885,51.535378,73.135376,0.0,25.330114,0.26336858,3.8904540000000054,0.38904540000000054
New_York,0.1,Peak-aware,DVNDA,38,12.072675,12.072675,30.976343,100.0,58.408363,483.60608,54.561054,73.461044,0.0,22.560114,0.4357063,3.8904540000000054,0.38904540000000054
New_York,0.1,Peak-aware,DVNDA,39,9.699519,9.699519,24.861172,100.0,48.15832,483.1672,49.704857,67.304855,0.0,20.704962,0.38133934,3.8904540000000054,0.38904540000000054
New_York,0.1,Peak-aware,DVNDA,40,9.808643,9.808643,25.072153,100.0,47.617294,483.07028,54.251057,73.15106,0.0,22.026674,0.37253022,3.8904540000000054,0.38904540000000054
New_York,0.1,Peak-aware,DVNDA,41,12.724263,12.724263,32.622173,100.0,59.2986,484.67645,59.9887,80.938705,0.0,24.671026,0.18877989,3.8904540000000054,0.38904540000000054
New_York,0.1,Peak-aware,DVNDA,42,11.853072,11.853072,30.500103,100.0,56.718124,483.24515,43.60746,61.90745,0.0,21.868721,0.32744932,3.8904540000000054,0.38904540000000054
New_York,0.1,Peak-aware,DVNDA,43,10.256887,10.256887,26.278893,100.0,51.138256,483.43713,57.137413,75.287415,0.0,21.416344,0.57848805,3.8904540000000054,0.38904540000000054
New_York,0.1,Peak-aware,DVNDA,44,12.024285,12.024285,30.970673,100.0,58.70437,483.97986,58.558296,80.35829,0.0,25.553974,0.24063608,3.8904540000000054,0.38904540000000054
New_York,0.1,Peak-aware,DVNDA,45,9.706254,9.706254,24.866257,100.0,48.39341,482.5031,53.65335,72.25334,0.0,21.781904,0.38125363,3.8904540000000054,0.38904540000000054
New_York,0.1,Peak-aware,DVNDA,46,9.354796,9.354796,23.919064,100.0,42.456173,483.03903,53.16225,71.51225,0.0,21.191668,0.6844668,3.8904540000000054,0.38904540000000054
New_York,0.1,Peak-aware,DVNDA,47,9.153014,9.153014,23.507706,100.0,45.89431,513.9729,60.772835,81.47283,0.0,22.36958,0.6537687,3.8904540000000054,0.38904540000000054
New_York,0.1,Peak-aware,DVNDA,48,12.155941,12.155941,31.421114,100.0,56.906185,483.5714,46.96647,66.86647,0.0,23.518045,0.24503301,3.8904540000000054,0.38904540000000054
New_York,0.1,Peak-aware,DVNDA,49,11.358347,11.358347,29.084442,100.0,51.864067,506.9343,32.48583,49.885826,0.0,19.719719,0.29450783,3.8904540000000054,0.38904540000000054
New_York,0.1,Peak-aware,DVNDA,50,12.071136,12.071136,31.00624,100.0,55.87142,510.9942,55.44285,75.39285,0.0,22.254238,0.17451032,3.8904540000000054,0.38904540000000054
New_York,0.1,Peak-aware,DVNDA,51,10.180696,10.180696,26.134865,100.0,50.385136,483.389,56.08561,77.98561,0.0,25.258392,0.25137314,3.8904540000000054,0.38904540000000054
New_York,0.1,Peak-aware,DVNDA,52,9.233276,9.233276,23.71701,100.0,46.335247,482.63104,57.91682,78.11683,0.0,23.327097,0.5784777,3.8904540000000054,0.38904540000000054
New_York,0.1,Peak-aware,DVNDA,53,10.507058,10.507058,26.907192,100.0,51.6132,483.04956,58.81614,80.91613,0.0,25.54672,0.24057579,3.8904540000000054,0.38904540000000054
New_York,0.1,Peak-aware,DVNDA,54,9.416795,9.416795,24.225372,100.0,46.948685,517.9597,52.155537,74.955536,0.0,24.275473,0.24876158,3.8904540000000054,0.38904540000000054
New_York,0.1,Peak-aware,DVNDA,55,11.955517,11.955517,30.508392,100.0,55.667862,484.15662,38.952507,58.652508,0.0,23.219131,0.12858085,3.8904540000000054,0.38904540000000054
New_York,0.1,Peak-aware,DVNDA,56,10.252403,10.252403,26.34423,100.0,49.361156,483.71017,74.98692,96.88692,0.0,25.1887,0.610093,3.8904540000000054,0.38904540000000054
New_York,0.1,Peak-aware,DVNDA,57,10.972612,10.972612,28.205288,100.0,53.734665,501.36658,60.030327,81.930336,0.0,24.519716,0.49414968,3.8904540000000054,0.38904540000000054
New_York,0.1,Peak-aware,DVNDA,58,12.334942,12.334942,31.579723,100.0,58.769043,485.1134,51.18197,71.68197,0.0,24.157705,0.17179716,3.8904540000000054,0.38904540000000054
New_York,0.1,Peak-aware,DVNDA,59,12.104495,12.104495,31.197592,100.0,56.5126,484.92944,48.35478,70.30478,0.0,25.5456,0.113836445,3.8904540000000054,0.38904540000000054
New_York,0.1,Peak-aware,DVNDA,60,11.994397,11.994397,30.867678,100.0,56.84034,484.1161,57.364563,78.51456,0.0,24.7792,0.33956212,3.8904540000000054,0.38904540000000054
New_York,0.1,Peak-aware,DVNDA,61,9.389522,9.389522,24.185293,100.0,44.32521,503.9619,47.521713,68.22171,0.0,22.736101,0.1025574,3.8904540000000054,0.38904540000000054
New_York,0.1,Peak-aware,DVNDA,62,9.404791,9.404791,24.225433,100.0,46.059093,482.84155,55.956596,72.6566,0.0,19.678255,0.5290394,3.8904540000000054,0.38904540000000054
New_York,0.1,Peak-aware,DVNDA,63,11.096179,11.096179,28.519053,100.0,54.90224,483.39832,62.536766,82.786766,0.0,23.784847,0.5150185,3.8904540000000054,0.38904540000000054
New_York,0.1,Peak-aware,DVNDA,64,12.755938,12.755938,32.930664,100.0,60.512604,484.05322,54.78016,74.730156,0.0,23.73255,0.622435,3.8904540000000054,0.38904540000000054
New_York,0.1,Peak-aware,DVNDA,65,9.280738,9.280738,23.926434,100.0,44.74002,484.07147,53.246582,72.89658,0.0,22.607203,0.25533438,3.8904540000000054,0.38904540000000054
New_York,0.1,Peak-aware,DVNDA,66,11.761616,11.761616,30.208586,100.0,56.4124,485.05304,52.560326,70.76033,0.0,21.668375,0.35678717,3.8904540000000054,0.38904540000000054
New_York,0.1,Peak-aware,DVNDA,67,8.482815,8.482815,21.841927,100.0,43.3313,496.08228,70.01713,90.267136,0.0,22.593596,0.67525697,3.8904540000000054,0.38904540000000054
New_York,0.1,Peak-aware,DVNDA,68,11.225305,11.225305,28.884117,100.0,52.514507,483.85928,39.894104,57.894104,0.0,21.313765,0.08971796,3.8904540000000054,0.38904540000000054
New_York,0.1,Peak-aware,DVNDA,69,12.660198,12.660198,32.654423,100.0,62.029137,484.80435,57.733948,77.48394,0.0,23.567715,0.31196183,3.8904540000000054,0.38904540000000054
New_York,0.1,Peak-aware,DVNDA,70,11.223653,11.223653,28.786528,100.0,51.896366,515.16534,39.342136,59.542137,0.0,22.123783,0.027503844,3.8904540000000054,0.38904540000000054
New_York,0.1,Peak-aware,DVNDA,71,11.559516,11.559516,29.724424,100.0,56.28862,484.58838,50.999985,67.499985,0.0,19.928703,0.45362458,3.8904540000000054,0.38904540000000054
New_York,0.1,Peak-aware,DVNDA,72,10.035963,10.035963,25.652094,100.0,47.990143,483.41635,53.53778,74.78778,0.0,24.460802,0.23982844,3.8904540000000054,0.38904540000000054
New_York,0.1,Peak-aware,DVNDA,73,10.490191,10.490191,26.926167,100.0,51.02706,507.05206,70.10918,91.55917,0.0,23.667543,0.55071473,3.8904540000000054,0.38904540000000054
New_York,0.1,Peak-aware,DVNDA,74,12.898789,12.898789,33.082558,100.0,62.656616,485.33746,45.202255,64.55226,0.0,23.16206,0.33331856,3.8904540000000054,0.38904540000000054
New_York,0.1,Peak-aware,DVNDA,75,9.889644,9.889644,25.418798,100.0,47.859924,481.96066,53.50365,74.30366,0.0,24.061089,0.283914,3.8904540000000054,0.38904540000000054
New_York,0.1,Peak-aware,DVNDA,76,12.201858,12.201858,31.266693,100.0,56.537743,507.0428,48.12491,71.224915,0.0,25.566763,0.30179986,3.8904540000000054,0.38904540000000054
New_York,0.1,Peak-aware,DVNDA,77,11.3033,11.3033,29.01794,100.0,54.294518,484.1338,57.21587,78.86587,0.0,25.163218,0.4706628,3.8904540000000054,0.38904540000000054
New_York,0.1,Peak-aware,DVNDA,78,9.82911,9.82911,25.211773,100.0,47.186657,484.6246,57.181618,76.08161,0.0,21.933815,0.6536513,3.8904540000000054,0.38904540000000054
New_York,0.1,Peak-aware,DVNDA,79,10.280248,10.280248,26.34512,100.0,49.904217,483.6011,56.153717,77.45372,0.0,24.602108,0.39705428,3.8904540000000054,0.38904540000000054
New_York,0.1,Peak-aware,DVNDA,80,10.816636,10.816636,27.845098,100.0,53.60798,483.58646,76.130226,96.680214,0.0,24.018866,0.65244013,3.8904540000000054,0.38904540000000054
New_York,0.1,Peak-aware,DVNDA,81,10.859241,10.859241,28.059027,100.0,52.259296,483.75888,63.228966,82.628975,0.0,22.751999,0.3967597,3.8904540000000054,0.38904540000000054
New_York,0.1,Peak-aware,DVNDA,82,13.226757,13.226757,34.02455,100.0,61.509712,485.95334,46.91693,66.81694,0.0,23.639599,0.4150753,3.8904540000000054,0.38904540000000054
New_York,0.1,Peak-aware,DVNDA,83,10.371547,10.371547,26.49361,100.0,50.73394,482.74167,62.27407,84.07408,0.0,25.206753,0.50674605,3.8904540000000054,0.38904540000000054
New_York,0.1,Peak-aware,DVNDA,84,9.390905,9.390905,24.19056,100.0,44.651608,483.1885,56.558758,76.35876,0.0,22.79916,0.6133986,3.8904540000000054,0.38904540000000054
New_York,0.1,Peak-aware,DVNDA,85,9.964374,9.964374,25.598642,100.0,48.051994,482.89142,54.672234,74.22224,0.0,22.730373,0.40488142,3.8904540000000054,0.38904540000000054
New_York,0.1,Peak-aware,DVNDA,86,9.540448,9.540448,24.327993,100.0,47.27579,505.12784,57.914635,78.51463,0.0,22.730669,0.58286166,3.8904540000000054,0.38904540000000054
New_York,0.1,Peak-aware,DVNDA,87,10.110283,10.110283,26.11131,100.0,48.464203,508.88174,54.209064,74.25906,0.0,22.080975,0.64781415,3.8904540000000054,0.38904540000000054
New_York,0.1,Peak-aware,DVNDA,88,10.077297,10.077297,26.027359,100.0,51.225136,483.57852,63.47954,84.92955,0.0,24.826635,0.625398,3.8904540000000054,0.38904540000000054
New_York,0.1,Peak-aware,DVNDA,89,10.8322525,10.8322525,27.853807,100.0,50.470196,483.52628,41.193893,63.84389,0.0,26.03117,0.10025611,3.8904540000000054,0.38904540000000054
New_York,0.1,Peak-aware,DVNDA,90,11.883386,11.883386,30.475,100.0,55.897243,496.97147,40.776558,59.126556,0.0,21.273718,0.15830427,3.8904540000000054,0.38904540000000054
New_York,0.1,Peak-aware,DVNDA,91,11.983141,11.983141,30.740412,100.0,58.91378,497.66614,62.144585,82.794586,0.0,23.706347,0.30431268,3.8904540000000054,0.38904540000000054
New_York,0.1,Peak-aware,DVNDA,92,8.973501,8.973501,23.020048,100.0,45.05199,482.82315,72.700294,92.9503,0.0,23.303148,0.7552175,3.8904540000000054,0.38904540000000054
New_York,0.1,Peak-aware,DVNDA,93,12.433479,12.433479,31.92836,100.0,58.02806,501.05872,54.394417,75.79442,0.0,24.250053,0.2178523,3.8904540000000054,0.38904540000000054
New_York,0.1,Peak-aware,DVNDA,94,9.675114,9.675114,24.972483,100.0,46.7884,483.0988,51.37914,71.12914,0.0,22.86222,0.32055002,3.8904540000000054,0.38904540000000054
New_York,0.1,Peak-aware,DVNDA,95,10.982947,10.982947,28.247835,100.0,54.705902,484.6772,83.24252,105.54252,0.0,25.826773,0.6355909,3.8904540000000054,0.38904540000000054
New_York,0.1,Peak-aware,DVNDA,96,10.807929,10.807929,27.92517,100.0,50.626156,483.84476,54.822655,75.32267,0.0,23.800306,0.5815541,3.8904540000000054,0.38904540000000054
New_York,0.1,Peak-aware,DVNDA,97,11.469981,11.469981,29.414534,100.0,55.362823,502.76492,69.801056,91.15105,0.0,23.985506,0.65076065,3.8904540000000054,0.38904540000000054
New_York,0.1,Peak-aware,DVNDA,98,9.408842,9.408842,24.081406,100.0,45.732075,483.89716,56.786407,78.886406,0.0,25.198126,0.27456242,3.8904540000000054,0.38904540000000054
New_York,0.1,Peak-aware,DVNDA,99,7.874153,7.874153,20.148226,100.0,38.282097,482.68497,49.999725,70.54972,0.0,23.269947,0.6057527,3.8904540000000054,0.38904540000000054
New_York,0.1,Peak-aware,Greedy,0,10.300893,10.300893,26.501171,100.0,49.073143,467.63287,34.864506,55.214504,0.0,24.382008,0.09745181,3.4830820000000178,0.3483082000000018
New_York,0.1,Peak-aware,Greedy,1,10.203911,10.203911,26.08965,100.0,50.50725,267.02255,41.104687,62.15468,0.0,44.14489,0.100625984,3.4830820000000178,0.3483082000000018
New_York,0.1,Peak-aware,Greedy,2,12.10247,12.10247,31.172026,100.0,61.38959,410.00687,33.194157,53.19416,0.0,28.133041,0.097107194,3.4830820000000178,0.3483082000000018
New_York,0.1,Peak-aware,Greedy,3,10.517184,10.517184,26.875309,100.0,47.877403,448.93433,35.541607,54.941616,0.0,24.272892,0.1497428,3.4830820000000178,0.3483082000000018
New_York,0.1,Peak-aware,Greedy,4,9.717835,9.717835,24.928854,100.0,48.008003,360.03064,36.322964,57.022957,0.0,32.08116,0.2946684,3.4830820000000178,0.3483082000000018
New_York,0.1,Peak-aware,Greedy,5,9.53489,9.53489,24.467617,100.0,44.49004,452.5876,35.571136,56.321144,0.0,25.381277,0.034502037,3.4830820000000178,0.3483082000000018
New_York,0.1,Peak-aware,Greedy,6,10.361948,10.361948,26.49776,100.0,48.5008,464.75488,30.264036,47.814037,0.0,21.489864,0.2789196,3.4830820000000178,0.3483082000000018
New_York,0.1,Peak-aware,Greedy,7,10.0573,10.0573,25.69053,100.0,49.09753,411.13943,33.9135,54.9635,0.0,28.585043,0.25268018,3.4830820000000178,0.3483082000000018
New_York,0.1,Peak-aware,Greedy,8,14.574021,14.574021,37.664604,100.0,70.53483,351.9846,38.478004,59.078,0.0,34.27244,0.1645776,3.4830820000000178,0.3483082000000018
New_York,0.1,Peak-aware,Greedy,9,11.774609,11.774609,30.497263,100.0,57.609955,414.33124,35.803402,56.753403,0.0,28.757788,0.0739991,3.4830820000000178,0.3483082000000018
New_York,0.1,Peak-aware,Greedy,10,10.003468,10.003468,25.57327,100.0,48.749268,319.9779,38.314632,57.914635,0.0,34.435913,0.11956619,3.4830820000000178,0.3483082000000018
New_York,0.1,Peak-aware,Greedy,11,12.250613,17.250614,31.576235,95.0,60.718834,136.11441,45.51381,67.250656,1.0,87.00746,0.072315134,3.4830820000000178,0.3483082000000018
New_York,0.1,Peak-aware,Greedy,12,11.435138,11.435138,29.331604,100.0,58.13808,128.2062,41.9293,63.3293,0.0,94.79611,0.13304143,3.4830820000000178,0.3483082000000018
New_York,0.1,Peak-aware,Greedy,13,12.022524,12.022524,30.818697,100.0,57.435146,310.7178,34.717445,55.367443,0.0,37.850677,0.2611552,3.4830820000000178,0.3483082000000018
New_York,0.1,Peak-aware,Greedy,14,12.77042,12.77042,32.835094,100.0,58.302124,502.92322,36.839462,57.83946,0.0,23.7761,0.08489118,3.4830820000000178,0.3483082000000018
New_York,0.1,Peak-aware,Greedy,15,9.994366,9.994366,25.556145,100.0,49.096626,400.01587,36.419456,57.369453,0.0,29.254879,0.19040336,3.4830820000000178,0.3483082000000018
New_York,0.1,Peak-aware,Greedy,16,9.004426,9.004426,23.078533,100.0,45.16618,496.02237,42.51664,63.616642,0.0,23.545622,0.111721806,3.4830820000000178,0.3483082000000018
New_York,0.1,Peak-aware,Greedy,17,12.022601,12.022601,30.973005,100.0,57.462177,455.36377,39.926907,61.47691,0.0,26.817144,0.08236448,3.4830820000000178,0.3483082000000018
New_York,0.1,Peak-aware,Greedy,18,12.336919,12.336919,31.827436,100.0,58.8666,207.02715,37.315914,56.16592,0.0,52.633995,0.19299468,3.4830820000000178,0.3483082000000018
New_York,0.1,Peak-aware,Greedy,19,9.244191,9.244191,23.766499,100.0,45.543716,506.87924,36.713596,58.2636,0.0,23.503807,0.17257397,3.4830820000000178,0.3483082000000018
New_York,0.1,Peak-aware,Greedy,20,10.421013,10.421013,26.70038,100.0,49.319614,464.4173,38.678318,60.42831,0.0,26.071358,0.22431137,3.4830820000000178,0.3483082000000018
New_York,0.1,Peak-aware,Greedy,21,12.825801,12.825801,32.76823,100.0,60.919415,218.51088,35.879776,55.17978,0.0,51.132397,0.060247965,3.4830820000000178,0.3483082000000018
New_York,0.1,Peak-aware,Greedy,22,11.010652,11.010652,28.366045,100.0,52.318024,512.6483,31.780819,51.880817,0.0,22.155443,0.26390088,3.4830820000000178,0.3483082000000018
New_York,0.1,Peak-aware,Greedy,23,10.970948,10.970948,28.27884,100.0,53.248726,407.14926,33.454105,51.904106,0.0,25.927147,0.30464384,3.4830820000000178,0.3483082000000018
New_York,0.1,Peak-aware,Greedy,24,12.191452,12.191452,31.429012,100.0,58.70776,460.47147,37.700195,59.7502,0.0,27.130224,0.17567417,3.4830820000000178,0.3483082000000018
New_York,0.1,Peak-aware,Greedy,25,10.5564165,10.5564165,27.035566,100.0,53.63504,455.29773,37.33683,58.78683,0.0,26.501066,0.17194566,3.4830820000000178,0.3483082000000018
New_York,0.1,Peak-aware,Greedy,26,11.724004,11.724004,30.10998,100.0,54.434628,508.19943,40.154583,61.304585,0.0,23.486576,0.44059944,3.4830820000000178,0.3483082000000018
New_York,0.1,Peak-aware,Greedy,27,9.678891,9.678891,24.8986,100.0,44.352043,305.60373,31.21853,48.61853,0.0,32.09647,0.2676336,3.4830820000000178,0.3483082000000018
New_York,0.1,Peak-aware,Greedy,28,11.324459,11.324459,29.363203,100.0,54.98191,352.80334,35.937286,56.187286,0.0,32.59478,0.10319873,3.4830820000000178,0.3483082000000018
New_York,0.1,Peak-aware,Greedy,29,10.102856,10.102856,25.884285,100.0,49.39358,308.36768,33.956947,54.556953,0.0,37.40612,0.18926561,3.4830820000000178,0.3483082000000018
New_York,0.1,Peak-aware,Greedy,30,12.501915,12.501915,32.3484,100.0,59.069717,422.48013,42.591957,64.54196,0.0,29.472965,0.18872392,3.4830820000000178,0.3483082000000018
New_York,0.1,Peak-aware,Greedy,31,10.426575,10.426575,26.72259,100.0,52.241592,496.37088,39.570843,61.27085,0.0,24.489834,0.09184971,3.4830820000000178,0.3483082000000018
New_York,0.1,Peak-aware,Greedy,32,12.803089,12.803089,32.56446,100.0,60.714134,262.05237,35.75619,56.5562,0.0,45.478897,0.27783668,3.4830820000000178,0.3483082000000018
New_York,0.1,Peak-aware,Greedy,33,12.069825,12.069825,31.168365,100.0,57.63636,466.38077,34.941483,54.291492,0.0,23.834408,0.08205068,3.4830820000000178,0.3483082000000018
New_York,0.1,Peak-aware,Greedy,34,11.8581505,11.8581505,30.379766,100.0,55.961544,401.352,37.29342,57.693413,0.0,28.899914,0.024417398,3.4830820000000178,0.3483082000000018
New_York,0.1,Peak-aware,Greedy,35,11.397299,11.397299,29.412733,100.0,54.773335,461.97647,34.553246,55.603245,0.0,25.746622,0.1312556,3.4830820000000178,0.3483082000000018
New_York,0.1,Peak-aware,Greedy,36,11.893729,11.893729,30.516006,100.0,57.21518,466.52286,35.336662,55.586666,0.0,24.769161,0.10163478,3.4830820000000178,0.3483082000000018
New_York,0.1,Peak-aware,Greedy,37,10.187622,10.187622,25.962711,100.0,50.248383,303.84885,40.994015,62.594017,0.0,39.67831,0.23705596,3.4830820000000178,0.3483082000000018
New_York,0.1,Peak-aware,Greedy,38,9.159889,9.159889,23.485575,100.0,44.605854,317.15277,34.56211,53.462112,0.0,33.31248,0.23596704,3.4830820000000178,0.3483082000000018
New_York,0.1,Peak-aware,Greedy,39,9.720267,9.720267,24.979635,100.0,47.42776,354.38107,32.33471,49.93471,0.0,28.177843,0.13451692,3.4830820000000178,0.3483082000000018
New_York,0.1,Peak-aware,Greedy,40,10.810686,10.810686,27.561253,100.0,51.32426,461.0585,30.600855,49.500854,0.0,23.279272,0.29283175,3.4830820000000178,0.3483082000000018
New_York,0.1,Peak-aware,Greedy,41,11.002767,11.002767,28.32851,100.0,53.34798,454.51163,34.656864,55.606865,0.0,25.981073,0.19742487,3.4830820000000178,0.3483082000000018
New_York,0.1,Peak-aware,Greedy,42,9.3167925,9.3167925,23.833508,100.0,44.607536,403.54907,33.181767,51.48177,0.0,25.437273,0.17078653,3.4830820000000178,0.3483082000000018
New_York,0.1,Peak-aware,Greedy,43,11.261887,11.261887,28.95324,100.0,53.4571,403.42456,32.093296,50.243294,0.0,25.80762,0.113922015,3.4830820000000178,0.3483082000000018
New_York,0.1,Peak-aware,Greedy,44,11.446493,11.446493,29.61696,100.0,56.266735,413.5748,39.93462,61.734615,0.0,29.756811,0.102498196,3.4830820000000178,0.3483082000000018
New_York,0.1,Peak-aware,Greedy,45,10.437393,10.437393,26.627968,100.0,50.917873,372.00052,29.059196,47.65919,0.0,28.421862,0.26113522,3.4830820000000178,0.3483082000000018
New_York,0.1,Peak-aware,Greedy,46,10.982501,10.982501,28.197233,100.0,51.229797,448.28293,32.54174,50.89174,0.0,23.323984,0.13093969,3.4830820000000178,0.3483082000000018
New_York,0.1,Peak-aware,Greedy,47,10.474287,10.474287,26.856747,100.0,50.459446,514.8846,34.86142,55.561417,0.0,22.55163,0.15909138,3.4830820000000178,0.3483082000000018
New_York,0.1,Peak-aware,Greedy,48,10.520207,10.520207,27.057352,100.0,53.206924,408.81134,34.784462,54.684467,0.0,27.592613,0.11529051,3.4830820000000178,0.3483082000000018
New_York,0.1,Peak-aware,Greedy,49,12.043922,12.043922,30.853262,100.0,55.45811,509.02914,28.522549,45.92255,0.0,19.815079,0.16960976,3.4830820000000178,0.3483082000000018
New_York,0.1,Peak-aware,Greedy,50,10.938549,10.938549,28.053564,100.0,50.927303,508.60696,35.017914,54.96792,0.0,22.115667,0.26017445,3.4830820000000178,0.3483082000000018
New_York,0.1,Peak-aware,Greedy,51,11.450607,11.450607,29.392252,100.0,57.442314,409.55887,38.41915,60.319145,0.0,30.242435,0.20590775,3.4830820000000178,0.3483082000000018
New_York,0.1,Peak-aware,Greedy,52,10.666017,10.666017,27.534388,100.0,52.197006,255.62439,39.046635,59.246628,0.0,44.615948,0.08832832,3.4830820000000178,0.3483082000000018
New_York,0.1,Peak-aware,Greedy,53,11.354046,11.354046,29.053875,100.0,56.303093,181.12549,40.6103,62.71029,0.0,68.77872,0.04717444,3.4830820000000178,0.3483082000000018
New_York,0.1,Peak-aware,Greedy,54,9.993851,9.993851,25.790215,100.0,49.077194,516.60803,42.437584,65.23758,0.0,24.441994,0.17826346,3.4830820000000178,0.3483082000000018
New_York,0.1,Peak-aware,Greedy,55,10.463558,10.463558,26.736311,100.0,51.469326,411.5985,34.876953,54.576954,0.0,27.057274,0.2256635,3.4830820000000178,0.3483082000000018
New_York,0.1,Peak-aware,Greedy,56,12.67824,12.67824,32.62694,100.0,62.382576,211.99629,42.55282,64.45283,0.0,59.008415,0.19769952,3.4830820000000178,0.3483082000000018
New_York,0.1,Peak-aware,Greedy,57,10.439595,10.439595,26.686974,100.0,49.90348,502.17963,39.685066,61.585064,0.0,24.289293,0.1375709,3.4830820000000178,0.3483082000000018
New_York,0.1,Peak-aware,Greedy,58,11.577915,11.577915,29.520346,100.0,54.221165,449.5899,38.34086,58.840862,0.0,25.81359,0.15253332,3.4830820000000178,0.3483082000000018
New_York,0.1,Peak-aware,Greedy,59,13.449305,13.449305,34.555607,100.0,64.85204,368.3899,38.73166,60.68166,0.0,34.192852,0.069562994,3.4830820000000178,0.3483082000000018
New_York,0.1,Peak-aware,Greedy,60,12.696564,12.696564,32.801613,100.0,61.357445,407.61176,40.2549,61.404907,0.0,29.707033,0.09418261,3.4830820000000178,0.3483082000000018
New_York,0.1,Peak-aware,Greedy,61,9.523348,9.523348,24.625402,100.0,44.756786,503.19238,35.38215,56.08215,0.0,22.792315,0.2984661,3.4830820000000178,0.3483082000000018
New_York,0.1,Peak-aware,Greedy,62,8.908086,8.908086,22.996845,100.0,39.77297,452.1143,32.150578,48.850574,0.0,20.668056,0.17872941,3.4830820000000178,0.3483082000000018
New_York,0.1,Peak-aware,Greedy,63,11.412577,11.412577,29.215288,100.0,57.17907,353.55405,39.636635,59.88664,0.0,32.680935,0.0897779,3.4830820000000178,0.3483082000000018
New_York,0.1,Peak-aware,Greedy,64,12.489372,12.489372,32.17208,100.0,60.102787,404.5576,37.106586,57.056587,0.0,28.37067,0.14898357,3.4830820000000178,0.3483082000000018
New_York,0.1,Peak-aware,Greedy,65,11.743727,11.743727,30.334232,100.0,59.507984,171.56581,35.63538,55.285378,0.0,65.937965,0.15156688,3.4830820000000178,0.3483082000000018
New_York,0.1,Peak-aware,Greedy,66,11.576568,11.576568,29.709799,100.0,56.36686,211.94049,35.63861,53.838615,0.0,49.585487,0.098402716,3.4830820000000178,0.3483082000000018
New_York,0.1,Peak-aware,Greedy,67,10.035019,10.035019,25.803747,100.0,50.051266,496.22543,36.47959,56.7296,0.0,22.92563,0.14124483,3.4830820000000178,0.3483082000000018
New_York,0.1,Peak-aware,Greedy,68,11.800186,11.800186,30.351772,100.0,54.81572,360.9176,30.425716,48.425713,0.0,28.733408,0.24476661,3.4830820000000178,0.3483082000000018
New_York,0.1,Peak-aware,Greedy,69,11.177878,11.177878,28.829836,100.0,55.560413,266.02606,37.30892,57.058918,0.0,42.34176,0.2050215,3.4830820000000178,0.3483082000000018
New_York,0.1,Peak-aware,Greedy,70,13.889205,13.889205,35.622803,100.0,64.79129,515.12524,34.559303,54.759304,0.0,22.751326,0.11489356,3.4830820000000178,0.3483082000000018
New_York,0.1,Peak-aware,Greedy,71,12.480056,12.480056,32.14067,100.0,57.492657,210.26967,30.749771,47.24977,0.0,46.07092,0.16547908,3.4830820000000178,0.3483082000000018
New_York,0.1,Peak-aware,Greedy,72,10.818742,10.818742,27.680182,100.0,53.57515,454.078,39.6655,60.915497,0.0,26.348732,0.17859638,3.4830820000000178,0.3483082000000018
New_York,0.1,Peak-aware,Greedy,73,10.840108,10.840108,27.856937,100.0,49.573364,508.84845,35.773926,57.223923,0.0,23.51257,0.19797163,3.4830820000000178,0.3483082000000018
New_York,0.1,Peak-aware,Greedy,74,13.150596,13.150596,33.737347,100.0,65.59555,136.53825,39.25158,58.601578,0.0,82.86973,0.050812732,3.4830820000000178,0.3483082000000018
New_York,0.1,Peak-aware,Greedy,75,11.322882,11.322882,29.043303,100.0,54.898212,257.06735,40.148815,60.948814,0.0,45.79522,0.15040906,3.4830820000000178,0.3483082000000018
New_York,0.1,Peak-aware,Greedy,76,11.245701,11.245701,28.840244,100.0,54.45019,505.92133,39.520157,62.620155,0.0,25.52028,0.2911547,3.4830820000000178,0.3483082000000018
New_York,0.1,Peak-aware,Greedy,77,12.301899,12.301899,31.681534,100.0,60.96547,357.98163,38.76462,60.41462,0.0,34.496563,0.06507523,3.4830820000000178,0.3483082000000018
New_York,0.1,Peak-aware,Greedy,78,10.602934,10.602934,27.157396,100.0,54.547943,406.39914,36.736267,55.636272,0.0,26.608566,0.25522876,3.4830820000000178,0.3483082000000018
New_York,0.1,Peak-aware,Greedy,79,9.25518,9.25518,23.859718,100.0,45.48445,455.72202,37.808594,59.108597,0.0,25.864697,0.14151868,3.4830820000000178,0.3483082000000018
New_York,0.1,Peak-aware,Greedy,80,12.223218,12.223218,31.52944,100.0,56.870228,260.6502,39.19266,59.742657,0.0,44.875298,0.11139766,3.4830820000000178,0.3483082000000018
New_York,0.1,Peak-aware,Greedy,81,10.527207,10.527207,27.287727,100.0,49.386246,454.38986,32.4016,51.8016,0.0,24.06448,0.10129143,3.4830820000000178,0.3483082000000018
New_York,0.1,Peak-aware,Greedy,82,12.904101,12.904101,33.163734,100.0,60.332935,223.30394,31.796452,51.696453,0.0,51.31268,0.1945117,3.4830820000000178,0.3483082000000018
New_York,0.1,Peak-aware,Greedy,83,10.836221,10.836221,27.830627,100.0,53.263103,365.50864,37.79282,59.59282,0.0,33.464535,0.20095034,3.4830820000000178,0.3483082000000018
New_York,0.1,Peak-aware,Greedy,84,12.704257,12.704257,32.639427,100.0,60.970257,317.60217,36.635826,56.43583,0.0,35.970337,0.07571238,3.4830820000000178,0.3483082000000018
New_York,0.1,Peak-aware,Greedy,85,11.533513,11.533513,29.72496,100.0,54.649128,225.21616,33.73526,53.28526,0.0,49.469048,0.20192787,3.4830820000000178,0.3483082000000018
New_York,0.1,Peak-aware,Greedy,86,9.160679,9.160679,23.507862,100.0,44.813618,505.12784,38.184925,58.78493,0.0,22.608812,0.18377715,3.4830820000000178,0.3483082000000018
New_York,0.1,Peak-aware,Greedy,87,12.300006,12.300006,31.735811,100.0,58.295403,508.88174,36.17863,56.22863,0.0,22.563955,0.05461322,3.4830820000000178,0.3483082000000018
New_York,0.1,Peak-aware,Greedy,88,11.858255,11.858255,30.771389,100.0,62.413383,365.22397,38.331585,59.78159,0.0,33.63781,0.023198884,3.4830820000000178,0.3483082000000018
New_York,0.1,Peak-aware,Greedy,89,12.211714,17.211714,31.37729,95.0,60.830914,141.31519,41.83856,64.15434,1.0,85.77119,0.23167808,3.4830820000000178,0.3483082000000018
New_York,0.1,Peak-aware,Greedy,90,12.214808,12.214808,31.427242,100.0,57.608395,497.8924,32.967823,51.317825,0.0,21.320288,0.04438681,3.4830820000000178,0.3483082000000018
New_York,0.1,Peak-aware,Greedy,91,14.62071,14.62071,37.631065,100.0,68.93884,496.80347,36.63265,57.282646,0.0,24.251987,0.09867459,3.4830820000000178,0.3483082000000018
New_York,0.1,Peak-aware,Greedy,92,11.683767,11.683767,30.11329,100.0,58.318806,177.57478,35.055664,55.305664,0.0,65.22868,0.1730365,3.4830820000000178,0.3483082000000018
New_York,0.1,Peak-aware,Greedy,93,12.610576,12.610576,32.36518,100.0,59.68449,500.4655,39.089405,60.489407,0.0,24.361542,0.19835554,3.4830820000000178,0.3483082000000018
New_York,0.1,Peak-aware,Greedy,94,10.7354355,10.7354355,27.759836,100.0,52.45212,404.88855,36.833176,56.58317,0.0,27.628105,0.21886323,3.4830820000000178,0.3483082000000018
New_York,0.1,Peak-aware,Greedy,95,12.413237,12.413237,31.968872,100.0,61.24526,353.31223,40.673233,62.973232,0.0,35.89214,0.2492209,3.4830820000000178,0.3483082000000018
New_York,0.1,Peak-aware,Greedy,96,11.169698,11.169698,28.708427,100.0,51.410892,225.38058,34.574677,55.074673,0.0,51.181305,0.2600495,3.4830820000000178,0.3483082000000018
New_York,0.1,Peak-aware,Greedy,97,12.806766,12.806766,32.846973,100.0,63.116943,500.84146,40.039856,61.389854,0.0,24.464674,0.17884146,3.4830820000000178,0.3483082000000018
New_York,0.1,Peak-aware,Greedy,98,10.816833,10.816833,27.831314,100.0,51.66343,214.74326,38.66011,60.76011,0.0,57.471355,0.07459496,3.4830820000000178,0.3483082000000018
New_York,0.1,Peak-aware,Greedy,99,10.468225,10.468225,26.774424,100.0,52.303078,462.38342,32.955463,53.505455,0.0,25.049723,0.22719337,3.4830820000000178,0.3483082000000018
New_York,0.25,Off-peak,DVNDA,0,9.129781,9.129781,23.52453,100.0,40.899155,482.67392,37.818375,58.168377,0.0,23.198847,0.6044308,3.7315680000000033,0.37315680000000034
New_York,0.25,Off-peak,DVNDA,1,11.977199,11.977199,30.719337,100.0,54.73638,484.74545,42.75511,63.805103,0.0,24.535368,0.28638107,3.7315680000000033,0.37315680000000034
New_York,0.25,Off-peak,DVNDA,2,13.724879,13.724879,35.34244,100.0,63.679756,498.57227,51.677094,71.67709,0.0,23.25038,0.30865484,3.7315680000000033,0.37315680000000034
New_York,0.25,Off-peak,DVNDA,3,11.375616,11.375616,29.372988,100.0,50.31557,483.8819,58.51878,77.91877,0.0,22.64579,0.57899684,3.7315680000000033,0.37315680000000034
New_York,0.25,Off-peak,DVNDA,4,10.6247425,10.6247425,27.201159,100.0,49.153625,509.87613,42.271774,62.97178,0.0,22.709124,0.34125575,3.7315680000000033,0.37315680000000034
New_York,0.25,Off-peak,DVNDA,5,11.23132,11.23132,28.714403,100.0,49.26976,484.04886,41.80438,62.554375,0.0,23.978456,0.34670588,3.7315680000000033,0.37315680000000034
New_York,0.25,Off-peak,DVNDA,6,11.99562,11.99562,30.55288,100.0,54.959442,483.0561,39.255363,56.805367,0.0,21.009953,0.42621118,3.7315680000000033,0.37315680000000034
New_York,0.25,Off-peak,DVNDA,7,8.338639,8.338639,21.377266,100.0,38.04525,505.7535,59.18144,80.231445,0.0,22.691156,0.5794669,3.7315680000000033,0.37315680000000034
New_York,0.25,Off-peak,DVNDA,8,11.918483,11.918483,30.66,100.0,53.6362,513.7981,54.92916,75.52916,0.0,22.656572,0.5776455,3.7315680000000033,0.37315680000000034
New_York,0.25,Off-peak,DVNDA,9,13.569806,13.569806,35.06516,100.0,62.209274,496.0114,36.858307,57.808308,0.0,24.253944,0.13676168,3.7315680000000033,0.37315680000000034
New_York,0.25,Off-peak,DVNDA,10,11.175509,11.175509,28.62055,100.0,51.195675,483.4384,48.96301,68.563,0.0,22.918934,0.25562108,3.7315680000000033,0.37315680000000034
New_York,0.25,Off-peak,DVNDA,11,12.923972,12.923972,33.19432,100.0,57.907974,484.83234,42.86065,64.41065,0.0,25.21016,0.18600278,3.7315680000000033,0.37315680000000034
New_York,0.25,Off-peak,DVNDA,12,11.820877,11.820877,30.511902,100.0,53.659977,483.42368,53.66746,75.06746,0.0,24.908789,0.597203,3.7315680000000033,0.37315680000000034
New_York,0.25,Off-peak,DVNDA,13,11.553379,11.553379,29.647604,100.0,53.649994,507.40472,46.870186,67.52018,0.0,22.992002,0.2067093,3.7315680000000033,0.37315680000000034
New_York,0.25,Off-peak,DVNDA,14,12.398972,12.398972,32.02025,100.0,54.731598,504.93506,50.664745,71.66475,0.0,23.50459,0.71064115,3.7315680000000033,0.37315680000000034
New_York,0.25,Off-peak,DVNDA,15,9.934186,9.934186,25.521847,100.0,46.500168,496.65063,43.315548,64.26555,0.0,23.431973,0.27826503,3.7315680000000033,0.37315680000000034
New_York,0.25,Off-peak,DVNDA,16,9.388414,9.388414,23.953335,100.0,44.010956,522.7605,58.251545,79.35155,0.0,22.286064,0.59023416,3.7315680000000033,0.37315680000000034
New_York,0.25,Off-peak,DVNDA,17,11.075435,11.075435,28.40363,100.0,49.744408,483.0174,43.77996,65.32997,0.0,24.882359,0.4396142,3.7315680000000033,0.37315680000000034
New_York,0.25,Off-peak,DVNDA,18,11.809931,11.809931,30.330307,100.0,54.474766,507.3943,42.027954,60.877953,0.0,21.259338,0.550463,3.7315680000000033,0.37315680000000034
New_York,0.25,Off-peak,DVNDA,19,10.29816,10.29816,26.457895,100.0,47.502228,506.24142,60.525574,82.07558,0.0,23.630142,0.623837,3.7315680000000033,0.37315680000000034
New_York,0.25,Off-peak,DVNDA,20,10.15221,10.15221,25.943481,100.0,47.06234,510.75342,45.19537,66.945366,0.0,23.59565,0.11317198,3.7315680000000033,0.37315680000000034
New_York,0.25,Off-peak,DVNDA,21,14.638731,14.638731,37.470085,100.0,67.6791,514.06635,38.76178,58.06178,0.0,22.063257,0.14257097,3.7315680000000033,0.37315680000000034
New_York,0.25,Off-peak,DVNDA,22,11.438523,11.438523,29.46896,100.0,51.470154,508.57196,35.219532,55.31953,0.0,22.291348,0.3164588,3.7315680000000033,0.37315680000000034
New_York,0.25,Off-peak,DVNDA,23,11.348792,11.348792,29.257542,100.0,51.502037,483.0272,40.686382,59.136375,0.0,21.763891,0.5974226,3.7315680000000033,0.37315680000000034
New_York,0.25,Off-peak,DVNDA,24,12.335497,12.335497,31.818245,100.0,54.46391,482.95544,45.695465,67.74547,0.0,25.647491,0.34664354,3.7315680000000033,0.37315680000000034
New_York,0.25,Off-peak,DVNDA,25,10.011055,10.011055,25.581303,100.0,46.622185,508.06863,43.166267,64.61626,0.0,23.403442,0.20674396,3.7315680000000033,0.37315680000000034
New_York,0.25,Off-peak,DVNDA,26,11.834941,11.834941,30.377728,100.0,52.048157,506.06992,46.316322,67.46633,0.0,23.467514,0.22099875,3.7315680000000033,0.37315680000000034
New_York,0.25,Off-peak,DVNDA,27,11.977461,11.977461,30.85249,100.0,55.158794,483.73495,40.53617,57.936165,0.0,20.835728,0.28393078,3.7315680000000033,0.37315680000000034
New_York,0.25,Off-peak,DVNDA,28,9.938771,9.938771,25.590569,100.0,45.411114,483.10718,46.881054,67.13106,0.0,23.308039,0.3446328,3.7315680000000033,0.37315680000000034
New_York,0.25,Off-peak,DVNDA,29,11.420595,11.420595,29.160294,100.0,53.40216,483.50516,43.727146,64.32715,0.0,24.063972,0.17297046,3.7315680000000033,0.37315680000000034
New_York,0.25,Off-peak,DVNDA,30,11.195682,11.195682,28.844233,100.0,49.37129,483.2333,54.848457,76.798454,0.0,25.26581,0.61946964,3.7315680000000033,0.37315680000000034
New_York,0.25,Off-peak,DVNDA,31,10.78096,10.78096,27.6138,100.0,50.186836,495.9121,40.31701,62.017017,0.0,24.408903,0.18341038,3.7315680000000033,0.37315680000000034
New_York,0.25,Off-peak,DVNDA,32,11.731691,11.731691,30.083218,100.0,52.072662,484.32712,42.130707,62.930706,0.0,24.160975,0.26565385,3.7315680000000033,0.37315680000000034
New_York,0.25,Off-peak,DVNDA,33,12.995257,12.995257,33.58943,100.0,59.766357,483.3592,38.299644,57.64965,0.0,23.107368,0.12115058,3.7315680000000033,0.37315680000000034
New_York,0.25,Off-peak,DVNDA,34,13.259729,13.259729,33.81108,100.0,59.898804,504.87372,38.86889,59.268883,0.0,23.1691,0.120883435,3.7315680000000033,0.37315680000000034
New_York,0.25,Off-peak,DVNDA,35,13.163647,13.163647,33.67641,100.0,59.920677,483.72574,58.712902,79.7629,0.0,24.855032,0.5407366,3.7315680000000033,0.37315680000000034
New_York,0.25,Off-peak,DVNDA,36,10.876729,10.876729,27.880402,100.0,49.39278,484.15662,47.626366,67.876366,0.0,23.463108,0.36812645,3.7315680000000033,0.37315680000000034
New_York,0.25,Off-peak,DVNDA,37,12.76498,12.76498,32.67612,100.0,58.286438,483.64243,44.06241,65.6624,0.0,25.343433,0.17509447,3.7315680000000033,0.37315680000000034
New_York,0.25,Off-peak,DVNDA,38,11.204259,11.204259,28.77282,100.0,51.121593,483.60608,43.841076,62.74107,0.0,22.183424,0.5792356,3.7315680000000033,0.37315680000000034
New_York,0.25,Off-peak,DVNDA,39,11.177214,11.177214,28.769821,100.0,51.095917,483.77222,39.844173,57.444176,0.0,20.830875,0.3364964,3.7315680000000033,0.37315680000000034
New_York,0.25,Off-peak,DVNDA,40,10.144602,10.144602,25.930935,100.0,47.130135,512.10974,52.64187,71.54187,0.0,20.75386,0.6152966,3.7315680000000033,0.37315680000000034
New_York,0.25,Off-peak,DVNDA,41,13.70405,13.70405,35.06976,100.0,59.99346,484.67645,45.359276,66.30927,0.0,24.706871,0.20252056,3.7315680000000033,0.37315680000000034
New_York,0.25,Off-peak,DVNDA,42,11.157407,11.157407,28.863396,100.0,50.722248,483.24854,37.04802,55.348015,0.0,21.558382,0.27113152,3.7315680000000033,0.37315680000000034
New_York,0.25,Off-peak,DVNDA,43,12.882037,12.882037,33.269814,100.0,57.1953,483.93695,53.638405,71.78841,0.0,21.70713,0.6099335,3.7315680000000033,0.37315680000000034
New_York,0.25,Off-peak,DVNDA,44,13.3504095,13.3504095,34.355385,100.0,59.959496,483.97986,42.98146,64.781456,0.0,25.618807,0.19632319,3.7315680000000033,0.37315680000000034
New_York,0.25,Off-peak,DVNDA,45,10.4411955,10.4411955,26.702213,100.0,48.647434,483.0,38.751095,57.351097,0.0,21.772644,0.3889391,3.7315680000000033,0.37315680000000034
New_York,0.25,Off-peak,DVNDA,46,9.491959,9.491959,24.304043,100.0,41.84303,515.1119,54.52887,72.878876,0.0,19.842436,0.66333455,3.7315680000000033,0.37315680000000034
New_York,0.25,Off-peak,DVNDA,47,10.832663,10.832663,27.763636,100.0,50.813488,514.8846,52.9598,73.659805,0.0,22.568819,0.62267554,3.7315680000000033,0.37315680000000034
New_York,0.25,Off-peak,DVNDA,48,12.477905,12.477905,32.160313,100.0,55.28369,512.9054,35.704872,55.60487,0.0,22.093922,0.23463406,3.7315680000000033,0.37315680000000034
New_York,0.25,Off-peak,DVNDA,49,14.318704,14.318704,36.635105,100.0,64.4265,525.46936,29.034954,46.43495,0.0,19.621817,0.11855212,3.7315680000000033,0.37315680000000034
New_York,0.25,Off-peak,DVNDA,50,12.562348,12.562348,32.334404,100.0,56.38782,510.9942,35.452248,55.40224,0.0,22.279505,0.26927754,3.7315680000000033,0.37315680000000034
New_York,0.25,Off-peak,DVNDA,51,11.627571,11.627571,29.80871,100.0,52.766,508.63254,52.632885,74.53288,0.0,24.12183,0.32733643,3.7315680000000033,0.37315680000000034
New_York,0.25,Off-peak,DVNDA,52,10.446638,10.446638,26.946764,100.0,49.04624,483.12262,51.863747,72.06374,0.0,23.443645,0.5848877,3.7315680000000033,0.37315680000000034
New_York,0.25,Off-peak,DVNDA,53,11.038699,11.038699,28.454048,100.0,50.479374,484.31024,39.283237,61.38323,0.0,25.421692,0.26513487,3.7315680000000033,0.37315680000000034
New_York,0.25,Off-peak,DVNDA,54,11.253812,11.253812,29.018366,100.0,51.5852,517.9597,41.274242,64.07424,0.0,24.49926,0.17292573,3.7315680000000033,0.37315680000000034
New_York,0.25,Off-peak,DVNDA,55,11.564388,11.564388,29.559826,100.0,52.32276,522.3301,34.64147,54.341473,0.0,21.3621,0.14635257,3.7315680000000033,0.37315680000000034
New_York,0.25,Off-peak,DVNDA,56,10.413462,10.413462,26.718153,100.0,48.189945,484.61804,78.118065,100.018074,0.0,25.081093,0.5912232,3.7315680000000033,0.37315680000000034
New_York,0.25,Off-peak,DVNDA,57,11.877931,11.877931,30.414812,100.0,54.209698,499.89282,53.900127,75.800125,0.0,24.61576,0.3595261,3.7315680000000033,0.37315680000000034
New_York,0.25,Off-peak,DVNDA,58,12.358631,12.358631,31.528013,100.0,56.15768,509.11337,41.12742,61.62741,0.0,22.890661,0.17016937,3.7315680000000033,0.37315680000000034
New_York,0.25,Off-peak,DVNDA,59,12.564782,12.564782,32.225117,100.0,56.58935,484.92944,41.257713,63.207703,0.0,25.549559,0.14523269,3.7315680000000033,0.37315680000000034
New_York,0.25,Off-peak,DVNDA,60,13.122048,13.122048,33.86256,100.0,58.23353,508.02637,55.46975,76.61976,0.0,23.681526,0.23632637,3.7315680000000033,0.37315680000000034
New_York,0.25,Off-peak,DVNDA,61,11.282109,11.282109,29.01583,100.0,52.152134,513.90656,46.795925,67.495926,0.0,22.676888,0.35118073,3.7315680000000033,0.37315680000000034
New_York,0.25,Off-peak,DVNDA,62,9.810247,9.810247,25.153456,100.0,44.974716,502.86282,51.846733,68.54674,0.0,18.840858,0.5927738,3.7315680000000033,0.37315680000000034
New_York,0.25,Off-peak,DVNDA,63,11.772108,11.772108,30.142878,100.0,53.80306,483.7885,41.64393,61.893932,0.0,23.708868,0.19672075,3.7315680000000033,0.37315680000000034
New_York,0.25,Off-peak,DVNDA,64,14.40126,14.40126,37.144367,100.0,64.96794,504.1592,53.36606,73.31606,0.0,23.007015,0.28837043,3.7315680000000033,0.37315680000000034
New_York,0.25,Off-peak,DVNDA,65,11.534567,11.534567,29.664644,100.0,51.861702,507.04245,40.791847,60.441845,0.0,21.934145,0.22688046,3.7315680000000033,0.37315680000000034
New_York,0.25,Off-peak,DVNDA,66,10.874071,10.874071,27.972477,100.0,48.90577,485.05304,39.8164,58.016388,0.0,21.281475,0.59057426,3.7315680000000033,0.37315680000000034
New_York,0.25,Off-peak,DVNDA,67,8.521383,8.521383,21.91878,100.0,39.198483,497.10938,63.341515,83.591515,0.0,22.339067,0.6167724,3.7315680000000033,0.37315680000000034
New_York,0.25,Off-peak,DVNDA,68,10.460118,10.460118,26.905338,100.0,46.31837,505.14587,34.984768,52.984764,0.0,20.10896,0.24183978,3.7315680000000033,0.37315680000000034
New_York,0.25,Off-peak,DVNDA,69,11.35366,11.35366,29.229387,100.0,52.462353,483.41367,47.387535,67.13753,0.0,23.14076,0.6033743,3.7315680000000033,0.37315680000000034
New_York,0.25,Off-peak,DVNDA,70,11.851252,11.851252,30.306276,100.0,54.17127,517.4821,39.487556,59.68755,0.0,22.134645,0.16363777,3.7315680000000033,0.37315680000000034
New_York,0.25,Off-peak,DVNDA,71,13.578164,13.578164,34.817627,100.0,62.922398,504.60577,43.244545,59.74455,0.0,19.466803,0.5842121,3.7315680000000033,0.37315680000000034
New_York,0.25,Off-peak,DVNDA,72,11.322401,11.322401,28.861277,100.0,51.93246,506.90585,41.61406,62.864063,0.0,23.52175,0.28561744,3.7315680000000033,0.37315680000000034
New_York,0.25,Off-peak,DVNDA,73,10.208865,10.208865,26.317207,100.0,46.500843,507.05206,59.193806,80.64381,0.0,23.444376,0.43232444,3.7315680000000033,0.37315680000000034
New_York,0.25,Off-peak,DVNDA,74,11.077125,11.077125,28.460812,100.0,52.439056,483.9157,37.870163,57.220165,0.0,22.702251,0.14312032,3.7315680000000033,0.37315680000000034
New_York,0.25,Off-peak,DVNDA,75,10.740754,10.740754,27.59642,100.0,49.130726,482.99594,43.920006,64.72,0.0,24.075289,0.20316763,3.7315680000000033,0.37315680000000034
New_York,0.25,Off-peak,DVNDA,76,11.617909,11.617909,29.687641,100.0,51.56971,507.15207,44.262978,67.362976,0.0,25.31635,0.2537787,3.7315680000000033,0.37315680000000034
New_York,0.25,Off-peak,DVNDA,77,13.702746,13.702746,35.347813,100.0,61.958805,484.1113,48.55062,70.20062,0.0,25.560183,0.27184927,3.7315680000000033,0.37315680000000034
New_York,0.25,Off-peak,DVNDA,78,11.185186,11.185186,28.686806,100.0,51.21536,484.6246,68.06996,86.969955,0.0,22.141638,0.6197012,3.7315680000000033,0.37315680000000034
New_York,0.25,Off-peak,DVNDA,79,10.648599,10.648599,27.371576,100.0,48.22655,516.2045,43.345554,64.64556,0.0,22.966995,0.27061978,3.7315680000000033,0.37315680000000034
New_York,0.25,Off-peak,DVNDA,80,9.286763,9.286763,23.814156,100.0,42.201,483.2044,62.03239,82.58239,0.0,23.447683,0.59982854,3.7315680000000033,0.37315680000000034
New_York,0.25,Off-peak,DVNDA,81,12.339209,12.339209,31.75045,100.0,56.646408,483.75888,51.49212,70.89213,0.0,22.97872,0.45181328,3.7315680000000033,0.37315680000000034
New_York,0.25,Off-peak,DVNDA,82,12.35263,12.35263,31.817217,100.0,55.20322,485.6068,40.714306,60.61431,0.0,23.331799,0.24815634,3.7315680000000033,0.37315680000000034
New_York,0.25,Off-peak,DVNDA,83,11.509472,11.509472,29.544004,100.0,52.718094,483.16968,46.413094,68.21309,0.0,25.287086,0.3643486,3.7315680000000033,0.37315680000000034
New_York,0.25,Off-peak,DVNDA,84,10.3096,10.3096,26.643604,100.0,46.42459,483.64587,52.45185,72.25185,0.0,22.869246,0.62037593,3.7315680000000033,0.37315680000000034
New_York,0.25,Off-peak,DVNDA,85,10.335404,10.335404,26.644632,100.0,47.358624,508.6814,42.250748,61.800743,0.0,21.543875,0.5443174,3.7315680000000033,0.37315680000000034
New_York,0.25,Off-peak,DVNDA,86,11.730618,11.730618,30.063816,100.0,52.50889,507.14807,45.709644,66.30965,0.0,22.898094,0.33364737,3.7315680000000033,0.37315680000000034
New_York,0.25,Off-peak,DVNDA,87,10.698958,10.698958,27.514845,100.0,47.850193,509.71527,51.662315,71.71231,0.0,22.01475,0.5990501,3.7315680000000033,0.37315680000000034
New_York,0.25,Off-peak,DVNDA,88,10.1442375,10.1442375,26.25769,100.0,46.37161,482.68274,60.17582,81.62582,0.0,24.621328,0.6056106,3.7315680000000033,0.37315680000000034
New_York,0.25,Off-peak,DVNDA,89,10.979623,15.979623,28.27677,95.0,51.506027,483.93884,37.64568,59.961464,1.0,24.564367,0.25112978,3.7315680000000033,0.37315680000000034
New_York,0.25,Off-peak,DVNDA,90,11.609059,11.609059,29.871256,100.0,54.722843,499.30957,36.354397,54.704395,0.0,21.1153,0.14709602,3.7315680000000033,0.37315680000000034
New_York,0.25,Off-peak,DVNDA,91,11.888187,11.888187,30.40388,100.0,55.486088,497.66614,48.637596,69.287605,0.0,23.534159,0.27229688,3.7315680000000033,0.37315680000000034
New_York,0.25,Off-peak,DVNDA,92,11.048995,11.048995,28.273838,100.0,49.49071,498.37567,66.96503,87.21503,0.0,22.798601,0.6369468,3.7315680000000033,0.37315680000000034
New_York,0.25,Off-peak,DVNDA,93,13.502642,13.502642,34.77535,100.0,60.371826,503.55182,39.93041,61.330414,0.0,24.246353,0.29595697,3.7315680000000033,0.37315680000000034
New_York,0.25,Off-peak,DVNDA,94,11.800608,11.800608,30.402271,100.0,53.20258,503.20102,40.256203,60.006203,0.0,22.26757,0.2980312,3.7315680000000033,0.37315680000000034
New_York,0.25,Off-peak,DVNDA,95,11.074931,11.074931,28.3854,100.0,50.133446,485.0397,75.098785,97.39879,0.0,25.571796,0.6282224,3.7315680000000033,0.37315680000000034
New_York,0.25,Off-peak,DVNDA,96,10.352475,10.352475,26.827257,100.0,45.062763,508.9231,60.370308,80.87031,0.0,22.354198,0.5823017,3.7315680000000033,0.37315680000000034
New_York,0.25,Off-peak,DVNDA,97,10.126096,10.126096,26.022278,100.0,46.320244,500.99847,61.789387,83.13938,0.0,23.618847,0.59104145,3.7315680000000033,0.37315680000000034
New_York,0.25,Off-peak,DVNDA,98,10.360594,10.360594,26.715567,100.0,47.640816,483.89716,46.69487,68.79487,0.0,25.296741,0.41516492,3.7315680000000033,0.37315680000000034
New_York,0.25,Off-peak,DVNDA,99,8.74499,8.74499,22.366087,100.0,40.445564,482.19824,68.27354,88.82353,0.0,23.405603,0.8188873,3.7315680000000033,0.37315680000000034
New_York,0.25,Off-peak,Greedy,0,10.912386,10.912386,27.983896,100.0,49.67021,468.00375,23.306557,43.656555,0.0,24.39458,0.24027444,3.75484199999999,0.375484199999999
New_York,0.25,Off-peak,Greedy,1,11.639906,11.639906,29.784801,100.0,53.617695,465.9372,28.962368,50.012367,0.0,25.465754,0.1737667,3.75484199999999,0.375484199999999
New_York,0.25,Off-peak,Greedy,2,14.827603,14.827603,38.287285,100.0,67.23493,497.1473,24.59767,44.59767,0.0,23.495796,0.34197345,3.75484199999999,0.375484199999999
New_York,0.25,Off-peak,Greedy,3,11.472462,11.472462,29.528828,100.0,51.655827,451.04962,26.26104,45.661037,0.0,24.368484,0.238502,3.75484199999999,0.375484199999999
New_York,0.25,Off-peak,Greedy,4,10.741025,10.741025,27.411386,100.0,49.716892,511.0337,23.939213,44.639214,0.0,22.68524,0.1527891,3.75484199999999,0.375484199999999
New_York,0.25,Off-peak,Greedy,5,10.7295475,10.7295475,27.523281,100.0,47.230824,456.15463,24.617277,45.367275,0.0,25.333014,0.40210584,3.75484199999999,0.375484199999999
New_York,0.25,Off-peak,Greedy,6,12.483412,12.483412,31.755577,100.0,58.146656,463.183,23.845135,41.395134,0.0,22.083422,0.17638041,3.75484199999999,0.375484199999999
New_York,0.25,Off-peak,Greedy,7,10.728113,10.728113,27.537348,100.0,48.39413,497.35205,27.375422,48.425415,0.0,23.594662,0.14328459,3.75484199999999,0.375484199999999
New_York,0.25,Off-peak,Greedy,8,14.387191,14.387191,37.162952,100.0,63.525936,513.82947,26.136715,46.73672,0.0,23.13637,0.21349312,3.75484199999999,0.375484199999999
New_York,0.25,Off-peak,Greedy,9,13.010005,13.010005,33.738476,100.0,60.465298,494.72012,23.809486,44.759487,0.0,24.22912,0.23574172,3.75484199999999,0.375484199999999
New_York,0.25,Off-peak,Greedy,10,10.2707405,10.2707405,26.196127,100.0,46.473248,460.96518,27.08262,46.68262,0.0,23.78017,0.25959563,3.75484199999999,0.375484199999999
New_York,0.25,Off-peak,Greedy,11,14.911089,14.911089,38.38268,100.0,66.090805,457.4256,27.961178,49.51118,0.0,27.167849,0.28591552,3.75484199999999,0.375484199999999
New_York,0.25,Off-peak,Greedy,12,11.106178,11.106178,28.45352,100.0,51.103836,417.8429,28.694252,50.094254,0.0,28.66531,0.07160208,3.75484199999999,0.375484199999999
New_York,0.25,Off-peak,Greedy,13,13.286366,13.286366,34.106457,100.0,62.00276,507.72452,26.24017,46.89017,0.0,23.388803,0.113797836,3.75484199999999,0.375484199999999
New_York,0.25,Off-peak,Greedy,14,12.896849,12.896849,33.164223,100.0,56.35175,501.38043,25.40375,46.40375,0.0,23.75201,0.3448264,3.75484199999999,0.375484199999999
New_York,0.25,Off-peak,Greedy,15,11.461053,11.461053,29.366463,100.0,53.003574,499.37747,25.737501,46.687504,0.0,23.629597,0.21760082,3.75484199999999,0.375484199999999
New_York,0.25,Off-peak,Greedy,16,10.596372,10.596372,27.209381,100.0,49.88787,509.93878,28.931093,50.03109,0.0,23.134535,0.32696608,3.75484199999999,0.375484199999999
New_York,0.25,Off-peak,Greedy,17,11.808803,11.808803,30.430542,100.0,52.620316,453.78888,29.429518,50.979527,0.0,26.643465,0.094735794,3.75484199999999,0.375484199999999
New_York,0.25,Off-peak,Greedy,18,12.483616,12.483616,32.273045,100.0,56.25897,507.81693,23.656975,42.506973,0.0,21.329485,0.19155273,3.75484199999999,0.375484199999999
New_York,0.25,Off-peak,Greedy,19,10.325155,10.325155,26.606995,100.0,47.60548,508.14102,25.033842,46.583843,0.0,23.546883,0.28868443,3.75484199999999,0.375484199999999
New_York,0.25,Off-peak,Greedy,20,11.015474,11.015474,28.180113,100.0,50.843185,511.80347,28.067528,49.817528,0.0,23.73192,0.39281204,3.75484199999999,0.375484199999999
New_York,0.25,Off-peak,Greedy,21,13.231325,13.231325,33.876656,100.0,59.659966,513.74133,24.091225,43.391224,0.0,21.686983,0.102179036,3.75484199999999,0.375484199999999
New_York,0.25,Off-peak,Greedy,22,11.261084,11.261084,29.026312,100.0,50.630676,508.57196,21.20833,41.30833,0.0,22.250082,0.42707056,3.75484199999999,0.375484199999999
New_York,0.25,Off-peak,Greedy,23,12.293017,12.293017,31.641285,100.0,55.334667,404.71252,24.885258,43.33526,0.0,26.212105,0.36150682,3.75484199999999,0.375484199999999
New_York,0.25,Off-peak,Greedy,24,12.487043,12.487043,32.120083,100.0,55.02079,458.20602,22.77948,44.829475,0.0,27.063196,0.34027833,3.75484199999999,0.375484199999999
New_York,0.25,Off-peak,Greedy,25,11.503982,11.503982,29.47706,100.0,53.134007,507.3988,25.86599,47.31599,0.0,23.755178,0.29963574,3.75484199999999,0.375484199999999
New_York,0.25,Off-peak,Greedy,26,11.837697,11.837697,30.19155,100.0,52.65047,507.09744,27.771029,48.921024,0.0,23.449657,0.27116427,3.75484199999999,0.375484199999999
New_York,0.25,Off-peak,Greedy,27,11.372214,11.372214,29.32101,100.0,52.411724,447.59592,22.399418,39.799423,0.0,22.364576,0.100477204,3.75484199999999,0.375484199999999
New_York,0.25,Off-peak,Greedy,28,11.973725,11.973725,30.930666,100.0,54.4077,352.93713,24.405098,44.655098,0.0,32.54175,0.23342802,3.75484199999999,0.375484199999999
New_York,0.25,Off-peak,Greedy,29,11.198581,11.198581,28.710714,100.0,52.48026,453.4599,25.76222,46.36222,0.0,25.607573,0.17747086,3.75484199999999,0.375484199999999
New_York,0.25,Off-peak,Greedy,30,12.904427,12.904427,33.415295,100.0,55.78779,463.6947,30.64637,52.596367,0.0,26.676376,0.12816654,3.75484199999999,0.375484199999999
New_York,0.25,Off-peak,Greedy,31,11.622289,11.622289,29.850277,100.0,53.32326,495.30795,26.82848,48.528477,0.0,24.596985,0.29236576,3.75484199999999,0.375484199999999
New_York,0.25,Off-peak,Greedy,32,12.8920765,12.8920765,33.048523,100.0,57.252087,368.95328,24.398159,45.198162,0.0,32.067207,0.32725823,3.75484199999999,0.375484199999999
New_York,0.25,Off-peak,Greedy,33,13.1479225,13.1479225,33.830696,100.0,59.529137,468.68015,22.570658,41.92066,0.0,23.818436,0.2546946,3.75484199999999,0.375484199999999
New_York,0.25,Off-peak,Greedy,34,11.23693,11.23693,28.62314,100.0,51.125637,502.31207,23.252184,43.652187,0.0,22.850618,0.27245966,3.75484199999999,0.375484199999999
New_York,0.25,Off-peak,Greedy,35,12.12581,12.12581,31.320103,100.0,54.99755,462.73126,25.190243,46.240246,0.0,25.716738,0.22134715,3.75484199999999,0.375484199999999
New_York,0.25,Off-peak,Greedy,36,13.630576,13.630576,34.94332,100.0,62.06936,467.5172,23.723013,43.97301,0.0,24.976051,0.21986692,3.75484199999999,0.375484199999999
New_York,0.25,Off-peak,Greedy,37,11.295342,11.295342,28.81773,100.0,51.764282,405.0819,28.56372,50.163723,0.0,29.855955,0.18504903,3.75484199999999,0.375484199999999
New_York,0.25,Off-peak,Greedy,38,10.728182,10.728182,27.642925,100.0,48.882298,316.3668,25.02101,43.921013,0.0,33.733177,0.32800502,3.75484199999999,0.375484199999999
New_York,0.25,Off-peak,Greedy,39,11.010515,11.010515,28.401136,100.0,50.07801,353.83344,22.931293,40.531292,0.0,28.408707,0.31908047,3.75484199999999,0.375484199999999
New_York,0.25,Off-peak,Greedy,40,13.270955,13.270955,33.897552,100.0,61.780308,512.10974,21.925425,40.825424,0.0,21.469048,0.45995036,3.75484199999999,0.375484199999999
New_York,0.25,Off-peak,Greedy,41,13.742552,13.742552,35.206177,100.0,61.943478,454.47983,24.38859,45.338596,0.0,26.455713,0.24327499,3.75484199999999,0.375484199999999
New_York,0.25,Off-peak,Greedy,42,10.646219,10.646219,27.352058,100.0,48.36097,402.13553,23.954538,42.254536,0.0,25.760035,0.107657604,3.75484199999999,0.375484199999999
New_York,0.25,Off-peak,Greedy,43,12.670385,12.670385,32.667053,100.0,55.82898,467.12027,20.93388,39.08388,0.0,22.41548,0.16624188,3.75484199999999,0.375484199999999
New_York,0.25,Off-peak,Greedy,44,11.851738,11.851738,30.58431,100.0,54.177456,411.6726,29.452301,51.2523,0.0,29.767433,0.19096854,3.75484199999999,0.375484199999999
New_York,0.25,Off-peak,Greedy,45,10.27635,10.27635,26.369844,100.0,47.236683,369.36368,20.546364,39.146362,0.0,28.375603,0.3720437,3.75484199999999,0.375484199999999
New_York,0.25,Off-peak,Greedy,46,11.688755,11.688755,30.089024,100.0,51.272564,516.86346,23.106262,41.456264,0.0,20.231289,0.15994114,3.75484199999999,0.375484199999999
New_York,0.25,Off-peak,Greedy,47,10.699867,10.699867,27.452543,100.0,49.532837,514.8846,26.031574,46.73157,0.0,22.50664,0.25752047,3.75484199999999,0.375484199999999
New_York,0.25,Off-peak,Greedy,48,11.98101,11.98101,30.882559,100.0,54.056732,514.37036,23.768124,43.66812,0.0,21.971363,0.23254903,3.75484199999999,0.375484199999999
New_York,0.25,Off-peak,Greedy,49,12.400745,12.400745,31.844412,100.0,55.30678,508.85852,19.512514,36.912514,0.0,19.81429,0.11527982,3.75484199999999,0.375484199999999
New_York,0.25,Off-peak,Greedy,50,11.142443,11.142443,28.530956,100.0,50.68982,508.30576,23.016926,42.966927,0.0,22.117092,0.15922622,3.75484199999999,0.375484199999999
New_York,0.25,Off-peak,Greedy,51,10.865632,10.865632,27.80483,100.0,49.550686,508.872,28.124603,50.024597,0.0,23.95252,0.093599305,3.75484199999999,0.375484199999999
New_York,0.25,Off-peak,Greedy,52,11.177472,11.177472,28.642756,100.0,51.620716,255.62439,27.188297,47.388298,0.0,44.559586,0.12668234,3.75484199999999,0.375484199999999
New_York,0.25,Off-peak,Greedy,53,11.394213,11.394213,29.105986,100.0,52.084,450.58463,27.193571,49.29357,0.0,27.413494,0.06881702,3.75484199999999,0.375484199999999
New_York,0.25,Off-peak,Greedy,54,10.849382,10.849382,27.920263,100.0,49.345203,516.4655,27.621923,50.421925,0.0,24.461712,0.207912,3.75484199999999,0.375484199999999
New_York,0.25,Off-peak,Greedy,55,11.167634,11.167634,28.498634,100.0,50.648132,504.60773,23.703953,43.403954,0.0,22.029396,0.16740994,3.75484199999999,0.375484199999999
New_York,0.25,Off-peak,Greedy,56,14.188578,14.188578,36.60486,100.0,63.68312,453.78625,31.856567,53.75657,0.0,27.638735,0.10738214,3.75484199999999,0.375484199999999
New_York,0.25,Off-peak,Greedy,57,12.778298,12.778298,32.68046,100.0,57.902176,499.6452,27.402573,49.302578,0.0,24.812714,0.21899046,3.75484199999999,0.375484199999999
New_York,0.25,Off-peak,Greedy,58,12.238847,12.238847,31.262884,100.0,56.34803,508.90778,26.434383,46.93438,0.0,22.909262,0.1653325,3.75484199999999,0.375484199999999
New_York,0.25,Off-peak,Greedy,59,13.39098,13.39098,34.44719,100.0,59.914387,452.33014,26.24636,48.196358,0.0,27.574682,0.04690829,3.75484199999999,0.375484199999999
New_York,0.25,Off-peak,Greedy,60,13.01068,13.01068,33.650806,100.0,57.270615,507.58603,29.61565,50.765648,0.0,23.65464,0.049239304,3.75484199999999,0.375484199999999
New_York,0.25,Off-peak,Greedy,61,10.83091,10.83091,27.808434,100.0,49.708344,513.6694,26.208855,46.90885,0.0,22.568426,0.20204087,3.75484199999999,0.375484199999999
New_York,0.25,Off-peak,Greedy,62,10.286302,10.286302,26.614832,100.0,45.896393,502.31735,22.40989,39.10989,0.0,18.907192,0.20055236,3.75484199999999,0.375484199999999
New_York,0.25,Off-peak,Greedy,63,11.091753,11.091753,28.434141,100.0,49.78103,358.81665,25.27111,45.521107,0.0,31.686169,0.1296324,3.75484199999999,0.375484199999999
New_York,0.25,Off-peak,Greedy,64,12.532847,12.532847,32.345688,100.0,56.179974,503.35837,26.536694,46.486694,0.0,22.607151,0.2346095,3.75484199999999,0.375484199999999
New_York,0.25,Off-peak,Greedy,65,13.385677,13.385677,34.553585,100.0,60.14363,506.79468,23.464687,43.114685,0.0,22.353413,0.28230587,3.75484199999999,0.375484199999999
New_York,0.25,Off-peak,Greedy,66,12.170463,12.170463,31.21385,100.0,55.103607,371.77094,21.508818,39.708817,0.0,28.182919,0.25917658,3.75484199999999,0.375484199999999
New_York,0.25,Off-peak,Greedy,67,11.624112,11.624112,29.799147,100.0,53.723248,496.1364,24.678228,44.928234,0.0,23.114775,0.2254414,3.75484199999999,0.375484199999999
New_York,0.25,Off-peak,Greedy,68,12.231508,12.231508,31.489262,100.0,53.921124,505.41074,20.043509,38.043507,0.0,20.474491,0.1708153,3.75484199999999,0.375484199999999
New_York,0.25,Off-peak,Greedy,69,12.300911,12.300911,31.761568,100.0,57.553932,418.34586,25.428638,45.178635,0.0,27.044249,0.08250798,3.75484199999999,0.375484199999999
New_York,0.25,Off-peak,Greedy,70,14.371981,14.371981,36.7749,100.0,64.36042,516.505,26.296474,46.496475,0.0,22.669695,0.12484004,3.75484199999999,0.375484199999999
New_York,0.25,Off-peak,Greedy,71,13.547409,13.547409,34.94268,100.0,61.535526,503.79456,21.953094,38.453094,0.0,19.429325,0.28285372,3.75484199999999,0.375484199999999
New_York,0.25,Off-peak,Greedy,72,10.868942,10.868942,27.772,100.0,49.431335,504.55936,27.714663,48.96467,0.0,23.507212,0.33594078,3.75484199999999,0.375484199999999
New_York,0.25,Off-peak,Greedy,73,10.220742,10.220742,26.345697,100.0,45.87442,507.60303,27.798862,49.248867,0.0,23.388079,0.2616903,3.75484199999999,0.375484199999999
New_York,0.25,Off-peak,Greedy,74,13.695089,13.695089,34.96988,100.0,62.735287,272.48068,25.674791,45.024796,0.0,41.263042,0.16839693,3.75484199999999,0.375484199999999
New_York,0.25,Off-peak,Greedy,75,10.991375,10.991375,28.196266,100.0,50.080074,258.23358,26.669466,47.469463,0.0,45.12195,0.13916564,3.75484199999999,0.375484199999999
New_York,0.25,Off-peak,Greedy,76,13.133404,13.133404,33.84631,100.0,57.012913,506.62668,29.074488,52.174484,0.0,25.61121,0.18837251,3.75484199999999,0.375484199999999
New_York,0.25,Off-peak,Greedy,77,12.758823,12.758823,32.953144,100.0,57.549786,459.1389,26.651773,48.301773,0.0,26.710316,0.20427617,3.75484199999999,0.375484199999999
New_York,0.25,Off-peak,Greedy,78,11.496028,11.496028,29.523674,100.0,52.810284,405.60684,25.23058,44.13058,0.0,26.55344,0.3053187,3.75484199999999,0.375484199999999
New_York,0.25,Off-peak,Greedy,79,10.72706,10.72706,27.604053,100.0,48.35143,517.6698,25.219769,46.519768,0.0,22.90801,0.15579979,3.75484199999999,0.375484199999999
New_York,0.25,Off-peak,Greedy,80,12.006913,12.006913,30.795006,100.0,53.120213,412.2347,27.01984,47.569843,0.0,28.146603,0.07013639,3.75484199999999,0.375484199999999
New_York,0.25,Off-peak,Greedy,81,11.766,11.766,30.423344,100.0,53.609905,456.1408,22.055193,41.455196,0.0,24.203594,0.2436575,3.75484199999999,0.375484199999999
New_York,0.25,Off-peak,Greedy,82,14.331109,14.331109,36.93109,100.0,64.02303,451.27875,22.630674,42.530674,0.0,25.595215,0.26568356,3.75484199999999,0.375484199999999
New_York,0.25,Off-peak,Greedy,83,11.148201,11.148201,28.598373,100.0,49.819317,418.9414,27.600655,49.400654,0.0,28.990887,0.3456597,3.75484199999999,0.375484199999999
New_York,0.25,Off-peak,Greedy,84,14.156884,14.156884,36.464985,100.0,62.16848,470.5961,25.240808,45.040806,0.0,24.339794,0.3325029,3.75484199999999,0.375484199999999
New_York,0.25,Off-peak,Greedy,85,13.188218,13.188218,34.052677,100.0,60.21861,508.84283,22.937654,42.487656,0.0,22.16886,0.17320292,3.75484199999999,0.375484199999999
New_York,0.25,Off-peak,Greedy,86,11.5468025,11.5468025,29.751759,100.0,50.432472,506.4592,24.6725,45.2725,0.0,22.82674,0.24298973,3.75484199999999,0.375484199999999
New_York,0.25,Off-peak,Greedy,87,13.193282,13.193282,34.008183,100.0,59.502834,509.71527,27.841576,47.89157,0.0,22.586279,0.21733072,3.75484199999999,0.375484199999999
New_York,0.25,Off-peak,Greedy,88,12.685789,12.685789,32.866096,100.0,58.90797,372.24866,25.142622,46.592625,0.0,32.767612,0.21261342,3.75484199999999,0.375484199999999
New_York,0.25,Off-peak,Greedy,89,11.370547,11.370547,29.290133,100.0,52.45702,514.5015,27.249693,49.899693,0.0,24.560522,0.054037627,3.75484199999999,0.375484199999999
New_York,0.25,Off-peak,Greedy,90,13.692283,13.692283,35.13043,100.0,63.104225,499.30957,23.167246,41.517246,0.0,21.534948,0.23635024,3.75484199999999,0.375484199999999
New_York,0.25,Off-peak,Greedy,91,13.081665,13.081665,33.674408,100.0,61.338753,494.7207,25.25166,45.90166,0.0,23.970028,0.22114639,3.75484199999999,0.375484199999999
New_York,0.25,Off-peak,Greedy,92,13.257991,13.257991,34.141697,100.0,57.99768,498.37567,28.811308,49.061302,0.0,23.225334,0.29541552,3.75484199999999,0.375484199999999
New_York,0.25,Off-peak,Greedy,93,12.547561,12.547561,32.266693,100.0,57.134583,498.99695,25.73866,47.13866,0.0,24.30549,0.22982606,3.75484199999999,0.375484199999999
New_York,0.25,Off-peak,Greedy,94,11.919023,11.919023,30.83043,100.0,52.762814,503.36707,25.72768,45.477673,0.0,22.238382,0.23344454,3.75484199999999,0.375484199999999
New_York,0.25,Off-peak,Greedy,95,12.938974,12.938974,33.397156,100.0,58.9983,354.12128,29.976072,52.276073,0.0,35.65151,0.14720556,3.75484199999999,0.375484199999999
New_York,0.25,Off-peak,Greedy,96,11.408369,11.408369,29.399483,100.0,49.7481,510.81973,22.93392,43.433914,0.0,22.500505,0.3921207,3.75484199999999,0.375484199999999
New_York,0.25,Off-peak,Greedy,97,12.808259,12.808259,32.832382,100.0,59.039677,500.84146,28.915077,50.265083,0.0,24.261154,0.11835255,3.75484199999999,0.375484199999999
New_York,0.25,Off-peak,Greedy,98,10.170961,10.170961,26.10811,100.0,47.664513,453.92416,26.14182,48.241825,0.0,26.968412,0.2557183,3.75484199999999,0.375484199999999
New_York,0.25,Off-peak,Greedy,99,10.304661,10.304661,26.339691,100.0,47.037514,462.54626,22.65102,43.20102,0.0,24.756308,0.15626286,3.75484199999999,0.375484199999999
New_York,0.25,Peak-aware,DVNDA,0,9.129781,9.129781,23.52453,100.0,43.210335,482.67392,37.9672,58.317207,0.0,23.318554,0.6044308,3.9510960000000135,0.39510960000000134
New_York,0.25,Peak-aware,DVNDA,1,11.986013,11.986013,30.739445,100.0,58.439354,484.74545,42.977215,64.02721,0.0,24.726341,0.28622973,3.9510960000000135,0.39510960000000134
New_York,0.25,Peak-aware,DVNDA,2,13.786469,13.786469,35.499752,100.0,68.78765,498.57227,51.988716,71.988716,0.0,23.506506,0.30717295,3.9510960000000135,0.39510960000000134
New_York,0.25,Peak-aware,DVNDA,3,11.375616,11.375616,29.372988,100.0,53.98419,483.8819,58.87742,78.27741,0.0,22.835331,0.57899684,3.9510960000000135,0.39510960000000134
New_York,0.25,Peak-aware,DVNDA,4,10.6247425,10.6247425,27.201159,100.0,51.641502,509.87613,42.431675,63.13167,0.0,22.831106,0.34125575,3.9510960000000135,0.39510960000000134
New_York,0.25,Peak-aware,DVNDA,5,11.23132,11.23132,28.714403,100.0,52.107094,484.04886,42.04463,62.79463,0.0,24.125,0.34670588,3.9510960000000135,0.39510960000000134
New_York,0.25,Peak-aware,DVNDA,6,11.980948,11.980948,30.51601,100.0,58.75952,483.0561,39.56993,57.119923,0.0,21.206621,0.42457554,3.9510960000000135,0.39510960000000134
New_York,0.25,Peak-aware,DVNDA,7,8.34131,8.34131,21.384815,100.0,43.53205,505.7535,59.57949,80.62948,0.0,22.962376,0.57949287,3.9510960000000135,0.39510960000000134
New_York,0.25,Peak-aware,DVNDA,8,12.118102,12.118102,31.167704,100.0,58.552334,513.7981,55.564014,76.16402,0.0,22.895775,0.5783246,3.9510960000000135,0.39510960000000134
New_York,0.25,Peak-aware,DVNDA,9,13.592015,13.592015,35.12531,100.0,65.64587,496.0114,37.11003,58.060036,0.0,24.427156,0.13875273,3.9510960000000135,0.39510960000000134
New_York,0.25,Peak-aware,DVNDA,10,11.181587,11.181587,28.640352,100.0,54.61978,483.4384,49.266872,68.86687,0.0,23.096006,0.25586003,3.9510960000000135,0.39510960000000134
New_York,0.25,Peak-aware,DVNDA,11,12.923918,12.923918,33.194324,100.0,59.989388,484.83234,42.98199,64.532,0.0,25.317488,0.18600275,3.9510960000000135,0.39510960000000134
New_York,0.25,Peak-aware,DVNDA,12,11.83522,11.83522,30.544487,100.0,58.743637,483.42368,54.093567,75.49357,0.0,25.171688,0.5972776,3.9510960000000135,0.39510960000000134
New_York,0.25,Peak-aware,DVNDA,13,11.553379,11.553379,29.647604,100.0,55.189762,507.40472,46.97375,67.62375,0.0,23.067867,0.2067093,3.9510960000000135,0.39510960000000134
New_York,0.25,Peak-aware,DVNDA,14,12.400835,12.400835,32.025547,100.0,61.322037,504.93506,51.237072,72.237076,0.0,23.830889,0.71075773,3.9510960000000135,0.39510960000000134
New_York,0.25,Peak-aware,DVNDA,15,9.935834,9.935834,25.541685,100.0,50.78461,496.65063,43.588432,64.53843,0.0,23.647636,0.27841166,3.9510960000000135,0.39510960000000134
New_York,0.25,Peak-aware,DVNDA,16,9.388414,9.388414,23.953335,100.0,47.190483,522.7605,58.556404,79.65641,0.0,22.438118,0.59023416,3.9510960000000135,0.39510960000000134
New_York,0.25,Peak-aware,DVNDA,17,11.151096,11.151096,28.587507,100.0,53.82913,483.0174,44.069054,65.61905,0.0,25.093777,0.43940863,3.9510960000000135,0.39510960000000134
New_York,0.25,Peak-aware,DVNDA,18,11.812415,11.812415,30.336967,100.0,57.494144,507.3943,42.231255,61.081257,0.0,21.408106,0.5504465,3.9510960000000135,0.39510960000000134
New_York,0.25,Peak-aware,DVNDA,19,10.276483,10.276483,26.432863,100.0,50.357334,506.24142,60.91964,82.46963,0.0,23.77114,0.62444395,3.9510960000000135,0.39510960000000134
New_York,0.25,Peak-aware,DVNDA,20,10.15221,10.15221,25.943483,100.0,49.45252,510.75342,45.404186,67.15419,0.0,23.712645,0.11317198,3.9510960000000135,0.39510960000000134
New_York,0.25,Peak-aware,DVNDA,21,14.638731,14.638731,37.470085,100.0,70.96667,514.06635,38.959343,58.259346,0.0,22.223137,0.14257097,3.9510960000000135,0.39510960000000134
New_York,0.25,Peak-aware,DVNDA,22,11.438523,11.438523,29.46896,100.0,55.971886,508.57196,35.44462,55.544617,0.0,22.512636,0.3164588,3.9510960000000135,0.39510960000000134
New_York,0.25,Peak-aware,DVNDA,23,11.348792,11.348792,29.257542,100.0,53.42811,483.0272,40.782684,59.232685,0.0,21.863579,0.5974226,3.9510960000000135,0.39510960000000134
New_York,0.25,Peak-aware,DVNDA,24,12.338316,12.338316,31.825043,100.0,60.514557,482.95544,46.14176,68.19176,0.0,25.960701,0.3467413,3.9510960000000135,0.39510960000000134
New_York,0.25,Peak-aware,DVNDA,25,10.013811,10.013811,25.587982,100.0,49.55947,508.06863,43.361687,64.811676,0.0,23.547976,0.20647407,3.9510960000000135,0.39510960000000134
New_York,0.25,Peak-aware,DVNDA,26,11.834941,11.834941,30.377728,100.0,56.53424,506.06992,46.59724,67.74724,0.0,23.689127,0.22099875,3.9510960000000135,0.39510960000000134
New_York,0.25,Peak-aware,DVNDA,27,11.984055,11.984055,30.877556,100.0,58.908154,483.73495,40.723637,58.123627,0.0,21.029497,0.28285387,3.9510960000000135,0.39510960000000134
New_York,0.25,Peak-aware,DVNDA,28,10.439935,10.439935,26.941166,100.0,50.44504,483.10718,47.85838,68.10838,0.0,23.568537,0.350873,3.9510960000000135,0.39510960000000134
New_York,0.25,Peak-aware,DVNDA,29,11.420595,11.420595,29.160294,100.0,55.8734,483.50516,43.867424,64.46742,0.0,24.191753,0.17297046,3.9510960000000135,0.39510960000000134
New_York,0.25,Peak-aware,DVNDA,30,11.186469,11.186469,28.829412,100.0,54.105377,483.2333,55.33738,77.28738,0.0,25.51073,0.61910015,3.9510960000000135,0.39510960000000134
New_York,0.25,Peak-aware,DVNDA,31,10.787805,10.787805,27.629763,100.0,53.23315,495.9121,40.48171,62.181713,0.0,24.562475,0.18373358,3.9510960000000135,0.39510960000000134
New_York,0.25,Peak-aware,DVNDA,32,11.733664,11.733664,30.087364,100.0,56.37894,484.32712,42.40564,63.20564,0.0,24.383255,0.26583415,3.9510960000000135,0.39510960000000134
New_York,0.25,Peak-aware,DVNDA,33,12.99064,12.99064,33.589233,100.0,62.227306,483.3592,38.422695,57.772694,0.0,23.234652,0.12113699,3.9510960000000135,0.39510960000000134
New_York,0.25,Peak-aware,DVNDA,34,13.315174,13.315174,33.9574,100.0,61.778927,504.87372,39.005917,59.405907,0.0,23.262197,0.12156867,3.9510960000000135,0.39510960000000134
New_York,0.25,Peak-aware,DVNDA,35,13.148687,13.148687,33.639664,100.0,66.120544,483.72574,59.161827,80.21183,0.0,25.175455,0.54113764,3.9510960000000135,0.39510960000000134
New_York,0.25,Peak-aware,DVNDA,36,10.866172,10.866172,27.856865,100.0,52.887783,484.15662,47.915157,68.16516,0.0,23.64358,0.36860278,3.9510960000000135,0.39510960000000134
New_York,0.25,Peak-aware,DVNDA,37,12.770491,12.770491,32.689476,100.0,64.51013,483.64243,44.466663,66.066666,0.0,25.66514,0.17471193,3.9510960000000135,0.39510960000000134
New_York,0.25,Peak-aware,DVNDA,38,11.206742,11.206742,28.77948,100.0,54.259583,483.60608,44.04048,62.94048,0.0,22.345642,0.5792638,3.9510960000000135,0.39510960000000134
New_York,0.25,Peak-aware,DVNDA,39,11.157242,11.157242,28.716002,100.0,55.1327,483.77222,40.071358,57.671356,0.0,21.039486,0.33595234,3.9510960000000135,0.39510960000000134
New_York,0.25,Peak-aware,DVNDA,40,10.1456995,10.1456995,25.932878,100.0,49.7294,512.10974,52.852375,71.75237,0.0,20.880753,0.6152563,3.9510960000000135,0.39510960000000134
New_York,0.25,Peak-aware,DVNDA,41,13.706534,13.706534,35.07642,100.0,61.505356,484.67645,45.493896,66.4439,0.0,24.784853,0.20272298,3.9510960000000135,0.39510960000000134
New_York,0.25,Peak-aware,DVNDA,42,11.15967,11.15967,28.863455,100.0,54.45143,483.24854,37.24514,55.545143,0.0,21.751305,0.27113214,3.9510960000000135,0.39510960000000134
New_York,0.25,Peak-aware,DVNDA,43,12.727126,12.727126,32.86436,100.0,63.927467,483.93695,54.14435,72.29436,0.0,22.054913,0.60451263,3.9510960000000135,0.39510960000000134
New_York,0.25,Peak-aware,DVNDA,44,13.347927,13.347927,34.351433,100.0,64.7677,483.97986,43.299797,65.0998,0.0,25.867172,0.19591802,3.9510960000000135,0.39510960000000134
New_York,0.25,Peak-aware,DVNDA,45,10.4411955,10.4411955,26.702213,100.0,51.45629,483.0,38.90584,57.505848,0.0,21.91803,0.3889391,3.9510960000000135,0.39510960000000134
New_York,0.25,Peak-aware,DVNDA,46,9.491959,9.491959,24.304043,100.0,43.740955,515.1119,54.6912,73.0412,0.0,19.93455,0.66333455,3.9510960000000135,0.39510960000000134
New_York,0.25,Peak-aware,DVNDA,47,10.832663,10.832663,27.763636,100.0,55.154385,514.8846,53.330208,74.030205,0.0,22.77959,0.62267554,3.9510960000000135,0.39510960000000134
New_York,0.25,Peak-aware,DVNDA,48,12.519066,12.519066,32.248653,100.0,57.93319,512.9054,35.837345,55.737343,0.0,22.223063,0.23427154,3.9510960000000135,0.39510960000000134
New_York,0.25,Peak-aware,DVNDA,49,14.362239,14.362239,36.706867,100.0,65.52856,525.46936,29.090061,46.49006,0.0,19.67425,0.12048839,3.9510960000000135,0.39510960000000134
New_York,0.25,Peak-aware,DVNDA,50,12.562348,12.562348,32.334404,100.0,59.015766,510.9942,35.58364,55.53364,0.0,22.408073,0.26927754,3.9510960000000135,0.39510960000000134
New_York,0.25,Peak-aware,DVNDA,51,11.629775,11.629775,29.815271,100.0,57.242336,508.63254,52.93044,74.83044,0.0,24.34185,0.32745087,3.9510960000000135,0.39510960000000134
New_York,0.25,Peak-aware,DVNDA,52,10.446897,10.446897,26.947594,100.0,52.811268,483.12262,52.159027,72.35904,0.0,23.63847,0.58489406,3.9510960000000135,0.39510960000000134
New_York,0.25,Peak-aware,DVNDA,53,11.037026,11.037026,28.45216,100.0,54.903988,484.31024,39.53219,61.632183,0.0,25.650087,0.26465186,3.9510960000000135,0.39510960000000134
New_York,0.25,Peak-aware,DVNDA,54,11.262157,11.262157,29.039717,100.0,55.38743,517.9597,41.516365,64.31637,0.0,24.682777,0.1726005,3.9510960000000135,0.39510960000000134
New_York,0.25,Peak-aware,DVNDA,55,11.566543,11.566543,29.56654,100.0,54.02872,522.3301,34.72677,54.42677,0.0,21.443752,0.14610983,3.9510960000000135,0.39510960000000134
New_York,0.25,Peak-aware,DVNDA,56,10.414558,10.414558,26.720097,100.0,52.558903,484.61804,78.64253,100.542534,0.0,25.306475,0.5911967,3.9510960000000135,0.39510960000000134
New_York,0.25,Peak-aware,DVNDA,57,11.877931,11.877931,30.414812,100.0,59.05715,499.89282,54.25556,76.15556,0.0,24.858192,0.3595261,3.9510960000000135,0.39510960000000134
New_York,0.25,Peak-aware,DVNDA,58,12.358631,12.358631,31.528013,100.0,56.867996,509.11337,41.162926,61.662926,0.0,22.925545,0.17016937,3.9510960000000135,0.39510960000000134
New_York,0.25,Peak-aware,DVNDA,59,12.56701,12.56701,32.230217,100.0,57.97544,484.92944,41.327015,63.277008,0.0,25.621016,0.1450663,3.9510960000000135,0.39510960000000134
New_York,0.25,Peak-aware,DVNDA,60,13.109735,13.109735,33.860863,100.0,62.236942,508.02637,55.83095,76.98096,0.0,23.87853,0.2358455,3.9510960000000135,0.39510960000000134
New_York,0.25,Peak-aware,DVNDA,61,11.298126,11.298126,29.05259,100.0,53.464268,513.90656,46.912083,67.61208,0.0,22.740719,0.35213694,3.9510960000000135,0.39510960000000134
New_York,0.25,Peak-aware,DVNDA,62,9.799408,9.799408,25.157701,100.0,47.942776,502.86282,52.0671,68.767105,0.0,18.988417,0.59270793,3.9510960000000135,0.39510960000000134
New_York,0.25,Peak-aware,DVNDA,63,11.759801,11.759801,30.111101,100.0,60.14766,483.7885,42.040737,62.290733,0.0,24.03673,0.19710942,3.9510960000000135,0.39510960000000134
New_York,0.25,Peak-aware,DVNDA,64,14.387978,14.387978,37.112213,100.0,70.50257,504.1592,53.745953,73.69595,0.0,23.281467,0.28731957,3.9510960000000135,0.39510960000000134
New_York,0.25,Peak-aware,DVNDA,65,11.529931,11.529931,29.653976,100.0,55.544125,507.04245,40.98045,60.630455,0.0,22.11571,0.22634004,3.9510960000000135,0.39510960000000134
New_York,0.25,Peak-aware,DVNDA,66,10.874071,10.874071,27.972479,100.0,51.046593,485.05304,39.94359,58.143578,0.0,21.391817,0.59057426,3.9510960000000135,0.39510960000000134
New_York,0.25,Peak-aware,DVNDA,67,8.555262,8.555262,22.00191,100.0,42.41162,497.10938,63.65578,83.90578,0.0,22.500658,0.6155952,3.9510960000000135,0.39510960000000134
New_York,0.25,Peak-aware,DVNDA,68,10.460118,10.460118,26.905338,100.0,47.662113,505.14587,35.05196,53.051952,0.0,20.175463,0.24183978,3.9510960000000135,0.39510960000000134
New_York,0.25,Peak-aware,DVNDA,69,11.349024,11.349024,29.21872,100.0,56.553474,483.41367,47.68359,67.43359,0.0,23.352333,0.60327435,3.9510960000000135,0.39510960000000134
New_York,0.25,Peak-aware,DVNDA,70,11.909254,11.909254,30.453396,100.0,55.939396,517.4821,39.575962,59.77595,0.0,22.220062,0.15815018,3.9510960000000135,0.39510960000000134
New_York,0.25,Peak-aware,DVNDA,71,13.572532,13.572532,34.801746,100.0,65.77415,504.60577,43.40395,59.903954,0.0,19.608088,0.58431596,3.9510960000000135,0.39510960000000134
New_York,0.25,Peak-aware,DVNDA,72,11.322401,11.322401,28.861277,100.0,53.8021,506.90585,41.71682,62.96682,0.0,23.613958,0.28561744,3.9510960000000135,0.39510960000000134
New_York,0.25,Peak-aware,DVNDA,73,10.233639,10.233639,26.384766,100.0,49.660442,507.05206,59.537117,80.98712,0.0,23.600159,0.4312105,3.9510960000000135,0.39510960000000134
New_York,0.25,Peak-aware,DVNDA,74,11.077125,11.077125,28.460812,100.0,55.126522,483.9157,38.085106,57.435112,0.0,22.841091,0.14312032,3.9510960000000135,0.39510960000000134
New_York,0.25,Peak-aware,DVNDA,75,10.724696,10.724696,27.55619,100.0,53.452496,482.99594,44.158607,64.9586,0.0,24.298985,0.20146583,3.9510960000000135,0.39510960000000134
New_York,0.25,Peak-aware,DVNDA,76,11.620394,11.620394,29.694298,100.0,54.677395,507.15207,44.518322,67.618324,0.0,25.469547,0.2539042,3.9510960000000135,0.39510960000000134
New_York,0.25,Peak-aware,DVNDA,77,13.758191,13.758191,35.494137,100.0,64.11956,484.1113,48.697098,70.34709,0.0,25.671764,0.27095112,3.9510960000000135,0.39510960000000134
New_York,0.25,Peak-aware,DVNDA,78,11.183069,11.183069,28.682045,100.0,58.11167,484.6246,68.71647,87.61646,0.0,22.497395,0.6196174,3.9510960000000135,0.39510960000000134
New_York,0.25,Peak-aware,DVNDA,79,10.648599,10.648599,27.371576,100.0,50.70385,516.2045,43.51082,64.81082,0.0,23.08697,0.27061978,3.9510960000000135,0.39510960000000134
New_York,0.25,Peak-aware,DVNDA,80,9.267574,9.267574,23.770561,100.0,46.611073,483.2044,62.407875,82.95787,0.0,23.675854,0.59911156,3.9510960000000135,0.39510960000000134
New_York,0.25,Peak-aware,DVNDA,81,12.339209,12.339209,31.75045,100.0,61.41271,483.75888,51.995018,71.39503,0.0,23.225037,0.45181328,3.9510960000000135,0.39510960000000134
New_York,0.25,Peak-aware,DVNDA,82,12.368245,12.368245,31.864046,100.0,59.070377,485.6068,40.977028,60.87702,0.0,23.530888,0.24700706,3.9510960000000135,0.39510960000000134
New_York,0.25,Peak-aware,DVNDA,83,11.509472,11.509472,29.544004,100.0,55.179638,483.16968,46.622314,68.42232,0.0,25.41445,0.3643486,3.9510960000000135,0.39510960000000134
New_York,0.25,Peak-aware,DVNDA,84,10.3096,10.3096,26.643604,100.0,48.373177,483.64587,52.62095,72.420944,0.0,22.96997,0.62037593,3.9510960000000135,0.39510960000000134
New_York,0.25,Peak-aware,DVNDA,85,10.335404,10.335404,26.644632,100.0,50.02293,508.6814,42.451546,62.001545,0.0,21.674814,0.5443174,3.9510960000000135,0.39510960000000134
New_York,0.25,Peak-aware,DVNDA,86,11.730618,11.730618,30.063816,100.0,55.04451,507.14807,45.853024,66.45302,0.0,23.023088,0.33364737,3.9510960000000135,0.39510960000000134
New_York,0.25,Peak-aware,DVNDA,87,10.700823,10.700823,27.520144,100.0,50.811752,509.71527,51.82617,71.87617,0.0,22.160002,0.5990973,3.9510960000000135,0.39510960000000134
New_York,0.25,Peak-aware,DVNDA,88,10.131529,10.131529,26.230143,100.0,52.37418,482.68274,60.636333,82.086334,0.0,24.932226,0.60632455,3.9510960000000135,0.39510960000000134
New_York,0.25,Peak-aware,DVNDA,89,11.001834,16.001835,28.33692,95.0,52.64451,483.93884,37.7056,60.02139,1.0,24.62318,0.24959524,3.9510960000000135,0.39510960000000134
New_York,0.25,Peak-aware,DVNDA,90,11.609059,11.609059,29.871256,100.0,57.074142,499.30957,36.531384,54.881386,0.0,21.233027,0.14709602,3.9510960000000135,0.39510960000000134
New_York,0.25,Peak-aware,DVNDA,91,11.9069,11.9069,30.44744,100.0,59.112106,497.66614,48.887222,69.53722,0.0,23.71631,0.27282265,3.9510960000000135,0.39510960000000134
New_York,0.25,Peak-aware,DVNDA,92,10.879474,10.879474,27.80669,100.0,50.935863,498.37567,67.55562,87.80562,0.0,22.871096,0.6417554,3.9510960000000135,0.39510960000000134
New_York,0.25,Peak-aware,DVNDA,93,13.502642,13.502642,34.77535,100.0,63.8889,503.55182,40.142853,61.54286,0.0,24.420967,0.29595697,3.9510960000000135,0.39510960000000134
New_York,0.25,Peak-aware,DVNDA,94,11.808258,11.808258,30.420486,100.0,57.284843,503.20102,40.54801,60.298004,0.0,22.470388,0.29828066,3.9510960000000135,0.39510960000000134
New_York,0.25,Peak-aware,DVNDA,95,11.075273,11.075273,28.386662,100.0,53.167217,485.0397,75.581535,97.88154,0.0,25.72816,0.6282176,3.9510960000000135,0.39510960000000134
New_York,0.25,Peak-aware,DVNDA,96,10.3505945,10.3505945,26.823265,100.0,49.67825,508.9231,60.734535,81.234535,0.0,22.580927,0.5822396,3.9510960000000135,0.39510960000000134
New_York,0.25,Peak-aware,DVNDA,97,10.130092,10.130092,26.03167,100.0,48.14709,500.99847,62.02416,83.374146,0.0,23.710007,0.590909,3.9510960000000135,0.39510960000000134
New_York,0.25,Peak-aware,DVNDA,98,10.360594,10.360594,26.715567,100.0,49.066902,483.89716,46.843266,68.94327,0.0,25.370419,0.41516492,3.9510960000000135,0.39510960000000134
New_York,0.25,Peak-aware,DVNDA,99,8.747219,8.747219,22.371187,100.0,44.092133,482.19824,68.93587,89.48587,0.0,23.594664,0.81905746,3.9510960000000135,0.39510960000000134
New_York,0.25,Peak-aware,Greedy,0,10.914539,10.914539,27.990612,100.0,52.33435,468.00375,23.439764,43.78976,0.0,24.536894,0.24059726,4.00175100000002,0.400175100000002
New_York,0.25,Peak-aware,Greedy,1,11.641771,11.641771,29.790102,100.0,57.389297,465.9372,29.034992,50.08499,0.0,25.668121,0.17373654,4.00175100000002,0.400175100000002
New_York,0.25,Peak-aware,Greedy,2,14.827603,14.827603,38.287285,100.0,72.256226,497.1473,24.827894,44.827896,0.0,23.748304,0.34197345,4.00175100000002,0.400175100000002
New_York,0.25,Peak-aware,Greedy,3,11.472462,11.472462,29.528828,100.0,52.24939,451.04962,26.290718,45.690716,0.0,24.401384,0.238502,4.00175100000002,0.400175100000002
New_York,0.25,Peak-aware,Greedy,4,10.742889,10.742889,27.416685,100.0,52.007088,511.0337,24.022621,44.722626,0.0,22.797277,0.15290277,4.00175100000002,0.400175100000002
New_York,0.25,Peak-aware,Greedy,5,10.7295475,10.7295475,27.523281,100.0,48.87221,456.15463,24.699345,45.449345,0.0,25.42297,0.40210584,4.00175100000002,0.400175100000002
New_York,0.25,Peak-aware,Greedy,6,12.483412,12.483412,31.755577,100.0,59.3559,463.183,23.905598,41.4556,0.0,22.148691,0.17638041,4.00175100000002,0.400175100000002
New_York,0.25,Peak-aware,Greedy,7,10.730268,10.730268,27.544062,100.0,51.58944,497.35205,27.489151,48.539154,0.0,23.755278,0.14320296,4.00175100000002,0.400175100000002
New_York,0.25,Peak-aware,Greedy,8,14.387191,14.387191,37.162952,100.0,66.58391,513.82947,26.231571,46.83157,0.0,23.285152,0.21349312,4.00175100000002,0.400175100000002
New_York,0.25,Peak-aware,Greedy,9,13.039364,13.039364,33.80001,100.0,62.923786,494.72012,23.932411,44.882412,0.0,24.353355,0.23841396,4.00175100000002,0.400175100000002
New_York,0.25,Peak-aware,Greedy,10,10.260788,10.260788,26.188925,100.0,48.767693,460.96518,27.096045,46.696045,0.0,23.904606,0.25919104,4.00175100000002,0.400175100000002
New_York,0.25,Peak-aware,Greedy,11,14.9145,14.9145,38.391384,100.0,71.84513,457.4256,28.16377,49.71377,0.0,27.482342,0.2859836,4.00175100000002,0.400175100000002
New_York,0.25,Peak-aware,Greedy,12,11.146003,11.146003,28.553514,100.0,55.88973,418.24945,28.77499,50.174988,0.0,28.923513,0.067503296,4.00175100000002,0.400175100000002
New_York,0.25,Peak-aware,Greedy,13,13.288571,13.288571,34.113014,100.0,63.200394,507.72452,26.24017,46.89017,0.0,23.447775,0.113675594,4.00175100000002,0.400175100000002
New_York,0.25,Peak-aware,Greedy,14,12.918816,12.918816,33.21536,100.0,62.061157,501.38043,25.557636,46.557632,0.0,24.036697,0.34337115,4.00175100000002,0.400175100000002
New_York,0.25,Peak-aware,Greedy,15,11.462917,11.462917,29.371761,100.0,56.40407,499.37747,25.862236,46.812237,0.0,23.799835,0.21782938,4.00175100000002,0.400175100000002
New_York,0.25,Peak-aware,Greedy,16,10.596372,10.596372,27.209381,100.0,50.579723,509.93878,28.931093,50.03109,0.0,23.168453,0.32696608,4.00175100000002,0.400175100000002
New_York,0.25,Peak-aware,Greedy,17,11.808803,11.808803,30.430542,100.0,55.722347,453.78888,29.564709,51.114716,0.0,26.814362,0.094735794,4.00175100000002,0.400175100000002
New_York,0.25,Peak-aware,Greedy,18,12.483616,12.483616,32.273045,100.0,59.003,507.81693,23.744482,42.594482,0.0,21.464577,0.19155273,4.00175100000002,0.400175100000002
New_York,0.25,Peak-aware,Greedy,19,10.325155,10.325155,26.606995,100.0,47.86974,508.14102,25.047058,46.597057,0.0,23.559883,0.28868443,4.00175100000002,0.400175100000002
New_York,0.25,Peak-aware,Greedy,20,11.037685,11.037685,28.240265,100.0,52.583286,511.80347,28.154531,49.90453,0.0,23.816917,0.39560676,4.00175100000002,0.400175100000002
New_York,0.25,Peak-aware,Greedy,21,13.2498255,13.2498255,33.92011,100.0,61.61676,513.74133,24.118748,43.418747,0.0,21.782206,0.10066596,4.00175100000002,0.400175100000002
New_York,0.25,Peak-aware,Greedy,22,11.261084,11.261084,29.026312,100.0,55.50368,508.57196,21.386236,41.486237,0.0,22.489626,0.42707056,4.00175100000002,0.400175100000002
New_York,0.25,Peak-aware,Greedy,23,12.293358,12.293358,31.642546,100.0,58.796135,407.14926,24.960897,43.410896,0.0,26.267769,0.36155972,4.00175100000002,0.400175100000002
New_York,0.25,Peak-aware,Greedy,24,12.487043,12.487043,32.120083,100.0,59.62665,458.20602,23.009773,45.059772,0.0,27.314497,0.34027833,4.00175100000002,0.400175100000002
New_York,0.25,Peak-aware,Greedy,25,11.499346,11.499346,29.466393,100.0,55.477314,507.3988,25.983156,47.43316,0.0,23.870638,0.29920992,4.00175100000002,0.400175100000002
New_York,0.25,Peak-aware,Greedy,26,11.854913,11.854913,30.23564,100.0,56.60832,507.09744,27.871645,49.021645,0.0,23.644781,0.26969117,4.00175100000002,0.400175100000002
New_York,0.25,Peak-aware,Greedy,27,11.372214,11.372214,29.32101,100.0,53.142162,447.59592,22.435938,39.835938,0.0,22.405373,0.100477204,4.00175100000002,0.400175100000002
New_York,0.25,Peak-aware,Greedy,28,11.955803,11.955803,30.885138,100.0,56.7109,353.94638,24.441442,44.69144,0.0,32.61164,0.23233148,4.00175100000002,0.400175100000002
New_York,0.25,Peak-aware,Greedy,29,11.198581,11.198581,28.710714,100.0,53.663586,453.4599,25.787241,46.38724,0.0,25.67281,0.17747086,4.00175100000002,0.400175100000002
New_York,0.25,Peak-aware,Greedy,30,12.904427,12.904427,33.415295,100.0,57.018913,463.6947,30.707924,52.65792,0.0,26.742752,0.12816654,4.00175100000002,0.400175100000002
New_York,0.25,Peak-aware,Greedy,31,11.610923,11.610923,29.817118,100.0,54.93655,495.30795,26.909145,48.609142,0.0,24.678413,0.2931117,4.00175100000002,0.400175100000002
New_York,0.25,Peak-aware,Greedy,32,12.8950405,12.8950405,33.057304,100.0,60.853962,370.06726,24.544104,45.3441,0.0,32.21401,0.32762048,4.00175100000002,0.400175100000002
New_York,0.25,Peak-aware,Greedy,33,13.150407,13.150407,33.837357,100.0,62.413944,468.68015,22.686611,42.036613,0.0,23.972317,0.25449327,4.00175100000002,0.400175100000002
New_York,0.25,Peak-aware,Greedy,34,11.238939,11.238939,28.62882,100.0,54.010395,502.31207,23.292036,43.692036,0.0,22.99419,0.27230948,4.00175100000002,0.400175100000002
New_York,0.25,Peak-aware,Greedy,35,12.107887,12.107887,31.274574,100.0,59.79451,462.73126,25.279974,46.32997,0.0,25.975903,0.22004877,4.00175100000002,0.400175100000002
New_York,0.25,Peak-aware,Greedy,36,13.617713,13.617713,34.947697,100.0,65.45713,467.5172,23.848352,44.09835,0.0,25.157207,0.22055346,4.00175100000002,0.400175100000002
New_York,0.25,Peak-aware,Greedy,37,11.295342,11.295342,28.81773,100.0,55.32895,406.38696,28.643595,50.2436,0.0,29.979364,0.18504903,4.00175100000002,0.400175100000002
New_York,0.25,Peak-aware,Greedy,38,10.728182,10.728182,27.642925,100.0,50.483185,317.15277,25.061756,43.961758,0.0,33.77577,0.32800502,4.00175100000002,0.400175100000002
New_York,0.25,Peak-aware,Greedy,39,10.973434,10.973434,28.308311,100.0,54.42283,355.81522,23.082825,40.682823,0.0,28.555752,0.32177547,4.00175100000002,0.400175100000002
New_York,0.25,Peak-aware,Greedy,40,13.270955,13.270955,33.897552,100.0,61.780308,512.10974,21.925425,40.825424,0.0,21.469048,0.45995036,4.00175100000002,0.400175100000002
New_York,0.25,Peak-aware,Greedy,41,13.744815,13.744815,35.206238,100.0,63.325066,454.47983,24.457668,45.407673,0.0,26.531712,0.24327719,4.00175100000002,0.400175100000002
New_York,0.25,Peak-aware,Greedy,42,10.648084,10.648084,27.357357,100.0,51.30557,403.54907,24.006163,42.306164,0.0,25.85222,0.10741319,4.00175100000002,0.400175100000002
New_York,0.25,Peak-aware,Greedy,43,12.649919,12.649919,32.63165,100.0,58.58903,467.12027,21.046726,39.19673,0.0,22.563196,0.16507594,4.00175100000002,0.400175100000002
New_York,0.25,Peak-aware,Greedy,44,11.851738,11.851738,30.58431,100.0,56.93553,412.66446,29.533457,51.333458,0.0,29.862976,0.19096854,4.00175100000002,0.400175100000002
New_York,0.25,Peak-aware,Greedy,45,10.274232,10.274232,26.365091,100.0,52.07582,370.8962,20.7099,39.3099,0.0,28.584534,0.37180775,4.00175100000002,0.400175100000002
New_York,0.25,Peak-aware,Greedy,46,11.688755,11.688755,30.089024,100.0,51.272564,516.86346,23.106262,41.456264,0.0,20.231289,0.15994114,4.00175100000002,0.400175100000002
New_York,0.25,Peak-aware,Greedy,47,10.699867,10.699867,27.452543,100.0,51.469517,514.8846,26.082464,46.782463,0.0,22.600672,0.25752047,4.00175100000002,0.400175100000002
New_York,0.25,Peak-aware,Greedy,48,12.003221,12.003221,30.94271,100.0,58.758633,514.37036,23.945843,43.84584,0.0,22.19989,0.23452756,4.00175100000002,0.400175100000002
New_York,0.25,Peak-aware,Greedy,49,12.403229,12.403229,31.8511,100.0,57.543922,508.85852,19.578999,36.979,0.0,19.9242,0.11557623,4.00175100000002,0.400175100000002
New_York,0.25,Peak-aware,Greedy,50,11.142443,11.142443,28.530956,100.0,52.07967,508.30576,23.086422,43.036423,0.0,22.185448,0.15922622,4.00175100000002,0.400175100000002
New_York,0.25,Peak-aware,Greedy,51,10.882674,10.882674,27.847597,100.0,53.37345,508.872,28.1739,50.0739,0.0,24.140326,0.08758242,4.00175100000002,0.400175100000002
New_York,0.25,Peak-aware,Greedy,52,11.180486,11.180486,28.650265,100.0,53.818924,255.62439,27.26096,47.46096,0.0,44.77457,0.12691525,4.00175100000002,0.400175100000002
New_York,0.25,Peak-aware,Greedy,53,11.396696,11.396696,29.112677,100.0,54.540665,450.58463,27.285015,49.385014,0.0,27.5498,0.06853817,4.00175100000002,0.400175100000002
New_York,0.25,Peak-aware,Greedy,54,10.852013,10.852013,27.927303,100.0,53.15007,516.4655,27.766909,50.56691,0.0,24.645887,0.20758274,4.00175100000002,0.400175100000002
New_York,0.25,Peak-aware,Greedy,55,11.177775,11.177775,28.524364,100.0,52.669693,504.60773,23.763248,43.463253,0.0,22.12955,0.16636117,4.00175100000002,0.400175100000002
New_York,0.25,Peak-aware,Greedy,56,14.188944,14.188944,36.606762,100.0,66.94038,453.78625,31.966251,53.866253,0.0,27.818186,0.1076222,4.00175100000002,0.400175100000002
New_York,0.25,Peak-aware,Greedy,57,12.760375,12.760375,32.634933,100.0,62.32685,499.6452,27.537626,49.437626,0.0,25.034107,0.2184722,4.00175100000002,0.400175100000002
New_York,0.25,Peak-aware,Greedy,58,12.238847,12.238847,31.262884,100.0,56.34803,508.90778,26.434383,46.93438,0.0,22.909262,0.1653325,4.00175100000002,0.400175100000002
New_York,0.25,Peak-aware,Greedy,59,13.323222,13.323222,34.26458,100.0,63.567623,452.33014,26.342691,48.292694,0.0,27.776594,0.055419642,4.00175100000002,0.400175100000002
New_York,0.25,Peak-aware,Greedy,60,13.01068,13.01068,33.650806,100.0,60.69508,507.58603,29.686985,50.836983,0.0,23.823305,0.049239304,4.00175100000002,0.400175100000002
New_York,0.25,Peak-aware,Greedy,61,10.83091,10.83091,27.808434,100.0,49.708344,513.6694,26.208855,46.90885,0.0,22.568426,0.20204087,4.00175100000002,0.400175100000002
New_York,0.25,Peak-aware,Greedy,62,10.288565,10.288565,26.614891,100.0,47.383522,502.31735,22.442032,39.142033,0.0,18.981203,0.20054905,4.00175100000002,0.400175100000002
New_York,0.25,Peak-aware,Greedy,63,11.110272,11.110272,28.48554,100.0,54.54195,360.14258,25.395779,45.645782,0.0,31.899998,0.13038212,4.00175100000002,0.400175100000002
New_York,0.25,Peak-aware,Greedy,64,12.537486,12.537486,32.359062,100.0,60.77729,503.35837,26.652575,46.602577,0.0,22.835484,0.2343475,4.00175100000002,0.400175100000002
New_York,0.25,Peak-aware,Greedy,65,13.381042,13.381042,34.542915,100.0,63.629574,506.79468,23.638985,43.288982,0.0,22.525373,0.2822374,4.00175100000002,0.400175100000002
New_York,0.25,Peak-aware,Greedy,66,12.116858,12.116858,31.062702,100.0,57.592133,374.2595,21.556429,39.756424,0.0,28.161753,0.2606439,4.00175100000002,0.400175100000002
New_York,0.25,Peak-aware,Greedy,67,11.65799,11.65799,29.882275,100.0,58.934933,496.1364,24.795479,45.045483,0.0,23.377388,0.22946443,4.00175100000002,0.400175100000002
New_York,0.25,Peak-aware,Greedy,68,12.2985735,12.2985735,31.705238,100.0,56.480434,505.41074,20.116558,38.116558,0.0,20.601088,0.17536637,4.00175100000002,0.400175100000002
New_York,0.25,Peak-aware,Greedy,69,12.296275,12.296275,31.7509,100.0,60.38153,419.004,25.524406,45.274406,0.0,27.170479,0.082296416,4.00175100000002,0.400175100000002
New_York,0.25,Peak-aware,Greedy,70,14.429983,14.429983,36.922016,100.0,66.66856,516.505,26.322252,46.522255,0.0,22.781414,0.11745354,4.00175100000002,0.400175100000002
New_York,0.25,Peak-aware,Greedy,71,13.520909,13.520909,34.894352,100.0,63.37615,503.79456,22.02975,38.529755,0.0,19.520662,0.28127965,4.00175100000002,0.400175100000002
New_York,0.25,Peak-aware,Greedy,72,10.873002,10.873002,27.781187,100.0,50.877014,504.55936,27.739248,48.98925,0.0,23.578842,0.33560988,4.00175100000002,0.400175100000002
New_York,0.25,Peak-aware,Greedy,73,10.220742,10.220742,26.345697,100.0,45.87442,507.60303,27.798862,49.248867,0.0,23.388079,0.2616903,4.00175100000002,0.400175100000002
New_York,0.25,Peak-aware,Greedy,74,13.534875,13.534875,34.53881,100.0,66.97199,272.48068,25.79566,45.14566,0.0,41.651756,0.15584008,4.00175100000002,0.400175100000002
New_York,0.25,Peak-aware,Greedy,75,10.991375,10.991375,28.196266,100.0,52.57383,258.23358,26.727257,47.527256,0.0,45.363373,0.13916564,4.00175100000002,0.400175100000002
New_York,0.25,Peak-aware,Greedy,76,13.134051,13.134051,33.848206,100.0,59.16392,506.62668,29.13636,52.236362,0.0,25.717356,0.18827942,4.00175100000002,0.400175100000002
New_York,0.25,Peak-aware,Greedy,77,12.758823,12.758823,32.953144,100.0,59.007454,459.1389,26.704021,48.354015,0.0,26.789688,0.20427617,4.00175100000002,0.400175100000002
New_York,0.25,Peak-aware,Greedy,78,11.497892,11.497892,29.528973,100.0,56.430374,408.42245,25.30375,44.20375,0.0,26.591972,0.30546987,4.00175100000002,0.400175100000002
New_York,0.25,Peak-aware,Greedy,79,10.739932,10.739932,27.643394,100.0,50.66456,517.6698,25.28068,46.58068,0.0,23.019718,0.1580042,4.00175100000002,0.400175100000002
New_York,0.25,Peak-aware,Greedy,80,12.006913,12.006913,30.795006,100.0,57.341537,412.98532,27.121439,47.671444,0.0,28.35098,0.07013639,4.00175100000002,0.400175100000002
New_York,0.25,Peak-aware,Greedy,81,11.766,11.766,30.423344,100.0,56.072525,456.1408,22.14475,41.544754,0.0,24.338564,0.2436575,4.00175100000002,0.400175100000002
New_York,0.25,Peak-aware,Greedy,82,14.331109,14.331109,36.93109,100.0,68.535416,451.27875,22.724115,42.624115,0.0,25.845194,0.26568356,4.00175100000002,0.400175100000002
New_York,0.25,Peak-aware,Greedy,83,11.148201,11.148201,28.598373,100.0,53.158993,419.42987,27.71067,49.510666,0.0,29.156183,0.3456597,4.00175100000002,0.400175100000002
New_York,0.25,Peak-aware,Greedy,84,14.138961,14.138961,36.419456,100.0,62.9828,470.5961,25.240808,45.040806,0.0,24.383053,0.33254397,4.00175100000002,0.400175100000002
New_York,0.25,Peak-aware,Greedy,85,13.188218,13.188218,34.052677,100.0,60.90283,508.84283,22.971865,42.521866,0.0,22.202477,0.17320292,4.00175100000002,0.400175100000002
New_York,0.25,Peak-aware,Greedy,86,11.514237,11.514237,29.602291,100.0,54.36533,506.4592,24.824623,45.424625,0.0,23.020874,0.24585982,4.00175100000002,0.400175100000002
New_York,0.25,Peak-aware,Greedy,87,13.195147,13.195147,34.01348,100.0,61.312096,509.71527,27.932037,47.982037,0.0,22.675016,0.217528,4.00175100000002,0.400175100000002
New_York,0.25,Peak-aware,Greedy,88,12.677059,12.677059,32.852036,100.0,66.523796,373.67917,25.369787,46.819786,0.0,33.151688,0.21112034,4.00175100000002,0.400175100000002
New_York,0.25,Peak-aware,Greedy,89,11.3659115,11.3659115,29.279465,100.0,55.861416,514.5015,27.28691,49.936905,0.0,24.725943,0.053644944,4.00175100000002,0.400175100000002
New_York,0.25,Peak-aware,Greedy,90,13.692283,13.692283,35.13043,100.0,65.25029,499.30957,23.23262,41.58262,0.0,21.642403,0.23635024,4.00175100000002,0.400175100000002
New_York,0.25,Peak-aware,Greedy,91,13.086699,13.086699,33.682453,100.0,67.06242,494.7207,25.401405,46.051403,0.0,24.259264,0.22098689,4.00175100000002,0.400175100000002
New_York,0.25,Peak-aware,Greedy,92,13.257991,13.257991,34.141697,100.0,61.438465,498.37567,28.892593,49.14259,0.0,23.397936,0.29541552,4.00175100000002,0.400175100000002
New_York,0.25,Peak-aware,Greedy,93,12.547561,12.547561,32.266693,100.0,61.852325,498.99695,25.881319,47.28132,0.0,24.54185,0.22982606,4.00175100000002,0.400175100000002
New_York,0.25,Peak-aware,Greedy,94,11.901099,11.901099,30.784903,100.0,57.799564,503.36707,25.882448,45.632446,0.0,22.488537,0.23372872,4.00175100000002,0.400175100000002
New_York,0.25,Peak-aware,Greedy,95,12.940017,12.940017,33.399105,100.0,62.33563,355.89722,30.027617,52.327618,0.0,35.70804,0.1472162,4.00175100000002,0.400175100000002
New_York,0.25,Peak-aware,Greedy,96,11.424024,11.424024,29.43998,100.0,52.310078,510.81973,23.001,43.501,0.0,22.62589,0.39207917,4.00175100000002,0.400175100000002
New_York,0.25,Peak-aware,Greedy,97,12.813227,12.813227,32.84576,100.0,62.838844,500.84146,28.915077,50.265083,0.0,24.450792,0.11869859,4.00175100000002,0.400175100000002
New_York,0.25,Peak-aware,Greedy,98,10.166326,10.166326,26.097443,100.0,49.23847,453.92416,26.208418,48.30842,0.0,27.055098,0.25573054,4.00175100000002,0.400175100000002
New_York,0.25,Peak-aware,Greedy,99,10.306525,10.306525,26.34499,100.0,48.408535,462.54626,22.71957,43.269573,0.0,24.83041,0.15637922,4.00175100000002,0.400175100000002
New_York,0.5,Off-peak,DVNDA,0,11.709869,11.709869,30.048693,100.0,53.343304,483.40622,31.749878,52.099876,0.0,23.80727,0.636055,4.104194999999997,0.4104194999999997
New_York,0.5,Off-peak,DVNDA,1,11.62967,11.62967,29.767624,100.0,52.47713,484.74545,36.274605,57.324608,0.0,24.418852,0.2932382,4.104194999999997,0.4104194999999997
New_York,0.5,Off-peak,DVNDA,2,16.179632,16.179632,41.722572,100.0,73.07731,498.57227,35.478313,55.47831,0.0,23.721603,0.41784716,4.104194999999997,0.4104194999999997
New_York,0.5,Off-peak,DVNDA,3,11.850538,11.850538,30.532505,100.0,53.468307,503.50525,40.188896,59.588898,0.0,21.919746,0.604262,4.104194999999997,0.4104194999999997
New_York,0.5,Off-peak,DVNDA,4,11.2388525,11.2388525,28.740448,100.0,51.93116,531.0361,31.73701,52.43701,0.0,21.93501,0.452282,4.104194999999997,0.4104194999999997
New_York,0.5,Off-peak,DVNDA,5,12.5812235,12.5812235,32.199,100.0,56.26286,484.04886,26.967426,47.71743,0.0,24.339632,0.33906907,4.104194999999997,0.4104194999999997
New_York,0.5,Off-peak,DVNDA,6,12.637138,12.637138,32.283337,100.0,58.823,525.3753,25.4743,43.024296,0.0,19.501444,0.4918177,4.104194999999997,0.4104194999999997
New_York,0.5,Off-peak,DVNDA,7,10.123256,10.123256,26.017082,100.0,46.410755,506.22528,40.459736,61.509735,0.0,23.08314,0.627687,4.104194999999997,0.4104194999999997
New_York,0.5,Off-peak,DVNDA,8,12.532629,12.532629,32.34045,100.0,56.30821,513.44495,34.29769,54.897697,0.0,22.802261,0.5830755,4.104194999999997,0.4104194999999997
New_York,0.5,Off-peak,DVNDA,9,14.0350065,14.0350065,36.253693,100.0,64.193245,496.0114,27.729376,48.679375,0.0,24.353943,0.17242019,4.104194999999997,0.4104194999999997
New_York,0.5,Off-peak,DVNDA,10,12.726088,12.726088,32.557045,100.0,57.948967,513.4825,36.11277,55.712776,0.0,21.906738,0.48666248,4.104194999999997,0.4104194999999997
New_York,0.5,Off-peak,DVNDA,11,13.716724,13.716724,35.32945,100.0,60.358944,485.11615,32.01617,53.566174,0.0,25.321716,0.12514944,4.104194999999997,0.4104194999999997
New_York,0.5,Off-peak,DVNDA,12,13.406136,13.406136,34.55451,100.0,60.335583,483.81683,44.723236,66.12323,0.0,25.233492,0.58623654,4.104194999999997,0.4104194999999997
New_York,0.5,Off-peak,DVNDA,13,12.083879,12.083879,31.0359,100.0,56.54397,510.35495,31.37055,52.02055,0.0,23.000854,0.22751375,4.104194999999997,0.4104194999999997
New_York,0.5,Off-peak,DVNDA,14,12.637032,12.637032,32.396492,100.0,55.028706,527.86945,34.254436,55.254433,0.0,22.497454,0.5906243,4.104194999999997,0.4104194999999997
New_York,0.5,Off-peak,DVNDA,15,11.343704,11.343704,29.139643,100.0,53.16633,518.05176,36.708614,57.65861,0.0,22.785671,0.14078878,4.104194999999997,0.4104194999999997
New_York,0.5,Off-peak,DVNDA,16,9.443054,9.443054,24.059822,100.0,44.185017,521.7244,38.530933,59.630928,0.0,22.33866,0.6431504,4.104194999999997,0.4104194999999997
New_York,0.5,Off-peak,DVNDA,17,12.557828,12.557828,32.180683,100.0,55.86273,496.94412,31.432781,52.982777,0.0,24.492834,0.4938196,4.104194999999997,0.4104194999999997
New_York,0.5,Off-peak,DVNDA,18,14.77025,14.77025,37.986656,100.0,68.5867,507.3943,31.108639,49.958637,0.0,21.954655,0.545189,4.104194999999997,0.4104194999999997
New_York,0.5,Off-peak,DVNDA,19,10.465507,10.465507,26.841766,100.0,48.773144,507.2857,48.3238,69.8738,0.0,23.64413,0.6050945,4.104194999999997,0.4104194999999997
New_York,0.5,Off-peak,DVNDA,20,12.676424,12.676424,32.37821,100.0,59.55726,510.75342,26.751698,48.5017,0.0,24.207247,0.25603274,4.104194999999997,0.4104194999999997
New_York,0.5,Off-peak,DVNDA,21,14.44198,14.44198,36.937363,100.0,65.481064,527.9474,25.783512,45.08351,0.0,21.379076,0.19287467,4.104194999999997,0.4104194999999997
New_York,0.5,Off-peak,DVNDA,22,13.662557,13.662557,35.194862,100.0,60.885143,508.58997,29.131247,49.23125,0.0,22.753357,0.22241022,4.104194999999997,0.4104194999999997
New_York,0.5,Off-peak,DVNDA,23,12.290707,12.290707,31.695335,100.0,56.581474,483.32446,34.019,52.469,0.0,22.013239,0.6532144,4.104194999999997,0.4104194999999997
New_York,0.5,Off-peak,DVNDA,24,14.16127,14.16127,36.40311,100.0,64.01489,485.41083,39.45999,61.50999,0.0,26.00966,0.36224172,4.104194999999997,0.4104194999999997
New_York,0.5,Off-peak,DVNDA,25,12.571557,12.571557,32.279358,100.0,58.414597,531.1268,24.928562,46.378567,0.0,22.942478,0.16504367,4.104194999999997,0.4104194999999997
New_York,0.5,Off-peak,DVNDA,26,12.1016035,12.1016035,31.060707,100.0,53.263115,532.95685,32.917095,54.067097,0.0,22.340607,0.2872516,4.104194999999997,0.4104194999999997
New_York,0.5,Off-peak,DVNDA,27,13.815401,13.815401,35.434532,100.0,63.96068,514.7703,26.307827,43.707825,0.0,20.007015,0.14876233,4.104194999999997,0.4104194999999997
New_York,0.5,Off-peak,DVNDA,28,10.159329,10.159329,26.209757,100.0,46.107845,482.81995,37.7136,57.9636,0.0,23.357979,0.40828353,4.104194999999997,0.4104194999999997
New_York,0.5,Off-peak,DVNDA,29,10.271272,10.271272,26.332823,100.0,47.77409,483.50516,28.47168,49.07168,0.0,23.772968,0.297641,4.104194999999997,0.4104194999999997
New_York,0.5,Off-peak,DVNDA,30,12.516773,12.516773,32.27119,100.0,54.673664,533.611,41.28962,63.239616,0.0,23.128908,0.654914,4.104194999999997,0.4104194999999997
New_York,0.5,Off-peak,DVNDA,31,11.561264,11.561264,29.627602,100.0,53.9522,516.6727,30.57253,52.272533,0.0,23.610312,0.28313532,4.104194999999997,0.4104194999999997
New_York,0.5,Off-peak,DVNDA,32,12.881044,12.881044,33.000813,100.0,56.125175,515.0749,29.332233,50.13223,0.0,22.915361,0.34414387,4.104194999999997,0.4104194999999997
New_York,0.5,Off-peak,DVNDA,33,13.141445,13.141445,33.943287,100.0,60.619526,483.55014,28.716751,48.06675,0.0,23.142353,0.14749789,4.104194999999997,0.4104194999999997
New_York,0.5,Off-peak,DVNDA,34,13.021504,13.021504,33.255848,100.0,58.66866,504.87372,33.952187,54.352184,0.0,23.108189,0.18586846,4.104194999999997,0.4104194999999997
New_York,0.5,Off-peak,DVNDA,35,13.132971,13.132971,33.753128,100.0,59.916912,512.5133,35.819904,56.86991,0.0,23.458755,0.25353292,4.104194999999997,0.4104194999999997
New_York,0.5,Off-peak,DVNDA,36,12.338827,12.338827,31.661686,100.0,55.41352,483.07452,24.163122,44.413116,0.0,23.82725,0.36772475,4.104194999999997,0.4104194999999997
New_York,0.5,Off-peak,DVNDA,37,12.226606,12.226606,31.244295,100.0,56.492104,515.7179,32.12333,53.723328,0.0,23.680197,0.13564563,4.104194999999997,0.4104194999999997
New_York,0.5,Off-peak,DVNDA,38,13.094847,13.094847,33.76504,100.0,58.592705,483.48425,35.3546,54.254597,0.0,22.575335,0.44337294,4.104194999999997,0.4104194999999997
New_York,0.5,Off-peak,DVNDA,39,11.4151535,11.4151535,29.390043,100.0,51.277252,483.1672,30.5368,48.136803,0.0,20.86634,0.36055773,4.104194999999997,0.4104194999999997
New_York,0.5,Off-peak,DVNDA,40,12.02319,12.02319,30.758638,100.0,55.732597,547.40674,34.276325,53.176323,0.0,19.808521,0.65702784,4.104194999999997,0.4104194999999997
New_York,0.5,Off-peak,DVNDA,41,14.298235,14.298235,36.617268,100.0,62.848442,516.11835,35.2591,56.2091,0.0,23.340017,0.43842497,4.104194999999997,0.4104194999999997
New_York,0.5,Off-peak,DVNDA,42,13.098441,13.098441,33.792767,100.0,60.04094,483.24515,21.296003,39.596,0.0,22.040623,0.2956055,4.104194999999997,0.4104194999999997
New_York,0.5,Off-peak,DVNDA,43,13.296121,13.296121,34.21331,100.0,60.180786,498.16165,33.061302,51.211296,0.0,21.23712,0.6595894,4.104194999999997,0.4104194999999997
New_York,0.5,Off-peak,DVNDA,44,12.193256,12.193256,31.471638,100.0,54.81078,515.372,36.439087,58.239086,0.0,23.80857,0.48962182,4.104194999999997,0.4104194999999997
New_York,0.5,Off-peak,DVNDA,45,12.889687,12.889687,33.00013,100.0,59.49123,510.6684,30.655142,49.255142,0.0,21.123844,0.48332995,4.104194999999997,0.4104194999999997
New_York,0.5,Off-peak,DVNDA,46,11.77953,11.77953,30.180199,100.0,51.74626,536.75696,33.177357,51.527355,0.0,19.503534,0.6284393,4.104194999999997,0.4104194999999997
New_York,0.5,Off-peak,DVNDA,47,11.228923,11.228923,28.874012,100.0,52.706078,541.04694,45.15676,65.856766,0.0,21.56495,0.62547356,4.104194999999997,0.4104194999999997
New_York,0.5,Off-peak,DVNDA,48,13.326048,13.326048,34.365505,100.0,59.585026,537.00555,23.53563,43.435627,0.0,21.302622,0.10044509,4.104194999999997,0.4104194999999997
New_York,0.5,Off-peak,DVNDA,49,13.650514,13.650514,35.010468,100.0,61.628757,524.2396,26.670135,44.07013,0.0,19.534424,0.15463896,4.104194999999997,0.4104194999999997
New_York,0.5,Off-peak,DVNDA,50,12.549382,12.549382,32.21616,100.0,57.725723,512.7288,24.791082,44.74108,0.0,22.269356,0.3305954,4.104194999999997,0.4104194999999997
New_York,0.5,Off-peak,DVNDA,51,10.782841,10.782841,27.58819,100.0,49.369186,528.9434,34.880653,56.78065,0.0,23.035034,0.5973195,4.104194999999997,0.4104194999999997
New_York,0.5,Off-peak,DVNDA,52,10.586286,10.586286,27.251476,100.0,50.075966,483.5435,34.781902,54.981903,0.0,23.476482,0.597916,4.104194999999997,0.4104194999999997
New_York,0.5,Off-peak,DVNDA,53,11.862578,11.862578,30.401903,100.0,54.39837,513.8956,25.704885,47.804886,0.0,24.148792,0.322978,4.104194999999997,0.4104194999999997
New_York,0.5,Off-peak,DVNDA,54,12.055585,12.055585,31.085373,100.0,54.76577,546.3826,28.640884,51.44088,0.0,23.370327,0.25850496,4.104194999999997,0.4104194999999997
New_York,0.5,Off-peak,DVNDA,55,11.811585,11.811585,30.08265,100.0,53.388824,549.20935,24.89841,44.59842,0.0,20.365133,0.16001996,4.104194999999997,0.4104194999999997
New_York,0.5,Off-peak,DVNDA,56,10.917269,10.917269,27.944044,100.0,49.722336,484.75055,46.027946,67.92794,0.0,25.153261,0.63143027,4.104194999999997,0.4104194999999997
New_York,0.5,Off-peak,DVNDA,57,11.857203,11.857203,30.403757,100.0,53.815834,500.1531,34.120327,56.020325,0.0,24.583267,0.38610876,4.104194999999997,0.4104194999999997
New_York,0.5,Off-peak,DVNDA,58,13.551071,13.551071,34.587765,100.0,61.623158,537.8356,32.870716,53.370716,0.0,21.922268,0.25220832,4.104194999999997,0.4104194999999997
New_York,0.5,Off-peak,DVNDA,59,15.652809,15.652809,40.24733,100.0,69.77729,514.53503,31.443974,53.393974,0.0,24.720247,0.2408245,4.104194999999997,0.4104194999999997
New_York,0.5,Off-peak,DVNDA,60,14.605775,14.605775,37.67262,100.0,65.347,507.36072,34.50023,55.65023,0.0,24.063107,0.32608986,4.104194999999997,0.4104194999999997
New_York,0.5,Off-peak,DVNDA,61,11.296311,11.296311,29.120897,100.0,51.78955,533.9065,32.527863,53.227856,0.0,21.810438,0.3555351,4.104194999999997,0.4104194999999997
New_York,0.5,Off-peak,DVNDA,62,12.522982,12.522982,32.314697,100.0,56.90337,514.51764,32.596394,49.296394,0.0,18.993681,0.6402633,4.104194999999997,0.4104194999999997
New_York,0.5,Off-peak,DVNDA,63,13.698491,13.698491,35.301327,100.0,61.35315,512.2813,29.207357,49.45736,0.0,22.758648,0.114572436,4.104194999999997,0.4104194999999997
New_York,0.5,Off-peak,DVNDA,64,12.640176,12.640176,32.668655,100.0,56.78237,521.4578,33.775642,53.725636,0.0,21.851355,0.6129213,4.104194999999997,0.4104194999999997
New_York,0.5,Off-peak,DVNDA,65,13.438289,13.438289,34.497818,100.0,61.362526,503.90775,26.748205,46.398205,0.0,22.541954,0.20880803,4.104194999999997,0.4104194999999997
New_York,0.5,Off-peak,DVNDA,66,13.155646,13.155646,33.71241,100.0,59.857796,483.44043,31.111156,49.311153,0.0,21.918825,0.58574814,4.104194999999997,0.4104194999999997
New_York,0.5,Off-peak,DVNDA,67,11.854458,11.854458,30.568462,100.0,54.134186,522.3464,44.46494,64.714935,0.0,21.9746,0.6100926,4.104194999999997,0.4104194999999997
New_York,0.5,Off-peak,DVNDA,68,12.8998995,12.8998995,33.216072,100.0,57.309288,509.466,21.011566,39.011566,0.0,20.47778,0.29447636,4.104194999999997,0.4104194999999997
New_York,0.5,Off-peak,DVNDA,69,12.005144,12.005144,30.869658,100.0,55.509193,506.41364,36.066612,55.816612,0.0,22.240177,0.66665184,4.104194999999997,0.4104194999999997
New_York,0.5,Off-peak,DVNDA,70,13.118312,13.118312,33.7216,100.0,60.233246,543.43854,30.39733,50.59733,0.0,21.356289,0.21218304,4.104194999999997,0.4104194999999997
New_York,0.5,Off-peak,DVNDA,71,13.168194,13.168194,33.8203,100.0,61.557762,522.61383,30.455124,46.955124,0.0,18.73074,0.5839186,4.104194999999997,0.4104194999999997
New_York,0.5,Off-peak,DVNDA,72,11.878305,11.878305,30.436886,100.0,54.614918,507.04218,28.927536,50.177544,0.0,23.64769,0.14815305,4.104194999999997,0.4104194999999997
New_York,0.5,Off-peak,DVNDA,73,10.909249,10.909249,28.085627,100.0,49.847637,511.69446,45.750378,67.20038,0.0,23.395191,0.48979938,4.104194999999997,0.4104194999999997
New_York,0.5,Off-peak,DVNDA,74,13.728239,13.728239,35.24532,100.0,63.997406,484.0293,31.088764,50.438763,0.0,23.293907,0.2868005,4.104194999999997,0.4104194999999997
New_York,0.5,Off-peak,DVNDA,75,11.872397,11.872397,30.480795,100.0,54.552986,511.34897,40.686592,61.48659,0.0,23.005476,0.5192926,4.104194999999997,0.4104194999999997
New_York,0.5,Off-peak,DVNDA,76,15.3736,15.3736,39.47778,100.0,70.31045,505.92133,29.223423,52.323418,0.0,26.30401,0.3000055,4.104194999999997,0.4104194999999997
New_York,0.5,Off-peak,DVNDA,77,15.244941,15.244941,39.399677,100.0,70.353645,512.2995,40.05138,61.701378,0.0,24.563446,0.5020454,4.104194999999997,0.4104194999999997
New_York,0.5,Off-peak,DVNDA,78,11.628106,11.628106,29.835922,100.0,53.218563,510.23312,44.03214,62.932137,0.0,21.12851,0.6128461,4.104194999999997,0.4104194999999997
New_York,0.5,Off-peak,DVNDA,79,11.120733,11.120733,28.548681,100.0,50.08431,516.2045,30.481243,51.781242,0.0,23.056961,0.326705,4.104194999999997,0.4104194999999997
New_York,0.5,Off-peak,DVNDA,80,11.783106,11.783106,30.44844,100.0,53.455418,534.5839,41.665344,62.215343,0.0,21.720415,0.6491256,4.104194999999997,0.4104194999999997
New_York,0.5,Off-peak,DVNDA,81,11.978276,11.978276,30.793322,100.0,54.877132,482.36716,43.25692,62.65692,0.0,22.953323,0.5318687,4.104194999999997,0.4104194999999997
New_York,0.5,Off-peak,DVNDA,82,15.725661,15.725661,40.514767,100.0,70.95144,499.25433,29.117254,49.01726,0.0,23.482592,0.30404383,4.104194999999997,0.4104194999999997
New_York,0.5,Off-peak,DVNDA,83,13.942347,13.942347,35.787228,100.0,62.59995,514.38025,40.425404,62.22541,0.0,24.233046,0.27997738,4.104194999999997,0.4104194999999997
New_York,0.5,Off-peak,DVNDA,84,11.635276,11.635276,29.830315,100.0,52.050617,539.6903,48.437634,68.237625,0.0,20.754988,0.6111093,4.104194999999997,0.4104194999999997
New_York,0.5,Off-peak,DVNDA,85,11.818688,11.818688,30.367167,100.0,54.29944,508.6814,31.261877,50.81188,0.0,21.884989,0.61248875,4.104194999999997,0.4104194999999997
New_York,0.5,Off-peak,DVNDA,86,13.546601,13.546601,34.697865,100.0,61.167377,507.14807,33.36629,53.96629,0.0,23.324911,0.37489378,4.104194999999997,0.4104194999999997
New_York,0.5,Off-peak,DVNDA,87,13.897445,13.897445,35.812466,100.0,62.370636,509.5321,36.136745,56.186745,0.0,22.735102,0.5801818,4.104194999999997,0.4104194999999997
New_York,0.5,Off-peak,DVNDA,88,11.498192,11.498192,29.676758,100.0,52.91525,499.2239,31.715292,53.16529,0.0,24.133223,0.6282341,4.104194999999997,0.4104194999999997
New_York,0.5,Off-peak,DVNDA,89,12.41276,12.41276,31.986368,100.0,58.271835,526.9375,30.530598,53.18059,0.0,24.256754,0.19234556,4.104194999999997,0.4104194999999997
New_York,0.5,Off-peak,DVNDA,90,11.0282545,11.0282545,28.30362,100.0,51.108994,524.3415,22.414793,40.764793,0.0,19.934952,0.35064363,4.104194999999997,0.4104194999999997
New_York,0.5,Off-peak,DVNDA,91,12.941338,12.941338,33.27048,100.0,60.705437,495.76886,36.88607,57.536064,0.0,23.887419,0.5957768,4.104194999999997,0.4104194999999997
New_York,0.5,Off-peak,DVNDA,92,11.9986515,11.9986515,30.876266,100.0,53.85421,497.3164,41.066006,61.31601,0.0,23.066511,0.6228519,4.104194999999997,0.4104194999999997
New_York,0.5,Off-peak,DVNDA,93,15.223463,15.223463,39.147278,100.0,68.339516,500.36237,31.409998,52.809998,0.0,24.799002,0.4020491,4.104194999999997,0.4104194999999997
New_York,0.5,Off-peak,DVNDA,94,12.489239,12.489239,32.14928,100.0,56.248135,504.1809,28.095509,47.845505,0.0,22.375307,0.26749676,4.104194999999997,0.4104194999999997
New_York,0.5,Off-peak,DVNDA,95,12.875101,12.875101,33.03336,100.0,59.056263,507.40283,64.271194,86.57119,0.0,24.884384,0.58671206,4.104194999999997,0.4104194999999997
New_York,0.5,Off-peak,DVNDA,96,10.80133,10.80133,28.008009,100.0,47.94807,508.9231,37.337814,57.837807,0.0,22.495935,0.6182168,4.104194999999997,0.4104194999999997
New_York,0.5,Off-peak,DVNDA,97,12.48744,12.48744,32.00145,100.0,57.293575,557.98267,45.6187,66.968704,0.0,21.698416,0.6059016,4.104194999999997,0.4104194999999997
New_York,0.5,Off-peak,DVNDA,98,11.967646,11.967646,30.767532,100.0,55.78935,509.4845,36.51348,58.613483,0.0,24.426132,0.26185933,4.104194999999997,0.4104194999999997
New_York,0.5,Off-peak,DVNDA,99,11.72289,11.72289,29.94473,100.0,54.593098,499.77075,42.66476,63.214752,0.0,23.290335,0.62379396,4.104194999999997,0.4104194999999997
New_York,0.5,Off-peak,Greedy,0,12.90253,12.90253,33.19861,100.0,58.717876,469.10715,11.48605,31.836048,0.0,24.819378,0.37326357,4.157545999999996,0.41575459999999964
New_York,0.5,Off-peak,Greedy,1,13.886214,13.886214,35.59102,100.0,63.45442,466.35352,13.140061,34.19006,0.0,25.97034,0.36934668,4.157545999999996,0.41575459999999964
New_York,0.5,Off-peak,Greedy,2,14.525684,14.525684,37.370106,100.0,67.84567,498.38312,12.070227,32.07023,0.0,23.468172,0.34410563,4.157545999999996,0.41575459999999964
New_York,0.5,Off-peak,Greedy,3,12.869977,12.869977,33.034653,100.0,58.310425,500.264,10.745465,30.145466,0.0,22.303747,0.35338214,4.157545999999996,0.41575459999999964
New_York,0.5,Off-peak,Greedy,4,13.071972,13.071972,33.421505,100.0,59.379513,510.88092,11.116232,31.81623,0.0,23.164867,0.20501526,4.157545999999996,0.41575459999999964
New_York,0.5,Off-peak,Greedy,5,12.427223,12.427223,31.865417,100.0,55.331776,455.0532,11.411854,32.161854,0.0,25.839386,0.5492182,4.157545999999996,0.41575459999999964
New_York,0.5,Off-peak,Greedy,6,13.165058,13.165058,33.618313,100.0,60.19395,506.39447,10.778271,28.328272,0.0,20.30008,0.18533856,4.157545999999996,0.41575459999999964
New_York,0.5,Off-peak,Greedy,7,11.380458,11.380458,29.189234,100.0,52.25395,494.73862,11.340313,32.390312,0.0,23.914343,0.29918516,4.157545999999996,0.41575459999999964
New_York,0.5,Off-peak,Greedy,8,15.5673275,15.5673275,40.08423,100.0,68.76226,512.5538,11.397949,31.99795,0.0,23.449356,0.23261514,4.157545999999996,0.41575459999999964
New_York,0.5,Off-peak,Greedy,9,14.46103,14.46103,37.514507,100.0,66.26548,496.0114,10.513386,31.463388,0.0,24.458382,0.3200259,4.157545999999996,0.41575459999999964
New_York,0.5,Off-peak,Greedy,10,11.295897,11.295897,28.876526,100.0,52.29581,514.39075,10.90335,30.503351,0.0,21.593302,0.2459732,4.157545999999996,0.41575459999999964
New_York,0.5,Off-peak,Greedy,11,14.393565,19.393566,36.987488,95.0,63.798244,453.11618,11.8218355,33.71657,1.0,26.472143,0.2419414,4.157545999999996,0.41575459999999964
New_York,0.5,Off-peak,Greedy,12,13.803589,13.803589,35.50624,100.0,64.219536,454.3512,12.335864,33.735863,0.0,27.08365,0.5118532,4.157545999999996,0.41575459999999964
New_York,0.5,Off-peak,Greedy,13,13.778045,13.778045,35.431988,100.0,63.50801,510.35495,10.050687,30.700686,0.0,23.34199,0.31324762,4.157545999999996,0.41575459999999964
New_York,0.5,Off-peak,Greedy,14,14.486016,14.486016,37.20793,100.0,63.317352,512.781,11.639104,32.6391,0.0,23.563532,0.28512454,4.157545999999996,0.41575459999999964
New_York,0.5,Off-peak,Greedy,15,11.635848,11.635848,29.809782,100.0,54.476036,499.5259,10.350006,31.300009,0.0,23.696272,0.32218838,4.157545999999996,0.41575459999999964
New_York,0.5,Off-peak,Greedy,16,9.8905735,9.8905735,25.474314,100.0,46.468323,509.93878,12.280953,33.38095,0.0,22.96689,0.47995517,4.157545999999996,0.41575459999999964
New_York,0.5,Off-peak,Greedy,17,13.654683,13.654683,35.12247,100.0,60.32918,497.5406,13.6195755,35.169575,0.0,24.687895,0.38005367,4.157545999999996,0.41575459999999964
New_York,0.5,Off-peak,Greedy,18,15.514394,15.514394,39.989212,100.0,69.68725,509.4988,10.524833,29.374832,0.0,21.917974,0.40367103,4.157545999999996,0.41575459999999964
New_York,0.5,Off-peak,Greedy,19,10.429326,10.429326,26.752625,100.0,47.36232,507.28564,10.508689,32.058693,0.0,23.574604,0.27013928,4.157545999999996,0.41575459999999964
New_York,0.5,Off-peak,Greedy,20,12.199027,12.199027,31.218456,100.0,56.487186,511.80347,10.479189,32.229187,0.0,24.007612,0.29475406,4.157545999999996,0.41575459999999964
New_York,0.5,Off-peak,Greedy,21,16.331182,16.331182,41.858826,100.0,74.20592,515.14984,9.923708,29.22371,0.0,22.333595,0.16240187,4.157545999999996,0.41575459999999964
New_York,0.5,Off-peak,Greedy,22,14.551378,14.551378,37.408897,100.0,64.42473,513.0189,9.9865465,30.086546,0.0,22.729412,0.28001413,4.157545999999996,0.41575459999999964
New_York,0.5,Off-peak,Greedy,23,13.452456,13.452456,34.612934,100.0,60.39772,404.71252,9.800417,28.250418,0.0,26.52486,0.46522632,4.157545999999996,0.41575459999999964
New_York,0.5,Off-peak,Greedy,24,14.835007,14.835007,38.19705,100.0,65.93334,460.29495,10.687896,32.737896,0.0,27.53307,0.22692813,4.157545999999996,0.41575459999999964
New_York,0.5,Off-peak,Greedy,25,13.798104,13.798104,35.25977,100.0,64.36702,506.78564,12.160358,33.61036,0.0,24.338053,0.2203698,4.157545999999996,0.41575459999999964
New_York,0.5,Off-peak,Greedy,26,12.661842,12.661842,32.465927,100.0,55.700897,509.4024,12.090397,33.240395,0.0,23.49326,0.19723989,4.157545999999996,0.41575459999999964
New_York,0.5,Off-peak,Greedy,27,13.054135,13.054135,33.44692,100.0,59.82376,514.2699,9.760727,27.160727,0.0,19.825377,0.34048948,4.157545999999996,0.41575459999999964
New_York,0.5,Off-peak,Greedy,28,10.906895,10.906895,28.138588,100.0,49.454998,456.73544,10.331561,30.58156,0.0,24.875177,0.24051067,4.157545999999996,0.41575459999999964
New_York,0.5,Off-peak,Greedy,29,11.613657,11.613657,29.682192,100.0,54.51588,452.69604,9.391429,29.991428,0.0,25.763195,0.20584737,4.157545999999996,0.41575459999999964
New_York,0.5,Off-peak,Greedy,30,16.372355,16.372355,42.444294,100.0,72.20134,512.20166,12.118322,34.068325,0.0,24.951176,0.35330918,4.157545999999996,0.41575459999999964
New_York,0.5,Off-peak,Greedy,31,11.657909,16.65791,29.973618,95.0,53.66394,494.91412,12.275116,34.064587,1.0,23.623491,0.22072533,4.157545999999996,0.41575459999999964
New_York,0.5,Off-peak,Greedy,32,14.378198,14.378198,36.97726,100.0,63.491932,519.456,9.911233,30.711233,0.0,23.07664,0.25793663,4.157545999999996,0.41575459999999964
New_York,0.5,Off-peak,Greedy,33,15.923714,15.923714,41.013405,100.0,71.37486,467.4084,11.060833,30.410831,0.0,24.516829,0.13270493,4.157545999999996,0.41575459999999964
New_York,0.5,Off-peak,Greedy,34,13.117184,13.117184,33.49979,100.0,59.711838,502.50876,10.630468,31.030468,0.0,23.26884,0.28614858,4.157545999999996,0.41575459999999964
New_York,0.5,Off-peak,Greedy,35,13.835015,13.835015,35.64922,100.0,62.26645,511.57953,10.805669,31.85567,0.0,23.616388,0.18077129,4.157545999999996,0.41575459999999964
New_York,0.5,Off-peak,Greedy,36,14.378434,14.378434,36.837337,100.0,65.786736,468.86716,9.814051,30.06405,0.0,25.102352,0.3138128,4.157545999999996,0.41575459999999964
New_York,0.5,Off-peak,Greedy,37,13.352753,13.352753,34.14438,100.0,61.71849,512.5294,13.064987,34.664986,0.0,24.082445,0.15382291,4.157545999999996,0.41575459999999964
New_York,0.5,Off-peak,Greedy,38,13.821207,13.821207,35.664738,100.0,61.402637,446.33365,10.432031,29.332031,0.0,24.61178,0.44385472,4.157545999999996,0.41575459999999964
New_York,0.5,Off-peak,Greedy,39,12.666525,12.666525,32.583096,100.0,57.031784,361.8151,9.192545,26.792545,0.0,28.26249,0.3209899,4.157545999999996,0.41575459999999964
New_York,0.5,Off-peak,Greedy,40,11.27731,11.27731,28.80942,100.0,52.757698,512.7459,8.888367,27.788366,0.0,21.002493,0.36387601,4.157545999999996,0.41575459999999964
New_York,0.5,Off-peak,Greedy,41,15.8616295,15.8616295,40.625652,100.0,71.29476,504.5236,11.209843,32.159843,0.0,24.294937,0.19605644,4.157545999999996,0.41575459999999964
New_York,0.5,Off-peak,Greedy,42,14.38748,14.38748,37.139725,100.0,65.77075,404.45804,9.272165,27.572165,0.0,26.68823,0.29904562,4.157545999999996,0.41575459999999964
New_York,0.5,Off-peak,Greedy,43,14.139516,14.139516,36.409164,100.0,62.778996,495.7965,8.548978,26.698977,0.0,21.469442,0.3159354,4.157545999999996,0.41575459999999964
New_York,0.5,Off-peak,Greedy,44,11.902923,11.902923,30.664312,100.0,53.334015,515.87634,13.227903,35.0279,0.0,23.713728,0.28716093,4.157545999999996,0.41575459999999964
New_York,0.5,Off-peak,Greedy,45,12.281559,12.281559,31.35704,100.0,56.95306,509.96143,9.610896,28.210897,0.0,21.0287,0.37345943,4.157545999999996,0.41575459999999964
New_York,0.5,Off-peak,Greedy,46,13.88088,13.88088,35.72397,100.0,61.31263,516.2695,9.407779,27.757776,0.0,20.74075,0.23269203,4.157545999999996,0.41575459999999964
New_York,0.5,Off-peak,Greedy,47,13.16579,13.16579,33.88647,100.0,61.007755,513.6124,11.305604,32.005608,0.0,23.120922,0.41948974,4.157545999999996,0.41575459999999964
New_York,0.5,Off-peak,Greedy,48,13.328983,13.328983,34.237648,100.0,58.96882,512.70746,10.777837,30.677837,0.0,22.282143,0.18603861,4.157545999999996,0.41575459999999964
New_York,0.5,Off-peak,Greedy,49,12.881274,12.881274,33.01632,100.0,56.85272,507.40363,8.210583,25.61058,0.0,19.947271,0.072077714,4.157545999999996,0.41575459999999964
New_York,0.5,Off-peak,Greedy,50,11.134296,11.134296,28.71756,100.0,50.344856,511.505,9.42411,29.374111,0.0,21.9619,0.16214336,4.157545999999996,0.41575459999999964
New_York,0.5,Off-peak,Greedy,51,13.003112,13.003112,33.333977,100.0,59.94843,509.56512,13.269499,35.169495,0.0,24.430069,0.3172379,4.157545999999996,0.41575459999999964
New_York,0.5,Off-peak,Greedy,52,12.488486,12.488486,32.231956,100.0,58.690155,462.2079,10.267608,30.467613,0.0,25.026087,0.19578913,4.157545999999996,0.41575459999999964
New_York,0.5,Off-peak,Greedy,53,13.962684,13.962684,35.797737,100.0,63.57144,513.6896,10.917426,33.01743,0.0,24.60491,0.28448752,4.157545999999996,0.41575459999999964
New_York,0.5,Off-peak,Greedy,54,11.508045,11.508045,29.676798,100.0,52.1473,515.4286,11.553372,34.35337,0.0,24.646833,0.31624687,4.157545999999996,0.41575459999999964
New_York,0.5,Off-peak,Greedy,55,12.41869,17.41869,31.765154,95.0,56.877693,503.55676,10.892954,30.471905,1.0,21.29242,0.0806384,4.157545999999996,0.41575459999999964
New_York,0.5,Off-peak,Greedy,56,15.305793,15.305793,39.345722,100.0,68.83437,456.48383,13.367002,35.267,0.0,27.757523,0.1516557,4.157545999999996,0.41575459999999964
New_York,0.5,Off-peak,Greedy,57,12.646813,12.646813,32.323723,100.0,57.81398,499.89282,12.623003,34.523003,0.0,24.796015,0.38705438,4.157545999999996,0.41575459999999964
New_York,0.5,Off-peak,Greedy,58,13.620745,13.620745,34.74299,100.0,61.522312,513.725,10.573871,31.073868,0.0,22.946243,0.08447616,4.157545999999996,0.41575459999999964
New_York,0.5,Off-peak,Greedy,59,12.635114,12.635114,32.416496,100.0,56.483982,512.58734,11.30623,33.256226,0.0,24.165833,0.3643755,4.157545999999996,0.41575459999999964
New_York,0.5,Off-peak,Greedy,60,13.797999,13.797999,35.659912,100.0,60.786488,506.94574,13.6241,34.7741,0.0,23.857904,0.14380026,4.157545999999996,0.41575459999999964
New_York,0.5,Off-peak,Greedy,61,10.729233,10.729233,27.64885,100.0,49.778694,512.7452,10.482928,31.182934,0.0,22.612534,0.39155954,4.157545999999996,0.41575459999999964
New_York,0.5,Off-peak,Greedy,62,14.394078,14.394078,37.17567,100.0,65.016495,503.15265,11.227745,27.927744,0.0,19.825817,0.37928742,4.157545999999996,0.41575459999999964
New_York,0.5,Off-peak,Greedy,63,12.469058,12.469058,31.892189,100.0,56.980347,512.2813,12.486128,32.73613,0.0,22.545248,0.24452119,4.157545999999996,0.41575459999999964
New_York,0.5,Off-peak,Greedy,64,12.705214,12.705214,32.74706,100.0,57.033154,505.1927,10.30845,30.25845,0.0,22.567287,0.23958008,4.157545999999996,0.41575459999999964
New_York,0.5,Off-peak,Greedy,65,12.934491,12.934491,33.437553,100.0,57.499084,503.73532,10.03935,29.689346,0.0,22.357927,0.21540101,4.157545999999996,0.41575459999999964
New_York,0.5,Off-peak,Greedy,66,12.756555,12.756555,32.832317,100.0,58.261913,465.90646,9.225944,27.425943,0.0,22.658083,0.2803156,4.157545999999996,0.41575459999999964
New_York,0.5,Off-peak,Greedy,67,11.906812,11.906812,30.64876,100.0,54.610573,509.32388,11.372961,31.622965,0.0,22.559837,0.4566496,4.157545999999996,0.41575459999999964
New_York,0.5,Off-peak,Greedy,68,12.77435,12.77435,32.965023,100.0,56.784954,507.87604,8.463609,26.463608,0.0,20.516077,0.18424389,4.157545999999996,0.41575459999999964
New_York,0.5,Off-peak,Greedy,69,12.69155,12.69155,32.76113,100.0,58.720684,506.71167,11.032346,30.782347,0.0,22.385548,0.27146855,4.157545999999996,0.41575459999999964
New_York,0.5,Off-peak,Greedy,70,14.614156,14.614156,37.410603,100.0,65.643555,516.4065,10.408039,30.60804,0.0,22.736135,0.1878513,4.157545999999996,0.41575459999999964
New_York,0.5,Off-peak,Greedy,71,13.335158,13.335158,34.354134,100.0,61.61934,504.60577,9.330248,25.830248,0.0,19.40224,0.11524392,4.157545999999996,0.41575459999999964
New_York,0.5,Off-peak,Greedy,72,13.514007,13.514007,34.470623,100.0,62.215805,506.90585,11.374836,32.624836,0.0,24.028912,0.33390772,4.157545999999996,0.41575459999999964
New_York,0.5,Off-peak,Greedy,73,11.62435,11.62435,29.734867,100.0,53.200302,509.97162,10.8189,32.268898,0.0,23.638584,0.12246701,4.157545999999996,0.41575459999999964
New_York,0.5,Off-peak,Greedy,74,16.46389,16.46389,42.18151,100.0,75.342964,448.79318,11.688812,31.038813,0.0,25.75479,0.12676048,4.157545999999996,0.41575459999999964
New_York,0.5,Off-peak,Greedy,75,14.135673,14.135673,36.298798,100.0,64.75143,512.3495,11.090575,31.890572,0.0,23.45818,0.27320793,4.157545999999996,0.41575459999999964
New_York,0.5,Off-peak,Greedy,76,14.138747,14.138747,36.494236,100.0,63.287064,502.12714,10.678305,33.7783,0.0,26.153091,0.3098989,4.157545999999996,0.41575459999999964
New_York,0.5,Off-peak,Greedy,77,14.15893,14.15893,36.51802,100.0,63.185646,513.72766,11.067727,32.717728,0.0,24.146334,0.37843686,4.157545999999996,0.41575459999999964
New_York,0.5,Off-peak,Greedy,78,12.366764,12.366764,31.740517,100.0,56.4993,508.0405,10.512926,29.412924,0.0,21.381136,0.36099347,4.157545999999996,0.41575459999999964
New_York,0.5,Off-peak,Greedy,79,12.178472,12.178472,31.181759,100.0,54.474648,515.1965,10.959272,32.259274,0.0,23.315117,0.15134954,4.157545999999996,0.41575459999999964
New_York,0.5,Off-peak,Greedy,80,14.807606,14.807606,37.99549,100.0,66.50404,513.8475,10.472809,31.022808,0.0,23.2318,0.21951064,4.157545999999996,0.41575459999999964
New_York,0.5,Off-peak,Greedy,81,11.329041,11.329041,29.303886,100.0,52.150826,453.49905,11.284741,30.684742,0.0,24.264156,0.252494,4.157545999999996,0.41575459999999964
New_York,0.5,Off-peak,Greedy,82,16.925762,16.925762,43.564785,100.0,76.56293,499.25433,10.246386,30.146387,0.0,23.763584,0.2608264,4.157545999999996,0.41575459999999964
New_York,0.5,Off-peak,Greedy,83,14.870709,14.870709,38.129715,100.0,67.4252,500.45264,11.722503,33.5225,0.0,25.148493,0.41920125,4.157545999999996,0.41575459999999964
New_York,0.5,Off-peak,Greedy,84,13.753941,13.753941,35.464417,100.0,60.603424,467.75656,10.092209,29.892208,0.0,24.403904,0.10948661,4.157545999999996,0.41575459999999964
New_York,0.5,Off-peak,Greedy,85,13.3647,13.3647,34.41351,100.0,61.195602,508.84283,9.766469,29.31647,0.0,22.21686,0.23452559,4.157545999999996,0.41575459999999964
New_York,0.5,Off-peak,Greedy,86,12.639882,12.639882,32.483055,100.0,57.06713,507.04297,10.902187,31.502192,0.0,23.127583,0.29984108,4.157545999999996,0.41575459999999964
New_York,0.5,Off-peak,Greedy,87,14.919799,14.919799,38.372402,100.0,66.81597,509.71527,10.574266,30.624264,0.0,22.944965,0.36267164,4.157545999999996,0.41575459999999964
New_York,0.5,Off-peak,Greedy,88,13.915062,13.915062,36.01268,100.0,63.967888,499.6733,9.722471,31.172472,0.0,24.664509,0.31845024,4.157545999999996,0.41575459999999964
New_York,0.5,Off-peak,Greedy,89,13.106984,13.106984,33.77257,100.0,60.195988,515.4635,12.761433,35.41143,0.0,24.890024,0.16639976,4.157545999999996,0.41575459999999964
New_York,0.5,Off-peak,Greedy,90,12.772635,12.772635,32.732567,100.0,59.174706,510.6589,8.633206,26.983206,0.0,20.863962,0.19807312,4.157545999999996,0.41575459999999964
New_York,0.5,Off-peak,Greedy,91,15.898735,15.898735,40.97912,100.0,72.22334,494.51804,12.404876,33.05488,0.0,24.530111,0.4631866,4.157545999999996,0.41575459999999964
New_York,0.5,Off-peak,Greedy,92,14.820929,14.820929,38.099678,100.0,65.48079,499.55304,12.6986265,32.94862,0.0,23.545086,0.18936168,4.157545999999996,0.41575459999999964
New_York,0.5,Off-peak,Greedy,93,13.38301,13.38301,34.45351,100.0,59.79761,500.36237,11.543015,32.943012,0.0,24.372215,0.14676845,4.157545999999996,0.41575459999999964
New_York,0.5,Off-peak,Greedy,94,12.906644,12.906644,33.271038,100.0,57.52088,500.73795,11.303424,31.053421,0.0,22.5927,0.23087548,4.157545999999996,0.41575459999999964
New_York,0.5,Off-peak,Greedy,95,14.702167,14.702167,37.933987,100.0,66.43845,505.94604,13.3291025,35.6291,0.0,25.320805,0.29863995,4.157545999999996,0.41575459999999964
New_York,0.5,Off-peak,Greedy,96,11.67534,11.67534,29.998257,100.0,50.666626,508.92316,9.170621,29.670622,0.0,22.629477,0.23069921,4.157545999999996,0.41575459999999964
New_York,0.5,Off-peak,Greedy,97,13.150097,13.150097,33.698196,100.0,60.050133,513.78796,11.674742,33.024742,0.0,23.698986,0.11588576,4.157545999999996,0.41575459999999964
New_York,0.5,Off-peak,Greedy,98,13.250633,13.250633,34.115143,100.0,60.674053,508.34454,11.293995,33.393993,0.0,24.72113,0.22297592,4.157545999999996,0.41575459999999964
New_York,0.5,Off-peak,Greedy,99,12.442327,12.442327,31.738098,100.0,57.640495,499.77075,9.836356,30.386356,0.0,23.442774,0.3198138,4.157545999999996,0.41575459999999964
New_York,0.5,Peak-aware,DVNDA,0,11.698962,11.698962,30.039991,100.0,60.432945,483.40622,32.28728,52.63728,0.0,24.173922,0.6357382,3.7900690000000026,0.37900690000000026
New_York,0.5,Peak-aware,DVNDA,1,11.648444,11.648444,29.821472,100.0,56.189606,484.74545,36.550495,57.600494,0.0,24.610315,0.29490477,3.7900690000000026,0.37900690000000026
New_York,0.5,Peak-aware,DVNDA,2,16.18398,16.18398,41.73453,100.0,80.949135,498.57227,36.026176,56.026165,0.0,24.116322,0.41791165,3.7900690000000026,0.37900690000000026
New_York,0.5,Peak-aware,DVNDA,3,11.888767,11.888767,30.629417,100.0,57.761227,503.50525,40.586704,59.986713,0.0,22.132898,0.60471636,3.7900690000000026,0.37900690000000026
New_York,0.5,Peak-aware,DVNDA,4,11.223192,11.223192,28.694977,100.0,54.117367,531.0361,31.846317,52.546318,0.0,22.037931,0.4525314,3.7900690000000026,0.37900690000000026
New_York,0.5,Peak-aware,DVNDA,5,12.5812235,12.5812235,32.199,100.0,60.256027,484.04886,27.167088,47.91709,0.0,24.54587,0.33906907,3.7900690000000026,0.37900690000000026
New_York,0.5,Peak-aware,DVNDA,6,12.635258,12.635258,32.279346,100.0,62.50628,525.3753,25.700317,43.250313,0.0,19.676712,0.49174702,3.7900690000000026,0.37900690000000026
New_York,0.5,Peak-aware,DVNDA,7,10.105332,10.105332,25.971554,100.0,50.475376,506.22528,40.76664,61.81664,0.0,23.283873,0.62844837,3.7900690000000026,0.37900690000000026
New_York,0.5,Peak-aware,DVNDA,8,12.532629,12.532629,32.34045,100.0,60.52517,513.44495,34.615253,55.215252,0.0,23.00759,0.5830755,3.7900690000000026,0.37900690000000026
New_York,0.5,Peak-aware,DVNDA,9,14.035347,14.035347,36.254955,100.0,68.64766,496.0114,28.133907,49.083916,0.0,24.578453,0.17245013,3.7900690000000026,0.37900690000000026
New_York,0.5,Peak-aware,DVNDA,10,12.726347,12.726347,32.557877,100.0,62.647476,513.4825,36.4105,56.010498,0.0,22.135494,0.48667976,3.7900690000000026,0.37900690000000026
New_York,0.5,Peak-aware,DVNDA,11,13.721553,13.721553,35.343525,100.0,64.79661,485.11615,32.299236,53.849236,0.0,25.55041,0.124823704,3.7900690000000026,0.37900690000000026
New_York,0.5,Peak-aware,DVNDA,12,13.406136,13.406136,34.55451,100.0,66.14852,483.81683,45.26144,66.66143,0.0,25.533867,0.58623654,3.7900690000000026,0.37900690000000026
New_York,0.5,Peak-aware,DVNDA,13,12.083879,12.083879,31.0359,100.0,59.077587,510.35495,31.505518,52.155518,0.0,23.124964,0.22751375,3.7900690000000026,0.37900690000000026
New_York,0.5,Peak-aware,DVNDA,14,12.638896,12.638896,32.40179,100.0,60.469315,527.86945,34.585487,55.58548,0.0,22.755121,0.59060687,3.7900690000000026,0.37900690000000026
New_York,0.5,Peak-aware,DVNDA,15,11.350549,11.350549,29.155605,100.0,57.79745,518.05176,37.131012,58.081013,0.0,23.009155,0.14020653,3.7900690000000026,0.37900690000000026
New_York,0.5,Peak-aware,DVNDA,16,9.443054,9.443054,24.059822,100.0,47.528584,521.7244,38.82296,59.922962,0.0,22.498877,0.6431504,3.7900690000000026,0.37900690000000026
New_York,0.5,Peak-aware,DVNDA,17,12.573418,12.573418,32.227776,100.0,60.729706,496.94412,31.676132,53.226128,0.0,24.73768,0.49384394,3.7900690000000026,0.37900690000000026
New_York,0.5,Peak-aware,DVNDA,18,14.763687,14.763687,37.970066,100.0,74.373184,507.3943,31.43137,50.281372,0.0,22.239761,0.54532915,3.7900690000000026,0.37900690000000026
New_York,0.5,Peak-aware,DVNDA,19,10.465507,10.465507,26.841766,100.0,51.130455,507.2857,48.69879,70.248795,0.0,23.760302,0.6050945,3.7900690000000026,0.37900690000000026
New_York,0.5,Peak-aware,DVNDA,20,12.679179,12.679179,32.384888,100.0,64.16936,510.75342,26.982304,48.732307,0.0,24.432995,0.2561985,3.7900690000000026,0.37900690000000026
New_York,0.5,Peak-aware,DVNDA,21,14.484564,14.484564,37.041542,100.0,68.83908,527.9474,25.95141,45.251408,0.0,21.538088,0.19617803,3.7900690000000026,0.37900690000000026
New_York,0.5,Peak-aware,DVNDA,22,13.636514,13.636514,35.069176,100.0,69.1252,508.58997,29.63975,49.73975,0.0,23.1584,0.21986973,3.7900690000000026,0.37900690000000026
New_York,0.5,Peak-aware,DVNDA,23,12.294096,12.294096,31.70385,100.0,60.582184,483.32446,34.286976,52.736977,0.0,22.220173,0.6533806,3.7900690000000026,0.37900690000000026
New_York,0.5,Peak-aware,DVNDA,24,14.084391,14.084391,36.209057,100.0,70.92174,485.41083,40.038677,62.088673,0.0,26.365385,0.36119238,3.7900690000000026,0.37900690000000026
New_York,0.5,Peak-aware,DVNDA,25,12.541196,12.541196,32.206306,100.0,63.216454,531.1268,25.2095,46.659504,0.0,23.1685,0.16319172,3.7900690000000026,0.37900690000000026
New_York,0.5,Peak-aware,DVNDA,26,12.1016035,12.1016035,31.060707,100.0,57.3058,532.95685,33.141384,54.29139,0.0,22.530241,0.2872516,3.7900690000000026,0.37900690000000026
New_York,0.5,Peak-aware,DVNDA,27,13.821995,13.821995,35.4596,100.0,68.406586,514.7703,26.555435,43.955437,0.0,20.222933,0.14880541,3.7900690000000026,0.37900690000000026
New_York,0.5,Peak-aware,DVNDA,28,10.159329,10.159329,26.209757,100.0,49.503975,482.81995,37.959293,58.209297,0.0,23.533825,0.40828353,3.7900690000000026,0.37900690000000026
New_York,0.5,Peak-aware,DVNDA,29,10.273137,10.273137,26.338121,100.0,51.828068,483.50516,28.674383,49.274376,0.0,23.982582,0.2978364,3.7900690000000026,0.37900690000000026
New_York,0.5,Peak-aware,DVNDA,30,12.519036,12.519036,32.271248,100.0,58.5543,533.611,41.65506,63.605053,0.0,23.310715,0.6549149,3.7900690000000026,0.37900690000000026
New_York,0.5,Peak-aware,DVNDA,31,11.561264,11.561264,29.627602,100.0,57.89443,516.6727,30.814236,52.51424,0.0,23.801062,0.28313532,3.7900690000000026,0.37900690000000026
New_York,0.5,Peak-aware,DVNDA,32,12.889202,12.889202,33.027588,100.0,61.033035,515.0749,29.684162,50.484158,0.0,23.153574,0.34462747,3.7900690000000026,0.37900690000000026
New_York,0.5,Peak-aware,DVNDA,33,13.125786,13.125786,33.89782,100.0,65.00086,483.55014,28.977032,48.327034,0.0,23.368872,0.149983,3.7900690000000026,0.37900690000000026
New_York,0.5,Peak-aware,DVNDA,34,13.021504,13.021504,33.255848,100.0,61.421494,504.87372,34.12632,54.526306,0.0,23.2445,0.18586846,3.7900690000000026,0.37900690000000026
New_York,0.5,Peak-aware,DVNDA,35,13.122208,13.122208,33.716457,100.0,65.45952,512.5133,36.27349,57.323498,0.0,23.729116,0.25460526,3.7900690000000026,0.37900690000000026
New_York,0.5,Peak-aware,DVNDA,36,12.339401,12.339401,31.664082,100.0,61.202576,483.07452,24.660412,44.910408,0.0,24.126844,0.36713246,3.7900690000000026,0.37900690000000026
New_York,0.5,Peak-aware,DVNDA,37,12.234091,12.234091,31.261795,100.0,61.34584,515.7179,32.528343,54.128345,0.0,23.915487,0.13574256,3.7900690000000026,0.37900690000000026
New_York,0.5,Peak-aware,DVNDA,38,13.097332,13.097332,33.7717,100.0,63.0841,483.48425,35.66046,54.560455,0.0,22.807577,0.44343406,3.7900690000000026,0.37900690000000026
New_York,0.5,Peak-aware,DVNDA,39,11.417805,11.417805,29.402311,100.0,56.002796,483.1672,30.84093,48.44093,0.0,21.11085,0.36043406,3.7900690000000026,0.37900690000000026
New_York,0.5,Peak-aware,DVNDA,40,12.39447,12.39447,31.743326,100.0,60.020477,547.40674,35.050156,53.950153,0.0,20.004349,0.6607612,3.7900690000000026,0.37900690000000026
New_York,0.5,Peak-aware,DVNDA,41,14.303684,14.303684,36.632706,100.0,66.721634,516.11835,35.532627,56.482628,0.0,23.527632,0.4386934,3.7900690000000026,0.37900690000000026
New_York,0.5,Peak-aware,DVNDA,42,13.149062,13.149062,33.92525,100.0,65.28561,483.24515,21.558237,39.85824,0.0,22.311949,0.29619208,3.7900690000000026,0.37900690000000026
New_York,0.5,Peak-aware,DVNDA,43,13.296131,13.296131,34.222443,100.0,67.03138,498.16165,33.644367,51.79436,0.0,21.580915,0.6597258,3.7900690000000026,0.37900690000000026
New_York,0.5,Peak-aware,DVNDA,44,12.2477,12.2477,31.607185,100.0,59.071503,515.372,36.658318,58.45832,0.0,24.015251,0.49066713,3.7900690000000026,0.37900690000000026
New_York,0.5,Peak-aware,DVNDA,45,12.879759,12.879759,32.9738,100.0,66.54173,510.6684,31.116596,49.716595,0.0,21.469004,0.48233327,3.7900690000000026,0.37900690000000026
New_York,0.5,Peak-aware,DVNDA,46,11.773455,11.773455,30.164589,100.0,56.09092,536.75696,33.420227,51.770226,0.0,19.705889,0.6290435,3.7900690000000026,0.37900690000000026
New_York,0.5,Peak-aware,DVNDA,47,11.223248,11.223248,28.866974,100.0,57.15074,541.04694,45.53362,66.23363,0.0,21.770323,0.6253566,3.7900690000000026,0.37900690000000026
New_York,0.5,Peak-aware,DVNDA,48,13.326048,13.326048,34.365505,100.0,63.01076,537.00555,23.706915,43.606915,0.0,21.462105,0.10044509,3.7900690000000026,0.37900690000000026
New_York,0.5,Peak-aware,DVNDA,49,13.650514,13.650514,35.010468,100.0,63.28276,524.2396,26.752832,44.152832,0.0,19.6133,0.15463896,3.7900690000000026,0.37900690000000026
New_York,0.5,Peak-aware,DVNDA,50,12.551864,12.551864,32.230106,100.0,62.579987,512.7288,25.092375,45.042377,0.0,22.506042,0.33114782,3.7900690000000026,0.37900690000000026
New_York,0.5,Peak-aware,DVNDA,51,10.810091,10.810091,27.654764,100.0,54.539024,528.9434,35.221798,57.121803,0.0,23.279377,0.5972645,3.7900690000000026,0.37900690000000026
New_York,0.5,Peak-aware,DVNDA,52,10.586286,10.586286,27.251476,100.0,53.945976,483.5435,35.120216,55.320213,0.0,23.676567,0.597916,3.7900690000000026,0.37900690000000026
New_York,0.5,Peak-aware,DVNDA,53,11.862578,11.862578,30.401903,100.0,58.74782,513.8956,25.922363,48.02236,0.0,24.360388,0.322978,3.7900690000000026,0.37900690000000026
New_York,0.5,Peak-aware,DVNDA,54,12.055585,12.055585,31.085373,100.0,59.637848,546.3826,28.884485,51.68448,0.0,23.59325,0.25850496,3.7900690000000026,0.37900690000000026
New_York,0.5,Peak-aware,DVNDA,55,11.811585,11.811585,30.08265,100.0,54.569115,549.20935,24.957424,44.657433,0.0,20.418858,0.16001996,3.7900690000000026,0.37900690000000026
New_York,0.5,Peak-aware,DVNDA,56,10.919752,10.919752,27.950703,100.0,52.55307,484.75055,46.2868,68.18679,0.0,25.299252,0.6314584,3.7900690000000026,0.37900690000000026
New_York,0.5,Peak-aware,DVNDA,57,11.839281,11.839281,30.358229,100.0,57.24612,500.1531,34.31092,56.21092,0.0,24.754725,0.38480413,3.7900690000000026,0.37900690000000026
New_York,0.5,Peak-aware,DVNDA,58,13.554376,13.554376,34.597805,100.0,65.1856,537.8356,33.07389,53.573895,0.0,22.087862,0.2524921,3.7900690000000026,0.37900690000000026
New_York,0.5,Peak-aware,DVNDA,59,15.652809,15.652809,40.24733,100.0,73.055405,514.53503,31.607876,53.55788,0.0,24.879526,0.2408245,3.7900690000000026,0.37900690000000026
New_York,0.5,Peak-aware,DVNDA,60,14.433877,14.433877,37.214565,100.0,73.14526,507.36072,35.021248,56.171246,0.0,24.447361,0.32620975,3.7900690000000026,0.37900690000000026
New_York,0.5,Peak-aware,DVNDA,61,11.296311,11.296311,29.120897,100.0,55.616745,533.9065,32.74799,53.447987,0.0,21.989645,0.3555351,3.7900690000000026,0.37900690000000026
New_York,0.5,Peak-aware,DVNDA,62,12.525244,12.525244,32.31476,100.0,62.252975,514.51764,32.944885,49.64489,0.0,19.253614,0.6402628,3.7900690000000026,0.37900690000000026
New_York,0.5,Peak-aware,DVNDA,63,13.691214,13.691214,35.30274,100.0,64.635445,512.2813,29.412968,49.662968,0.0,22.918827,0.11460218,3.7900690000000026,0.37900690000000026
New_York,0.5,Peak-aware,DVNDA,64,12.655708,12.655708,32.69136,100.0,63.266586,521.4578,34.20222,54.152214,0.0,22.162228,0.61266124,3.7900690000000026,0.37900690000000026
New_York,0.5,Peak-aware,DVNDA,65,13.458665,13.458665,34.570606,100.0,68.687416,503.90775,27.141226,46.79122,0.0,22.905355,0.21038413,3.7900690000000026,0.37900690000000026
New_York,0.5,Peak-aware,DVNDA,66,13.155646,13.155646,33.71241,100.0,64.12865,483.44043,31.435537,49.63554,0.0,22.13968,0.58574814,3.7900690000000026,0.37900690000000026
New_York,0.5,Peak-aware,DVNDA,67,11.928414,11.928414,30.75318,100.0,58.9017,522.3464,44.90989,65.1599,0.0,22.202778,0.61092794,3.7900690000000026,0.37900690000000026
New_York,0.5,Peak-aware,DVNDA,68,12.8998995,12.8998995,33.216072,100.0,58.77325,509.466,21.084764,39.084766,0.0,20.549616,0.29447636,3.7900690000000026,0.37900690000000026
New_York,0.5,Peak-aware,DVNDA,69,11.996075,11.996075,30.850357,100.0,60.84111,506.41364,36.73327,56.483276,0.0,22.503395,0.6662029,3.7900690000000026,0.37900690000000026
New_York,0.5,Peak-aware,DVNDA,70,13.120797,13.120797,33.728256,100.0,63.54109,543.43854,30.590176,50.790173,0.0,21.508463,0.21247095,3.7900690000000026,0.37900690000000026
New_York,0.5,Peak-aware,DVNDA,71,13.168194,13.168194,33.8203,100.0,66.10856,522.61383,30.81091,47.31091,0.0,18.948435,0.5839186,3.7900690000000026,0.37900690000000026
New_York,0.5,Peak-aware,DVNDA,72,11.878252,11.878252,30.436892,100.0,57.166985,507.04218,29.055141,50.305145,0.0,23.773518,0.14815336,3.7900690000000026,0.37900690000000026
New_York,0.5,Peak-aware,DVNDA,73,10.909249,10.909249,28.085627,100.0,53.3993,511.69446,46.333057,67.783066,0.0,23.568718,0.48979947,3.7900690000000026,0.37900690000000026
New_York,0.5,Peak-aware,DVNDA,74,13.73089,13.73089,35.257587,100.0,68.70822,484.0293,31.458996,50.80899,0.0,23.537222,0.28690562,3.7900690000000026,0.37900690000000026
New_York,0.5,Peak-aware,DVNDA,75,11.874262,11.874262,30.486094,100.0,58.873463,511.34897,41.457607,62.25761,0.0,23.216703,0.5194546,3.7900690000000026,0.37900690000000026
New_York,0.5,Peak-aware,DVNDA,76,15.381248,15.381248,39.495995,100.0,73.30323,505.92133,29.373058,52.473053,0.0,26.451895,0.3004913,3.7900690000000026,0.37900690000000026
New_York,0.5,Peak-aware,DVNDA,77,15.225271,15.225271,39.34812,100.0,75.60273,512.2995,40.453224,62.103218,0.0,24.8196,0.5008754,3.7900690000000026,0.37900690000000026
New_York,0.5,Peak-aware,DVNDA,78,11.630368,11.630368,29.835981,100.0,57.26506,510.23312,44.40659,63.306587,0.0,21.326775,0.612847,3.7900690000000026,0.37900690000000026
New_York,0.5,Peak-aware,DVNDA,79,11.123384,11.123384,28.560947,100.0,53.48359,516.2045,30.692286,51.99229,0.0,23.221588,0.32661748,3.7900690000000026,0.37900690000000026
New_York,0.5,Peak-aware,DVNDA,80,11.783106,11.783106,30.448437,100.0,57.640858,534.5839,42.040657,62.59066,0.0,21.91615,0.6491256,3.7900690000000026,0.37900690000000026
New_York,0.5,Peak-aware,DVNDA,81,12.0110655,12.0110655,30.889482,100.0,61.89564,482.36716,43.87896,63.27896,0.0,23.317074,0.53419375,3.7900690000000026,0.37900690000000026
New_York,0.5,Peak-aware,DVNDA,82,15.742909,15.742909,40.56661,100.0,77.144196,499.25433,29.506817,49.40682,0.0,23.792692,0.30248818,3.7900690000000026,0.37900690000000026
New_York,0.5,Peak-aware,DVNDA,83,13.945311,13.945311,35.796005,100.0,66.43499,514.38025,40.69555,62.495552,0.0,24.419436,0.2799785,3.7900690000000026,0.37900690000000026
New_York,0.5,Peak-aware,DVNDA,84,11.6396265,11.6396265,29.84227,100.0,55.831604,539.6903,48.72792,68.527916,0.0,20.930138,0.61119205,3.7900690000000026,0.37900690000000026
New_York,0.5,Peak-aware,DVNDA,85,11.809642,11.809642,30.34392,100.0,57.139282,508.6814,31.40387,50.95387,0.0,22.024559,0.61262697,3.7900690000000026,0.37900690000000026
New_York,0.5,Peak-aware,DVNDA,86,13.531644,13.531644,34.661114,100.0,66.472115,507.14807,33.712563,54.31257,0.0,23.58641,0.3742503,3.7900690000000026,0.37900690000000026
New_York,0.5,Peak-aware,DVNDA,87,13.898671,13.898671,35.85732,100.0,68.9059,509.5321,36.53404,56.584034,0.0,23.055754,0.5800123,3.7900690000000026,0.37900690000000026
New_York,0.5,Peak-aware,DVNDA,88,11.485754,11.485754,29.649233,100.0,57.29382,499.2239,32.04881,53.49881,0.0,24.352493,0.6275418,3.7900690000000026,0.37900690000000026
New_York,0.5,Peak-aware,DVNDA,89,12.438557,12.438557,32.050034,100.0,60.950726,526.9375,30.664541,53.314533,0.0,24.383852,0.19307187,3.7900690000000026,0.37900690000000026
New_York,0.5,Peak-aware,DVNDA,90,11.0282545,11.0282545,28.30362,100.0,55.1685,524.3415,22.62555,40.975548,0.0,20.128508,0.35064363,3.7900690000000026,0.37900690000000026
New_York,0.5,Peak-aware,DVNDA,91,12.949749,12.949749,33.292725,100.0,66.8141,495.76886,37.227478,57.877483,0.0,24.195456,0.59591573,3.7900690000000026,0.37900690000000026
New_York,0.5,Peak-aware,DVNDA,92,11.9986515,11.9986515,30.876266,100.0,60.137436,497.3164,41.541847,61.791847,0.0,23.382368,0.6228519,3.7900690000000026,0.37900690000000026
New_York,0.5,Peak-aware,DVNDA,93,15.223463,15.223463,39.147278,100.0,73.02751,500.36237,31.696594,53.0966,0.0,25.03323,0.4020491,3.7900690000000026,0.37900690000000026
New_York,0.5,Peak-aware,DVNDA,94,12.491723,12.491723,32.15597,100.0,61.458363,504.1809,28.38035,48.130344,0.0,22.633657,0.26760805,3.7900690000000026,0.37900690000000026
New_York,0.5,Peak-aware,DVNDA,95,12.914208,12.914208,33.119205,100.0,65.17749,507.40283,65.11364,87.41364,0.0,25.185978,0.5868662,3.7900690000000026,0.37900690000000026
New_York,0.5,Peak-aware,DVNDA,96,10.803194,10.803194,28.013308,100.0,54.030888,508.9231,37.82009,58.32009,0.0,22.794743,0.61818737,3.7900690000000026,0.37900690000000026
New_York,0.5,Peak-aware,DVNDA,97,12.473513,12.473513,31.965311,100.0,61.18511,557.98267,46.046783,67.39679,0.0,21.872774,0.6056486,3.7900690000000026,0.37900690000000026
New_York,0.5,Peak-aware,DVNDA,98,11.952453,11.952453,30.73333,100.0,59.563282,509.4845,36.80798,58.90798,0.0,24.611315,0.26136333,3.7900690000000026,0.37900690000000026
New_York,0.5,Peak-aware,DVNDA,99,11.734271,11.734271,29.970825,100.0,59.617897,499.77075,43.118435,63.668434,0.0,23.541689,0.62452096,3.7900690000000026,0.37900690000000026
New_York,0.5,Peak-aware,Greedy,0,12.9094095,12.9094095,33.216534,100.0,64.63391,469.10715,11.762202,32.1122,0.0,25.134659,0.37396002,4.30078899999998,0.43007889999999804
New_York,0.5,Peak-aware,Greedy,1,13.895441,13.895441,35.62172,100.0,66.567444,466.35352,13.295712,34.345715,0.0,26.137224,0.3697461,4.30078899999998,0.43007889999999804
New_York,0.5,Peak-aware,Greedy,2,14.529702,14.529702,37.382122,100.0,74.28419,498.38312,12.312761,32.312763,0.0,23.791145,0.34424016,4.30078899999998,0.43007889999999804
New_York,0.5,Peak-aware,Greedy,3,12.908205,12.908205,33.13157,100.0,60.970642,500.264,10.878476,30.278475,0.0,22.436687,0.35613224,4.30078899999998,0.43007889999999804
New_York,0.5,Peak-aware,Greedy,4,13.080184,13.080184,33.43594,100.0,62.304504,510.88092,11.262483,31.962482,0.0,23.308002,0.20526634,4.30078899999998,0.43007889999999804
New_York,0.5,Peak-aware,Greedy,5,12.427223,12.427223,31.865417,100.0,59.748398,455.0532,11.558138,32.308136,0.0,26.082026,0.5492182,4.30078899999998,0.43007889999999804
New_York,0.5,Peak-aware,Greedy,6,13.167813,13.167813,33.624992,100.0,61.84796,506.39447,10.860972,28.41097,0.0,20.381737,0.18550484,4.30078899999998,0.43007889999999804
New_York,0.5,Peak-aware,Greedy,7,11.365019,11.365019,29.150394,100.0,54.93603,494.73862,11.474417,32.524418,0.0,24.049873,0.29974678,4.30078899999998,0.43007889999999804
New_York,0.5,Peak-aware,Greedy,8,15.51625,15.51625,39.869286,100.0,74.86257,512.5538,11.581223,32.18122,0.0,23.746902,0.20846926,4.30078899999998,0.43007889999999804
New_York,0.5,Peak-aware,Greedy,9,14.487634,14.487634,37.569363,100.0,71.2504,496.0114,10.703467,31.653467,0.0,24.709631,0.32190076,4.30078899999998,0.43007889999999804
New_York,0.5,Peak-aware,Greedy,10,11.285944,11.285944,28.869324,100.0,54.575695,514.39075,10.959544,30.559542,0.0,21.704107,0.24576364,4.30078899999998,0.43007889999999804
New_York,0.5,Peak-aware,Greedy,11,14.404678,19.404678,37.017063,95.0,71.85736,453.11618,12.077105,33.971844,1.0,26.916792,0.24171706,4.30078899999998,0.43007889999999804
New_York,0.5,Peak-aware,Greedy,12,13.805794,13.805794,35.512802,100.0,69.231735,454.3512,12.586474,33.986473,0.0,27.35944,0.5117752,4.30078899999998,0.43007889999999804
New_York,0.5,Peak-aware,Greedy,13,13.7808,13.7808,35.438667,100.0,64.84966,510.35495,10.117769,30.767767,0.0,23.407713,0.31321418,4.30078899999998,0.43007889999999804
New_York,0.5,Peak-aware,Greedy,14,14.503899,14.503899,37.249992,100.0,66.326355,512.781,11.789554,32.78955,0.0,23.710236,0.28582975,4.30078899999998,0.43007889999999804
New_York,0.5,Peak-aware,Greedy,15,11.644846,11.644846,29.832458,100.0,59.72358,499.5259,10.567751,31.517752,0.0,23.958897,0.32223856,4.30078899999998,0.43007889999999804
New_York,0.5,Peak-aware,Greedy,16,9.8905735,9.8905735,25.474314,100.0,47.05711,509.93878,12.310392,33.41039,0.0,22.995756,0.47995517,4.30078899999998,0.43007889999999804
New_York,0.5,Peak-aware,Greedy,17,13.654683,13.654683,35.12247,100.0,62.163055,497.5406,13.711269,35.261272,0.0,24.78004,0.38005367,4.30078899999998,0.43007889999999804
New_York,0.5,Peak-aware,Greedy,18,15.564772,15.564772,40.087997,100.0,74.5722,509.4988,10.769079,29.619078,0.0,22.157667,0.4025878,4.30078899999998,0.43007889999999804
New_York,0.5,Peak-aware,Greedy,19,10.429326,10.429326,26.752625,100.0,48.157845,507.28564,10.548465,32.09847,0.0,23.61381,0.27013928,4.30078899999998,0.43007889999999804
New_York,0.5,Peak-aware,Greedy,20,12.205872,12.205872,31.234419,100.0,59.87325,511.80347,10.597928,32.347927,0.0,24.173012,0.29467964,4.30078899999998,0.43007889999999804
New_York,0.5,Peak-aware,Greedy,21,16.36506,16.36506,41.94195,100.0,77.42528,515.14984,10.084677,29.384676,0.0,22.489828,0.16357347,4.30078899999998,0.43007889999999804
New_York,0.5,Peak-aware,Greedy,22,14.551126,14.551126,37.409443,100.0,72.3777,513.0189,10.266655,30.366657,0.0,23.116972,0.2799589,4.30078899999998,0.43007889999999804
New_York,0.5,Peak-aware,Greedy,23,13.456185,13.456185,34.62271,100.0,65.59985,407.14926,9.963638,28.41364,0.0,26.685537,0.46518132,4.30078899999998,0.43007889999999804
New_York,0.5,Peak-aware,Greedy,24,14.786859,14.786859,38.06842,100.0,73.90843,460.29495,11.004555,33.054554,0.0,27.96622,0.22144075,4.30078899999998,0.43007889999999804
New_York,0.5,Peak-aware,Greedy,25,13.762258,13.762258,35.168713,100.0,69.38183,506.78564,12.4110985,33.8611,0.0,24.585436,0.21891841,4.30078899999998,0.43007889999999804
New_York,0.5,Peak-aware,Greedy,26,12.649484,12.649484,32.433575,100.0,60.757767,509.4024,12.247015,33.397015,0.0,23.741436,0.19534104,4.30078899999998,0.43007889999999804
New_York,0.5,Peak-aware,Greedy,27,13.060062,13.060062,33.464478,100.0,63.45318,514.2699,9.942198,27.3422,0.0,20.00181,0.3402469,4.30078899999998,0.43007889999999804
New_York,0.5,Peak-aware,Greedy,28,10.920558,10.920558,28.141449,100.0,51.782635,456.73544,10.408275,30.658276,0.0,25.002583,0.24064352,4.30078899999998,0.43007889999999804
New_York,0.5,Peak-aware,Greedy,29,11.613657,11.613657,29.682192,100.0,58.515125,452.69604,9.543647,30.143644,0.0,25.984053,0.20584737,4.30078899999998,0.43007889999999804
New_York,0.5,Peak-aware,Greedy,30,16.372355,16.372355,42.444294,100.0,76.42614,512.20166,12.267711,34.217712,0.0,25.157383,0.35330918,4.30078899999998,0.43007889999999804
New_York,0.5,Peak-aware,Greedy,31,11.6580105,16.65801,29.974745,95.0,56.381794,494.91412,12.418162,34.207634,1.0,23.76078,0.22073135,4.30078899999998,0.43007889999999804
New_York,0.5,Peak-aware,Greedy,32,14.378198,14.378198,36.97726,100.0,68.127975,519.456,10.082714,30.882711,0.0,23.299759,0.25793663,4.30078899999998,0.43007889999999804
New_York,0.5,Peak-aware,Greedy,33,16.001743,16.001743,41.20222,100.0,76.52939,467.4084,11.230243,30.58024,0.0,24.792528,0.12693249,4.30078899999998,0.43007889999999804
New_York,0.5,Peak-aware,Greedy,34,13.175279,13.175279,33.658382,100.0,62.10291,502.50876,10.750023,31.150024,0.0,23.387798,0.28288123,4.30078899999998,0.43007889999999804
New_York,0.5,Peak-aware,Greedy,35,13.835015,13.835015,35.64922,100.0,64.313576,511.57953,10.908025,31.95802,0.0,23.71643,0.18077129,4.30078899999998,0.43007889999999804
New_York,0.5,Peak-aware,Greedy,36,14.397585,14.397585,36.885063,100.0,73.633255,468.86716,10.109931,30.359932,0.0,25.52073,0.3135552,4.30078899999998,0.43007889999999804
New_York,0.5,Peak-aware,Greedy,37,13.347237,13.347237,34.141464,100.0,67.47921,512.5294,13.370595,34.970596,0.0,24.363441,0.15440282,4.30078899999998,0.43007889999999804
New_York,0.5,Peak-aware,Greedy,38,13.823072,13.823072,35.670036,100.0,68.048485,446.33365,10.675251,29.575253,0.0,24.984028,0.44401404,4.30078899999998,0.43007889999999804
New_York,0.5,Peak-aware,Greedy,39,12.624808,12.624808,32.479603,100.0,63.606277,363.16156,9.410694,27.010695,0.0,28.610289,0.3241824,4.30078899999998,0.43007889999999804
New_York,0.5,Peak-aware,Greedy,40,11.278408,11.278408,28.811365,100.0,54.041992,512.7459,8.952582,27.85258,0.0,21.065111,0.36396757,4.30078899999998,0.43007889999999804
New_York,0.5,Peak-aware,Greedy,41,15.925976,15.925976,40.789642,100.0,73.21203,504.5236,11.305706,32.255707,0.0,24.389942,0.19716364,4.30078899999998,0.43007889999999804
New_York,0.5,Peak-aware,Greedy,42,14.389345,14.389345,37.145023,100.0,72.34475,406.69656,9.521492,27.821487,0.0,26.945444,0.299008,4.30078899999998,0.43007889999999804
New_York,0.5,Peak-aware,Greedy,43,14.159099,14.159099,36.48127,100.0,70.26043,495.7965,8.843312,26.99331,0.0,21.846687,0.31505674,4.30078899999998,0.43007889999999804
New_York,0.5,Peak-aware,Greedy,44,11.925134,11.925134,30.724464,100.0,57.52304,515.87634,13.396254,35.196255,0.0,23.916733,0.28904524,4.30078899999998,0.43007889999999804
New_York,0.5,Peak-aware,Greedy,45,12.282405,12.282405,31.361065,100.0,63.546227,509.96143,9.870436,28.470436,0.0,21.35192,0.3735697,4.30078899999998,0.43007889999999804
New_York,0.5,Peak-aware,Greedy,46,13.867552,13.867552,35.695065,100.0,64.02074,516.2695,9.543183,27.893183,0.0,20.871887,0.23172416,4.30078899999998,0.43007889999999804
New_York,0.5,Peak-aware,Greedy,47,13.168053,13.168053,33.886528,100.0,64.70354,513.6124,11.455041,32.15504,0.0,23.300814,0.4194916,4.30078899999998,0.43007889999999804
New_York,0.5,Peak-aware,Greedy,48,13.328983,13.328983,34.237648,100.0,62.73711,512.70746,10.943717,30.843716,0.0,22.465889,0.18603861,4.30078899999998,0.43007889999999804
New_York,0.5,Peak-aware,Greedy,49,12.883759,12.883759,33.02298,100.0,58.530293,507.40363,8.294461,25.694462,0.0,20.029926,0.07224304,4.30078899999998,0.43007889999999804
New_York,0.5,Peak-aware,Greedy,50,11.134944,11.134944,28.71946,100.0,53.098713,511.505,9.561804,29.511805,0.0,22.096495,0.16222452,4.30078899999998,0.43007889999999804
New_York,0.5,Peak-aware,Greedy,51,13.004976,13.004976,33.339275,100.0,63.09396,509.56512,13.387739,35.28774,0.0,24.58439,0.31738287,4.30078899999998,0.43007889999999804
New_York,0.5,Peak-aware,Greedy,52,12.488486,12.488486,32.231956,100.0,63.764732,462.2079,10.4628725,30.662878,0.0,25.300564,0.19578913,4.30078899999998,0.43007889999999804
New_York,0.5,Peak-aware,Greedy,53,14.003845,14.003845,35.886078,100.0,66.5034,513.6896,11.064025,33.16403,0.0,24.747602,0.2827435,4.30078899999998,0.43007889999999804
New_York,0.5,Peak-aware,Greedy,54,11.571501,11.571501,29.839409,100.0,58.138042,515.4286,11.782234,34.582237,0.0,24.937405,0.31077,4.30078899999998,0.43007889999999804
New_York,0.5,Peak-aware,Greedy,55,12.431036,17.431036,31.797445,95.0,59.909554,503.55676,11.008547,30.587494,1.0,21.442944,0.07933219,4.30078899999998,0.43007889999999804
New_York,0.5,Peak-aware,Greedy,56,15.308277,15.308277,39.35238,100.0,72.358475,456.48383,13.483855,35.38385,0.0,27.950523,0.15159906,4.30078899999998,0.43007889999999804
New_York,0.5,Peak-aware,Greedy,57,12.646813,12.646813,32.323723,100.0,60.71372,499.89282,12.76799,34.667995,0.0,24.941032,0.38705438,4.30078899999998,0.43007889999999804
New_York,0.5,Peak-aware,Greedy,58,13.622609,13.622609,34.748287,100.0,64.67193,513.725,10.668589,31.168585,0.0,23.099514,0.08449407,4.30078899999998,0.43007889999999804
New_York,0.5,Peak-aware,Greedy,59,12.635114,12.635114,32.416496,100.0,59.329525,512.58734,11.448506,33.39851,0.0,24.304617,0.3643755,4.30078899999998,0.43007889999999804
New_York,0.5,Peak-aware,Greedy,60,14.277986,14.277986,36.911465,100.0,68.55969,506.94574,13.994948,35.14495,0.0,24.24124,0.15704504,4.30078899999998,0.43007889999999804
New_York,0.5,Peak-aware,Greedy,61,10.729233,10.729233,27.64885,100.0,52.152267,512.7452,10.601607,31.30161,0.0,22.728264,0.39155954,4.30078899999998,0.43007889999999804
New_York,0.5,Peak-aware,Greedy,62,14.396284,14.396284,37.182228,100.0,68.81069,503.15265,11.417454,28.117453,0.0,20.01434,0.37934625,4.30078899999998,0.43007889999999804
New_York,0.5,Peak-aware,Greedy,63,12.474237,12.474237,31.907238,100.0,59.184093,512.2813,12.596314,32.846313,0.0,22.652792,0.24438187,4.30078899999998,0.43007889999999804
New_York,0.5,Peak-aware,Greedy,64,12.688028,12.688028,32.702164,100.0,61.89742,505.1927,10.493319,30.443323,0.0,22.808,0.23841797,4.30078899999998,0.43007889999999804
New_York,0.5,Peak-aware,Greedy,65,12.927459,12.927459,33.432945,100.0,65.44416,503.73532,10.341812,29.991812,0.0,22.752234,0.214858,4.30078899999998,0.43007889999999804
New_York,0.5,Peak-aware,Greedy,66,12.689821,12.689821,32.660572,100.0,60.721306,465.90646,9.2958145,27.495815,0.0,22.790052,0.27574092,4.30078899999998,0.43007889999999804
New_York,0.5,Peak-aware,Greedy,67,11.94069,11.94069,30.731888,100.0,57.106937,509.32388,11.497779,31.747782,0.0,22.682371,0.45970657,4.30078899999998,0.43007889999999804
New_York,0.5,Peak-aware,Greedy,68,12.841416,12.841416,33.181,100.0,59.39074,507.87604,8.538985,26.538982,0.0,20.644348,0.19179048,4.30078899999998,0.43007889999999804
New_York,0.5,Peak-aware,Greedy,69,12.678222,12.678222,32.732224,100.0,62.519882,506.71167,11.222307,30.972305,0.0,22.572992,0.2702316,4.30078899999998,0.43007889999999804
New_York,0.5,Peak-aware,Greedy,70,14.604683,14.604683,37.410767,100.0,69.57339,516.4065,10.595555,30.795557,0.0,22.926386,0.1878557,4.30078899999998,0.43007889999999804
New_York,0.5,Peak-aware,Greedy,71,13.335158,13.335158,34.354134,100.0,63.46065,504.60577,9.422315,25.922316,0.0,19.493467,0.11524392,4.30078899999998,0.43007889999999804
New_York,0.5,Peak-aware,Greedy,72,13.514007,13.514007,34.470623,100.0,63.8208,506.90585,11.455086,32.705086,0.0,24.108067,0.33390772,4.30078899999998,0.43007889999999804
New_York,0.5,Peak-aware,Greedy,73,11.62435,11.62435,29.734867,100.0,55.031548,509.97162,10.910461,32.360462,0.0,23.728355,0.12246701,4.30078899999998,0.43007889999999804
New_York,0.5,Peak-aware,Greedy,74,16.294956,16.294956,41.73223,100.0,84.06715,448.79318,11.961105,31.311108,0.0,26.240768,0.13455683,4.30078899999998,0.43007889999999804
New_York,0.5,Peak-aware,Greedy,75,14.195938,14.195938,36.445976,100.0,69.14979,512.3495,11.266807,32.066803,0.0,23.672796,0.2759176,4.30078899999998,0.43007889999999804
New_York,0.5,Peak-aware,Greedy,76,14.139395,14.139395,36.49613,100.0,67.35909,502.12714,10.852917,33.952915,0.0,26.35583,0.30986935,4.30078899999998,0.43007889999999804
New_York,0.5,Peak-aware,Greedy,77,14.13926,14.13926,36.466465,100.0,66.22431,513.72766,11.219661,32.86966,0.0,24.294209,0.38031355,4.30078899999998,0.43007889999999804
New_York,0.5,Peak-aware,Greedy,78,12.374546,12.374546,31.760084,100.0,61.491795,508.0405,10.684516,29.584513,0.0,21.62681,0.36182606,4.30078899999998,0.43007889999999804
New_York,0.5,Peak-aware,Greedy,79,12.178812,12.178812,31.183022,100.0,57.21022,515.1965,11.096051,32.396053,0.0,23.447859,0.15136606,4.30078899999998,0.43007889999999804
New_York,0.5,Peak-aware,Greedy,80,14.838171,14.838171,38.112705,100.0,70.23772,513.8475,10.6594925,31.20949,0.0,23.413454,0.22120716,4.30078899999998,0.43007889999999804
New_York,0.5,Peak-aware,Greedy,81,11.337051,11.337051,29.325562,100.0,57.223515,453.49905,11.508696,30.908697,0.0,24.543795,0.25301114,4.30078899999998,0.43007889999999804
New_York,0.5,Peak-aware,Greedy,82,16.927626,16.927626,43.570084,100.0,81.38272,499.25433,10.487374,30.387375,0.0,24.004934,0.26083323,4.30078899999998,0.43007889999999804
New_York,0.5,Peak-aware,Greedy,83,14.870709,14.870709,38.129715,100.0,68.49094,500.45264,11.775789,33.575787,0.0,25.20173,0.41920125,4.30078899999998,0.43007889999999804
New_York,0.5,Peak-aware,Greedy,84,13.755805,13.755805,35.469715,100.0,62.04875,467.75656,10.164475,29.964476,0.0,24.481152,0.10952052,4.30078899999998,0.43007889999999804
New_York,0.5,Peak-aware,Greedy,85,13.366963,13.366963,34.41357,100.0,62.177753,508.84283,9.8155775,29.365578,0.0,22.265114,0.23452808,4.30078899999998,0.43007889999999804
New_York,0.5,Peak-aware,Greedy,86,12.642846,12.642846,32.491837,100.0,60.63536,507.04297,11.080599,31.680601,0.0,23.303516,0.300018,4.30078899999998,0.43007889999999804
New_York,0.5,Peak-aware,Greedy,87,14.925432,14.925432,38.38873,100.0,71.81929,509.71527,10.765085,30.815088,0.0,23.190363,0.36315364,4.30078899999998,0.43007889999999804
New_York,0.5,Peak-aware,Greedy,88,13.924581,13.924581,36.031227,100.0,71.35027,499.6733,9.981102,31.4311,0.0,25.03387,0.3155864,4.30078899999998,0.43007889999999804
New_York,0.5,Peak-aware,Greedy,89,13.130899,13.130899,33.832245,100.0,63.39846,515.4635,12.821234,35.47123,0.0,25.045343,0.16357656,4.30078899999998,0.43007889999999804
New_York,0.5,Peak-aware,Greedy,90,12.777845,12.777845,32.74563,100.0,63.084927,510.6589,8.786788,27.136787,0.0,21.055393,0.19845311,4.30078899999998,0.43007889999999804
New_York,0.5,Peak-aware,Greedy,91,15.898735,15.898735,40.97912,100.0,74.78374,494.51804,12.532895,33.1829,0.0,24.659552,0.4631866,4.30078899999998,0.43007889999999804
New_York,0.5,Peak-aware,Greedy,92,14.820929,14.820929,38.099678,100.0,72.807556,499.55304,12.933996,33.184,0.0,23.911755,0.18936168,4.30078899999998,0.43007889999999804
New_York,0.5,Peak-aware,Greedy,93,13.3543215,13.3543215,34.374584,100.0,65.24724,500.36237,11.677696,33.077694,0.0,24.6445,0.14365557,4.30078899999998,0.43007889999999804
New_York,0.5,Peak-aware,Greedy,94,12.898234,12.898234,33.249023,100.0,63.418064,500.73795,11.53435,31.28435,0.0,22.887125,0.23191614,4.30078899999998,0.43007889999999804
New_York,0.5,Peak-aware,Greedy,95,14.681669,14.681669,37.887993,100.0,68.89203,505.94604,13.45178,35.751778,0.0,25.442041,0.29698366,4.30078899999998,0.43007889999999804
New_York,0.5,Peak-aware,Greedy,96,11.658913,11.658913,29.94048,100.0,53.864746,508.92316,9.302271,29.802275,0.0,22.78658,0.22823994,4.30078899999998,0.43007889999999804
New_York,0.5,Peak-aware,Greedy,97,13.150097,13.150097,33.698196,100.0,62.067825,513.78796,11.736676,33.086678,0.0,23.797165,0.11588576,4.30078899999998,0.43007889999999804
New_York,0.5,Peak-aware,Greedy,98,13.245997,13.245997,34.104473,100.0,62.93785,508.34454,11.405774,33.50577,0.0,24.832458,0.22341642,4.30078899999998,0.43007889999999804
New_York,0.5,Peak-aware,Greedy,99,12.442327,12.442327,31.738098,100.0,59.744507,499.77075,9.882175,30.432175,0.0,23.548023,0.3198138,4.30078899999998,0.43007889999999804
New_York,0.75,Off-peak,DVNDA,0,11.761227,11.761227,30.20328,100.0,52.64102,482.67392,20.679594,41.029594,0.0,23.807018,0.587574,3.726231999999996,0.3726231999999996
New_York,0.75,Off-peak,DVNDA,1,14.987468,14.987468,38.290844,100.0,67.83486,483.98352,26.025995,47.075996,0.0,25.250595,0.3279416,3.726231999999996,0.3726231999999996
New_York,0.75,Off-peak,DVNDA,2,15.971958,15.971958,41.02937,100.0,73.14582,498.57227,23.733143,43.733147,0.0,23.72504,0.32451335,3.726231999999996,0.3726231999999996
New_York,0.75,Off-peak,DVNDA,3,12.851376,12.851376,32.975037,100.0,57.80371,529.50525,29.928371,49.328377,0.0,21.048124,0.61283225,3.726231999999996,0.3726231999999996
New_York,0.75,Off-peak,DVNDA,4,11.491385,11.491385,29.46323,100.0,52.915478,539.8766,23.517344,44.21734,0.0,21.6214,0.36806902,3.726231999999996,0.3726231999999996
New_York,0.75,Off-peak,DVNDA,5,13.59812,13.59812,34.98675,100.0,60.534866,515.40857,15.506091,36.256092,0.0,23.065914,0.25793388,3.726231999999996,0.3726231999999996
New_York,0.75,Off-peak,DVNDA,6,13.369113,13.369113,34.15465,100.0,61.476883,504.22028,15.516347,33.066345,0.0,20.451221,0.3795769,3.726231999999996,0.3726231999999996
New_York,0.75,Off-peak,DVNDA,7,11.311546,11.311546,28.855509,100.0,51.36064,506.22528,28.75035,49.800358,0.0,23.327595,0.70765936,3.726231999999996,0.3726231999999996
New_York,0.75,Off-peak,DVNDA,8,13.567034,13.567034,34.972897,100.0,60.67104,533.1291,31.544613,52.14461,0.0,22.16495,0.63086873,3.726231999999996,0.3726231999999996
New_York,0.75,Off-peak,DVNDA,9,13.633788,13.633788,35.362335,100.0,61.880005,496.5588,21.623209,42.573204,0.0,24.21063,0.28920028,3.726231999999996,0.3726231999999996
New_York,0.75,Off-peak,DVNDA,10,12.576861,12.576861,32.288464,100.0,56.3187,513.4825,23.875912,43.475914,0.0,21.827358,0.46461058,3.726231999999996,0.3726231999999996
New_York,0.75,Off-peak,DVNDA,11,16.803787,16.803787,43.123863,100.0,75.34518,520.05634,21.213438,42.763435,0.0,24.340883,0.32956532,3.726231999999996,0.3726231999999996
New_York,0.75,Off-peak,DVNDA,12,14.19298,14.19298,36.5322,100.0,65.09829,516.30133,25.919521,47.31952,0.0,23.876472,0.40145585,3.726231999999996,0.3726231999999996
New_York,0.75,Off-peak,DVNDA,13,13.9068775,13.9068775,35.650238,100.0,64.48997,535.41565,20.123676,40.773678,0.0,22.295296,0.22316787,3.726231999999996,0.3726231999999996
New_York,0.75,Off-peak,DVNDA,14,12.519838,12.519838,32.07913,100.0,55.215584,530.2959,28.72544,49.72544,0.0,22.403318,0.5817411,3.726231999999996,0.3726231999999996
New_York,0.75,Off-peak,DVNDA,15,12.809095,12.809095,32.908283,100.0,59.783596,518.05176,22.071499,43.021492,0.0,23.105001,0.25625098,3.726231999999996,0.3726231999999996
New_York,0.75,Off-peak,DVNDA,16,10.977705,10.977705,28.012417,100.0,51.933582,521.2405,27.370544,48.470543,0.0,22.731041,0.62218934,3.726231999999996,0.3726231999999996
New_York,0.75,Off-peak,DVNDA,17,12.92284,12.92284,33.07322,100.0,58.299183,497.5406,27.298538,48.848537,0.0,24.585896,0.30755678,3.726231999999996,0.3726231999999996
New_York,0.75,Off-peak,DVNDA,18,12.953729,12.953729,33.322334,100.0,59.91409,507.3943,22.442999,41.293,0.0,21.527348,0.6933461,3.726231999999996,0.3726231999999996
New_York,0.75,Off-peak,DVNDA,19,13.233224,13.233224,33.96023,100.0,61.050438,556.04614,24.343655,45.893654,0.0,22.12274,0.5844669,3.726231999999996,0.3726231999999996
New_York,0.75,Off-peak,DVNDA,20,13.830037,13.830037,35.343506,100.0,64.40248,511.80347,18.272291,40.02229,0.0,24.394247,0.2580166,3.726231999999996,0.3726231999999996
New_York,0.75,Off-peak,DVNDA,21,15.936085,15.936085,40.738792,100.0,72.05377,527.9474,21.032164,40.332157,0.0,21.690313,0.23350602,3.726231999999996,0.3726231999999996
New_York,0.75,Off-peak,DVNDA,22,15.982493,15.982493,41.13258,100.0,70.98754,513.0189,22.007883,42.10788,0.0,23.049229,0.29615667,3.726231999999996,0.3726231999999996
New_York,0.75,Off-peak,DVNDA,23,12.59688,12.59688,32.412827,100.0,57.64932,505.77045,20.719776,39.169777,0.0,21.089075,0.57995945,3.726231999999996,0.3726231999999996
New_York,0.75,Off-peak,DVNDA,24,14.955969,14.955969,38.46699,100.0,66.39736,485.41083,29.958202,52.00821,0.0,26.13237,0.39954907,3.726231999999996,0.3726231999999996
New_York,0.75,Off-peak,DVNDA,25,12.907583,12.907583,32.992325,100.0,59.912766,556.33527,25.041893,46.49189,0.0,21.970242,0.33648163,3.726231999999996,0.3726231999999996
New_York,0.75,Off-peak,DVNDA,26,13.25008,13.25008,33.97216,100.0,58.323315,534.55945,21.638655,42.78866,0.0,22.510283,0.11362,3.726231999999996,0.3726231999999996
New_York,0.75,Off-peak,DVNDA,27,13.619356,13.619356,35.05182,100.0,63.53146,515.6268,19.916718,37.316715,0.0,19.952978,0.28112727,3.726231999999996,0.3726231999999996
New_York,0.75,Off-peak,DVNDA,28,13.24086,13.24086,34.23899,100.0,59.437176,515.01135,23.712719,43.96272,0.0,22.544996,0.42843357,3.726231999999996,0.3726231999999996
New_York,0.75,Off-peak,DVNDA,29,12.893497,12.893497,33.05116,100.0,60.261456,506.82867,24.983274,45.583275,0.0,23.294928,0.37615094,3.726231999999996,0.3726231999999996
New_York,0.75,Off-peak,DVNDA,30,13.197589,13.197589,34.14551,100.0,57.123653,533.1009,23.81464,45.76464,0.0,23.265938,0.65742725,3.726231999999996,0.3726231999999996
New_York,0.75,Off-peak,DVNDA,31,11.875677,11.875677,30.37027,100.0,55.684536,516.6727,20.797337,42.497337,0.0,23.694136,0.2850983,3.726231999999996,0.3726231999999996
New_York,0.75,Off-peak,DVNDA,32,12.317678,12.317678,31.560673,100.0,54.19185,540.21375,27.68162,48.48162,0.0,21.75953,0.19441788,3.726231999999996,0.3726231999999996
New_York,0.75,Off-peak,DVNDA,33,14.646151,14.646151,37.806637,100.0,66.831566,484.073,20.776619,40.126617,0.0,23.438179,0.45826426,3.726231999999996,0.3726231999999996
New_York,0.75,Off-peak,DVNDA,34,12.876826,12.876826,32.88417,100.0,58.068317,525.162,21.590538,41.990543,0.0,22.186886,0.36503842,3.726231999999996,0.3726231999999996
New_York,0.75,Off-peak,DVNDA,35,15.887225,15.887225,40.767883,100.0,72.202156,513.29767,20.250208,41.300205,0.0,24.021254,0.44514143,3.726231999999996,0.3726231999999996
New_York,0.75,Off-peak,DVNDA,36,12.287125,12.287125,31.47039,100.0,55.797577,507.05258,26.317316,46.567314,0.0,22.719423,0.44525826,3.726231999999996,0.3726231999999996
New_York,0.75,Off-peak,DVNDA,37,13.856337,13.856337,35.524437,100.0,63.901306,515.7179,18.95404,40.55404,0.0,24.039368,0.0482822,3.726231999999996,0.3726231999999996
New_York,0.75,Off-peak,DVNDA,38,13.5191345,13.5191345,34.875885,100.0,60.116802,524.60767,22.996387,41.896393,0.0,20.878307,0.65173227,3.726231999999996,0.3726231999999996
New_York,0.75,Off-peak,DVNDA,39,13.362519,13.362519,34.424847,100.0,59.775223,502.34735,20.78084,38.380844,0.0,20.492558,0.4172012,3.726231999999996,0.3726231999999996
New_York,0.75,Off-peak,DVNDA,40,15.517681,15.517681,39.579193,100.0,72.075005,516.9943,22.44167,41.34167,0.0,21.764023,0.3417771,3.726231999999996,0.3726231999999996
New_York,0.75,Off-peak,DVNDA,41,16.855352,16.855352,43.384144,100.0,75.12699,539.92896,19.690113,40.640114,0.0,22.879263,0.22623569,3.726231999999996,0.3726231999999996
New_York,0.75,Off-peak,DVNDA,42,14.061764,14.061764,36.228287,100.0,63.524773,510.30487,19.294495,37.59449,0.0,21.042557,0.25228256,3.726231999999996,0.3726231999999996
New_York,0.75,Off-peak,DVNDA,43,15.550276,15.550276,40.121277,100.0,69.350586,516.27405,22.95869,41.108692,0.0,20.936098,0.69035757,3.726231999999996,0.3726231999999996
New_York,0.75,Off-peak,DVNDA,44,13.866662,13.866662,35.92217,100.0,63.42897,515.87634,24.133633,45.93363,0.0,24.202944,0.4908703,3.726231999999996,0.3726231999999996
New_York,0.75,Off-peak,DVNDA,45,13.025511,13.025511,33.266926,100.0,59.982487,510.6684,27.075232,45.675232,0.0,21.147896,0.41415346,3.726231999999996,0.3726231999999996
New_York,0.75,Off-peak,DVNDA,46,15.095701,15.095701,38.789692,100.0,67.30043,536.75696,19.055614,37.405617,0.0,20.227982,0.59743637,3.726231999999996,0.3726231999999996
New_York,0.75,Off-peak,DVNDA,47,12.313704,12.313704,31.531002,100.0,57.42673,541.04694,28.465393,49.165386,0.0,21.783075,0.64839536,3.726231999999996,0.3726231999999996
New_York,0.75,Off-peak,DVNDA,48,14.579765,14.579765,37.41781,100.0,65.08818,563.9324,21.409483,41.309483,0.0,20.52942,0.26898894,3.726231999999996,0.3726231999999996
New_York,0.75,Off-peak,DVNDA,49,15.669344,15.669344,40.29094,100.0,70.03843,520.203,17.013508,34.413506,0.0,20.09016,0.28208533,3.726231999999996,0.3726231999999996
New_York,0.75,Off-peak,DVNDA,50,15.186407,15.186407,39.08027,100.0,68.810745,512.0927,21.64949,41.599487,0.0,22.838188,0.24342425,3.726231999999996,0.3726231999999996
New_York,0.75,Off-peak,DVNDA,51,14.160598,14.160598,36.337837,100.0,64.21451,517.81134,26.463924,48.36393,0.0,24.246983,0.42911607,3.726231999999996,0.3726231999999996
New_York,0.75,Off-peak,DVNDA,52,12.975433,12.975433,33.327816,100.0,59.925976,507.6836,23.552776,43.752777,0.0,22.845234,0.58528894,3.726231999999996,0.3726231999999996
New_York,0.75,Off-peak,DVNDA,53,13.465427,13.465427,34.449776,100.0,60.657513,546.30383,19.426622,41.526623,0.0,23.00266,0.24998577,3.726231999999996,0.3726231999999996
New_York,0.75,Off-peak,DVNDA,54,11.842402,11.842402,30.44292,100.0,54.090076,568.6046,22.987263,45.78726,0.0,22.42727,0.24228178,3.726231999999996,0.3726231999999996
New_York,0.75,Off-peak,DVNDA,55,13.898335,13.898335,35.544975,100.0,62.522263,529.9881,17.78269,37.482693,0.0,21.534555,0.17069885,3.726231999999996,0.3726231999999996
New_York,0.75,Off-peak,DVNDA,56,11.02534,11.02534,28.270447,100.0,50.72087,501.07062,32.959995,54.859997,0.0,24.383831,0.629586,3.726231999999996,0.3726231999999996
New_York,0.75,Off-peak,DVNDA,57,12.227823,12.227823,31.44167,100.0,54.64857,501.7014,20.601948,42.501945,0.0,24.548903,0.5428703,3.726231999999996,0.3726231999999996
New_York,0.75,Off-peak,DVNDA,58,15.070695,15.070695,38.532387,100.0,68.39764,512.96796,23.790586,44.290585,0.0,23.315176,0.30937064,3.726231999999996,0.3726231999999996
New_York,0.75,Off-peak,DVNDA,59,15.336949,15.336949,39.39346,100.0,68.984825,512.64575,21.95743,43.90743,0.0,24.772703,0.1538292,3.726231999999996,0.3726231999999996
New_York,0.75,Off-peak,DVNDA,60,17.155426,17.155426,44.332455,100.0,76.63509,518.01,24.194763,45.344765,0.0,24.1132,0.35083824,3.726231999999996,0.3726231999999996
New_York,0.75,Off-peak,DVNDA,61,13.263106,13.263106,33.957985,100.0,61.44937,533.9065,16.17709,36.877087,0.0,22.262764,0.4463543,3.726231999999996,0.3726231999999996
New_York,0.75,Off-peak,DVNDA,62,11.9312725,11.9312725,30.679735,100.0,54.4171,501.63986,19.09787,35.797867,0.0,19.357367,0.3425426,3.726231999999996,0.3726231999999996
New_York,0.75,Off-peak,DVNDA,63,13.325607,13.325607,34.18433,100.0,60.682076,512.2813,18.448189,38.69819,0.0,22.725899,0.15693468,3.726231999999996,0.3726231999999996
New_York,0.75,Off-peak,DVNDA,64,14.601156,14.601156,37.686546,100.0,65.12138,521.4578,27.035282,46.985283,0.0,22.25115,0.6682356,3.726231999999996,0.3726231999999996
New_York,0.75,Off-peak,DVNDA,65,15.414555,15.414555,39.623264,100.0,70.39533,507.51956,14.948166,34.59816,0.0,22.826477,0.2916531,3.726231999999996,0.3726231999999996
New_York,0.75,Off-peak,DVNDA,66,14.118527,14.118527,36.303963,100.0,64.5011,504.0324,22.613338,40.81333,0.0,21.253643,0.5798689,3.726231999999996,0.3726231999999996
New_York,0.75,Off-peak,DVNDA,67,12.134199,12.134199,31.264137,100.0,54.98578,522.3464,20.834446,41.084442,0.0,22.015358,0.68141615,3.726231999999996,0.3726231999999996
New_York,0.75,Off-peak,DVNDA,68,14.787945,14.787945,37.95114,100.0,65.06626,510.0606,11.762154,29.762156,0.0,20.834106,0.2734608,3.726231999999996,0.3726231999999996
New_York,0.75,Off-peak,DVNDA,69,11.181354,11.181354,28.813255,100.0,52.22238,548.26666,26.512232,46.26223,0.0,20.392563,0.5788373,3.726231999999996,0.3726231999999996
New_York,0.75,Off-peak,DVNDA,70,14.817223,14.817223,38.010647,100.0,67.95149,578.616,18.971767,39.171772,0.0,20.391396,0.1668507,3.726231999999996,0.3726231999999996
New_York,0.75,Off-peak,DVNDA,71,15.720637,15.720637,40.467354,100.0,72.39927,503.58627,21.908003,38.408005,0.0,19.976677,0.35187188,3.726231999999996,0.3726231999999996
New_York,0.75,Off-peak,DVNDA,72,13.286087,13.286087,34.042286,100.0,61.029438,507.04218,26.39964,47.649647,0.0,23.963959,0.36648747,3.726231999999996,0.3726231999999996
New_York,0.75,Off-peak,DVNDA,73,11.20641,11.20641,28.935501,100.0,51.7606,511.69446,34.261894,55.711895,0.0,23.488657,0.44186172,3.726231999999996,0.3726231999999996
New_York,0.75,Off-peak,DVNDA,74,13.433856,13.433856,34.38172,100.0,62.006943,500.48984,20.019543,39.369545,0.0,22.42838,0.23242036,3.726231999999996,0.3726231999999996
New_York,0.75,Off-peak,DVNDA,75,14.076193,14.076193,36.22654,100.0,64.136475,510.38,27.756634,48.556637,0.0,23.51858,0.4068866,3.726231999999996,0.3726231999999996
New_York,0.75,Off-peak,DVNDA,76,14.759951,14.759951,37.971375,100.0,66.72659,536.07416,29.665695,52.765694,0.0,24.657341,0.28658447,3.726231999999996,0.3726231999999996
New_York,0.75,Off-peak,DVNDA,77,14.996186,14.996186,38.704704,100.0,69.65363,512.2995,28.697596,50.347595,0.0,24.529287,0.49565837,3.726231999999996,0.3726231999999996
New_York,0.75,Off-peak,DVNDA,78,11.693506,11.693506,30.050901,100.0,53.499043,526.8322,38.64694,57.546936,0.0,20.476114,0.6016056,3.726231999999996,0.3726231999999996
New_York,0.75,Off-peak,DVNDA,79,13.104236,13.104236,33.670265,100.0,58.962433,517.1841,18.970568,40.27056,0.0,23.44245,0.3584126,3.726231999999996,0.3726231999999996
New_York,0.75,Off-peak,DVNDA,80,12.655461,12.655461,32.63572,100.0,56.545574,551.9691,29.695343,50.24535,0.0,21.176254,0.6826548,3.726231999999996,0.3726231999999996
New_York,0.75,Off-peak,DVNDA,81,13.96295,13.96295,35.982822,100.0,64.64792,508.30835,24.253998,43.653996,0.0,22.262466,0.54358906,3.726231999999996,0.3726231999999996
New_York,0.75,Off-peak,DVNDA,82,15.138358,15.138358,39.01484,100.0,68.71055,498.32227,22.417273,42.31727,0.0,23.414091,0.49482006,3.726231999999996,0.3726231999999996
New_York,0.75,Off-peak,DVNDA,83,12.989695,12.989695,33.290092,100.0,58.927414,513.55396,24.734247,46.534245,0.0,24.093254,0.6365428,3.726231999999996,0.3726231999999996
New_York,0.75,Off-peak,DVNDA,84,13.419355,13.419355,34.44596,100.0,60.802395,531.2586,25.094725,44.894726,0.0,21.496233,0.6603706,3.726231999999996,0.3726231999999996
New_York,0.75,Off-peak,DVNDA,85,11.254619,11.254619,29.187334,100.0,51.521935,514.49774,20.504425,40.054424,0.0,21.502619,0.49395746,3.726231999999996,0.3726231999999996
New_York,0.75,Off-peak,DVNDA,86,12.890361,12.890361,33.1699,100.0,58.29209,507.14807,21.806173,42.406174,0.0,23.183176,0.41382012,3.726231999999996,0.3726231999999996
New_York,0.75,Off-peak,DVNDA,87,15.019375,15.019375,38.763466,100.0,67.85033,508.83664,34.347286,54.397285,0.0,23.0354,0.6171587,3.726231999999996,0.3726231999999996
New_York,0.75,Off-peak,DVNDA,88,14.878445,14.878445,38.561882,100.0,68.720436,519.35297,30.777115,52.22712,0.0,23.958675,0.72402275,3.726231999999996,0.3726231999999996
New_York,0.75,Off-peak,DVNDA,89,12.876299,12.876299,33.047485,100.0,59.3143,528.6066,26.923803,49.573803,0.0,24.229465,0.1232533,3.726231999999996,0.3726231999999996
New_York,0.75,Off-peak,DVNDA,90,11.996226,11.996226,30.839243,100.0,56.27913,524.3415,21.412588,39.76259,0.0,20.181461,0.380864,3.726231999999996,0.3726231999999996
New_York,0.75,Off-peak,DVNDA,91,12.47827,12.47827,32.069355,100.0,58.081474,526.5559,25.677286,46.327293,0.0,22.366167,0.59346426,3.726231999999996,0.3726231999999996
New_York,0.75,Off-peak,DVNDA,92,13.021151,13.021151,33.45589,100.0,58.504658,497.3164,27.917887,48.167885,0.0,23.300285,0.6601196,3.726231999999996,0.3726231999999996
New_York,0.75,Off-peak,DVNDA,93,14.1476145,14.1476145,36.325077,100.0,62.76429,500.36237,15.583188,36.98319,0.0,24.52044,0.29928496,3.726231999999996,0.3726231999999996
New_York,0.75,Off-peak,DVNDA,94,13.591683,13.591683,35.12125,100.0,60.794434,503.20102,17.519531,37.269535,0.0,22.644749,0.2231627,3.726231999999996,0.3726231999999996
New_York,0.75,Off-peak,DVNDA,95,14.757718,14.757718,37.944458,100.0,67.45997,507.40283,31.678244,53.97824,0.0,25.298435,0.6463163,3.726231999999996,0.3726231999999996
New_York,0.75,Off-peak,DVNDA,96,12.985071,12.985071,33.771732,100.0,57.40265,508.35904,22.604748,43.104748,0.0,22.985853,0.5890842,3.726231999999996,0.3726231999999996
New_York,0.75,Off-peak,DVNDA,97,14.281993,14.281993,36.57814,100.0,66.13921,557.42096,33.832745,55.18274,0.0,22.117004,0.6489547,3.726231999999996,0.3726231999999996
New_York,0.75,Off-peak,DVNDA,98,13.821195,13.821195,35.703606,100.0,63.19883,507.0426,21.16148,43.261482,0.0,24.909092,0.43126273,3.726231999999996,0.3726231999999996
New_York,0.75,Off-peak,DVNDA,99,12.841736,12.841736,32.817017,100.0,58.039017,512.8356,28.711704,49.261696,0.0,22.864985,0.68592006,3.726231999999996,0.3726231999999996
New_York,0.75,Off-peak,Greedy,0,13.417186,13.417186,34.274143,100.0,60.36964,466.72778,3.3749866,23.724987,0.0,25.034382,0.3393381,4.688811000000008,0.46888110000000083
New_York,0.75,Off-peak,Greedy,1,14.080587,14.080587,36.06955,100.0,64.113495,466.77832,3.856969,24.90697,0.0,25.982006,0.28342614,4.688811000000008,0.46888110000000083
New_York,0.75,Off-peak,Greedy,2,14.692987,14.692987,37.87165,100.0,68.66504,499.64877,3.5423663,23.542368,0.0,23.449724,0.41892186,4.688811000000008,0.46888110000000083
New_York,0.75,Off-peak,Greedy,3,14.370689,14.370689,36.986015,100.0,65.03318,512.0715,3.3432121,22.743212,0.0,22.11767,0.3772406,4.688811000000008,0.46888110000000083
New_York,0.75,Off-peak,Greedy,4,10.833602,10.833602,27.719679,100.0,49.104897,510.88092,3.0748324,23.774832,0.0,22.662077,0.24541362,4.688811000000008,0.46888110000000083
New_York,0.75,Off-peak,Greedy,5,12.5781145,12.5781145,32.206333,100.0,56.735504,515.40857,3.393951,24.14395,0.0,22.881628,0.13338767,4.688811000000008,0.46888110000000083
New_York,0.75,Off-peak,Greedy,6,15.013663,15.013663,38.535995,100.0,69.45825,503.46594,3.7172449,21.267246,0.0,20.87819,0.3458709,4.688811000000008,0.46888110000000083
New_York,0.75,Off-peak,Greedy,7,13.8704195,13.8704195,35.394596,100.0,63.485203,495.6935,3.7718627,24.821863,0.0,24.434717,0.42880413,4.688811000000008,0.46888110000000083
New_York,0.75,Off-peak,Greedy,8,14.848996,14.848996,38.1708,100.0,65.86538,511.39645,3.208841,23.808844,0.0,23.360807,0.26448268,4.688811000000008,0.46888110000000083
New_York,0.75,Off-peak,Greedy,9,14.460895,19.460896,37.452984,95.0,66.216156,495.52786,4.419273,25.892958,1.0,23.924797,0.3460847,4.688811000000008,0.46888110000000083
New_York,0.75,Off-peak,Greedy,10,13.430076,13.430076,34.401707,100.0,61.063766,515.9774,3.3122241,22.912226,0.0,21.951723,0.2662602,4.688811000000008,0.46888110000000083
New_York,0.75,Off-peak,Greedy,11,15.265257,20.265257,39.167404,95.0,68.39578,503.73505,4.3958015,26.13264,1.0,23.89132,0.23704179,4.688811000000008,0.46888110000000083
New_York,0.75,Off-peak,Greedy,12,14.552471,14.552471,37.425385,100.0,66.357735,515.11523,3.7712533,25.171251,0.0,23.992582,0.38451478,4.688811000000008,0.46888110000000083
New_York,0.75,Off-peak,Greedy,13,14.414401,14.414401,37.186367,100.0,66.02411,512.2053,3.4307961,24.080795,0.0,23.380474,0.09904079,4.688811000000008,0.46888110000000083
New_York,0.75,Off-peak,Greedy,14,16.146847,16.146847,41.52008,100.0,71.96627,509.94717,3.6960034,24.696003,0.0,24.118492,0.4134406,4.688811000000008,0.46888110000000083
New_York,0.75,Off-peak,Greedy,15,11.067612,16.067612,28.425943,95.0,51.978687,499.5259,3.513806,24.882225,1.0,22.920668,0.34473416,4.688811000000008,0.46888110000000083
New_York,0.75,Off-peak,Greedy,16,11.5098715,11.5098715,29.562195,100.0,54.27378,509.15332,3.6992068,24.799204,0.0,23.38558,0.50339043,4.688811000000008,0.46888110000000083
New_York,0.75,Off-peak,Greedy,17,14.187289,14.187289,36.46103,100.0,62.74082,496.94412,3.7852898,25.335289,0.0,24.83885,0.27565917,4.688811000000008,0.46888110000000083
New_York,0.75,Off-peak,Greedy,18,13.680065,13.680065,35.215847,100.0,62.662643,509.8917,3.462023,22.312021,0.0,21.55667,0.49134952,4.688811000000008,0.46888110000000083
New_York,0.75,Off-peak,Greedy,19,13.261516,13.261516,34.165302,100.0,60.732895,510.12268,3.0838792,24.63388,0.0,24.098759,0.3744354,4.688811000000008,0.46888110000000083
New_York,0.75,Off-peak,Greedy,20,14.079544,14.079544,36.002956,100.0,65.03274,513.9707,3.5609787,25.31098,0.0,24.322044,0.25150838,4.688811000000008,0.46888110000000083
New_York,0.75,Off-peak,Greedy,21,17.358528,17.358528,44.29298,100.0,79.276924,515.6538,3.8398585,23.139858,0.0,22.557617,0.063837856,4.688811000000008,0.46888110000000083
New_York,0.75,Off-peak,Greedy,22,13.3182,13.3182,34.26049,100.0,60.866585,508.57196,3.0899448,23.189945,0.0,22.75325,0.23495604,4.688811000000008,0.46888110000000083
New_York,0.75,Off-peak,Greedy,23,12.714062,12.714062,32.614098,100.0,58.383682,503.371,3.5444438,21.994442,0.0,21.226076,0.3834337,4.688811000000008,0.46888110000000083
New_York,0.75,Off-peak,Greedy,24,16.510107,16.510107,42.605183,100.0,72.891495,459.5261,5.0360484,27.086048,0.0,27.95769,0.2870461,4.688811000000008,0.46888110000000083
New_York,0.75,Off-peak,Greedy,25,13.374214,18.374214,34.28663,95.0,61.824535,509.27692,3.6402133,25.061266,1.0,23.014225,0.27305895,4.688811000000008,0.46888110000000083
New_York,0.75,Off-peak,Greedy,26,12.688154,12.688154,32.452343,100.0,56.207516,510.27563,3.133137,24.283138,0.0,23.477877,0.16728295,4.688811000000008,0.46888110000000083
New_York,0.75,Off-peak,Greedy,27,14.540031,14.540031,37.21959,100.0,66.305504,514.2699,3.8536563,21.253656,0.0,20.14047,0.113967866,4.688811000000008,0.46888110000000083
New_York,0.75,Off-peak,Greedy,28,12.310453,12.310453,31.71366,100.0,54.892033,513.0371,3.0473292,23.297327,0.0,22.410273,0.41074485,4.688811000000008,0.46888110000000083
New_York,0.75,Off-peak,Greedy,29,13.217504,13.217504,33.88233,100.0,62.152485,506.33173,4.0389924,24.638992,0.0,23.411161,0.36302686,4.688811000000008,0.46888110000000083
New_York,0.75,Off-peak,Greedy,30,17.281622,17.281622,44.75978,100.0,76.69453,512.20166,4.0820565,26.032057,0.0,25.170479,0.3206686,4.688811000000008,0.46888110000000083
New_York,0.75,Off-peak,Greedy,31,14.032155,14.032155,36.041824,100.0,65.333664,504.32614,3.6462455,25.346245,0.0,24.75252,0.42796922,4.688811000000008,0.46888110000000083
New_York,0.75,Off-peak,Greedy,32,13.529039,13.529039,34.697124,100.0,59.709698,515.45624,2.9544604,23.75446,0.0,23.072264,0.28224853,4.688811000000008,0.46888110000000083
New_York,0.75,Off-peak,Greedy,33,15.852728,15.852728,40.920506,100.0,71.64418,468.5769,4.108015,23.458015,0.0,24.470058,0.14133164,4.688811000000008,0.46888110000000083
New_York,0.75,Off-peak,Greedy,34,14.143605,14.143605,36.04719,100.0,63.461124,507.1848,3.3475387,23.747538,0.0,23.23912,0.21604517,4.688811000000008,0.46888110000000083
New_York,0.75,Off-peak,Greedy,35,14.414812,14.414812,36.933693,100.0,66.26939,509.23044,3.4927158,24.542717,0.0,23.921848,0.28387237,4.688811000000008,0.46888110000000083
New_York,0.75,Off-peak,Greedy,36,15.9821415,15.9821415,41.057034,100.0,71.86281,497.21988,3.8184948,24.068493,0.0,23.976458,0.18960613,4.688811000000008,0.46888110000000083
New_York,0.75,Off-peak,Greedy,37,15.228262,15.228262,39.146297,100.0,69.70843,517.60297,4.960395,26.560396,0.0,24.232302,0.14908709,4.688811000000008,0.46888110000000083
New_York,0.75,Off-peak,Greedy,38,13.717594,13.717594,35.289772,100.0,61.149265,505.9478,3.4557056,22.355705,0.0,21.699337,0.53933775,4.688811000000008,0.46888110000000083
New_York,0.75,Off-peak,Greedy,39,14.152062,14.152062,36.48125,100.0,64.26924,502.27707,3.5748034,21.174805,0.0,20.719105,0.15301184,4.688811000000008,0.46888110000000083
New_York,0.75,Off-peak,Greedy,40,14.388715,14.388715,36.700462,100.0,67.186676,516.99426,3.4898314,22.389833,0.0,21.52764,0.32396892,4.688811000000008,0.46888110000000083
New_York,0.75,Off-peak,Greedy,41,16.99796,16.99796,43.506878,100.0,75.96841,519.4808,3.7910423,24.741043,0.0,23.820341,0.29430377,4.688811000000008,0.46888110000000083
New_York,0.75,Off-peak,Greedy,42,15.713687,15.713687,40.39263,100.0,71.48533,498.02863,3.6762228,21.976221,0.0,21.960854,0.3198719,4.688811000000008,0.46888110000000083
New_York,0.75,Off-peak,Greedy,43,15.234131,15.234131,39.01353,100.0,67.83447,502.0475,3.4464884,21.596489,0.0,21.45387,0.46014193,4.688811000000008,0.46888110000000083
New_York,0.75,Off-peak,Greedy,44,13.285542,13.285542,34.172802,100.0,60.39922,515.87634,3.4507294,25.25073,0.0,24.056118,0.27367827,4.688811000000008,0.46888110000000083
New_York,0.75,Off-peak,Greedy,45,13.024053,13.024053,33.382576,100.0,59.72329,509.96143,3.2965314,21.896532,0.0,21.164507,0.25194275,4.688811000000008,0.46888110000000083
New_York,0.75,Off-peak,Greedy,46,13.535634,13.535634,34.558468,100.0,59.68004,516.0597,3.121516,21.471516,0.0,20.67009,0.3939389,4.688811000000008,0.46888110000000083
New_York,0.75,Off-peak,Greedy,47,12.61193,17.61193,32.29454,95.0,58.79165,513.58887,3.5674675,23.988518,1.0,21.748507,0.45600984,4.688811000000008,0.46888110000000083
New_York,0.75,Off-peak,Greedy,48,14.142814,24.142815,36.376408,90.0,62.910564,513.51495,3.7721238,23.605455,2.0,20.442957,0.21189971,4.688811000000008,0.46888110000000083
New_York,0.75,Off-peak,Greedy,49,13.648487,18.648487,34.99153,95.0,60.483448,508.65115,3.2618716,20.946081,1.0,19.487003,0.26380724,4.688811000000008,0.46888110000000083
New_York,0.75,Off-peak,Greedy,50,11.930094,11.930094,30.699783,100.0,54.93771,512.0927,2.8808076,22.830809,0.0,22.160913,0.32118714,4.688811000000008,0.46888110000000083
New_York,0.75,Off-peak,Greedy,51,15.712547,15.712547,40.26149,100.0,72.23577,508.8342,3.6135085,25.513506,0.0,25.068861,0.30642676,4.688811000000008,0.46888110000000083
New_York,0.75,Off-peak,Greedy,52,12.047351,12.047351,31.104206,100.0,55.347584,505.7626,2.9161103,23.11611,0.0,22.705692,0.34266356,4.688811000000008,0.46888110000000083
New_York,0.75,Off-peak,Greedy,53,13.695245,13.695245,35.06347,100.0,62.664764,513.6896,3.3874452,25.487446,0.0,24.560781,0.12301553,4.688811000000008,0.46888110000000083
New_York,0.75,Off-peak,Greedy,54,12.102555,17.102554,31.128578,95.0,55.29302,514.14465,3.7272208,26.621956,1.0,23.840229,0.39748132,4.688811000000008,0.46888110000000083
New_York,0.75,Off-peak,Greedy,55,14.691408,14.691408,37.51189,100.0,66.7362,508.52966,3.6211016,23.321102,0.0,22.65041,0.08238338,4.688811000000008,0.46888110000000083
New_York,0.75,Off-peak,Greedy,56,17.348967,17.348967,44.394684,100.0,79.27229,464.97775,4.0675225,25.967522,0.0,27.811668,0.31616926,4.688811000000008,0.46888110000000083
New_York,0.75,Off-peak,Greedy,57,15.874473,15.874473,40.708534,100.0,70.676216,500.1531,4.106089,26.006088,0.0,25.426025,0.24065721,4.688811000000008,0.46888110000000083
New_York,0.75,Off-peak,Greedy,58,13.808167,18.808167,35.27826,95.0,62.283222,508.01743,3.652124,23.757385,1.0,21.863583,0.32520965,4.688811000000008,0.46888110000000083
New_York,0.75,Off-peak,Greedy,59,15.156443,15.156443,38.990704,100.0,67.40068,514.742,3.8489265,25.798925,0.0,24.594875,0.21188527,4.688811000000008,0.46888110000000083
New_York,0.75,Off-peak,Greedy,60,17.082981,17.082981,44.190224,100.0,76.465546,515.6997,3.8253644,24.975363,0.0,24.213005,0.21957926,4.688811000000008,0.46888110000000083
New_York,0.75,Off-peak,Greedy,61,12.143634,12.143634,31.269846,100.0,55.862026,513.3893,3.0978553,23.797855,0.0,22.880398,0.20242134,4.688811000000008,0.46888110000000083
New_York,0.75,Off-peak,Greedy,62,14.0934515,14.0934515,36.481865,100.0,63.068844,500.88077,3.1694233,19.869423,0.0,19.818533,0.40869132,4.688811000000008,0.46888110000000083
New_York,0.75,Off-peak,Greedy,63,12.765276,12.765276,32.72212,100.0,58.92377,511.14923,3.8462698,24.096268,0.0,22.690231,0.29238236,4.688811000000008,0.46888110000000083
New_York,0.75,Off-peak,Greedy,64,15.225553,15.225553,39.31877,100.0,69.89902,507.5912,3.1721492,23.12215,0.0,23.094324,0.15322483,4.688811000000008,0.46888110000000083
New_York,0.75,Off-peak,Greedy,65,16.768326,16.768326,43.26234,100.0,75.62525,507.51956,3.7644634,23.414463,0.0,23.084097,0.29854265,4.688811000000008,0.46888110000000083
New_York,0.75,Off-peak,Greedy,66,14.826986,14.826986,38.122227,100.0,67.560905,503.82123,3.4607017,21.660702,0.0,21.414385,0.39113772,4.688811000000008,0.46888110000000083
New_York,0.75,Off-peak,Greedy,67,13.188782,13.188782,33.927044,100.0,59.837776,508.67694,3.2783349,23.528334,0.0,22.845432,0.37626857,4.688811000000008,0.46888110000000083
New_York,0.75,Off-peak,Greedy,68,13.369424,13.369424,34.454086,100.0,57.993988,509.67984,3.0881367,21.088137,0.0,20.502771,0.36662072,4.688811000000008,0.46888110000000083
New_York,0.75,Off-peak,Greedy,69,12.534339,12.534339,32.429672,100.0,57.610313,511.21332,3.021533,22.77153,0.0,22.13412,0.14529303,4.688811000000008,0.46888110000000083
New_York,0.75,Off-peak,Greedy,70,14.551391,19.551392,37.129837,95.0,66.522896,516.9664,3.6435943,23.538332,1.0,21.496704,0.26318094,4.688811000000008,0.46888110000000083
New_York,0.75,Off-peak,Greedy,71,14.649501,14.649501,37.686485,100.0,66.67191,503.38016,3.3482616,19.848263,0.0,19.700415,0.26481155,4.688811000000008,0.46888110000000083
New_York,0.75,Off-peak,Greedy,72,12.939091,12.939091,33.124508,100.0,59.24334,505.24207,3.2274146,24.477413,0.0,23.960958,0.29205027,4.688811000000008,0.46888110000000083
New_York,0.75,Off-peak,Greedy,73,12.115857,12.115857,31.18359,100.0,55.198814,512.39246,2.9998379,24.449839,0.0,23.624413,0.1951545,4.688811000000008,0.46888110000000083
New_York,0.75,Off-peak,Greedy,74,14.797451,14.797451,37.966972,100.0,68.10183,500.48978,3.256686,22.606686,0.0,22.732822,0.22171895,4.688811000000008,0.46888110000000083
New_York,0.75,Off-peak,Greedy,75,14.278586,14.278586,36.70592,100.0,64.43316,513.4318,3.3557336,24.155735,0.0,23.393232,0.26483297,4.688811000000008,0.46888110000000083
New_York,0.75,Off-peak,Greedy,76,15.721872,15.721872,40.581005,100.0,70.20118,520.44543,3.5866356,26.686638,0.0,25.564697,0.235938,4.688811000000008,0.46888110000000083
New_York,0.75,Off-peak,Greedy,77,13.9359255,13.9359255,35.92311,100.0,63.90911,511.98578,3.1232564,24.773258,0.0,24.263813,0.55361134,4.688811000000008,0.46888110000000083
New_York,0.75,Off-peak,Greedy,78,11.195016,11.195016,28.770882,100.0,50.994427,510.23312,3.2145643,22.114565,0.0,21.019527,0.38197666,4.688811000000008,0.46888110000000083
New_York,0.75,Off-peak,Greedy,79,13.597706,13.597706,34.94984,100.0,62.506454,514.61584,3.6113155,24.911316,0.0,23.731607,0.33992004,4.688811000000008,0.46888110000000083
New_York,0.75,Off-peak,Greedy,80,14.983473,14.983473,38.615276,100.0,67.4388,512.15393,3.5372522,24.087254,0.0,23.354246,0.6033309,4.688811000000008,0.46888110000000083
New_York,0.75,Off-peak,Greedy,81,13.036247,13.036247,33.644577,100.0,58.63232,507.9392,3.3480382,22.748037,0.0,21.982569,0.28889164,4.688811000000008,0.46888110000000083
New_York,0.75,Off-peak,Greedy,82,16.611286,16.611286,42.75155,100.0,75.25517,499.46164,3.5972505,23.497253,0.0,23.688263,0.3308597,4.688811000000008,0.46888110000000083
New_York,0.75,Off-peak,Greedy,83,13.2817545,13.2817545,33.98169,100.0,60.217724,512.11786,3.1893775,24.98938,0.0,24.223804,0.33623683,4.688811000000008,0.46888110000000083
New_York,0.75,Off-peak,Greedy,84,13.664064,13.664064,35.144005,100.0,61.625313,497.19882,4.426305,24.226301,0.0,23.010178,0.28666595,4.688811000000008,0.46888110000000083
New_York,0.75,Off-peak,Greedy,85,13.67555,13.67555,35.196075,100.0,62.88889,510.6599,3.6039813,23.153982,0.0,22.220701,0.31511918,4.688811000000008,0.46888110000000083
New_York,0.75,Off-peak,Greedy,86,14.114849,14.114849,36.316345,100.0,64.10115,507.41473,3.6082876,24.208288,0.0,23.457201,0.26429993,4.688811000000008,0.46888110000000083
New_York,0.75,Off-peak,Greedy,87,15.92695,15.92695,41.011505,100.0,70.51226,509.71527,3.833877,23.883877,0.0,23.126257,0.3056648,4.688811000000008,0.46888110000000083
New_York,0.75,Off-peak,Greedy,88,14.083619,14.083619,36.38793,100.0,64.52996,502.30682,3.2825983,24.732595,0.0,24.563175,0.35753638,4.688811000000008,0.46888110000000083
New_York,0.75,Off-peak,Greedy,89,14.579183,14.579183,37.52388,100.0,66.70778,512.58826,5.3296,27.979599,0.0,25.347233,0.08146754,4.688811000000008,0.46888110000000083
New_York,0.75,Off-peak,Greedy,90,14.308513,14.308513,36.745964,100.0,66.566765,510.44702,3.6515057,22.001507,0.0,21.234661,0.19577768,4.688811000000008,0.46888110000000083
New_York,0.75,Off-peak,Greedy,91,15.719571,15.719571,40.481937,100.0,72.410995,515.99274,3.7773666,24.427366,0.0,23.518305,0.3321335,4.688811000000008,0.46888110000000083
New_York,0.75,Off-peak,Greedy,92,14.9199,14.9199,38.31423,100.0,66.29307,499.55304,3.4877563,23.737755,0.0,23.585737,0.28044277,4.688811000000008,0.46888110000000083
New_York,0.75,Off-peak,Greedy,93,14.872813,14.872813,38.318924,100.0,65.79176,500.36237,3.5429206,24.942917,0.0,24.671707,0.072969206,4.688811000000008,0.46888110000000083
New_York,0.75,Off-peak,Greedy,94,13.358821,13.358821,34.394882,100.0,60.4563,503.20102,3.120932,22.870932,0.0,22.62795,0.34396496,4.688811000000008,0.46888110000000083
New_York,0.75,Off-peak,Greedy,95,15.220648,15.220648,39.158707,100.0,69.038216,504.502,3.662531,25.96253,0.0,25.522108,0.3850144,4.688811000000008,0.46888110000000083
New_York,0.75,Off-peak,Greedy,96,13.473441,13.473441,34.741573,100.0,59.231094,510.02203,3.0910006,23.591,0.0,23.000532,0.41269246,4.688811000000008,0.46888110000000083
New_York,0.75,Off-peak,Greedy,97,14.923533,19.923534,38.175713,95.0,69.05266,511.37427,3.2581863,24.310818,1.0,22.930986,0.37381873,4.688811000000008,0.46888110000000083
New_York,0.75,Off-peak,Greedy,98,13.803529,13.803529,35.5282,100.0,64.43133,509.14417,3.2581317,25.358133,0.0,24.866795,0.2787497,4.688811000000008,0.46888110000000083
New_York,0.75,Off-peak,Greedy,99,13.542847,13.542847,34.50971,100.0,62.467052,512.2044,3.5612326,24.111233,0.0,23.109282,0.51397496,4.688811000000008,0.46888110000000083
New_York,0.75,Peak-aware,DVNDA,0,11.764052,11.764052,30.2112,100.0,58.508514,482.67392,21.089525,41.439526,0.0,24.110924,0.58755964,3.5889629999999784,0.35889629999999784
New_York,0.75,Peak-aware,DVNDA,1,14.985415,14.985415,38.288883,100.0,75.346176,483.98352,26.569859,47.619854,0.0,25.63859,0.3276799,3.5889629999999784,0.35889629999999784
New_York,0.75,Peak-aware,DVNDA,2,15.97927,15.97927,41.048573,100.0,82.0859,498.57227,24.40269,44.40269,0.0,24.173325,0.32463893,3.5889629999999784,0.35889629999999784
New_York,0.75,Peak-aware,DVNDA,3,12.876705,12.876705,33.043686,100.0,63.82052,529.50525,30.445797,49.845802,0.0,21.332203,0.6127532,3.5889629999999784,0.35889629999999784
New_York,0.75,Peak-aware,DVNDA,4,11.531213,11.531213,29.560734,100.0,57.69031,539.8766,23.828833,44.52883,0.0,21.84251,0.36968964,3.5889629999999784,0.35889629999999784
New_York,0.75,Peak-aware,DVNDA,5,13.58206,13.58206,34.94652,100.0,64.191795,515.40857,15.750132,36.50013,0.0,23.243294,0.25669643,3.5889629999999784,0.35889629999999784
New_York,0.75,Peak-aware,DVNDA,6,13.454798,13.454798,34.36617,100.0,65.63342,504.22028,15.743605,33.29361,0.0,20.65731,0.37335917,3.5889629999999784,0.35889629999999784
New_York,0.75,Peak-aware,DVNDA,7,11.294429,11.294429,28.812231,100.0,56.98684,506.22528,29.19637,50.246372,0.0,23.605446,0.70679134,3.5889629999999784,0.35889629999999784
New_York,0.75,Peak-aware,DVNDA,8,13.568132,13.568132,34.974842,100.0,65.9921,533.1291,31.994675,52.594673,0.0,22.414469,0.6308992,3.5889629999999784,0.35889629999999784
New_York,0.75,Peak-aware,DVNDA,9,13.643729,13.643729,35.386234,100.0,66.71545,496.5588,21.910297,42.8603,0.0,24.454079,0.28853318,3.5889629999999784,0.35889629999999784
New_York,0.75,Peak-aware,DVNDA,10,12.981349,12.981349,33.344475,100.0,63.19919,513.4825,24.090267,43.69027,0.0,22.162354,0.4709114,3.5889629999999784,0.35889629999999784
New_York,0.75,Peak-aware,DVNDA,11,16.809956,16.809956,43.142445,100.0,81.56188,520.05634,21.634922,43.184917,0.0,24.639732,0.32958296,3.5889629999999784,0.35889629999999784
New_York,0.75,Peak-aware,DVNDA,12,14.193321,14.193321,36.533463,100.0,70.23423,516.30133,26.32935,47.729343,0.0,24.125164,0.4014881,3.5889629999999784,0.35889629999999784
New_York,0.75,Peak-aware,DVNDA,13,13.9068775,13.9068775,35.650238,100.0,69.55839,535.41565,20.439648,41.089645,0.0,22.53195,0.22316787,3.5889629999999784,0.35889629999999784
New_York,0.75,Peak-aware,DVNDA,14,12.58613,12.58613,32.26437,100.0,61.27148,530.2959,29.33581,50.335815,0.0,22.688818,0.5821401,3.5889629999999784,0.35889629999999784
New_York,0.75,Peak-aware,DVNDA,15,12.815939,12.815939,32.924244,100.0,66.5827,518.05176,22.611103,43.561104,0.0,23.433111,0.25569242,3.5889629999999784,0.35889629999999784
New_York,0.75,Peak-aware,DVNDA,16,11.051623,11.051623,28.187073,100.0,55.922886,521.2405,27.680643,48.780643,0.0,22.922379,0.6202848,3.5889629999999784,0.35889629999999784
New_York,0.75,Peak-aware,DVNDA,17,12.924705,12.924705,33.078518,100.0,61.537937,497.5406,27.56615,49.11615,0.0,24.748629,0.3077495,3.5889629999999784,0.35889629999999784
New_York,0.75,Peak-aware,DVNDA,18,12.953729,12.953729,33.322334,100.0,66.6724,507.3943,22.893822,41.743828,0.0,21.860338,0.6933461,3.5889629999999784,0.35889629999999784
New_York,0.75,Peak-aware,DVNDA,19,13.217526,13.217526,33.941853,100.0,63.356796,556.04614,24.497606,46.047607,0.0,22.226433,0.58440727,3.5889629999999784,0.35889629999999784
New_York,0.75,Peak-aware,DVNDA,20,13.818111,13.818111,35.333527,100.0,70.07435,511.80347,18.555887,40.305885,0.0,24.671303,0.257324,3.5889629999999784,0.35889629999999784
New_York,0.75,Peak-aware,DVNDA,21,15.983355,15.983355,40.854256,100.0,77.99829,527.9474,21.507097,40.807087,0.0,21.971804,0.23642294,3.5889629999999784,0.35889629999999784
New_York,0.75,Peak-aware,DVNDA,22,15.937196,15.937196,40.97351,100.0,81.113464,513.0189,22.902803,43.0028,0.0,23.542673,0.29510882,3.5889629999999784,0.35889629999999784
New_York,0.75,Peak-aware,DVNDA,23,12.598743,12.598743,32.418125,100.0,62.54393,505.77045,21.057995,39.507996,0.0,21.331015,0.5799475,3.5889629999999784,0.35889629999999784
New_York,0.75,Peak-aware,DVNDA,24,14.894783,14.894783,38.32691,100.0,71.92572,485.41083,30.4267,52.476692,0.0,26.417097,0.40144804,3.5889629999999784,0.35889629999999784
New_York,0.75,Peak-aware,DVNDA,25,12.912601,12.912601,32.999065,100.0,65.821045,556.33527,25.40799,46.857994,0.0,22.235743,0.33662632,3.5889629999999784,0.35889629999999784
New_York,0.75,Peak-aware,DVNDA,26,13.258357,13.258357,33.99259,100.0,62.38101,534.55945,21.966566,43.11657,0.0,22.700048,0.11429658,3.5889629999999784,0.35889629999999784
New_York,0.75,Peak-aware,DVNDA,27,13.62595,13.62595,35.07688,100.0,67.99202,515.6268,20.301146,37.701145,0.0,20.169249,0.280863,3.5889629999999784,0.35889629999999784
New_York,0.75,Peak-aware,DVNDA,28,13.24086,13.24086,34.23899,100.0,63.15266,515.01135,23.971643,44.22164,0.0,22.725357,0.42843357,3.5889629999999784,0.35889629999999784
New_York,0.75,Peak-aware,DVNDA,29,12.968177,12.968177,33.245853,100.0,67.00329,506.82867,25.546375,46.14637,0.0,23.627476,0.37397093,3.5889629999999784,0.35889629999999784
New_York,0.75,Peak-aware,DVNDA,30,13.177919,13.177919,34.09396,100.0,61.10146,533.1009,24.156971,46.10697,0.0,23.452477,0.6571383,3.5889629999999784,0.35889629999999784
New_York,0.75,Peak-aware,DVNDA,31,11.875677,11.875677,30.37027,100.0,59.222263,516.6727,21.048065,42.748062,0.0,23.865313,0.2850983,3.5889629999999784,0.35889629999999784
New_York,0.75,Peak-aware,DVNDA,32,12.306505,12.306505,31.537155,100.0,58.511665,540.21375,28.05064,48.85064,0.0,21.95944,0.19730571,3.5889629999999784,0.35889629999999784
New_York,0.75,Peak-aware,DVNDA,33,14.646112,14.646112,37.803173,100.0,75.38023,484.073,21.287527,40.637527,0.0,23.879675,0.45993122,3.5889629999999784,0.35889629999999784
New_York,0.75,Peak-aware,DVNDA,34,12.879645,12.879645,32.890972,100.0,62.62499,525.162,21.952831,42.352837,0.0,22.403803,0.36507884,3.5889629999999784,0.35889629999999784
New_York,0.75,Peak-aware,DVNDA,35,15.887225,15.887225,40.767883,100.0,77.22153,513.29767,20.501175,41.551178,0.0,24.265717,0.44514143,3.5889629999999784,0.35889629999999784
New_York,0.75,Peak-aware,DVNDA,36,12.287125,12.287125,31.47039,100.0,60.098732,507.05258,26.855886,47.10589,0.0,22.93149,0.44525826,3.5889629999999784,0.35889629999999784
New_York,0.75,Peak-aware,DVNDA,37,13.871988,13.871988,35.563522,100.0,68.305244,515.7179,19.341095,40.941093,0.0,24.252853,0.04916639,3.5889629999999784,0.35889629999999784
New_York,0.75,Peak-aware,DVNDA,38,13.52162,13.52162,34.88254,100.0,67.78725,524.60767,23.57609,42.476093,0.0,21.243841,0.6518487,3.5889629999999784,0.35889629999999784
New_York,0.75,Peak-aware,DVNDA,39,13.362519,13.362519,34.424847,100.0,64.42894,502.34735,21.223839,38.82384,0.0,20.724152,0.41720116,3.5889629999999784,0.35889629999999784
New_York,0.75,Peak-aware,DVNDA,40,15.520788,15.520788,39.586823,100.0,77.50774,516.9943,22.803648,41.70365,0.0,22.026733,0.3419469,3.5889629999999784,0.35889629999999784
New_York,0.75,Peak-aware,DVNDA,41,16.952406,16.952406,43.634003,100.0,80.93247,539.92896,19.980387,40.93039,0.0,23.14807,0.228156,3.5889629999999784,0.35889629999999784
New_York,0.75,Peak-aware,DVNDA,42,14.057128,14.057128,36.21762,100.0,68.82659,510.30487,19.72845,38.02845,0.0,21.302294,0.2520644,3.5889629999999784,0.35889629999999784
New_York,0.75,Peak-aware,DVNDA,43,15.378151,15.378151,39.67159,100.0,77.19383,516.27405,23.736797,41.886795,0.0,21.315899,0.6893834,3.5889629999999784,0.35889629999999784
New_York,0.75,Peak-aware,DVNDA,44,13.86418,13.86418,35.918217,100.0,68.50695,515.87634,24.487074,46.28707,0.0,24.449026,0.49086425,3.5889629999999784,0.35889629999999784
New_York,0.75,Peak-aware,DVNDA,45,13.0351715,13.0351715,33.293247,100.0,68.66762,510.6684,27.913198,46.513203,0.0,21.573076,0.4142816,3.5889629999999784,0.35889629999999784
New_York,0.75,Peak-aware,DVNDA,46,15.088663,15.088663,38.776424,100.0,73.37196,536.75696,19.359188,37.709187,0.0,20.510769,0.5976213,3.5889629999999784,0.35889629999999784
New_York,0.75,Peak-aware,DVNDA,47,12.343729,12.343729,31.610828,100.0,66.58923,541.04694,29.174625,49.874622,0.0,22.206444,0.6483997,3.5889629999999784,0.35889629999999784
New_York,0.75,Peak-aware,DVNDA,48,14.600306,14.600306,37.476074,100.0,72.81622,563.9324,22.178684,42.078682,0.0,20.872015,0.27037942,3.5889629999999784,0.35889629999999784
New_York,0.75,Peak-aware,DVNDA,49,15.704679,15.704679,40.38514,100.0,73.9091,520.203,17.207045,34.60704,0.0,20.276178,0.2832789,3.5889629999999784,0.35889629999999784
New_York,0.75,Peak-aware,DVNDA,50,15.183788,15.183788,39.083443,100.0,76.09075,512.0927,22.177662,42.127663,0.0,23.193592,0.24352525,3.5889629999999784,0.35889629999999784
New_York,0.75,Peak-aware,DVNDA,51,14.187182,14.187182,36.404007,100.0,71.5514,517.81134,26.942938,48.842934,0.0,24.60121,0.43025985,3.5889629999999784,0.35889629999999784
New_York,0.75,Peak-aware,DVNDA,52,12.993722,12.993722,33.3572,100.0,66.37464,507.6836,24.046953,44.246952,0.0,23.162786,0.5853218,3.5889629999999784,0.35889629999999784
New_York,0.75,Peak-aware,DVNDA,53,13.498751,13.498751,34.535583,100.0,65.440254,546.30383,19.73425,41.83425,0.0,23.22153,0.25007614,3.5889629999999784,0.35889629999999784
New_York,0.75,Peak-aware,DVNDA,54,11.846897,11.846897,30.455261,100.0,59.91896,568.6046,23.460526,46.26053,0.0,22.683552,0.24251881,3.5889629999999784,0.35889629999999784
New_York,0.75,Peak-aware,DVNDA,55,13.900598,13.900598,35.545033,100.0,66.68168,529.9881,18.040358,37.740364,0.0,21.730759,0.17069665,3.5889629999999784,0.35889629999999784
New_York,0.75,Peak-aware,DVNDA,56,11.027825,11.027825,28.277105,100.0,54.38695,501.07062,33.305237,55.205242,0.0,24.566744,0.62970656,3.5889629999999784,0.35889629999999784
New_York,0.75,Peak-aware,DVNDA,57,12.234621,12.234621,31.442331,100.0,59.092674,501.7014,21.01564,42.91564,0.0,24.77035,0.5427736,3.5889629999999784,0.35889629999999784
New_York,0.75,Peak-aware,DVNDA,58,15.144282,15.144282,38.70586,100.0,73.51767,512.96796,24.099434,44.599434,0.0,23.564709,0.30781177,3.5889629999999784,0.35889629999999784
New_York,0.75,Peak-aware,DVNDA,59,15.336949,15.336949,39.39346,100.0,74.044586,512.64575,22.250757,44.200756,0.0,25.019455,0.1538292,3.5889629999999784,0.35889629999999784
New_York,0.75,Peak-aware,DVNDA,60,17.15679,17.15679,44.340424,100.0,85.69918,518.01,25.346561,46.49656,0.0,24.550644,0.35097006,3.5889629999999784,0.35889629999999784
New_York,0.75,Peak-aware,DVNDA,61,13.263106,13.263106,33.957985,100.0,64.28911,533.9065,16.319077,37.019073,0.0,22.395731,0.4463543,3.5889629999999784,0.35889629999999784
New_York,0.75,Peak-aware,DVNDA,62,11.958104,11.958104,30.751865,100.0,59.458168,501.63986,19.457052,36.157047,0.0,19.608597,0.3415181,3.5889629999999784,0.35889629999999784
New_York,0.75,Peak-aware,DVNDA,63,13.337631,13.337631,34.21534,100.0,64.67623,512.2813,18.77784,39.02784,0.0,22.920818,0.15691157,3.5889629999999784,0.35889629999999784
New_York,0.75,Peak-aware,DVNDA,64,14.602047,14.602047,37.692528,100.0,72.41444,521.4578,27.526882,47.476887,0.0,22.600798,0.6690437,3.5889629999999784,0.35889629999999784
New_York,0.75,Peak-aware,DVNDA,65,15.515669,15.515669,39.91779,100.0,76.52932,507.51956,15.337683,34.98768,0.0,23.128633,0.2947674,3.5889629999999784,0.35889629999999784
New_York,0.75,Peak-aware,DVNDA,66,14.118527,14.118527,36.303963,100.0,69.174484,504.0324,22.984043,41.18404,0.0,21.485445,0.5798689,3.5889629999999784,0.35889629999999784
New_York,0.75,Peak-aware,DVNDA,67,12.131427,12.131427,31.258768,100.0,60.658787,522.3464,21.176737,41.42673,0.0,22.286875,0.681283,3.5889629999999784,0.35889629999999784
New_York,0.75,Peak-aware,DVNDA,68,14.767974,14.767974,37.89732,100.0,72.06372,510.0606,12.112024,30.112024,0.0,21.177078,0.27303964,3.5889629999999784,0.35889629999999784
New_York,0.75,Peak-aware,DVNDA,69,11.185272,11.185272,28.821598,100.0,55.284847,548.26666,26.771875,46.521873,0.0,20.532206,0.57884777,3.5889629999999784,0.35889629999999784
New_York,0.75,Peak-aware,DVNDA,70,14.8770895,14.8770895,38.163067,100.0,72.63178,578.616,19.205784,39.405785,0.0,20.593613,0.16735914,3.5889629999999784,0.35889629999999784
New_York,0.75,Peak-aware,DVNDA,71,15.720637,15.720637,40.467354,100.0,77.24556,503.58627,22.27171,38.77171,0.0,20.217266,0.35187188,3.5889629999999784,0.35889629999999784
New_York,0.75,Peak-aware,DVNDA,72,13.222277,13.222277,33.940865,100.0,68.75045,507.04218,25.374645,46.624653,0.0,24.344645,0.36601004,3.5889629999999784,0.35889629999999784
New_York,0.75,Peak-aware,DVNDA,73,11.203666,11.203666,28.937954,100.0,56.478394,511.69446,34.762024,56.21203,0.0,23.719158,0.44192708,3.5889629999999784,0.35889629999999784
New_York,0.75,Peak-aware,DVNDA,74,13.458039,13.458039,34.44602,100.0,68.3689,500.48984,20.519829,39.869835,0.0,22.746164,0.22989252,3.5889629999999784,0.35889629999999784
New_York,0.75,Peak-aware,DVNDA,75,14.160065,14.160065,36.443703,100.0,72.30348,510.38,28.682623,49.482628,0.0,23.918625,0.40706882,3.5889629999999784,0.35889629999999784
New_York,0.75,Peak-aware,DVNDA,76,14.774852,14.774852,38.01161,100.0,72.60706,536.07416,30.340473,53.440468,0.0,24.931578,0.28666273,3.5889629999999784,0.35889629999999784
New_York,0.75,Peak-aware,DVNDA,77,14.979001,14.979001,38.65981,100.0,76.11803,512.2995,29.199543,50.849545,0.0,24.844744,0.4946115,3.5889629999999784,0.35889629999999784
New_York,0.75,Peak-aware,DVNDA,78,11.241134,11.241134,28.876339,100.0,55.98232,526.8322,38.623642,57.52364,0.0,20.593952,0.5905277,3.5889629999999784,0.35889629999999784
New_York,0.75,Peak-aware,DVNDA,79,13.104236,13.104236,33.670265,100.0,64.029785,517.1841,19.433258,40.733257,0.0,23.687395,0.3584126,3.5889629999999784,0.35889629999999784
New_York,0.75,Peak-aware,DVNDA,80,12.660442,12.660442,32.65456,100.0,63.135036,551.9691,30.252829,50.80283,0.0,21.474707,0.68298423,3.5889629999999784,0.35889629999999784
New_York,0.75,Peak-aware,DVNDA,81,14.004049,14.004049,36.124653,100.0,72.085335,508.30835,24.722506,44.122505,0.0,22.628258,0.54720503,3.5889629999999784,0.35889629999999784
New_York,0.75,Peak-aware,DVNDA,82,15.12252,15.12252,38.99139,100.0,75.980705,498.32227,23.172184,43.07218,0.0,23.778824,0.49395463,3.5889629999999784,0.35889629999999784
New_York,0.75,Peak-aware,DVNDA,83,13.011904,13.011904,33.350243,100.0,64.700745,513.55396,25.343933,47.14393,0.0,24.374302,0.6380909,3.5889629999999784,0.35889629999999784
New_York,0.75,Peak-aware,DVNDA,84,13.421221,13.421221,34.45126,100.0,65.316666,531.2586,25.468906,45.268906,0.0,21.708666,0.66046304,3.5889629999999784,0.35889629999999784
New_York,0.75,Peak-aware,DVNDA,85,11.256897,11.256897,29.188702,100.0,55.17841,514.49774,20.68725,40.237244,0.0,21.68029,0.49397212,3.5889629999999784,0.35889629999999784
New_York,0.75,Peak-aware,DVNDA,86,12.89581,12.89581,33.185333,100.0,63.5074,507.14807,22.254068,42.85407,0.0,23.440268,0.41377574,3.5889629999999784,0.35889629999999784
New_York,0.75,Peak-aware,DVNDA,87,15.026108,15.026108,38.783276,100.0,75.83004,508.83664,34.94768,54.99768,0.0,23.427458,0.61719006,3.5889629999999784,0.35889629999999784
New_York,0.75,Peak-aware,DVNDA,88,14.91254,14.91254,38.64258,100.0,75.619514,519.35297,31.399918,52.849922,0.0,24.290775,0.7245877,3.5889629999999784,0.35889629999999784
New_York,0.75,Peak-aware,DVNDA,89,12.897461,12.897461,33.10048,100.0,64.83565,528.6066,27.306965,49.956955,0.0,24.490591,0.12126452,3.5889629999999784,0.35889629999999784
New_York,0.75,Peak-aware,DVNDA,90,11.996226,11.996226,30.839243,100.0,60.79392,524.3415,21.802773,40.15277,0.0,20.396723,0.380864,3.5889629999999784,0.35889629999999784
New_York,0.75,Peak-aware,DVNDA,91,12.478611,12.478611,32.070618,100.0,64.28244,526.5559,26.027836,46.677834,0.0,22.66058,0.59346473,3.5889629999999784,0.35889629999999784
New_York,0.75,Peak-aware,DVNDA,92,13.023804,13.023804,33.46816,100.0,65.69766,497.3164,28.558218,48.808212,0.0,23.661879,0.65983105,3.5889629999999784,0.35889629999999784
New_York,0.75,Peak-aware,DVNDA,93,14.132176,14.132176,36.282307,100.0,67.08618,500.36237,15.841646,37.241642,0.0,24.736376,0.2985741,3.5889629999999784,0.35889629999999784
New_York,0.75,Peak-aware,DVNDA,94,13.571642,13.571642,35.07097,100.0,65.00854,503.20102,17.86864,37.61864,0.0,22.854115,0.22294037,3.5889629999999784,0.35889629999999784
New_York,0.75,Peak-aware,DVNDA,95,14.763463,14.763463,37.95452,100.0,75.09061,507.40283,32.29957,54.59956,0.0,25.6744,0.64630663,3.5889629999999784,0.35889629999999784
New_York,0.75,Peak-aware,DVNDA,96,13.001027,13.001027,33.80933,100.0,64.66601,508.35904,23.161379,43.661377,0.0,23.343048,0.59006727,3.5889629999999784,0.35889629999999784
New_York,0.75,Peak-aware,DVNDA,97,14.342181,14.342181,36.735935,100.0,71.26417,557.42096,34.455006,55.805004,0.0,22.346855,0.64665157,3.5889629999999784,0.35889629999999784
New_York,0.75,Peak-aware,DVNDA,98,13.821195,13.821195,35.703606,100.0,67.055145,507.0426,21.433903,43.533897,0.0,25.09923,0.43126273,3.5889629999999784,0.35889629999999784
New_York,0.75,Peak-aware,DVNDA,99,12.822065,12.822065,32.765465,100.0,61.673283,512.8356,29.102335,49.652336,0.0,23.04215,0.6853586,3.5889629999999784,0.35889629999999784
New_York,0.75,Peak-aware,Greedy,0,13.429923,13.429923,34.36144,100.0,66.53056,466.72778,3.6704772,24.020477,0.0,25.36439,0.34041148,4.620257999999993,0.46202579999999926
New_York,0.75,Peak-aware,Greedy,1,14.046606,14.046606,35.98379,100.0,70.96657,466.77832,4.125302,25.175303,0.0,26.349047,0.28197533,4.620257999999993,0.46202579999999926
New_York,0.75,Peak-aware,Greedy,2,14.697006,14.697006,37.883663,100.0,74.98682,499.64877,3.779063,23.779064,0.0,23.766035,0.41893995,4.620257999999993,0.46202579999999926
New_York,0.75,Peak-aware,Greedy,3,14.408917,14.408917,37.082928,100.0,69.366905,512.0715,3.5598986,22.959898,0.0,22.32925,0.37953204,4.620257999999993,0.46202579999999926
New_York,0.75,Peak-aware,Greedy,4,10.841415,10.841415,27.739351,100.0,52.44764,510.88092,3.2307625,23.930765,0.0,22.825653,0.24529332,4.620257999999993,0.46202579999999926
New_York,0.75,Peak-aware,Greedy,5,12.5781145,12.5781145,32.206333,100.0,60.303493,515.40857,3.5723505,24.322348,0.0,23.054695,0.13338767,4.620257999999993,0.46202579999999926
New_York,0.75,Peak-aware,Greedy,6,15.0119915,15.0119915,38.534107,100.0,73.51086,503.46594,3.9198751,21.469875,0.0,21.079424,0.34529233,4.620257999999993,0.46202579999999926
New_York,0.75,Peak-aware,Greedy,7,13.8704195,13.8704195,35.394596,100.0,68.025475,495.6935,3.9988763,25.048876,0.0,24.663702,0.42880413,4.620257999999993,0.46202579999999926
New_York,0.75,Peak-aware,Greedy,8,14.874792,14.874792,38.234463,100.0,72.400246,511.39645,3.4790683,24.079071,0.0,23.68027,0.26408586,4.620257999999993,0.46202579999999926
New_York,0.75,Peak-aware,Greedy,9,14.500189,19.500189,37.539555,95.0,71.44808,495.52786,4.6541057,26.12779,1.0,24.188757,0.34683645,4.620257999999993,0.46202579999999926
New_York,0.75,Peak-aware,Greedy,10,13.43565,13.43565,34.415188,100.0,65.94348,515.9774,3.5226822,23.122683,0.0,22.188156,0.26654968,4.620257999999993,0.46202579999999926
New_York,0.75,Peak-aware,Greedy,11,15.275416,20.275417,39.19548,95.0,75.314606,503.73505,4.670346,26.407188,1.0,24.234694,0.23662412,4.620257999999993,0.46202579999999926
New_York,0.75,Peak-aware,Greedy,12,14.554676,14.554676,37.431946,100.0,72.68661,515.11523,4.0876975,25.487698,0.0,24.299736,0.3846387,4.620257999999993,0.46202579999999926
New_York,0.75,Peak-aware,Greedy,13,14.4188175,14.4188175,37.19314,100.0,69.60488,512.2053,3.6098342,24.259834,0.0,23.555246,0.099148296,4.620257999999993,0.46202579999999926
New_York,0.75,Peak-aware,Greedy,14,16.147188,16.147188,41.52134,100.0,77.01612,509.94717,3.9163828,24.916382,0.0,24.366058,0.41347232,4.620257999999993,0.46202579999999926
New_York,0.75,Peak-aware,Greedy,15,11.067612,16.067612,28.425943,95.0,58.20874,499.5259,3.7886443,25.157066,1.0,23.232466,0.34473416,4.620257999999993,0.46202579999999926
New_York,0.75,Peak-aware,Greedy,16,11.5098715,11.5098715,29.562195,100.0,56.25428,509.15332,3.7982318,24.89823,0.0,23.482824,0.50339043,4.620257999999993,0.46202579999999926
New_York,0.75,Peak-aware,Greedy,17,14.224234,14.224234,36.561638,100.0,68.05771,496.94412,4.0511336,25.601135,0.0,25.106327,0.2783469,4.620257999999993,0.46202579999999926
New_York,0.75,Peak-aware,Greedy,18,13.682037,13.682037,35.219994,100.0,68.98136,509.8917,3.740497,22.590498,0.0,21.866476,0.49127185,4.620257999999993,0.46202579999999926
New_York,0.75,Peak-aware,Greedy,19,13.247202,13.247202,34.158928,100.0,64.29175,510.12268,3.2131162,24.763115,0.0,24.273169,0.37437704,4.620257999999993,0.46202579999999926
New_York,0.75,Peak-aware,Greedy,20,14.06901,14.06901,35.991985,100.0,70.81319,513.9707,3.7784193,25.528418,0.0,24.60321,0.25184995,4.620257999999993,0.46202579999999926
New_York,0.75,Peak-aware,Greedy,21,17.392406,17.392406,44.37611,100.0,84.793396,515.6538,4.115681,23.415684,0.0,22.82507,0.06493436,4.620257999999993,0.46202579999999926
New_York,0.75,Peak-aware,Greedy,22,13.39297,13.39297,34.494675,100.0,70.33034,508.57196,3.468685,23.568686,0.0,23.218462,0.24300523,4.620257999999993,0.46202579999999926
New_York,0.75,Peak-aware,Greedy,23,12.834699,12.834699,32.90477,100.0,65.75988,504.00317,3.8230307,22.273031,0.0,21.565334,0.34414563,4.620257999999993,0.46202579999999926
New_York,0.75,Peak-aware,Greedy,24,16.44558,16.44558,42.439995,100.0,80.60333,459.5261,5.4545627,27.504564,0.0,28.377243,0.28640378,4.620257999999993,0.46202579999999926
New_York,0.75,Peak-aware,Greedy,25,13.358156,18.358156,34.2464,95.0,66.87434,509.27692,3.8855968,25.306648,1.0,23.262117,0.27395996,4.620257999999993,0.46202579999999926
New_York,0.75,Peak-aware,Greedy,26,13.407759,13.407759,34.307102,100.0,64.54912,510.27563,3.4156659,24.565668,0.0,23.886557,0.12390713,4.620257999999993,0.46202579999999926
New_York,0.75,Peak-aware,Greedy,27,14.551793,14.551793,37.25999,100.0,71.854645,514.2699,4.1011744,21.501175,0.0,20.410227,0.11295263,4.620257999999993,0.46202579999999926
New_York,0.75,Peak-aware,Greedy,28,12.306193,12.306193,31.670992,100.0,58.016148,513.0371,3.2035346,23.453535,0.0,22.56251,0.41104704,4.620257999999993,0.46202579999999926
New_York,0.75,Peak-aware,Greedy,29,13.214732,13.214732,33.876965,100.0,66.7931,506.33173,4.271023,24.871025,0.0,23.64029,0.36293387,4.620257999999993,0.46202579999999926
New_York,0.75,Peak-aware,Greedy,30,17.195219,17.195219,44.536476,100.0,83.41598,512.20166,4.3634396,26.313438,0.0,25.498547,0.31896177,4.620257999999993,0.46202579999999926
New_York,0.75,Peak-aware,Greedy,31,14.032256,14.032256,36.04295,100.0,69.4581,504.32614,3.8524675,25.552465,0.0,24.95697,0.4280032,4.620257999999993,0.46202579999999926
New_York,0.75,Peak-aware,Greedy,32,13.539309,13.539309,34.728836,100.0,64.85948,515.45624,3.1857772,23.985777,0.0,23.32203,0.2831458,4.620257999999993,0.46202579999999926
New_York,0.75,Peak-aware,Greedy,33,15.869768,15.869768,40.96418,100.0,78.811386,468.5769,4.438085,23.788086,0.0,24.852451,0.14197421,4.620257999999993,0.46202579999999926
New_York,0.75,Peak-aware,Greedy,34,14.210603,14.210603,36.22345,100.0,67.028404,507.1848,3.4802694,23.880272,0.0,23.414955,0.2183997,4.620257999999993,0.46202579999999926
New_York,0.75,Peak-aware,Greedy,35,14.414812,14.414812,36.933693,100.0,70.77752,509.23044,3.7181225,24.768122,0.0,24.143171,0.28387237,4.620257999999993,0.46202579999999926
New_York,0.75,Peak-aware,Greedy,36,15.999302,15.999302,41.105206,100.0,78.500305,497.21988,4.1503687,24.400368,0.0,24.310186,0.18980324,4.620257999999993,0.46202579999999926
New_York,0.75,Peak-aware,Greedy,37,15.2411585,15.2411585,39.178707,100.0,75.06053,517.60297,5.230854,26.830854,0.0,24.490807,0.1494215,4.620257999999993,0.46202579999999926
New_York,0.75,Peak-aware,Greedy,38,13.755823,13.755823,35.386684,100.0,67.71427,505.9478,3.763831,22.663834,0.0,22.023727,0.53915375,4.620257999999993,0.46202579999999926
New_York,0.75,Peak-aware,Greedy,39,14.170285,14.170285,36.532635,100.0,71.64996,502.27707,3.8941557,21.494156,0.0,21.086468,0.15205736,4.620257999999993,0.46202579999999926
New_York,0.75,Peak-aware,Greedy,40,14.456933,14.456933,36.918377,100.0,71.4152,516.99426,3.7012575,22.601257,0.0,21.732117,0.33000314,4.620257999999993,0.46202579999999926
New_York,0.75,Peak-aware,Greedy,41,17.013483,17.013483,43.55359,100.0,82.81249,519.4808,4.0644956,25.014496,0.0,24.149714,0.2942021,4.620257999999993,0.46202579999999926
New_York,0.75,Peak-aware,Greedy,42,15.734325,15.734325,40.426,100.0,77.73518,498.02863,3.9403908,22.24039,0.0,22.274582,0.3198049,4.620257999999993,0.46202579999999926
New_York,0.75,Peak-aware,Greedy,43,15.235365,15.235365,39.054985,100.0,74.13536,502.0475,3.7363765,21.88638,0.0,21.76763,0.46145383,4.620257999999993,0.46202579999999926
New_York,0.75,Peak-aware,Greedy,44,13.297479,13.297479,34.20564,100.0,64.46416,515.87634,3.6539762,25.453978,0.0,24.25311,0.27305937,4.620257999999993,0.46202579999999926
New_York,0.75,Peak-aware,Greedy,45,13.038794,13.038794,33.41493,100.0,70.29676,509.96143,3.7387712,22.33877,0.0,21.682854,0.25255615,4.620257999999993,0.46202579999999926
New_York,0.75,Peak-aware,Greedy,46,13.520441,13.520441,34.52426,100.0,63.69719,516.0597,3.2647486,21.614748,0.0,20.864698,0.39380145,4.620257999999993,0.46202579999999926
New_York,0.75,Peak-aware,Greedy,47,12.636639,17.636639,32.361828,95.0,66.26412,513.58887,3.9235435,24.344595,1.0,22.112244,0.45679262,4.620257999999993,0.46202579999999926
New_York,0.75,Peak-aware,Greedy,48,14.142814,24.142815,36.376408,90.0,68.505936,513.51495,4.050017,23.883348,2.0,20.715363,0.21189971,4.620257999999993,0.46202579999999926
New_York,0.75,Peak-aware,Greedy,49,13.650971,18.65097,34.99819,95.0,63.44082,508.65115,3.36207,21.046282,1.0,19.632357,0.26384452,4.620257999999993,0.46202579999999926
New_York,0.75,Peak-aware,Greedy,50,11.932574,11.932574,30.71373,100.0,58.74172,512.0927,3.0710084,23.021008,0.0,22.346622,0.32130772,4.620257999999993,0.46202579999999926
New_York,0.75,Peak-aware,Greedy,51,15.798809,15.798809,40.473442,100.0,77.46296,508.8342,3.874868,25.774866,0.0,25.325684,0.31326228,4.620257999999993,0.46202579999999926
New_York,0.75,Peak-aware,Greedy,52,12.027681,12.027681,31.05265,100.0,60.69059,505.7626,3.1523018,23.352303,0.0,22.969797,0.34256476,4.620257999999993,0.46202579999999926
New_York,0.75,Peak-aware,Greedy,53,13.705514,13.705514,35.095177,100.0,68.196495,513.6896,3.6406236,25.740623,0.0,24.83,0.12333511,4.620257999999993,0.46202579999999926
New_York,0.75,Peak-aware,Greedy,54,12.123195,17.123196,31.161945,95.0,60.72828,514.14465,3.9656456,26.860384,1.0,24.104515,0.39739951,4.620257999999993,0.46202579999999926
New_York,0.75,Peak-aware,Greedy,55,14.703813,14.703813,37.53768,100.0,70.88133,508.52966,3.7865777,23.486578,0.0,22.85419,0.08327277,4.620257999999993,0.46202579999999926
New_York,0.75,Peak-aware,Greedy,56,17.38533,17.38533,44.484474,100.0,82.766464,464.97775,4.18288,26.082878,0.0,27.999538,0.3181761,4.620257999999993,0.46202579999999926
New_York,0.75,Peak-aware,Greedy,57,15.834538,15.834538,40.525578,100.0,78.61624,500.1531,4.4169197,26.31692,0.0,25.822906,0.24051522,4.620257999999993,0.46202579999999926
New_York,0.75,Peak-aware,Greedy,58,13.846657,18.846657,35.36428,95.0,66.75929,508.01743,3.8216405,23.926903,1.0,22.083853,0.32594004,4.620257999999993,0.46202579999999926
New_York,0.75,Peak-aware,Greedy,59,15.160461,15.160461,39.00272,100.0,73.264946,514.742,4.1326265,26.082626,0.0,24.879694,0.21182755,4.620257999999993,0.46202579999999926
New_York,0.75,Peak-aware,Greedy,60,16.953886,16.953886,43.86319,100.0,86.06682,515.6997,4.1953673,25.345367,0.0,24.678452,0.2230227,4.620257999999993,0.46202579999999926
New_York,0.75,Peak-aware,Greedy,61,12.143634,12.143634,31.269846,100.0,58.606308,513.3893,3.235069,23.93507,0.0,23.014034,0.20242134,4.620257999999993,0.46202579999999926
New_York,0.75,Peak-aware,Greedy,62,14.095657,14.095657,36.488426,100.0,68.70437,500.88077,3.4511995,20.1512,0.0,20.099812,0.4087919,4.620257999999993,0.46202579999999926
New_York,0.75,Peak-aware,Greedy,63,12.7723675,12.7723675,32.736256,100.0,64.26213,511.14923,4.061391,24.31139,0.0,22.951328,0.29234704,4.620257999999993,0.46202579999999926
New_York,0.75,Peak-aware,Greedy,64,15.212749,15.212749,39.285686,100.0,77.04699,507.5912,3.3982296,23.348228,0.0,23.44638,0.15363611,4.620257999999993,0.46202579999999926
New_York,0.75,Peak-aware,Greedy,65,16.76803,16.76803,43.280968,100.0,83.54905,507.51956,4.058012,23.708012,0.0,23.474419,0.29928118,4.620257999999993,0.46202579999999926
New_York,0.75,Peak-aware,Greedy,66,14.760252,14.760252,37.950478,100.0,73.08721,503.82123,3.683918,21.883919,0.0,21.688604,0.38680932,4.620257999999993,0.46202579999999926
New_York,0.75,Peak-aware,Greedy,67,13.172724,13.172724,33.886814,100.0,65.37058,508.67694,3.5549755,23.804977,0.0,23.117353,0.37762207,4.620257999999993,0.46202579999999926
New_York,0.75,Peak-aware,Greedy,68,13.351658,13.351658,34.406826,100.0,64.88381,509.67984,3.3944218,21.39442,0.0,20.840721,0.36642197,4.620257999999993,0.46202579999999926
New_York,0.75,Peak-aware,Greedy,69,12.529703,12.529703,32.419003,100.0,62.27785,511.21332,3.25491,23.00491,0.0,22.362381,0.14580716,4.620257999999993,0.46202579999999926
New_York,0.75,Peak-aware,Greedy,70,14.601785,19.601784,37.282417,95.0,72.47098,516.9664,3.9472022,23.84194,1.0,21.784348,0.2650329,4.620257999999993,0.46202579999999926
New_York,0.75,Peak-aware,Greedy,71,14.649501,14.649501,37.686485,100.0,68.23792,503.38016,3.426562,19.926563,0.0,19.778189,0.26481155,4.620257999999993,0.46202579999999926
New_York,0.75,Peak-aware,Greedy,72,12.956694,12.956694,33.156223,100.0,64.20704,505.24207,3.4179528,24.667953,0.0,24.206568,0.28971443,4.620257999999993,0.46202579999999926
New_York,0.75,Peak-aware,Greedy,73,12.157767,12.157767,31.327486,100.0,60.82221,512.39246,3.1815627,24.63156,0.0,23.898783,0.20206712,4.620257999999993,0.46202579999999926
New_York,0.75,Peak-aware,Greedy,74,14.784742,14.784742,37.93943,100.0,75.92307,500.48978,3.5582452,22.908245,0.0,23.123503,0.2224396,4.620257999999993,0.46202579999999926
New_York,0.75,Peak-aware,Greedy,75,14.330297,14.330297,36.836475,100.0,71.78131,513.4318,3.6575377,24.457537,0.0,23.751026,0.2626049,4.620257999999993,0.46202579999999926
New_York,0.75,Peak-aware,Greedy,76,15.727159,15.727159,40.596275,100.0,76.3431,520.44543,3.8937316,26.993732,0.0,25.859728,0.23557378,4.620257999999993,0.46202579999999926
New_York,0.75,Peak-aware,Greedy,77,13.916256,13.916256,35.871555,100.0,66.63526,511.98578,3.259564,24.909563,0.0,24.39693,0.55487394,4.620257999999993,0.46202579999999926
New_York,0.75,Peak-aware,Greedy,78,11.203179,11.203179,28.791607,100.0,57.863922,510.23312,3.5486963,22.448694,0.0,21.356117,0.38201872,4.620257999999993,0.46202579999999926
New_York,0.75,Peak-aware,Greedy,79,14.817703,14.817703,38.020874,100.0,72.68712,517.1143,4.0656037,25.365604,0.0,24.109133,0.3213922,4.620257999999993,0.46202579999999926
New_York,0.75,Peak-aware,Greedy,80,14.987701,14.987701,38.624798,100.0,74.15083,512.15393,3.8134131,24.363413,0.0,23.681885,0.6035633,4.620257999999993,0.46202579999999926
New_York,0.75,Peak-aware,Greedy,81,13.055099,13.055099,33.736004,100.0,64.97642,507.9392,3.617351,23.01735,0.0,22.294815,0.28901005,4.620257999999993,0.46202579999999926
New_York,0.75,Peak-aware,Greedy,82,16.611286,16.611286,42.75155,100.0,81.54443,499.46164,3.8364592,23.73646,0.0,24.003065,0.3308597,4.620257999999993,0.46202579999999926
New_York,0.75,Peak-aware,Greedy,83,13.306721,13.306721,34.04852,100.0,64.77706,512.11786,3.4056664,25.205666,0.0,24.446377,0.33841664,4.620257999999993,0.46202579999999926
New_York,0.75,Peak-aware,Greedy,84,13.679829,13.679829,35.18873,100.0,66.671585,497.19882,4.618144,24.418144,0.0,23.263912,0.28719184,4.620257999999993,0.46202579999999926
New_York,0.75,Peak-aware,Greedy,85,13.695927,13.695927,35.268864,100.0,66.094604,510.6599,3.731359,23.28136,0.0,22.377644,0.3157603,4.620257999999993,0.46202579999999926
New_York,0.75,Peak-aware,Greedy,86,14.197177,14.197177,36.526352,100.0,69.63787,507.41473,3.8851235,24.485126,0.0,23.729992,0.26821363,4.620257999999993,0.46202579999999926
New_York,0.75,Peak-aware,Greedy,87,15.933643,15.933643,41.03088,100.0,76.66049,509.71527,4.081942,24.131943,0.0,23.42781,0.30570757,4.620257999999993,0.46202579999999926
New_York,0.75,Peak-aware,Greedy,88,14.100061,14.100061,36.438366,100.0,72.41949,502.30682,3.5665855,25.016584,0.0,24.955835,0.35862494,4.620257999999993,0.46202579999999926
New_York,0.75,Peak-aware,Greedy,89,14.600343,14.600343,37.576878,100.0,72.00808,512.58826,5.575474,28.225473,0.0,25.60574,0.079698,4.620257999999993,0.46202579999999926
New_York,0.75,Peak-aware,Greedy,90,14.323864,14.323864,36.784756,100.0,72.79432,510.44702,3.8838794,22.233883,0.0,21.539667,0.19496733,4.620257999999993,0.46202579999999926
New_York,0.75,Peak-aware,Greedy,91,15.719912,15.719912,40.4832,100.0,76.84894,515.99274,3.9992635,24.649263,0.0,23.733326,0.33216077,4.620257999999993,0.46202579999999926
New_York,0.75,Peak-aware,Greedy,92,14.9199,14.9199,38.31423,100.0,74.72921,499.55304,3.7362318,23.98623,0.0,24.007923,0.28044277,4.620257999999993,0.46202579999999926
New_York,0.75,Peak-aware,Greedy,93,15.5217705,15.5217705,39.983917,100.0,78.14707,503.55176,3.8468757,25.246874,0.0,25.128847,0.123373054,4.620257999999993,0.46202579999999926
New_York,0.75,Peak-aware,Greedy,94,13.329946,13.329946,34.333427,100.0,65.40493,503.20102,3.2760084,23.02601,0.0,22.873808,0.3468295,4.620257999999993,0.46202579999999926
New_York,0.75,Peak-aware,Greedy,95,15.208999,15.208999,39.123936,100.0,75.37733,504.502,3.9233441,26.223345,0.0,25.836235,0.38441408,4.620257999999993,0.46202579999999926
New_York,0.75,Peak-aware,Greedy,96,13.485161,13.485161,34.776814,100.0,65.295235,510.02203,3.3331895,23.83319,0.0,23.29778,0.41171333,4.620257999999993,0.46202579999999926
New_York,0.75,Peak-aware,Greedy,97,14.927529,19.927528,38.185104,95.0,72.68648,511.37427,3.4494402,24.502071,1.0,23.108637,0.37405375,4.620257999999993,0.46202579999999926
New_York,0.75,Peak-aware,Greedy,98,13.803529,13.803529,35.5282,100.0,67.09487,509.14417,3.371976,25.471977,0.0,24.997581,0.2787497,4.620257999999993,0.46202579999999926
New_York,0.75,Peak-aware,Greedy,99,13.218108,13.218108,33.636856,100.0,62.89837,512.2044,3.5827982,24.132797,0.0,23.130335,0.4836737,4.620257999999993,0.46202579999999926
